id,scenario_id,version_number,total_amount,status,approved_by,approved_at,frozen_at,created_at,created_by,updated_at,updated_by,edition_id
e27e1c7e-45ed-44f7-8c55-6d8868635b36,7ce62975-3c97-487c-9af5-f71fcf021c03,2,0.00,draft,,,,2026-07-25T07:59:37.497Z,a0000000-0000-0000-0000-000000000001,2026-07-25T07:59:37.497Z,,
22dfae31-2f1f-47a7-88e4-c526783cb6b4,69249f77-6aed-464d-8592-d961086a1535,1,5000000.00,under_review,,,,2026-07-25T07:55:18.988Z,a0000000-0000-0000-0000-000000000001,2026-07-25T07:55:20.119Z,a0000000-0000-0000-0000-000000000001,
75ed3596-b366-4888-975c-68c1dc96a577,69249f77-6aed-464d-8592-d961086a1535,2,0.00,draft,,,,2026-07-25T07:55:20.173Z,a0000000-0000-0000-0000-000000000001,2026-07-25T07:55:20.173Z,,
9761f6c2-8aa1-4dc7-b7ea-cee17cf6b1ea,69249f77-6aed-464d-8592-d961086a1535,3,5000000.00,approved,a0000000-0000-0000-0000-000000000001,2026-07-25T07:55:21.562Z,,2026-07-25T07:55:20.521Z,a0000000-0000-0000-0000-000000000001,2026-07-25T07:55:21.562Z,a0000000-0000-0000-0000-000000000001,
0c6b7fc2-56d5-4717-8948-6e7291483c6e,7ce62975-3c97-487c-9af5-f71fcf021c03,3,5000000.00,approved,a0000000-0000-0000-0000-000000000001,2026-07-25T07:59:38.764Z,,2026-07-25T07:59:37.843Z,a0000000-0000-0000-0000-000000000001,2026-07-25T07:59:38.764Z,a0000000-0000-0000-0000-000000000001,
9ff5162d-092b-4c45-97c2-f1962d29d09d,69249f77-6aed-464d-8592-d961086a1535,4,5000000.00,under_review,,,,2026-07-25T07:55:21.610Z,a0000000-0000-0000-0000-000000000001,2026-07-25T07:55:21.852Z,a0000000-0000-0000-0000-000000000001,
9c9ca271-0f39-4748-8277-ae705e8955eb,69249f77-6aed-464d-8592-d961086a1535,5,5000000.00,draft,,,,2026-07-25T07:55:22.265Z,a0000000-0000-0000-0000-000000000001,2026-07-25T07:55:22.265Z,,
a7677de6-fea6-45df-9c26-9217bcab0b6a,7ce62975-3c97-487c-9af5-f71fcf021c03,4,5000000.00,under_review,,,,2026-07-25T07:59:38.813Z,a0000000-0000-0000-0000-000000000001,2026-07-25T07:59:39.056Z,a0000000-0000-0000-0000-000000000001,
6af8bdf8-6519-48aa-8b36-1cc85a39fab8,69249f77-6aed-464d-8592-d961086a1535,6,5000000.00,draft,,,,2026-07-25T07:55:22.480Z,a0000000-0000-0000-0000-000000000001,2026-07-25T07:55:22.961Z,a0000000-0000-0000-0000-000000000001,
a3829913-9d07-4664-b17f-f090d28fbdf5,7ce62975-3c97-487c-9af5-f71fcf021c03,5,5000000.00,draft,,,,2026-07-25T07:59:39.286Z,a0000000-0000-0000-0000-000000000001,2026-07-25T07:59:39.286Z,,
83a33289-b72a-4330-9b04-8e7ddcad47d7,69249f77-6aed-464d-8592-d961086a1535,7,5000000.00,draft,,,,2026-07-25T07:55:23.032Z,a0000000-0000-0000-0000-000000000001,2026-07-25T07:55:23.547Z,a0000000-0000-0000-0000-000000000001,
c112610f-30de-4833-bfb8-af4a4d155800,bd410d93-c0e4-417b-b2ee-f816a97e594d,1,5000000.00,under_review,,,,2026-07-25T07:56:09.491Z,a0000000-0000-0000-0000-000000000001,2026-07-25T07:56:10.014Z,a0000000-0000-0000-0000-000000000001,
85460eb3-27bb-4e7c-86ca-dda56af36ab1,bd410d93-c0e4-417b-b2ee-f816a97e594d,2,0.00,draft,,,,2026-07-25T07:56:10.068Z,a0000000-0000-0000-0000-000000000001,2026-07-25T07:56:10.068Z,,
c4411760-a863-49cf-9705-cac1f3972416,7ce62975-3c97-487c-9af5-f71fcf021c03,6,5000000.00,approved,a0000000-0000-0000-0000-000000000001,2026-07-25T07:59:40.540Z,,2026-07-25T07:59:39.555Z,a0000000-0000-0000-0000-000000000001,2026-07-25T07:59:40.540Z,a0000000-0000-0000-0000-000000000001,
e085b2c2-146a-4b1f-aa2f-d812dadd22c3,bd410d93-c0e4-417b-b2ee-f816a97e594d,3,5000000.00,approved,a0000000-0000-0000-0000-000000000001,2026-07-25T07:56:11.432Z,,2026-07-25T07:56:10.417Z,a0000000-0000-0000-0000-000000000001,2026-07-25T07:56:11.432Z,a0000000-0000-0000-0000-000000000001,
44253142-aaf2-4012-b49c-862b05625054,bd410d93-c0e4-417b-b2ee-f816a97e594d,4,5000000.00,under_review,,,,2026-07-25T07:56:11.479Z,a0000000-0000-0000-0000-000000000001,2026-07-25T07:56:11.736Z,a0000000-0000-0000-0000-000000000001,
9c1e4ddb-907b-4070-8c47-868921248483,bd410d93-c0e4-417b-b2ee-f816a97e594d,5,5000000.00,draft,,,,2026-07-25T07:56:11.979Z,a0000000-0000-0000-0000-000000000001,2026-07-25T07:56:11.979Z,,
96751cb1-bd92-43ef-b7a1-8148934de525,7ce62975-3c97-487c-9af5-f71fcf021c03,7,5000000.00,draft,,,,2026-07-25T07:59:40.613Z,a0000000-0000-0000-0000-000000000001,2026-07-25T07:59:41.088Z,a0000000-0000-0000-0000-000000000001,
33a716cf-96e2-47b0-9e93-4b13675110a5,bd410d93-c0e4-417b-b2ee-f816a97e594d,6,5000000.00,draft,,,,2026-07-25T07:56:12.203Z,a0000000-0000-0000-0000-000000000001,2026-07-25T07:56:12.659Z,a0000000-0000-0000-0000-000000000001,
d736857d-85d6-47a4-8c29-e586121ca818,7ce62975-3c97-487c-9af5-f71fcf021c03,8,5000000.00,draft,,,,2026-07-25T07:59:41.161Z,a0000000-0000-0000-0000-000000000001,2026-07-25T07:59:41.621Z,a0000000-0000-0000-0000-000000000001,
814f1095-f412-4714-93a8-b6438033822e,bd410d93-c0e4-417b-b2ee-f816a97e594d,7,5000000.00,draft,,,,2026-07-25T07:56:12.726Z,a0000000-0000-0000-0000-000000000001,2026-07-25T07:56:13.276Z,a0000000-0000-0000-0000-000000000001,
e7686ef2-7cf6-4b8f-bef2-e4c6585d1ef8,2fb12254-f10e-4cf6-bb0a-2f9bd0a63236,1,5000000.00,under_review,,,,2026-07-25T07:57:20.961Z,a0000000-0000-0000-0000-000000000001,2026-07-25T07:57:21.356Z,a0000000-0000-0000-0000-000000000001,
4e155fd1-a3d8-4bb6-ac06-0ab1b3d38f11,2fb12254-f10e-4cf6-bb0a-2f9bd0a63236,2,0.00,draft,,,,2026-07-25T07:57:21.408Z,a0000000-0000-0000-0000-000000000001,2026-07-25T07:57:21.408Z,,
abd9979f-dd6b-426e-b314-5399dab03559,cc559d80-a5f7-4e94-ba12-c36db816f850,1,5000000.00,under_review,,,,2026-07-25T08:03:30.950Z,a0000000-0000-0000-0000-000000000001,2026-07-25T08:03:33.846Z,a0000000-0000-0000-0000-000000000001,
c36b0b1e-0a94-4164-8cce-92d2cd261309,cc559d80-a5f7-4e94-ba12-c36db816f850,2,0.00,draft,,,,2026-07-25T08:03:34.260Z,a0000000-0000-0000-0000-000000000001,2026-07-25T08:03:34.260Z,,
2ab385b7-822c-4bec-8807-9f7b8c23516f,2fb12254-f10e-4cf6-bb0a-2f9bd0a63236,3,5000000.00,approved,a0000000-0000-0000-0000-000000000001,2026-07-25T07:57:22.667Z,,2026-07-25T07:57:21.715Z,a0000000-0000-0000-0000-000000000001,2026-07-25T07:57:22.667Z,a0000000-0000-0000-0000-000000000001,
34b6dcdf-7114-4e40-9355-51d41436eab6,2fb12254-f10e-4cf6-bb0a-2f9bd0a63236,4,5000000.00,under_review,,,,2026-07-25T07:57:22.713Z,a0000000-0000-0000-0000-000000000001,2026-07-25T07:57:22.945Z,a0000000-0000-0000-0000-000000000001,
4fb4eea8-5ddc-4a30-9d37-9602912f1993,2fb12254-f10e-4cf6-bb0a-2f9bd0a63236,5,5000000.00,draft,,,,2026-07-25T07:57:23.190Z,a0000000-0000-0000-0000-000000000001,2026-07-25T07:57:23.190Z,,
c1a9a6d8-f6a1-43ef-9bfa-18a99048bf2a,cc559d80-a5f7-4e94-ba12-c36db816f850,3,5000000.00,approved,a0000000-0000-0000-0000-000000000001,2026-07-25T08:03:40.941Z,,2026-07-25T08:03:35.951Z,a0000000-0000-0000-0000-000000000001,2026-07-25T08:03:40.941Z,a0000000-0000-0000-0000-000000000001,
1ff61e9f-1e8b-460c-8fd1-2b9db1fc9a18,2fb12254-f10e-4cf6-bb0a-2f9bd0a63236,6,5000000.00,draft,,,,2026-07-25T07:57:23.381Z,a0000000-0000-0000-0000-000000000001,2026-07-25T07:57:23.914Z,a0000000-0000-0000-0000-000000000001,
f716ea5a-2bf9-414e-8c20-e77890976cea,cc559d80-a5f7-4e94-ba12-c36db816f850,4,5000000.00,under_review,,,,2026-07-25T08:03:41.353Z,a0000000-0000-0000-0000-000000000001,2026-07-25T08:03:42.814Z,a0000000-0000-0000-0000-000000000001,
0ee9453f-990a-4fa4-810c-b5e29b8e47f0,2fb12254-f10e-4cf6-bb0a-2f9bd0a63236,7,5000000.00,draft,,,,2026-07-25T07:57:23.977Z,a0000000-0000-0000-0000-000000000001,2026-07-25T07:57:24.435Z,a0000000-0000-0000-0000-000000000001,
17617610-1bc5-4893-a221-c3a1406e1283,cc559d80-a5f7-4e94-ba12-c36db816f850,5,5000000.00,draft,,,,2026-07-25T08:03:44.080Z,a0000000-0000-0000-0000-000000000001,2026-07-25T08:03:44.080Z,,
26dffdfd-bfa3-4590-9e9f-0478cfdd18a8,2d42780d-6f97-4078-9099-5e4dab89c5c4,1,5000000.00,under_review,,,,2026-07-25T07:58:52.595Z,a0000000-0000-0000-0000-000000000001,2026-07-25T07:58:53.282Z,a0000000-0000-0000-0000-000000000001,
ff8c4dc1-c7ae-46c9-be5b-90e8d2a615a6,2d42780d-6f97-4078-9099-5e4dab89c5c4,2,0.00,draft,,,,2026-07-25T07:58:53.339Z,a0000000-0000-0000-0000-000000000001,2026-07-25T07:58:53.339Z,,
28811669-245b-472f-b15c-08eb6921b2db,2d42780d-6f97-4078-9099-5e4dab89c5c4,3,5000000.00,approved,a0000000-0000-0000-0000-000000000001,2026-07-25T07:58:54.765Z,,2026-07-25T07:58:53.650Z,a0000000-0000-0000-0000-000000000001,2026-07-25T07:58:54.765Z,a0000000-0000-0000-0000-000000000001,
d90b19e6-f670-4157-a068-23a0d4fa886c,2d42780d-6f97-4078-9099-5e4dab89c5c4,4,5000000.00,under_review,,,,2026-07-25T07:58:54.814Z,a0000000-0000-0000-0000-000000000001,2026-07-25T07:58:55.055Z,a0000000-0000-0000-0000-000000000001,
e9eb421c-4a36-4295-9e2d-2b7f5b284578,2d42780d-6f97-4078-9099-5e4dab89c5c4,5,5000000.00,draft,,,,2026-07-25T07:58:55.295Z,a0000000-0000-0000-0000-000000000001,2026-07-25T07:58:55.295Z,,
f5218384-2c05-48f6-890c-217509f0bc60,2d42780d-6f97-4078-9099-5e4dab89c5c4,6,5000000.00,approved,a0000000-0000-0000-0000-000000000001,2026-07-25T07:58:56.410Z,,2026-07-25T07:58:55.527Z,a0000000-0000-0000-0000-000000000001,2026-07-25T07:58:56.410Z,a0000000-0000-0000-0000-000000000001,
4c262f7a-9f80-4d9f-8e3d-c0c10962fd8b,2d42780d-6f97-4078-9099-5e4dab89c5c4,7,5000000.00,draft,,,,2026-07-25T07:58:56.482Z,a0000000-0000-0000-0000-000000000001,2026-07-25T07:58:56.920Z,a0000000-0000-0000-0000-000000000001,
1106ea99-6663-463f-b5dd-cfa64824bccb,2d42780d-6f97-4078-9099-5e4dab89c5c4,8,5000000.00,draft,,,,2026-07-25T07:58:56.992Z,a0000000-0000-0000-0000-000000000001,2026-07-25T07:58:57.470Z,a0000000-0000-0000-0000-000000000001,
aa367cc2-e703-4ddc-858f-ade6b4099108,4112941d-39e3-438c-a2e1-31170035c9b4,1,5000000.00,under_review,,,,2026-07-25T07:59:07.333Z,a0000000-0000-0000-0000-000000000001,2026-07-25T07:59:07.742Z,a0000000-0000-0000-0000-000000000001,
f92227d3-527c-4d36-bd8b-55be1f2b5eab,4112941d-39e3-438c-a2e1-31170035c9b4,2,0.00,draft,,,,2026-07-25T07:59:07.792Z,a0000000-0000-0000-0000-000000000001,2026-07-25T07:59:07.792Z,,
503a684d-2cff-4101-837b-d274bc5c26d7,4112941d-39e3-438c-a2e1-31170035c9b4,3,5000000.00,approved,a0000000-0000-0000-0000-000000000001,2026-07-25T07:59:09.046Z,,2026-07-25T07:59:08.130Z,a0000000-0000-0000-0000-000000000001,2026-07-25T07:59:09.046Z,a0000000-0000-0000-0000-000000000001,
8b5a8c32-44bd-47a0-9598-bafa6b0699f8,4112941d-39e3-438c-a2e1-31170035c9b4,4,5000000.00,under_review,,,,2026-07-25T07:59:09.093Z,a0000000-0000-0000-0000-000000000001,2026-07-25T07:59:09.307Z,a0000000-0000-0000-0000-000000000001,
6372f905-beff-4d82-8cb2-673c1c16d3a8,4112941d-39e3-438c-a2e1-31170035c9b4,5,5000000.00,draft,,,,2026-07-25T07:59:09.551Z,a0000000-0000-0000-0000-000000000001,2026-07-25T07:59:09.551Z,,
96a91b75-6f5d-47c6-8d6b-a64f1fcbecf2,4112941d-39e3-438c-a2e1-31170035c9b4,6,5000000.00,approved,a0000000-0000-0000-0000-000000000001,2026-07-25T07:59:10.414Z,,2026-07-25T07:59:09.815Z,a0000000-0000-0000-0000-000000000001,2026-07-25T07:59:10.414Z,a0000000-0000-0000-0000-000000000001,
0080b272-2d4f-4088-944b-87fbd4e08900,4112941d-39e3-438c-a2e1-31170035c9b4,7,5000000.00,draft,,,,2026-07-25T07:59:10.465Z,a0000000-0000-0000-0000-000000000001,2026-07-25T07:59:10.924Z,a0000000-0000-0000-0000-000000000001,
0d6d6576-a1fd-48e3-8665-4ca402616a71,4112941d-39e3-438c-a2e1-31170035c9b4,8,5000000.00,draft,,,,2026-07-25T07:59:10.991Z,a0000000-0000-0000-0000-000000000001,2026-07-25T07:59:11.476Z,a0000000-0000-0000-0000-000000000001,
260f5d64-d619-4444-8f35-a01a56304c15,dda4a456-847b-482f-a8df-fae31429d350,1,5000000.00,under_review,,,,2026-07-25T07:59:13.262Z,a0000000-0000-0000-0000-000000000001,2026-07-25T07:59:13.672Z,a0000000-0000-0000-0000-000000000001,
0e87e205-d400-46e3-a91b-678d5c12c44e,dda4a456-847b-482f-a8df-fae31429d350,2,0.00,draft,,,,2026-07-25T07:59:13.724Z,a0000000-0000-0000-0000-000000000001,2026-07-25T07:59:13.724Z,,
8aa1d966-9007-4f0f-a3d5-2630e3a13a2f,dda4a456-847b-482f-a8df-fae31429d350,3,5000000.00,approved,a0000000-0000-0000-0000-000000000001,2026-07-25T07:59:14.942Z,,2026-07-25T07:59:14.048Z,a0000000-0000-0000-0000-000000000001,2026-07-25T07:59:14.942Z,a0000000-0000-0000-0000-000000000001,
e35e1f5d-095d-4659-b36e-c7b78327aa8a,dda4a456-847b-482f-a8df-fae31429d350,4,5000000.00,under_review,,,,2026-07-25T07:59:14.990Z,a0000000-0000-0000-0000-000000000001,2026-07-25T07:59:15.202Z,a0000000-0000-0000-0000-000000000001,
e68f2325-c8f6-49db-8654-a74fcd553658,dda4a456-847b-482f-a8df-fae31429d350,5,5000000.00,draft,,,,2026-07-25T07:59:15.419Z,a0000000-0000-0000-0000-000000000001,2026-07-25T07:59:15.419Z,,
5c971c32-bbb5-498b-ad09-cb1d2abc323e,dda4a456-847b-482f-a8df-fae31429d350,6,5000000.00,approved,a0000000-0000-0000-0000-000000000001,2026-07-25T07:59:16.617Z,,2026-07-25T07:59:15.641Z,a0000000-0000-0000-0000-000000000001,2026-07-25T07:59:16.617Z,a0000000-0000-0000-0000-000000000001,
1f71f0cc-cf6d-4eb1-b9f1-177bb5ad3c9d,dda4a456-847b-482f-a8df-fae31429d350,7,5000000.00,draft,,,,2026-07-25T07:59:16.688Z,a0000000-0000-0000-0000-000000000001,2026-07-25T07:59:17.146Z,a0000000-0000-0000-0000-000000000001,
71270680-02c3-4548-a58d-e8373a5693bb,dda4a456-847b-482f-a8df-fae31429d350,8,5000000.00,draft,,,,2026-07-25T07:59:17.215Z,a0000000-0000-0000-0000-000000000001,2026-07-25T07:59:17.703Z,a0000000-0000-0000-0000-000000000001,
7f55318a-dd21-4999-b2b6-d20c043681b6,7ce62975-3c97-487c-9af5-f71fcf021c03,1,5000000.00,under_review,,,,2026-07-25T07:59:36.991Z,a0000000-0000-0000-0000-000000000001,2026-07-25T07:59:37.441Z,a0000000-0000-0000-0000-000000000001,
56d470c0-c53e-4a96-b724-9da8cbd1ddd5,039885df-c701-4427-9713-b7925de01398,1,0.00,draft,,,,2026-07-25T09:08:18.077Z,a0000000-0000-0000-0000-000000000001,2026-07-25T09:08:18.077Z,,
18179cbd-a3e2-4e13-b1f2-100f456f7042,039885df-c701-4427-9713-b7925de01398,2,12000000.00,draft,,,,2026-07-25T09:08:19.240Z,a0000000-0000-0000-0000-000000000001,2026-07-25T09:08:19.240Z,,
e50394fc-69b2-4351-9363-1385aa79a1c0,cc559d80-a5f7-4e94-ba12-c36db816f850,6,5000000.00,approved,a0000000-0000-0000-0000-000000000001,2026-07-25T08:03:51.931Z,,2026-07-25T08:03:45.724Z,a0000000-0000-0000-0000-000000000001,2026-07-25T08:03:51.931Z,a0000000-0000-0000-0000-000000000001,
20c6184a-e7e3-42cf-9774-d9ca0776b98d,039885df-c701-4427-9713-b7925de01398,3,0.00,draft,,,,2026-07-25T09:08:19.411Z,a0000000-0000-0000-0000-000000000001,2026-07-25T09:08:19.411Z,,
a282a1e4-c33c-4755-b979-b3a758897e93,cc559d80-a5f7-4e94-ba12-c36db816f850,7,5000000.00,draft,,,,2026-07-25T08:03:52.526Z,a0000000-0000-0000-0000-000000000001,2026-07-25T08:03:55.994Z,a0000000-0000-0000-0000-000000000001,
ac111283-0cdc-495b-83a7-3b49f70cc9ee,039885df-c701-4427-9713-b7925de01398,4,5000000.00,under_review,,,,2026-07-25T09:08:19.861Z,a0000000-0000-0000-0000-000000000001,2026-07-25T09:08:20.127Z,a0000000-0000-0000-0000-000000000001,
74d3b4a1-ac69-4ebf-9766-990c14b5c760,039885df-c701-4427-9713-b7925de01398,5,0.00,draft,,,,2026-07-25T09:08:20.178Z,a0000000-0000-0000-0000-000000000001,2026-07-25T09:08:20.178Z,,
67e261a8-3e1b-4ed3-a793-96e42f3352ce,cc559d80-a5f7-4e94-ba12-c36db816f850,8,5000000.00,draft,,,,2026-07-25T08:03:56.588Z,a0000000-0000-0000-0000-000000000001,2026-07-25T08:03:59.657Z,a0000000-0000-0000-0000-000000000001,
dae60d7c-0037-49d0-82b7-a4c772d61abf,29575485-93ad-467e-9c25-ef05244b5633,1,5000000.00,under_review,,,,2026-07-25T08:11:15.305Z,a0000000-0000-0000-0000-000000000001,2026-07-25T08:11:18.576Z,a0000000-0000-0000-0000-000000000001,
7bebb6cd-426f-404a-b241-560ebfe5cf2b,29575485-93ad-467e-9c25-ef05244b5633,2,0.00,draft,,,,2026-07-25T08:11:19.022Z,a0000000-0000-0000-0000-000000000001,2026-07-25T08:11:19.022Z,,
cee71d9f-2c80-4f13-9659-ad5a73b86ba9,039885df-c701-4427-9713-b7925de01398,6,5000000.00,approved,a0000000-0000-0000-0000-000000000001,2026-07-25T09:08:21.227Z,,2026-07-25T09:08:20.380Z,a0000000-0000-0000-0000-000000000001,2026-07-25T09:08:21.227Z,a0000000-0000-0000-0000-000000000001,
bb2a93d2-b412-4bd8-9499-3bec9fc5aa54,29575485-93ad-467e-9c25-ef05244b5633,3,5000000.00,approved,a0000000-0000-0000-0000-000000000001,2026-07-25T08:11:25.311Z,,2026-07-25T08:11:20.806Z,a0000000-0000-0000-0000-000000000001,2026-07-25T08:11:25.311Z,a0000000-0000-0000-0000-000000000001,
f986d9d5-f6ae-4dd6-8486-9c5612217aa6,29575485-93ad-467e-9c25-ef05244b5633,4,5000000.00,under_review,,,,2026-07-25T08:11:25.738Z,a0000000-0000-0000-0000-000000000001,2026-07-25T08:11:27.245Z,a0000000-0000-0000-0000-000000000001,
28092361-9b13-42be-8da0-862b66e199ba,29575485-93ad-467e-9c25-ef05244b5633,5,5000000.00,draft,,,,2026-07-25T08:11:28.557Z,a0000000-0000-0000-0000-000000000001,2026-07-25T08:11:28.557Z,,
81c299f4-3299-4078-9305-80afba30d294,039885df-c701-4427-9713-b7925de01398,7,5000000.00,under_review,,,,2026-07-25T09:08:21.276Z,a0000000-0000-0000-0000-000000000001,2026-07-25T09:08:21.539Z,a0000000-0000-0000-0000-000000000001,
45ba42a7-d70d-4b5e-95d3-ce65b42175f4,039885df-c701-4427-9713-b7925de01398,8,5000000.00,draft,,,,2026-07-25T09:08:21.707Z,a0000000-0000-0000-0000-000000000001,2026-07-25T09:08:21.707Z,,
8f2b556b-2a99-480f-99be-66f4506b5316,29575485-93ad-467e-9c25-ef05244b5633,6,5000000.00,approved,a0000000-0000-0000-0000-000000000001,2026-07-25T08:11:37.185Z,,2026-07-25T08:11:30.245Z,a0000000-0000-0000-0000-000000000001,2026-07-25T08:11:37.185Z,a0000000-0000-0000-0000-000000000001,
fe43e4b7-bd45-468d-8679-78c6008153c3,29575485-93ad-467e-9c25-ef05244b5633,7,5000000.00,draft,,,,2026-07-25T08:11:37.821Z,a0000000-0000-0000-0000-000000000001,2026-07-25T08:11:41.011Z,a0000000-0000-0000-0000-000000000001,
3fb00040-092b-48c8-8dc6-6ae00047cb6c,29575485-93ad-467e-9c25-ef05244b5633,8,5000000.00,draft,,,,2026-07-25T08:11:41.635Z,a0000000-0000-0000-0000-000000000001,2026-07-25T08:11:44.936Z,a0000000-0000-0000-0000-000000000001,
7f7c30e9-29c3-463b-a2fd-800c8b2ff3c9,f01aba6f-f000-42ec-9a4e-4935fc1aaee9,1,0.00,draft,,,,2026-07-25T08:53:20.116Z,a0000000-0000-0000-0000-000000000001,2026-07-25T08:53:20.116Z,,
257e9ab7-738d-4f21-8d43-5ba752f3d1f1,f01aba6f-f000-42ec-9a4e-4935fc1aaee9,2,0.00,draft,,,,2026-07-25T08:53:22.563Z,a0000000-0000-0000-0000-000000000001,2026-07-25T08:53:22.563Z,,
4100c87e-e2a0-4587-8131-6f8435eca135,f01aba6f-f000-42ec-9a4e-4935fc1aaee9,3,5000000.00,under_review,,,,2026-07-25T08:53:22.843Z,a0000000-0000-0000-0000-000000000001,2026-07-25T08:53:23.089Z,a0000000-0000-0000-0000-000000000001,
16fe44ae-78c5-475b-9dfe-080a6680d840,f01aba6f-f000-42ec-9a4e-4935fc1aaee9,4,0.00,draft,,,,2026-07-25T08:53:23.147Z,a0000000-0000-0000-0000-000000000001,2026-07-25T08:53:23.147Z,,
393c1e68-2064-486e-9c14-1e4ca3200de8,f01aba6f-f000-42ec-9a4e-4935fc1aaee9,5,5000000.00,approved,a0000000-0000-0000-0000-000000000001,2026-07-25T08:53:24.188Z,,2026-07-25T08:53:23.369Z,a0000000-0000-0000-0000-000000000001,2026-07-25T08:53:24.188Z,a0000000-0000-0000-0000-000000000001,
43c6b93e-e752-49e4-b365-8fc3dec0e8f3,f01aba6f-f000-42ec-9a4e-4935fc1aaee9,6,5000000.00,under_review,,,,2026-07-25T08:53:24.237Z,a0000000-0000-0000-0000-000000000001,2026-07-25T08:53:24.446Z,a0000000-0000-0000-0000-000000000001,
68f81002-cff7-4a95-b67d-068c39a92162,f01aba6f-f000-42ec-9a4e-4935fc1aaee9,7,5000000.00,draft,,,,2026-07-25T08:53:24.638Z,a0000000-0000-0000-0000-000000000001,2026-07-25T08:53:24.638Z,,
079222f3-426e-4156-9dd4-6fab1e21d38e,f01aba6f-f000-42ec-9a4e-4935fc1aaee9,8,5000000.00,approved,a0000000-0000-0000-0000-000000000001,2026-07-25T08:53:25.881Z,,2026-07-25T08:53:24.873Z,a0000000-0000-0000-0000-000000000001,2026-07-25T08:53:25.881Z,a0000000-0000-0000-0000-000000000001,
1d9dfe90-bc84-4d82-88e8-991a3b00ca0d,f01aba6f-f000-42ec-9a4e-4935fc1aaee9,9,5000000.00,draft,,,,2026-07-25T08:53:25.952Z,a0000000-0000-0000-0000-000000000001,2026-07-25T08:53:26.861Z,a0000000-0000-0000-0000-000000000001,
e1b08497-c64e-4413-bba0-502e1c3754a3,f01aba6f-f000-42ec-9a4e-4935fc1aaee9,10,5000000.00,draft,,,,2026-07-25T08:53:26.931Z,a0000000-0000-0000-0000-000000000001,2026-07-25T08:53:27.408Z,a0000000-0000-0000-0000-000000000001,
98378e33-cd26-4ce9-b96b-9947fc0759ec,ac986206-a21c-47c2-b0e4-5b554046c20e,1,0.00,draft,,,,2026-07-25T08:53:37.163Z,a0000000-0000-0000-0000-000000000001,2026-07-25T08:53:37.163Z,,
6bfd4882-4e17-48e8-ad74-f524095c8b78,ac986206-a21c-47c2-b0e4-5b554046c20e,2,0.00,draft,,,,2026-07-25T08:53:37.518Z,a0000000-0000-0000-0000-000000000001,2026-07-25T08:53:37.518Z,,
bfd410ca-c9d8-4055-9c01-59455d07383b,ac986206-a21c-47c2-b0e4-5b554046c20e,3,5000000.00,under_review,,,,2026-07-25T08:53:37.791Z,a0000000-0000-0000-0000-000000000001,2026-07-25T08:53:38.029Z,a0000000-0000-0000-0000-000000000001,
82ae58b9-5b2b-456b-aad9-5cd5dc6c9347,ac986206-a21c-47c2-b0e4-5b554046c20e,4,0.00,draft,,,,2026-07-25T08:53:38.081Z,a0000000-0000-0000-0000-000000000001,2026-07-25T08:53:38.081Z,,
c2f46c8d-2106-4d92-b351-c72a2248a9a4,ac986206-a21c-47c2-b0e4-5b554046c20e,5,5000000.00,approved,a0000000-0000-0000-0000-000000000001,2026-07-25T08:53:39.182Z,,2026-07-25T08:53:38.280Z,a0000000-0000-0000-0000-000000000001,2026-07-25T08:53:39.182Z,a0000000-0000-0000-0000-000000000001,
7fdd3d2c-11b3-4b99-bba2-808fd040b563,ac986206-a21c-47c2-b0e4-5b554046c20e,6,5000000.00,under_review,,,,2026-07-25T08:53:39.237Z,a0000000-0000-0000-0000-000000000001,2026-07-25T08:53:39.496Z,a0000000-0000-0000-0000-000000000001,
6940bc4c-0e9c-46eb-971d-f54ad51aa6d2,ac986206-a21c-47c2-b0e4-5b554046c20e,7,5000000.00,draft,,,,2026-07-25T08:53:39.694Z,a0000000-0000-0000-0000-000000000001,2026-07-25T08:53:39.694Z,,
50bfd042-10aa-4abd-8c21-2967af0e92f5,ac986206-a21c-47c2-b0e4-5b554046c20e,8,5000000.00,approved,a0000000-0000-0000-0000-000000000001,2026-07-25T08:53:40.915Z,,2026-07-25T08:53:39.964Z,a0000000-0000-0000-0000-000000000001,2026-07-25T08:53:40.915Z,a0000000-0000-0000-0000-000000000001,
a7dd9160-ebdb-4f69-bf53-e066794386fb,ac986206-a21c-47c2-b0e4-5b554046c20e,9,5000000.00,draft,,,,2026-07-25T08:53:40.989Z,a0000000-0000-0000-0000-000000000001,2026-07-25T08:53:41.409Z,a0000000-0000-0000-0000-000000000001,
f5c81ead-1c17-4114-9120-dfd58ef6d9ec,ac986206-a21c-47c2-b0e4-5b554046c20e,10,5000000.00,draft,,,,2026-07-25T08:53:41.480Z,a0000000-0000-0000-0000-000000000001,2026-07-25T08:53:41.949Z,a0000000-0000-0000-0000-000000000001,
9b1cb510-ea5a-4f2e-9c71-86d9bde5ca45,fca9cf9d-a515-49c7-8b9a-9653a36a87ad,1,0.00,draft,,,,2026-07-25T08:56:49.608Z,a0000000-0000-0000-0000-000000000001,2026-07-25T08:56:49.608Z,,
f8b2d0f1-dcc1-439b-8a88-812c904998ec,fca9cf9d-a515-49c7-8b9a-9653a36a87ad,2,0.00,draft,,,,2026-07-25T08:56:53.282Z,a0000000-0000-0000-0000-000000000001,2026-07-25T08:56:53.282Z,,
b64d6c9d-a052-4b74-87b6-a3a4665eb4b3,fca9cf9d-a515-49c7-8b9a-9653a36a87ad,3,5000000.00,under_review,,,,2026-07-25T08:56:56.003Z,a0000000-0000-0000-0000-000000000001,2026-07-25T08:56:58.224Z,a0000000-0000-0000-0000-000000000001,
5d347f52-5d23-422e-a3db-24ebcaab60a7,fca9cf9d-a515-49c7-8b9a-9653a36a87ad,4,0.00,draft,,,,2026-07-25T08:56:58.732Z,a0000000-0000-0000-0000-000000000001,2026-07-25T08:56:58.732Z,,
317ed042-89fd-4a32-9cf7-d01fb34049d3,fca9cf9d-a515-49c7-8b9a-9653a36a87ad,5,5000000.00,approved,a0000000-0000-0000-0000-000000000001,2026-07-25T08:57:10.314Z,,2026-07-25T08:57:02.294Z,a0000000-0000-0000-0000-000000000001,2026-07-25T08:57:10.314Z,a0000000-0000-0000-0000-000000000001,
f9817c3c-36c2-4603-a34c-19f518b691f4,fca9cf9d-a515-49c7-8b9a-9653a36a87ad,6,5000000.00,under_review,,,,2026-07-25T08:57:10.809Z,a0000000-0000-0000-0000-000000000001,2026-07-25T08:57:12.980Z,a0000000-0000-0000-0000-000000000001,
d2492ef1-42b7-4e78-9ae9-c87e55ec5aa5,fca9cf9d-a515-49c7-8b9a-9653a36a87ad,7,5000000.00,draft,,,,2026-07-25T08:57:14.353Z,a0000000-0000-0000-0000-000000000001,2026-07-25T08:57:14.353Z,,
60dc9506-b6cc-4a0e-93ea-ee185a57a7db,fca9cf9d-a515-49c7-8b9a-9653a36a87ad,8,5000000.00,approved,a0000000-0000-0000-0000-000000000001,2026-07-25T08:57:27.095Z,,2026-07-25T08:57:16.203Z,a0000000-0000-0000-0000-000000000001,2026-07-25T08:57:27.095Z,a0000000-0000-0000-0000-000000000001,
9fbea44e-8ef6-4968-9bc1-14eca9c01d86,fca9cf9d-a515-49c7-8b9a-9653a36a87ad,9,5000000.00,draft,,,,2026-07-25T08:57:27.804Z,a0000000-0000-0000-0000-000000000001,2026-07-25T08:57:32.165Z,a0000000-0000-0000-0000-000000000001,
5ffbd356-ce71-48e4-89e8-e82b2b27c4d5,fca9cf9d-a515-49c7-8b9a-9653a36a87ad,10,5000000.00,draft,,,,2026-07-25T08:57:32.881Z,a0000000-0000-0000-0000-000000000001,2026-07-25T08:57:36.210Z,a0000000-0000-0000-0000-000000000001,
b51624ed-f37f-4542-9552-ea416e13d538,5e8e5f31-b47f-47b8-b419-acb37e55e2b1,1,0.00,draft,,,,2026-07-25T09:06:23.882Z,a0000000-0000-0000-0000-000000000001,2026-07-25T09:06:23.882Z,,
edd32bcc-44db-49f5-9a90-86adf093631e,5e8e5f31-b47f-47b8-b419-acb37e55e2b1,2,0.00,draft,,,,2026-07-25T09:06:26.593Z,a0000000-0000-0000-0000-000000000001,2026-07-25T09:06:26.593Z,,
6ffe1fe1-e6a0-431b-8424-77e682fb2b08,5e8e5f31-b47f-47b8-b419-acb37e55e2b1,3,5000000.00,under_review,,,,2026-07-25T09:06:28.155Z,a0000000-0000-0000-0000-000000000001,2026-07-25T09:06:29.368Z,a0000000-0000-0000-0000-000000000001,
a03e2185-340c-4f5c-a88b-cf1c81753aee,5e8e5f31-b47f-47b8-b419-acb37e55e2b1,4,0.00,draft,,,,2026-07-25T09:06:29.730Z,a0000000-0000-0000-0000-000000000001,2026-07-25T09:06:29.730Z,,
788ce575-9097-4ec7-a19c-1d5da3a2f0e6,5e8e5f31-b47f-47b8-b419-acb37e55e2b1,5,5000000.00,approved,a0000000-0000-0000-0000-000000000001,2026-07-25T09:06:35.381Z,,2026-07-25T09:06:31.528Z,a0000000-0000-0000-0000-000000000001,2026-07-25T09:06:35.381Z,a0000000-0000-0000-0000-000000000001,
cbbbf5e5-db03-4dc9-ab84-c1310d861bb6,5e8e5f31-b47f-47b8-b419-acb37e55e2b1,6,5000000.00,under_review,,,,2026-07-25T09:06:35.741Z,a0000000-0000-0000-0000-000000000001,2026-07-25T09:06:37.250Z,a0000000-0000-0000-0000-000000000001,
213923c0-3cbf-4e75-a98c-521e02738ff4,5e8e5f31-b47f-47b8-b419-acb37e55e2b1,7,5000000.00,draft,,,,2026-07-25T09:06:38.588Z,a0000000-0000-0000-0000-000000000001,2026-07-25T09:06:38.588Z,,
7a1d867d-aee7-4a43-a701-1e6fb002db5f,5e8e5f31-b47f-47b8-b419-acb37e55e2b1,8,5000000.00,approved,a0000000-0000-0000-0000-000000000001,2026-07-25T09:06:45.046Z,,2026-07-25T09:06:39.921Z,a0000000-0000-0000-0000-000000000001,2026-07-25T09:06:45.046Z,a0000000-0000-0000-0000-000000000001,
3e9ef5b0-19c6-455c-bf62-1f094b05b9e6,5e8e5f31-b47f-47b8-b419-acb37e55e2b1,9,5000000.00,draft,,,,2026-07-25T09:06:45.580Z,a0000000-0000-0000-0000-000000000001,2026-07-25T09:06:48.056Z,a0000000-0000-0000-0000-000000000001,
83162cdb-5a5e-4bd5-8809-13e03e8ea92e,5e8e5f31-b47f-47b8-b419-acb37e55e2b1,10,5000000.00,draft,,,,2026-07-25T09:06:48.584Z,a0000000-0000-0000-0000-000000000001,2026-07-25T09:06:51.552Z,a0000000-0000-0000-0000-000000000001,
9472c82d-96d0-4c32-9ad2-9479ec5ad02e,039885df-c701-4427-9713-b7925de01398,9,5000000.00,approved,a0000000-0000-0000-0000-000000000001,2026-07-25T09:08:22.899Z,,2026-07-25T09:08:21.965Z,a0000000-0000-0000-0000-000000000001,2026-07-25T09:08:22.899Z,a0000000-0000-0000-0000-000000000001,
d2d81ddc-66c7-4c21-bad6-eab835d2fcea,039885df-c701-4427-9713-b7925de01398,10,5000000.00,draft,,,,2026-07-25T09:08:22.967Z,a0000000-0000-0000-0000-000000000001,2026-07-25T09:08:23.462Z,a0000000-0000-0000-0000-000000000001,
ea7c51db-0e01-4b37-93c5-2eda63273fc4,039885df-c701-4427-9713-b7925de01398,11,5000000.00,draft,,,,2026-07-25T09:08:23.527Z,a0000000-0000-0000-0000-000000000001,2026-07-25T09:08:24.037Z,a0000000-0000-0000-0000-000000000001,
a3f1d2e3-c12b-46d6-a174-f55ddd4ff3a1,2a410a81-f1bb-4c94-9096-6e99d3e750b5,1,0.00,draft,,,,2026-07-25T09:08:28.516Z,a0000000-0000-0000-0000-000000000001,2026-07-25T09:08:28.516Z,,
11b6d6c1-d1b1-4aea-b7a6-4c4181efaa00,2a410a81-f1bb-4c94-9096-6e99d3e750b5,2,12000000.00,draft,,,,2026-07-25T09:08:28.939Z,a0000000-0000-0000-0000-000000000001,2026-07-25T09:08:28.939Z,,
461a5293-8fd1-49ff-831e-6e201fb2095a,2a410a81-f1bb-4c94-9096-6e99d3e750b5,3,0.00,draft,,,,2026-07-25T09:08:29.101Z,a0000000-0000-0000-0000-000000000001,2026-07-25T09:08:29.101Z,,
b5ff7d69-1303-4b18-94cb-65a67dce39e8,2a410a81-f1bb-4c94-9096-6e99d3e750b5,4,5000000.00,under_review,,,,2026-07-25T09:08:29.383Z,a0000000-0000-0000-0000-000000000001,2026-07-25T09:08:29.654Z,a0000000-0000-0000-0000-000000000001,
903f08ec-06f6-470d-9018-a297ed822eac,2a410a81-f1bb-4c94-9096-6e99d3e750b5,5,0.00,draft,,,,2026-07-25T09:08:29.703Z,a0000000-0000-0000-0000-000000000001,2026-07-25T09:08:29.703Z,,
ed3eb2a5-d3bc-40d3-9cd8-2c7807a31ffe,2a410a81-f1bb-4c94-9096-6e99d3e750b5,6,5000000.00,approved,a0000000-0000-0000-0000-000000000001,2026-07-25T09:08:30.847Z,,2026-07-25T09:08:29.936Z,a0000000-0000-0000-0000-000000000001,2026-07-25T09:08:30.847Z,a0000000-0000-0000-0000-000000000001,
a5aa1284-1558-4985-b3be-9ea5b57aa31f,2a410a81-f1bb-4c94-9096-6e99d3e750b5,7,5000000.00,under_review,,,,2026-07-25T09:08:30.900Z,a0000000-0000-0000-0000-000000000001,2026-07-25T09:08:31.182Z,a0000000-0000-0000-0000-000000000001,
cebce8be-2dcb-4583-a18a-6cce75fece0d,2a410a81-f1bb-4c94-9096-6e99d3e750b5,8,5000000.00,draft,,,,2026-07-25T09:08:31.365Z,a0000000-0000-0000-0000-000000000001,2026-07-25T09:08:31.365Z,,
f91d6a6c-d605-43d5-aba8-87df088a1488,2a410a81-f1bb-4c94-9096-6e99d3e750b5,9,5000000.00,approved,a0000000-0000-0000-0000-000000000001,2026-07-25T09:08:32.567Z,,2026-07-25T09:08:31.634Z,a0000000-0000-0000-0000-000000000001,2026-07-25T09:08:32.567Z,a0000000-0000-0000-0000-000000000001,
97c101a0-33d2-47f6-8ff1-ce6162ca1f94,2a410a81-f1bb-4c94-9096-6e99d3e750b5,10,5000000.00,draft,,,,2026-07-25T09:08:32.655Z,a0000000-0000-0000-0000-000000000001,2026-07-25T09:08:33.113Z,a0000000-0000-0000-0000-000000000001,
c0be8473-612b-4ff2-8ab9-52211cc259c6,2a410a81-f1bb-4c94-9096-6e99d3e750b5,11,5000000.00,draft,,,,2026-07-25T09:08:33.180Z,a0000000-0000-0000-0000-000000000001,2026-07-25T09:08:33.666Z,a0000000-0000-0000-0000-000000000001,
7f2d715c-432a-4b4e-aee3-d13d74ddcedc,3042f0c7-3014-4beb-8fe6-e998b3e940f0,1,0.00,draft,,,,2026-07-25T09:11:28.477Z,a0000000-0000-0000-0000-000000000001,2026-07-25T09:11:28.477Z,,
4cdca351-e064-44ef-8cf9-7ca0198dc9e3,3042f0c7-3014-4beb-8fe6-e998b3e940f0,2,12000000.00,draft,,,,2026-07-25T09:11:33.164Z,a0000000-0000-0000-0000-000000000001,2026-07-25T09:11:33.164Z,,
c57c298a-004e-4d17-8b6d-939afa26edac,3042f0c7-3014-4beb-8fe6-e998b3e940f0,3,0.00,draft,,,,2026-07-25T09:11:34.233Z,a0000000-0000-0000-0000-000000000001,2026-07-25T09:11:34.233Z,,
ba61fb93-4e8a-47c3-a25e-b22486e9b098,3042f0c7-3014-4beb-8fe6-e998b3e940f0,4,5000000.00,under_review,,,,2026-07-25T09:11:35.881Z,a0000000-0000-0000-0000-000000000001,2026-07-25T09:11:37.472Z,a0000000-0000-0000-0000-000000000001,
8c969475-8c45-46d4-976d-419819d49c0c,3042f0c7-3014-4beb-8fe6-e998b3e940f0,5,0.00,draft,,,,2026-07-25T09:11:37.983Z,a0000000-0000-0000-0000-000000000001,2026-07-25T09:11:37.983Z,,
9c509075-27cc-476e-b819-e34fb15a1604,3042f0c7-3014-4beb-8fe6-e998b3e940f0,6,5000000.00,approved,a0000000-0000-0000-0000-000000000001,2026-07-25T09:11:44.560Z,,2026-07-25T09:11:39.370Z,a0000000-0000-0000-0000-000000000001,2026-07-25T09:11:44.560Z,a0000000-0000-0000-0000-000000000001,
305dc3a7-e397-478d-ad39-1e54f0d58409,3042f0c7-3014-4beb-8fe6-e998b3e940f0,7,5000000.00,under_review,,,,2026-07-25T09:11:45.034Z,a0000000-0000-0000-0000-000000000001,2026-07-25T09:11:47.244Z,a0000000-0000-0000-0000-000000000001,
fce6bf8d-2065-4f0a-b1f5-a70d3eda2f78,3042f0c7-3014-4beb-8fe6-e998b3e940f0,8,5000000.00,draft,,,,2026-07-25T09:11:48.628Z,a0000000-0000-0000-0000-000000000001,2026-07-25T09:11:48.628Z,,
1cdb23d7-eae6-4351-b1f1-8643ac79c79b,3042f0c7-3014-4beb-8fe6-e998b3e940f0,9,5000000.00,approved,a0000000-0000-0000-0000-000000000001,2026-07-25T09:11:57.133Z,,2026-07-25T09:11:50.484Z,a0000000-0000-0000-0000-000000000001,2026-07-25T09:11:57.133Z,a0000000-0000-0000-0000-000000000001,
e269e8bc-31e9-4dd7-8783-87e8c5a9193b,3042f0c7-3014-4beb-8fe6-e998b3e940f0,10,5000000.00,draft,,,,2026-07-25T09:11:57.848Z,a0000000-0000-0000-0000-000000000001,2026-07-25T09:12:01.777Z,a0000000-0000-0000-0000-000000000001,
58962de2-063e-491f-aa6f-9559f2141acb,3042f0c7-3014-4beb-8fe6-e998b3e940f0,11,5000000.00,draft,,,,2026-07-25T09:12:02.499Z,a0000000-0000-0000-0000-000000000001,2026-07-25T09:12:06.435Z,a0000000-0000-0000-0000-000000000001,
e1f16ca1-ac64-4ad5-969a-1a6dca75efef,5711ac1c-b184-4c38-969f-0cdf60f6fb92,1,0.00,draft,,,,2026-07-25T09:20:22.015Z,a0000000-0000-0000-0000-000000000001,2026-07-25T09:20:22.015Z,,
05e98086-fb53-4a85-a266-2d4269a6cf07,5711ac1c-b184-4c38-969f-0cdf60f6fb92,2,12000000.00,draft,,,,2026-07-25T09:20:25.447Z,a0000000-0000-0000-0000-000000000001,2026-07-25T09:20:25.447Z,,
2776ab14-08f7-4da9-8834-cad3d9b390ee,5711ac1c-b184-4c38-969f-0cdf60f6fb92,3,0.00,draft,,,,2026-07-25T09:20:26.976Z,a0000000-0000-0000-0000-000000000001,2026-07-25T09:20:26.976Z,,
29144ff7-d5cc-4fd8-b654-5d65eea16c90,5711ac1c-b184-4c38-969f-0cdf60f6fb92,4,5000000.00,under_review,,,,2026-07-25T09:20:28.518Z,a0000000-0000-0000-0000-000000000001,2026-07-25T09:20:30.166Z,a0000000-0000-0000-0000-000000000001,
1ce8912b-825a-4c5d-b46e-4074ab925ade,5711ac1c-b184-4c38-969f-0cdf60f6fb92,5,0.00,draft,,,,2026-07-25T09:20:30.610Z,a0000000-0000-0000-0000-000000000001,2026-07-25T09:20:30.610Z,,
ad9b6153-40db-490d-aeb5-4fbfc0c501be,5711ac1c-b184-4c38-969f-0cdf60f6fb92,6,5000000.00,approved,a0000000-0000-0000-0000-000000000001,2026-07-25T09:20:36.585Z,,2026-07-25T09:20:31.898Z,a0000000-0000-0000-0000-000000000001,2026-07-25T09:20:36.585Z,a0000000-0000-0000-0000-000000000001,
e9aa92de-e73a-488d-b755-34cfc8150e4c,5711ac1c-b184-4c38-969f-0cdf60f6fb92,7,5000000.00,under_review,,,,2026-07-25T09:20:37.019Z,a0000000-0000-0000-0000-000000000001,2026-07-25T09:20:38.529Z,a0000000-0000-0000-0000-000000000001,
61c44838-301c-4f02-b4fc-3a9aa9d0bc56,5711ac1c-b184-4c38-969f-0cdf60f6fb92,8,5000000.00,draft,,,,2026-07-25T09:20:39.809Z,a0000000-0000-0000-0000-000000000001,2026-07-25T09:20:39.809Z,,
09761683-a365-4686-8c48-70274e443cf2,5711ac1c-b184-4c38-969f-0cdf60f6fb92,9,5000000.00,approved,a0000000-0000-0000-0000-000000000001,2026-07-25T09:20:47.998Z,,2026-07-25T09:20:41.517Z,a0000000-0000-0000-0000-000000000001,2026-07-25T09:20:47.998Z,a0000000-0000-0000-0000-000000000001,
f21586c9-9d95-4626-bb01-34577990225c,5711ac1c-b184-4c38-969f-0cdf60f6fb92,10,5000000.00,draft,,,,2026-07-25T09:20:48.634Z,a0000000-0000-0000-0000-000000000001,2026-07-25T09:20:51.823Z,a0000000-0000-0000-0000-000000000001,
2412a724-2734-4773-9123-002e297c78f0,5711ac1c-b184-4c38-969f-0cdf60f6fb92,11,5000000.00,draft,,,,2026-07-25T09:20:52.458Z,a0000000-0000-0000-0000-000000000001,2026-07-25T09:20:55.665Z,a0000000-0000-0000-0000-000000000001,
dc2562d5-e986-435a-9e8b-774e44136bd1,af2fc69b-380f-450d-bb99-19e217e585e6,1,0.00,draft,,,,2026-07-25T09:22:10.171Z,a0000000-0000-0000-0000-000000000001,2026-07-25T09:22:10.171Z,,
23d0cc6c-6620-4274-b3d5-f1308d248ac0,af2fc69b-380f-450d-bb99-19e217e585e6,2,12000000.00,draft,,,,2026-07-25T09:22:22.443Z,a0000000-0000-0000-0000-000000000001,2026-07-25T09:22:22.443Z,,
e6ba5e90-eaef-4c42-ba42-e3d73cedc1a7,af2fc69b-380f-450d-bb99-19e217e585e6,3,0.00,draft,,,,2026-07-25T09:22:22.593Z,a0000000-0000-0000-0000-000000000001,2026-07-25T09:22:22.593Z,,
3035f0b2-5bfd-44e1-ac46-e0c5cfa0c2e0,af2fc69b-380f-450d-bb99-19e217e585e6,4,5000000.00,under_review,,,,2026-07-25T09:22:22.858Z,a0000000-0000-0000-0000-000000000001,2026-07-25T09:22:23.090Z,a0000000-0000-0000-0000-000000000001,
33995e18-fe7a-40e9-9282-c75c24c7398f,af2fc69b-380f-450d-bb99-19e217e585e6,5,0.00,draft,,,,2026-07-25T09:22:23.148Z,a0000000-0000-0000-0000-000000000001,2026-07-25T09:22:23.148Z,,
c509acba-3ef9-4b40-8b94-43e675650681,af2fc69b-380f-450d-bb99-19e217e585e6,6,5000000.00,approved,a0000000-0000-0000-0000-000000000001,2026-07-25T09:22:24.145Z,,2026-07-25T09:22:23.349Z,a0000000-0000-0000-0000-000000000001,2026-07-25T09:22:24.145Z,a0000000-0000-0000-0000-000000000001,
5f11fb9f-3c3d-4417-8310-77a3f3b50266,af2fc69b-380f-450d-bb99-19e217e585e6,7,5000000.00,under_review,,,,2026-07-25T09:22:24.194Z,a0000000-0000-0000-0000-000000000001,2026-07-25T09:22:24.402Z,a0000000-0000-0000-0000-000000000001,
58121f7d-162e-48ae-8ba7-43d11ba7727d,af2fc69b-380f-450d-bb99-19e217e585e6,8,5000000.00,draft,,,,2026-07-25T09:22:24.576Z,a0000000-0000-0000-0000-000000000001,2026-07-25T09:22:24.576Z,,
39f8efba-9ae5-4aa6-a648-f33f12ae3ddf,af2fc69b-380f-450d-bb99-19e217e585e6,9,5000000.00,approved,a0000000-0000-0000-0000-000000000001,2026-07-25T09:22:25.846Z,,2026-07-25T09:22:24.824Z,a0000000-0000-0000-0000-000000000001,2026-07-25T09:22:25.846Z,a0000000-0000-0000-0000-000000000001,
0938ed08-eb57-4851-acd1-b0f28b15dffb,af2fc69b-380f-450d-bb99-19e217e585e6,10,5000000.00,draft,,,,2026-07-25T09:22:25.919Z,a0000000-0000-0000-0000-000000000001,2026-07-25T09:22:26.462Z,a0000000-0000-0000-0000-000000000001,
68f1602b-b49d-4241-b734-3f9d5dcf2106,af2fc69b-380f-450d-bb99-19e217e585e6,11,5000000.00,draft,,,,2026-07-25T09:22:26.536Z,a0000000-0000-0000-0000-000000000001,2026-07-25T09:22:27.023Z,a0000000-0000-0000-0000-000000000001,
22f06e92-7c5e-4012-a954-a59604005263,d660432b-56da-414c-addf-acc97131eda2,1,0.00,draft,,,,2026-07-25T09:25:08.985Z,a0000000-0000-0000-0000-000000000001,2026-07-25T09:25:08.985Z,,
135eebc6-6298-4c20-9faf-e748291bd569,d660432b-56da-414c-addf-acc97131eda2,2,12000000.00,draft,,,,2026-07-25T09:25:11.858Z,a0000000-0000-0000-0000-000000000001,2026-07-25T09:25:11.858Z,,
130cc6c9-15c0-4afd-a98c-bebd1e81866d,d660432b-56da-414c-addf-acc97131eda2,3,0.00,draft,,,,2026-07-25T09:25:12.837Z,a0000000-0000-0000-0000-000000000001,2026-07-25T09:25:12.837Z,,
d9a955a1-dc7b-4e80-b9da-0d1161da5a7d,d660432b-56da-414c-addf-acc97131eda2,4,5000000.00,under_review,,,,2026-07-25T09:25:14.628Z,a0000000-0000-0000-0000-000000000001,2026-07-25T09:25:16.464Z,a0000000-0000-0000-0000-000000000001,
50b715d0-dc3e-463a-87eb-3d7f3f6caa84,d660432b-56da-414c-addf-acc97131eda2,5,0.00,draft,,,,2026-07-25T09:25:16.899Z,a0000000-0000-0000-0000-000000000001,2026-07-25T09:25:16.899Z,,
53e2dda4-115f-4b63-8646-cd54738519c9,d660432b-56da-414c-addf-acc97131eda2,6,5000000.00,approved,a0000000-0000-0000-0000-000000000001,2026-07-25T09:25:22.394Z,,2026-07-25T09:25:18.433Z,a0000000-0000-0000-0000-000000000001,2026-07-25T09:25:22.394Z,a0000000-0000-0000-0000-000000000001,
5d5e6592-2ee4-41ac-bfba-128e9374a8db,d660432b-56da-414c-addf-acc97131eda2,7,5000000.00,under_review,,,,2026-07-25T09:25:22.827Z,a0000000-0000-0000-0000-000000000001,2026-07-25T09:25:24.194Z,a0000000-0000-0000-0000-000000000001,
2217942d-1194-419d-869b-c8c6c7d6fede,d660432b-56da-414c-addf-acc97131eda2,8,5000000.00,draft,,,,2026-07-25T09:25:25.292Z,a0000000-0000-0000-0000-000000000001,2026-07-25T09:25:25.292Z,,
331206d1-d45c-4bd3-84f8-36168701db54,d660432b-56da-414c-addf-acc97131eda2,9,5000000.00,approved,a0000000-0000-0000-0000-000000000001,2026-07-25T09:25:33.755Z,,2026-07-25T09:25:26.889Z,a0000000-0000-0000-0000-000000000001,2026-07-25T09:25:33.755Z,a0000000-0000-0000-0000-000000000001,
e812bf68-4e76-4608-9145-36be74b2db50,d660432b-56da-414c-addf-acc97131eda2,10,5000000.00,draft,,,,2026-07-25T09:25:34.389Z,a0000000-0000-0000-0000-000000000001,2026-07-25T09:25:37.099Z,a0000000-0000-0000-0000-000000000001,
46ac945b-e12a-43ca-8861-8a73f33e45e3,d660432b-56da-414c-addf-acc97131eda2,11,5000000.00,draft,,,,2026-07-25T09:25:37.731Z,a0000000-0000-0000-0000-000000000001,2026-07-25T09:25:40.899Z,a0000000-0000-0000-0000-000000000001,
33abc721-492f-437a-a05c-e525fd8687bb,be45cdea-d9f6-49b8-8c0f-3095ad0996c3,1,0.00,draft,,,,2026-07-25T09:33:31.611Z,a0000000-0000-0000-0000-000000000001,2026-07-25T09:33:31.611Z,,
93eb04ca-21a7-4858-824b-80fe2cd2c078,be45cdea-d9f6-49b8-8c0f-3095ad0996c3,2,12000000.00,draft,,,,2026-07-25T09:33:34.237Z,a0000000-0000-0000-0000-000000000001,2026-07-25T09:33:34.237Z,,
b56df671-6324-41e8-902a-ab5677edf9bf,be45cdea-d9f6-49b8-8c0f-3095ad0996c3,3,0.00,draft,,,,2026-07-25T09:33:35.298Z,a0000000-0000-0000-0000-000000000001,2026-07-25T09:33:35.298Z,,
eb400655-dde7-4021-8ed3-c5b53fe5fede,429164fd-fa7d-4c14-ae46-d41dd338e99d,1,0.00,draft,,,,2026-07-25T09:49:19.481Z,a0000000-0000-0000-0000-000000000001,2026-07-25T09:49:19.481Z,,
ed5926da-d372-4cb8-966b-e0fde366ed5e,be45cdea-d9f6-49b8-8c0f-3095ad0996c3,4,5000000.00,under_review,,,,2026-07-25T09:33:37.055Z,a0000000-0000-0000-0000-000000000001,2026-07-25T09:33:38.642Z,a0000000-0000-0000-0000-000000000001,
7c279907-ac53-4231-bbc6-88ab3b2be237,be45cdea-d9f6-49b8-8c0f-3095ad0996c3,5,0.00,draft,,,,2026-07-25T09:33:39.095Z,a0000000-0000-0000-0000-000000000001,2026-07-25T09:33:39.095Z,,
7c15323f-2860-4e23-bc63-b2de721ff4c6,429164fd-fa7d-4c14-ae46-d41dd338e99d,2,12000000.00,draft,,,,2026-07-25T09:49:21.976Z,a0000000-0000-0000-0000-000000000001,2026-07-25T09:49:21.976Z,,
29f076de-f285-46c2-8e2e-060fad110e2a,429164fd-fa7d-4c14-ae46-d41dd338e99d,3,0.00,draft,,,,2026-07-25T09:49:23.029Z,a0000000-0000-0000-0000-000000000001,2026-07-25T09:49:23.029Z,,
f15abda6-190a-4a65-b920-28d53940e12a,be45cdea-d9f6-49b8-8c0f-3095ad0996c3,6,5000000.00,approved,a0000000-0000-0000-0000-000000000001,2026-07-25T09:33:44.527Z,,2026-07-25T09:33:40.388Z,a0000000-0000-0000-0000-000000000001,2026-07-25T09:33:44.527Z,a0000000-0000-0000-0000-000000000001,
663f70d9-1dd6-42d1-aa3f-f1516e5b2c2c,be45cdea-d9f6-49b8-8c0f-3095ad0996c3,7,5000000.00,under_review,,,,2026-07-25T09:33:44.968Z,a0000000-0000-0000-0000-000000000001,2026-07-25T09:33:46.520Z,a0000000-0000-0000-0000-000000000001,
bfc3063b-4ab0-4bbd-be00-51e0b0d3cd95,be45cdea-d9f6-49b8-8c0f-3095ad0996c3,8,5000000.00,draft,,,,2026-07-25T09:33:47.848Z,a0000000-0000-0000-0000-000000000001,2026-07-25T09:33:47.848Z,,
45fc96af-b00b-45de-a074-86b96ed29cef,429164fd-fa7d-4c14-ae46-d41dd338e99d,4,5000000.00,under_review,,,,2026-07-25T09:49:24.764Z,a0000000-0000-0000-0000-000000000001,2026-07-25T09:49:26.349Z,a0000000-0000-0000-0000-000000000001,
b57d4ed7-6c30-4dbc-89a6-366b06a47c4b,429164fd-fa7d-4c14-ae46-d41dd338e99d,5,0.00,draft,,,,2026-07-25T09:49:26.806Z,a0000000-0000-0000-0000-000000000001,2026-07-25T09:49:26.806Z,,
509433fc-8aec-4793-b68f-4346f8633a0c,be45cdea-d9f6-49b8-8c0f-3095ad0996c3,9,5000000.00,approved,a0000000-0000-0000-0000-000000000001,2026-07-25T09:33:56.097Z,,2026-07-25T09:33:49.553Z,a0000000-0000-0000-0000-000000000001,2026-07-25T09:33:56.097Z,a0000000-0000-0000-0000-000000000001,
1b6ae114-870b-4a31-a91b-61d7a19f09bc,be45cdea-d9f6-49b8-8c0f-3095ad0996c3,10,5000000.00,draft,,,,2026-07-25T09:33:56.745Z,a0000000-0000-0000-0000-000000000001,2026-07-25T09:33:59.971Z,a0000000-0000-0000-0000-000000000001,
4c8142d5-8fff-43db-98fb-30c92d50b4b8,429164fd-fa7d-4c14-ae46-d41dd338e99d,6,5000000.00,approved,a0000000-0000-0000-0000-000000000001,2026-07-25T09:49:32.359Z,,2026-07-25T09:49:28.150Z,a0000000-0000-0000-0000-000000000001,2026-07-25T09:49:32.359Z,a0000000-0000-0000-0000-000000000001,
fa394f44-6e8b-49d8-964d-726fda111765,be45cdea-d9f6-49b8-8c0f-3095ad0996c3,11,5000000.00,draft,,,,2026-07-25T09:34:00.621Z,a0000000-0000-0000-0000-000000000001,2026-07-25T09:34:03.896Z,a0000000-0000-0000-0000-000000000001,
812b5b26-70a7-43a1-a507-668539405627,1c58ef18-afea-4554-8bcd-f70f44a82b5a,1,0.00,draft,,,,2026-07-25T09:36:48.619Z,a0000000-0000-0000-0000-000000000001,2026-07-25T09:36:48.619Z,,
c72b4988-cea1-4c37-97be-3e5f8b6121eb,1c58ef18-afea-4554-8bcd-f70f44a82b5a,2,12000000.00,draft,,,,2026-07-25T09:36:49.580Z,a0000000-0000-0000-0000-000000000001,2026-07-25T09:36:49.580Z,,
e0dbc249-fdcc-49ff-a59d-76089d7cac6d,1c58ef18-afea-4554-8bcd-f70f44a82b5a,3,0.00,draft,,,,2026-07-25T09:36:49.743Z,a0000000-0000-0000-0000-000000000001,2026-07-25T09:36:49.743Z,,
98a28388-c706-4e50-aa54-33a3a02f810f,429164fd-fa7d-4c14-ae46-d41dd338e99d,7,5000000.00,under_review,,,,2026-07-25T09:49:32.794Z,a0000000-0000-0000-0000-000000000001,2026-07-25T09:49:34.322Z,a0000000-0000-0000-0000-000000000001,
e45e0b02-947d-46b0-bedf-9a725301b1e6,1c58ef18-afea-4554-8bcd-f70f44a82b5a,4,5000000.00,under_review,,,,2026-07-25T09:36:50.061Z,a0000000-0000-0000-0000-000000000001,2026-07-25T09:36:50.339Z,a0000000-0000-0000-0000-000000000001,
f06ae857-cdd6-47d7-bb04-60ea3784b5e1,1c58ef18-afea-4554-8bcd-f70f44a82b5a,5,0.00,draft,,,,2026-07-25T09:36:50.391Z,a0000000-0000-0000-0000-000000000001,2026-07-25T09:36:50.391Z,,
a36645d0-4de6-438f-b1b6-f09c43688f50,429164fd-fa7d-4c14-ae46-d41dd338e99d,8,5000000.00,draft,,,,2026-07-25T09:49:35.649Z,a0000000-0000-0000-0000-000000000001,2026-07-25T09:49:35.649Z,,
421e33dc-9974-4cf6-b66f-34fd9a374ce7,1c58ef18-afea-4554-8bcd-f70f44a82b5a,6,5000000.00,approved,a0000000-0000-0000-0000-000000000001,2026-07-25T09:36:51.569Z,,2026-07-25T09:36:50.611Z,a0000000-0000-0000-0000-000000000001,2026-07-25T09:36:51.569Z,a0000000-0000-0000-0000-000000000001,
770aa4ac-8f78-4bae-8713-a4fa55223404,1c58ef18-afea-4554-8bcd-f70f44a82b5a,7,5000000.00,under_review,,,,2026-07-25T09:36:51.626Z,a0000000-0000-0000-0000-000000000001,2026-07-25T09:36:51.895Z,a0000000-0000-0000-0000-000000000001,
9d29674c-2f86-4bd4-9beb-8d3aec0662ae,1c58ef18-afea-4554-8bcd-f70f44a82b5a,8,5000000.00,draft,,,,2026-07-25T09:36:52.070Z,a0000000-0000-0000-0000-000000000001,2026-07-25T09:36:52.070Z,,
a36ddf15-31dc-4b27-915d-12d7c16f6298,429164fd-fa7d-4c14-ae46-d41dd338e99d,9,5000000.00,approved,a0000000-0000-0000-0000-000000000001,2026-07-25T09:49:43.969Z,,2026-07-25T09:49:37.396Z,a0000000-0000-0000-0000-000000000001,2026-07-25T09:49:43.969Z,a0000000-0000-0000-0000-000000000001,
83c05cc0-816a-4503-8c1f-f8a9d38b2994,1c58ef18-afea-4554-8bcd-f70f44a82b5a,9,5000000.00,approved,a0000000-0000-0000-0000-000000000001,2026-07-25T09:36:53.249Z,,2026-07-25T09:36:52.322Z,a0000000-0000-0000-0000-000000000001,2026-07-25T09:36:53.249Z,a0000000-0000-0000-0000-000000000001,
8c3aebaf-7fd7-4293-8834-b1f251e59759,429164fd-fa7d-4c14-ae46-d41dd338e99d,10,5000000.00,draft,,,,2026-07-25T09:49:44.601Z,a0000000-0000-0000-0000-000000000001,2026-07-25T09:49:47.844Z,a0000000-0000-0000-0000-000000000001,
62951665-1be5-4c48-a47b-520ed29ad4eb,1c58ef18-afea-4554-8bcd-f70f44a82b5a,10,5000000.00,draft,,,,2026-07-25T09:36:53.319Z,a0000000-0000-0000-0000-000000000001,2026-07-25T09:36:53.842Z,a0000000-0000-0000-0000-000000000001,
51a73f5c-43b2-4997-b811-119184a2eada,1c58ef18-afea-4554-8bcd-f70f44a82b5a,11,5000000.00,draft,,,,2026-07-25T09:36:53.912Z,a0000000-0000-0000-0000-000000000001,2026-07-25T09:36:54.386Z,a0000000-0000-0000-0000-000000000001,
d9c828f3-70f9-4fbd-89f6-58703b0f3358,cfca8de9-7f8a-4eca-92cc-194b3cb7719e,1,0.00,draft,,,,2026-07-25T09:39:46.128Z,a0000000-0000-0000-0000-000000000001,2026-07-25T09:39:46.128Z,,
acfa5385-3ad6-459b-b938-fefe60716308,cfca8de9-7f8a-4eca-92cc-194b3cb7719e,2,12000000.00,draft,,,,2026-07-25T09:39:49.785Z,a0000000-0000-0000-0000-000000000001,2026-07-25T09:39:49.785Z,,
91ac4fca-33d5-42ac-85b4-3809667c0eed,cfca8de9-7f8a-4eca-92cc-194b3cb7719e,3,0.00,draft,,,,2026-07-25T09:39:51.936Z,a0000000-0000-0000-0000-000000000001,2026-07-25T09:39:51.936Z,,
abcd7ec2-1736-4cb3-9518-5989cfae6c65,429164fd-fa7d-4c14-ae46-d41dd338e99d,11,5000000.00,draft,,,,2026-07-25T09:49:48.477Z,a0000000-0000-0000-0000-000000000001,2026-07-25T09:49:51.790Z,a0000000-0000-0000-0000-000000000001,
adefb7a0-17a9-4e69-ba28-36672ded9124,cfca8de9-7f8a-4eca-92cc-194b3cb7719e,4,5000000.00,under_review,,,,2026-07-25T09:39:54.666Z,a0000000-0000-0000-0000-000000000001,2026-07-25T09:39:56.447Z,a0000000-0000-0000-0000-000000000001,
b127a6ef-0497-4d44-8fcc-022339cfadbe,cfca8de9-7f8a-4eca-92cc-194b3cb7719e,5,0.00,draft,,,,2026-07-25T09:39:56.947Z,a0000000-0000-0000-0000-000000000001,2026-07-25T09:39:56.947Z,,
e2ce5fc6-ecba-443f-a158-f6f151a9c8c1,ca72748c-9ece-47d0-92d1-fcfd8924aaf8,1,0.00,draft,,,,2026-07-25T10:11:40.400Z,a0000000-0000-0000-0000-000000000001,2026-07-25T10:11:40.400Z,,
43ed116b-5d6d-46f7-9fb5-394db5361831,ca72748c-9ece-47d0-92d1-fcfd8924aaf8,2,12000000.00,draft,,,,2026-07-25T10:11:40.813Z,a0000000-0000-0000-0000-000000000001,2026-07-25T10:11:40.813Z,,
9ab7dd66-f6ea-417e-b822-06d2cabe4ad9,cfca8de9-7f8a-4eca-92cc-194b3cb7719e,6,5000000.00,approved,a0000000-0000-0000-0000-000000000001,2026-07-25T09:40:05.559Z,,2026-07-25T09:39:58.343Z,a0000000-0000-0000-0000-000000000001,2026-07-25T09:40:05.559Z,a0000000-0000-0000-0000-000000000001,
61a8eece-8ba6-4f69-80a2-08a154d60422,ca72748c-9ece-47d0-92d1-fcfd8924aaf8,3,0.00,draft,,,,2026-07-25T10:11:40.970Z,a0000000-0000-0000-0000-000000000001,2026-07-25T10:11:40.970Z,,
ecb06ead-fb16-4692-8406-8f23882367b2,cfca8de9-7f8a-4eca-92cc-194b3cb7719e,7,5000000.00,under_review,,,,2026-07-25T09:40:06.043Z,a0000000-0000-0000-0000-000000000001,2026-07-25T09:40:07.691Z,a0000000-0000-0000-0000-000000000001,
d60409a8-89ca-4f79-bb3d-bdbed4e026c7,cfca8de9-7f8a-4eca-92cc-194b3cb7719e,8,5000000.00,draft,,,,2026-07-25T09:40:09.122Z,a0000000-0000-0000-0000-000000000001,2026-07-25T09:40:09.122Z,,
e3ec17fe-c7ba-455c-9f36-dabfb38701d4,ca72748c-9ece-47d0-92d1-fcfd8924aaf8,4,5000000.00,under_review,,,,2026-07-25T10:11:41.248Z,a0000000-0000-0000-0000-000000000001,2026-07-25T10:11:41.500Z,a0000000-0000-0000-0000-000000000001,
f43e6a2c-8848-46c2-ac0f-82914b8d686a,cfca8de9-7f8a-4eca-92cc-194b3cb7719e,9,5000000.00,approved,a0000000-0000-0000-0000-000000000001,2026-07-25T09:40:22.704Z,,2026-07-25T09:40:12.528Z,a0000000-0000-0000-0000-000000000001,2026-07-25T09:40:22.704Z,a0000000-0000-0000-0000-000000000001,
8e58e08a-c001-447d-ba0e-1dd196a7cc95,ca72748c-9ece-47d0-92d1-fcfd8924aaf8,5,0.00,draft,,,,2026-07-25T10:11:41.552Z,a0000000-0000-0000-0000-000000000001,2026-07-25T10:11:41.552Z,,
de119d75-82c4-4528-bb6f-7d0dbd37ed4f,cfca8de9-7f8a-4eca-92cc-194b3cb7719e,10,5000000.00,draft,,,,2026-07-25T09:40:23.411Z,a0000000-0000-0000-0000-000000000001,2026-07-25T09:40:26.705Z,a0000000-0000-0000-0000-000000000001,
d3a3c1cd-2ff4-4c5f-bb2b-ab1eacf0c04e,ca72748c-9ece-47d0-92d1-fcfd8924aaf8,6,5000000.00,approved,a0000000-0000-0000-0000-000000000001,2026-07-25T10:11:42.611Z,,2026-07-25T10:11:41.804Z,a0000000-0000-0000-0000-000000000001,2026-07-25T10:11:42.611Z,a0000000-0000-0000-0000-000000000001,
ee2dc651-9c04-479c-b5c5-e25472cf3c55,cfca8de9-7f8a-4eca-92cc-194b3cb7719e,11,5000000.00,draft,,,,2026-07-25T09:40:27.420Z,a0000000-0000-0000-0000-000000000001,2026-07-25T09:40:31.215Z,a0000000-0000-0000-0000-000000000001,
25dbd5c7-2a6c-47c6-b666-f6b4c585875c,ca72748c-9ece-47d0-92d1-fcfd8924aaf8,7,5000000.00,under_review,,,,2026-07-25T10:11:42.659Z,a0000000-0000-0000-0000-000000000001,2026-07-25T10:11:42.876Z,a0000000-0000-0000-0000-000000000001,
4ac1b5cd-f6d2-43de-b359-c9d81eec655e,ca72748c-9ece-47d0-92d1-fcfd8924aaf8,8,5000000.00,draft,,,,2026-07-25T10:11:43.039Z,a0000000-0000-0000-0000-000000000001,2026-07-25T10:11:43.039Z,,
eb3637e8-ee6d-4cd2-9af6-36f696478357,ca72748c-9ece-47d0-92d1-fcfd8924aaf8,9,5000000.00,approved,a0000000-0000-0000-0000-000000000001,2026-07-25T10:11:44.189Z,,2026-07-25T10:11:43.295Z,a0000000-0000-0000-0000-000000000001,2026-07-25T10:11:44.189Z,a0000000-0000-0000-0000-000000000001,
3cc221f7-c3eb-44a2-94fa-14089fc59a10,ca72748c-9ece-47d0-92d1-fcfd8924aaf8,10,5000000.00,draft,,,,2026-07-25T10:11:44.279Z,a0000000-0000-0000-0000-000000000001,2026-07-25T10:11:44.755Z,a0000000-0000-0000-0000-000000000001,
b7b094b9-6091-45ea-82f1-5d60e470be46,ca72748c-9ece-47d0-92d1-fcfd8924aaf8,11,5000000.00,draft,,,,2026-07-25T10:11:44.825Z,a0000000-0000-0000-0000-000000000001,2026-07-25T10:11:45.311Z,a0000000-0000-0000-0000-000000000001,
379dbb37-5ecf-4842-b796-18c7d2fb698f,d2ee35c0-0b56-4004-be77-fc8f49987f89,1,0.00,draft,,,,2026-07-25T10:14:40.734Z,a0000000-0000-0000-0000-000000000001,2026-07-25T10:14:40.734Z,,
09fa7ee1-3a26-47f6-8ddc-60bdcd0ad7c1,d2ee35c0-0b56-4004-be77-fc8f49987f89,2,12000000.00,draft,,,,2026-07-25T10:14:45.188Z,a0000000-0000-0000-0000-000000000001,2026-07-25T10:14:45.188Z,,
a565a6f2-4a8d-4aeb-b939-57393c943815,d2ee35c0-0b56-4004-be77-fc8f49987f89,3,0.00,draft,,,,2026-07-25T10:14:46.409Z,a0000000-0000-0000-0000-000000000001,2026-07-25T10:14:46.409Z,,
2b914d6c-5fe0-4610-b6ab-f7a9781465f7,d2ee35c0-0b56-4004-be77-fc8f49987f89,4,5000000.00,under_review,,,,2026-07-25T10:14:48.526Z,a0000000-0000-0000-0000-000000000001,2026-07-25T10:14:50.635Z,a0000000-0000-0000-0000-000000000001,
4b1b0c4f-2545-470b-8088-2635a1cceae9,d2ee35c0-0b56-4004-be77-fc8f49987f89,5,0.00,draft,,,,2026-07-25T10:14:51.137Z,a0000000-0000-0000-0000-000000000001,2026-07-25T10:14:51.137Z,,
10280150-4bae-415f-acbf-8fa700df6b1e,d2ee35c0-0b56-4004-be77-fc8f49987f89,6,5000000.00,approved,a0000000-0000-0000-0000-000000000001,2026-07-25T10:15:00.874Z,,2026-07-25T10:14:54.066Z,a0000000-0000-0000-0000-000000000001,2026-07-25T10:15:00.874Z,a0000000-0000-0000-0000-000000000001,
5c450227-a72f-4f9d-80fb-8539fb35c2b2,d2ee35c0-0b56-4004-be77-fc8f49987f89,7,5000000.00,under_review,,,,2026-07-25T10:15:01.358Z,a0000000-0000-0000-0000-000000000001,2026-07-25T10:15:05.050Z,a0000000-0000-0000-0000-000000000001,
cb75b337-94a7-4998-8202-1a75506c7565,d2ee35c0-0b56-4004-be77-fc8f49987f89,8,5000000.00,draft,,,,2026-07-25T10:15:06.403Z,a0000000-0000-0000-0000-000000000001,2026-07-25T10:15:06.403Z,,
276da9ea-9426-4df2-8190-0510e2df854f,d2ee35c0-0b56-4004-be77-fc8f49987f89,9,5000000.00,approved,a0000000-0000-0000-0000-000000000001,2026-07-25T10:15:20.280Z,,2026-07-25T10:15:08.233Z,a0000000-0000-0000-0000-000000000001,2026-07-25T10:15:20.280Z,a0000000-0000-0000-0000-000000000001,
8bfadbb2-c281-413c-9514-afa539802152,d2ee35c0-0b56-4004-be77-fc8f49987f89,10,5000000.00,draft,,,,2026-07-25T10:15:20.986Z,a0000000-0000-0000-0000-000000000001,2026-07-25T10:15:25.858Z,a0000000-0000-0000-0000-000000000001,
e2d8b5ed-6203-45f2-8471-6e8a756e75dd,d2ee35c0-0b56-4004-be77-fc8f49987f89,11,5000000.00,draft,,,,2026-07-25T10:15:26.562Z,a0000000-0000-0000-0000-000000000001,2026-07-25T10:15:31.439Z,a0000000-0000-0000-0000-000000000001,
160a4e49-f667-4854-a9ca-84e0799a7088,8694305e-e55b-4c3d-954a-da4b1200a670,1,0.00,draft,,,,2026-07-25T10:24:41.960Z,a0000000-0000-0000-0000-000000000001,2026-07-25T10:24:41.960Z,,
204f1e3a-6945-497d-8de4-a142a302ab7c,8694305e-e55b-4c3d-954a-da4b1200a670,2,12000000.00,draft,,,,2026-07-25T10:24:46.944Z,a0000000-0000-0000-0000-000000000001,2026-07-25T10:24:46.944Z,,
b7e7543a-f833-40b0-94d7-2dfd447225bf,8694305e-e55b-4c3d-954a-da4b1200a670,3,0.00,draft,,,,2026-07-25T10:24:48.043Z,a0000000-0000-0000-0000-000000000001,2026-07-25T10:24:48.043Z,,
bbf2c0c6-2592-47c6-8813-e727f284a7ac,8694305e-e55b-4c3d-954a-da4b1200a670,4,5000000.00,under_review,,,,2026-07-25T10:24:49.719Z,a0000000-0000-0000-0000-000000000001,2026-07-25T10:24:51.357Z,a0000000-0000-0000-0000-000000000001,
40e469fe-79be-40ca-a453-26d54a99d436,8694305e-e55b-4c3d-954a-da4b1200a670,5,0.00,draft,,,,2026-07-25T10:24:51.858Z,a0000000-0000-0000-0000-000000000001,2026-07-25T10:24:51.858Z,,
22183bb6-9576-41f2-a6d4-cd84f8d02317,8694305e-e55b-4c3d-954a-da4b1200a670,6,5000000.00,approved,a0000000-0000-0000-0000-000000000001,2026-07-25T10:24:59.557Z,,2026-07-25T10:24:53.191Z,a0000000-0000-0000-0000-000000000001,2026-07-25T10:24:59.557Z,a0000000-0000-0000-0000-000000000001,
2838c321-cdbd-4bd5-8922-a6e2af106d26,8694305e-e55b-4c3d-954a-da4b1200a670,7,5000000.00,under_review,,,,2026-07-25T10:25:00.054Z,a0000000-0000-0000-0000-000000000001,2026-07-25T10:25:01.838Z,a0000000-0000-0000-0000-000000000001,
ec45e2d9-cd4a-489e-8fd7-c692f613f0c0,8694305e-e55b-4c3d-954a-da4b1200a670,8,5000000.00,draft,,,,2026-07-25T10:25:03.718Z,a0000000-0000-0000-0000-000000000001,2026-07-25T10:25:03.718Z,,
6eb95b8b-59ce-4074-9987-ca18336aea81,8694305e-e55b-4c3d-954a-da4b1200a670,9,5000000.00,approved,a0000000-0000-0000-0000-000000000001,2026-07-25T10:25:13.243Z,,2026-07-25T10:25:06.134Z,a0000000-0000-0000-0000-000000000001,2026-07-25T10:25:13.243Z,a0000000-0000-0000-0000-000000000001,
edadf039-0ad6-4ad3-b27d-f8b48ed31d56,8694305e-e55b-4c3d-954a-da4b1200a670,10,5000000.00,draft,,,,2026-07-25T10:25:13.947Z,a0000000-0000-0000-0000-000000000001,2026-07-25T10:25:17.194Z,a0000000-0000-0000-0000-000000000001,
2bedd274-152f-487f-851b-1d6537c946ad,8694305e-e55b-4c3d-954a-da4b1200a670,11,5000000.00,draft,,,,2026-07-25T10:25:17.893Z,a0000000-0000-0000-0000-000000000001,2026-07-25T10:25:22.167Z,a0000000-0000-0000-0000-000000000001,
0487ad87-9aed-44e6-b557-cd0159214bfd,dd29f0f6-8caa-4195-a6d4-5ad68a0cd5a7,1,0.00,draft,,,,2026-07-25T13:28:39.604Z,a0000000-0000-0000-0000-000000000001,2026-07-25T13:28:39.604Z,,
10499d29-ccd5-4fc4-9447-6e3bfe22ac8a,dd29f0f6-8caa-4195-a6d4-5ad68a0cd5a7,2,12000000.00,draft,,,,2026-07-25T13:28:41.229Z,a0000000-0000-0000-0000-000000000001,2026-07-25T13:28:41.229Z,,
7e8b2332-8e92-4785-986e-151f21795924,dd29f0f6-8caa-4195-a6d4-5ad68a0cd5a7,3,0.00,draft,,,,2026-07-25T13:28:41.505Z,a0000000-0000-0000-0000-000000000001,2026-07-25T13:28:41.505Z,,
c39a34d5-5b6d-4424-9836-3b7698541f67,dd29f0f6-8caa-4195-a6d4-5ad68a0cd5a7,4,5000000.00,under_review,,,,2026-07-25T13:28:41.803Z,a0000000-0000-0000-0000-000000000001,2026-07-25T13:28:42.573Z,a0000000-0000-0000-0000-000000000001,
1a5e9b76-352a-4c73-b146-f940b7536361,dd29f0f6-8caa-4195-a6d4-5ad68a0cd5a7,5,0.00,draft,,,,2026-07-25T13:28:42.632Z,a0000000-0000-0000-0000-000000000001,2026-07-25T13:28:42.632Z,,
a062055d-9158-41a6-9ef6-d251a19396ea,dd29f0f6-8caa-4195-a6d4-5ad68a0cd5a7,6,5000000.00,approved,a0000000-0000-0000-0000-000000000001,2026-07-25T13:28:43.787Z,,2026-07-25T13:28:42.906Z,a0000000-0000-0000-0000-000000000001,2026-07-25T13:28:43.787Z,a0000000-0000-0000-0000-000000000001,
c29cf49d-992e-4df5-804b-910a3841bb2f,dd29f0f6-8caa-4195-a6d4-5ad68a0cd5a7,7,5000000.00,under_review,,,,2026-07-25T13:28:43.837Z,a0000000-0000-0000-0000-000000000001,2026-07-25T13:28:44.069Z,a0000000-0000-0000-0000-000000000001,
c5eeeb2a-a12e-4023-b9df-21dc7eea4ad0,dd29f0f6-8caa-4195-a6d4-5ad68a0cd5a7,8,5000000.00,draft,,,,2026-07-25T13:28:44.259Z,a0000000-0000-0000-0000-000000000001,2026-07-25T13:28:44.259Z,,
162ba03c-fdc6-44c4-bae7-8d007f1bcc29,dd29f0f6-8caa-4195-a6d4-5ad68a0cd5a7,9,5000000.00,approved,a0000000-0000-0000-0000-000000000001,2026-07-25T13:28:45.699Z,,2026-07-25T13:28:44.544Z,a0000000-0000-0000-0000-000000000001,2026-07-25T13:28:45.699Z,a0000000-0000-0000-0000-000000000001,
25939cdb-9c1a-4863-af4c-444b06153aae,dd29f0f6-8caa-4195-a6d4-5ad68a0cd5a7,10,5000000.00,draft,,,,2026-07-25T13:28:45.772Z,a0000000-0000-0000-0000-000000000001,2026-07-25T13:28:46.295Z,a0000000-0000-0000-0000-000000000001,
67ee3202-2ea4-41c8-9e9b-d6888f80e558,dd29f0f6-8caa-4195-a6d4-5ad68a0cd5a7,11,5000000.00,draft,,,,2026-07-25T13:28:46.363Z,a0000000-0000-0000-0000-000000000001,2026-07-25T13:28:46.889Z,a0000000-0000-0000-0000-000000000001,
968d7226-ce18-4373-98dc-8012a10d46bd,b43ee84b-9d38-4e53-a0f3-60ec69c7f137,1,0.00,draft,,,,2026-07-25T13:38:32.764Z,a0000000-0000-0000-0000-000000000001,2026-07-25T13:38:32.764Z,,
91abcad5-8b3c-4c09-b8c6-8f37185d1cb3,b43ee84b-9d38-4e53-a0f3-60ec69c7f137,2,12000000.00,draft,,,,2026-07-25T13:38:37.181Z,a0000000-0000-0000-0000-000000000001,2026-07-25T13:38:37.181Z,,
a7580043-2cf6-4d01-a5c1-5fe04fd97eee,b43ee84b-9d38-4e53-a0f3-60ec69c7f137,3,0.00,draft,,,,2026-07-25T13:38:38.279Z,a0000000-0000-0000-0000-000000000001,2026-07-25T13:38:38.279Z,,
18611824-1d9a-4ee4-b8ff-4118a2b17132,b43ee84b-9d38-4e53-a0f3-60ec69c7f137,4,5000000.00,under_review,,,,2026-07-25T13:38:39.884Z,a0000000-0000-0000-0000-000000000001,2026-07-25T13:38:41.518Z,a0000000-0000-0000-0000-000000000001,
fb7f1709-da53-4f79-ab3d-f431a71553ee,b43ee84b-9d38-4e53-a0f3-60ec69c7f137,5,0.00,draft,,,,2026-07-25T13:38:41.971Z,a0000000-0000-0000-0000-000000000001,2026-07-25T13:38:41.971Z,,
dddcd472-12e7-419c-b6e9-29a2b7078b1f,b43ee84b-9d38-4e53-a0f3-60ec69c7f137,6,5000000.00,approved,a0000000-0000-0000-0000-000000000001,2026-07-25T13:38:47.733Z,,2026-07-25T13:38:43.372Z,a0000000-0000-0000-0000-000000000001,2026-07-25T13:38:47.733Z,a0000000-0000-0000-0000-000000000001,
78fda4d2-7678-4380-8b78-bf29626eface,b43ee84b-9d38-4e53-a0f3-60ec69c7f137,7,5000000.00,under_review,,,,2026-07-25T13:38:48.184Z,a0000000-0000-0000-0000-000000000001,2026-07-25T13:38:49.730Z,a0000000-0000-0000-0000-000000000001,
94ec5565-cb09-4dc1-bf8b-0edae4e8cc83,b43ee84b-9d38-4e53-a0f3-60ec69c7f137,8,5000000.00,draft,,,,2026-07-25T13:38:51.144Z,a0000000-0000-0000-0000-000000000001,2026-07-25T13:38:51.144Z,,
0144d0f5-d65e-4a5e-8d2f-c87b44453c3a,b43ee84b-9d38-4e53-a0f3-60ec69c7f137,9,5000000.00,approved,a0000000-0000-0000-0000-000000000001,2026-07-25T13:38:59.509Z,,2026-07-25T13:38:52.904Z,a0000000-0000-0000-0000-000000000001,2026-07-25T13:38:59.509Z,a0000000-0000-0000-0000-000000000001,
d243f51f-3a1b-42d4-a10d-4133808f0731,b43ee84b-9d38-4e53-a0f3-60ec69c7f137,10,5000000.00,draft,,,,2026-07-25T13:39:00.142Z,a0000000-0000-0000-0000-000000000001,2026-07-25T13:39:03.361Z,a0000000-0000-0000-0000-000000000001,
b9a53ff8-92ea-4470-b7cb-c25f998045a2,b43ee84b-9d38-4e53-a0f3-60ec69c7f137,11,5000000.00,draft,,,,2026-07-25T13:39:03.993Z,a0000000-0000-0000-0000-000000000001,2026-07-25T13:39:07.488Z,a0000000-0000-0000-0000-000000000001,
b8be5372-05b5-4628-bbc9-9308f30db221,5525318f-11c1-4d51-bd27-612c1f35ada2,1,0.00,draft,,,,2026-07-25T13:53:42.389Z,a0000000-0000-0000-0000-000000000001,2026-07-25T13:53:42.389Z,,
b46d1c60-51b8-4c7e-a799-cfb41f780ca2,5525318f-11c1-4d51-bd27-612c1f35ada2,2,12000000.00,draft,,,,2026-07-25T13:53:45.961Z,a0000000-0000-0000-0000-000000000001,2026-07-25T13:53:45.961Z,,
557c3354-9852-484e-9930-5fecab5b9eee,5525318f-11c1-4d51-bd27-612c1f35ada2,3,0.00,draft,,,,2026-07-25T13:53:46.947Z,a0000000-0000-0000-0000-000000000001,2026-07-25T13:53:46.947Z,,
229ba280-6790-414b-85b2-bafe39556947,5525318f-11c1-4d51-bd27-612c1f35ada2,4,5000000.00,under_review,,,,2026-07-25T13:53:48.855Z,a0000000-0000-0000-0000-000000000001,2026-07-25T13:53:50.361Z,a0000000-0000-0000-0000-000000000001,
362b9ada-93df-4ddf-b90d-0d0f480d1237,5525318f-11c1-4d51-bd27-612c1f35ada2,5,0.00,draft,,,,2026-07-25T13:53:50.798Z,a0000000-0000-0000-0000-000000000001,2026-07-25T13:53:50.798Z,,
d115ccb5-515f-4b42-af63-5333aed547eb,5525318f-11c1-4d51-bd27-612c1f35ada2,6,5000000.00,approved,a0000000-0000-0000-0000-000000000001,2026-07-25T13:53:56.634Z,,2026-07-25T13:53:51.963Z,a0000000-0000-0000-0000-000000000001,2026-07-25T13:53:56.634Z,a0000000-0000-0000-0000-000000000001,
e45a66ca-34c9-4c0d-b85f-1dd0793116ac,5525318f-11c1-4d51-bd27-612c1f35ada2,7,5000000.00,under_review,,,,2026-07-25T13:53:57.077Z,a0000000-0000-0000-0000-000000000001,2026-07-25T13:53:58.547Z,a0000000-0000-0000-0000-000000000001,
314a7d7c-6508-479c-b11a-801eb4caf39c,5525318f-11c1-4d51-bd27-612c1f35ada2,8,5000000.00,draft,,,,2026-07-25T13:53:59.745Z,a0000000-0000-0000-0000-000000000001,2026-07-25T13:53:59.745Z,,
fa743c94-1ec2-44cf-8484-8bfeb7abe3a2,5525318f-11c1-4d51-bd27-612c1f35ada2,9,5000000.00,approved,a0000000-0000-0000-0000-000000000001,2026-07-25T13:54:08.470Z,,2026-07-25T13:54:01.333Z,a0000000-0000-0000-0000-000000000001,2026-07-25T13:54:08.470Z,a0000000-0000-0000-0000-000000000001,
17b1c45b-6e13-4058-b536-62edd3a118ca,5525318f-11c1-4d51-bd27-612c1f35ada2,10,5000000.00,draft,,,,2026-07-25T13:54:09.109Z,a0000000-0000-0000-0000-000000000001,2026-07-25T13:54:12.038Z,a0000000-0000-0000-0000-000000000001,
c3c5bd19-9c17-4738-adce-3b20d8e5fae0,5525318f-11c1-4d51-bd27-612c1f35ada2,11,5000000.00,draft,,,,2026-07-25T13:54:12.697Z,a0000000-0000-0000-0000-000000000001,2026-07-25T13:54:15.974Z,a0000000-0000-0000-0000-000000000001,
a6efdc15-b7f5-4785-be40-d86e82d01f37,ba0b9902-b427-490b-b948-70f46447f295,1,0.00,draft,,,,2026-07-25T14:06:49.559Z,a0000000-0000-0000-0000-000000000001,2026-07-25T14:06:49.559Z,,
cc938c55-82ef-41d5-9cb7-b72af6926463,ba0b9902-b427-490b-b948-70f46447f295,2,12000000.00,draft,,,,2026-07-25T14:06:54.799Z,a0000000-0000-0000-0000-000000000001,2026-07-25T14:06:54.799Z,,
f982aaa4-00c4-4f84-b4fd-86c1d867ed3f,ba0b9902-b427-490b-b948-70f46447f295,3,0.00,draft,,,,2026-07-25T14:06:57.100Z,a0000000-0000-0000-0000-000000000001,2026-07-25T14:06:57.100Z,,
832f3535-2bc5-4380-bc51-779dcb0c1d60,ba0b9902-b427-490b-b948-70f46447f295,4,5000000.00,under_review,,,,2026-07-25T14:06:58.850Z,a0000000-0000-0000-0000-000000000001,2026-07-25T14:07:01.142Z,a0000000-0000-0000-0000-000000000001,
145abd40-2aac-4bef-affc-2dc9207d09b6,ba0b9902-b427-490b-b948-70f46447f295,5,0.00,draft,,,,2026-07-25T14:07:01.654Z,a0000000-0000-0000-0000-000000000001,2026-07-25T14:07:01.654Z,,
3e6f2b51-712d-49de-a2f8-e12360107dc7,ba0b9902-b427-490b-b948-70f46447f295,6,5000000.00,approved,a0000000-0000-0000-0000-000000000001,2026-07-25T14:07:10.529Z,,2026-07-25T14:07:04.071Z,a0000000-0000-0000-0000-000000000001,2026-07-25T14:07:10.529Z,a0000000-0000-0000-0000-000000000001,
a6dc82d1-ba55-4cd0-a5b1-6d99c2f8a5f8,ba0b9902-b427-490b-b948-70f46447f295,7,5000000.00,under_review,,,,2026-07-25T14:07:11.007Z,a0000000-0000-0000-0000-000000000001,2026-07-25T14:07:13.179Z,a0000000-0000-0000-0000-000000000001,
52c6a2eb-9f0f-48b0-adc2-cdf618bdb397,ba0b9902-b427-490b-b948-70f46447f295,8,5000000.00,draft,,,,2026-07-25T14:07:15.116Z,a0000000-0000-0000-0000-000000000001,2026-07-25T14:07:15.116Z,,
5e6cbb89-b0d5-4db4-96ce-0c9c1dd27db3,ba0b9902-b427-490b-b948-70f46447f295,9,5000000.00,approved,a0000000-0000-0000-0000-000000000001,2026-07-25T14:07:27.703Z,,2026-07-25T14:07:16.970Z,a0000000-0000-0000-0000-000000000001,2026-07-25T14:07:27.703Z,a0000000-0000-0000-0000-000000000001,
efc5228b-5e8d-485d-8df8-0dbdf2f1450c,ba0b9902-b427-490b-b948-70f46447f295,10,5000000.00,draft,,,,2026-07-25T14:07:28.427Z,a0000000-0000-0000-0000-000000000001,2026-07-25T14:07:31.856Z,a0000000-0000-0000-0000-000000000001,
71e98f32-55d3-444c-84bf-5ffed4e15d0d,ba0b9902-b427-490b-b948-70f46447f295,11,5000000.00,draft,,,,2026-07-25T14:07:32.581Z,a0000000-0000-0000-0000-000000000001,2026-07-25T14:07:36.029Z,a0000000-0000-0000-0000-000000000001,
09f1116a-0fc8-4832-ae68-9b38dfe5330b,a63b5461-afb8-44b9-8656-4580bef637bc,1,0.00,draft,,,,2026-07-25T14:14:38.335Z,a0000000-0000-0000-0000-000000000001,2026-07-25T14:14:38.335Z,,
ba2d4eb1-3155-4daf-bb20-3176d988c496,a63b5461-afb8-44b9-8656-4580bef637bc,2,12000000.00,draft,,,,2026-07-25T14:14:41.909Z,a0000000-0000-0000-0000-000000000001,2026-07-25T14:14:41.909Z,,
53962e3e-e8f7-419a-96d5-ef29c2b1f673,a63b5461-afb8-44b9-8656-4580bef637bc,3,0.00,draft,,,,2026-07-25T14:14:42.930Z,a0000000-0000-0000-0000-000000000001,2026-07-25T14:14:42.930Z,,
7ecbc104-9b3d-4032-9956-c980b774041f,a63b5461-afb8-44b9-8656-4580bef637bc,4,5000000.00,under_review,,,,2026-07-25T14:14:44.474Z,a0000000-0000-0000-0000-000000000001,2026-07-25T14:14:46.030Z,a0000000-0000-0000-0000-000000000001,
49313278-0554-4016-ad2f-60e49ac94f2e,a63b5461-afb8-44b9-8656-4580bef637bc,5,0.00,draft,,,,2026-07-25T14:14:46.480Z,a0000000-0000-0000-0000-000000000001,2026-07-25T14:14:46.480Z,,
c8e75d90-9d20-49d4-b22b-077ad5faed34,44774a22-796e-41d1-ad6b-da46b5ce5eed,7,5000000.00,under_review,,,,2026-07-25T15:34:56.078Z,a0000000-0000-0000-0000-000000000001,2026-07-25T15:34:57.637Z,a0000000-0000-0000-0000-000000000001,
08b90427-31cc-403a-9ba2-6fa51b324cba,a63b5461-afb8-44b9-8656-4580bef637bc,6,5000000.00,approved,a0000000-0000-0000-0000-000000000001,2026-07-25T14:14:52.068Z,,2026-07-25T14:14:47.796Z,a0000000-0000-0000-0000-000000000001,2026-07-25T14:14:52.068Z,a0000000-0000-0000-0000-000000000001,
00476232-d6e1-421e-a5d5-f98aa5a16ad4,44774a22-796e-41d1-ad6b-da46b5ce5eed,8,5000000.00,draft,,,,2026-07-25T15:34:58.606Z,a0000000-0000-0000-0000-000000000001,2026-07-25T15:34:58.606Z,,
857cfd6e-db8f-4830-a112-f477441a6bb0,a63b5461-afb8-44b9-8656-4580bef637bc,7,5000000.00,under_review,,,,2026-07-25T14:14:52.519Z,a0000000-0000-0000-0000-000000000001,2026-07-25T14:14:54.086Z,a0000000-0000-0000-0000-000000000001,
5a0300f1-a017-4e51-a9c8-50d93a6f8407,a63b5461-afb8-44b9-8656-4580bef637bc,8,5000000.00,draft,,,,2026-07-25T14:14:55.420Z,a0000000-0000-0000-0000-000000000001,2026-07-25T14:14:55.420Z,,
5374c257-1ca0-4ee0-9f47-e2dc8af13274,a63b5461-afb8-44b9-8656-4580bef637bc,9,5000000.00,approved,a0000000-0000-0000-0000-000000000001,2026-07-25T14:15:04.053Z,,2026-07-25T14:14:57.407Z,a0000000-0000-0000-0000-000000000001,2026-07-25T14:15:04.053Z,a0000000-0000-0000-0000-000000000001,
2510bd2c-d11c-45fc-95e6-e9867eff3caa,26c34b23-0864-460a-b66d-1a44b53d975f,9,5000000.00,approved,a0000000-0000-0000-0000-000000000001,2026-07-25T15:35:01.860Z,,2026-07-25T15:34:55.101Z,a0000000-0000-0000-0000-000000000001,2026-07-25T15:35:01.860Z,a0000000-0000-0000-0000-000000000001,
6eb8bfa0-f304-407e-941f-b2c0d72588b7,a63b5461-afb8-44b9-8656-4580bef637bc,10,5000000.00,draft,,,,2026-07-25T14:15:04.699Z,a0000000-0000-0000-0000-000000000001,2026-07-25T14:15:07.981Z,a0000000-0000-0000-0000-000000000001,
ba65748d-77ee-4cd3-9597-ce934b65bfb2,44774a22-796e-41d1-ad6b-da46b5ce5eed,9,5000000.00,draft,,,,2026-07-25T15:35:00.335Z,a0000000-0000-0000-0000-000000000001,2026-07-25T15:35:02.779Z,a0000000-0000-0000-0000-000000000001,
fc5d81e9-ead5-428f-a338-d9c828c43ba8,a63b5461-afb8-44b9-8656-4580bef637bc,11,5000000.00,draft,,,,2026-07-25T14:15:08.625Z,a0000000-0000-0000-0000-000000000001,2026-07-25T14:15:11.953Z,a0000000-0000-0000-0000-000000000001,
32ff6528-de8d-4af0-8f71-617333745788,379546cd-2ebe-40dc-a252-20a0d87c9a65,1,0.00,draft,,,,2026-07-25T14:22:55.170Z,a0000000-0000-0000-0000-000000000001,2026-07-25T14:22:55.170Z,,
3f324271-54da-45a1-8fec-8f5c7565287c,379546cd-2ebe-40dc-a252-20a0d87c9a65,2,12000000.00,draft,,,,2026-07-25T14:22:58.111Z,a0000000-0000-0000-0000-000000000001,2026-07-25T14:22:58.111Z,,
9dcd8b51-cb88-4022-8443-be693f4f75bb,379546cd-2ebe-40dc-a252-20a0d87c9a65,3,0.00,draft,,,,2026-07-25T14:22:59.369Z,a0000000-0000-0000-0000-000000000001,2026-07-25T14:22:59.369Z,,
af24cd51-b345-4fc3-9b40-d6654fa32dde,379546cd-2ebe-40dc-a252-20a0d87c9a65,4,5000000.00,under_review,,,,2026-07-25T14:23:00.743Z,a0000000-0000-0000-0000-000000000001,2026-07-25T14:23:02.051Z,a0000000-0000-0000-0000-000000000001,
f8ca6c14-e5fc-418e-b1ae-16c43a65d76c,379546cd-2ebe-40dc-a252-20a0d87c9a65,5,0.00,draft,,,,2026-07-25T14:23:02.435Z,a0000000-0000-0000-0000-000000000001,2026-07-25T14:23:02.435Z,,
723d6fcb-a832-478c-ab2b-4e98e8c9c16a,44774a22-796e-41d1-ad6b-da46b5ce5eed,10,5000000.00,draft,,,,2026-07-25T15:35:03.313Z,a0000000-0000-0000-0000-000000000001,2026-07-25T15:35:05.764Z,a0000000-0000-0000-0000-000000000001,
498d5ddd-fa53-4671-8ee9-5167fc4ec65f,379546cd-2ebe-40dc-a252-20a0d87c9a65,6,5000000.00,approved,a0000000-0000-0000-0000-000000000001,2026-07-25T14:23:08.568Z,,2026-07-25T14:23:03.875Z,a0000000-0000-0000-0000-000000000001,2026-07-25T14:23:08.568Z,a0000000-0000-0000-0000-000000000001,
b50f46e5-41c7-4076-b274-38dc87f710d6,26c34b23-0864-460a-b66d-1a44b53d975f,10,5000000.00,draft,,,,2026-07-25T15:35:02.499Z,a0000000-0000-0000-0000-000000000001,2026-07-25T15:35:05.821Z,a0000000-0000-0000-0000-000000000001,
315830d1-bbe2-446e-a10a-63b871c0ae8a,379546cd-2ebe-40dc-a252-20a0d87c9a65,7,5000000.00,under_review,,,,2026-07-25T14:23:08.947Z,a0000000-0000-0000-0000-000000000001,2026-07-25T14:23:10.214Z,a0000000-0000-0000-0000-000000000001,
a698e6c5-8955-4a0f-b46c-c11497a661da,379546cd-2ebe-40dc-a252-20a0d87c9a65,8,5000000.00,draft,,,,2026-07-25T14:23:11.635Z,a0000000-0000-0000-0000-000000000001,2026-07-25T14:23:11.635Z,,
80051c2b-f3b2-4b67-a54a-3a3998ae6fe6,379546cd-2ebe-40dc-a252-20a0d87c9a65,9,5000000.00,approved,a0000000-0000-0000-0000-000000000001,2026-07-25T14:23:19.008Z,,2026-07-25T14:23:13.097Z,a0000000-0000-0000-0000-000000000001,2026-07-25T14:23:19.008Z,a0000000-0000-0000-0000-000000000001,
06022e3f-5f5f-44c9-846f-5f2c2f237a0e,26c34b23-0864-460a-b66d-1a44b53d975f,11,5000000.00,draft,,,,2026-07-25T15:35:06.449Z,a0000000-0000-0000-0000-000000000001,2026-07-25T15:35:09.815Z,a0000000-0000-0000-0000-000000000001,
d823efca-d665-4d2c-a13b-4654e264cdd0,442091d1-1fda-48a5-81fe-f8463485261f,1,0.00,draft,,,,2026-07-25T15:58:04.963Z,a0000000-0000-0000-0000-000000000001,2026-07-25T15:58:04.963Z,,
d1cd2cf4-1738-4287-a393-3b02e39ce6b4,379546cd-2ebe-40dc-a252-20a0d87c9a65,10,5000000.00,draft,,,,2026-07-25T14:23:19.568Z,a0000000-0000-0000-0000-000000000001,2026-07-25T14:23:22.302Z,a0000000-0000-0000-0000-000000000001,
8b9aa03d-b820-4e07-9014-0d9401ae3564,442091d1-1fda-48a5-81fe-f8463485261f,2,12000000.00,draft,,,,2026-07-25T15:58:10.164Z,a0000000-0000-0000-0000-000000000001,2026-07-25T15:58:10.164Z,,
ef2c494e-adfa-4aaa-b6f9-985a709f98a8,442091d1-1fda-48a5-81fe-f8463485261f,3,0.00,draft,,,,2026-07-25T15:58:11.248Z,a0000000-0000-0000-0000-000000000001,2026-07-25T15:58:11.248Z,,
0ee16a74-d231-4c51-a835-03c9ea4fb0a2,379546cd-2ebe-40dc-a252-20a0d87c9a65,11,5000000.00,draft,,,,2026-07-25T14:23:22.859Z,a0000000-0000-0000-0000-000000000001,2026-07-25T14:23:25.927Z,a0000000-0000-0000-0000-000000000001,
42aae88f-fe22-4f61-b3cf-a693f6eac0af,d33ce25d-ede5-4c10-ade9-0ca2583c39e0,1,0.00,draft,,,,2026-07-25T14:59:14.113Z,a0000000-0000-0000-0000-000000000001,2026-07-25T14:59:14.113Z,,
8b5b40a0-6859-4697-a9ac-e155a0db442d,d33ce25d-ede5-4c10-ade9-0ca2583c39e0,2,12000000.00,draft,,,,2026-07-25T14:59:19.309Z,a0000000-0000-0000-0000-000000000001,2026-07-25T14:59:19.309Z,,
416958aa-6cd8-489d-85f2-2d2bdf9ca46a,d33ce25d-ede5-4c10-ade9-0ca2583c39e0,3,0.00,draft,,,,2026-07-25T14:59:21.558Z,a0000000-0000-0000-0000-000000000001,2026-07-25T14:59:21.558Z,,
63cf06d1-0f2c-4f53-bb86-0788cb83c6fc,d33ce25d-ede5-4c10-ade9-0ca2583c39e0,4,5000000.00,under_review,,,,2026-07-25T14:59:23.732Z,a0000000-0000-0000-0000-000000000001,2026-07-25T14:59:27.054Z,a0000000-0000-0000-0000-000000000001,
dbe85a24-f14a-4126-85e4-cb6dece46ab4,d33ce25d-ede5-4c10-ade9-0ca2583c39e0,5,0.00,draft,,,,2026-07-25T14:59:27.545Z,a0000000-0000-0000-0000-000000000001,2026-07-25T14:59:27.545Z,,
e15af3b5-6a36-495b-8915-928bf8baeffd,442091d1-1fda-48a5-81fe-f8463485261f,4,5000000.00,under_review,,,,2026-07-25T15:58:13.484Z,a0000000-0000-0000-0000-000000000001,2026-07-25T15:58:16.714Z,a0000000-0000-0000-0000-000000000001,
9d12ce72-c301-48cf-b3c1-771faa46b521,442091d1-1fda-48a5-81fe-f8463485261f,5,0.00,draft,,,,2026-07-25T15:58:17.212Z,a0000000-0000-0000-0000-000000000001,2026-07-25T15:58:17.212Z,,
d9b90bd1-ecdd-4a0c-a118-2e7f7eaeac3c,d33ce25d-ede5-4c10-ade9-0ca2583c39e0,6,5000000.00,approved,a0000000-0000-0000-0000-000000000001,2026-07-25T14:59:37.589Z,,2026-07-25T14:59:31.117Z,a0000000-0000-0000-0000-000000000001,2026-07-25T14:59:37.589Z,a0000000-0000-0000-0000-000000000001,
9c65be04-8c28-4dc3-b22f-cb3eb269b60f,d33ce25d-ede5-4c10-ade9-0ca2583c39e0,7,5000000.00,under_review,,,,2026-07-25T14:59:38.063Z,a0000000-0000-0000-0000-000000000001,2026-07-25T14:59:40.830Z,a0000000-0000-0000-0000-000000000001,
ada67ca4-6042-402d-bd96-77a824f111af,d33ce25d-ede5-4c10-ade9-0ca2583c39e0,8,5000000.00,draft,,,,2026-07-25T14:59:42.755Z,a0000000-0000-0000-0000-000000000001,2026-07-25T14:59:42.755Z,,
0adfad1b-0697-4dbb-9dd2-49ff5e347567,18c4d0f1-7a56-4a0e-a525-c6d2a4b4b046,1,0.00,draft,,,,2026-07-25T15:58:23.693Z,a0000000-0000-0000-0000-000000000001,2026-07-25T15:58:23.693Z,,
0360bfa8-6c98-4744-a36f-3aa9f8a53873,d33ce25d-ede5-4c10-ade9-0ca2583c39e0,9,5000000.00,approved,a0000000-0000-0000-0000-000000000001,2026-07-25T14:59:55.838Z,,2026-07-25T14:59:45.752Z,a0000000-0000-0000-0000-000000000001,2026-07-25T14:59:55.838Z,a0000000-0000-0000-0000-000000000001,
db05564b-a806-432e-8df1-e7cf4372c432,442091d1-1fda-48a5-81fe-f8463485261f,6,5000000.00,approved,a0000000-0000-0000-0000-000000000001,2026-07-25T15:58:26.581Z,,2026-07-25T15:58:20.194Z,a0000000-0000-0000-0000-000000000001,2026-07-25T15:58:26.581Z,a0000000-0000-0000-0000-000000000001,
f1e13d6a-12c1-4520-a6eb-95c06b61dab2,18c4d0f1-7a56-4a0e-a525-c6d2a4b4b046,2,12000000.00,draft,,,,2026-07-25T15:58:26.722Z,a0000000-0000-0000-0000-000000000001,2026-07-25T15:58:26.722Z,,
a321ebc2-3a7b-4b81-8080-2f9cd5f12d93,d33ce25d-ede5-4c10-ade9-0ca2583c39e0,10,5000000.00,draft,,,,2026-07-25T14:59:56.550Z,a0000000-0000-0000-0000-000000000001,2026-07-25T15:00:00.061Z,a0000000-0000-0000-0000-000000000001,
f3369b11-d36b-4006-b73f-3792c9ce9b21,18c4d0f1-7a56-4a0e-a525-c6d2a4b4b046,3,0.00,draft,,,,2026-07-25T15:58:27.737Z,a0000000-0000-0000-0000-000000000001,2026-07-25T15:58:27.737Z,,
b2e98ebb-d5a2-42d6-b702-f8d7cc96eda3,d33ce25d-ede5-4c10-ade9-0ca2583c39e0,11,5000000.00,draft,,,,2026-07-25T15:00:00.801Z,a0000000-0000-0000-0000-000000000001,2026-07-25T15:00:05.902Z,a0000000-0000-0000-0000-000000000001,
cfa11ef4-30ee-4422-9f13-29c6dc9ff109,26c34b23-0864-460a-b66d-1a44b53d975f,1,0.00,draft,,,,2026-07-25T15:34:34.659Z,a0000000-0000-0000-0000-000000000001,2026-07-25T15:34:34.659Z,,
41a9ee98-2ed9-4b92-a80a-996e54805f8b,26c34b23-0864-460a-b66d-1a44b53d975f,2,12000000.00,draft,,,,2026-07-25T15:34:38.451Z,a0000000-0000-0000-0000-000000000001,2026-07-25T15:34:38.451Z,,
6297628d-8eb0-4df9-b3e5-4a0af2aa9aaf,26c34b23-0864-460a-b66d-1a44b53d975f,3,0.00,draft,,,,2026-07-25T15:34:40.056Z,a0000000-0000-0000-0000-000000000001,2026-07-25T15:34:40.056Z,,
2e01edaa-f40e-4217-8a4a-bea642b84df2,44774a22-796e-41d1-ad6b-da46b5ce5eed,1,0.00,draft,,,,2026-07-25T15:34:41.067Z,a0000000-0000-0000-0000-000000000001,2026-07-25T15:34:41.067Z,,
766a538c-c3e3-441a-9f35-689ee0986f85,26c34b23-0864-460a-b66d-1a44b53d975f,4,5000000.00,under_review,,,,2026-07-25T15:34:41.667Z,a0000000-0000-0000-0000-000000000001,2026-07-25T15:34:43.274Z,a0000000-0000-0000-0000-000000000001,
a3073995-a835-4776-b87d-504e805cc0e1,44774a22-796e-41d1-ad6b-da46b5ce5eed,2,12000000.00,draft,,,,2026-07-25T15:34:43.541Z,a0000000-0000-0000-0000-000000000001,2026-07-25T15:34:43.541Z,,
9ad7f25c-de4e-4c4b-b802-be46e48363be,26c34b23-0864-460a-b66d-1a44b53d975f,5,0.00,draft,,,,2026-07-25T15:34:43.721Z,a0000000-0000-0000-0000-000000000001,2026-07-25T15:34:43.721Z,,
4b83a90a-3e59-4243-9048-6de867f979e2,18c4d0f1-7a56-4a0e-a525-c6d2a4b4b046,5,0.00,draft,,,,2026-07-25T15:58:31.301Z,a0000000-0000-0000-0000-000000000001,2026-07-25T15:58:31.301Z,,
027c1a94-5339-406f-bf49-8cc74c89e1ec,44774a22-796e-41d1-ad6b-da46b5ce5eed,3,0.00,draft,,,,2026-07-25T15:34:45.062Z,a0000000-0000-0000-0000-000000000001,2026-07-25T15:34:45.062Z,,
03ebfc64-dbab-4c53-87af-581560f7ce33,44774a22-796e-41d1-ad6b-da46b5ce5eed,4,5000000.00,under_review,,,,2026-07-25T15:34:47.426Z,a0000000-0000-0000-0000-000000000001,2026-07-25T15:34:48.634Z,a0000000-0000-0000-0000-000000000001,
23fea146-c1f0-4675-9749-508a975b737f,44774a22-796e-41d1-ad6b-da46b5ce5eed,5,0.00,draft,,,,2026-07-25T15:34:48.999Z,a0000000-0000-0000-0000-000000000001,2026-07-25T15:34:48.999Z,,
43f81302-429a-4e74-8350-5b334323f66e,26c34b23-0864-460a-b66d-1a44b53d975f,6,5000000.00,approved,a0000000-0000-0000-0000-000000000001,2026-07-25T15:34:49.215Z,,2026-07-25T15:34:45.029Z,a0000000-0000-0000-0000-000000000001,2026-07-25T15:34:49.215Z,a0000000-0000-0000-0000-000000000001,
17640682-b7b4-4a4e-9e4d-b5b079f7c8ae,26c34b23-0864-460a-b66d-1a44b53d975f,7,5000000.00,under_review,,,,2026-07-25T15:34:49.653Z,a0000000-0000-0000-0000-000000000001,2026-07-25T15:34:51.401Z,a0000000-0000-0000-0000-000000000001,
63f5243a-b377-43c3-bc3b-f9791dcb0077,26c34b23-0864-460a-b66d-1a44b53d975f,8,5000000.00,draft,,,,2026-07-25T15:34:53.401Z,a0000000-0000-0000-0000-000000000001,2026-07-25T15:34:53.401Z,,
fd2f8130-58f6-4cc1-9df5-2502e6deeb1d,44774a22-796e-41d1-ad6b-da46b5ce5eed,6,5000000.00,under_review,,,,2026-07-25T15:34:51.504Z,a0000000-0000-0000-0000-000000000001,2026-07-25T15:34:53.477Z,a0000000-0000-0000-0000-000000000001,
8d59720c-a207-4ac9-a3e8-0892316409df,442091d1-1fda-48a5-81fe-f8463485261f,7,5000000.00,under_review,,,,2026-07-25T15:58:27.072Z,a0000000-0000-0000-0000-000000000001,2026-07-25T15:58:28.678Z,a0000000-0000-0000-0000-000000000001,
08fc1108-ed9f-4fad-b680-64ff23bc7b98,18c4d0f1-7a56-4a0e-a525-c6d2a4b4b046,4,5000000.00,under_review,,,,2026-07-25T15:58:29.313Z,a0000000-0000-0000-0000-000000000001,2026-07-25T15:58:30.864Z,a0000000-0000-0000-0000-000000000001,
76888bab-80a1-4f1f-9112-9c175e4f88dd,aca4b078-b459-4255-9e25-6f8831b5b462,1,0.00,draft,,,,2026-07-25T21:04:12.551Z,a0000000-0000-0000-0000-000000000001,2026-07-25T21:04:12.551Z,,
fd5db30b-07b7-485c-92a2-8eafa7278c5d,aca4b078-b459-4255-9e25-6f8831b5b462,2,12000000.00,draft,,,,2026-07-25T21:04:15.935Z,a0000000-0000-0000-0000-000000000001,2026-07-25T21:04:15.935Z,,
67c0a569-ac72-41c1-976c-ec316dbade25,aca4b078-b459-4255-9e25-6f8831b5b462,3,0.00,draft,,,,2026-07-25T21:04:17.124Z,a0000000-0000-0000-0000-000000000001,2026-07-25T21:04:17.124Z,,
116aed64-427d-4aa2-92d1-0d929681d684,aca4b078-b459-4255-9e25-6f8831b5b462,4,5000000.00,under_review,,,,2026-07-25T21:04:18.693Z,a0000000-0000-0000-0000-000000000001,2026-07-25T21:04:19.884Z,a0000000-0000-0000-0000-000000000001,
6a705ecc-0716-4e13-9449-518570e92d97,aca4b078-b459-4255-9e25-6f8831b5b462,5,0.00,draft,,,,2026-07-25T21:04:20.247Z,a0000000-0000-0000-0000-000000000001,2026-07-25T21:04:20.247Z,,
6ead5a8f-638d-48f4-8f57-5d5e4edbf0aa,aca4b078-b459-4255-9e25-6f8831b5b462,6,5000000.00,approved,a0000000-0000-0000-0000-000000000001,2026-07-25T21:04:27.363Z,,2026-07-25T21:04:22.746Z,a0000000-0000-0000-0000-000000000001,2026-07-25T21:04:27.363Z,a0000000-0000-0000-0000-000000000001,
8288fd0c-fcab-4ef7-8b2b-624728dfca1a,aca4b078-b459-4255-9e25-6f8831b5b462,7,5000000.00,under_review,,,,2026-07-25T21:04:27.723Z,a0000000-0000-0000-0000-000000000001,2026-07-25T21:04:28.904Z,a0000000-0000-0000-0000-000000000001,
4127f8a2-ad16-483b-963e-62680f6644cd,aca4b078-b459-4255-9e25-6f8831b5b462,8,5000000.00,draft,,,,2026-07-25T21:04:30.692Z,a0000000-0000-0000-0000-000000000001,2026-07-25T21:04:30.692Z,,
cef0fc4e-346d-4786-8e09-9ba6a7c32e32,aca4b078-b459-4255-9e25-6f8831b5b462,9,5000000.00,approved,a0000000-0000-0000-0000-000000000001,2026-07-25T21:04:39.110Z,,2026-07-25T21:04:32.931Z,a0000000-0000-0000-0000-000000000001,2026-07-25T21:04:39.110Z,a0000000-0000-0000-0000-000000000001,
5353f601-157a-4899-80f9-526c7f7fa07b,a2a5f662-f4ce-4358-b05f-e2e973c3e633,1,0.00,draft,,,,2026-07-28T20:07:50.978Z,a0000000-0000-0000-0000-000000000001,2026-07-28T20:07:50.978Z,,
52019291-16dc-4227-8bb6-af7f595457b7,aca4b078-b459-4255-9e25-6f8831b5b462,10,5000000.00,draft,,,,2026-07-25T21:04:39.642Z,a0000000-0000-0000-0000-000000000001,2026-07-25T21:04:42.162Z,a0000000-0000-0000-0000-000000000001,
581f4274-ab7b-4afe-b53b-007106e5272f,a2a5f662-f4ce-4358-b05f-e2e973c3e633,2,12000000.00,draft,,,,2026-07-28T20:07:51.905Z,a0000000-0000-0000-0000-000000000001,2026-07-28T20:07:51.905Z,,
4cf3e8b6-9a63-4fb4-8ef9-2283399fed18,a2a5f662-f4ce-4358-b05f-e2e973c3e633,3,0.00,draft,,,,2026-07-28T20:07:52.087Z,a0000000-0000-0000-0000-000000000001,2026-07-28T20:07:52.087Z,,
6b9716df-05f8-463a-b06c-210650e4191a,aca4b078-b459-4255-9e25-6f8831b5b462,11,5000000.00,draft,,,,2026-07-25T21:04:42.692Z,a0000000-0000-0000-0000-000000000001,2026-07-25T21:04:45.170Z,a0000000-0000-0000-0000-000000000001,
a2b52fc7-a6f9-412b-9f13-a978a62057c8,a08448c0-0ae7-4ae0-bd6d-b25d7ff1f16a,1,0.00,draft,,,,2026-07-28T16:27:49.117Z,a0000000-0000-0000-0000-000000000001,2026-07-28T16:27:49.117Z,,
b90302e4-33eb-47b2-a4d6-1144bb5c9e60,a08448c0-0ae7-4ae0-bd6d-b25d7ff1f16a,2,12000000.00,draft,,,,2026-07-28T16:27:50.619Z,a0000000-0000-0000-0000-000000000001,2026-07-28T16:27:50.619Z,,
22380d4a-24c1-4201-9c7b-da16af757b93,a08448c0-0ae7-4ae0-bd6d-b25d7ff1f16a,3,0.00,draft,,,,2026-07-28T16:27:50.801Z,a0000000-0000-0000-0000-000000000001,2026-07-28T16:27:50.801Z,,
6a67b37a-0957-4908-a51b-8cd3ccb988a1,a08448c0-0ae7-4ae0-bd6d-b25d7ff1f16a,4,5000000.00,under_review,,,,2026-07-28T16:27:51.170Z,a0000000-0000-0000-0000-000000000001,2026-07-28T16:27:51.435Z,a0000000-0000-0000-0000-000000000001,
565bf0d0-d38d-459e-9548-229624ea62f9,a08448c0-0ae7-4ae0-bd6d-b25d7ff1f16a,5,0.00,draft,,,,2026-07-28T16:27:51.495Z,a0000000-0000-0000-0000-000000000001,2026-07-28T16:27:51.495Z,,
7644a72e-d9b5-4d2b-9721-ba112c40369f,a2a5f662-f4ce-4358-b05f-e2e973c3e633,4,5000000.00,under_review,,,,2026-07-28T20:07:52.371Z,a0000000-0000-0000-0000-000000000001,2026-07-28T20:07:52.714Z,a0000000-0000-0000-0000-000000000001,
753940e7-c8e7-4064-a669-83a2bdc1dcf0,a2a5f662-f4ce-4358-b05f-e2e973c3e633,5,0.00,draft,,,,2026-07-28T20:07:52.762Z,a0000000-0000-0000-0000-000000000001,2026-07-28T20:07:52.762Z,,
4256a42c-298a-4024-8b13-7b9306867e1c,a08448c0-0ae7-4ae0-bd6d-b25d7ff1f16a,6,5000000.00,approved,a0000000-0000-0000-0000-000000000001,2026-07-28T16:27:52.560Z,,2026-07-28T16:27:51.721Z,a0000000-0000-0000-0000-000000000001,2026-07-28T16:27:52.560Z,a0000000-0000-0000-0000-000000000001,
8e82c990-75c5-48b0-89b4-2685be46eee1,a08448c0-0ae7-4ae0-bd6d-b25d7ff1f16a,7,5000000.00,under_review,,,,2026-07-28T16:27:52.607Z,a0000000-0000-0000-0000-000000000001,2026-07-28T16:27:53.294Z,a0000000-0000-0000-0000-000000000001,
20f630d8-008b-408e-a6d4-8810ba578efe,a08448c0-0ae7-4ae0-bd6d-b25d7ff1f16a,8,5000000.00,draft,,,,2026-07-28T16:27:53.512Z,a0000000-0000-0000-0000-000000000001,2026-07-28T16:27:53.512Z,,
2f80023e-a9c1-4325-bd50-7a081f484ddc,a2a5f662-f4ce-4358-b05f-e2e973c3e633,6,5000000.00,approved,a0000000-0000-0000-0000-000000000001,2026-07-28T20:07:53.793Z,,2026-07-28T20:07:53.060Z,a0000000-0000-0000-0000-000000000001,2026-07-28T20:07:53.793Z,a0000000-0000-0000-0000-000000000001,
ca41192e-dd1d-46bf-b028-2209d90398dd,a08448c0-0ae7-4ae0-bd6d-b25d7ff1f16a,9,5000000.00,approved,a0000000-0000-0000-0000-000000000001,2026-07-28T16:27:55.026Z,,2026-07-28T16:27:53.804Z,a0000000-0000-0000-0000-000000000001,2026-07-28T16:27:55.026Z,a0000000-0000-0000-0000-000000000001,
fbb13fe3-8f09-4c1f-9488-501cff2c3f7b,a2a5f662-f4ce-4358-b05f-e2e973c3e633,7,5000000.00,under_review,,,,2026-07-28T20:07:53.840Z,a0000000-0000-0000-0000-000000000001,2026-07-28T20:07:54.066Z,a0000000-0000-0000-0000-000000000001,
1fa5c090-689e-47fe-a62c-9b81eb1b6ef7,a08448c0-0ae7-4ae0-bd6d-b25d7ff1f16a,10,5000000.00,draft,,,,2026-07-28T16:27:55.098Z,a0000000-0000-0000-0000-000000000001,2026-07-28T16:27:55.735Z,a0000000-0000-0000-0000-000000000001,
f72f3f53-61be-4cc1-9850-e791d322395e,a2a5f662-f4ce-4358-b05f-e2e973c3e633,8,5000000.00,draft,,,,2026-07-28T20:07:54.270Z,a0000000-0000-0000-0000-000000000001,2026-07-28T20:07:54.270Z,,
a4654e85-79bc-4810-af05-ed398977d6cf,a08448c0-0ae7-4ae0-bd6d-b25d7ff1f16a,11,5000000.00,draft,,,,2026-07-28T16:27:55.815Z,a0000000-0000-0000-0000-000000000001,2026-07-28T16:27:56.411Z,a0000000-0000-0000-0000-000000000001,
052125ad-36e1-4b76-8a40-967fff852876,a2a5f662-f4ce-4358-b05f-e2e973c3e633,9,5000000.00,approved,a0000000-0000-0000-0000-000000000001,2026-07-28T20:07:55.562Z,,2026-07-28T20:07:54.578Z,a0000000-0000-0000-0000-000000000001,2026-07-28T20:07:55.562Z,a0000000-0000-0000-0000-000000000001,
a1daf5e4-1819-4587-8848-ebdfe6a2426b,a2a5f662-f4ce-4358-b05f-e2e973c3e633,10,5000000.00,draft,,,,2026-07-28T20:07:55.631Z,a0000000-0000-0000-0000-000000000001,2026-07-28T20:07:56.130Z,a0000000-0000-0000-0000-000000000001,
bd52304a-ed9f-4983-a7a6-a6f1330fde2b,a2a5f662-f4ce-4358-b05f-e2e973c3e633,11,5000000.00,draft,,,,2026-07-28T20:07:56.203Z,a0000000-0000-0000-0000-000000000001,2026-07-28T20:07:56.709Z,a0000000-0000-0000-0000-000000000001,
331ffdb9-db4b-47d5-ab87-619d221161c2,d4aa9536-b268-4253-b29c-1a72e54ba367,1,0.00,draft,,,,2026-07-28T20:35:59.040Z,a0000000-0000-0000-0000-000000000001,2026-07-28T20:35:59.040Z,,
9e4095e0-35e3-47cf-a037-85f9c38a6b65,d4aa9536-b268-4253-b29c-1a72e54ba367,2,12000000.00,draft,,,,2026-07-28T20:36:00.153Z,a0000000-0000-0000-0000-000000000001,2026-07-28T20:36:00.153Z,,
476afc77-9b1b-4c89-ad05-dcb7e21cc8df,d4aa9536-b268-4253-b29c-1a72e54ba367,3,0.00,draft,,,,2026-07-28T20:36:00.342Z,a0000000-0000-0000-0000-000000000001,2026-07-28T20:36:00.342Z,,
6905b46e-f1e9-4212-a1a4-1390bc14b275,d4aa9536-b268-4253-b29c-1a72e54ba367,4,5000000.00,under_review,,,,2026-07-28T20:36:00.763Z,a0000000-0000-0000-0000-000000000001,2026-07-28T20:36:01.027Z,a0000000-0000-0000-0000-000000000001,
5ad5f813-f805-4d89-b2f1-031227a661ec,d4aa9536-b268-4253-b29c-1a72e54ba367,5,0.00,draft,,,,2026-07-28T20:36:01.078Z,a0000000-0000-0000-0000-000000000001,2026-07-28T20:36:01.078Z,,
90e7d4bf-1bb5-4cd1-bdfc-59801bc9697e,d4aa9536-b268-4253-b29c-1a72e54ba367,6,5000000.00,approved,a0000000-0000-0000-0000-000000000001,2026-07-28T20:36:02.121Z,,2026-07-28T20:36:01.371Z,a0000000-0000-0000-0000-000000000001,2026-07-28T20:36:02.121Z,a0000000-0000-0000-0000-000000000001,
fafb5544-16fe-4cc7-a0ee-b1c47e2db87d,d4aa9536-b268-4253-b29c-1a72e54ba367,7,5000000.00,under_review,,,,2026-07-28T20:36:02.166Z,a0000000-0000-0000-0000-000000000001,2026-07-28T20:36:02.390Z,a0000000-0000-0000-0000-000000000001,
619b8e1c-52da-473e-adb7-7f4723e0bd2c,d4aa9536-b268-4253-b29c-1a72e54ba367,8,5000000.00,draft,,,,2026-07-28T20:36:02.590Z,a0000000-0000-0000-0000-000000000001,2026-07-28T20:36:02.590Z,,
1a4300b4-2f75-43ac-ad7d-54f0c803240a,d4aa9536-b268-4253-b29c-1a72e54ba367,9,5000000.00,approved,a0000000-0000-0000-0000-000000000001,2026-07-28T20:36:03.846Z,,2026-07-28T20:36:02.875Z,a0000000-0000-0000-0000-000000000001,2026-07-28T20:36:03.846Z,a0000000-0000-0000-0000-000000000001,
84b4ba0e-2ddb-49b4-b54e-6f8ec148887d,d4aa9536-b268-4253-b29c-1a72e54ba367,10,5000000.00,draft,,,,2026-07-28T20:36:03.910Z,a0000000-0000-0000-0000-000000000001,2026-07-28T20:36:04.416Z,a0000000-0000-0000-0000-000000000001,
fb18136f-40d8-44d4-8d30-d85a109b6a0b,d4aa9536-b268-4253-b29c-1a72e54ba367,11,5000000.00,draft,,,,2026-07-28T20:36:04.482Z,a0000000-0000-0000-0000-000000000001,2026-07-28T20:36:04.997Z,a0000000-0000-0000-0000-000000000001,
126ccbc2-ae6a-473e-a138-d9181ab1d471,8c819e8a-54e3-43fc-bfdd-c7c0fc659e6f,1,0.00,draft,,,,2026-07-28T20:41:02.967Z,a0000000-0000-0000-0000-000000000001,2026-07-28T20:41:02.967Z,,
decc997a-2911-44f3-9182-2edcf6df0f91,8c819e8a-54e3-43fc-bfdd-c7c0fc659e6f,2,12000000.00,draft,,,,2026-07-28T20:41:04.033Z,a0000000-0000-0000-0000-000000000001,2026-07-28T20:41:04.033Z,,
60c59ced-8901-4f94-8a8f-7ace59f54c78,8c819e8a-54e3-43fc-bfdd-c7c0fc659e6f,3,0.00,draft,,,,2026-07-28T20:41:04.220Z,a0000000-0000-0000-0000-000000000001,2026-07-28T20:41:04.220Z,,
29e10038-9bd7-4abf-b88e-d6e26cee3d55,8c819e8a-54e3-43fc-bfdd-c7c0fc659e6f,4,5000000.00,under_review,,,,2026-07-28T20:41:04.562Z,a0000000-0000-0000-0000-000000000001,2026-07-28T20:41:04.816Z,a0000000-0000-0000-0000-000000000001,
f3b1b4da-26cb-4e74-992a-d9f789a9d025,8c819e8a-54e3-43fc-bfdd-c7c0fc659e6f,5,0.00,draft,,,,2026-07-28T20:41:04.865Z,a0000000-0000-0000-0000-000000000001,2026-07-28T20:41:04.865Z,,
602f8fff-6879-478f-8dc1-949b82981e26,8c819e8a-54e3-43fc-bfdd-c7c0fc659e6f,6,5000000.00,approved,a0000000-0000-0000-0000-000000000001,2026-07-28T20:41:05.857Z,,2026-07-28T20:41:05.135Z,a0000000-0000-0000-0000-000000000001,2026-07-28T20:41:05.857Z,a0000000-0000-0000-0000-000000000001,
d8c1ee63-343f-4b4a-b9bf-81e191534410,8c819e8a-54e3-43fc-bfdd-c7c0fc659e6f,7,5000000.00,under_review,,,,2026-07-28T20:41:05.904Z,a0000000-0000-0000-0000-000000000001,2026-07-28T20:41:06.130Z,a0000000-0000-0000-0000-000000000001,
162e9e47-aec3-4bf4-8fff-fd490c25c023,8c819e8a-54e3-43fc-bfdd-c7c0fc659e6f,8,5000000.00,draft,,,,2026-07-28T20:41:06.324Z,a0000000-0000-0000-0000-000000000001,2026-07-28T20:41:06.324Z,,
f8db31a9-cb8f-40d6-9e90-5003cf104cae,8c819e8a-54e3-43fc-bfdd-c7c0fc659e6f,9,5000000.00,approved,a0000000-0000-0000-0000-000000000001,2026-07-28T20:41:07.586Z,,2026-07-28T20:41:06.607Z,a0000000-0000-0000-0000-000000000001,2026-07-28T20:41:07.586Z,a0000000-0000-0000-0000-000000000001,
ed7b8cef-ed6b-45bd-9400-1787d35999d3,8c819e8a-54e3-43fc-bfdd-c7c0fc659e6f,10,5000000.00,draft,,,,2026-07-28T20:41:07.652Z,a0000000-0000-0000-0000-000000000001,2026-07-28T20:41:08.135Z,a0000000-0000-0000-0000-000000000001,
f64f160b-0994-4ebe-be3c-35363b66fc57,8c819e8a-54e3-43fc-bfdd-c7c0fc659e6f,11,5000000.00,draft,,,,2026-07-28T20:41:08.200Z,a0000000-0000-0000-0000-000000000001,2026-07-28T20:41:08.704Z,a0000000-0000-0000-0000-000000000001,
4e73485a-ff0f-4f38-a653-6b026fe0ff61,ba112998-4fdc-4b89-a546-b5a5b9fa07b4,3,0.00,draft,,,,2026-07-28T21:00:21.794Z,a0000000-0000-0000-0000-000000000001,2026-07-28T21:00:21.794Z,,
ae9bd590-d149-45d2-8305-d016bcdebdba,ba112998-4fdc-4b89-a546-b5a5b9fa07b4,4,5000000.00,under_review,,,,2026-07-28T21:00:22.115Z,a0000000-0000-0000-0000-000000000001,2026-07-28T21:00:22.380Z,a0000000-0000-0000-0000-000000000001,
32a9ac2a-67e2-4b5d-900a-3b6882230268,ba112998-4fdc-4b89-a546-b5a5b9fa07b4,5,0.00,draft,,,,2026-07-28T21:00:22.437Z,a0000000-0000-0000-0000-000000000001,2026-07-28T21:00:22.437Z,,
6becad78-cde1-4bbd-b193-4ed77d2464c6,442091d1-1fda-48a5-81fe-f8463485261f,8,5000000.00,draft,,,,2026-07-25T15:58:31.634Z,a0000000-0000-0000-0000-000000000001,2026-07-25T15:58:31.634Z,,
d07ddd86-2bd4-4f6c-b38f-cc7a44132ae0,bcca2f91-671c-4500-9318-ed7ee234a70e,1,0.00,draft,,,,2026-07-26T20:08:42.646Z,a0000000-0000-0000-0000-000000000001,2026-07-26T20:08:42.646Z,,
ab41d7a4-374a-4b67-9f1a-08cc7ac4fbf2,bcca2f91-671c-4500-9318-ed7ee234a70e,2,12000000.00,draft,,,,2026-07-26T20:08:43.022Z,a0000000-0000-0000-0000-000000000001,2026-07-26T20:08:43.022Z,,
ecb745b3-d7fb-4461-9081-046add058415,442091d1-1fda-48a5-81fe-f8463485261f,9,5000000.00,approved,a0000000-0000-0000-0000-000000000001,2026-07-25T15:58:44.722Z,,2026-07-25T15:58:34.536Z,a0000000-0000-0000-0000-000000000001,2026-07-25T15:58:44.722Z,a0000000-0000-0000-0000-000000000001,
c4fec9d5-7a6e-4ae6-9c8c-406fe3cf8293,bcca2f91-671c-4500-9318-ed7ee234a70e,3,0.00,draft,,,,2026-07-26T20:08:43.153Z,a0000000-0000-0000-0000-000000000001,2026-07-26T20:08:43.153Z,,
844286cd-c48a-401f-99ad-96923cc3a50f,a40bebb1-aa26-4c03-be4a-0f6103b61326,1,0.00,draft,,,,2026-07-29T08:56:08.822Z,a0000000-0000-0000-0000-000000000001,2026-07-29T08:56:08.822Z,,
c917e7c1-75ff-434d-a4de-cdcd0c180ffd,442091d1-1fda-48a5-81fe-f8463485261f,10,5000000.00,draft,,,,2026-07-25T15:58:45.444Z,a0000000-0000-0000-0000-000000000001,2026-07-25T15:58:49.926Z,a0000000-0000-0000-0000-000000000001,
4a1dc3c2-2886-4921-bc7f-0a409b27db00,bcca2f91-671c-4500-9318-ed7ee234a70e,4,5000000.00,under_review,,,,2026-07-26T20:08:43.454Z,a0000000-0000-0000-0000-000000000001,2026-07-26T20:08:43.722Z,a0000000-0000-0000-0000-000000000001,
9ecc5d45-462d-4453-bd27-6fa2b10339d3,bcca2f91-671c-4500-9318-ed7ee234a70e,5,0.00,draft,,,,2026-07-26T20:08:43.787Z,a0000000-0000-0000-0000-000000000001,2026-07-26T20:08:43.787Z,,
9b3e61c5-baa7-47d1-8948-688844208b0c,442091d1-1fda-48a5-81fe-f8463485261f,11,5000000.00,draft,,,,2026-07-25T15:58:50.644Z,a0000000-0000-0000-0000-000000000001,2026-07-25T15:58:54.682Z,a0000000-0000-0000-0000-000000000001,
1dae6b45-b522-4c28-bc59-4dfedc61ce25,a40bebb1-aa26-4c03-be4a-0f6103b61326,2,12000000.00,draft,,,,2026-07-29T08:56:10.147Z,a0000000-0000-0000-0000-000000000001,2026-07-29T08:56:10.147Z,,
bd79626c-baff-440c-be52-f27c5d0f9760,92880126-b354-4276-8521-f1a62e37ae3c,1,0.00,draft,,,,2026-07-28T20:11:49.973Z,a0000000-0000-0000-0000-000000000001,2026-07-28T20:11:49.973Z,,
eab7ca12-6a74-4b80-acbd-c5d8823720be,bcca2f91-671c-4500-9318-ed7ee234a70e,6,5000000.00,approved,a0000000-0000-0000-0000-000000000001,2026-07-26T20:08:44.700Z,,2026-07-26T20:08:43.998Z,a0000000-0000-0000-0000-000000000001,2026-07-26T20:08:44.700Z,a0000000-0000-0000-0000-000000000001,
e7a7df74-ce9b-4e2e-a7d8-39361e06b9a3,92880126-b354-4276-8521-f1a62e37ae3c,2,12000000.00,draft,,,,2026-07-28T20:11:50.647Z,a0000000-0000-0000-0000-000000000001,2026-07-28T20:11:50.647Z,,
f53a3b20-c64e-4337-a21a-aea5a606d585,bcca2f91-671c-4500-9318-ed7ee234a70e,7,5000000.00,under_review,,,,2026-07-26T20:08:44.749Z,a0000000-0000-0000-0000-000000000001,2026-07-26T20:08:44.952Z,a0000000-0000-0000-0000-000000000001,
cc0aa565-4460-4973-b96b-6ba6ba04d850,bcca2f91-671c-4500-9318-ed7ee234a70e,8,5000000.00,draft,,,,2026-07-26T20:08:45.129Z,a0000000-0000-0000-0000-000000000001,2026-07-26T20:08:45.129Z,,
f3b7556e-b0ea-4fca-bf16-d5aadb5767b6,92880126-b354-4276-8521-f1a62e37ae3c,3,0.00,draft,,,,2026-07-28T20:11:50.807Z,a0000000-0000-0000-0000-000000000001,2026-07-28T20:11:50.807Z,,
ca4fb724-b74a-4f6a-bd85-c90cdd327720,bcca2f91-671c-4500-9318-ed7ee234a70e,9,5000000.00,approved,a0000000-0000-0000-0000-000000000001,2026-07-26T20:08:46.313Z,,2026-07-26T20:08:45.380Z,a0000000-0000-0000-0000-000000000001,2026-07-26T20:08:46.313Z,a0000000-0000-0000-0000-000000000001,
34feba84-ad2c-47e5-bd3c-479adf00cf85,92880126-b354-4276-8521-f1a62e37ae3c,4,5000000.00,under_review,,,,2026-07-28T20:11:51.091Z,a0000000-0000-0000-0000-000000000001,2026-07-28T20:11:51.328Z,a0000000-0000-0000-0000-000000000001,
dcfbef67-a333-4713-b7e5-79f179b657d7,92880126-b354-4276-8521-f1a62e37ae3c,5,0.00,draft,,,,2026-07-28T20:11:51.379Z,a0000000-0000-0000-0000-000000000001,2026-07-28T20:11:51.379Z,,
838a62ee-ccd4-4e5c-a755-315b30eb3b3b,bcca2f91-671c-4500-9318-ed7ee234a70e,10,5000000.00,draft,,,,2026-07-26T20:08:46.392Z,a0000000-0000-0000-0000-000000000001,2026-07-26T20:08:46.885Z,a0000000-0000-0000-0000-000000000001,
fedb64fe-7e41-4337-aed3-b49b0f5c4832,bcca2f91-671c-4500-9318-ed7ee234a70e,11,5000000.00,draft,,,,2026-07-26T20:08:46.956Z,a0000000-0000-0000-0000-000000000001,2026-07-26T20:08:47.445Z,a0000000-0000-0000-0000-000000000001,
7ea4df35-6c43-4835-b108-510e39194ba5,92880126-b354-4276-8521-f1a62e37ae3c,6,5000000.00,approved,a0000000-0000-0000-0000-000000000001,2026-07-28T20:11:52.325Z,,2026-07-28T20:11:51.582Z,a0000000-0000-0000-0000-000000000001,2026-07-28T20:11:52.325Z,a0000000-0000-0000-0000-000000000001,
47070eda-5e0a-4609-a0e0-1f7cc0957a76,92880126-b354-4276-8521-f1a62e37ae3c,7,5000000.00,under_review,,,,2026-07-28T20:11:52.372Z,a0000000-0000-0000-0000-000000000001,2026-07-28T20:11:52.602Z,a0000000-0000-0000-0000-000000000001,
94741464-6a2c-41da-b103-23ea31cee3e5,92880126-b354-4276-8521-f1a62e37ae3c,8,5000000.00,draft,,,,2026-07-28T20:11:52.796Z,a0000000-0000-0000-0000-000000000001,2026-07-28T20:11:52.796Z,,
12a55d0e-2974-421e-8a9f-00d96c35c53e,92880126-b354-4276-8521-f1a62e37ae3c,9,5000000.00,approved,a0000000-0000-0000-0000-000000000001,2026-07-28T20:11:53.989Z,,2026-07-28T20:11:53.068Z,a0000000-0000-0000-0000-000000000001,2026-07-28T20:11:53.989Z,a0000000-0000-0000-0000-000000000001,
58f63fe2-8bfd-4450-9eb1-bae43cd28974,92880126-b354-4276-8521-f1a62e37ae3c,10,5000000.00,draft,,,,2026-07-28T20:11:54.058Z,a0000000-0000-0000-0000-000000000001,2026-07-28T20:11:54.541Z,a0000000-0000-0000-0000-000000000001,
7ec47abd-c07c-4c6b-a91e-9856fb2e961b,92880126-b354-4276-8521-f1a62e37ae3c,11,5000000.00,draft,,,,2026-07-28T20:11:54.607Z,a0000000-0000-0000-0000-000000000001,2026-07-28T20:11:55.108Z,a0000000-0000-0000-0000-000000000001,
c7ffa7b8-2596-4fd8-bb05-f14c38c5b172,97945251-ee4f-45ef-935d-5cd54bc8aabb,7,5000000.00,under_review,,,,2026-07-28T20:15:58.433Z,a0000000-0000-0000-0000-000000000001,2026-07-28T20:15:58.668Z,a0000000-0000-0000-0000-000000000001,
345722c5-930e-42ee-879e-4b2365acd514,97945251-ee4f-45ef-935d-5cd54bc8aabb,8,5000000.00,draft,,,,2026-07-28T20:15:58.906Z,a0000000-0000-0000-0000-000000000001,2026-07-28T20:15:58.906Z,,
36e76d62-0b82-4613-b487-52bfed3ab6f6,97945251-ee4f-45ef-935d-5cd54bc8aabb,1,0.00,draft,,,,2026-07-28T20:15:56.038Z,a0000000-0000-0000-0000-000000000001,2026-07-28T20:15:56.038Z,,
53645820-f31b-48ee-b7e8-078de3b2bc69,97945251-ee4f-45ef-935d-5cd54bc8aabb,2,12000000.00,draft,,,,2026-07-28T20:15:56.497Z,a0000000-0000-0000-0000-000000000001,2026-07-28T20:15:56.497Z,,
825b73e0-f2e8-4e0d-85d3-ef8ce388c50d,97945251-ee4f-45ef-935d-5cd54bc8aabb,3,0.00,draft,,,,2026-07-28T20:15:56.659Z,a0000000-0000-0000-0000-000000000001,2026-07-28T20:15:56.659Z,,
9cccd850-dfd6-45c8-8922-93beb895d1cd,97945251-ee4f-45ef-935d-5cd54bc8aabb,4,5000000.00,under_review,,,,2026-07-28T20:15:56.956Z,a0000000-0000-0000-0000-000000000001,2026-07-28T20:15:57.294Z,a0000000-0000-0000-0000-000000000001,
a0a05df2-66ed-4196-8deb-9412d0c5d98f,97945251-ee4f-45ef-935d-5cd54bc8aabb,5,0.00,draft,,,,2026-07-28T20:15:57.348Z,a0000000-0000-0000-0000-000000000001,2026-07-28T20:15:57.348Z,,
47b9ce70-d832-42b3-affd-8d7965db77ac,97945251-ee4f-45ef-935d-5cd54bc8aabb,6,5000000.00,approved,a0000000-0000-0000-0000-000000000001,2026-07-28T20:15:58.383Z,,2026-07-28T20:15:57.627Z,a0000000-0000-0000-0000-000000000001,2026-07-28T20:15:58.383Z,a0000000-0000-0000-0000-000000000001,
077dd398-ff8b-451a-8ccf-1d42e4d56830,97945251-ee4f-45ef-935d-5cd54bc8aabb,9,5000000.00,approved,a0000000-0000-0000-0000-000000000001,2026-07-28T20:16:00.255Z,,2026-07-28T20:15:59.173Z,a0000000-0000-0000-0000-000000000001,2026-07-28T20:16:00.255Z,a0000000-0000-0000-0000-000000000001,
d45f9a63-4295-4d0d-84a4-739ec7d396da,97945251-ee4f-45ef-935d-5cd54bc8aabb,10,5000000.00,draft,,,,2026-07-28T20:16:00.332Z,a0000000-0000-0000-0000-000000000001,2026-07-28T20:16:00.886Z,a0000000-0000-0000-0000-000000000001,
3d0194aa-4ae4-40c5-bd5c-fc4dabeb08c6,97945251-ee4f-45ef-935d-5cd54bc8aabb,11,5000000.00,draft,,,,2026-07-28T20:16:00.959Z,a0000000-0000-0000-0000-000000000001,2026-07-28T20:16:01.470Z,a0000000-0000-0000-0000-000000000001,
0967a194-6f8c-40a6-b2e5-b17d879c548d,9ca9cb5f-a281-469d-b08a-0276e364e64d,7,5000000.00,under_review,,,,2026-07-28T20:45:03.348Z,a0000000-0000-0000-0000-000000000001,2026-07-28T20:45:03.564Z,a0000000-0000-0000-0000-000000000001,
d1f7ae6f-67c2-4449-a566-588d88b1ee27,9ca9cb5f-a281-469d-b08a-0276e364e64d,8,5000000.00,draft,,,,2026-07-28T20:45:03.752Z,a0000000-0000-0000-0000-000000000001,2026-07-28T20:45:03.752Z,,
d0808882-2661-4242-be81-e691bd6a06e6,9ca9cb5f-a281-469d-b08a-0276e364e64d,1,0.00,draft,,,,2026-07-28T20:45:00.500Z,a0000000-0000-0000-0000-000000000001,2026-07-28T20:45:00.500Z,,
029a12cc-6ced-4101-9e97-b9cdfadefc41,9ca9cb5f-a281-469d-b08a-0276e364e64d,2,12000000.00,draft,,,,2026-07-28T20:45:01.267Z,a0000000-0000-0000-0000-000000000001,2026-07-28T20:45:01.267Z,,
dedeaf7a-e49b-4398-a37f-996cfb0d1266,9ca9cb5f-a281-469d-b08a-0276e364e64d,3,0.00,draft,,,,2026-07-28T20:45:01.442Z,a0000000-0000-0000-0000-000000000001,2026-07-28T20:45:01.442Z,,
5515a45b-34e7-48eb-90a9-a120bec5df87,9ca9cb5f-a281-469d-b08a-0276e364e64d,4,5000000.00,under_review,,,,2026-07-28T20:45:01.721Z,a0000000-0000-0000-0000-000000000001,2026-07-28T20:45:01.951Z,a0000000-0000-0000-0000-000000000001,
ba1266e9-c672-4766-ac73-66de2a2b7c18,9ca9cb5f-a281-469d-b08a-0276e364e64d,5,0.00,draft,,,,2026-07-28T20:45:02.003Z,a0000000-0000-0000-0000-000000000001,2026-07-28T20:45:02.003Z,,
3059ca14-de00-4483-98b7-5c480426e354,9ca9cb5f-a281-469d-b08a-0276e364e64d,6,5000000.00,approved,a0000000-0000-0000-0000-000000000001,2026-07-28T20:45:03.300Z,,2026-07-28T20:45:02.292Z,a0000000-0000-0000-0000-000000000001,2026-07-28T20:45:03.300Z,a0000000-0000-0000-0000-000000000001,
128ccc77-2e5f-4de6-b2fe-18fcace1622a,9ca9cb5f-a281-469d-b08a-0276e364e64d,9,5000000.00,approved,a0000000-0000-0000-0000-000000000001,2026-07-28T20:45:05.055Z,,2026-07-28T20:45:04.028Z,a0000000-0000-0000-0000-000000000001,2026-07-28T20:45:05.055Z,a0000000-0000-0000-0000-000000000001,
5843f669-acbf-461d-8912-8f3c704015a1,9ca9cb5f-a281-469d-b08a-0276e364e64d,10,5000000.00,draft,,,,2026-07-28T20:45:05.127Z,a0000000-0000-0000-0000-000000000001,2026-07-28T20:45:05.632Z,a0000000-0000-0000-0000-000000000001,
5b06ea51-f04f-4cea-b723-0b8cb099e2ab,9ca9cb5f-a281-469d-b08a-0276e364e64d,11,5000000.00,draft,,,,2026-07-28T20:45:05.701Z,a0000000-0000-0000-0000-000000000001,2026-07-28T20:45:06.205Z,a0000000-0000-0000-0000-000000000001,
59f4b010-9c1b-42f7-b7b1-dbbd3c910128,e382803b-f5c5-4e22-9f2a-a9db1c879388,1,0.00,draft,,,,2026-07-28T20:55:55.458Z,a0000000-0000-0000-0000-000000000001,2026-07-28T20:55:55.458Z,,
8503a7d1-30d7-47b1-bf41-468e2e442bcf,e382803b-f5c5-4e22-9f2a-a9db1c879388,2,12000000.00,draft,,,,2026-07-28T20:55:55.983Z,a0000000-0000-0000-0000-000000000001,2026-07-28T20:55:55.983Z,,
48f0ba60-66f1-438b-be98-f60e64fafca0,e382803b-f5c5-4e22-9f2a-a9db1c879388,3,0.00,draft,,,,2026-07-28T20:55:56.144Z,a0000000-0000-0000-0000-000000000001,2026-07-28T20:55:56.144Z,,
8f7880e2-4e9c-4613-8882-b28fb2aa9b45,e382803b-f5c5-4e22-9f2a-a9db1c879388,4,5000000.00,under_review,,,,2026-07-28T20:55:56.425Z,a0000000-0000-0000-0000-000000000001,2026-07-28T20:55:56.671Z,a0000000-0000-0000-0000-000000000001,
16d05668-897b-4912-8394-414c08088b5c,e382803b-f5c5-4e22-9f2a-a9db1c879388,5,0.00,draft,,,,2026-07-28T20:55:56.729Z,a0000000-0000-0000-0000-000000000001,2026-07-28T20:55:56.729Z,,
2113b086-c55a-44b9-950d-3a849b4f9889,e382803b-f5c5-4e22-9f2a-a9db1c879388,6,5000000.00,approved,a0000000-0000-0000-0000-000000000001,2026-07-28T20:55:57.712Z,,2026-07-28T20:55:56.964Z,a0000000-0000-0000-0000-000000000001,2026-07-28T20:55:57.712Z,a0000000-0000-0000-0000-000000000001,
2eb6de44-e6a6-482b-bfdc-a8afc8700b61,e382803b-f5c5-4e22-9f2a-a9db1c879388,7,5000000.00,under_review,,,,2026-07-28T20:55:57.759Z,a0000000-0000-0000-0000-000000000001,2026-07-28T20:55:57.978Z,a0000000-0000-0000-0000-000000000001,
48b9afa6-52c7-4a85-91ad-52bc00574876,e382803b-f5c5-4e22-9f2a-a9db1c879388,8,5000000.00,draft,,,,2026-07-28T20:55:58.166Z,a0000000-0000-0000-0000-000000000001,2026-07-28T20:55:58.166Z,,
9bd6189f-54aa-4b7c-a4c4-6cd83b7a907d,e382803b-f5c5-4e22-9f2a-a9db1c879388,9,5000000.00,approved,a0000000-0000-0000-0000-000000000001,2026-07-28T20:55:59.456Z,,2026-07-28T20:55:58.470Z,a0000000-0000-0000-0000-000000000001,2026-07-28T20:55:59.456Z,a0000000-0000-0000-0000-000000000001,
fe535ffd-c854-46af-9d85-2a835a00f846,e382803b-f5c5-4e22-9f2a-a9db1c879388,10,5000000.00,draft,,,,2026-07-28T20:55:59.525Z,a0000000-0000-0000-0000-000000000001,2026-07-28T20:56:00.211Z,a0000000-0000-0000-0000-000000000001,
224127b5-3149-411c-aa1a-6b4296fd4188,18c4d0f1-7a56-4a0e-a525-c6d2a4b4b046,6,5000000.00,under_review,,,,2026-07-25T15:58:32.623Z,a0000000-0000-0000-0000-000000000001,2026-07-25T15:58:34.205Z,a0000000-0000-0000-0000-000000000001,
a5dc9653-8ea6-47f6-8a97-ec79cd05b7a4,18c4d0f1-7a56-4a0e-a525-c6d2a4b4b046,7,5000000.00,under_review,,,,2026-07-25T15:58:37.162Z,a0000000-0000-0000-0000-000000000001,2026-07-25T15:58:38.671Z,a0000000-0000-0000-0000-000000000001,
5557f9a9-71fd-477b-83fd-8172c32f9e06,18c4d0f1-7a56-4a0e-a525-c6d2a4b4b046,8,5000000.00,draft,,,,2026-07-25T15:58:39.941Z,a0000000-0000-0000-0000-000000000001,2026-07-25T15:58:39.941Z,,
169d0492-6965-4047-9622-dc8f7e243a4f,18c4d0f1-7a56-4a0e-a525-c6d2a4b4b046,9,5000000.00,draft,,,,2026-07-25T15:58:41.625Z,a0000000-0000-0000-0000-000000000001,2026-07-25T15:58:45.363Z,a0000000-0000-0000-0000-000000000001,
350afa9b-0c14-48ab-b3dd-e502d0caf495,18c4d0f1-7a56-4a0e-a525-c6d2a4b4b046,10,5000000.00,draft,,,,2026-07-25T15:58:45.987Z,a0000000-0000-0000-0000-000000000001,2026-07-25T15:58:49.214Z,a0000000-0000-0000-0000-000000000001,
95fea077-d992-4a42-b5b0-18d6b64d89a9,47c16d7a-c567-4a70-a3a7-a10c68a84b00,1,0.00,draft,,,,2026-07-25T16:04:03.105Z,a0000000-0000-0000-0000-000000000001,2026-07-25T16:04:03.105Z,,
6302f01a-f410-480b-927c-a920e8ff0f23,47c16d7a-c567-4a70-a3a7-a10c68a84b00,2,12000000.00,draft,,,,2026-07-25T16:04:07.512Z,a0000000-0000-0000-0000-000000000001,2026-07-25T16:04:07.512Z,,
3ad1dd96-e2b0-4754-a106-fb5d12af7296,47c16d7a-c567-4a70-a3a7-a10c68a84b00,3,0.00,draft,,,,2026-07-25T16:04:08.617Z,a0000000-0000-0000-0000-000000000001,2026-07-25T16:04:08.617Z,,
d6863dd6-2aa2-4aef-ad5a-4b776f1c3e68,96cd3e5e-d987-4ad3-9970-c5a0a12c739d,1,0.00,draft,,,,2026-07-25T16:04:08.948Z,a0000000-0000-0000-0000-000000000001,2026-07-25T16:04:08.948Z,,
b8e3bc86-ead3-4ea0-90e3-d0144fbb70e6,96cd3e5e-d987-4ad3-9970-c5a0a12c739d,2,12000000.00,draft,,,,2026-07-25T16:04:11.736Z,a0000000-0000-0000-0000-000000000001,2026-07-25T16:04:11.736Z,,
6f2806ff-f59b-4181-a3f7-9f1568861a2d,47c16d7a-c567-4a70-a3a7-a10c68a84b00,4,5000000.00,under_review,,,,2026-07-25T16:04:10.983Z,a0000000-0000-0000-0000-000000000001,2026-07-25T16:04:12.634Z,a0000000-0000-0000-0000-000000000001,
7923846b-e7ed-4231-a2af-5b9d17bc57b5,96cd3e5e-d987-4ad3-9970-c5a0a12c739d,3,0.00,draft,,,,2026-07-25T16:04:12.684Z,a0000000-0000-0000-0000-000000000001,2026-07-25T16:04:12.684Z,,
e4a542ad-5acb-431b-8f48-623f56e74b32,47c16d7a-c567-4a70-a3a7-a10c68a84b00,5,0.00,draft,,,,2026-07-25T16:04:13.125Z,a0000000-0000-0000-0000-000000000001,2026-07-25T16:04:13.125Z,,
b5b74641-9da4-4f22-872e-8b01465950ad,96cd3e5e-d987-4ad3-9970-c5a0a12c739d,4,5000000.00,under_review,,,,2026-07-25T16:04:14.674Z,a0000000-0000-0000-0000-000000000001,2026-07-25T16:04:16.501Z,a0000000-0000-0000-0000-000000000001,
ed533e2f-cd60-457d-958a-d3bd196394af,96cd3e5e-d987-4ad3-9970-c5a0a12c739d,5,0.00,draft,,,,2026-07-25T16:04:16.935Z,a0000000-0000-0000-0000-000000000001,2026-07-25T16:04:16.935Z,,
6ba87918-bfc2-4710-8e31-78921869c270,47c16d7a-c567-4a70-a3a7-a10c68a84b00,6,5000000.00,approved,a0000000-0000-0000-0000-000000000001,2026-07-25T16:04:22.257Z,,2026-07-25T16:04:16.134Z,a0000000-0000-0000-0000-000000000001,2026-07-25T16:04:22.257Z,a0000000-0000-0000-0000-000000000001,
7b977f63-0fda-41ca-a2b0-5774aaae54f2,96cd3e5e-d987-4ad3-9970-c5a0a12c739d,6,5000000.00,approved,a0000000-0000-0000-0000-000000000001,2026-07-25T16:04:23.597Z,,2026-07-25T16:04:18.509Z,a0000000-0000-0000-0000-000000000001,2026-07-25T16:04:23.597Z,a0000000-0000-0000-0000-000000000001,
e010b984-4876-4568-994e-1b4bc1fe86db,47c16d7a-c567-4a70-a3a7-a10c68a84b00,7,5000000.00,under_review,,,,2026-07-25T16:04:22.748Z,a0000000-0000-0000-0000-000000000001,2026-07-25T16:04:24.922Z,a0000000-0000-0000-0000-000000000001,
dce3510e-8b8c-46ba-bad0-dbccf73db66e,96cd3e5e-d987-4ad3-9970-c5a0a12c739d,7,5000000.00,under_review,,,,2026-07-25T16:04:24.032Z,a0000000-0000-0000-0000-000000000001,2026-07-25T16:04:25.468Z,a0000000-0000-0000-0000-000000000001,
bbdaa27b-eb39-4188-9dc6-50940d1c565f,47c16d7a-c567-4a70-a3a7-a10c68a84b00,8,5000000.00,draft,,,,2026-07-25T16:04:26.871Z,a0000000-0000-0000-0000-000000000001,2026-07-25T16:04:26.871Z,,
2025c6b8-4f4c-4f1e-ba87-1a708779fe9c,96cd3e5e-d987-4ad3-9970-c5a0a12c739d,8,5000000.00,draft,,,,2026-07-25T16:04:27.992Z,a0000000-0000-0000-0000-000000000001,2026-07-25T16:04:27.992Z,,
2f37858b-fc6b-4ac5-bf78-87218e676c29,96cd3e5e-d987-4ad3-9970-c5a0a12c739d,9,5000000.00,draft,,,,2026-07-25T16:04:29.637Z,a0000000-0000-0000-0000-000000000001,2026-07-25T16:04:34.015Z,a0000000-0000-0000-0000-000000000001,
4fefd86b-c88f-496a-97c8-054147fde4d8,47c16d7a-c567-4a70-a3a7-a10c68a84b00,9,5000000.00,approved,a0000000-0000-0000-0000-000000000001,2026-07-25T16:04:37.141Z,,2026-07-25T16:04:28.724Z,a0000000-0000-0000-0000-000000000001,2026-07-25T16:04:37.141Z,a0000000-0000-0000-0000-000000000001,
d47d2d0a-c4f4-4948-89b2-24fb867c9997,96cd3e5e-d987-4ad3-9970-c5a0a12c739d,10,5000000.00,draft,,,,2026-07-25T16:04:34.676Z,a0000000-0000-0000-0000-000000000001,2026-07-25T16:04:37.623Z,a0000000-0000-0000-0000-000000000001,
5e4496e2-a53b-494c-973f-41e962207bb8,47c16d7a-c567-4a70-a3a7-a10c68a84b00,10,5000000.00,draft,,,,2026-07-25T16:04:37.854Z,a0000000-0000-0000-0000-000000000001,2026-07-25T16:04:41.259Z,a0000000-0000-0000-0000-000000000001,
0becd55e-3b47-436f-a971-33bc29c23f79,47c16d7a-c567-4a70-a3a7-a10c68a84b00,11,5000000.00,draft,,,,2026-07-25T16:04:41.977Z,a0000000-0000-0000-0000-000000000001,2026-07-25T16:04:47.634Z,a0000000-0000-0000-0000-000000000001,
0aa1fa77-8f92-44b4-9784-d46487707f11,60f66a2c-0b38-4dab-9455-0aa5076d142f,1,0.00,draft,,,,2026-07-25T17:19:33.550Z,a0000000-0000-0000-0000-000000000001,2026-07-25T17:19:33.550Z,,
e72e4ffa-9c4d-4afa-9339-015e7c70ccf7,60f66a2c-0b38-4dab-9455-0aa5076d142f,2,12000000.00,draft,,,,2026-07-25T17:19:46.509Z,a0000000-0000-0000-0000-000000000001,2026-07-25T17:19:46.509Z,,
b4da0e4b-607d-4230-8394-f0c6531cdfce,60f66a2c-0b38-4dab-9455-0aa5076d142f,3,0.00,draft,,,,2026-07-25T17:19:46.701Z,a0000000-0000-0000-0000-000000000001,2026-07-25T17:19:46.701Z,,
923dfbbd-1658-4d80-a184-a5d23425afe1,60f66a2c-0b38-4dab-9455-0aa5076d142f,4,5000000.00,under_review,,,,2026-07-25T17:19:46.980Z,a0000000-0000-0000-0000-000000000001,2026-07-25T17:19:47.207Z,a0000000-0000-0000-0000-000000000001,
25eefe53-93c8-4579-b006-8cee165b9b46,60f66a2c-0b38-4dab-9455-0aa5076d142f,5,0.00,draft,,,,2026-07-25T17:19:47.263Z,a0000000-0000-0000-0000-000000000001,2026-07-25T17:19:47.263Z,,
5c77861e-4065-4466-beec-c3b675705daf,60f66a2c-0b38-4dab-9455-0aa5076d142f,6,5000000.00,approved,a0000000-0000-0000-0000-000000000001,2026-07-25T17:19:48.379Z,,2026-07-25T17:19:47.626Z,a0000000-0000-0000-0000-000000000001,2026-07-25T17:19:48.379Z,a0000000-0000-0000-0000-000000000001,
e593527b-bd91-42da-9783-bcf7f0343720,60f66a2c-0b38-4dab-9455-0aa5076d142f,7,5000000.00,under_review,,,,2026-07-25T17:19:48.428Z,a0000000-0000-0000-0000-000000000001,2026-07-25T17:19:48.632Z,a0000000-0000-0000-0000-000000000001,
cc81102d-780f-4fcc-86cd-12feb7f8138d,60f66a2c-0b38-4dab-9455-0aa5076d142f,8,5000000.00,draft,,,,2026-07-25T17:19:48.821Z,a0000000-0000-0000-0000-000000000001,2026-07-25T17:19:48.821Z,,
66b38296-8d73-46f8-aea7-a01f6e5fbda3,60f66a2c-0b38-4dab-9455-0aa5076d142f,9,5000000.00,approved,a0000000-0000-0000-0000-000000000001,2026-07-25T17:19:50.099Z,,2026-07-25T17:19:49.079Z,a0000000-0000-0000-0000-000000000001,2026-07-25T17:19:50.099Z,a0000000-0000-0000-0000-000000000001,
d01ab339-15fe-4812-9262-5490182e2889,60f66a2c-0b38-4dab-9455-0aa5076d142f,10,5000000.00,draft,,,,2026-07-25T17:19:50.170Z,a0000000-0000-0000-0000-000000000001,2026-07-25T17:19:50.728Z,a0000000-0000-0000-0000-000000000001,
8656dd33-882a-415c-a84c-8b757934020f,60f66a2c-0b38-4dab-9455-0aa5076d142f,11,5000000.00,draft,,,,2026-07-25T17:19:50.795Z,a0000000-0000-0000-0000-000000000001,2026-07-25T17:19:51.270Z,a0000000-0000-0000-0000-000000000001,
3b599d94-fad8-4819-b995-15a249f1d75b,41631697-adbe-4d44-9e64-1cf0dd718f7f,1,0.00,draft,,,,2026-07-25T17:22:52.478Z,a0000000-0000-0000-0000-000000000001,2026-07-25T17:22:52.478Z,,
1671e0d9-e9db-4594-be8f-3ac0d847da2f,41631697-adbe-4d44-9e64-1cf0dd718f7f,2,12000000.00,draft,,,,2026-07-25T17:22:57.267Z,a0000000-0000-0000-0000-000000000001,2026-07-25T17:22:57.267Z,,
88e8aab5-4b31-439c-8a88-e013157f4e9a,41631697-adbe-4d44-9e64-1cf0dd718f7f,3,0.00,draft,,,,2026-07-25T17:22:58.847Z,a0000000-0000-0000-0000-000000000001,2026-07-25T17:22:58.847Z,,
8ff1611b-8382-43ac-ae1f-3e25b4338f52,41631697-adbe-4d44-9e64-1cf0dd718f7f,4,5000000.00,under_review,,,,2026-07-25T17:23:00.985Z,a0000000-0000-0000-0000-000000000001,2026-07-25T17:23:03.674Z,a0000000-0000-0000-0000-000000000001,
d67f08cb-b2ac-4428-914e-e7a610d08f86,41631697-adbe-4d44-9e64-1cf0dd718f7f,5,0.00,draft,,,,2026-07-25T17:23:04.151Z,a0000000-0000-0000-0000-000000000001,2026-07-25T17:23:04.151Z,,
a9b337fd-477f-4d75-99e3-5ce6a7349474,41631697-adbe-4d44-9e64-1cf0dd718f7f,6,5000000.00,approved,a0000000-0000-0000-0000-000000000001,2026-07-25T17:23:14.006Z,,2026-07-25T17:23:07.130Z,a0000000-0000-0000-0000-000000000001,2026-07-25T17:23:14.006Z,a0000000-0000-0000-0000-000000000001,
300cd7b8-2b4d-4418-8ce8-be7e760a1271,41631697-adbe-4d44-9e64-1cf0dd718f7f,7,5000000.00,under_review,,,,2026-07-25T17:23:14.480Z,a0000000-0000-0000-0000-000000000001,2026-07-25T17:23:17.162Z,a0000000-0000-0000-0000-000000000001,
0e131b16-b17e-4662-b1d6-dae0dc295180,41631697-adbe-4d44-9e64-1cf0dd718f7f,8,5000000.00,draft,,,,2026-07-25T17:23:18.507Z,a0000000-0000-0000-0000-000000000001,2026-07-25T17:23:18.507Z,,
7b0852ab-bee9-4ae4-90b2-794bff779f6d,41631697-adbe-4d44-9e64-1cf0dd718f7f,9,5000000.00,approved,a0000000-0000-0000-0000-000000000001,2026-07-25T17:23:30.336Z,,2026-07-25T17:23:20.537Z,a0000000-0000-0000-0000-000000000001,2026-07-25T17:23:30.336Z,a0000000-0000-0000-0000-000000000001,
4113cb93-7e0e-42c4-9751-e4297809aa44,41631697-adbe-4d44-9e64-1cf0dd718f7f,10,5000000.00,draft,,,,2026-07-25T17:23:31.035Z,a0000000-0000-0000-0000-000000000001,2026-07-25T17:23:35.376Z,a0000000-0000-0000-0000-000000000001,
b21eac8e-0e5a-4a9a-aea6-0cb61587185b,41631697-adbe-4d44-9e64-1cf0dd718f7f,11,5000000.00,draft,,,,2026-07-25T17:23:36.075Z,a0000000-0000-0000-0000-000000000001,2026-07-25T17:23:39.980Z,a0000000-0000-0000-0000-000000000001,
6c419236-7c9f-4337-8bec-f827f66304d1,d0886425-7bd6-44aa-85ca-bbc4555fae17,1,0.00,draft,,,,2026-07-25T17:33:58.186Z,a0000000-0000-0000-0000-000000000001,2026-07-25T17:33:58.186Z,,
cdcee2fc-3601-4fe4-a1b1-28c4891517f0,d0886425-7bd6-44aa-85ca-bbc4555fae17,2,12000000.00,draft,,,,2026-07-25T17:34:01.817Z,a0000000-0000-0000-0000-000000000001,2026-07-25T17:34:01.817Z,,
2e5260ff-28a3-44d5-b6f2-c2bfbf5f1492,d0886425-7bd6-44aa-85ca-bbc4555fae17,3,0.00,draft,,,,2026-07-25T17:34:03.507Z,a0000000-0000-0000-0000-000000000001,2026-07-25T17:34:03.507Z,,
81ed2a59-9376-4001-8716-67f4f71243c8,d0886425-7bd6-44aa-85ca-bbc4555fae17,4,5000000.00,under_review,,,,2026-07-25T17:34:05.223Z,a0000000-0000-0000-0000-000000000001,2026-07-25T17:34:06.885Z,a0000000-0000-0000-0000-000000000001,
ceb85ca6-8551-4c1d-b56d-85cb7ab26de8,d0886425-7bd6-44aa-85ca-bbc4555fae17,5,0.00,draft,,,,2026-07-25T17:34:07.370Z,a0000000-0000-0000-0000-000000000001,2026-07-25T17:34:07.370Z,,
89fb1d9b-eed2-4480-8c8b-3f64cf4401f0,d0886425-7bd6-44aa-85ca-bbc4555fae17,6,5000000.00,approved,a0000000-0000-0000-0000-000000000001,2026-07-25T17:34:14.589Z,,2026-07-25T17:34:08.742Z,a0000000-0000-0000-0000-000000000001,2026-07-25T17:34:14.589Z,a0000000-0000-0000-0000-000000000001,
52a3f485-cfb9-444e-8896-295d8d91d70c,d0886425-7bd6-44aa-85ca-bbc4555fae17,7,5000000.00,under_review,,,,2026-07-25T17:34:15.068Z,a0000000-0000-0000-0000-000000000001,2026-07-25T17:34:17.808Z,a0000000-0000-0000-0000-000000000001,
e97829e0-2cb6-4916-859c-fa1dd224b546,d0886425-7bd6-44aa-85ca-bbc4555fae17,8,5000000.00,draft,,,,2026-07-25T17:34:19.200Z,a0000000-0000-0000-0000-000000000001,2026-07-25T17:34:19.200Z,,
1e27e6b1-bac1-4f68-a866-c0450faa3a21,d0886425-7bd6-44aa-85ca-bbc4555fae17,9,5000000.00,approved,a0000000-0000-0000-0000-000000000001,2026-07-25T17:34:30.395Z,,2026-07-25T17:34:21.260Z,a0000000-0000-0000-0000-000000000001,2026-07-25T17:34:30.395Z,a0000000-0000-0000-0000-000000000001,
afd6671e-b659-4552-9e2d-a692679be64c,d0886425-7bd6-44aa-85ca-bbc4555fae17,10,5000000.00,draft,,,,2026-07-25T17:34:31.118Z,a0000000-0000-0000-0000-000000000001,2026-07-25T17:34:34.449Z,a0000000-0000-0000-0000-000000000001,
9e350c6d-339a-4d8e-8112-86258332268d,d0886425-7bd6-44aa-85ca-bbc4555fae17,11,5000000.00,draft,,,,2026-07-25T17:34:35.161Z,a0000000-0000-0000-0000-000000000001,2026-07-25T17:34:38.543Z,a0000000-0000-0000-0000-000000000001,
deb1e12e-2b52-4cca-ab33-8cf4e4348d31,6a049fc2-1460-4255-8b71-9b3f7b9f2260,1,0.00,draft,,,,2026-07-25T18:08:43.662Z,a0000000-0000-0000-0000-000000000001,2026-07-25T18:08:43.662Z,,
3a57daa7-755b-4b52-aef8-2b63300a58ae,6a049fc2-1460-4255-8b71-9b3f7b9f2260,2,12000000.00,draft,,,,2026-07-25T18:08:47.331Z,a0000000-0000-0000-0000-000000000001,2026-07-25T18:08:47.331Z,,
9f8c0761-1b61-452c-9dab-6c80ce1f60b5,6a049fc2-1460-4255-8b71-9b3f7b9f2260,3,0.00,draft,,,,2026-07-25T18:08:48.780Z,a0000000-0000-0000-0000-000000000001,2026-07-25T18:08:48.780Z,,
70b5656f-6341-45c2-a7fc-49fc418b8528,6a049fc2-1460-4255-8b71-9b3f7b9f2260,4,5000000.00,under_review,,,,2026-07-25T18:08:50.757Z,a0000000-0000-0000-0000-000000000001,2026-07-25T18:08:52.220Z,a0000000-0000-0000-0000-000000000001,
fa6bf10c-ed2b-4487-a94f-b03f3a7e587b,6a049fc2-1460-4255-8b71-9b3f7b9f2260,5,0.00,draft,,,,2026-07-25T18:08:52.640Z,a0000000-0000-0000-0000-000000000001,2026-07-25T18:08:52.640Z,,
3168aab9-d740-43ab-aefc-305ac13692ab,6a049fc2-1460-4255-8b71-9b3f7b9f2260,6,5000000.00,approved,a0000000-0000-0000-0000-000000000001,2026-07-25T18:08:59.798Z,,2026-07-25T18:08:54.376Z,a0000000-0000-0000-0000-000000000001,2026-07-25T18:08:59.798Z,a0000000-0000-0000-0000-000000000001,
3f80ba3e-7b4c-4f21-825a-05f891c39ccf,6a049fc2-1460-4255-8b71-9b3f7b9f2260,7,5000000.00,under_review,,,,2026-07-25T18:09:00.209Z,a0000000-0000-0000-0000-000000000001,2026-07-25T18:09:01.663Z,a0000000-0000-0000-0000-000000000001,
991735ff-cee2-48e9-858e-e52a02795550,6a049fc2-1460-4255-8b71-9b3f7b9f2260,8,5000000.00,draft,,,,2026-07-25T18:09:02.885Z,a0000000-0000-0000-0000-000000000001,2026-07-25T18:09:02.885Z,,
7f9388ac-98df-4b23-b6db-0f673b9793c5,6a049fc2-1460-4255-8b71-9b3f7b9f2260,9,5000000.00,approved,a0000000-0000-0000-0000-000000000001,2026-07-25T18:09:10.944Z,,2026-07-25T18:09:04.689Z,a0000000-0000-0000-0000-000000000001,2026-07-25T18:09:10.944Z,a0000000-0000-0000-0000-000000000001,
cd083ba2-8ee2-43ea-bebb-3e9be5f74c2c,6a049fc2-1460-4255-8b71-9b3f7b9f2260,10,5000000.00,draft,,,,2026-07-25T18:09:11.539Z,a0000000-0000-0000-0000-000000000001,2026-07-25T18:09:15.075Z,a0000000-0000-0000-0000-000000000001,
4de446ba-8bf1-4937-a266-bbad1c6e9ab7,6a049fc2-1460-4255-8b71-9b3f7b9f2260,11,5000000.00,draft,,,,2026-07-25T18:09:15.673Z,a0000000-0000-0000-0000-000000000001,2026-07-25T18:09:18.844Z,a0000000-0000-0000-0000-000000000001,
990f9fa4-7026-4c38-a479-a572261d1396,823ea0d3-136e-4b8a-841a-d9ee55dfe2da,1,0.00,draft,,,,2026-07-25T18:17:27.380Z,a0000000-0000-0000-0000-000000000001,2026-07-25T18:17:27.380Z,,
93834c9b-78ff-4277-b162-0d2af033d2f3,823ea0d3-136e-4b8a-841a-d9ee55dfe2da,2,12000000.00,draft,,,,2026-07-25T18:17:30.002Z,a0000000-0000-0000-0000-000000000001,2026-07-25T18:17:30.002Z,,
735ad678-5d77-4ec0-bf1c-3d85b170a626,823ea0d3-136e-4b8a-841a-d9ee55dfe2da,3,0.00,draft,,,,2026-07-25T18:17:30.841Z,a0000000-0000-0000-0000-000000000001,2026-07-25T18:17:30.841Z,,
97d53ca8-ca62-4aed-8d58-33a07756be5d,823ea0d3-136e-4b8a-841a-d9ee55dfe2da,4,5000000.00,under_review,,,,2026-07-25T18:17:32.255Z,a0000000-0000-0000-0000-000000000001,2026-07-25T18:17:33.529Z,a0000000-0000-0000-0000-000000000001,
d601645b-b29f-45c3-9e2b-6b92150b22da,823ea0d3-136e-4b8a-841a-d9ee55dfe2da,5,0.00,draft,,,,2026-07-25T18:17:33.906Z,a0000000-0000-0000-0000-000000000001,2026-07-25T18:17:33.906Z,,
531fe8be-656e-47d1-bb23-7559e5f110e7,823ea0d3-136e-4b8a-841a-d9ee55dfe2da,6,5000000.00,approved,a0000000-0000-0000-0000-000000000001,2026-07-25T18:17:40.061Z,,2026-07-25T18:17:34.952Z,a0000000-0000-0000-0000-000000000001,2026-07-25T18:17:40.061Z,a0000000-0000-0000-0000-000000000001,
80e11197-71a2-4af0-bd17-7cce79096c07,823ea0d3-136e-4b8a-841a-d9ee55dfe2da,7,5000000.00,under_review,,,,2026-07-25T18:17:40.435Z,a0000000-0000-0000-0000-000000000001,2026-07-25T18:17:41.687Z,a0000000-0000-0000-0000-000000000001,
ebde3d18-50c6-4039-88ca-be51f034ce33,823ea0d3-136e-4b8a-841a-d9ee55dfe2da,8,5000000.00,draft,,,,2026-07-25T18:17:43.449Z,a0000000-0000-0000-0000-000000000001,2026-07-25T18:17:43.449Z,,
0b8f8f19-ca81-4be9-8715-bea30d035b98,823ea0d3-136e-4b8a-841a-d9ee55dfe2da,9,5000000.00,approved,a0000000-0000-0000-0000-000000000001,2026-07-25T18:17:51.039Z,,2026-07-25T18:17:45.520Z,a0000000-0000-0000-0000-000000000001,2026-07-25T18:17:51.039Z,a0000000-0000-0000-0000-000000000001,
f3642df5-c3f6-424a-895b-3986a38b0398,823ea0d3-136e-4b8a-841a-d9ee55dfe2da,10,5000000.00,draft,,,,2026-07-25T18:17:51.581Z,a0000000-0000-0000-0000-000000000001,2026-07-25T18:17:54.450Z,a0000000-0000-0000-0000-000000000001,
494d9a26-76b5-4108-8558-c57e6500924c,823ea0d3-136e-4b8a-841a-d9ee55dfe2da,11,5000000.00,draft,,,,2026-07-25T18:17:54.993Z,a0000000-0000-0000-0000-000000000001,2026-07-25T18:17:58.744Z,a0000000-0000-0000-0000-000000000001,
3fc4f8c4-3239-4391-a6c3-1aed17432ca9,aabf9978-b113-4d32-9863-66dafecf09d6,1,0.00,draft,,,,2026-07-25T19:19:43.875Z,a0000000-0000-0000-0000-000000000001,2026-07-25T19:19:43.875Z,,
cf4bfb21-d24a-42ad-b2ac-a2e20a60a8b4,aabf9978-b113-4d32-9863-66dafecf09d6,2,12000000.00,draft,,,,2026-07-25T19:19:48.514Z,a0000000-0000-0000-0000-000000000001,2026-07-25T19:19:48.514Z,,
05b43cc8-e636-4857-9d2c-4d1bb9319809,aabf9978-b113-4d32-9863-66dafecf09d6,3,0.00,draft,,,,2026-07-25T19:19:50.100Z,a0000000-0000-0000-0000-000000000001,2026-07-25T19:19:50.100Z,,
3ec95319-c176-462b-b7a7-9a855e9bf97e,aabf9978-b113-4d32-9863-66dafecf09d6,4,5000000.00,under_review,,,,2026-07-25T19:19:53.269Z,a0000000-0000-0000-0000-000000000001,2026-07-25T19:19:55.881Z,a0000000-0000-0000-0000-000000000001,
11309659-6d55-461d-a477-04bd4b4c8176,aabf9978-b113-4d32-9863-66dafecf09d6,5,0.00,draft,,,,2026-07-25T19:19:56.367Z,a0000000-0000-0000-0000-000000000001,2026-07-25T19:19:56.367Z,,
c844edf6-1121-4e08-876e-fd43aa0e008a,aabf9978-b113-4d32-9863-66dafecf09d6,6,5000000.00,approved,a0000000-0000-0000-0000-000000000001,2026-07-25T19:20:07.161Z,,2026-07-25T19:19:58.733Z,a0000000-0000-0000-0000-000000000001,2026-07-25T19:20:07.161Z,a0000000-0000-0000-0000-000000000001,
3a2dcf13-5c5b-43c2-b868-0651aeea3db1,aabf9978-b113-4d32-9863-66dafecf09d6,7,5000000.00,under_review,,,,2026-07-25T19:20:07.641Z,a0000000-0000-0000-0000-000000000001,2026-07-25T19:20:09.215Z,a0000000-0000-0000-0000-000000000001,
14f539a4-df5f-4a44-8947-699f215cbe95,aabf9978-b113-4d32-9863-66dafecf09d6,8,5000000.00,draft,,,,2026-07-25T19:20:10.589Z,a0000000-0000-0000-0000-000000000001,2026-07-25T19:20:10.589Z,,
df86d713-2bdb-49de-8946-b45d7057421b,aabf9978-b113-4d32-9863-66dafecf09d6,9,5000000.00,approved,a0000000-0000-0000-0000-000000000001,2026-07-25T19:20:21.552Z,,2026-07-25T19:20:12.644Z,a0000000-0000-0000-0000-000000000001,2026-07-25T19:20:21.552Z,a0000000-0000-0000-0000-000000000001,
2827bff1-ce1e-4580-8040-d7234e3633ad,aabf9978-b113-4d32-9863-66dafecf09d6,10,5000000.00,draft,,,,2026-07-25T19:20:22.253Z,a0000000-0000-0000-0000-000000000001,2026-07-25T19:20:26.682Z,a0000000-0000-0000-0000-000000000001,
a3834c6e-f5a9-4901-8462-1e1e606cb6eb,aabf9978-b113-4d32-9863-66dafecf09d6,11,5000000.00,draft,,,,2026-07-25T19:20:27.386Z,a0000000-0000-0000-0000-000000000001,2026-07-25T19:20:31.644Z,a0000000-0000-0000-0000-000000000001,
07757489-da37-45f8-a2bb-c188bce27c5f,dd0424ba-8184-4de7-9b13-9010cdeda1a2,1,0.00,draft,,,,2026-07-25T19:29:58.948Z,a0000000-0000-0000-0000-000000000001,2026-07-25T19:29:58.948Z,,
e8b640d0-ac3a-4c1d-9a30-4a2c5c22aa0b,dd0424ba-8184-4de7-9b13-9010cdeda1a2,2,12000000.00,draft,,,,2026-07-25T19:30:03.434Z,a0000000-0000-0000-0000-000000000001,2026-07-25T19:30:03.434Z,,
32c01435-6ba3-4e7a-83e0-c5cf18750a70,dd0424ba-8184-4de7-9b13-9010cdeda1a2,3,0.00,draft,,,,2026-07-25T19:30:05.977Z,a0000000-0000-0000-0000-000000000001,2026-07-25T19:30:05.977Z,,
e2ece98f-7a7d-4a64-be9d-c2f3098fb621,dd0424ba-8184-4de7-9b13-9010cdeda1a2,4,5000000.00,under_review,,,,2026-07-25T19:30:09.128Z,a0000000-0000-0000-0000-000000000001,2026-07-25T19:30:11.742Z,a0000000-0000-0000-0000-000000000001,
76626dce-2594-456b-9cae-25378c95152e,dd0424ba-8184-4de7-9b13-9010cdeda1a2,5,0.00,draft,,,,2026-07-25T19:30:12.224Z,a0000000-0000-0000-0000-000000000001,2026-07-25T19:30:12.224Z,,
2e65c4a4-3a55-4174-b590-94af1671fe55,dd0424ba-8184-4de7-9b13-9010cdeda1a2,6,5000000.00,approved,a0000000-0000-0000-0000-000000000001,2026-07-25T19:30:19.330Z,,2026-07-25T19:30:14.088Z,a0000000-0000-0000-0000-000000000001,2026-07-25T19:30:19.330Z,a0000000-0000-0000-0000-000000000001,
18c8247e-6f40-4be4-ac78-60e11965f10c,dd0424ba-8184-4de7-9b13-9010cdeda1a2,7,5000000.00,under_review,,,,2026-07-25T19:30:19.806Z,a0000000-0000-0000-0000-000000000001,2026-07-25T19:30:21.387Z,a0000000-0000-0000-0000-000000000001,
ecb2ceb3-0f3a-4b33-8065-b92fbf5916f9,dd0424ba-8184-4de7-9b13-9010cdeda1a2,8,5000000.00,draft,,,,2026-07-25T19:30:23.300Z,a0000000-0000-0000-0000-000000000001,2026-07-25T19:30:23.300Z,,
ce96b79f-c455-438b-be05-647556bac7cc,dd0424ba-8184-4de7-9b13-9010cdeda1a2,9,5000000.00,approved,a0000000-0000-0000-0000-000000000001,2026-07-25T19:30:36.218Z,,2026-07-25T19:30:25.917Z,a0000000-0000-0000-0000-000000000001,2026-07-25T19:30:36.218Z,a0000000-0000-0000-0000-000000000001,
2c4b5fb3-525e-402e-922e-2cdd0c296435,dd0424ba-8184-4de7-9b13-9010cdeda1a2,10,5000000.00,draft,,,,2026-07-25T19:30:36.920Z,a0000000-0000-0000-0000-000000000001,2026-07-25T19:30:42.301Z,a0000000-0000-0000-0000-000000000001,
b5e777dd-5035-4974-ac73-3c4cb1a579ed,dd0424ba-8184-4de7-9b13-9010cdeda1a2,11,5000000.00,draft,,,,2026-07-25T19:30:43.014Z,a0000000-0000-0000-0000-000000000001,2026-07-25T19:30:46.804Z,a0000000-0000-0000-0000-000000000001,
36e2beeb-21e8-4659-8451-3303011cc25c,b3151b50-e0a6-4ea4-9366-077f525c2cb1,1,0.00,draft,,,,2026-07-25T20:10:06.439Z,a0000000-0000-0000-0000-000000000001,2026-07-25T20:10:06.439Z,,
56aba932-0604-4c8a-9a2e-a877f5d1f07b,b3151b50-e0a6-4ea4-9366-077f525c2cb1,2,12000000.00,draft,,,,2026-07-25T20:10:10.850Z,a0000000-0000-0000-0000-000000000001,2026-07-25T20:10:10.850Z,,
83db154a-7424-4f19-910f-08d156665a5c,b3151b50-e0a6-4ea4-9366-077f525c2cb1,3,0.00,draft,,,,2026-07-25T20:10:12.432Z,a0000000-0000-0000-0000-000000000001,2026-07-25T20:10:12.432Z,,
70d59e96-3f44-4a5c-bdae-64c8e40b967f,b3151b50-e0a6-4ea4-9366-077f525c2cb1,4,5000000.00,under_review,,,,2026-07-25T20:10:15.070Z,a0000000-0000-0000-0000-000000000001,2026-07-25T20:10:17.688Z,a0000000-0000-0000-0000-000000000001,
7375dab3-7614-431a-8400-4c5bc32924ec,b3151b50-e0a6-4ea4-9366-077f525c2cb1,5,0.00,draft,,,,2026-07-25T20:10:18.178Z,a0000000-0000-0000-0000-000000000001,2026-07-25T20:10:18.178Z,,
7cd6fe28-c400-4b12-9499-4c8f230343fc,b3151b50-e0a6-4ea4-9366-077f525c2cb1,6,5000000.00,approved,a0000000-0000-0000-0000-000000000001,2026-07-25T20:10:30.173Z,,2026-07-25T20:10:21.110Z,a0000000-0000-0000-0000-000000000001,2026-07-25T20:10:30.173Z,a0000000-0000-0000-0000-000000000001,
a561e30a-4468-46ca-a68f-e598fc21c298,b3151b50-e0a6-4ea4-9366-077f525c2cb1,7,5000000.00,under_review,,,,2026-07-25T20:10:30.659Z,a0000000-0000-0000-0000-000000000001,2026-07-25T20:10:32.803Z,a0000000-0000-0000-0000-000000000001,
2fecb3c4-1f69-4c35-b9bd-22575784370b,b3151b50-e0a6-4ea4-9366-077f525c2cb1,8,5000000.00,draft,,,,2026-07-25T20:10:35.713Z,a0000000-0000-0000-0000-000000000001,2026-07-25T20:10:35.713Z,,
5ba136e5-f5a9-4b6e-93c4-e27af5a78fbe,b3151b50-e0a6-4ea4-9366-077f525c2cb1,9,5000000.00,approved,a0000000-0000-0000-0000-000000000001,2026-07-25T20:10:46.859Z,,2026-07-25T20:10:38.206Z,a0000000-0000-0000-0000-000000000001,2026-07-25T20:10:46.859Z,a0000000-0000-0000-0000-000000000001,
85e8279c-3e05-4d3a-aefb-0d0729047032,b3151b50-e0a6-4ea4-9366-077f525c2cb1,10,5000000.00,draft,,,,2026-07-25T20:10:47.563Z,a0000000-0000-0000-0000-000000000001,2026-07-25T20:10:51.386Z,a0000000-0000-0000-0000-000000000001,
36b4833b-e417-4e80-bd31-74e5e6313f18,b3151b50-e0a6-4ea4-9366-077f525c2cb1,11,5000000.00,draft,,,,2026-07-25T20:10:52.088Z,a0000000-0000-0000-0000-000000000001,2026-07-25T20:10:56.872Z,a0000000-0000-0000-0000-000000000001,
2791fbc7-ef84-46a0-8dc1-bb27aba9e6c3,d421fb46-100a-4ce7-b016-b422eeb15499,1,0.00,draft,,,,2026-07-25T20:20:20.132Z,a0000000-0000-0000-0000-000000000001,2026-07-25T20:20:20.132Z,,
21fa5488-e793-4f2c-a171-1e8128cb7e68,d421fb46-100a-4ce7-b016-b422eeb15499,2,12000000.00,draft,,,,2026-07-25T20:20:23.268Z,a0000000-0000-0000-0000-000000000001,2026-07-25T20:20:23.268Z,,
d16e6e0b-1c1a-4189-9754-966c935f8ff9,d421fb46-100a-4ce7-b016-b422eeb15499,3,0.00,draft,,,,2026-07-25T20:20:24.100Z,a0000000-0000-0000-0000-000000000001,2026-07-25T20:20:24.100Z,,
8c82581c-9617-4fa0-9ecd-60d7fe1127ae,d421fb46-100a-4ce7-b016-b422eeb15499,4,5000000.00,under_review,,,,2026-07-25T20:20:25.716Z,a0000000-0000-0000-0000-000000000001,2026-07-25T20:20:27.327Z,a0000000-0000-0000-0000-000000000001,
764c8793-05a9-46e4-a5f6-3d9a256dbce6,d421fb46-100a-4ce7-b016-b422eeb15499,5,0.00,draft,,,,2026-07-25T20:20:27.697Z,a0000000-0000-0000-0000-000000000001,2026-07-25T20:20:27.697Z,,
e7af4930-4790-44e0-a8f4-959aa90a0b09,d421fb46-100a-4ce7-b016-b422eeb15499,8,5000000.00,draft,,,,2026-07-25T20:20:37.551Z,a0000000-0000-0000-0000-000000000001,2026-07-25T20:20:37.551Z,,
51ce306e-2b67-427c-add0-bb90f7a109e7,e44eddf5-8ab8-4887-aab1-086a4b56a858,1,0.00,draft,,,,2026-07-28T21:13:00.904Z,a0000000-0000-0000-0000-000000000001,2026-07-28T21:13:00.904Z,,
dd5a073e-9511-43f9-9489-0086e0d658fc,d421fb46-100a-4ce7-b016-b422eeb15499,6,5000000.00,approved,a0000000-0000-0000-0000-000000000001,2026-07-25T20:20:34.541Z,,2026-07-25T20:20:29.865Z,a0000000-0000-0000-0000-000000000001,2026-07-25T20:20:34.541Z,a0000000-0000-0000-0000-000000000001,
5d1c1048-797e-45bb-b207-35c426ac8daa,d421fb46-100a-4ce7-b016-b422eeb15499,7,5000000.00,under_review,,,,2026-07-25T20:20:34.905Z,a0000000-0000-0000-0000-000000000001,2026-07-25T20:20:36.113Z,a0000000-0000-0000-0000-000000000001,
3de88ee9-edb7-4530-8b0b-3c64a202a587,e44eddf5-8ab8-4887-aab1-086a4b56a858,2,12000000.00,draft,,,,2026-07-28T21:13:02.005Z,a0000000-0000-0000-0000-000000000001,2026-07-28T21:13:02.005Z,,
9f14eb51-fdb0-47eb-88e3-6656817335c8,896afcc4-230b-4b4f-a6c4-b678be947597,11,5000000.00,draft,,,,2026-07-28T19:28:54.615Z,a0000000-0000-0000-0000-000000000001,2026-07-28T19:28:55.142Z,a0000000-0000-0000-0000-000000000001,
53b54d43-956b-4944-b618-db2b6e648f06,993feebd-0dd0-43c2-970a-f3c049f87368,1,0.00,draft,,,,2026-07-28T19:25:24.477Z,a0000000-0000-0000-0000-000000000001,2026-07-28T19:25:24.477Z,,
766493b3-9413-4f88-8976-002855b4b696,993feebd-0dd0-43c2-970a-f3c049f87368,2,12000000.00,draft,,,,2026-07-28T19:25:24.873Z,a0000000-0000-0000-0000-000000000001,2026-07-28T19:25:24.873Z,,
2b496a76-b97a-49d1-9496-a2d3d872512d,993feebd-0dd0-43c2-970a-f3c049f87368,3,0.00,draft,,,,2026-07-28T19:25:25.035Z,a0000000-0000-0000-0000-000000000001,2026-07-28T19:25:25.035Z,,
c29a5894-3e97-4976-9a15-bd97c2b428be,993feebd-0dd0-43c2-970a-f3c049f87368,4,5000000.00,under_review,,,,2026-07-28T19:25:25.316Z,a0000000-0000-0000-0000-000000000001,2026-07-28T19:25:25.561Z,a0000000-0000-0000-0000-000000000001,
345409f9-6aba-424d-bcd0-b676eee411c4,993feebd-0dd0-43c2-970a-f3c049f87368,5,0.00,draft,,,,2026-07-28T19:25:25.609Z,a0000000-0000-0000-0000-000000000001,2026-07-28T19:25:25.609Z,,
ec91bd4d-522d-48ba-b335-54e7877d5d0b,993feebd-0dd0-43c2-970a-f3c049f87368,6,5000000.00,approved,a0000000-0000-0000-0000-000000000001,2026-07-28T19:25:26.592Z,,2026-07-28T19:25:25.860Z,a0000000-0000-0000-0000-000000000001,2026-07-28T19:25:26.592Z,a0000000-0000-0000-0000-000000000001,
60477366-0b55-4adc-a8d2-4255469d4359,993feebd-0dd0-43c2-970a-f3c049f87368,7,5000000.00,under_review,,,,2026-07-28T19:25:26.639Z,a0000000-0000-0000-0000-000000000001,2026-07-28T19:25:26.869Z,a0000000-0000-0000-0000-000000000001,
e731e4db-18e2-4408-88c3-c3981fe1cc68,993feebd-0dd0-43c2-970a-f3c049f87368,8,5000000.00,draft,,,,2026-07-28T19:25:27.203Z,a0000000-0000-0000-0000-000000000001,2026-07-28T19:25:27.203Z,,
60508b8c-0f20-4da7-9c3e-c489ca26c147,993feebd-0dd0-43c2-970a-f3c049f87368,9,5000000.00,approved,a0000000-0000-0000-0000-000000000001,2026-07-28T19:25:28.398Z,,2026-07-28T19:25:27.471Z,a0000000-0000-0000-0000-000000000001,2026-07-28T19:25:28.398Z,a0000000-0000-0000-0000-000000000001,
5b3d81f5-5d16-47b1-b90c-3eaa6cf2aaad,993feebd-0dd0-43c2-970a-f3c049f87368,10,5000000.00,draft,,,,2026-07-28T19:25:28.464Z,a0000000-0000-0000-0000-000000000001,2026-07-28T19:25:28.937Z,a0000000-0000-0000-0000-000000000001,
0d535d5f-60c1-4bb0-a913-da88f6ea1b7f,993feebd-0dd0-43c2-970a-f3c049f87368,11,5000000.00,draft,,,,2026-07-28T19:25:29.002Z,a0000000-0000-0000-0000-000000000001,2026-07-28T19:25:29.523Z,a0000000-0000-0000-0000-000000000001,
b21fef3b-6429-4ef8-b143-6ee9d04a7893,711b1854-582d-450c-88ad-42c010fa1133,11,5000000.00,draft,,,,2026-07-28T19:33:24.955Z,a0000000-0000-0000-0000-000000000001,2026-07-28T19:33:25.421Z,a0000000-0000-0000-0000-000000000001,
d517a7c1-111d-4a04-85a1-b7424b3f7dc3,896afcc4-230b-4b4f-a6c4-b678be947597,1,0.00,draft,,,,2026-07-28T19:28:49.946Z,a0000000-0000-0000-0000-000000000001,2026-07-28T19:28:49.946Z,,
a7d0dbc6-a19f-45b0-9891-e1502a3380fd,896afcc4-230b-4b4f-a6c4-b678be947597,2,12000000.00,draft,,,,2026-07-28T19:28:50.433Z,a0000000-0000-0000-0000-000000000001,2026-07-28T19:28:50.433Z,,
45b3e5fb-12c6-4220-853f-dcc449305fbc,896afcc4-230b-4b4f-a6c4-b678be947597,3,0.00,draft,,,,2026-07-28T19:28:50.597Z,a0000000-0000-0000-0000-000000000001,2026-07-28T19:28:50.597Z,,
3e0c15f6-bba0-4fca-8f11-aecf0a92e791,896afcc4-230b-4b4f-a6c4-b678be947597,4,5000000.00,under_review,,,,2026-07-28T19:28:50.894Z,a0000000-0000-0000-0000-000000000001,2026-07-28T19:28:51.133Z,a0000000-0000-0000-0000-000000000001,
fc087037-4ca8-406c-8f83-4da44cba05f1,896afcc4-230b-4b4f-a6c4-b678be947597,5,0.00,draft,,,,2026-07-28T19:28:51.186Z,a0000000-0000-0000-0000-000000000001,2026-07-28T19:28:51.186Z,,
24b21c31-80d6-421f-b86e-9bcbf49ded55,896afcc4-230b-4b4f-a6c4-b678be947597,6,5000000.00,approved,a0000000-0000-0000-0000-000000000001,2026-07-28T19:28:52.209Z,,2026-07-28T19:28:51.425Z,a0000000-0000-0000-0000-000000000001,2026-07-28T19:28:52.209Z,a0000000-0000-0000-0000-000000000001,
0640c6b5-6f14-4a0a-8ec0-3493262d59d0,896afcc4-230b-4b4f-a6c4-b678be947597,7,5000000.00,under_review,,,,2026-07-28T19:28:52.258Z,a0000000-0000-0000-0000-000000000001,2026-07-28T19:28:52.515Z,a0000000-0000-0000-0000-000000000001,
349dfb88-903d-44ec-b7ee-7df6f5c63943,896afcc4-230b-4b4f-a6c4-b678be947597,8,5000000.00,draft,,,,2026-07-28T19:28:52.743Z,a0000000-0000-0000-0000-000000000001,2026-07-28T19:28:52.743Z,,
9c314695-6a00-48ea-aa5a-ebd23b4bc033,896afcc4-230b-4b4f-a6c4-b678be947597,9,5000000.00,approved,a0000000-0000-0000-0000-000000000001,2026-07-28T19:28:53.983Z,,2026-07-28T19:28:53.011Z,a0000000-0000-0000-0000-000000000001,2026-07-28T19:28:53.983Z,a0000000-0000-0000-0000-000000000001,
89c806fc-b939-4ea7-8ae0-bf4acea236d1,896afcc4-230b-4b4f-a6c4-b678be947597,10,5000000.00,draft,,,,2026-07-28T19:28:54.052Z,a0000000-0000-0000-0000-000000000001,2026-07-28T19:28:54.545Z,a0000000-0000-0000-0000-000000000001,
96a3a637-d2a4-496e-8358-4fd2309b7fe5,81c7fd57-12d6-434b-8fa8-4dfdddb6584a,7,5000000.00,under_review,,,,2026-07-28T19:41:06.387Z,a0000000-0000-0000-0000-000000000001,2026-07-28T19:41:06.709Z,a0000000-0000-0000-0000-000000000001,
b6170bef-3f25-4ce4-99bf-1a09de8130b4,711b1854-582d-450c-88ad-42c010fa1133,1,0.00,draft,,,,2026-07-28T19:33:19.980Z,a0000000-0000-0000-0000-000000000001,2026-07-28T19:33:19.980Z,,
ea0defb6-5392-466f-a0c8-980e75eb7f11,711b1854-582d-450c-88ad-42c010fa1133,2,12000000.00,draft,,,,2026-07-28T19:33:20.843Z,a0000000-0000-0000-0000-000000000001,2026-07-28T19:33:20.843Z,,
416dcb52-476f-4a1e-bc7c-4faa27c786f1,711b1854-582d-450c-88ad-42c010fa1133,3,0.00,draft,,,,2026-07-28T19:33:21.016Z,a0000000-0000-0000-0000-000000000001,2026-07-28T19:33:21.016Z,,
3e19a5c6-1c6d-4216-b0e8-6c375a242262,711b1854-582d-450c-88ad-42c010fa1133,4,5000000.00,under_review,,,,2026-07-28T19:33:21.328Z,a0000000-0000-0000-0000-000000000001,2026-07-28T19:33:21.575Z,a0000000-0000-0000-0000-000000000001,
403efbb5-5f45-4c7d-b539-41ef822b144b,711b1854-582d-450c-88ad-42c010fa1133,5,0.00,draft,,,,2026-07-28T19:33:21.626Z,a0000000-0000-0000-0000-000000000001,2026-07-28T19:33:21.626Z,,
42955685-e79e-4e09-8bb8-83362aba8592,711b1854-582d-450c-88ad-42c010fa1133,6,5000000.00,approved,a0000000-0000-0000-0000-000000000001,2026-07-28T19:33:22.677Z,,2026-07-28T19:33:21.925Z,a0000000-0000-0000-0000-000000000001,2026-07-28T19:33:22.677Z,a0000000-0000-0000-0000-000000000001,
b769f56d-d932-454c-8bf7-f6014a80298f,711b1854-582d-450c-88ad-42c010fa1133,7,5000000.00,under_review,,,,2026-07-28T19:33:22.723Z,a0000000-0000-0000-0000-000000000001,2026-07-28T19:33:22.952Z,a0000000-0000-0000-0000-000000000001,
c2b97df4-ddab-40d3-bb76-4e096d40f678,711b1854-582d-450c-88ad-42c010fa1133,8,5000000.00,draft,,,,2026-07-28T19:33:23.140Z,a0000000-0000-0000-0000-000000000001,2026-07-28T19:33:23.140Z,,
dd6831c5-2cae-4460-beb5-2263fef8e965,711b1854-582d-450c-88ad-42c010fa1133,9,5000000.00,approved,a0000000-0000-0000-0000-000000000001,2026-07-28T19:33:24.326Z,,2026-07-28T19:33:23.413Z,a0000000-0000-0000-0000-000000000001,2026-07-28T19:33:24.326Z,a0000000-0000-0000-0000-000000000001,
caefab98-d76e-47c8-87b9-276155400674,711b1854-582d-450c-88ad-42c010fa1133,10,5000000.00,draft,,,,2026-07-28T19:33:24.393Z,a0000000-0000-0000-0000-000000000001,2026-07-28T19:33:24.889Z,a0000000-0000-0000-0000-000000000001,
3eae72c8-fbcf-4ac7-ae25-18778565478e,81c7fd57-12d6-434b-8fa8-4dfdddb6584a,8,5000000.00,draft,,,,2026-07-28T19:41:06.908Z,a0000000-0000-0000-0000-000000000001,2026-07-28T19:41:06.908Z,,
22c4b9f8-8689-4682-8d59-696cefa14eba,81c7fd57-12d6-434b-8fa8-4dfdddb6584a,1,0.00,draft,,,,2026-07-28T19:41:04.034Z,a0000000-0000-0000-0000-000000000001,2026-07-28T19:41:04.034Z,,
8c74540e-3553-4a63-a762-02aed2902ff2,81c7fd57-12d6-434b-8fa8-4dfdddb6584a,2,12000000.00,draft,,,,2026-07-28T19:41:04.523Z,a0000000-0000-0000-0000-000000000001,2026-07-28T19:41:04.523Z,,
21d82f20-6b30-4f5e-93ae-d649ff1e1d01,81c7fd57-12d6-434b-8fa8-4dfdddb6584a,3,0.00,draft,,,,2026-07-28T19:41:04.705Z,a0000000-0000-0000-0000-000000000001,2026-07-28T19:41:04.705Z,,
770f9882-fbcc-49a4-8d5f-44fb280def9e,81c7fd57-12d6-434b-8fa8-4dfdddb6584a,4,5000000.00,under_review,,,,2026-07-28T19:41:05.006Z,a0000000-0000-0000-0000-000000000001,2026-07-28T19:41:05.298Z,a0000000-0000-0000-0000-000000000001,
fa1f1f52-302f-40de-addb-15b49a225820,81c7fd57-12d6-434b-8fa8-4dfdddb6584a,5,0.00,draft,,,,2026-07-28T19:41:05.350Z,a0000000-0000-0000-0000-000000000001,2026-07-28T19:41:05.350Z,,
19349d3b-973d-421c-85e5-477cd3fd6bd9,81c7fd57-12d6-434b-8fa8-4dfdddb6584a,6,5000000.00,approved,a0000000-0000-0000-0000-000000000001,2026-07-28T19:41:06.340Z,,2026-07-28T19:41:05.580Z,a0000000-0000-0000-0000-000000000001,2026-07-28T19:41:06.340Z,a0000000-0000-0000-0000-000000000001,
147654bc-4d52-4cd3-816b-ad48139f88d4,81c7fd57-12d6-434b-8fa8-4dfdddb6584a,9,5000000.00,approved,a0000000-0000-0000-0000-000000000001,2026-07-28T19:41:08.200Z,,2026-07-28T19:41:07.204Z,a0000000-0000-0000-0000-000000000001,2026-07-28T19:41:08.200Z,a0000000-0000-0000-0000-000000000001,
95cfc76b-2a21-4765-ac01-392179dc2789,81c7fd57-12d6-434b-8fa8-4dfdddb6584a,10,5000000.00,draft,,,,2026-07-28T19:41:08.277Z,a0000000-0000-0000-0000-000000000001,2026-07-28T19:41:08.785Z,a0000000-0000-0000-0000-000000000001,
45d7b84f-2b2b-45c8-a44d-bd6ec652d402,81c7fd57-12d6-434b-8fa8-4dfdddb6584a,11,5000000.00,draft,,,,2026-07-28T19:41:08.853Z,a0000000-0000-0000-0000-000000000001,2026-07-28T19:41:09.440Z,a0000000-0000-0000-0000-000000000001,
b899802c-deb3-4f87-b554-af086058d27f,53f8d8ff-a606-4049-8e09-98475bdb6569,1,0.00,draft,,,,2026-07-28T20:01:51.879Z,a0000000-0000-0000-0000-000000000001,2026-07-28T20:01:51.879Z,,
9cf34f5b-b040-481f-9665-83e5d6a70eea,53f8d8ff-a606-4049-8e09-98475bdb6569,2,12000000.00,draft,,,,2026-07-28T20:01:52.996Z,a0000000-0000-0000-0000-000000000001,2026-07-28T20:01:52.996Z,,
60dd6384-01f1-4990-bcab-e40f544e7951,53f8d8ff-a606-4049-8e09-98475bdb6569,3,0.00,draft,,,,2026-07-28T20:01:53.209Z,a0000000-0000-0000-0000-000000000001,2026-07-28T20:01:53.209Z,,
aa9a59c3-b326-4cbf-ace2-c12dd316d2a8,53f8d8ff-a606-4049-8e09-98475bdb6569,4,5000000.00,under_review,,,,2026-07-28T20:01:53.546Z,a0000000-0000-0000-0000-000000000001,2026-07-28T20:01:53.801Z,a0000000-0000-0000-0000-000000000001,
1a0f1670-89d9-4a3d-854e-d7f5e44b8f44,53f8d8ff-a606-4049-8e09-98475bdb6569,5,0.00,draft,,,,2026-07-28T20:01:53.858Z,a0000000-0000-0000-0000-000000000001,2026-07-28T20:01:53.858Z,,
280dc600-296e-4971-b87e-a23ab82e5321,53f8d8ff-a606-4049-8e09-98475bdb6569,6,5000000.00,approved,a0000000-0000-0000-0000-000000000001,2026-07-28T20:01:54.874Z,,2026-07-28T20:01:54.076Z,a0000000-0000-0000-0000-000000000001,2026-07-28T20:01:54.874Z,a0000000-0000-0000-0000-000000000001,
4e7e64fa-9bb8-4925-a0e4-976463b8309a,53f8d8ff-a606-4049-8e09-98475bdb6569,7,5000000.00,under_review,,,,2026-07-28T20:01:54.926Z,a0000000-0000-0000-0000-000000000001,2026-07-28T20:01:55.192Z,a0000000-0000-0000-0000-000000000001,
e907dd8e-fac5-47ac-ad2e-7e67115c0911,53f8d8ff-a606-4049-8e09-98475bdb6569,8,5000000.00,draft,,,,2026-07-28T20:01:55.410Z,a0000000-0000-0000-0000-000000000001,2026-07-28T20:01:55.410Z,,
1d36a23d-73a6-4561-86a1-8508d7fe7b3f,53f8d8ff-a606-4049-8e09-98475bdb6569,9,5000000.00,approved,a0000000-0000-0000-0000-000000000001,2026-07-28T20:01:56.643Z,,2026-07-28T20:01:55.693Z,a0000000-0000-0000-0000-000000000001,2026-07-28T20:01:56.643Z,a0000000-0000-0000-0000-000000000001,
b4b0c23e-5df7-4dc2-92fb-d4d8c1a6640b,53f8d8ff-a606-4049-8e09-98475bdb6569,10,5000000.00,draft,,,,2026-07-28T20:01:56.716Z,a0000000-0000-0000-0000-000000000001,2026-07-28T20:01:57.265Z,a0000000-0000-0000-0000-000000000001,
7ba67a57-c1f3-4f11-8fc8-5fa5d4cb0273,53f8d8ff-a606-4049-8e09-98475bdb6569,11,5000000.00,draft,,,,2026-07-28T20:01:57.338Z,a0000000-0000-0000-0000-000000000001,2026-07-28T20:01:57.981Z,a0000000-0000-0000-0000-000000000001,
385afc43-6863-4404-ad72-0a6a5f463afc,d421fb46-100a-4ce7-b016-b422eeb15499,9,5000000.00,approved,a0000000-0000-0000-0000-000000000001,2026-07-25T20:20:45.046Z,,2026-07-25T20:20:39.114Z,a0000000-0000-0000-0000-000000000001,2026-07-25T20:20:45.046Z,a0000000-0000-0000-0000-000000000001,
8c11dea1-47a6-47be-91f4-0116b582657e,d421fb46-100a-4ce7-b016-b422eeb15499,10,5000000.00,draft,,,,2026-07-25T20:20:45.608Z,a0000000-0000-0000-0000-000000000001,2026-07-25T20:20:48.180Z,a0000000-0000-0000-0000-000000000001,
418aadd9-4cce-46d5-a13b-235a40ed2990,d421fb46-100a-4ce7-b016-b422eeb15499,11,5000000.00,draft,,,,2026-07-25T20:20:48.734Z,a0000000-0000-0000-0000-000000000001,2026-07-25T20:20:51.433Z,a0000000-0000-0000-0000-000000000001,
0d0cbb83-e200-4eeb-a49c-8c92396b8cfc,f05f3fcd-7397-4efc-ac8b-3da01884287d,1,0.00,draft,,,,2026-07-25T20:48:04.115Z,a0000000-0000-0000-0000-000000000001,2026-07-25T20:48:04.115Z,,
e258cd38-290a-4520-b2c5-36f52b274740,f05f3fcd-7397-4efc-ac8b-3da01884287d,2,12000000.00,draft,,,,2026-07-25T20:48:07.425Z,a0000000-0000-0000-0000-000000000001,2026-07-25T20:48:07.425Z,,
1d25f908-437b-4c20-b5e7-44e984d8d62a,f05f3fcd-7397-4efc-ac8b-3da01884287d,3,0.00,draft,,,,2026-07-25T20:48:08.681Z,a0000000-0000-0000-0000-000000000001,2026-07-25T20:48:08.681Z,,
dfedfd8b-8dd8-4973-aaa6-7bedb3fa5ce0,f05f3fcd-7397-4efc-ac8b-3da01884287d,4,5000000.00,under_review,,,,2026-07-25T20:48:10.415Z,a0000000-0000-0000-0000-000000000001,2026-07-25T20:48:12.103Z,a0000000-0000-0000-0000-000000000001,
4f8009c9-7e45-44d0-8c0e-864235bcb6fd,f05f3fcd-7397-4efc-ac8b-3da01884287d,5,0.00,draft,,,,2026-07-25T20:48:12.484Z,a0000000-0000-0000-0000-000000000001,2026-07-25T20:48:12.484Z,,
0708678b-160a-44fb-a937-e506f26eff92,f05f3fcd-7397-4efc-ac8b-3da01884287d,6,5000000.00,approved,a0000000-0000-0000-0000-000000000001,2026-07-25T20:48:18.529Z,,2026-07-25T20:48:13.869Z,a0000000-0000-0000-0000-000000000001,2026-07-25T20:48:18.529Z,a0000000-0000-0000-0000-000000000001,
944a7ed3-83b7-4e13-b576-18ba81cc5b90,f05f3fcd-7397-4efc-ac8b-3da01884287d,7,5000000.00,under_review,,,,2026-07-25T20:48:18.893Z,a0000000-0000-0000-0000-000000000001,2026-07-25T20:48:20.099Z,a0000000-0000-0000-0000-000000000001,
8fc68539-841e-46c9-8957-b240b446669a,f05f3fcd-7397-4efc-ac8b-3da01884287d,8,5000000.00,draft,,,,2026-07-25T20:48:21.101Z,a0000000-0000-0000-0000-000000000001,2026-07-25T20:48:21.101Z,,
8a26d03c-b797-4728-8c13-7917eabdf335,8b31b362-c89e-4382-b99a-7ec061296f95,1,0.00,draft,,,,2026-07-28T19:23:21.847Z,a0000000-0000-0000-0000-000000000001,2026-07-28T19:23:21.847Z,,
f58a386d-48db-4e51-a79c-0b61b57bded5,f05f3fcd-7397-4efc-ac8b-3da01884287d,9,5000000.00,approved,a0000000-0000-0000-0000-000000000001,2026-07-25T20:48:27.587Z,,2026-07-25T20:48:22.652Z,a0000000-0000-0000-0000-000000000001,2026-07-25T20:48:27.587Z,a0000000-0000-0000-0000-000000000001,
7502be66-368e-4012-bb37-fd6aad445d87,8b31b362-c89e-4382-b99a-7ec061296f95,2,12000000.00,draft,,,,2026-07-28T19:23:22.207Z,a0000000-0000-0000-0000-000000000001,2026-07-28T19:23:22.207Z,,
d7a03859-2f6e-47a0-8cf1-1c0c5745d445,8b31b362-c89e-4382-b99a-7ec061296f95,3,0.00,draft,,,,2026-07-28T19:23:22.371Z,a0000000-0000-0000-0000-000000000001,2026-07-28T19:23:22.371Z,,
f9409606-1963-46bf-a4f8-b4f188fd245c,f05f3fcd-7397-4efc-ac8b-3da01884287d,10,5000000.00,draft,,,,2026-07-25T20:48:28.129Z,a0000000-0000-0000-0000-000000000001,2026-07-25T20:48:30.722Z,a0000000-0000-0000-0000-000000000001,
5feaf665-552b-4ccc-aac9-9a530b06cd8d,062fed0c-1368-4656-a845-101eca0d4f1e,1,0.00,draft,,,,2026-07-28T20:53:14.158Z,a0000000-0000-0000-0000-000000000001,2026-07-28T20:53:14.158Z,,
13ccb46e-90af-4184-949a-01c1e47060b6,8b31b362-c89e-4382-b99a-7ec061296f95,4,5000000.00,under_review,,,,2026-07-28T19:23:22.630Z,a0000000-0000-0000-0000-000000000001,2026-07-28T19:23:22.879Z,a0000000-0000-0000-0000-000000000001,
cd807af6-89cb-4bb7-b82c-742b3f49cc14,f05f3fcd-7397-4efc-ac8b-3da01884287d,11,5000000.00,draft,,,,2026-07-25T20:48:31.276Z,a0000000-0000-0000-0000-000000000001,2026-07-25T20:48:34.504Z,a0000000-0000-0000-0000-000000000001,
ccc071c2-1f66-4be7-8c54-0197ab266969,20c55afb-23e6-45ba-86dc-307e94bee02a,1,0.00,draft,,,,2026-07-25T20:56:11.798Z,a0000000-0000-0000-0000-000000000001,2026-07-25T20:56:11.798Z,,
5357de13-b003-413a-ba38-a18d958327b6,20c55afb-23e6-45ba-86dc-307e94bee02a,2,12000000.00,draft,,,,2026-07-25T20:56:14.123Z,a0000000-0000-0000-0000-000000000001,2026-07-25T20:56:14.123Z,,
2c86a108-cf19-4762-80d4-0a1972c4ed18,20c55afb-23e6-45ba-86dc-307e94bee02a,3,0.00,draft,,,,2026-07-25T20:56:14.977Z,a0000000-0000-0000-0000-000000000001,2026-07-25T20:56:14.977Z,,
d7a78ecf-c830-46fd-9382-ddf81de13933,8b31b362-c89e-4382-b99a-7ec061296f95,5,0.00,draft,,,,2026-07-28T19:23:22.928Z,a0000000-0000-0000-0000-000000000001,2026-07-28T19:23:22.928Z,,
9fa4c5af-0d8f-42f3-ab25-0e25e6d15885,20c55afb-23e6-45ba-86dc-307e94bee02a,4,5000000.00,under_review,,,,2026-07-25T20:56:16.251Z,a0000000-0000-0000-0000-000000000001,2026-07-25T20:56:17.504Z,a0000000-0000-0000-0000-000000000001,
bcf90cf8-227d-4b44-8598-73e2c1d4de55,20c55afb-23e6-45ba-86dc-307e94bee02a,5,0.00,draft,,,,2026-07-25T20:56:17.887Z,a0000000-0000-0000-0000-000000000001,2026-07-25T20:56:17.887Z,,
7e0c9dea-cc2d-4b6f-9aa4-6fb02f5bbc56,062fed0c-1368-4656-a845-101eca0d4f1e,2,12000000.00,draft,,,,2026-07-28T20:53:15.132Z,a0000000-0000-0000-0000-000000000001,2026-07-28T20:53:15.132Z,,
56d3425f-1a48-40c8-b91a-ea7a974bfa0d,062fed0c-1368-4656-a845-101eca0d4f1e,3,0.00,draft,,,,2026-07-28T20:53:15.349Z,a0000000-0000-0000-0000-000000000001,2026-07-28T20:53:15.349Z,,
cb204526-57dd-4eff-ab1d-930d1fc0b402,20c55afb-23e6-45ba-86dc-307e94bee02a,6,5000000.00,approved,a0000000-0000-0000-0000-000000000001,2026-07-25T20:56:22.635Z,,2026-07-25T20:56:19.345Z,a0000000-0000-0000-0000-000000000001,2026-07-25T20:56:22.635Z,a0000000-0000-0000-0000-000000000001,
c2b879b4-3c9b-41d0-b547-614e61043a4a,8b31b362-c89e-4382-b99a-7ec061296f95,6,5000000.00,approved,a0000000-0000-0000-0000-000000000001,2026-07-28T19:23:23.813Z,,2026-07-28T19:23:23.120Z,a0000000-0000-0000-0000-000000000001,2026-07-28T19:23:23.813Z,a0000000-0000-0000-0000-000000000001,
667c2044-c5f7-4fb4-8c29-3c5dc9bd0d57,20c55afb-23e6-45ba-86dc-307e94bee02a,7,5000000.00,under_review,,,,2026-07-25T20:56:23.013Z,a0000000-0000-0000-0000-000000000001,2026-07-25T20:56:24.266Z,a0000000-0000-0000-0000-000000000001,
ef574e42-e226-4b6b-bb56-b22438b51e13,20c55afb-23e6-45ba-86dc-307e94bee02a,8,5000000.00,draft,,,,2026-07-25T20:56:25.289Z,a0000000-0000-0000-0000-000000000001,2026-07-25T20:56:25.289Z,,
883da500-7c1c-48e2-84b7-9964f4d3a852,8b31b362-c89e-4382-b99a-7ec061296f95,7,5000000.00,under_review,,,,2026-07-28T19:23:23.860Z,a0000000-0000-0000-0000-000000000001,2026-07-28T19:23:24.091Z,a0000000-0000-0000-0000-000000000001,
46045264-257a-4eb9-8124-02edc4caf829,20c55afb-23e6-45ba-86dc-307e94bee02a,9,5000000.00,approved,a0000000-0000-0000-0000-000000000001,2026-07-25T20:56:32.121Z,,2026-07-25T20:56:26.929Z,a0000000-0000-0000-0000-000000000001,2026-07-25T20:56:32.121Z,a0000000-0000-0000-0000-000000000001,
6e0e8eb1-fc99-4aae-80ae-c71dca3f1bf0,8b31b362-c89e-4382-b99a-7ec061296f95,8,5000000.00,draft,,,,2026-07-28T19:23:24.281Z,a0000000-0000-0000-0000-000000000001,2026-07-28T19:23:24.281Z,,
50d82be5-72ec-4070-85cb-ee6d46661b42,062fed0c-1368-4656-a845-101eca0d4f1e,4,5000000.00,under_review,,,,2026-07-28T20:53:15.642Z,a0000000-0000-0000-0000-000000000001,2026-07-28T20:53:15.895Z,a0000000-0000-0000-0000-000000000001,
256dcb93-abdf-40c4-99e9-bf58e700967b,20c55afb-23e6-45ba-86dc-307e94bee02a,10,5000000.00,draft,,,,2026-07-25T20:56:32.679Z,a0000000-0000-0000-0000-000000000001,2026-07-25T20:56:35.298Z,a0000000-0000-0000-0000-000000000001,
456e46ce-b133-42bc-a11b-07868c09cdd7,062fed0c-1368-4656-a845-101eca0d4f1e,5,0.00,draft,,,,2026-07-28T20:53:15.949Z,a0000000-0000-0000-0000-000000000001,2026-07-28T20:53:15.949Z,,
a14ae7f6-aada-4010-898c-00ca1233a6f5,8b31b362-c89e-4382-b99a-7ec061296f95,9,5000000.00,approved,a0000000-0000-0000-0000-000000000001,2026-07-28T19:23:25.653Z,,2026-07-28T19:23:24.721Z,a0000000-0000-0000-0000-000000000001,2026-07-28T19:23:25.653Z,a0000000-0000-0000-0000-000000000001,
b34f2cf1-85a8-4a9e-abc3-094a3025f27c,20c55afb-23e6-45ba-86dc-307e94bee02a,11,5000000.00,draft,,,,2026-07-25T20:56:35.856Z,a0000000-0000-0000-0000-000000000001,2026-07-25T20:56:38.422Z,a0000000-0000-0000-0000-000000000001,
1234c6ae-f837-4f39-b380-4c17767083e9,8b31b362-c89e-4382-b99a-7ec061296f95,10,5000000.00,draft,,,,2026-07-28T19:23:25.722Z,a0000000-0000-0000-0000-000000000001,2026-07-28T19:23:26.187Z,a0000000-0000-0000-0000-000000000001,
2dae9cd3-8bc9-420c-b242-aba4a8005fd7,062fed0c-1368-4656-a845-101eca0d4f1e,6,5000000.00,approved,a0000000-0000-0000-0000-000000000001,2026-07-28T20:53:17.061Z,,2026-07-28T20:53:16.288Z,a0000000-0000-0000-0000-000000000001,2026-07-28T20:53:17.061Z,a0000000-0000-0000-0000-000000000001,
0b181e8a-23e9-4371-9003-234dadd9af0f,8b31b362-c89e-4382-b99a-7ec061296f95,11,5000000.00,draft,,,,2026-07-28T19:23:26.255Z,a0000000-0000-0000-0000-000000000001,2026-07-28T19:23:26.744Z,a0000000-0000-0000-0000-000000000001,
49b5a15c-1f06-4aa6-9533-e81604bac2c4,062fed0c-1368-4656-a845-101eca0d4f1e,7,5000000.00,under_review,,,,2026-07-28T20:53:17.111Z,a0000000-0000-0000-0000-000000000001,2026-07-28T20:53:17.355Z,a0000000-0000-0000-0000-000000000001,
120961d7-cb78-43f2-8e89-bb2a6677765a,062fed0c-1368-4656-a845-101eca0d4f1e,8,5000000.00,draft,,,,2026-07-28T20:53:17.560Z,a0000000-0000-0000-0000-000000000001,2026-07-28T20:53:17.560Z,,
1602ba6b-931e-433c-9d39-c8b66e6b880f,062fed0c-1368-4656-a845-101eca0d4f1e,9,5000000.00,approved,a0000000-0000-0000-0000-000000000001,2026-07-28T20:53:18.794Z,,2026-07-28T20:53:17.863Z,a0000000-0000-0000-0000-000000000001,2026-07-28T20:53:18.794Z,a0000000-0000-0000-0000-000000000001,
f09b4405-db66-4667-8f79-bb0e8837c828,7d18c893-41fd-4776-a238-367d79a420c3,6,5000000.00,approved,a0000000-0000-0000-0000-000000000001,2026-07-28T19:57:52.075Z,,2026-07-28T19:57:51.276Z,a0000000-0000-0000-0000-000000000001,2026-07-28T19:57:52.075Z,a0000000-0000-0000-0000-000000000001,
11ba63f6-b202-47a4-943f-2898b67efe92,062fed0c-1368-4656-a845-101eca0d4f1e,10,5000000.00,draft,,,,2026-07-28T20:53:18.869Z,a0000000-0000-0000-0000-000000000001,2026-07-28T20:53:19.374Z,a0000000-0000-0000-0000-000000000001,
1719151b-1151-4376-8cdb-8ddb1b50b9dd,7d18c893-41fd-4776-a238-367d79a420c3,1,0.00,draft,,,,2026-07-28T19:57:49.164Z,a0000000-0000-0000-0000-000000000001,2026-07-28T19:57:49.164Z,,
73fdce25-490d-44fd-afb4-397b9ef50e29,7d18c893-41fd-4776-a238-367d79a420c3,2,12000000.00,draft,,,,2026-07-28T19:57:50.253Z,a0000000-0000-0000-0000-000000000001,2026-07-28T19:57:50.253Z,,
6f4143bb-3359-4819-803b-b28a5b33bb41,7d18c893-41fd-4776-a238-367d79a420c3,3,0.00,draft,,,,2026-07-28T19:57:50.441Z,a0000000-0000-0000-0000-000000000001,2026-07-28T19:57:50.441Z,,
3f19c44c-465f-4506-91a5-b9dcf0d1ca1c,062fed0c-1368-4656-a845-101eca0d4f1e,11,5000000.00,draft,,,,2026-07-28T20:53:19.454Z,a0000000-0000-0000-0000-000000000001,2026-07-28T20:53:19.945Z,a0000000-0000-0000-0000-000000000001,
c7a2f73d-871d-4be8-913c-8f72a1c8672d,7d18c893-41fd-4776-a238-367d79a420c3,4,5000000.00,under_review,,,,2026-07-28T19:57:50.758Z,a0000000-0000-0000-0000-000000000001,2026-07-28T19:57:51.025Z,a0000000-0000-0000-0000-000000000001,
c7c8fed5-db11-49ee-8789-12fa5d0c8660,7d18c893-41fd-4776-a238-367d79a420c3,5,0.00,draft,,,,2026-07-28T19:57:51.076Z,a0000000-0000-0000-0000-000000000001,2026-07-28T19:57:51.076Z,,
4a57f193-1425-4dca-bd54-fbc58354cfab,7d18c893-41fd-4776-a238-367d79a420c3,7,5000000.00,under_review,,,,2026-07-28T19:57:52.123Z,a0000000-0000-0000-0000-000000000001,2026-07-28T19:57:52.347Z,a0000000-0000-0000-0000-000000000001,
5b68b557-807c-43dc-8f63-2fc0c22ac13b,7d18c893-41fd-4776-a238-367d79a420c3,8,5000000.00,draft,,,,2026-07-28T19:57:52.551Z,a0000000-0000-0000-0000-000000000001,2026-07-28T19:57:52.551Z,,
56bd8350-68e7-42ac-80a1-727f86bfcdbc,7d18c893-41fd-4776-a238-367d79a420c3,9,5000000.00,approved,a0000000-0000-0000-0000-000000000001,2026-07-28T19:57:53.759Z,,2026-07-28T19:57:52.822Z,a0000000-0000-0000-0000-000000000001,2026-07-28T19:57:53.759Z,a0000000-0000-0000-0000-000000000001,
c52bf707-9c3c-40d4-9ff8-f42483639821,e382803b-f5c5-4e22-9f2a-a9db1c879388,11,5000000.00,draft,,,,2026-07-28T20:56:00.283Z,a0000000-0000-0000-0000-000000000001,2026-07-28T20:56:00.830Z,a0000000-0000-0000-0000-000000000001,
b3704da1-a153-4f2b-93ce-12fa9ca92157,7d18c893-41fd-4776-a238-367d79a420c3,10,5000000.00,draft,,,,2026-07-28T19:57:53.828Z,a0000000-0000-0000-0000-000000000001,2026-07-28T19:57:54.341Z,a0000000-0000-0000-0000-000000000001,
12241f0e-2855-4320-b068-8d4cb591774e,ba112998-4fdc-4b89-a546-b5a5b9fa07b4,1,0.00,draft,,,,2026-07-28T21:00:21.014Z,a0000000-0000-0000-0000-000000000001,2026-07-28T21:00:21.014Z,,
9e8efcb7-cd14-4909-b7e9-fdb31c2e1461,7d18c893-41fd-4776-a238-367d79a420c3,11,5000000.00,draft,,,,2026-07-28T19:57:54.409Z,a0000000-0000-0000-0000-000000000001,2026-07-28T19:57:54.941Z,a0000000-0000-0000-0000-000000000001,
a295ecc8-941c-464a-8044-9ba707bc49eb,ba112998-4fdc-4b89-a546-b5a5b9fa07b4,2,12000000.00,draft,,,,2026-07-28T21:00:21.623Z,a0000000-0000-0000-0000-000000000001,2026-07-28T21:00:21.623Z,,
d1aa2c62-0fd7-4cc1-a389-e16342ade4ef,e44eddf5-8ab8-4887-aab1-086a4b56a858,3,0.00,draft,,,,2026-07-28T21:13:02.189Z,a0000000-0000-0000-0000-000000000001,2026-07-28T21:13:02.189Z,,
e00c6681-525b-4608-b643-b998ffe73911,6dc5a440-25ae-4362-bce7-19c58c522d23,1,0.00,draft,,,,2026-07-29T04:42:34.378Z,a0000000-0000-0000-0000-000000000001,2026-07-29T04:42:34.378Z,,
672e5400-640d-4969-b1f9-2b48fefc39aa,ba112998-4fdc-4b89-a546-b5a5b9fa07b4,6,5000000.00,approved,a0000000-0000-0000-0000-000000000001,2026-07-28T21:00:23.570Z,,2026-07-28T21:00:22.786Z,a0000000-0000-0000-0000-000000000001,2026-07-28T21:00:23.570Z,a0000000-0000-0000-0000-000000000001,
fb7783cf-f472-4469-878d-aaba1f986b3d,e44eddf5-8ab8-4887-aab1-086a4b56a858,4,5000000.00,under_review,,,,2026-07-28T21:13:02.519Z,a0000000-0000-0000-0000-000000000001,2026-07-28T21:13:02.769Z,a0000000-0000-0000-0000-000000000001,
0e842988-9dee-4459-857c-25a28e64898b,ba112998-4fdc-4b89-a546-b5a5b9fa07b4,7,5000000.00,under_review,,,,2026-07-28T21:00:23.619Z,a0000000-0000-0000-0000-000000000001,2026-07-28T21:00:23.848Z,a0000000-0000-0000-0000-000000000001,
47b7808e-3352-4de3-a8cd-07497390a06e,ba112998-4fdc-4b89-a546-b5a5b9fa07b4,8,5000000.00,draft,,,,2026-07-28T21:00:24.045Z,a0000000-0000-0000-0000-000000000001,2026-07-28T21:00:24.045Z,,
392e4130-448d-4708-8659-8d3b2adf7d90,e44eddf5-8ab8-4887-aab1-086a4b56a858,5,0.00,draft,,,,2026-07-28T21:13:02.823Z,a0000000-0000-0000-0000-000000000001,2026-07-28T21:13:02.823Z,,
3e20d51d-a007-4c0b-a3ac-2801460992e6,ba112998-4fdc-4b89-a546-b5a5b9fa07b4,9,5000000.00,approved,a0000000-0000-0000-0000-000000000001,2026-07-28T21:00:25.284Z,,2026-07-28T21:00:24.330Z,a0000000-0000-0000-0000-000000000001,2026-07-28T21:00:25.284Z,a0000000-0000-0000-0000-000000000001,
db7a0922-83de-4aeb-8dd8-8e3aceccc7f0,e44eddf5-8ab8-4887-aab1-086a4b56a858,6,5000000.00,approved,a0000000-0000-0000-0000-000000000001,2026-07-28T21:13:03.911Z,,2026-07-28T21:13:03.099Z,a0000000-0000-0000-0000-000000000001,2026-07-28T21:13:03.911Z,a0000000-0000-0000-0000-000000000001,
bc521096-1c4e-4db1-824e-70a83d656dcd,ba112998-4fdc-4b89-a546-b5a5b9fa07b4,10,5000000.00,draft,,,,2026-07-28T21:00:25.357Z,a0000000-0000-0000-0000-000000000001,2026-07-28T21:00:25.856Z,a0000000-0000-0000-0000-000000000001,
73622be6-2057-4672-879d-603ea3af3964,e44eddf5-8ab8-4887-aab1-086a4b56a858,7,5000000.00,under_review,,,,2026-07-28T21:13:03.959Z,a0000000-0000-0000-0000-000000000001,2026-07-28T21:13:04.182Z,a0000000-0000-0000-0000-000000000001,
187cf25d-b0b1-41ac-8abd-eb1e39c1a19e,ba112998-4fdc-4b89-a546-b5a5b9fa07b4,11,5000000.00,draft,,,,2026-07-28T21:00:25.928Z,a0000000-0000-0000-0000-000000000001,2026-07-28T21:00:26.411Z,a0000000-0000-0000-0000-000000000001,
e238bf16-a417-4de3-8daa-b4cd51fa00ef,e44eddf5-8ab8-4887-aab1-086a4b56a858,8,5000000.00,draft,,,,2026-07-28T21:13:04.363Z,a0000000-0000-0000-0000-000000000001,2026-07-28T21:13:04.363Z,,
354415a6-bc76-499f-84d8-2cfa193bdcb5,e44eddf5-8ab8-4887-aab1-086a4b56a858,9,5000000.00,approved,a0000000-0000-0000-0000-000000000001,2026-07-28T21:13:05.580Z,,2026-07-28T21:13:04.661Z,a0000000-0000-0000-0000-000000000001,2026-07-28T21:13:05.580Z,a0000000-0000-0000-0000-000000000001,
18f94ade-0811-4c7b-b9f5-29a92c2cdfee,e44eddf5-8ab8-4887-aab1-086a4b56a858,10,5000000.00,draft,,,,2026-07-28T21:13:05.651Z,a0000000-0000-0000-0000-000000000001,2026-07-28T21:13:06.107Z,a0000000-0000-0000-0000-000000000001,
2de6d812-4854-4ab3-a015-1dbf5eed4f7b,e44eddf5-8ab8-4887-aab1-086a4b56a858,11,5000000.00,draft,,,,2026-07-28T21:13:06.175Z,a0000000-0000-0000-0000-000000000001,2026-07-28T21:13:06.650Z,a0000000-0000-0000-0000-000000000001,
5f13aac2-a504-42c1-9243-74dbefa9cc36,996b0e53-77d8-4b39-b5b0-4250c350fd1e,6,5000000.00,approved,a0000000-0000-0000-0000-000000000001,2026-07-28T21:15:37.104Z,,2026-07-28T21:15:36.340Z,a0000000-0000-0000-0000-000000000001,2026-07-28T21:15:37.104Z,a0000000-0000-0000-0000-000000000001,
79990cbd-b38c-4ceb-8445-0036d85fc5de,19ec5440-40f6-4d42-9f09-cf97d1f0c0f0,1,0.00,draft,,,,2026-07-28T21:05:21.541Z,a0000000-0000-0000-0000-000000000001,2026-07-28T21:05:21.541Z,,
c87a199e-d8f6-4509-9d3b-edb7dc1cd358,19ec5440-40f6-4d42-9f09-cf97d1f0c0f0,2,12000000.00,draft,,,,2026-07-28T21:05:22.300Z,a0000000-0000-0000-0000-000000000001,2026-07-28T21:05:22.300Z,,
7715e723-ab54-49af-9353-55a5b78fedfc,19ec5440-40f6-4d42-9f09-cf97d1f0c0f0,3,0.00,draft,,,,2026-07-28T21:05:22.473Z,a0000000-0000-0000-0000-000000000001,2026-07-28T21:05:22.473Z,,
5790633e-03e3-4553-acc9-a9f4102c2229,19ec5440-40f6-4d42-9f09-cf97d1f0c0f0,4,5000000.00,under_review,,,,2026-07-28T21:05:22.764Z,a0000000-0000-0000-0000-000000000001,2026-07-28T21:05:23.026Z,a0000000-0000-0000-0000-000000000001,
29fe2a16-a874-4ffd-bc11-af2a66c04461,19ec5440-40f6-4d42-9f09-cf97d1f0c0f0,5,0.00,draft,,,,2026-07-28T21:05:23.083Z,a0000000-0000-0000-0000-000000000001,2026-07-28T21:05:23.083Z,,
42777c7f-1f97-4c6e-a55f-de9b4f509a22,19ec5440-40f6-4d42-9f09-cf97d1f0c0f0,6,5000000.00,approved,a0000000-0000-0000-0000-000000000001,2026-07-28T21:05:24.209Z,,2026-07-28T21:05:23.467Z,a0000000-0000-0000-0000-000000000001,2026-07-28T21:05:24.209Z,a0000000-0000-0000-0000-000000000001,
3d185991-3723-48f7-a4ea-acd123fab939,19ec5440-40f6-4d42-9f09-cf97d1f0c0f0,7,5000000.00,under_review,,,,2026-07-28T21:05:24.264Z,a0000000-0000-0000-0000-000000000001,2026-07-28T21:05:24.491Z,a0000000-0000-0000-0000-000000000001,
e26dd9e1-aa04-487e-aff1-6d238338957b,19ec5440-40f6-4d42-9f09-cf97d1f0c0f0,8,5000000.00,draft,,,,2026-07-28T21:05:24.676Z,a0000000-0000-0000-0000-000000000001,2026-07-28T21:05:24.676Z,,
2c66029b-727c-4d7e-a57d-5d2d92bfca08,996b0e53-77d8-4b39-b5b0-4250c350fd1e,7,5000000.00,under_review,,,,2026-07-28T21:15:37.151Z,a0000000-0000-0000-0000-000000000001,2026-07-28T21:15:37.378Z,a0000000-0000-0000-0000-000000000001,
ecc3f5e2-646f-48e1-a82f-f6bbebe2a802,19ec5440-40f6-4d42-9f09-cf97d1f0c0f0,9,5000000.00,approved,a0000000-0000-0000-0000-000000000001,2026-07-28T21:05:25.886Z,,2026-07-28T21:05:24.984Z,a0000000-0000-0000-0000-000000000001,2026-07-28T21:05:25.886Z,a0000000-0000-0000-0000-000000000001,
6415e8c8-edc9-4cdb-82ea-434ba672c233,996b0e53-77d8-4b39-b5b0-4250c350fd1e,8,5000000.00,draft,,,,2026-07-28T21:15:37.622Z,a0000000-0000-0000-0000-000000000001,2026-07-28T21:15:37.622Z,,
2f2b0ed6-0265-4f73-a6e2-f90bf12038b1,19ec5440-40f6-4d42-9f09-cf97d1f0c0f0,10,5000000.00,draft,,,,2026-07-28T21:05:25.957Z,a0000000-0000-0000-0000-000000000001,2026-07-28T21:05:26.446Z,a0000000-0000-0000-0000-000000000001,
4dd3c3c9-a115-4a87-be34-72597ec1edce,19ec5440-40f6-4d42-9f09-cf97d1f0c0f0,11,5000000.00,draft,,,,2026-07-28T21:05:26.516Z,a0000000-0000-0000-0000-000000000001,2026-07-28T21:05:27.026Z,a0000000-0000-0000-0000-000000000001,
4447e176-c7bb-4ac4-9e9f-755cc8ffb025,996b0e53-77d8-4b39-b5b0-4250c350fd1e,1,0.00,draft,,,,2026-07-28T21:15:34.766Z,a0000000-0000-0000-0000-000000000001,2026-07-28T21:15:34.766Z,,
6f186382-107e-4651-9237-63c8f586f272,996b0e53-77d8-4b39-b5b0-4250c350fd1e,2,12000000.00,draft,,,,2026-07-28T21:15:35.414Z,a0000000-0000-0000-0000-000000000001,2026-07-28T21:15:35.414Z,,
f19faa1e-baf7-4c48-a62c-90b3b8845e64,996b0e53-77d8-4b39-b5b0-4250c350fd1e,3,0.00,draft,,,,2026-07-28T21:15:35.566Z,a0000000-0000-0000-0000-000000000001,2026-07-28T21:15:35.566Z,,
61758a44-fe03-462d-80b5-984b2c13be92,996b0e53-77d8-4b39-b5b0-4250c350fd1e,4,5000000.00,under_review,,,,2026-07-28T21:15:35.842Z,a0000000-0000-0000-0000-000000000001,2026-07-28T21:15:36.075Z,a0000000-0000-0000-0000-000000000001,
41fd73b8-9c3f-4f70-973e-d33aab553b44,996b0e53-77d8-4b39-b5b0-4250c350fd1e,5,0.00,draft,,,,2026-07-28T21:15:36.126Z,a0000000-0000-0000-0000-000000000001,2026-07-28T21:15:36.126Z,,
03704601-d6fc-4e66-b418-72ad17ec4e6c,996b0e53-77d8-4b39-b5b0-4250c350fd1e,9,5000000.00,approved,a0000000-0000-0000-0000-000000000001,2026-07-28T21:15:38.823Z,,2026-07-28T21:15:37.886Z,a0000000-0000-0000-0000-000000000001,2026-07-28T21:15:38.823Z,a0000000-0000-0000-0000-000000000001,
0e03ff09-9df4-4baa-9b47-d792cd8f22fb,996b0e53-77d8-4b39-b5b0-4250c350fd1e,10,5000000.00,draft,,,,2026-07-28T21:15:38.889Z,a0000000-0000-0000-0000-000000000001,2026-07-28T21:15:39.424Z,a0000000-0000-0000-0000-000000000001,
a7281d96-424c-4fc5-ace8-aa20704ab34a,996b0e53-77d8-4b39-b5b0-4250c350fd1e,11,5000000.00,draft,,,,2026-07-28T21:15:39.489Z,a0000000-0000-0000-0000-000000000001,2026-07-28T21:15:39.958Z,a0000000-0000-0000-0000-000000000001,
b26d81f4-a994-424f-9b59-ab7eac24eb8f,dda82069-41a0-45da-9507-315eb0b433d2,1,0.00,draft,,,,2026-07-28T21:18:48.941Z,a0000000-0000-0000-0000-000000000001,2026-07-28T21:18:48.941Z,,
72553b45-23fb-47ce-bce9-fcd1b828606f,dda82069-41a0-45da-9507-315eb0b433d2,2,12000000.00,draft,,,,2026-07-28T21:18:49.433Z,a0000000-0000-0000-0000-000000000001,2026-07-28T21:18:49.433Z,,
29bfac27-5ef3-44cb-9592-c12aea0d280c,dda82069-41a0-45da-9507-315eb0b433d2,3,0.00,draft,,,,2026-07-28T21:18:49.588Z,a0000000-0000-0000-0000-000000000001,2026-07-28T21:18:49.588Z,,
c0dde193-2787-4140-92ff-e33ca23e1121,dda82069-41a0-45da-9507-315eb0b433d2,4,5000000.00,under_review,,,,2026-07-28T21:18:49.858Z,a0000000-0000-0000-0000-000000000001,2026-07-28T21:18:50.109Z,a0000000-0000-0000-0000-000000000001,
9c0bf703-e39d-4de8-ad4e-c865d87abd73,dda82069-41a0-45da-9507-315eb0b433d2,5,0.00,draft,,,,2026-07-28T21:18:50.165Z,a0000000-0000-0000-0000-000000000001,2026-07-28T21:18:50.165Z,,
f423ecd5-f63b-46ad-ba24-7c3bc044c0f0,dda82069-41a0-45da-9507-315eb0b433d2,6,5000000.00,approved,a0000000-0000-0000-0000-000000000001,2026-07-28T21:18:51.167Z,,2026-07-28T21:18:50.436Z,a0000000-0000-0000-0000-000000000001,2026-07-28T21:18:51.167Z,a0000000-0000-0000-0000-000000000001,
7725b0fd-b653-42ff-a4bd-6d88fa7d39d9,dda82069-41a0-45da-9507-315eb0b433d2,7,5000000.00,under_review,,,,2026-07-28T21:18:51.215Z,a0000000-0000-0000-0000-000000000001,2026-07-28T21:18:51.430Z,a0000000-0000-0000-0000-000000000001,
15cf4068-475c-4965-b0ca-30f7a498e3b8,dda82069-41a0-45da-9507-315eb0b433d2,8,5000000.00,draft,,,,2026-07-28T21:18:51.633Z,a0000000-0000-0000-0000-000000000001,2026-07-28T21:18:51.633Z,,
3e381b92-d64b-48f4-8930-78248240faad,dda82069-41a0-45da-9507-315eb0b433d2,9,5000000.00,approved,a0000000-0000-0000-0000-000000000001,2026-07-28T21:18:52.939Z,,2026-07-28T21:18:51.917Z,a0000000-0000-0000-0000-000000000001,2026-07-28T21:18:52.939Z,a0000000-0000-0000-0000-000000000001,
fd647365-18cc-4e65-a28b-ed49cd232b55,dda82069-41a0-45da-9507-315eb0b433d2,10,5000000.00,draft,,,,2026-07-28T21:18:53.010Z,a0000000-0000-0000-0000-000000000001,2026-07-28T21:18:53.511Z,a0000000-0000-0000-0000-000000000001,
62cf626c-a11e-4b57-8845-c3be681a4992,dda82069-41a0-45da-9507-315eb0b433d2,11,5000000.00,draft,,,,2026-07-28T21:18:53.578Z,a0000000-0000-0000-0000-000000000001,2026-07-28T21:18:54.095Z,a0000000-0000-0000-0000-000000000001,
216125f4-9229-4e61-9364-361cfb68fb8c,820dbe1d-4a29-43fa-8671-b08dbc35f95a,3,0.00,draft,,,,2026-07-28T21:24:30.042Z,a0000000-0000-0000-0000-000000000001,2026-07-28T21:24:30.042Z,,
834b541b-6647-414b-bea1-9e8c7b9476e2,820dbe1d-4a29-43fa-8671-b08dbc35f95a,1,0.00,draft,,,,2026-07-28T21:24:28.873Z,a0000000-0000-0000-0000-000000000001,2026-07-28T21:24:28.873Z,,
c19f0b50-6a2e-4295-a96a-99e0046fd91c,820dbe1d-4a29-43fa-8671-b08dbc35f95a,2,12000000.00,draft,,,,2026-07-28T21:24:29.822Z,a0000000-0000-0000-0000-000000000001,2026-07-28T21:24:29.822Z,,
6e62df72-a3d3-44df-a946-6aeefb3cf804,820dbe1d-4a29-43fa-8671-b08dbc35f95a,4,5000000.00,under_review,,,,2026-07-28T21:24:30.346Z,a0000000-0000-0000-0000-000000000001,2026-07-28T21:24:30.593Z,a0000000-0000-0000-0000-000000000001,
5cfb7e38-5bc4-4165-a5cd-6b1af13721f6,820dbe1d-4a29-43fa-8671-b08dbc35f95a,5,0.00,draft,,,,2026-07-28T21:24:30.652Z,a0000000-0000-0000-0000-000000000001,2026-07-28T21:24:30.652Z,,
b394f3a7-7be2-4791-975b-113a3dbbdc01,820dbe1d-4a29-43fa-8671-b08dbc35f95a,6,5000000.00,approved,a0000000-0000-0000-0000-000000000001,2026-07-28T21:24:31.750Z,,2026-07-28T21:24:30.978Z,a0000000-0000-0000-0000-000000000001,2026-07-28T21:24:31.750Z,a0000000-0000-0000-0000-000000000001,
7356297a-b93d-4a60-941a-d0c241c59823,820dbe1d-4a29-43fa-8671-b08dbc35f95a,7,5000000.00,under_review,,,,2026-07-28T21:24:31.801Z,a0000000-0000-0000-0000-000000000001,2026-07-28T21:24:32.021Z,a0000000-0000-0000-0000-000000000001,
e096371d-37fb-4a7a-9b71-7192331a28a1,820dbe1d-4a29-43fa-8671-b08dbc35f95a,8,5000000.00,draft,,,,2026-07-28T21:24:32.214Z,a0000000-0000-0000-0000-000000000001,2026-07-28T21:24:32.214Z,,
58156395-4b42-4728-95c5-e76852e7b79e,820dbe1d-4a29-43fa-8671-b08dbc35f95a,9,5000000.00,approved,a0000000-0000-0000-0000-000000000001,2026-07-28T21:24:33.402Z,,2026-07-28T21:24:32.493Z,a0000000-0000-0000-0000-000000000001,2026-07-28T21:24:33.402Z,a0000000-0000-0000-0000-000000000001,
6e5e8c43-91a8-4457-9832-66a9842121fd,820dbe1d-4a29-43fa-8671-b08dbc35f95a,10,5000000.00,draft,,,,2026-07-28T21:24:33.473Z,a0000000-0000-0000-0000-000000000001,2026-07-28T21:24:33.950Z,a0000000-0000-0000-0000-000000000001,
8a49b447-ec00-4f75-a641-a364e68c7619,6dc5a440-25ae-4362-bce7-19c58c522d23,2,12000000.00,draft,,,,2026-07-29T04:42:35.217Z,a0000000-0000-0000-0000-000000000001,2026-07-29T04:42:35.217Z,,
dde339d3-b1c5-4622-b4e2-9b1cfe4da1ff,820dbe1d-4a29-43fa-8671-b08dbc35f95a,11,5000000.00,draft,,,,2026-07-28T21:24:34.021Z,a0000000-0000-0000-0000-000000000001,2026-07-28T21:24:34.512Z,a0000000-0000-0000-0000-000000000001,
1c87a28c-4442-4312-bbc9-f2ebe2647fc3,6dc5a440-25ae-4362-bce7-19c58c522d23,3,0.00,draft,,,,2026-07-29T04:42:35.503Z,a0000000-0000-0000-0000-000000000001,2026-07-29T04:42:35.503Z,,
fda5f60e-c5b7-4193-8441-9c379a2d865c,6614d592-e410-450c-9ae9-10434612b54c,1,0.00,draft,,,,2026-07-29T03:39:42.331Z,a0000000-0000-0000-0000-000000000001,2026-07-29T03:39:42.331Z,,
581500d7-6d37-4214-a6d1-6668bb9a5800,6614d592-e410-450c-9ae9-10434612b54c,2,12000000.00,draft,,,,2026-07-29T03:39:42.863Z,a0000000-0000-0000-0000-000000000001,2026-07-29T03:39:42.863Z,,
34202e9f-ad37-4a40-8408-7ecfcbf9c928,6614d592-e410-450c-9ae9-10434612b54c,3,0.00,draft,,,,2026-07-29T03:39:43.138Z,a0000000-0000-0000-0000-000000000001,2026-07-29T03:39:43.138Z,,
bf34831f-7df6-4f76-aa1c-efb4499f3790,6614d592-e410-450c-9ae9-10434612b54c,4,5000000.00,under_review,,,,2026-07-29T03:39:43.527Z,a0000000-0000-0000-0000-000000000001,2026-07-29T03:39:43.859Z,a0000000-0000-0000-0000-000000000001,
720d9fbe-24be-4e22-9d0f-a926cf29557f,6614d592-e410-450c-9ae9-10434612b54c,5,0.00,draft,,,,2026-07-29T03:39:43.913Z,a0000000-0000-0000-0000-000000000001,2026-07-29T03:39:43.913Z,,
5ce2767e-d3e0-43f7-a789-abd86cfe071e,6614d592-e410-450c-9ae9-10434612b54c,6,5000000.00,approved,a0000000-0000-0000-0000-000000000001,2026-07-29T03:39:45.267Z,,2026-07-29T03:39:44.219Z,a0000000-0000-0000-0000-000000000001,2026-07-29T03:39:45.267Z,a0000000-0000-0000-0000-000000000001,
43f01aae-cbd6-4c54-b11f-bee62433bf27,6614d592-e410-450c-9ae9-10434612b54c,7,5000000.00,under_review,,,,2026-07-29T03:39:45.316Z,a0000000-0000-0000-0000-000000000001,2026-07-29T03:39:45.730Z,a0000000-0000-0000-0000-000000000001,
8c87bb76-af27-446f-9d36-683456ccf811,6614d592-e410-450c-9ae9-10434612b54c,8,5000000.00,draft,,,,2026-07-29T03:39:45.928Z,a0000000-0000-0000-0000-000000000001,2026-07-29T03:39:45.928Z,,
ba9e9412-7726-47a7-84ff-f1d02563cc61,6614d592-e410-450c-9ae9-10434612b54c,9,5000000.00,approved,a0000000-0000-0000-0000-000000000001,2026-07-29T03:39:47.548Z,,2026-07-29T03:39:46.298Z,a0000000-0000-0000-0000-000000000001,2026-07-29T03:39:47.548Z,a0000000-0000-0000-0000-000000000001,
817d8d1c-7265-4828-882c-60830a757af0,6614d592-e410-450c-9ae9-10434612b54c,10,5000000.00,draft,,,,2026-07-29T03:39:47.620Z,a0000000-0000-0000-0000-000000000001,2026-07-29T03:39:48.353Z,a0000000-0000-0000-0000-000000000001,
901eaa74-1de5-460c-938a-d1191c99783c,6614d592-e410-450c-9ae9-10434612b54c,11,5000000.00,draft,,,,2026-07-29T03:39:48.422Z,a0000000-0000-0000-0000-000000000001,2026-07-29T03:39:49.147Z,a0000000-0000-0000-0000-000000000001,
e93225b5-3a80-4fb8-82a9-0bd6baf5c110,b90c9b52-d8ec-4b2c-b80c-e5baef68521d,11,5000000.00,draft,,,,2026-07-29T03:44:53.861Z,a0000000-0000-0000-0000-000000000001,2026-07-29T03:44:54.657Z,a0000000-0000-0000-0000-000000000001,
a8420002-31c8-45b8-bf5e-f64b725c955f,ccafc81a-39b4-42b9-8f8e-cfc870af27b8,11,5000000.00,draft,,,,2026-07-29T03:57:08.168Z,a0000000-0000-0000-0000-000000000001,2026-07-29T03:57:08.837Z,a0000000-0000-0000-0000-000000000001,
3fd8430c-dde8-43f3-af86-e67f1f9a1b02,b90c9b52-d8ec-4b2c-b80c-e5baef68521d,1,0.00,draft,,,,2026-07-29T03:44:47.342Z,a0000000-0000-0000-0000-000000000001,2026-07-29T03:44:47.342Z,,
ab3ae66e-0753-4c98-badf-5d03f3c96f13,b90c9b52-d8ec-4b2c-b80c-e5baef68521d,2,12000000.00,draft,,,,2026-07-29T03:44:48.274Z,a0000000-0000-0000-0000-000000000001,2026-07-29T03:44:48.274Z,,
10a4e769-996e-4b24-9a59-61b0df10cb03,b90c9b52-d8ec-4b2c-b80c-e5baef68521d,3,0.00,draft,,,,2026-07-29T03:44:48.531Z,a0000000-0000-0000-0000-000000000001,2026-07-29T03:44:48.531Z,,
30ea6dd8-d218-4293-89f8-5e1e4299facd,b90c9b52-d8ec-4b2c-b80c-e5baef68521d,4,5000000.00,under_review,,,,2026-07-29T03:44:48.936Z,a0000000-0000-0000-0000-000000000001,2026-07-29T03:44:49.267Z,a0000000-0000-0000-0000-000000000001,
1d0f91fc-4615-46e5-8684-e70dc5760bc5,b90c9b52-d8ec-4b2c-b80c-e5baef68521d,5,0.00,draft,,,,2026-07-29T03:44:49.318Z,a0000000-0000-0000-0000-000000000001,2026-07-29T03:44:49.318Z,,
0c6d712f-a468-4efc-9931-2262db7f0f53,b90c9b52-d8ec-4b2c-b80c-e5baef68521d,6,5000000.00,approved,a0000000-0000-0000-0000-000000000001,2026-07-29T03:44:50.786Z,,2026-07-29T03:44:49.748Z,a0000000-0000-0000-0000-000000000001,2026-07-29T03:44:50.786Z,a0000000-0000-0000-0000-000000000001,
8e3a5cb0-6484-4934-a6b3-bc772f61e305,b90c9b52-d8ec-4b2c-b80c-e5baef68521d,7,5000000.00,under_review,,,,2026-07-29T03:44:50.833Z,a0000000-0000-0000-0000-000000000001,2026-07-29T03:44:51.191Z,a0000000-0000-0000-0000-000000000001,
31e76723-d317-4780-908a-b94a610e7cf0,b90c9b52-d8ec-4b2c-b80c-e5baef68521d,8,5000000.00,draft,,,,2026-07-29T03:44:51.443Z,a0000000-0000-0000-0000-000000000001,2026-07-29T03:44:51.443Z,,
fb775610-abad-4d62-8b7b-5cb60464888e,b90c9b52-d8ec-4b2c-b80c-e5baef68521d,9,5000000.00,approved,a0000000-0000-0000-0000-000000000001,2026-07-29T03:44:52.996Z,,2026-07-29T03:44:51.782Z,a0000000-0000-0000-0000-000000000001,2026-07-29T03:44:52.996Z,a0000000-0000-0000-0000-000000000001,
e3fc3c84-38d4-407e-832e-d5965caef05d,b90c9b52-d8ec-4b2c-b80c-e5baef68521d,10,5000000.00,draft,,,,2026-07-29T03:44:53.068Z,a0000000-0000-0000-0000-000000000001,2026-07-29T03:44:53.791Z,a0000000-0000-0000-0000-000000000001,
fc32ca3d-a8f1-4dce-8cef-36b9b0af48a0,ccafc81a-39b4-42b9-8f8e-cfc870af27b8,1,0.00,draft,,,,2026-07-29T03:57:01.999Z,a0000000-0000-0000-0000-000000000001,2026-07-29T03:57:01.999Z,,
991bdf37-3688-412f-8e3d-db51f8a41c43,ccafc81a-39b4-42b9-8f8e-cfc870af27b8,2,12000000.00,draft,,,,2026-07-29T03:57:02.550Z,a0000000-0000-0000-0000-000000000001,2026-07-29T03:57:02.550Z,,
7d5c869c-3830-4980-b233-493410df796d,ccafc81a-39b4-42b9-8f8e-cfc870af27b8,3,0.00,draft,,,,2026-07-29T03:57:02.842Z,a0000000-0000-0000-0000-000000000001,2026-07-29T03:57:02.842Z,,
cfb7eb37-447c-46a4-b59e-4c845d221209,ccafc81a-39b4-42b9-8f8e-cfc870af27b8,4,5000000.00,under_review,,,,2026-07-29T03:57:03.250Z,a0000000-0000-0000-0000-000000000001,2026-07-29T03:57:03.599Z,a0000000-0000-0000-0000-000000000001,
f9fbac23-7b9f-45af-a732-c16abc609162,ccafc81a-39b4-42b9-8f8e-cfc870af27b8,5,0.00,draft,,,,2026-07-29T03:57:03.650Z,a0000000-0000-0000-0000-000000000001,2026-07-29T03:57:03.650Z,,
db9c60a9-c421-4427-bef0-a22ff2b89c52,ccafc81a-39b4-42b9-8f8e-cfc870af27b8,6,5000000.00,approved,a0000000-0000-0000-0000-000000000001,2026-07-29T03:57:05.105Z,,2026-07-29T03:57:04.059Z,a0000000-0000-0000-0000-000000000001,2026-07-29T03:57:05.105Z,a0000000-0000-0000-0000-000000000001,
41d56357-4497-4b76-9d6d-1d924237c0d7,ccafc81a-39b4-42b9-8f8e-cfc870af27b8,7,5000000.00,under_review,,,,2026-07-29T03:57:05.153Z,a0000000-0000-0000-0000-000000000001,2026-07-29T03:57:05.536Z,a0000000-0000-0000-0000-000000000001,
354b2874-47e0-4382-9a3d-003145dd7429,ccafc81a-39b4-42b9-8f8e-cfc870af27b8,8,5000000.00,draft,,,,2026-07-29T03:57:05.754Z,a0000000-0000-0000-0000-000000000001,2026-07-29T03:57:05.754Z,,
80270c3b-3590-4e42-af89-d1b3c87cf809,ccafc81a-39b4-42b9-8f8e-cfc870af27b8,9,5000000.00,approved,a0000000-0000-0000-0000-000000000001,2026-07-29T03:57:07.370Z,,2026-07-29T03:57:06.145Z,a0000000-0000-0000-0000-000000000001,2026-07-29T03:57:07.370Z,a0000000-0000-0000-0000-000000000001,
35f73ec7-f6e4-4ba4-bed4-e0fdffa3b264,ccafc81a-39b4-42b9-8f8e-cfc870af27b8,10,5000000.00,draft,,,,2026-07-29T03:57:07.440Z,a0000000-0000-0000-0000-000000000001,2026-07-29T03:57:08.098Z,a0000000-0000-0000-0000-000000000001,
94eae33d-1f3c-4b8f-8f7a-8a330b36a620,434425d3-6e0d-42e6-bb12-04249580c6e9,7,5000000.00,under_review,,,,2026-07-29T03:59:41.187Z,a0000000-0000-0000-0000-000000000001,2026-07-29T03:59:41.503Z,a0000000-0000-0000-0000-000000000001,
2d663280-3241-4a1d-96de-8cff372db48c,434425d3-6e0d-42e6-bb12-04249580c6e9,8,5000000.00,draft,,,,2026-07-29T03:59:41.708Z,a0000000-0000-0000-0000-000000000001,2026-07-29T03:59:41.708Z,,
4927b229-a9bc-45ed-b421-7d84f55f2507,434425d3-6e0d-42e6-bb12-04249580c6e9,1,0.00,draft,,,,2026-07-29T03:59:38.216Z,a0000000-0000-0000-0000-000000000001,2026-07-29T03:59:38.216Z,,
e3991bad-4482-41db-aacb-59b570211390,434425d3-6e0d-42e6-bb12-04249580c6e9,2,12000000.00,draft,,,,2026-07-29T03:59:38.797Z,a0000000-0000-0000-0000-000000000001,2026-07-29T03:59:38.797Z,,
f6bda3e2-a498-4c45-ad11-4d0467841157,434425d3-6e0d-42e6-bb12-04249580c6e9,3,0.00,draft,,,,2026-07-29T03:59:39.073Z,a0000000-0000-0000-0000-000000000001,2026-07-29T03:59:39.073Z,,
a8a1a5cf-fdc3-43a5-b86b-f9c83a56bf82,434425d3-6e0d-42e6-bb12-04249580c6e9,4,5000000.00,under_review,,,,2026-07-29T03:59:39.461Z,a0000000-0000-0000-0000-000000000001,2026-07-29T03:59:39.836Z,a0000000-0000-0000-0000-000000000001,
9d519220-48f3-4536-9cd7-8c866d18ba0d,434425d3-6e0d-42e6-bb12-04249580c6e9,5,0.00,draft,,,,2026-07-29T03:59:39.886Z,a0000000-0000-0000-0000-000000000001,2026-07-29T03:59:39.886Z,,
d2045e93-de18-4a0d-ab85-5db7291b54be,434425d3-6e0d-42e6-bb12-04249580c6e9,6,5000000.00,approved,a0000000-0000-0000-0000-000000000001,2026-07-29T03:59:41.142Z,,2026-07-29T03:59:40.221Z,a0000000-0000-0000-0000-000000000001,2026-07-29T03:59:41.142Z,a0000000-0000-0000-0000-000000000001,
d68ee7c5-c71c-40f5-bb79-6c16419b4698,434425d3-6e0d-42e6-bb12-04249580c6e9,9,5000000.00,approved,a0000000-0000-0000-0000-000000000001,2026-07-29T03:59:43.360Z,,2026-07-29T03:59:42.076Z,a0000000-0000-0000-0000-000000000001,2026-07-29T03:59:43.360Z,a0000000-0000-0000-0000-000000000001,
719cf6ec-5c77-4a65-89a8-ed39aa3fa33a,434425d3-6e0d-42e6-bb12-04249580c6e9,10,5000000.00,draft,,,,2026-07-29T03:59:43.427Z,a0000000-0000-0000-0000-000000000001,2026-07-29T03:59:44.124Z,a0000000-0000-0000-0000-000000000001,
96f913e2-2125-41b5-bda5-3b9c729aa9ec,434425d3-6e0d-42e6-bb12-04249580c6e9,11,5000000.00,draft,,,,2026-07-29T03:59:44.191Z,a0000000-0000-0000-0000-000000000001,2026-07-29T03:59:44.939Z,a0000000-0000-0000-0000-000000000001,
8c65074d-44b0-456c-94fb-e82ce8b22aea,57ca6c18-5489-4126-9256-cefe5ab94cf3,10,5000000.00,draft,,,,2026-07-29T04:02:38.217Z,a0000000-0000-0000-0000-000000000001,2026-07-29T04:02:38.976Z,a0000000-0000-0000-0000-000000000001,
e9f3cce7-a6f3-4125-8bc8-4091be6556d4,cbe391af-311b-4745-a970-0c54888523d6,3,0.00,draft,,,,2026-07-29T04:22:44.512Z,a0000000-0000-0000-0000-000000000001,2026-07-29T04:22:44.512Z,,
3c68ca47-f911-48f4-a39f-dfa7a9d4987d,cbe391af-311b-4745-a970-0c54888523d6,1,0.00,draft,,,,2026-07-29T04:22:43.151Z,a0000000-0000-0000-0000-000000000001,2026-07-29T04:22:43.151Z,,
3eadbae5-77c0-4a85-9b8e-8bb920f8b358,cbe391af-311b-4745-a970-0c54888523d6,2,12000000.00,draft,,,,2026-07-29T04:22:44.273Z,a0000000-0000-0000-0000-000000000001,2026-07-29T04:22:44.273Z,,
a5657e03-0d44-42cd-a67f-a260a2b10a93,cbe391af-311b-4745-a970-0c54888523d6,4,5000000.00,under_review,,,,2026-07-29T04:22:45.018Z,a0000000-0000-0000-0000-000000000001,2026-07-29T04:22:45.366Z,a0000000-0000-0000-0000-000000000001,
24454b3e-777f-4646-9ac4-e4d3349a1e1a,cbe391af-311b-4745-a970-0c54888523d6,5,0.00,draft,,,,2026-07-29T04:22:45.416Z,a0000000-0000-0000-0000-000000000001,2026-07-29T04:22:45.416Z,,
541afc5b-f0dd-4ac3-abee-aa15ff4f399a,cbe391af-311b-4745-a970-0c54888523d6,6,5000000.00,approved,a0000000-0000-0000-0000-000000000001,2026-07-29T04:22:47.678Z,,2026-07-29T04:22:45.930Z,a0000000-0000-0000-0000-000000000001,2026-07-29T04:22:47.678Z,a0000000-0000-0000-0000-000000000001,
fba691c5-188d-4926-b529-94b96bcb5e58,cbe391af-311b-4745-a970-0c54888523d6,7,5000000.00,under_review,,,,2026-07-29T04:22:47.728Z,a0000000-0000-0000-0000-000000000001,2026-07-29T04:22:48.066Z,a0000000-0000-0000-0000-000000000001,
eb314f54-e0ef-4808-bc9b-ac969feb55d4,cbe391af-311b-4745-a970-0c54888523d6,8,5000000.00,draft,,,,2026-07-29T04:22:48.284Z,a0000000-0000-0000-0000-000000000001,2026-07-29T04:22:48.284Z,,
706342dd-ddd0-49c6-8fa6-52d49a9542e1,cbe391af-311b-4745-a970-0c54888523d6,9,5000000.00,approved,a0000000-0000-0000-0000-000000000001,2026-07-29T04:22:50.366Z,,2026-07-29T04:22:48.731Z,a0000000-0000-0000-0000-000000000001,2026-07-29T04:22:50.366Z,a0000000-0000-0000-0000-000000000001,
c0664af1-81e4-4661-8e0a-379400245299,cbe391af-311b-4745-a970-0c54888523d6,10,5000000.00,draft,,,,2026-07-29T04:22:50.438Z,a0000000-0000-0000-0000-000000000001,2026-07-29T04:22:51.144Z,a0000000-0000-0000-0000-000000000001,
181960d5-7766-4c2a-a2f3-2aa7dc9ca0cf,cbe391af-311b-4745-a970-0c54888523d6,11,5000000.00,draft,,,,2026-07-29T04:22:51.213Z,a0000000-0000-0000-0000-000000000001,2026-07-29T04:22:51.926Z,a0000000-0000-0000-0000-000000000001,
c34028e5-c116-48b6-ac03-12ac731b0f64,1a680081-1c48-42fc-9da5-11c8bc37f12a,10,5000000.00,draft,,,,2026-07-28T21:30:24.997Z,a0000000-0000-0000-0000-000000000001,2026-07-28T21:30:25.585Z,a0000000-0000-0000-0000-000000000001,
01d46b37-b426-468a-a411-f316abe32870,dba2923c-ac09-4946-8265-55e0ef4c56a5,1,0.00,draft,,,,2026-07-28T21:27:08.042Z,a0000000-0000-0000-0000-000000000001,2026-07-28T21:27:08.042Z,,
db65f056-24ad-472c-b15d-b12cd67f5a84,dba2923c-ac09-4946-8265-55e0ef4c56a5,2,12000000.00,draft,,,,2026-07-28T21:27:08.545Z,a0000000-0000-0000-0000-000000000001,2026-07-28T21:27:08.545Z,,
44164ede-59ec-47ec-a9ce-1cf5915f00bb,dba2923c-ac09-4946-8265-55e0ef4c56a5,3,0.00,draft,,,,2026-07-28T21:27:08.709Z,a0000000-0000-0000-0000-000000000001,2026-07-28T21:27:08.709Z,,
07e95833-914e-4882-b3b0-698ff34b9194,dba2923c-ac09-4946-8265-55e0ef4c56a5,4,5000000.00,under_review,,,,2026-07-28T21:27:09.022Z,a0000000-0000-0000-0000-000000000001,2026-07-28T21:27:09.271Z,a0000000-0000-0000-0000-000000000001,
5300a594-0529-4cb5-b64a-d165b100524a,dba2923c-ac09-4946-8265-55e0ef4c56a5,5,0.00,draft,,,,2026-07-28T21:27:09.329Z,a0000000-0000-0000-0000-000000000001,2026-07-28T21:27:09.329Z,,
764485ad-5ce1-420b-b366-cc0842b081d3,dba2923c-ac09-4946-8265-55e0ef4c56a5,6,5000000.00,approved,a0000000-0000-0000-0000-000000000001,2026-07-28T21:27:10.402Z,,2026-07-28T21:27:09.568Z,a0000000-0000-0000-0000-000000000001,2026-07-28T21:27:10.402Z,a0000000-0000-0000-0000-000000000001,
bf8be44e-4d45-402a-9f55-5db66b746ea4,dba2923c-ac09-4946-8265-55e0ef4c56a5,7,5000000.00,under_review,,,,2026-07-28T21:27:10.450Z,a0000000-0000-0000-0000-000000000001,2026-07-28T21:27:10.707Z,a0000000-0000-0000-0000-000000000001,
1b2ad699-ee5e-4167-8583-2bdbb4dccea7,dba2923c-ac09-4946-8265-55e0ef4c56a5,8,5000000.00,draft,,,,2026-07-28T21:27:10.890Z,a0000000-0000-0000-0000-000000000001,2026-07-28T21:27:10.890Z,,
c37f79b0-e787-4bc0-8f65-6c806938f55c,dba2923c-ac09-4946-8265-55e0ef4c56a5,9,5000000.00,approved,a0000000-0000-0000-0000-000000000001,2026-07-28T21:27:12.162Z,,2026-07-28T21:27:11.180Z,a0000000-0000-0000-0000-000000000001,2026-07-28T21:27:12.162Z,a0000000-0000-0000-0000-000000000001,
d8903c4b-a125-433c-b2fb-c228d03e0d74,dba2923c-ac09-4946-8265-55e0ef4c56a5,10,5000000.00,draft,,,,2026-07-28T21:27:12.228Z,a0000000-0000-0000-0000-000000000001,2026-07-28T21:27:12.736Z,a0000000-0000-0000-0000-000000000001,
77c23003-cfbf-4320-8dbe-04af28595322,dba2923c-ac09-4946-8265-55e0ef4c56a5,11,5000000.00,draft,,,,2026-07-28T21:27:12.800Z,a0000000-0000-0000-0000-000000000001,2026-07-28T21:27:13.295Z,a0000000-0000-0000-0000-000000000001,
e4291e4d-e181-4992-9a6f-c97f523a6426,1a680081-1c48-42fc-9da5-11c8bc37f12a,11,5000000.00,draft,,,,2026-07-28T21:30:25.651Z,a0000000-0000-0000-0000-000000000001,2026-07-28T21:30:26.150Z,a0000000-0000-0000-0000-000000000001,
f73960ea-97d3-4f31-8f81-e5538f2dc400,1a680081-1c48-42fc-9da5-11c8bc37f12a,1,0.00,draft,,,,2026-07-28T21:30:20.476Z,a0000000-0000-0000-0000-000000000001,2026-07-28T21:30:20.476Z,,
9d0ae2c2-732a-46d5-81d6-cbab1684ef49,1a680081-1c48-42fc-9da5-11c8bc37f12a,2,12000000.00,draft,,,,2026-07-28T21:30:21.338Z,a0000000-0000-0000-0000-000000000001,2026-07-28T21:30:21.338Z,,
dd570d5b-3670-4c91-977c-d9922e6d2d13,1a680081-1c48-42fc-9da5-11c8bc37f12a,3,0.00,draft,,,,2026-07-28T21:30:21.504Z,a0000000-0000-0000-0000-000000000001,2026-07-28T21:30:21.504Z,,
f64e224d-ed64-412e-b9cf-d2e50121b72e,1a680081-1c48-42fc-9da5-11c8bc37f12a,4,5000000.00,under_review,,,,2026-07-28T21:30:21.796Z,a0000000-0000-0000-0000-000000000001,2026-07-28T21:30:22.064Z,a0000000-0000-0000-0000-000000000001,
73858943-173d-4eef-beab-a9612229b93a,1a680081-1c48-42fc-9da5-11c8bc37f12a,5,0.00,draft,,,,2026-07-28T21:30:22.120Z,a0000000-0000-0000-0000-000000000001,2026-07-28T21:30:22.120Z,,
a15e564f-7b94-42f2-91b5-0af7ad63bdcc,1a680081-1c48-42fc-9da5-11c8bc37f12a,6,5000000.00,approved,a0000000-0000-0000-0000-000000000001,2026-07-28T21:30:23.210Z,,2026-07-28T21:30:22.430Z,a0000000-0000-0000-0000-000000000001,2026-07-28T21:30:23.210Z,a0000000-0000-0000-0000-000000000001,
4d430c92-b5f7-49e5-95da-9a629f914887,1a680081-1c48-42fc-9da5-11c8bc37f12a,7,5000000.00,under_review,,,,2026-07-28T21:30:23.256Z,a0000000-0000-0000-0000-000000000001,2026-07-28T21:30:23.482Z,a0000000-0000-0000-0000-000000000001,
47ae6c39-3c69-410b-b720-f18418a74612,1a680081-1c48-42fc-9da5-11c8bc37f12a,8,5000000.00,draft,,,,2026-07-28T21:30:23.668Z,a0000000-0000-0000-0000-000000000001,2026-07-28T21:30:23.668Z,,
987a3fc0-3f04-4ac3-b24e-89f0956a3962,1a680081-1c48-42fc-9da5-11c8bc37f12a,9,5000000.00,approved,a0000000-0000-0000-0000-000000000001,2026-07-28T21:30:24.928Z,,2026-07-28T21:30:23.983Z,a0000000-0000-0000-0000-000000000001,2026-07-28T21:30:24.928Z,a0000000-0000-0000-0000-000000000001,
ea0266f0-d445-4f62-a7c2-684e36a65a92,ed859e2a-c8a1-47a4-87f6-916356168baa,11,5000000.00,draft,,,,2026-07-28T21:51:37.451Z,a0000000-0000-0000-0000-000000000001,2026-07-28T21:51:37.945Z,a0000000-0000-0000-0000-000000000001,
4d4e61e0-7a1a-4ee8-a8f0-fff9ed591955,ed859e2a-c8a1-47a4-87f6-916356168baa,1,0.00,draft,,,,2026-07-28T21:51:32.326Z,a0000000-0000-0000-0000-000000000001,2026-07-28T21:51:32.326Z,,
a329d8c5-d119-4770-b3af-28f34f61242d,ed859e2a-c8a1-47a4-87f6-916356168baa,2,12000000.00,draft,,,,2026-07-28T21:51:33.445Z,a0000000-0000-0000-0000-000000000001,2026-07-28T21:51:33.445Z,,
f635f709-9fd0-4ce9-bacb-87a61b0a1cb8,ed859e2a-c8a1-47a4-87f6-916356168baa,3,0.00,draft,,,,2026-07-28T21:51:33.608Z,a0000000-0000-0000-0000-000000000001,2026-07-28T21:51:33.608Z,,
95e40d4c-d135-4026-bf34-5ffecbdad59f,ed859e2a-c8a1-47a4-87f6-916356168baa,4,5000000.00,under_review,,,,2026-07-28T21:51:33.894Z,a0000000-0000-0000-0000-000000000001,2026-07-28T21:51:34.132Z,a0000000-0000-0000-0000-000000000001,
4aa5b443-2f9c-4879-8266-21fc424fdaa4,ed859e2a-c8a1-47a4-87f6-916356168baa,5,0.00,draft,,,,2026-07-28T21:51:34.183Z,a0000000-0000-0000-0000-000000000001,2026-07-28T21:51:34.183Z,,
20396697-58e8-4053-ab4c-1edf293cdef3,ed859e2a-c8a1-47a4-87f6-916356168baa,6,5000000.00,approved,a0000000-0000-0000-0000-000000000001,2026-07-28T21:51:35.115Z,,2026-07-28T21:51:34.410Z,a0000000-0000-0000-0000-000000000001,2026-07-28T21:51:35.115Z,a0000000-0000-0000-0000-000000000001,
33e47751-0890-458b-9563-6bc15f751f11,ed859e2a-c8a1-47a4-87f6-916356168baa,7,5000000.00,under_review,,,,2026-07-28T21:51:35.164Z,a0000000-0000-0000-0000-000000000001,2026-07-28T21:51:35.401Z,a0000000-0000-0000-0000-000000000001,
bda2307f-4444-4032-b6cc-b0e1556cae32,ed859e2a-c8a1-47a4-87f6-916356168baa,8,5000000.00,draft,,,,2026-07-28T21:51:35.609Z,a0000000-0000-0000-0000-000000000001,2026-07-28T21:51:35.609Z,,
62b005df-2f48-4503-a7df-e99cb7fdf7d1,ed859e2a-c8a1-47a4-87f6-916356168baa,9,5000000.00,approved,a0000000-0000-0000-0000-000000000001,2026-07-28T21:51:36.834Z,,2026-07-28T21:51:35.893Z,a0000000-0000-0000-0000-000000000001,2026-07-28T21:51:36.834Z,a0000000-0000-0000-0000-000000000001,
c048bd26-e3a6-48f2-8e42-eda0ed46097b,ed859e2a-c8a1-47a4-87f6-916356168baa,10,5000000.00,draft,,,,2026-07-28T21:51:36.905Z,a0000000-0000-0000-0000-000000000001,2026-07-28T21:51:37.380Z,a0000000-0000-0000-0000-000000000001,
1b32e308-7ee7-497b-a82a-dcd07fb5e7a7,dfede9a7-55c5-44a0-b7f5-db5de8628e48,6,5000000.00,approved,a0000000-0000-0000-0000-000000000001,2026-07-28T21:56:46.221Z,,2026-07-28T21:56:45.529Z,a0000000-0000-0000-0000-000000000001,2026-07-28T21:56:46.221Z,a0000000-0000-0000-0000-000000000001,
de1ec635-4669-488e-8209-a40bcb9667f6,dfede9a7-55c5-44a0-b7f5-db5de8628e48,7,5000000.00,under_review,,,,2026-07-28T21:56:46.267Z,a0000000-0000-0000-0000-000000000001,2026-07-28T21:56:46.495Z,a0000000-0000-0000-0000-000000000001,
2f1e15ad-47e4-4725-a749-7c1f1403e550,dfede9a7-55c5-44a0-b7f5-db5de8628e48,8,5000000.00,draft,,,,2026-07-28T21:56:46.675Z,a0000000-0000-0000-0000-000000000001,2026-07-28T21:56:46.675Z,,
3e8fd21d-5473-4393-8f7f-9ab14d944790,dfede9a7-55c5-44a0-b7f5-db5de8628e48,1,0.00,draft,,,,2026-07-28T21:56:44.122Z,a0000000-0000-0000-0000-000000000001,2026-07-28T21:56:44.122Z,,
682755d1-fdbb-4b2f-93f2-155ac847d2c3,dfede9a7-55c5-44a0-b7f5-db5de8628e48,2,12000000.00,draft,,,,2026-07-28T21:56:44.573Z,a0000000-0000-0000-0000-000000000001,2026-07-28T21:56:44.573Z,,
cb9dcba1-d2a6-4826-945f-295f53f23531,dfede9a7-55c5-44a0-b7f5-db5de8628e48,3,0.00,draft,,,,2026-07-28T21:56:44.726Z,a0000000-0000-0000-0000-000000000001,2026-07-28T21:56:44.726Z,,
c78dae1f-4277-48ef-b905-9a133cf28678,dfede9a7-55c5-44a0-b7f5-db5de8628e48,4,5000000.00,under_review,,,,2026-07-28T21:56:45.034Z,a0000000-0000-0000-0000-000000000001,2026-07-28T21:56:45.269Z,a0000000-0000-0000-0000-000000000001,
e8488b3a-2b5e-4dd6-a913-f29ae19d448a,dfede9a7-55c5-44a0-b7f5-db5de8628e48,5,0.00,draft,,,,2026-07-28T21:56:45.319Z,a0000000-0000-0000-0000-000000000001,2026-07-28T21:56:45.319Z,,
690b4d66-bd8a-407f-883d-56ccf840810a,dfede9a7-55c5-44a0-b7f5-db5de8628e48,9,5000000.00,approved,a0000000-0000-0000-0000-000000000001,2026-07-28T21:56:47.893Z,,2026-07-28T21:56:46.938Z,a0000000-0000-0000-0000-000000000001,2026-07-28T21:56:47.893Z,a0000000-0000-0000-0000-000000000001,
1ae3b751-6261-4027-81a4-d398314bd645,dfede9a7-55c5-44a0-b7f5-db5de8628e48,10,5000000.00,draft,,,,2026-07-28T21:56:47.961Z,a0000000-0000-0000-0000-000000000001,2026-07-28T21:56:48.452Z,a0000000-0000-0000-0000-000000000001,
3f8f91dc-c88b-442d-ad8a-36820cfe172d,dfede9a7-55c5-44a0-b7f5-db5de8628e48,11,5000000.00,draft,,,,2026-07-28T21:56:48.518Z,a0000000-0000-0000-0000-000000000001,2026-07-28T21:56:48.998Z,a0000000-0000-0000-0000-000000000001,
3f16df83-f0c1-4be7-ad9b-c7221331da24,a78c5041-2639-4b06-85af-609acdf8dc8b,1,0.00,draft,,,,2026-07-29T03:17:17.773Z,a0000000-0000-0000-0000-000000000001,2026-07-29T03:17:17.773Z,,
efa8c31a-57ea-4a94-b58c-285019fb5c39,a78c5041-2639-4b06-85af-609acdf8dc8b,2,12000000.00,draft,,,,2026-07-29T03:17:18.315Z,a0000000-0000-0000-0000-000000000001,2026-07-29T03:17:18.315Z,,
954c7f31-94c1-4c75-a1cd-45796789250f,a78c5041-2639-4b06-85af-609acdf8dc8b,3,0.00,draft,,,,2026-07-29T03:17:18.518Z,a0000000-0000-0000-0000-000000000001,2026-07-29T03:17:18.518Z,,
3cdd274c-035f-460e-be8b-e8eff6b1236b,a78c5041-2639-4b06-85af-609acdf8dc8b,4,5000000.00,under_review,,,,2026-07-29T03:17:18.830Z,a0000000-0000-0000-0000-000000000001,2026-07-29T03:17:19.087Z,a0000000-0000-0000-0000-000000000001,
29ef5c46-9819-431d-bde4-7021c308f13c,a78c5041-2639-4b06-85af-609acdf8dc8b,5,0.00,draft,,,,2026-07-29T03:17:19.138Z,a0000000-0000-0000-0000-000000000001,2026-07-29T03:17:19.138Z,,
1f01f933-ba81-473a-bcb5-e46793ba35de,a78c5041-2639-4b06-85af-609acdf8dc8b,6,5000000.00,approved,a0000000-0000-0000-0000-000000000001,2026-07-29T03:17:20.228Z,,2026-07-29T03:17:19.415Z,a0000000-0000-0000-0000-000000000001,2026-07-29T03:17:20.228Z,a0000000-0000-0000-0000-000000000001,
ebacf623-822b-41d9-8d4f-02114f3e55b2,a78c5041-2639-4b06-85af-609acdf8dc8b,7,5000000.00,under_review,,,,2026-07-29T03:17:20.275Z,a0000000-0000-0000-0000-000000000001,2026-07-29T03:17:20.515Z,a0000000-0000-0000-0000-000000000001,
fa104c55-2d6a-41f8-89bc-2eb15f3b4f09,a78c5041-2639-4b06-85af-609acdf8dc8b,8,5000000.00,draft,,,,2026-07-29T03:17:20.732Z,a0000000-0000-0000-0000-000000000001,2026-07-29T03:17:20.732Z,,
94f0f149-84c8-4155-9b42-522556985632,a78c5041-2639-4b06-85af-609acdf8dc8b,9,5000000.00,approved,a0000000-0000-0000-0000-000000000001,2026-07-29T03:17:22.076Z,,2026-07-29T03:17:21.050Z,a0000000-0000-0000-0000-000000000001,2026-07-29T03:17:22.076Z,a0000000-0000-0000-0000-000000000001,
1c1d7cc0-c2d0-40b9-9624-c139a9cae9a7,a78c5041-2639-4b06-85af-609acdf8dc8b,10,5000000.00,draft,,,,2026-07-29T03:17:22.143Z,a0000000-0000-0000-0000-000000000001,2026-07-29T03:17:22.697Z,a0000000-0000-0000-0000-000000000001,
e277bc2e-e1b9-4bab-8942-22b6a7755102,a78c5041-2639-4b06-85af-609acdf8dc8b,11,5000000.00,draft,,,,2026-07-29T03:17:22.765Z,a0000000-0000-0000-0000-000000000001,2026-07-29T03:17:23.319Z,a0000000-0000-0000-0000-000000000001,
90c936c8-5c85-4674-a78e-84e25280f11f,e13e62ff-0c25-42d9-903e-b44fd6d03f7f,1,0.00,draft,,,,2026-07-29T03:27:24.959Z,a0000000-0000-0000-0000-000000000001,2026-07-29T03:27:24.959Z,,
47dc7d97-6c88-43bf-889d-f842ea06dc0e,e13e62ff-0c25-42d9-903e-b44fd6d03f7f,2,12000000.00,draft,,,,2026-07-29T03:27:25.382Z,a0000000-0000-0000-0000-000000000001,2026-07-29T03:27:25.382Z,,
7e2c7223-f8ca-4df6-a7d6-fb3fcd57f03e,e13e62ff-0c25-42d9-903e-b44fd6d03f7f,3,0.00,draft,,,,2026-07-29T03:27:25.563Z,a0000000-0000-0000-0000-000000000001,2026-07-29T03:27:25.563Z,,
9c24d859-421a-41bc-b6f0-1d57e0261218,e13e62ff-0c25-42d9-903e-b44fd6d03f7f,5,0.00,draft,,,,2026-07-29T03:27:26.198Z,a0000000-0000-0000-0000-000000000001,2026-07-29T03:27:26.198Z,,
6821b6c1-91d0-4d3d-8a94-884241873781,e13e62ff-0c25-42d9-903e-b44fd6d03f7f,4,5000000.00,under_review,,,,2026-07-29T03:27:25.873Z,a0000000-0000-0000-0000-000000000001,2026-07-29T03:27:26.143Z,a0000000-0000-0000-0000-000000000001,
d995ab4a-06d2-4bdb-8030-6cb393f4931f,6dc5a440-25ae-4362-bce7-19c58c522d23,5,0.00,draft,,,,2026-07-29T04:42:36.384Z,a0000000-0000-0000-0000-000000000001,2026-07-29T04:42:36.384Z,,
33d7a0b1-6fe5-4314-98b9-75f66f633a04,6dc5a440-25ae-4362-bce7-19c58c522d23,8,5000000.00,draft,,,,2026-07-29T04:42:38.531Z,a0000000-0000-0000-0000-000000000001,2026-07-29T04:42:38.531Z,,
38cb0418-15fc-4ae2-b892-873c7c8d9cf2,c56f230b-3e4f-435c-b63c-e6f10a4e0981,1,0.00,draft,,,,2026-07-29T03:50:37.166Z,a0000000-0000-0000-0000-000000000001,2026-07-29T03:50:37.166Z,,
fdb5bd6b-9e7e-4e0b-8104-107de87b5a48,c56f230b-3e4f-435c-b63c-e6f10a4e0981,2,12000000.00,draft,,,,2026-07-29T03:50:38.193Z,a0000000-0000-0000-0000-000000000001,2026-07-29T03:50:38.193Z,,
cefadf7d-fa08-4e6b-bc79-adee709a4068,c56f230b-3e4f-435c-b63c-e6f10a4e0981,3,0.00,draft,,,,2026-07-29T03:50:38.450Z,a0000000-0000-0000-0000-000000000001,2026-07-29T03:50:38.450Z,,
d39ff2d2-5ee7-4086-ae97-11faff7b2013,c56f230b-3e4f-435c-b63c-e6f10a4e0981,4,5000000.00,under_review,,,,2026-07-29T03:50:38.818Z,a0000000-0000-0000-0000-000000000001,2026-07-29T03:50:39.191Z,a0000000-0000-0000-0000-000000000001,
7acb1431-78e2-4a8b-a6e0-722ef934c2ff,c56f230b-3e4f-435c-b63c-e6f10a4e0981,5,0.00,draft,,,,2026-07-29T03:50:39.244Z,a0000000-0000-0000-0000-000000000001,2026-07-29T03:50:39.244Z,,
e5fc4cb0-02fc-4c72-a875-25545c8e1c77,c56f230b-3e4f-435c-b63c-e6f10a4e0981,6,5000000.00,approved,a0000000-0000-0000-0000-000000000001,2026-07-29T03:50:40.557Z,,2026-07-29T03:50:39.561Z,a0000000-0000-0000-0000-000000000001,2026-07-29T03:50:40.557Z,a0000000-0000-0000-0000-000000000001,
dba89a79-8833-4a8f-b0e7-e5ec2e2aa9ea,c56f230b-3e4f-435c-b63c-e6f10a4e0981,7,5000000.00,under_review,,,,2026-07-29T03:50:40.605Z,a0000000-0000-0000-0000-000000000001,2026-07-29T03:50:41.010Z,a0000000-0000-0000-0000-000000000001,
bb663c08-1402-4656-9e55-43561dc313ff,c56f230b-3e4f-435c-b63c-e6f10a4e0981,8,5000000.00,draft,,,,2026-07-29T03:50:41.243Z,a0000000-0000-0000-0000-000000000001,2026-07-29T03:50:41.243Z,,
b7180b9c-f36d-4d07-8433-d0c03e1ab5bd,c56f230b-3e4f-435c-b63c-e6f10a4e0981,9,5000000.00,approved,a0000000-0000-0000-0000-000000000001,2026-07-29T03:50:43.077Z,,2026-07-29T03:50:41.734Z,a0000000-0000-0000-0000-000000000001,2026-07-29T03:50:43.077Z,a0000000-0000-0000-0000-000000000001,
d564d8ca-e2f2-4239-b78f-207b757ef4d3,c56f230b-3e4f-435c-b63c-e6f10a4e0981,10,5000000.00,draft,,,,2026-07-29T03:50:43.147Z,a0000000-0000-0000-0000-000000000001,2026-07-29T03:50:43.856Z,a0000000-0000-0000-0000-000000000001,
7bfec653-7835-445f-80ec-9b3a4e523c88,c56f230b-3e4f-435c-b63c-e6f10a4e0981,11,5000000.00,draft,,,,2026-07-29T03:50:43.925Z,a0000000-0000-0000-0000-000000000001,2026-07-29T03:50:44.612Z,a0000000-0000-0000-0000-000000000001,
2e582ca5-261c-4b37-9cf3-aeb0db05a36a,290963fc-2e69-45ed-9e83-b69676def042,5,0.00,draft,,,,2026-07-29T04:25:39.224Z,a0000000-0000-0000-0000-000000000001,2026-07-29T04:25:39.224Z,,
96c8b378-1b31-4d44-a440-d61ffc204095,290963fc-2e69-45ed-9e83-b69676def042,6,5000000.00,approved,a0000000-0000-0000-0000-000000000001,2026-07-29T04:25:40.610Z,,2026-07-29T04:25:39.578Z,a0000000-0000-0000-0000-000000000001,2026-07-29T04:25:40.610Z,a0000000-0000-0000-0000-000000000001,
59df9bd6-1673-49bd-8065-123f4408405f,57ca6c18-5489-4126-9256-cefe5ab94cf3,11,5000000.00,draft,,,,2026-07-29T04:02:39.048Z,a0000000-0000-0000-0000-000000000001,2026-07-29T04:02:39.712Z,a0000000-0000-0000-0000-000000000001,
c15e5bea-464b-41c8-9dbf-b6754aff34fd,290963fc-2e69-45ed-9e83-b69676def042,1,0.00,draft,,,,2026-07-29T04:25:37.545Z,a0000000-0000-0000-0000-000000000001,2026-07-29T04:25:37.545Z,,
b055c69e-f131-4984-8719-de2e1c6bcd97,290963fc-2e69-45ed-9e83-b69676def042,2,12000000.00,draft,,,,2026-07-29T04:25:38.128Z,a0000000-0000-0000-0000-000000000001,2026-07-29T04:25:38.128Z,,
68d25a5f-e04f-40b0-b280-379aa55bc6ca,290963fc-2e69-45ed-9e83-b69676def042,3,0.00,draft,,,,2026-07-29T04:25:38.424Z,a0000000-0000-0000-0000-000000000001,2026-07-29T04:25:38.424Z,,
78796fc9-b792-4efc-b31d-6fffa84dbbe4,290963fc-2e69-45ed-9e83-b69676def042,4,5000000.00,under_review,,,,2026-07-29T04:25:38.795Z,a0000000-0000-0000-0000-000000000001,2026-07-29T04:25:39.171Z,a0000000-0000-0000-0000-000000000001,
96523b4e-bcaa-4b9e-952f-e9938c8d37cf,290963fc-2e69-45ed-9e83-b69676def042,7,5000000.00,under_review,,,,2026-07-29T04:25:40.656Z,a0000000-0000-0000-0000-000000000001,2026-07-29T04:25:41.049Z,a0000000-0000-0000-0000-000000000001,
f746d86f-25db-4de4-b271-34f07bc3f895,290963fc-2e69-45ed-9e83-b69676def042,8,5000000.00,draft,,,,2026-07-29T04:25:41.301Z,a0000000-0000-0000-0000-000000000001,2026-07-29T04:25:41.301Z,,
83b666d4-03ac-454e-99d8-8fa6e7ed8ac8,290963fc-2e69-45ed-9e83-b69676def042,9,5000000.00,approved,a0000000-0000-0000-0000-000000000001,2026-07-29T04:25:43.078Z,,2026-07-29T04:25:41.788Z,a0000000-0000-0000-0000-000000000001,2026-07-29T04:25:43.078Z,a0000000-0000-0000-0000-000000000001,
904c1f93-4f17-48ec-8d44-29c695255215,290963fc-2e69-45ed-9e83-b69676def042,10,5000000.00,draft,,,,2026-07-29T04:25:43.151Z,a0000000-0000-0000-0000-000000000001,2026-07-29T04:25:43.900Z,a0000000-0000-0000-0000-000000000001,
a7742b19-d674-4ca4-8b37-576db5d138e1,290963fc-2e69-45ed-9e83-b69676def042,11,5000000.00,draft,,,,2026-07-29T04:25:43.967Z,a0000000-0000-0000-0000-000000000001,2026-07-29T04:25:44.774Z,a0000000-0000-0000-0000-000000000001,
480f2e17-bddb-4a48-90d4-953a33519de0,740a6b1a-5b62-4946-b8ff-bd5d4e3920ec,9,5000000.00,approved,a0000000-0000-0000-0000-000000000001,2026-07-29T04:31:47.106Z,,2026-07-29T04:31:45.806Z,a0000000-0000-0000-0000-000000000001,2026-07-29T04:31:47.106Z,a0000000-0000-0000-0000-000000000001,
2d98c56c-ddff-4a84-ab0d-d0f30e75e372,740a6b1a-5b62-4946-b8ff-bd5d4e3920ec,1,0.00,draft,,,,2026-07-29T04:31:40.410Z,a0000000-0000-0000-0000-000000000001,2026-07-29T04:31:40.410Z,,
a12de2a1-c99d-4cad-8fcc-86acea033619,740a6b1a-5b62-4946-b8ff-bd5d4e3920ec,2,12000000.00,draft,,,,2026-07-29T04:31:42.083Z,a0000000-0000-0000-0000-000000000001,2026-07-29T04:31:42.083Z,,
258c121a-eda5-47f6-bff1-f90f600d2266,740a6b1a-5b62-4946-b8ff-bd5d4e3920ec,3,0.00,draft,,,,2026-07-29T04:31:42.370Z,a0000000-0000-0000-0000-000000000001,2026-07-29T04:31:42.370Z,,
e0848ac9-6572-4583-955b-05fc6e5dc11d,740a6b1a-5b62-4946-b8ff-bd5d4e3920ec,4,5000000.00,under_review,,,,2026-07-29T04:31:42.871Z,a0000000-0000-0000-0000-000000000001,2026-07-29T04:31:43.237Z,a0000000-0000-0000-0000-000000000001,
2c0b4cb2-720b-4de7-9e50-32805e6cc8d8,740a6b1a-5b62-4946-b8ff-bd5d4e3920ec,5,0.00,draft,,,,2026-07-29T04:31:43.297Z,a0000000-0000-0000-0000-000000000001,2026-07-29T04:31:43.297Z,,
f7ff7ac9-bca0-4848-a321-902ded951535,740a6b1a-5b62-4946-b8ff-bd5d4e3920ec,6,5000000.00,approved,a0000000-0000-0000-0000-000000000001,2026-07-29T04:31:44.703Z,,2026-07-29T04:31:43.641Z,a0000000-0000-0000-0000-000000000001,2026-07-29T04:31:44.703Z,a0000000-0000-0000-0000-000000000001,
4f2584da-9ea3-4876-a688-9f431d0e7faf,740a6b1a-5b62-4946-b8ff-bd5d4e3920ec,7,5000000.00,under_review,,,,2026-07-29T04:31:44.755Z,a0000000-0000-0000-0000-000000000001,2026-07-29T04:31:45.168Z,a0000000-0000-0000-0000-000000000001,
25bb4c04-a059-4bd3-b2c4-6f6d29c1112b,740a6b1a-5b62-4946-b8ff-bd5d4e3920ec,8,5000000.00,draft,,,,2026-07-29T04:31:45.399Z,a0000000-0000-0000-0000-000000000001,2026-07-29T04:31:45.399Z,,
394c3157-e786-4699-9c97-a65821a4d64d,740a6b1a-5b62-4946-b8ff-bd5d4e3920ec,10,5000000.00,draft,,,,2026-07-29T04:31:47.179Z,a0000000-0000-0000-0000-000000000001,2026-07-29T04:31:47.894Z,a0000000-0000-0000-0000-000000000001,
be24ca37-4eeb-4295-a616-b3a1092df417,740a6b1a-5b62-4946-b8ff-bd5d4e3920ec,11,5000000.00,draft,,,,2026-07-29T04:31:47.966Z,a0000000-0000-0000-0000-000000000001,2026-07-29T04:31:48.673Z,a0000000-0000-0000-0000-000000000001,
2e038fb2-ac4c-4307-a667-8642248b070e,0373fe28-8aa2-4773-a1e2-a543e4851a4c,2,12000000.00,draft,,,,2026-07-29T04:36:50.123Z,a0000000-0000-0000-0000-000000000001,2026-07-29T04:36:50.123Z,,
9759cf26-ea1e-4fbf-8695-e3161069710f,0373fe28-8aa2-4773-a1e2-a543e4851a4c,3,0.00,draft,,,,2026-07-29T04:36:50.457Z,a0000000-0000-0000-0000-000000000001,2026-07-29T04:36:50.457Z,,
2537fd3e-a143-4114-9131-c4e48df379a0,0373fe28-8aa2-4773-a1e2-a543e4851a4c,4,5000000.00,under_review,,,,2026-07-29T04:36:50.871Z,a0000000-0000-0000-0000-000000000001,2026-07-29T04:36:51.299Z,a0000000-0000-0000-0000-000000000001,
587b7de2-0e11-4086-b3d7-d7193c232803,0373fe28-8aa2-4773-a1e2-a543e4851a4c,1,0.00,draft,,,,2026-07-29T04:36:47.582Z,a0000000-0000-0000-0000-000000000001,2026-07-29T04:36:47.582Z,,
e518da7f-b114-4c76-8c47-a38dfd3e3535,0373fe28-8aa2-4773-a1e2-a543e4851a4c,5,0.00,draft,,,,2026-07-29T04:36:51.349Z,a0000000-0000-0000-0000-000000000001,2026-07-29T04:36:51.349Z,,
b82fb08a-9c21-464f-ba4a-8d06d11226b8,0373fe28-8aa2-4773-a1e2-a543e4851a4c,6,5000000.00,approved,a0000000-0000-0000-0000-000000000001,2026-07-29T04:36:52.764Z,,2026-07-29T04:36:51.699Z,a0000000-0000-0000-0000-000000000001,2026-07-29T04:36:52.764Z,a0000000-0000-0000-0000-000000000001,
c742827c-bdfd-4021-bd5b-506a6b23e201,0373fe28-8aa2-4773-a1e2-a543e4851a4c,7,5000000.00,under_review,,,,2026-07-29T04:36:52.814Z,a0000000-0000-0000-0000-000000000001,2026-07-29T04:36:53.173Z,a0000000-0000-0000-0000-000000000001,
3dfeff3c-8104-4f50-a607-2552121a0831,0373fe28-8aa2-4773-a1e2-a543e4851a4c,8,5000000.00,draft,,,,2026-07-29T04:36:53.404Z,a0000000-0000-0000-0000-000000000001,2026-07-29T04:36:53.404Z,,
38d15f3a-75a3-4b38-a8bb-df80154b58e8,0373fe28-8aa2-4773-a1e2-a543e4851a4c,9,5000000.00,approved,a0000000-0000-0000-0000-000000000001,2026-07-29T04:36:55.246Z,,2026-07-29T04:36:53.819Z,a0000000-0000-0000-0000-000000000001,2026-07-29T04:36:55.246Z,a0000000-0000-0000-0000-000000000001,
c62c43e9-883a-4077-9881-4bafef231fca,0373fe28-8aa2-4773-a1e2-a543e4851a4c,10,5000000.00,draft,,,,2026-07-29T04:36:55.329Z,a0000000-0000-0000-0000-000000000001,2026-07-29T04:36:56.175Z,a0000000-0000-0000-0000-000000000001,
5dc196df-51fc-4877-9f2f-95d68e2eaebe,0373fe28-8aa2-4773-a1e2-a543e4851a4c,11,5000000.00,draft,,,,2026-07-29T04:36:56.250Z,a0000000-0000-0000-0000-000000000001,2026-07-29T04:36:57.169Z,a0000000-0000-0000-0000-000000000001,
e0a07491-f819-4fae-92db-d6955223ea78,25ff68a0-0454-4dae-afd6-49fed6827b06,1,0.00,draft,,,,2026-07-29T04:39:33.330Z,a0000000-0000-0000-0000-000000000001,2026-07-29T04:39:33.330Z,,
e05d0636-929d-406a-b1ce-5bb6feae440f,25ff68a0-0454-4dae-afd6-49fed6827b06,2,12000000.00,draft,,,,2026-07-29T04:39:33.938Z,a0000000-0000-0000-0000-000000000001,2026-07-29T04:39:33.938Z,,
78172fdd-cd43-4eac-a186-8eba8c547525,25ff68a0-0454-4dae-afd6-49fed6827b06,3,0.00,draft,,,,2026-07-29T04:39:34.194Z,a0000000-0000-0000-0000-000000000001,2026-07-29T04:39:34.194Z,,
56d6dacd-48fd-421c-bae7-7d74321d02ee,25ff68a0-0454-4dae-afd6-49fed6827b06,4,5000000.00,under_review,,,,2026-07-29T04:39:34.920Z,a0000000-0000-0000-0000-000000000001,2026-07-29T04:39:35.242Z,a0000000-0000-0000-0000-000000000001,
19df1fdc-0443-4567-9909-19153c6586d5,25ff68a0-0454-4dae-afd6-49fed6827b06,5,0.00,draft,,,,2026-07-29T04:39:35.303Z,a0000000-0000-0000-0000-000000000001,2026-07-29T04:39:35.303Z,,
58f60063-bf2f-477d-93c1-2e3135856892,25ff68a0-0454-4dae-afd6-49fed6827b06,6,5000000.00,approved,a0000000-0000-0000-0000-000000000001,2026-07-29T04:39:36.741Z,,2026-07-29T04:39:35.625Z,a0000000-0000-0000-0000-000000000001,2026-07-29T04:39:36.741Z,a0000000-0000-0000-0000-000000000001,
6a3c3f7e-fc3e-4bd3-94d6-69eefba8787d,25ff68a0-0454-4dae-afd6-49fed6827b06,7,5000000.00,under_review,,,,2026-07-29T04:39:36.791Z,a0000000-0000-0000-0000-000000000001,2026-07-29T04:39:37.130Z,a0000000-0000-0000-0000-000000000001,
e601c5cb-2aae-415e-84ca-765bccf36734,25ff68a0-0454-4dae-afd6-49fed6827b06,8,5000000.00,draft,,,,2026-07-29T04:39:37.373Z,a0000000-0000-0000-0000-000000000001,2026-07-29T04:39:37.373Z,,
6c9e791c-0e33-43e0-80f9-aa5ee85b1b30,25ff68a0-0454-4dae-afd6-49fed6827b06,9,5000000.00,approved,a0000000-0000-0000-0000-000000000001,2026-07-29T04:39:39.182Z,,2026-07-29T04:39:37.820Z,a0000000-0000-0000-0000-000000000001,2026-07-29T04:39:39.182Z,a0000000-0000-0000-0000-000000000001,
8284f0b9-29e4-4973-9f50-0b906afaf5ab,25ff68a0-0454-4dae-afd6-49fed6827b06,10,5000000.00,draft,,,,2026-07-29T04:39:39.255Z,a0000000-0000-0000-0000-000000000001,2026-07-29T04:39:40.006Z,a0000000-0000-0000-0000-000000000001,
c083e3d1-6d87-4706-8188-7dee3805b403,25ff68a0-0454-4dae-afd6-49fed6827b06,11,5000000.00,draft,,,,2026-07-29T04:39:40.091Z,a0000000-0000-0000-0000-000000000001,2026-07-29T04:39:40.817Z,a0000000-0000-0000-0000-000000000001,
87ecd4d4-b516-464a-810f-61a4c0adb7f1,a40bebb1-aa26-4c03-be4a-0f6103b61326,3,0.00,draft,,,,2026-07-29T08:56:10.470Z,a0000000-0000-0000-0000-000000000001,2026-07-29T08:56:10.470Z,,
b1598cac-cdd0-4517-9c53-29730a0f3961,409caf0b-e82b-4215-890f-ab192520ff92,1,0.00,draft,,,,2026-07-29T03:37:04.831Z,a0000000-0000-0000-0000-000000000001,2026-07-29T03:37:04.831Z,,
e92616dc-fb8f-491b-831c-33c425a9aa23,e13e62ff-0c25-42d9-903e-b44fd6d03f7f,6,5000000.00,approved,a0000000-0000-0000-0000-000000000001,2026-07-29T03:27:27.331Z,,2026-07-29T03:27:26.498Z,a0000000-0000-0000-0000-000000000001,2026-07-29T03:27:27.331Z,a0000000-0000-0000-0000-000000000001,
8c9ed972-2e0d-477c-aa3f-51d240a554fb,409caf0b-e82b-4215-890f-ab192520ff92,2,12000000.00,draft,,,,2026-07-29T03:37:05.340Z,a0000000-0000-0000-0000-000000000001,2026-07-29T03:37:05.340Z,,
28a8405c-b814-4a5c-adc8-9bf379430eaf,e13e62ff-0c25-42d9-903e-b44fd6d03f7f,7,5000000.00,under_review,,,,2026-07-29T03:27:27.382Z,a0000000-0000-0000-0000-000000000001,2026-07-29T03:27:27.661Z,a0000000-0000-0000-0000-000000000001,
21e45e67-fc8e-4977-bbbf-15cf1338b778,e13e62ff-0c25-42d9-903e-b44fd6d03f7f,8,5000000.00,draft,,,,2026-07-29T03:27:27.936Z,a0000000-0000-0000-0000-000000000001,2026-07-29T03:27:27.936Z,,
e6803753-4449-477e-8743-eddbd7a73585,409caf0b-e82b-4215-890f-ab192520ff92,3,0.00,draft,,,,2026-07-29T03:37:05.579Z,a0000000-0000-0000-0000-000000000001,2026-07-29T03:37:05.579Z,,
5f0bf30f-034b-44a9-96e8-5bdaa03dc311,e13e62ff-0c25-42d9-903e-b44fd6d03f7f,9,5000000.00,approved,a0000000-0000-0000-0000-000000000001,2026-07-29T03:27:29.325Z,,2026-07-29T03:27:28.266Z,a0000000-0000-0000-0000-000000000001,2026-07-29T03:27:29.325Z,a0000000-0000-0000-0000-000000000001,
c7f81d59-cb35-4b7e-adb6-5f1f8f3140e0,409caf0b-e82b-4215-890f-ab192520ff92,4,5000000.00,under_review,,,,2026-07-29T03:37:05.953Z,a0000000-0000-0000-0000-000000000001,2026-07-29T03:37:06.316Z,a0000000-0000-0000-0000-000000000001,
5a778da6-d133-4e9b-ad76-0233e478e3bc,409caf0b-e82b-4215-890f-ab192520ff92,5,0.00,draft,,,,2026-07-29T03:37:06.370Z,a0000000-0000-0000-0000-000000000001,2026-07-29T03:37:06.370Z,,
3e12bf02-eb4c-4017-bfa0-56f36649b923,e13e62ff-0c25-42d9-903e-b44fd6d03f7f,10,5000000.00,draft,,,,2026-07-29T03:27:29.399Z,a0000000-0000-0000-0000-000000000001,2026-07-29T03:27:29.891Z,a0000000-0000-0000-0000-000000000001,
fb5013f9-2f40-49bf-ac6c-ddf03f7ab878,e13e62ff-0c25-42d9-903e-b44fd6d03f7f,11,5000000.00,draft,,,,2026-07-29T03:27:29.964Z,a0000000-0000-0000-0000-000000000001,2026-07-29T03:27:30.514Z,a0000000-0000-0000-0000-000000000001,
9e2a36fb-009a-47fc-8f13-55afda81e42f,409caf0b-e82b-4215-890f-ab192520ff92,6,5000000.00,approved,a0000000-0000-0000-0000-000000000001,2026-07-29T03:37:07.999Z,,2026-07-29T03:37:06.672Z,a0000000-0000-0000-0000-000000000001,2026-07-29T03:37:07.999Z,a0000000-0000-0000-0000-000000000001,
078beb7c-baf6-464a-89c4-f3d75b8bcb09,409caf0b-e82b-4215-890f-ab192520ff92,7,5000000.00,under_review,,,,2026-07-29T03:37:08.059Z,a0000000-0000-0000-0000-000000000001,2026-07-29T03:37:08.616Z,a0000000-0000-0000-0000-000000000001,
c844b834-21ad-4b90-b73e-45a706c8d9f6,409caf0b-e82b-4215-890f-ab192520ff92,8,5000000.00,draft,,,,2026-07-29T03:37:08.837Z,a0000000-0000-0000-0000-000000000001,2026-07-29T03:37:08.837Z,,
d5e02339-170a-4c87-b7ca-9a636a2af8ee,409caf0b-e82b-4215-890f-ab192520ff92,9,5000000.00,approved,a0000000-0000-0000-0000-000000000001,2026-07-29T03:37:10.611Z,,2026-07-29T03:37:09.247Z,a0000000-0000-0000-0000-000000000001,2026-07-29T03:37:10.611Z,a0000000-0000-0000-0000-000000000001,
aaa06adc-f0a8-41de-a859-0595aa4b602e,409caf0b-e82b-4215-890f-ab192520ff92,10,5000000.00,draft,,,,2026-07-29T03:37:10.684Z,a0000000-0000-0000-0000-000000000001,2026-07-29T03:37:11.432Z,a0000000-0000-0000-0000-000000000001,
69dcff53-466f-4f1b-be10-49f6a1ab6ae2,6737b3ee-260e-45ff-b117-ad80c7caffbb,1,0.00,draft,,,,2026-07-29T03:31:50.694Z,a0000000-0000-0000-0000-000000000001,2026-07-29T03:31:50.694Z,,
952b7544-bc8f-4262-8226-2e2800729c34,6737b3ee-260e-45ff-b117-ad80c7caffbb,2,12000000.00,draft,,,,2026-07-29T03:31:51.149Z,a0000000-0000-0000-0000-000000000001,2026-07-29T03:31:51.149Z,,
1da43789-5add-4f4e-bfdc-779231e1c838,6737b3ee-260e-45ff-b117-ad80c7caffbb,3,0.00,draft,,,,2026-07-29T03:31:51.384Z,a0000000-0000-0000-0000-000000000001,2026-07-29T03:31:51.384Z,,
a6774ad0-964b-48a0-b22c-158f72d0b901,409caf0b-e82b-4215-890f-ab192520ff92,11,5000000.00,draft,,,,2026-07-29T03:37:11.504Z,a0000000-0000-0000-0000-000000000001,2026-07-29T03:37:12.180Z,a0000000-0000-0000-0000-000000000001,
5e354717-6f85-443d-8d38-3edee83d6361,6737b3ee-260e-45ff-b117-ad80c7caffbb,4,5000000.00,under_review,,,,2026-07-29T03:31:51.784Z,a0000000-0000-0000-0000-000000000001,2026-07-29T03:31:52.107Z,a0000000-0000-0000-0000-000000000001,
63db81e3-029e-4d8e-91cb-91a5ed8395ac,6737b3ee-260e-45ff-b117-ad80c7caffbb,5,0.00,draft,,,,2026-07-29T03:31:52.159Z,a0000000-0000-0000-0000-000000000001,2026-07-29T03:31:52.159Z,,
beb0a1f1-5e16-4a5b-a54c-08bbc422f5d6,6737b3ee-260e-45ff-b117-ad80c7caffbb,6,5000000.00,approved,a0000000-0000-0000-0000-000000000001,2026-07-29T03:31:53.454Z,,2026-07-29T03:31:52.449Z,a0000000-0000-0000-0000-000000000001,2026-07-29T03:31:53.454Z,a0000000-0000-0000-0000-000000000001,
7a03fbf3-ed9c-4669-b2f6-d5d942317a0d,6737b3ee-260e-45ff-b117-ad80c7caffbb,7,5000000.00,under_review,,,,2026-07-29T03:31:53.504Z,a0000000-0000-0000-0000-000000000001,2026-07-29T03:31:53.830Z,a0000000-0000-0000-0000-000000000001,
42effaf2-c92c-450b-a263-76decb00d98e,6737b3ee-260e-45ff-b117-ad80c7caffbb,8,5000000.00,draft,,,,2026-07-29T03:31:54.135Z,a0000000-0000-0000-0000-000000000001,2026-07-29T03:31:54.135Z,,
e6801548-c930-4330-953b-176b9220d74f,6737b3ee-260e-45ff-b117-ad80c7caffbb,9,5000000.00,approved,a0000000-0000-0000-0000-000000000001,2026-07-29T03:31:55.740Z,,2026-07-29T03:31:54.494Z,a0000000-0000-0000-0000-000000000001,2026-07-29T03:31:55.740Z,a0000000-0000-0000-0000-000000000001,
b47c00aa-a49f-454a-b974-cf7833395064,39850e9b-b735-4274-8c72-4157a1462996,6,5000000.00,approved,a0000000-0000-0000-0000-000000000001,2026-07-29T03:54:29.296Z,,2026-07-29T03:54:28.268Z,a0000000-0000-0000-0000-000000000001,2026-07-29T03:54:29.296Z,a0000000-0000-0000-0000-000000000001,
3ae7d35a-7b72-4591-a2a3-f4467749bb49,6737b3ee-260e-45ff-b117-ad80c7caffbb,10,5000000.00,draft,,,,2026-07-29T03:31:55.813Z,a0000000-0000-0000-0000-000000000001,2026-07-29T03:31:56.454Z,a0000000-0000-0000-0000-000000000001,
c1605287-8963-44e2-ac40-485c1e1b4614,6737b3ee-260e-45ff-b117-ad80c7caffbb,11,5000000.00,draft,,,,2026-07-29T03:31:56.523Z,a0000000-0000-0000-0000-000000000001,2026-07-29T03:31:57.201Z,a0000000-0000-0000-0000-000000000001,
2eefa7fc-caf5-49ee-986e-f2980f143542,b6cc9f80-2913-4ff3-8ddc-daf5bacc1f49,1,0.00,draft,,,,2026-07-29T03:34:15.905Z,a0000000-0000-0000-0000-000000000001,2026-07-29T03:34:15.905Z,,
4831cb63-3da4-41b2-809f-fd7f9ed0d9c3,b6cc9f80-2913-4ff3-8ddc-daf5bacc1f49,2,12000000.00,draft,,,,2026-07-29T03:34:16.481Z,a0000000-0000-0000-0000-000000000001,2026-07-29T03:34:16.481Z,,
df938eb3-4022-42b4-a7de-b0318569732d,39850e9b-b735-4274-8c72-4157a1462996,1,0.00,draft,,,,2026-07-29T03:54:26.103Z,a0000000-0000-0000-0000-000000000001,2026-07-29T03:54:26.103Z,,
19925581-4ad2-4a74-8af1-4943ae71e903,39850e9b-b735-4274-8c72-4157a1462996,2,12000000.00,draft,,,,2026-07-29T03:54:26.809Z,a0000000-0000-0000-0000-000000000001,2026-07-29T03:54:26.809Z,,
7ae5aba4-5734-4a80-828f-412a36c3ecb1,39850e9b-b735-4274-8c72-4157a1462996,3,0.00,draft,,,,2026-07-29T03:54:27.060Z,a0000000-0000-0000-0000-000000000001,2026-07-29T03:54:27.060Z,,
3ec2fb62-7341-49ac-8c96-e707c6175ca1,b6cc9f80-2913-4ff3-8ddc-daf5bacc1f49,3,0.00,draft,,,,2026-07-29T03:34:16.749Z,a0000000-0000-0000-0000-000000000001,2026-07-29T03:34:16.749Z,,
d622170c-1bf5-479a-8516-e8eb5af9819a,39850e9b-b735-4274-8c72-4157a1462996,4,5000000.00,under_review,,,,2026-07-29T03:54:27.472Z,a0000000-0000-0000-0000-000000000001,2026-07-29T03:54:27.828Z,a0000000-0000-0000-0000-000000000001,
2375125c-4ba8-49b3-b8de-fafbeea47767,b6cc9f80-2913-4ff3-8ddc-daf5bacc1f49,4,5000000.00,under_review,,,,2026-07-29T03:34:17.132Z,a0000000-0000-0000-0000-000000000001,2026-07-29T03:34:17.463Z,a0000000-0000-0000-0000-000000000001,
9cd6b5dd-75f4-4f3e-988d-576b3b88fecc,b6cc9f80-2913-4ff3-8ddc-daf5bacc1f49,5,0.00,draft,,,,2026-07-29T03:34:17.516Z,a0000000-0000-0000-0000-000000000001,2026-07-29T03:34:17.516Z,,
b8fdb978-9d9a-465a-b7c1-1d8ed75e593c,39850e9b-b735-4274-8c72-4157a1462996,5,0.00,draft,,,,2026-07-29T03:54:27.888Z,a0000000-0000-0000-0000-000000000001,2026-07-29T03:54:27.888Z,,
75f5c991-fce2-4750-8682-97eddb7baf7e,b6cc9f80-2913-4ff3-8ddc-daf5bacc1f49,6,5000000.00,approved,a0000000-0000-0000-0000-000000000001,2026-07-29T03:34:18.753Z,,2026-07-29T03:34:17.854Z,a0000000-0000-0000-0000-000000000001,2026-07-29T03:34:18.753Z,a0000000-0000-0000-0000-000000000001,
3a08b44f-6174-4841-99d4-a00a86a851c1,b6cc9f80-2913-4ff3-8ddc-daf5bacc1f49,7,5000000.00,under_review,,,,2026-07-29T03:34:18.804Z,a0000000-0000-0000-0000-000000000001,2026-07-29T03:34:19.108Z,a0000000-0000-0000-0000-000000000001,
09be1497-ee76-4485-9ab1-b3acaf36bff7,b6cc9f80-2913-4ff3-8ddc-daf5bacc1f49,8,5000000.00,draft,,,,2026-07-29T03:34:19.456Z,a0000000-0000-0000-0000-000000000001,2026-07-29T03:34:19.456Z,,
bd27212c-e17b-4e39-b99a-c967736874de,39850e9b-b735-4274-8c72-4157a1462996,7,5000000.00,under_review,,,,2026-07-29T03:54:29.346Z,a0000000-0000-0000-0000-000000000001,2026-07-29T03:54:29.728Z,a0000000-0000-0000-0000-000000000001,
deac1ef4-ecb6-493a-8b59-21115039c191,39850e9b-b735-4274-8c72-4157a1462996,8,5000000.00,draft,,,,2026-07-29T03:54:29.953Z,a0000000-0000-0000-0000-000000000001,2026-07-29T03:54:29.953Z,,
cede55c0-84c7-47e1-b2bc-d894f9c81efd,b6cc9f80-2913-4ff3-8ddc-daf5bacc1f49,9,5000000.00,approved,a0000000-0000-0000-0000-000000000001,2026-07-29T03:34:21.205Z,,2026-07-29T03:34:19.884Z,a0000000-0000-0000-0000-000000000001,2026-07-29T03:34:21.205Z,a0000000-0000-0000-0000-000000000001,
e65989f8-4af6-47ba-bb0f-98d3fe27e40c,b6cc9f80-2913-4ff3-8ddc-daf5bacc1f49,10,5000000.00,draft,,,,2026-07-29T03:34:21.278Z,a0000000-0000-0000-0000-000000000001,2026-07-29T03:34:21.970Z,a0000000-0000-0000-0000-000000000001,
7ecef7db-568e-4860-a76c-3a5ba1ed7297,39850e9b-b735-4274-8c72-4157a1462996,9,5000000.00,approved,a0000000-0000-0000-0000-000000000001,2026-07-29T03:54:31.759Z,,2026-07-29T03:54:30.432Z,a0000000-0000-0000-0000-000000000001,2026-07-29T03:54:31.759Z,a0000000-0000-0000-0000-000000000001,
976b71e4-aac4-4975-9498-6ba06b3f8ebc,b6cc9f80-2913-4ff3-8ddc-daf5bacc1f49,11,5000000.00,draft,,,,2026-07-29T03:34:22.042Z,a0000000-0000-0000-0000-000000000001,2026-07-29T03:34:22.750Z,a0000000-0000-0000-0000-000000000001,
5f361909-ad8a-4507-974c-00347958ef91,39850e9b-b735-4274-8c72-4157a1462996,10,5000000.00,draft,,,,2026-07-29T03:54:31.832Z,a0000000-0000-0000-0000-000000000001,2026-07-29T03:54:32.514Z,a0000000-0000-0000-0000-000000000001,
c5bfd9dc-a382-4426-9cf9-b48698d3ad3e,39850e9b-b735-4274-8c72-4157a1462996,11,5000000.00,draft,,,,2026-07-29T03:54:32.586Z,a0000000-0000-0000-0000-000000000001,2026-07-29T03:54:33.350Z,a0000000-0000-0000-0000-000000000001,
156cfa8e-edb3-4ddf-97fe-d3bd08a3322f,57ca6c18-5489-4126-9256-cefe5ab94cf3,1,0.00,draft,,,,2026-07-29T04:02:32.618Z,a0000000-0000-0000-0000-000000000001,2026-07-29T04:02:32.618Z,,
19fca630-103e-428d-aca2-82bd582e5da5,57ca6c18-5489-4126-9256-cefe5ab94cf3,2,12000000.00,draft,,,,2026-07-29T04:02:33.261Z,a0000000-0000-0000-0000-000000000001,2026-07-29T04:02:33.261Z,,
5c67d1b4-f7d3-44a8-a5b7-de5c1ad53a7d,57ca6c18-5489-4126-9256-cefe5ab94cf3,3,0.00,draft,,,,2026-07-29T04:02:33.507Z,a0000000-0000-0000-0000-000000000001,2026-07-29T04:02:33.507Z,,
545fd7fa-d48f-4236-b482-179b82f687c6,57ca6c18-5489-4126-9256-cefe5ab94cf3,4,5000000.00,under_review,,,,2026-07-29T04:02:33.872Z,a0000000-0000-0000-0000-000000000001,2026-07-29T04:02:34.221Z,a0000000-0000-0000-0000-000000000001,
69622343-1901-41ce-8d5f-0e41e0e12431,57ca6c18-5489-4126-9256-cefe5ab94cf3,5,0.00,draft,,,,2026-07-29T04:02:34.275Z,a0000000-0000-0000-0000-000000000001,2026-07-29T04:02:34.275Z,,
e600295c-5e2c-42fe-9e9b-e1f6e7983641,57ca6c18-5489-4126-9256-cefe5ab94cf3,6,5000000.00,approved,a0000000-0000-0000-0000-000000000001,2026-07-29T04:02:35.704Z,,2026-07-29T04:02:34.645Z,a0000000-0000-0000-0000-000000000001,2026-07-29T04:02:35.704Z,a0000000-0000-0000-0000-000000000001,
124d74da-a2a2-4ce7-9bc1-28167ea9730b,57ca6c18-5489-4126-9256-cefe5ab94cf3,7,5000000.00,under_review,,,,2026-07-29T04:02:35.756Z,a0000000-0000-0000-0000-000000000001,2026-07-29T04:02:36.076Z,a0000000-0000-0000-0000-000000000001,
aac107a2-9f49-479c-9c0b-af56d5daf0f9,57ca6c18-5489-4126-9256-cefe5ab94cf3,8,5000000.00,draft,,,,2026-07-29T04:02:36.278Z,a0000000-0000-0000-0000-000000000001,2026-07-29T04:02:36.278Z,,
81b34f11-cd57-454c-ad1d-5e10ddafda73,57ca6c18-5489-4126-9256-cefe5ab94cf3,9,5000000.00,approved,a0000000-0000-0000-0000-000000000001,2026-07-29T04:02:38.142Z,,2026-07-29T04:02:36.726Z,a0000000-0000-0000-0000-000000000001,2026-07-29T04:02:38.142Z,a0000000-0000-0000-0000-000000000001,
78f6eea3-292e-46a4-9381-bb0632a4f372,6dc5a440-25ae-4362-bce7-19c58c522d23,4,5000000.00,under_review,,,,2026-07-29T04:42:35.918Z,a0000000-0000-0000-0000-000000000001,2026-07-29T04:42:36.313Z,a0000000-0000-0000-0000-000000000001,
977bfc6b-e51b-4f3f-bed8-4461b62f4f8f,6dc5a440-25ae-4362-bce7-19c58c522d23,6,5000000.00,approved,a0000000-0000-0000-0000-000000000001,2026-07-29T04:42:37.901Z,,2026-07-29T04:42:36.811Z,a0000000-0000-0000-0000-000000000001,2026-07-29T04:42:37.901Z,a0000000-0000-0000-0000-000000000001,
e21330ea-abe3-4ca0-9836-64c150625d2f,6dc5a440-25ae-4362-bce7-19c58c522d23,7,5000000.00,under_review,,,,2026-07-29T04:42:37.955Z,a0000000-0000-0000-0000-000000000001,2026-07-29T04:42:38.318Z,a0000000-0000-0000-0000-000000000001,
1ad34e91-b306-430e-aca7-779cbf1964e9,a40bebb1-aa26-4c03-be4a-0f6103b61326,4,5000000.00,under_review,,,,2026-07-29T08:56:10.900Z,a0000000-0000-0000-0000-000000000001,2026-07-29T08:56:11.288Z,a0000000-0000-0000-0000-000000000001,
6c351294-664b-4947-9a12-cd353d508ecd,6dc5a440-25ae-4362-bce7-19c58c522d23,9,5000000.00,approved,a0000000-0000-0000-0000-000000000001,2026-07-29T04:42:40.474Z,,2026-07-29T04:42:39.059Z,a0000000-0000-0000-0000-000000000001,2026-07-29T04:42:40.474Z,a0000000-0000-0000-0000-000000000001,
737a6df9-864c-476b-92d4-e4de3173944c,a40bebb1-aa26-4c03-be4a-0f6103b61326,5,0.00,draft,,,,2026-07-29T08:56:11.344Z,a0000000-0000-0000-0000-000000000001,2026-07-29T08:56:11.344Z,,
93eb6f8f-19b5-4073-a469-1b2ec31a3483,6dc5a440-25ae-4362-bce7-19c58c522d23,10,5000000.00,draft,,,,2026-07-29T04:42:40.559Z,a0000000-0000-0000-0000-000000000001,2026-07-29T04:42:41.319Z,a0000000-0000-0000-0000-000000000001,
02dc653f-af24-40de-b847-0bc66fca0243,2e8dd71f-6195-4557-865d-898891c78bda,1,0.00,draft,,,,2026-08-01T08:04:17.422Z,a0000000-0000-0000-0000-000000000001,2026-08-01T08:04:17.422Z,,
9dd6b316-873c-4565-aff7-7a83e97d4fe6,6dc5a440-25ae-4362-bce7-19c58c522d23,11,5000000.00,draft,,,,2026-07-29T04:42:41.392Z,a0000000-0000-0000-0000-000000000001,2026-07-29T04:42:42.167Z,a0000000-0000-0000-0000-000000000001,
bde3f12f-6a0c-43cf-911e-d52b818a9e93,2e8dd71f-6195-4557-865d-898891c78bda,2,12000000.00,draft,,,,2026-08-01T08:04:17.908Z,a0000000-0000-0000-0000-000000000001,2026-08-01T08:04:17.908Z,,
090b350f-96b1-4a41-9e3c-bc6db21c5c76,a40bebb1-aa26-4c03-be4a-0f6103b61326,6,5000000.00,approved,a0000000-0000-0000-0000-000000000001,2026-07-29T08:56:12.877Z,,2026-07-29T08:56:11.782Z,a0000000-0000-0000-0000-000000000001,2026-07-29T08:56:12.877Z,a0000000-0000-0000-0000-000000000001,
025defe6-3246-4714-b15d-8972a5f26167,a40bebb1-aa26-4c03-be4a-0f6103b61326,7,5000000.00,under_review,,,,2026-07-29T08:56:12.926Z,a0000000-0000-0000-0000-000000000001,2026-07-29T08:56:13.318Z,a0000000-0000-0000-0000-000000000001,
71b5992f-0382-464d-8453-f555e1d7c24a,a40bebb1-aa26-4c03-be4a-0f6103b61326,8,5000000.00,draft,,,,2026-07-29T08:56:13.599Z,a0000000-0000-0000-0000-000000000001,2026-07-29T08:56:13.599Z,,
9f6c75b4-a2ae-4785-ad91-3349a9289f73,a40bebb1-aa26-4c03-be4a-0f6103b61326,9,5000000.00,approved,a0000000-0000-0000-0000-000000000001,2026-07-29T08:56:15.490Z,,2026-07-29T08:56:14.084Z,a0000000-0000-0000-0000-000000000001,2026-07-29T08:56:15.490Z,a0000000-0000-0000-0000-000000000001,
d5a37d16-c389-45f6-bd21-8aae5b5f92c8,a40bebb1-aa26-4c03-be4a-0f6103b61326,10,5000000.00,draft,,,,2026-07-29T08:56:15.563Z,a0000000-0000-0000-0000-000000000001,2026-07-29T08:56:16.345Z,a0000000-0000-0000-0000-000000000001,
0ff37392-5fbc-4811-b022-715bb2cb0af7,a40bebb1-aa26-4c03-be4a-0f6103b61326,11,5000000.00,draft,,,,2026-07-29T08:56:16.417Z,a0000000-0000-0000-0000-000000000001,2026-07-29T08:56:17.220Z,a0000000-0000-0000-0000-000000000001,
71773cda-2011-4040-8da3-aa3c3637d2f7,de83e553-8841-4a88-ae93-2b811164f8a3,11,5000000.00,draft,,,,2026-07-29T10:44:25.857Z,a0000000-0000-0000-0000-000000000001,2026-07-29T10:44:26.579Z,a0000000-0000-0000-0000-000000000001,
95b2c414-b7ba-4f03-beaa-b06d6aa53082,de83e553-8841-4a88-ae93-2b811164f8a3,3,0.00,draft,,,,2026-07-29T10:44:19.854Z,a0000000-0000-0000-0000-000000000001,2026-07-29T10:44:19.854Z,,
61222d18-9e31-4ca1-a737-d836c9bdcc1b,de83e553-8841-4a88-ae93-2b811164f8a3,4,5000000.00,under_review,,,,2026-07-29T10:44:20.294Z,a0000000-0000-0000-0000-000000000001,2026-07-29T10:44:20.676Z,a0000000-0000-0000-0000-000000000001,
ebdcc641-85f0-4efa-9d2a-7ee9d2775899,de83e553-8841-4a88-ae93-2b811164f8a3,5,0.00,draft,,,,2026-07-29T10:44:20.735Z,a0000000-0000-0000-0000-000000000001,2026-07-29T10:44:20.735Z,,
967c9499-94b2-47b5-ac42-c2410336fc14,de83e553-8841-4a88-ae93-2b811164f8a3,6,5000000.00,approved,a0000000-0000-0000-0000-000000000001,2026-07-29T10:44:22.424Z,,2026-07-29T10:44:21.296Z,a0000000-0000-0000-0000-000000000001,2026-07-29T10:44:22.424Z,a0000000-0000-0000-0000-000000000001,
cc880723-1c80-469f-b0d0-604b39dbc9ce,de83e553-8841-4a88-ae93-2b811164f8a3,7,5000000.00,under_review,,,,2026-07-29T10:44:22.475Z,a0000000-0000-0000-0000-000000000001,2026-07-29T10:44:22.870Z,a0000000-0000-0000-0000-000000000001,
ee43bc74-4241-4c43-99c1-c399f6a6bf0d,de83e553-8841-4a88-ae93-2b811164f8a3,8,5000000.00,draft,,,,2026-07-29T10:44:23.097Z,a0000000-0000-0000-0000-000000000001,2026-07-29T10:44:23.097Z,,
d198a51e-7dcc-4743-8bb0-ebe7e563f9d4,de83e553-8841-4a88-ae93-2b811164f8a3,9,5000000.00,approved,a0000000-0000-0000-0000-000000000001,2026-07-29T10:44:24.879Z,,2026-07-29T10:44:23.488Z,a0000000-0000-0000-0000-000000000001,2026-07-29T10:44:24.879Z,a0000000-0000-0000-0000-000000000001,
251fff87-3171-452e-889f-059393fe5827,de83e553-8841-4a88-ae93-2b811164f8a3,10,5000000.00,draft,,,,2026-07-29T10:44:24.955Z,a0000000-0000-0000-0000-000000000001,2026-07-29T10:44:25.781Z,a0000000-0000-0000-0000-000000000001,
4b25af43-55aa-4ded-95d1-9c7ee2ade122,e90907bd-378f-4a30-af90-28916e8bcee0,11,5000000.00,draft,,,,2026-07-29T11:27:45.604Z,a0000000-0000-0000-0000-000000000001,2026-07-29T11:27:46.502Z,a0000000-0000-0000-0000-000000000001,
5d0defbd-32ce-491b-8a6e-8bcac57012a0,e90907bd-378f-4a30-af90-28916e8bcee0,1,0.00,draft,,,,2026-07-29T11:27:37.766Z,a0000000-0000-0000-0000-000000000001,2026-07-29T11:27:37.766Z,,
77e5d296-40ce-44e3-9d67-d7201a08eb98,e90907bd-378f-4a30-af90-28916e8bcee0,2,12000000.00,draft,,,,2026-07-29T11:27:39.250Z,a0000000-0000-0000-0000-000000000001,2026-07-29T11:27:39.250Z,,
31958b4e-27c2-4746-8a19-be11de033f1d,e90907bd-378f-4a30-af90-28916e8bcee0,3,0.00,draft,,,,2026-07-29T11:27:39.579Z,a0000000-0000-0000-0000-000000000001,2026-07-29T11:27:39.579Z,,
c15291e7-f649-4d0c-9734-3b3102436ab3,e90907bd-378f-4a30-af90-28916e8bcee0,4,5000000.00,under_review,,,,2026-07-29T11:27:40.064Z,a0000000-0000-0000-0000-000000000001,2026-07-29T11:27:40.447Z,a0000000-0000-0000-0000-000000000001,
d565f39f-321a-4b3c-b81f-a166a10752f6,e90907bd-378f-4a30-af90-28916e8bcee0,5,0.00,draft,,,,2026-07-29T11:27:40.502Z,a0000000-0000-0000-0000-000000000001,2026-07-29T11:27:40.502Z,,
b45700b2-24c3-4180-b10a-beff3e3ae527,e90907bd-378f-4a30-af90-28916e8bcee0,6,5000000.00,approved,a0000000-0000-0000-0000-000000000001,2026-07-29T11:27:42.080Z,,2026-07-29T11:27:40.894Z,a0000000-0000-0000-0000-000000000001,2026-07-29T11:27:42.080Z,a0000000-0000-0000-0000-000000000001,
9e90c592-e7cc-40c3-a1a8-ec57f49064db,e90907bd-378f-4a30-af90-28916e8bcee0,7,5000000.00,under_review,,,,2026-07-29T11:27:42.128Z,a0000000-0000-0000-0000-000000000001,2026-07-29T11:27:42.468Z,a0000000-0000-0000-0000-000000000001,
055588bd-06d3-4ca0-8623-d655e03584d1,e90907bd-378f-4a30-af90-28916e8bcee0,8,5000000.00,draft,,,,2026-07-29T11:27:42.721Z,a0000000-0000-0000-0000-000000000001,2026-07-29T11:27:42.721Z,,
3db67d0c-5cec-48b8-b510-5ce2ba221776,e90907bd-378f-4a30-af90-28916e8bcee0,9,5000000.00,approved,a0000000-0000-0000-0000-000000000001,2026-07-29T11:27:44.615Z,,2026-07-29T11:27:43.147Z,a0000000-0000-0000-0000-000000000001,2026-07-29T11:27:44.615Z,a0000000-0000-0000-0000-000000000001,
537fa27b-203b-4c94-bc6b-77f3f4c55225,e90907bd-378f-4a30-af90-28916e8bcee0,10,5000000.00,draft,,,,2026-07-29T11:27:44.688Z,a0000000-0000-0000-0000-000000000001,2026-07-29T11:27:45.532Z,a0000000-0000-0000-0000-000000000001,
3cd29420-9d35-4a8f-8863-5e5a6cee469d,e8f23784-69db-4f78-9514-1a3988305fb4,6,5000000.00,approved,a0000000-0000-0000-0000-000000000001,2026-07-29T11:31:27.689Z,,2026-07-29T11:31:26.364Z,a0000000-0000-0000-0000-000000000001,2026-07-29T11:31:27.689Z,a0000000-0000-0000-0000-000000000001,
90c156fc-163f-4516-bbe9-f4482a2c0484,e8f23784-69db-4f78-9514-1a3988305fb4,7,5000000.00,under_review,,,,2026-07-29T11:31:27.738Z,a0000000-0000-0000-0000-000000000001,2026-07-29T11:31:28.165Z,a0000000-0000-0000-0000-000000000001,
1399e308-2e92-433f-ae4e-7b07938c6c8d,e8f23784-69db-4f78-9514-1a3988305fb4,8,5000000.00,draft,,,,2026-07-29T11:31:28.385Z,a0000000-0000-0000-0000-000000000001,2026-07-29T11:31:28.385Z,,
d4ad1d59-121b-4cba-bd7b-141aaacb123e,e8f23784-69db-4f78-9514-1a3988305fb4,1,0.00,draft,,,,2026-07-29T11:31:23.266Z,a0000000-0000-0000-0000-000000000001,2026-07-29T11:31:23.266Z,,
7f48f33e-19b6-4a22-b6ba-ffb03110d659,e8f23784-69db-4f78-9514-1a3988305fb4,2,12000000.00,draft,,,,2026-07-29T11:31:24.696Z,a0000000-0000-0000-0000-000000000001,2026-07-29T11:31:24.696Z,,
d9130802-e1e1-4cda-90f3-ded60a318522,e8f23784-69db-4f78-9514-1a3988305fb4,3,0.00,draft,,,,2026-07-29T11:31:25.044Z,a0000000-0000-0000-0000-000000000001,2026-07-29T11:31:25.044Z,,
f1937397-ba15-42e3-96d2-9c1db24ebab9,e8f23784-69db-4f78-9514-1a3988305fb4,4,5000000.00,under_review,,,,2026-07-29T11:31:25.478Z,a0000000-0000-0000-0000-000000000001,2026-07-29T11:31:25.910Z,a0000000-0000-0000-0000-000000000001,
49023791-472f-4456-9d47-2307f1299161,e8f23784-69db-4f78-9514-1a3988305fb4,5,0.00,draft,,,,2026-07-29T11:31:25.978Z,a0000000-0000-0000-0000-000000000001,2026-07-29T11:31:25.978Z,,
a69958aa-307a-4131-bc81-698e1be2123a,e8f23784-69db-4f78-9514-1a3988305fb4,9,5000000.00,approved,a0000000-0000-0000-0000-000000000001,2026-07-29T11:31:30.532Z,,2026-07-29T11:31:29.029Z,a0000000-0000-0000-0000-000000000001,2026-07-29T11:31:30.532Z,a0000000-0000-0000-0000-000000000001,
481b6e95-73f5-4c0b-bb0d-38dd3419dc13,e8f23784-69db-4f78-9514-1a3988305fb4,10,5000000.00,draft,,,,2026-07-29T11:31:30.604Z,a0000000-0000-0000-0000-000000000001,2026-07-29T11:31:31.461Z,a0000000-0000-0000-0000-000000000001,
96b1facf-ef12-4d55-b28e-b1620db78ecf,e8f23784-69db-4f78-9514-1a3988305fb4,11,5000000.00,draft,,,,2026-07-29T11:31:31.532Z,a0000000-0000-0000-0000-000000000001,2026-07-29T11:31:32.279Z,a0000000-0000-0000-0000-000000000001,
c9da1c92-9e81-4a3b-9eb5-d8be5cac9a5a,eb5ce1fd-49bf-4cec-81e9-deb0e750fc82,3,0.00,draft,,,,2026-07-29T11:51:34.457Z,a0000000-0000-0000-0000-000000000001,2026-07-29T11:51:34.457Z,,
46c648ef-b10c-4a51-82a7-120ea25f8720,eb5ce1fd-49bf-4cec-81e9-deb0e750fc82,1,0.00,draft,,,,2026-07-29T11:51:33.623Z,a0000000-0000-0000-0000-000000000001,2026-07-29T11:51:33.623Z,,
379ffb35-5b87-4166-b7f2-7397426620ff,eb5ce1fd-49bf-4cec-81e9-deb0e750fc82,2,12000000.00,draft,,,,2026-07-29T11:51:34.145Z,a0000000-0000-0000-0000-000000000001,2026-07-29T11:51:34.145Z,,
6a714a4f-5ec4-4259-a6f2-a1031e0d6748,eb5ce1fd-49bf-4cec-81e9-deb0e750fc82,4,5000000.00,under_review,,,,2026-07-29T11:51:34.882Z,a0000000-0000-0000-0000-000000000001,2026-07-29T11:51:35.232Z,a0000000-0000-0000-0000-000000000001,
6f1efce3-6f03-4170-87c6-4eebfa85026d,eb5ce1fd-49bf-4cec-81e9-deb0e750fc82,5,0.00,draft,,,,2026-07-29T11:51:35.291Z,a0000000-0000-0000-0000-000000000001,2026-07-29T11:51:35.291Z,,
62966455-def5-423d-8789-ed84d96129c6,eb5ce1fd-49bf-4cec-81e9-deb0e750fc82,6,5000000.00,approved,a0000000-0000-0000-0000-000000000001,2026-07-29T11:51:36.921Z,,2026-07-29T11:51:35.722Z,a0000000-0000-0000-0000-000000000001,2026-07-29T11:51:36.921Z,a0000000-0000-0000-0000-000000000001,
be417f77-e8b0-4706-869f-edb2002a93bf,eb5ce1fd-49bf-4cec-81e9-deb0e750fc82,7,5000000.00,under_review,,,,2026-07-29T11:51:36.978Z,a0000000-0000-0000-0000-000000000001,2026-07-29T11:51:37.782Z,a0000000-0000-0000-0000-000000000001,
6615fcf5-fce4-4f4b-b076-670a06612a66,eb5ce1fd-49bf-4cec-81e9-deb0e750fc82,8,5000000.00,draft,,,,2026-07-29T11:51:38.019Z,a0000000-0000-0000-0000-000000000001,2026-07-29T11:51:38.019Z,,
5d0299d4-5b10-4f2c-9a8b-65e3cc32189b,eb5ce1fd-49bf-4cec-81e9-deb0e750fc82,9,5000000.00,approved,a0000000-0000-0000-0000-000000000001,2026-07-29T11:51:40.051Z,,2026-07-29T11:51:38.553Z,a0000000-0000-0000-0000-000000000001,2026-07-29T11:51:40.051Z,a0000000-0000-0000-0000-000000000001,
2d2d64e7-63a9-4d85-8bbd-60792c4b6811,eb5ce1fd-49bf-4cec-81e9-deb0e750fc82,10,5000000.00,draft,,,,2026-07-29T11:51:40.132Z,a0000000-0000-0000-0000-000000000001,2026-07-29T11:51:40.981Z,a0000000-0000-0000-0000-000000000001,
2e2a22da-a6e1-4345-82e6-20c18c4a3e68,eb5ce1fd-49bf-4cec-81e9-deb0e750fc82,11,5000000.00,draft,,,,2026-07-29T11:51:41.057Z,a0000000-0000-0000-0000-000000000001,2026-07-29T11:51:41.813Z,a0000000-0000-0000-0000-000000000001,
02f66155-c7fe-4279-8710-527c4e92f4c5,c39f81bc-254c-4c89-b4c2-dfe1b3ba5e0d,9,5000000.00,approved,a0000000-0000-0000-0000-000000000001,2026-07-29T04:59:37.985Z,,2026-07-29T04:59:36.617Z,a0000000-0000-0000-0000-000000000001,2026-07-29T04:59:37.985Z,a0000000-0000-0000-0000-000000000001,
1a69c11c-212a-4a5e-b8be-361d0820abeb,c39f81bc-254c-4c89-b4c2-dfe1b3ba5e0d,10,5000000.00,draft,,,,2026-07-29T04:59:38.072Z,a0000000-0000-0000-0000-000000000001,2026-07-29T04:59:38.915Z,a0000000-0000-0000-0000-000000000001,
59f659be-6d47-4c25-8f07-c3579d396637,67f4d99e-3db7-4537-8515-1ccc1822db44,1,0.00,draft,,,,2026-07-29T04:54:57.355Z,a0000000-0000-0000-0000-000000000001,2026-07-29T04:54:57.355Z,,
2e4f1cef-6c59-4523-915e-92798865f202,67f4d99e-3db7-4537-8515-1ccc1822db44,2,12000000.00,draft,,,,2026-07-29T04:55:01.628Z,a0000000-0000-0000-0000-000000000001,2026-07-29T04:55:01.628Z,,
1840bbbd-85de-461a-ab53-3f22b9b0b123,67f4d99e-3db7-4537-8515-1ccc1822db44,3,0.00,draft,,,,2026-07-29T04:55:01.891Z,a0000000-0000-0000-0000-000000000001,2026-07-29T04:55:01.891Z,,
4ab610d8-707b-401d-8a60-24450e5dd5cd,67f4d99e-3db7-4537-8515-1ccc1822db44,4,5000000.00,under_review,,,,2026-07-29T04:55:02.309Z,a0000000-0000-0000-0000-000000000001,2026-07-29T04:55:02.670Z,a0000000-0000-0000-0000-000000000001,
2fd76c4a-249a-46be-9395-19b9f3e94868,67f4d99e-3db7-4537-8515-1ccc1822db44,5,0.00,draft,,,,2026-07-29T04:55:02.728Z,a0000000-0000-0000-0000-000000000001,2026-07-29T04:55:02.728Z,,
2a59dc47-d9f7-46f6-9548-b1534ab87df2,67f4d99e-3db7-4537-8515-1ccc1822db44,6,5000000.00,approved,a0000000-0000-0000-0000-000000000001,2026-07-29T04:55:04.273Z,,2026-07-29T04:55:03.089Z,a0000000-0000-0000-0000-000000000001,2026-07-29T04:55:04.273Z,a0000000-0000-0000-0000-000000000001,
fa21f8f0-4b00-453b-89bd-7ac9688975fc,67f4d99e-3db7-4537-8515-1ccc1822db44,7,5000000.00,under_review,,,,2026-07-29T04:55:04.348Z,a0000000-0000-0000-0000-000000000001,2026-07-29T04:55:04.748Z,a0000000-0000-0000-0000-000000000001,
2d4d127b-0614-4300-8315-b02247877e52,67f4d99e-3db7-4537-8515-1ccc1822db44,8,5000000.00,draft,,,,2026-07-29T04:55:04.961Z,a0000000-0000-0000-0000-000000000001,2026-07-29T04:55:04.961Z,,
656ad2ce-1d3c-400e-ba40-b6abcb28c6e7,67f4d99e-3db7-4537-8515-1ccc1822db44,9,5000000.00,approved,a0000000-0000-0000-0000-000000000001,2026-07-29T04:55:06.810Z,,2026-07-29T04:55:05.422Z,a0000000-0000-0000-0000-000000000001,2026-07-29T04:55:06.810Z,a0000000-0000-0000-0000-000000000001,
4de79790-8ac4-476d-bfbc-c5e0011ed54d,67f4d99e-3db7-4537-8515-1ccc1822db44,10,5000000.00,draft,,,,2026-07-29T04:55:06.900Z,a0000000-0000-0000-0000-000000000001,2026-07-29T04:55:07.708Z,a0000000-0000-0000-0000-000000000001,
ed49dc46-6c40-46ee-bed4-8cd5cf233cdd,67f4d99e-3db7-4537-8515-1ccc1822db44,11,5000000.00,draft,,,,2026-07-29T04:55:07.786Z,a0000000-0000-0000-0000-000000000001,2026-07-29T04:55:08.630Z,a0000000-0000-0000-0000-000000000001,
e8a8df29-ef56-4508-8ab7-b99509867521,c39f81bc-254c-4c89-b4c2-dfe1b3ba5e0d,11,5000000.00,draft,,,,2026-07-29T04:59:38.997Z,a0000000-0000-0000-0000-000000000001,2026-07-29T04:59:39.702Z,a0000000-0000-0000-0000-000000000001,
e8fc2691-402f-41e5-9ac6-3e7ba34aa948,c39f81bc-254c-4c89-b4c2-dfe1b3ba5e0d,1,0.00,draft,,,,2026-07-29T04:59:31.393Z,a0000000-0000-0000-0000-000000000001,2026-07-29T04:59:31.393Z,,
4c395a47-f988-4a14-a318-6d174e330c33,c39f81bc-254c-4c89-b4c2-dfe1b3ba5e0d,2,12000000.00,draft,,,,2026-07-29T04:59:32.632Z,a0000000-0000-0000-0000-000000000001,2026-07-29T04:59:32.632Z,,
82645578-f2b2-4e26-a92a-1d095ad01e11,c39f81bc-254c-4c89-b4c2-dfe1b3ba5e0d,3,0.00,draft,,,,2026-07-29T04:59:32.936Z,a0000000-0000-0000-0000-000000000001,2026-07-29T04:59:32.936Z,,
226994cb-a016-41fe-aa57-d9fe6b3b6c45,c39f81bc-254c-4c89-b4c2-dfe1b3ba5e0d,4,5000000.00,under_review,,,,2026-07-29T04:59:33.426Z,a0000000-0000-0000-0000-000000000001,2026-07-29T04:59:33.878Z,a0000000-0000-0000-0000-000000000001,
41024ada-a963-4ebd-ad38-93e63ebc7d6a,c39f81bc-254c-4c89-b4c2-dfe1b3ba5e0d,5,0.00,draft,,,,2026-07-29T04:59:33.944Z,a0000000-0000-0000-0000-000000000001,2026-07-29T04:59:33.944Z,,
5d69cea0-6488-4d3a-9ee1-26e1c410a0a5,c39f81bc-254c-4c89-b4c2-dfe1b3ba5e0d,6,5000000.00,approved,a0000000-0000-0000-0000-000000000001,2026-07-29T04:59:35.587Z,,2026-07-29T04:59:34.292Z,a0000000-0000-0000-0000-000000000001,2026-07-29T04:59:35.587Z,a0000000-0000-0000-0000-000000000001,
24c26562-0418-4233-8be6-f6a0321ed219,c39f81bc-254c-4c89-b4c2-dfe1b3ba5e0d,7,5000000.00,under_review,,,,2026-07-29T04:59:35.638Z,a0000000-0000-0000-0000-000000000001,2026-07-29T04:59:35.981Z,a0000000-0000-0000-0000-000000000001,
051862e4-803c-4a04-8b13-0639e73735b2,c39f81bc-254c-4c89-b4c2-dfe1b3ba5e0d,8,5000000.00,draft,,,,2026-07-29T04:59:36.240Z,a0000000-0000-0000-0000-000000000001,2026-07-29T04:59:36.240Z,,
fd402b5f-3575-46a1-b96d-c10231ddeb7b,5f31cd33-2286-4c4a-a067-6537759dae7f,10,5000000.00,draft,,,,2026-07-29T05:04:29.959Z,a0000000-0000-0000-0000-000000000001,2026-07-29T05:04:30.723Z,a0000000-0000-0000-0000-000000000001,
6654f9ce-9836-4f5d-a1be-cec4d7bae214,5f31cd33-2286-4c4a-a067-6537759dae7f,1,0.00,draft,,,,2026-07-29T05:04:24.480Z,a0000000-0000-0000-0000-000000000001,2026-07-29T05:04:24.480Z,,
bf0386fc-286c-43a8-8159-b79a8c432203,5f31cd33-2286-4c4a-a067-6537759dae7f,2,12000000.00,draft,,,,2026-07-29T05:04:25.004Z,a0000000-0000-0000-0000-000000000001,2026-07-29T05:04:25.004Z,,
3c16188d-b02d-415c-8195-e7ffd9d4726c,5f31cd33-2286-4c4a-a067-6537759dae7f,3,0.00,draft,,,,2026-07-29T05:04:25.263Z,a0000000-0000-0000-0000-000000000001,2026-07-29T05:04:25.263Z,,
feabf590-aeae-4d00-8bc1-1a74ec4c3508,5f31cd33-2286-4c4a-a067-6537759dae7f,4,5000000.00,under_review,,,,2026-07-29T05:04:25.658Z,a0000000-0000-0000-0000-000000000001,2026-07-29T05:04:25.984Z,a0000000-0000-0000-0000-000000000001,
524161aa-4490-4a6c-949e-0a5bff01254c,5f31cd33-2286-4c4a-a067-6537759dae7f,5,0.00,draft,,,,2026-07-29T05:04:26.047Z,a0000000-0000-0000-0000-000000000001,2026-07-29T05:04:26.047Z,,
3f4cafb7-4641-40d5-9a5f-a570a7db8b63,5f31cd33-2286-4c4a-a067-6537759dae7f,6,5000000.00,approved,a0000000-0000-0000-0000-000000000001,2026-07-29T05:04:27.532Z,,2026-07-29T05:04:26.440Z,a0000000-0000-0000-0000-000000000001,2026-07-29T05:04:27.532Z,a0000000-0000-0000-0000-000000000001,
29d956da-b4a5-49e1-b664-4081af73170c,5f31cd33-2286-4c4a-a067-6537759dae7f,7,5000000.00,under_review,,,,2026-07-29T05:04:27.581Z,a0000000-0000-0000-0000-000000000001,2026-07-29T05:04:27.893Z,a0000000-0000-0000-0000-000000000001,
e2a77512-58fe-4e05-9527-e33063566f29,5f31cd33-2286-4c4a-a067-6537759dae7f,8,5000000.00,draft,,,,2026-07-29T05:04:28.125Z,a0000000-0000-0000-0000-000000000001,2026-07-29T05:04:28.125Z,,
b39879fa-e4f4-4a1c-837c-5f55cb18f26c,5f31cd33-2286-4c4a-a067-6537759dae7f,9,5000000.00,approved,a0000000-0000-0000-0000-000000000001,2026-07-29T05:04:29.884Z,,2026-07-29T05:04:28.494Z,a0000000-0000-0000-0000-000000000001,2026-07-29T05:04:29.884Z,a0000000-0000-0000-0000-000000000001,
e0cb429e-b9d2-4a71-a882-be6604f3bab6,5f31cd33-2286-4c4a-a067-6537759dae7f,11,5000000.00,draft,,,,2026-07-29T05:04:30.793Z,a0000000-0000-0000-0000-000000000001,2026-07-29T05:04:31.574Z,a0000000-0000-0000-0000-000000000001,
729ae64d-a924-4ba5-878e-657f14f77a3a,2e082039-d7ff-4837-8b88-cd45da406b97,6,5000000.00,approved,a0000000-0000-0000-0000-000000000001,2026-07-29T05:08:07.134Z,,2026-07-29T05:08:06.080Z,a0000000-0000-0000-0000-000000000001,2026-07-29T05:08:07.134Z,a0000000-0000-0000-0000-000000000001,
e275866d-06d9-4656-bdcd-9dc95e79020a,2e082039-d7ff-4837-8b88-cd45da406b97,1,0.00,draft,,,,2026-07-29T05:08:03.952Z,a0000000-0000-0000-0000-000000000001,2026-07-29T05:08:03.952Z,,
8881879d-c852-4b2b-8112-e7b6326e1cbc,2e082039-d7ff-4837-8b88-cd45da406b97,2,12000000.00,draft,,,,2026-07-29T05:08:04.570Z,a0000000-0000-0000-0000-000000000001,2026-07-29T05:08:04.570Z,,
14df66bd-f236-4276-8c93-1ee885aecd88,2e082039-d7ff-4837-8b88-cd45da406b97,3,0.00,draft,,,,2026-07-29T05:08:04.880Z,a0000000-0000-0000-0000-000000000001,2026-07-29T05:08:04.880Z,,
6ece2c8d-f65b-48fd-b576-4f7bd32282ea,2e082039-d7ff-4837-8b88-cd45da406b97,4,5000000.00,under_review,,,,2026-07-29T05:08:05.287Z,a0000000-0000-0000-0000-000000000001,2026-07-29T05:08:05.671Z,a0000000-0000-0000-0000-000000000001,
9dbe58d2-fb00-4769-bb9c-0e53de9ed709,2e082039-d7ff-4837-8b88-cd45da406b97,5,0.00,draft,,,,2026-07-29T05:08:05.726Z,a0000000-0000-0000-0000-000000000001,2026-07-29T05:08:05.726Z,,
58633029-d79c-4d19-9bb8-77fca2d1420e,2e082039-d7ff-4837-8b88-cd45da406b97,7,5000000.00,under_review,,,,2026-07-29T05:08:07.181Z,a0000000-0000-0000-0000-000000000001,2026-07-29T05:08:07.522Z,a0000000-0000-0000-0000-000000000001,
3321863d-f5b3-4ccf-a8c7-cfbeb282dc34,2e082039-d7ff-4837-8b88-cd45da406b97,8,5000000.00,draft,,,,2026-07-29T05:08:07.763Z,a0000000-0000-0000-0000-000000000001,2026-07-29T05:08:07.763Z,,
51544ede-f23b-4121-8dd0-3cc7a73926b3,2e082039-d7ff-4837-8b88-cd45da406b97,9,5000000.00,approved,a0000000-0000-0000-0000-000000000001,2026-07-29T05:08:09.549Z,,2026-07-29T05:08:08.145Z,a0000000-0000-0000-0000-000000000001,2026-07-29T05:08:09.549Z,a0000000-0000-0000-0000-000000000001,
f45948b3-6ff0-49ee-a2b1-624d5ed68694,2e082039-d7ff-4837-8b88-cd45da406b97,10,5000000.00,draft,,,,2026-07-29T05:08:09.620Z,a0000000-0000-0000-0000-000000000001,2026-07-29T05:08:10.411Z,a0000000-0000-0000-0000-000000000001,
eaf467be-ba9d-4daa-b490-d2b64182a304,2e082039-d7ff-4837-8b88-cd45da406b97,11,5000000.00,draft,,,,2026-07-29T05:08:10.488Z,a0000000-0000-0000-0000-000000000001,2026-07-29T05:08:11.395Z,a0000000-0000-0000-0000-000000000001,
4347fde9-9e2f-467e-89f5-58ee98926532,425b524d-bf2f-4114-b8d6-124df15280a1,1,0.00,draft,,,,2026-07-29T05:23:44.517Z,a0000000-0000-0000-0000-000000000001,2026-07-29T05:23:44.517Z,,
b589a06d-e108-4bbb-9996-8cc8b002eb4c,425b524d-bf2f-4114-b8d6-124df15280a1,2,12000000.00,draft,,,,2026-07-29T05:23:48.704Z,a0000000-0000-0000-0000-000000000001,2026-07-29T05:23:48.704Z,,
44ff3b17-8c99-4bd4-bfe0-68711a7084cf,425b524d-bf2f-4114-b8d6-124df15280a1,3,0.00,draft,,,,2026-07-29T05:23:48.998Z,a0000000-0000-0000-0000-000000000001,2026-07-29T05:23:48.998Z,,
20e5ee2d-37c0-4584-af87-5756e2039efb,425b524d-bf2f-4114-b8d6-124df15280a1,4,5000000.00,under_review,,,,2026-07-29T05:23:49.423Z,a0000000-0000-0000-0000-000000000001,2026-07-29T05:23:49.762Z,a0000000-0000-0000-0000-000000000001,
26890018-0412-477e-b985-a4d2ec2c41c6,425b524d-bf2f-4114-b8d6-124df15280a1,5,0.00,draft,,,,2026-07-29T05:23:49.822Z,a0000000-0000-0000-0000-000000000001,2026-07-29T05:23:49.822Z,,
10226902-a633-49e7-8a75-1cb208652939,425b524d-bf2f-4114-b8d6-124df15280a1,6,5000000.00,approved,a0000000-0000-0000-0000-000000000001,2026-07-29T05:23:51.473Z,,2026-07-29T05:23:50.258Z,a0000000-0000-0000-0000-000000000001,2026-07-29T05:23:51.473Z,a0000000-0000-0000-0000-000000000001,
4570f823-4ce5-4814-96e1-201c335fbf4d,425b524d-bf2f-4114-b8d6-124df15280a1,7,5000000.00,under_review,,,,2026-07-29T05:23:51.533Z,a0000000-0000-0000-0000-000000000001,2026-07-29T05:23:51.910Z,a0000000-0000-0000-0000-000000000001,
ea15338d-859d-4173-84ec-46cd18aebf08,425b524d-bf2f-4114-b8d6-124df15280a1,8,5000000.00,draft,,,,2026-07-29T05:23:52.155Z,a0000000-0000-0000-0000-000000000001,2026-07-29T05:23:52.155Z,,
b2d9992e-8535-434e-ad80-eb5c066a0d46,425b524d-bf2f-4114-b8d6-124df15280a1,9,5000000.00,approved,a0000000-0000-0000-0000-000000000001,2026-07-29T05:23:54.017Z,,2026-07-29T05:23:52.591Z,a0000000-0000-0000-0000-000000000001,2026-07-29T05:23:54.017Z,a0000000-0000-0000-0000-000000000001,
dcd19fcc-943b-490c-9e97-c98f3b9aa802,425b524d-bf2f-4114-b8d6-124df15280a1,10,5000000.00,draft,,,,2026-07-29T05:23:54.100Z,a0000000-0000-0000-0000-000000000001,2026-07-29T05:23:54.935Z,a0000000-0000-0000-0000-000000000001,
d45ae4ec-0ee4-43c9-964e-72b9a5d753a4,425b524d-bf2f-4114-b8d6-124df15280a1,11,5000000.00,draft,,,,2026-07-29T05:23:55.015Z,a0000000-0000-0000-0000-000000000001,2026-07-29T05:23:55.860Z,a0000000-0000-0000-0000-000000000001,
06da492c-ee8f-4186-b194-981ced4aa8d4,653c1007-61ce-4177-9b86-b9ef6eacab73,1,0.00,draft,,,,2026-07-29T06:15:10.297Z,a0000000-0000-0000-0000-000000000001,2026-07-29T06:15:10.297Z,,
48672a48-1d2b-4811-b381-12913efde6e8,653c1007-61ce-4177-9b86-b9ef6eacab73,2,12000000.00,draft,,,,2026-07-29T06:15:11.823Z,a0000000-0000-0000-0000-000000000001,2026-07-29T06:15:11.823Z,,
45143190-8268-48e5-af21-b127bd3c6cf9,653c1007-61ce-4177-9b86-b9ef6eacab73,3,0.00,draft,,,,2026-07-29T06:15:12.133Z,a0000000-0000-0000-0000-000000000001,2026-07-29T06:15:12.133Z,,
97df853f-f07a-44fc-9d59-8b6521a15159,653c1007-61ce-4177-9b86-b9ef6eacab73,5,0.00,draft,,,,2026-07-29T06:15:13.154Z,a0000000-0000-0000-0000-000000000001,2026-07-29T06:15:13.154Z,,
33837944-7295-4a84-bcfb-503126a2f85b,653c1007-61ce-4177-9b86-b9ef6eacab73,4,5000000.00,under_review,,,,2026-07-29T06:15:12.646Z,a0000000-0000-0000-0000-000000000001,2026-07-29T06:15:13.095Z,a0000000-0000-0000-0000-000000000001,
bb935c62-f0fa-4bbc-8be7-4c0d8c44fafd,4b39306c-f83c-4d6f-914b-f343f4d3901c,1,0.00,draft,,,,2026-07-31T13:44:03.309Z,a0000000-0000-0000-0000-000000000001,2026-07-31T13:44:03.309Z,,
52b9f19d-2565-4a46-b39d-8e25c27be97a,820cf81b-c380-44da-a50e-867b02b4bb61,1,0.00,draft,,,,2026-07-29T09:22:09.895Z,a0000000-0000-0000-0000-000000000001,2026-07-29T09:22:09.895Z,,
2509a224-a5f1-44f3-b8f0-ed032cf4504e,820cf81b-c380-44da-a50e-867b02b4bb61,2,12000000.00,draft,,,,2026-07-29T09:22:24.080Z,a0000000-0000-0000-0000-000000000001,2026-07-29T09:22:24.080Z,,
4f770588-c6cb-47b9-845c-c1018875c165,820cf81b-c380-44da-a50e-867b02b4bb61,3,0.00,draft,,,,2026-07-29T09:22:24.360Z,a0000000-0000-0000-0000-000000000001,2026-07-29T09:22:24.360Z,,
3565c60e-cae5-47ed-a366-f6f4250c40fe,4b39306c-f83c-4d6f-914b-f343f4d3901c,2,12000000.00,draft,,,,2026-07-31T13:44:03.907Z,a0000000-0000-0000-0000-000000000001,2026-07-31T13:44:03.907Z,,
a88b85aa-2667-4345-8bc9-72e51d3275a0,820cf81b-c380-44da-a50e-867b02b4bb61,4,5000000.00,under_review,,,,2026-07-29T09:22:24.800Z,a0000000-0000-0000-0000-000000000001,2026-07-29T09:22:25.147Z,a0000000-0000-0000-0000-000000000001,
dd5d03c5-5b31-4b03-95ad-d1adbb5be06b,820cf81b-c380-44da-a50e-867b02b4bb61,5,0.00,draft,,,,2026-07-29T09:22:25.206Z,a0000000-0000-0000-0000-000000000001,2026-07-29T09:22:25.206Z,,
0e58e97e-b6f5-4f05-a772-38adb8d272d0,820cf81b-c380-44da-a50e-867b02b4bb61,6,5000000.00,approved,a0000000-0000-0000-0000-000000000001,2026-07-29T09:22:26.969Z,,2026-07-29T09:22:25.803Z,a0000000-0000-0000-0000-000000000001,2026-07-29T09:22:26.969Z,a0000000-0000-0000-0000-000000000001,
c91cdf16-893a-4ea8-9a55-031dc62892cd,820cf81b-c380-44da-a50e-867b02b4bb61,7,5000000.00,under_review,,,,2026-07-29T09:22:27.019Z,a0000000-0000-0000-0000-000000000001,2026-07-29T09:22:27.388Z,a0000000-0000-0000-0000-000000000001,
2a0e6b0e-21d2-47e2-a5fd-1df36714d109,820cf81b-c380-44da-a50e-867b02b4bb61,8,5000000.00,draft,,,,2026-07-29T09:22:27.630Z,a0000000-0000-0000-0000-000000000001,2026-07-29T09:22:27.630Z,,
24a28b33-57cc-4551-91ea-58a1a25d76a4,820cf81b-c380-44da-a50e-867b02b4bb61,9,5000000.00,approved,a0000000-0000-0000-0000-000000000001,2026-07-29T09:22:29.556Z,,2026-07-29T09:22:28.116Z,a0000000-0000-0000-0000-000000000001,2026-07-29T09:22:29.556Z,a0000000-0000-0000-0000-000000000001,
818b8940-d5fa-453f-ab4b-2af70ca221ee,820cf81b-c380-44da-a50e-867b02b4bb61,10,5000000.00,draft,,,,2026-07-29T09:22:29.627Z,a0000000-0000-0000-0000-000000000001,2026-07-29T09:22:30.390Z,a0000000-0000-0000-0000-000000000001,
623f2153-34ad-4058-ab30-e6ab9ea42ffb,820cf81b-c380-44da-a50e-867b02b4bb61,11,5000000.00,draft,,,,2026-07-29T09:22:30.459Z,a0000000-0000-0000-0000-000000000001,2026-07-29T09:22:31.341Z,a0000000-0000-0000-0000-000000000001,
ac472695-800a-4005-89b1-cfe388307ff0,058f9013-ab49-4b0b-af4c-4564d88f7508,10,5000000.00,draft,,,,2026-07-29T10:49:16.372Z,a0000000-0000-0000-0000-000000000001,2026-07-29T10:49:17.109Z,a0000000-0000-0000-0000-000000000001,
9621b97c-2160-4f51-9b4b-0d18f6cc1b6a,058f9013-ab49-4b0b-af4c-4564d88f7508,11,5000000.00,draft,,,,2026-07-29T10:49:17.184Z,a0000000-0000-0000-0000-000000000001,2026-07-29T10:49:17.914Z,a0000000-0000-0000-0000-000000000001,
eedbcdf7-95d7-4fbb-b9dd-d100a116c8df,058f9013-ab49-4b0b-af4c-4564d88f7508,1,0.00,draft,,,,2026-07-29T10:49:09.424Z,a0000000-0000-0000-0000-000000000001,2026-07-29T10:49:09.424Z,,
934d2c20-7de5-4978-b377-99307860bb37,058f9013-ab49-4b0b-af4c-4564d88f7508,2,12000000.00,draft,,,,2026-07-29T10:49:10.099Z,a0000000-0000-0000-0000-000000000001,2026-07-29T10:49:10.099Z,,
147d8532-c2f5-4fdc-8283-5db7f6a6964c,058f9013-ab49-4b0b-af4c-4564d88f7508,3,0.00,draft,,,,2026-07-29T10:49:10.511Z,a0000000-0000-0000-0000-000000000001,2026-07-29T10:49:10.511Z,,
fb7793d6-f872-4b31-a1c1-d5fdc7e4ce83,058f9013-ab49-4b0b-af4c-4564d88f7508,4,5000000.00,under_review,,,,2026-07-29T10:49:11.601Z,a0000000-0000-0000-0000-000000000001,2026-07-29T10:49:11.995Z,a0000000-0000-0000-0000-000000000001,
a5d005f0-beaa-434f-aaec-c7176fb49d17,058f9013-ab49-4b0b-af4c-4564d88f7508,5,0.00,draft,,,,2026-07-29T10:49:12.050Z,a0000000-0000-0000-0000-000000000001,2026-07-29T10:49:12.050Z,,
59b0dfd0-fd62-4913-9c77-d62a0842b6ec,058f9013-ab49-4b0b-af4c-4564d88f7508,6,5000000.00,approved,a0000000-0000-0000-0000-000000000001,2026-07-29T10:49:13.459Z,,2026-07-29T10:49:12.410Z,a0000000-0000-0000-0000-000000000001,2026-07-29T10:49:13.459Z,a0000000-0000-0000-0000-000000000001,
43455c13-6793-44a2-84dc-c5e6a123a8a2,058f9013-ab49-4b0b-af4c-4564d88f7508,7,5000000.00,under_review,,,,2026-07-29T10:49:13.510Z,a0000000-0000-0000-0000-000000000001,2026-07-29T10:49:13.856Z,a0000000-0000-0000-0000-000000000001,
93270263-82c5-4abd-b6ca-121eb5f123d7,058f9013-ab49-4b0b-af4c-4564d88f7508,8,5000000.00,draft,,,,2026-07-29T10:49:14.146Z,a0000000-0000-0000-0000-000000000001,2026-07-29T10:49:14.146Z,,
3b990f67-70c7-4e8f-a60d-20608095aace,058f9013-ab49-4b0b-af4c-4564d88f7508,9,5000000.00,approved,a0000000-0000-0000-0000-000000000001,2026-07-29T10:49:16.293Z,,2026-07-29T10:49:14.784Z,a0000000-0000-0000-0000-000000000001,2026-07-29T10:49:16.293Z,a0000000-0000-0000-0000-000000000001,
b593b24f-49c9-4912-b212-53fb4d07b27e,87691d3d-94a8-4bfe-8a47-1b82053d5bff,6,5000000.00,approved,a0000000-0000-0000-0000-000000000001,2026-07-29T13:17:36.313Z,,2026-07-29T13:17:34.922Z,a0000000-0000-0000-0000-000000000001,2026-07-29T13:17:36.313Z,a0000000-0000-0000-0000-000000000001,
cb1a091d-e1c3-4b3f-931a-5f1c32061fd6,68e94322-3654-42ed-88e3-60ad1b219a1f,1,0.00,draft,,,,2026-07-29T12:44:00.017Z,a0000000-0000-0000-0000-000000000001,2026-07-29T12:44:00.017Z,,
1c7c23c7-7290-4dbd-9e66-2487da4ffe90,68e94322-3654-42ed-88e3-60ad1b219a1f,2,12000000.00,draft,,,,2026-07-29T12:44:00.796Z,a0000000-0000-0000-0000-000000000001,2026-07-29T12:44:00.796Z,,
d974e73a-1e84-4c4d-a9d8-b48029153c5b,68e94322-3654-42ed-88e3-60ad1b219a1f,3,0.00,draft,,,,2026-07-29T12:44:01.131Z,a0000000-0000-0000-0000-000000000001,2026-07-29T12:44:01.131Z,,
f484bfab-ed93-4992-8c51-014b46a84281,68e94322-3654-42ed-88e3-60ad1b219a1f,4,5000000.00,under_review,,,,2026-07-29T12:44:01.690Z,a0000000-0000-0000-0000-000000000001,2026-07-29T12:44:02.289Z,a0000000-0000-0000-0000-000000000001,
62ab1c61-30d3-4462-b920-90879cd9bef2,68e94322-3654-42ed-88e3-60ad1b219a1f,5,0.00,draft,,,,2026-07-29T12:44:02.343Z,a0000000-0000-0000-0000-000000000001,2026-07-29T12:44:02.343Z,,
62e17139-d4bc-4c8d-a932-eb3506a4a391,68e94322-3654-42ed-88e3-60ad1b219a1f,6,5000000.00,approved,a0000000-0000-0000-0000-000000000001,2026-07-29T12:44:04.012Z,,2026-07-29T12:44:02.881Z,a0000000-0000-0000-0000-000000000001,2026-07-29T12:44:04.012Z,a0000000-0000-0000-0000-000000000001,
493c6d75-4582-47b6-853b-8128d70a8251,68e94322-3654-42ed-88e3-60ad1b219a1f,7,5000000.00,under_review,,,,2026-07-29T12:44:04.063Z,a0000000-0000-0000-0000-000000000001,2026-07-29T12:44:04.446Z,a0000000-0000-0000-0000-000000000001,
839bc5c0-8b64-45c7-b585-e2ae358dda09,68e94322-3654-42ed-88e3-60ad1b219a1f,8,5000000.00,draft,,,,2026-07-29T12:44:04.751Z,a0000000-0000-0000-0000-000000000001,2026-07-29T12:44:04.751Z,,
e44cd8c6-e8ac-4c53-ac81-afc677c6b0de,68e94322-3654-42ed-88e3-60ad1b219a1f,9,5000000.00,approved,a0000000-0000-0000-0000-000000000001,2026-07-29T12:44:07.415Z,,2026-07-29T12:44:05.146Z,a0000000-0000-0000-0000-000000000001,2026-07-29T12:44:07.415Z,a0000000-0000-0000-0000-000000000001,
e4024895-a05e-48fd-8579-7ae71a083e4b,68e94322-3654-42ed-88e3-60ad1b219a1f,10,5000000.00,draft,,,,2026-07-29T12:44:07.488Z,a0000000-0000-0000-0000-000000000001,2026-07-29T12:44:08.390Z,a0000000-0000-0000-0000-000000000001,
ba054866-1965-4e54-9cb7-c89f265679bf,68e94322-3654-42ed-88e3-60ad1b219a1f,11,5000000.00,draft,,,,2026-07-29T12:44:08.467Z,a0000000-0000-0000-0000-000000000001,2026-07-29T12:44:09.445Z,a0000000-0000-0000-0000-000000000001,
d03e2d75-d06c-4e7a-aa22-20405f537628,87691d3d-94a8-4bfe-8a47-1b82053d5bff,7,5000000.00,under_review,,,,2026-07-29T13:17:36.371Z,a0000000-0000-0000-0000-000000000001,2026-07-29T13:17:36.841Z,a0000000-0000-0000-0000-000000000001,
1a575f08-31b4-4853-8d33-651f2394263c,87691d3d-94a8-4bfe-8a47-1b82053d5bff,8,5000000.00,draft,,,,2026-07-29T13:17:37.133Z,a0000000-0000-0000-0000-000000000001,2026-07-29T13:17:37.133Z,,
605428b4-85c1-4e25-860f-55067f2d1d39,87691d3d-94a8-4bfe-8a47-1b82053d5bff,1,0.00,draft,,,,2026-07-29T13:17:31.358Z,a0000000-0000-0000-0000-000000000001,2026-07-29T13:17:31.358Z,,
dbac4fdc-a01e-44fc-a3ef-738184c275b2,87691d3d-94a8-4bfe-8a47-1b82053d5bff,2,12000000.00,draft,,,,2026-07-29T13:17:32.926Z,a0000000-0000-0000-0000-000000000001,2026-07-29T13:17:32.926Z,,
c35bbe8d-50a9-4326-b94b-48b44c504a18,87691d3d-94a8-4bfe-8a47-1b82053d5bff,3,0.00,draft,,,,2026-07-29T13:17:33.302Z,a0000000-0000-0000-0000-000000000001,2026-07-29T13:17:33.302Z,,
764d0967-a340-4129-8041-b5afb47094df,87691d3d-94a8-4bfe-8a47-1b82053d5bff,4,5000000.00,under_review,,,,2026-07-29T13:17:33.873Z,a0000000-0000-0000-0000-000000000001,2026-07-29T13:17:34.357Z,a0000000-0000-0000-0000-000000000001,
f98da00f-b552-462b-9869-43da5e50226d,87691d3d-94a8-4bfe-8a47-1b82053d5bff,5,0.00,draft,,,,2026-07-29T13:17:34.422Z,a0000000-0000-0000-0000-000000000001,2026-07-29T13:17:34.422Z,,
7b648927-cb26-47bd-bed8-620a8b72f643,87691d3d-94a8-4bfe-8a47-1b82053d5bff,9,5000000.00,approved,a0000000-0000-0000-0000-000000000001,2026-07-29T13:17:39.595Z,,2026-07-29T13:17:37.606Z,a0000000-0000-0000-0000-000000000001,2026-07-29T13:17:39.595Z,a0000000-0000-0000-0000-000000000001,
891f1b4e-53f8-4947-9ccf-e745b6af2b9a,87691d3d-94a8-4bfe-8a47-1b82053d5bff,10,5000000.00,draft,,,,2026-07-29T13:17:39.674Z,a0000000-0000-0000-0000-000000000001,2026-07-29T13:17:40.768Z,a0000000-0000-0000-0000-000000000001,
b7de397a-f825-4cb0-bf84-541eabab92a6,87691d3d-94a8-4bfe-8a47-1b82053d5bff,11,5000000.00,draft,,,,2026-07-29T13:17:40.846Z,a0000000-0000-0000-0000-000000000001,2026-07-29T13:17:41.961Z,a0000000-0000-0000-0000-000000000001,
f061376f-af94-4ef8-9cf1-5b834298392a,96ca9f04-7ccb-4086-ade4-194baef556b7,1,0.00,draft,,,,2026-07-29T13:20:53.391Z,a0000000-0000-0000-0000-000000000001,2026-07-29T13:20:53.391Z,,
442b1ed3-44f2-4960-a2e1-315821c1c7b4,96ca9f04-7ccb-4086-ade4-194baef556b7,2,12000000.00,draft,,,,2026-07-29T13:20:54.368Z,a0000000-0000-0000-0000-000000000001,2026-07-29T13:20:54.368Z,,
19461426-e22b-4496-ada8-fa84193ce48a,96ca9f04-7ccb-4086-ade4-194baef556b7,3,0.00,draft,,,,2026-07-29T13:20:54.711Z,a0000000-0000-0000-0000-000000000001,2026-07-29T13:20:54.711Z,,
54e0f2f5-d405-41f6-ae82-3a381ab0b8b3,96ca9f04-7ccb-4086-ade4-194baef556b7,4,5000000.00,under_review,,,,2026-07-29T13:20:55.206Z,a0000000-0000-0000-0000-000000000001,2026-07-29T13:20:55.566Z,a0000000-0000-0000-0000-000000000001,
307ea87d-23dd-4972-9f2a-3d5cd4b8277c,96ca9f04-7ccb-4086-ade4-194baef556b7,5,0.00,draft,,,,2026-07-29T13:20:55.631Z,a0000000-0000-0000-0000-000000000001,2026-07-29T13:20:55.631Z,,
413725cd-1ddb-42de-97cb-18b99a38888e,96ca9f04-7ccb-4086-ade4-194baef556b7,6,5000000.00,approved,a0000000-0000-0000-0000-000000000001,2026-07-29T13:20:57.615Z,,2026-07-29T13:20:56.136Z,a0000000-0000-0000-0000-000000000001,2026-07-29T13:20:57.615Z,a0000000-0000-0000-0000-000000000001,
190cf0dd-0b69-4a55-8fc4-0bbb3a2f6a99,96ca9f04-7ccb-4086-ade4-194baef556b7,7,5000000.00,under_review,,,,2026-07-29T13:20:57.670Z,a0000000-0000-0000-0000-000000000001,2026-07-29T13:20:58.168Z,a0000000-0000-0000-0000-000000000001,
70ed1fab-36a6-4a0d-8cf9-98f796d99c78,96ca9f04-7ccb-4086-ade4-194baef556b7,8,5000000.00,draft,,,,2026-07-29T13:20:58.450Z,a0000000-0000-0000-0000-000000000001,2026-07-29T13:20:58.450Z,,
d23aeae3-bb7f-4338-8ad7-2aae3a71272b,96ca9f04-7ccb-4086-ade4-194baef556b7,9,5000000.00,approved,a0000000-0000-0000-0000-000000000001,2026-07-29T13:21:00.702Z,,2026-07-29T13:20:58.923Z,a0000000-0000-0000-0000-000000000001,2026-07-29T13:21:00.702Z,a0000000-0000-0000-0000-000000000001,
faf5a208-f22e-4661-8fc1-30bcb07ebf28,96ca9f04-7ccb-4086-ade4-194baef556b7,10,5000000.00,draft,,,,2026-07-29T13:21:00.771Z,a0000000-0000-0000-0000-000000000001,2026-07-29T13:21:01.601Z,a0000000-0000-0000-0000-000000000001,
88d75526-77a1-4a13-8527-db6623c7a81b,96ca9f04-7ccb-4086-ade4-194baef556b7,11,5000000.00,draft,,,,2026-07-29T13:21:01.911Z,a0000000-0000-0000-0000-000000000001,2026-07-29T13:21:02.805Z,a0000000-0000-0000-0000-000000000001,
ee6e5e00-feb0-4127-8b74-46429b51d19d,653c1007-61ce-4177-9b86-b9ef6eacab73,6,5000000.00,approved,a0000000-0000-0000-0000-000000000001,2026-07-29T06:15:14.965Z,,2026-07-29T06:15:13.613Z,a0000000-0000-0000-0000-000000000001,2026-07-29T06:15:14.965Z,a0000000-0000-0000-0000-000000000001,
a6751a4c-8f4d-4b55-805c-6516d17b4dab,653c1007-61ce-4177-9b86-b9ef6eacab73,7,5000000.00,under_review,,,,2026-07-29T06:15:15.017Z,a0000000-0000-0000-0000-000000000001,2026-07-29T06:15:15.480Z,a0000000-0000-0000-0000-000000000001,
f8bbffec-2bfc-4bcd-9ec1-f843c73b16c7,653c1007-61ce-4177-9b86-b9ef6eacab73,8,5000000.00,draft,,,,2026-07-29T06:15:15.708Z,a0000000-0000-0000-0000-000000000001,2026-07-29T06:15:15.708Z,,
a90f08ea-7eb5-42ae-ab77-3b3a0137b7eb,653c1007-61ce-4177-9b86-b9ef6eacab73,9,5000000.00,approved,a0000000-0000-0000-0000-000000000001,2026-07-29T06:15:17.591Z,,2026-07-29T06:15:16.130Z,a0000000-0000-0000-0000-000000000001,2026-07-29T06:15:17.591Z,a0000000-0000-0000-0000-000000000001,
7834a226-7055-4baf-90ff-0c250567a5c1,653c1007-61ce-4177-9b86-b9ef6eacab73,10,5000000.00,draft,,,,2026-07-29T06:15:17.668Z,a0000000-0000-0000-0000-000000000001,2026-07-29T06:15:18.614Z,a0000000-0000-0000-0000-000000000001,
4727fcf6-a5a3-4dba-8fac-a7f8b1a427bb,653c1007-61ce-4177-9b86-b9ef6eacab73,11,5000000.00,draft,,,,2026-07-29T06:15:18.703Z,a0000000-0000-0000-0000-000000000001,2026-07-29T06:15:19.666Z,a0000000-0000-0000-0000-000000000001,
1470fbf7-2d08-4999-94c0-ff5ce84ab4ea,5478c5bd-0c4f-4f4f-aaae-9a302961daaa,1,0.00,draft,,,,2026-07-29T06:49:50.862Z,a0000000-0000-0000-0000-000000000001,2026-07-29T06:49:50.862Z,,
5544086a-d98d-4ce2-9ecd-82c64d5f8df9,c9081263-df8d-4262-9c86-482f0b7e5668,1,0.00,draft,,,,2026-07-29T06:27:39.207Z,a0000000-0000-0000-0000-000000000001,2026-07-29T06:27:39.207Z,,
914d8648-f619-4521-b589-c1e8b37f1761,c9081263-df8d-4262-9c86-482f0b7e5668,2,12000000.00,draft,,,,2026-07-29T06:27:40.437Z,a0000000-0000-0000-0000-000000000001,2026-07-29T06:27:40.437Z,,
fa5083cb-22ba-49d7-ac22-613dd2b0d9be,c9081263-df8d-4262-9c86-482f0b7e5668,3,0.00,draft,,,,2026-07-29T06:27:40.765Z,a0000000-0000-0000-0000-000000000001,2026-07-29T06:27:40.765Z,,
0de90d53-46d3-4bf6-9a69-70230d58e2ce,c9081263-df8d-4262-9c86-482f0b7e5668,4,5000000.00,under_review,,,,2026-07-29T06:27:41.194Z,a0000000-0000-0000-0000-000000000001,2026-07-29T06:27:41.602Z,a0000000-0000-0000-0000-000000000001,
b2921bb2-e983-416e-99e5-7e2a1e4cc234,c9081263-df8d-4262-9c86-482f0b7e5668,5,0.00,draft,,,,2026-07-29T06:27:41.657Z,a0000000-0000-0000-0000-000000000001,2026-07-29T06:27:41.657Z,,
8fa74b57-b518-4bf3-9ad7-00bae81e841e,c9081263-df8d-4262-9c86-482f0b7e5668,6,5000000.00,approved,a0000000-0000-0000-0000-000000000001,2026-07-29T06:27:43.086Z,,2026-07-29T06:27:42.000Z,a0000000-0000-0000-0000-000000000001,2026-07-29T06:27:43.086Z,a0000000-0000-0000-0000-000000000001,
b6552a86-37f8-4668-89fb-5221ceab75b1,c9081263-df8d-4262-9c86-482f0b7e5668,7,5000000.00,under_review,,,,2026-07-29T06:27:43.135Z,a0000000-0000-0000-0000-000000000001,2026-07-29T06:27:43.531Z,a0000000-0000-0000-0000-000000000001,
893f8bdf-4262-4b99-9418-1e84890dfaaa,c9081263-df8d-4262-9c86-482f0b7e5668,8,5000000.00,draft,,,,2026-07-29T06:27:43.765Z,a0000000-0000-0000-0000-000000000001,2026-07-29T06:27:43.765Z,,
7ecbccd1-56f1-4af9-a33c-ddc19d43885a,c9081263-df8d-4262-9c86-482f0b7e5668,9,5000000.00,approved,a0000000-0000-0000-0000-000000000001,2026-07-29T06:27:45.579Z,,2026-07-29T06:27:44.197Z,a0000000-0000-0000-0000-000000000001,2026-07-29T06:27:45.579Z,a0000000-0000-0000-0000-000000000001,
669e67e8-fcca-4fd7-992b-d82d00aaca52,c9081263-df8d-4262-9c86-482f0b7e5668,10,5000000.00,draft,,,,2026-07-29T06:27:45.652Z,a0000000-0000-0000-0000-000000000001,2026-07-29T06:27:46.574Z,a0000000-0000-0000-0000-000000000001,
3b77e996-7b71-49d3-9c73-baf147c21ad3,c9081263-df8d-4262-9c86-482f0b7e5668,11,5000000.00,draft,,,,2026-07-29T06:27:46.652Z,a0000000-0000-0000-0000-000000000001,2026-07-29T06:27:47.393Z,a0000000-0000-0000-0000-000000000001,
5649b003-dd2c-458c-981d-710180066cfc,27fc763c-9426-4acd-9f83-272ae08a9596,1,0.00,draft,,,,2026-07-29T06:33:54.189Z,a0000000-0000-0000-0000-000000000001,2026-07-29T06:33:54.189Z,,
40644c29-f505-462e-a8fa-590fab6fa7ce,27fc763c-9426-4acd-9f83-272ae08a9596,2,12000000.00,draft,,,,2026-07-29T06:33:54.787Z,a0000000-0000-0000-0000-000000000001,2026-07-29T06:33:54.787Z,,
54c87562-5ede-4833-b19f-95b108c94af0,27fc763c-9426-4acd-9f83-272ae08a9596,3,0.00,draft,,,,2026-07-29T06:33:55.094Z,a0000000-0000-0000-0000-000000000001,2026-07-29T06:33:55.094Z,,
0bce03c3-1a91-430d-bc1d-e6130b342c5d,27fc763c-9426-4acd-9f83-272ae08a9596,4,5000000.00,under_review,,,,2026-07-29T06:33:55.568Z,a0000000-0000-0000-0000-000000000001,2026-07-29T06:33:55.964Z,a0000000-0000-0000-0000-000000000001,
12b97b13-5f15-400a-898b-9772c9cdab53,27fc763c-9426-4acd-9f83-272ae08a9596,5,0.00,draft,,,,2026-07-29T06:33:56.042Z,a0000000-0000-0000-0000-000000000001,2026-07-29T06:33:56.042Z,,
521d2a30-a1c7-43a2-a843-11239086f514,27fc763c-9426-4acd-9f83-272ae08a9596,6,5000000.00,approved,a0000000-0000-0000-0000-000000000001,2026-07-29T06:33:57.494Z,,2026-07-29T06:33:56.411Z,a0000000-0000-0000-0000-000000000001,2026-07-29T06:33:57.494Z,a0000000-0000-0000-0000-000000000001,
d8ef223f-b320-4cbd-9f3f-17c2d31355ea,27fc763c-9426-4acd-9f83-272ae08a9596,7,5000000.00,under_review,,,,2026-07-29T06:33:57.547Z,a0000000-0000-0000-0000-000000000001,2026-07-29T06:33:57.939Z,a0000000-0000-0000-0000-000000000001,
e0cc8894-b1ad-4b72-9515-10206c5c1780,27fc763c-9426-4acd-9f83-272ae08a9596,8,5000000.00,draft,,,,2026-07-29T06:33:58.186Z,a0000000-0000-0000-0000-000000000001,2026-07-29T06:33:58.186Z,,
a48ed9d8-9d71-411a-a2ef-78dee84dd002,27fc763c-9426-4acd-9f83-272ae08a9596,9,5000000.00,approved,a0000000-0000-0000-0000-000000000001,2026-07-29T06:34:00.179Z,,2026-07-29T06:33:58.696Z,a0000000-0000-0000-0000-000000000001,2026-07-29T06:34:00.179Z,a0000000-0000-0000-0000-000000000001,
ceb2e5e3-411b-4165-808d-ed40ecc14992,27fc763c-9426-4acd-9f83-272ae08a9596,10,5000000.00,draft,,,,2026-07-29T06:34:00.268Z,a0000000-0000-0000-0000-000000000001,2026-07-29T06:34:01.065Z,a0000000-0000-0000-0000-000000000001,
90ee1868-3c9b-4175-831e-fa72a63ad176,27fc763c-9426-4acd-9f83-272ae08a9596,11,5000000.00,draft,,,,2026-07-29T06:34:01.142Z,a0000000-0000-0000-0000-000000000001,2026-07-29T06:34:02.036Z,a0000000-0000-0000-0000-000000000001,
07c36d73-1f33-4b2c-8af7-65e7f2f7241e,5478c5bd-0c4f-4f4f-aaae-9a302961daaa,2,12000000.00,draft,,,,2026-07-29T06:49:52.181Z,a0000000-0000-0000-0000-000000000001,2026-07-29T06:49:52.181Z,,
99040635-12c6-47ee-90d0-6519b40b3ecb,5478c5bd-0c4f-4f4f-aaae-9a302961daaa,3,0.00,draft,,,,2026-07-29T06:49:52.582Z,a0000000-0000-0000-0000-000000000001,2026-07-29T06:49:52.582Z,,
22ab7d03-b168-4677-839f-ce71d4f7a59f,5478c5bd-0c4f-4f4f-aaae-9a302961daaa,4,5000000.00,under_review,,,,2026-07-29T06:49:53.100Z,a0000000-0000-0000-0000-000000000001,2026-07-29T06:49:53.495Z,a0000000-0000-0000-0000-000000000001,
d6b6e153-380d-4046-a7b3-c1fa9fa1e538,5478c5bd-0c4f-4f4f-aaae-9a302961daaa,5,0.00,draft,,,,2026-07-29T06:49:53.552Z,a0000000-0000-0000-0000-000000000001,2026-07-29T06:49:53.552Z,,
ba6833c7-3963-49c7-9e3f-e8a0f67953c1,5478c5bd-0c4f-4f4f-aaae-9a302961daaa,6,5000000.00,approved,a0000000-0000-0000-0000-000000000001,2026-07-29T06:49:55.271Z,,2026-07-29T06:49:54.015Z,a0000000-0000-0000-0000-000000000001,2026-07-29T06:49:55.271Z,a0000000-0000-0000-0000-000000000001,
b50f45b3-94ee-4614-a8a9-26a7a22329dc,5478c5bd-0c4f-4f4f-aaae-9a302961daaa,7,5000000.00,under_review,,,,2026-07-29T06:49:55.321Z,a0000000-0000-0000-0000-000000000001,2026-07-29T06:49:55.709Z,a0000000-0000-0000-0000-000000000001,
35555143-e70c-42bb-a44d-c92aa38753e9,5478c5bd-0c4f-4f4f-aaae-9a302961daaa,8,5000000.00,draft,,,,2026-07-29T06:49:55.950Z,a0000000-0000-0000-0000-000000000001,2026-07-29T06:49:55.950Z,,
001c1b39-fb65-4826-81b7-4589b480f973,5478c5bd-0c4f-4f4f-aaae-9a302961daaa,9,5000000.00,approved,a0000000-0000-0000-0000-000000000001,2026-07-29T06:49:57.871Z,,2026-07-29T06:49:56.348Z,a0000000-0000-0000-0000-000000000001,2026-07-29T06:49:57.871Z,a0000000-0000-0000-0000-000000000001,
eef5c60e-b6e9-4503-b75e-759cbc225210,5478c5bd-0c4f-4f4f-aaae-9a302961daaa,10,5000000.00,draft,,,,2026-07-29T06:49:57.947Z,a0000000-0000-0000-0000-000000000001,2026-07-29T06:49:58.768Z,a0000000-0000-0000-0000-000000000001,
4284cabe-cc2c-4b9a-9e2f-56594c4a0d95,5478c5bd-0c4f-4f4f-aaae-9a302961daaa,11,5000000.00,draft,,,,2026-07-29T06:49:58.840Z,a0000000-0000-0000-0000-000000000001,2026-07-29T06:49:59.697Z,a0000000-0000-0000-0000-000000000001,
db80ef15-3ad0-4f64-a4dd-d4a8778187e7,7a6c95a0-9c54-40ba-930f-49ad278dd4ae,6,5000000.00,approved,a0000000-0000-0000-0000-000000000001,2026-07-29T06:58:41.752Z,,2026-07-29T06:58:40.329Z,a0000000-0000-0000-0000-000000000001,2026-07-29T06:58:41.752Z,a0000000-0000-0000-0000-000000000001,
ec974525-cde0-4348-8f90-e0cf2d22e896,7a6c95a0-9c54-40ba-930f-49ad278dd4ae,1,0.00,draft,,,,2026-07-29T06:58:30.574Z,a0000000-0000-0000-0000-000000000001,2026-07-29T06:58:30.574Z,,
0dbdde6f-8ab7-465c-a8f5-b800d983255d,7a6c95a0-9c54-40ba-930f-49ad278dd4ae,2,12000000.00,draft,,,,2026-07-29T06:58:38.817Z,a0000000-0000-0000-0000-000000000001,2026-07-29T06:58:38.817Z,,
1a3230b9-da79-4d70-909a-57e018dd5955,7a6c95a0-9c54-40ba-930f-49ad278dd4ae,3,0.00,draft,,,,2026-07-29T06:58:39.124Z,a0000000-0000-0000-0000-000000000001,2026-07-29T06:58:39.124Z,,
e22c42cf-1210-471d-8ba3-4ebfbc967fcb,7a6c95a0-9c54-40ba-930f-49ad278dd4ae,4,5000000.00,under_review,,,,2026-07-29T06:58:39.545Z,a0000000-0000-0000-0000-000000000001,2026-07-29T06:58:39.917Z,a0000000-0000-0000-0000-000000000001,
d3348ce0-36ea-469c-94db-e752e54b8a17,7a6c95a0-9c54-40ba-930f-49ad278dd4ae,5,0.00,draft,,,,2026-07-29T06:58:39.966Z,a0000000-0000-0000-0000-000000000001,2026-07-29T06:58:39.966Z,,
b5c98d89-ca2a-4ab0-9492-243887d182f8,7a6c95a0-9c54-40ba-930f-49ad278dd4ae,7,5000000.00,under_review,,,,2026-07-29T06:58:41.799Z,a0000000-0000-0000-0000-000000000001,2026-07-29T06:58:42.227Z,a0000000-0000-0000-0000-000000000001,
8f242f83-ecf8-4a67-a32a-3de33be099ed,7a6c95a0-9c54-40ba-930f-49ad278dd4ae,8,5000000.00,draft,,,,2026-07-29T06:58:42.467Z,a0000000-0000-0000-0000-000000000001,2026-07-29T06:58:42.467Z,,
fcb1efd0-a002-4317-b9fc-29967c5e1fbc,7a6c95a0-9c54-40ba-930f-49ad278dd4ae,9,5000000.00,approved,a0000000-0000-0000-0000-000000000001,2026-07-29T06:58:44.412Z,,2026-07-29T06:58:42.874Z,a0000000-0000-0000-0000-000000000001,2026-07-29T06:58:44.412Z,a0000000-0000-0000-0000-000000000001,
a39815f0-cd11-4bfd-9d60-70988e03de75,7a6c95a0-9c54-40ba-930f-49ad278dd4ae,10,5000000.00,draft,,,,2026-07-29T06:58:44.478Z,a0000000-0000-0000-0000-000000000001,2026-07-29T06:58:45.316Z,a0000000-0000-0000-0000-000000000001,
8e3c5be1-c8c8-48e4-970b-95079cbb47d4,7a6c95a0-9c54-40ba-930f-49ad278dd4ae,11,5000000.00,draft,,,,2026-07-29T06:58:45.380Z,a0000000-0000-0000-0000-000000000001,2026-07-29T06:58:46.210Z,a0000000-0000-0000-0000-000000000001,
4ef0fb14-b71f-49c8-b62c-5fe346fb5ed1,05358616-4984-4046-8064-e2fdd07221e7,1,0.00,draft,,,,2026-07-29T07:04:38.328Z,a0000000-0000-0000-0000-000000000001,2026-07-29T07:04:38.328Z,,
cd0c4e31-fa52-403a-95c8-5ef34f1ba4f8,05358616-4984-4046-8064-e2fdd07221e7,2,12000000.00,draft,,,,2026-07-29T07:04:39.898Z,a0000000-0000-0000-0000-000000000001,2026-07-29T07:04:39.898Z,,
b0d1a5af-c5ad-4ecc-836e-d42892bad416,05358616-4984-4046-8064-e2fdd07221e7,3,0.00,draft,,,,2026-07-29T07:04:40.362Z,a0000000-0000-0000-0000-000000000001,2026-07-29T07:04:40.362Z,,
ab6721c7-9fb8-43a0-879f-4db39fa71276,05358616-4984-4046-8064-e2fdd07221e7,4,5000000.00,under_review,,,,2026-07-29T07:04:40.809Z,a0000000-0000-0000-0000-000000000001,2026-07-29T07:04:41.199Z,a0000000-0000-0000-0000-000000000001,
275e6ec6-5636-4f59-84da-3f6b0e138d1f,05358616-4984-4046-8064-e2fdd07221e7,5,0.00,draft,,,,2026-07-29T07:04:41.260Z,a0000000-0000-0000-0000-000000000001,2026-07-29T07:04:41.260Z,,
baf06d65-fe72-425f-bed6-4976b570b5f4,05358616-4984-4046-8064-e2fdd07221e7,6,5000000.00,approved,a0000000-0000-0000-0000-000000000001,2026-07-29T07:04:43.174Z,,2026-07-29T07:04:41.708Z,a0000000-0000-0000-0000-000000000001,2026-07-29T07:04:43.174Z,a0000000-0000-0000-0000-000000000001,
0f0e78a1-4286-42f9-8029-42a0d0030aad,05358616-4984-4046-8064-e2fdd07221e7,7,5000000.00,under_review,,,,2026-07-29T07:04:43.230Z,a0000000-0000-0000-0000-000000000001,2026-07-29T07:04:43.724Z,a0000000-0000-0000-0000-000000000001,
0a329d1f-cfc8-4f3d-b619-f970cedfb926,05358616-4984-4046-8064-e2fdd07221e7,8,5000000.00,draft,,,,2026-07-29T07:04:43.962Z,a0000000-0000-0000-0000-000000000001,2026-07-29T07:04:43.962Z,,
4111045e-9919-4195-b7d3-c6f9c75b3ff8,05358616-4984-4046-8064-e2fdd07221e7,9,5000000.00,approved,a0000000-0000-0000-0000-000000000001,2026-07-29T07:04:45.977Z,,2026-07-29T07:04:44.389Z,a0000000-0000-0000-0000-000000000001,2026-07-29T07:04:45.977Z,a0000000-0000-0000-0000-000000000001,
aea984f7-194e-4e50-991d-a5d6a0c8ed7d,af4edac7-6fe5-4447-8b3c-4b90f83fb526,1,0.00,draft,,,,2026-07-29T09:49:54.423Z,a0000000-0000-0000-0000-000000000001,2026-07-29T09:49:54.423Z,,
3b9466c7-753e-48e1-856c-b6b73638fda2,af4edac7-6fe5-4447-8b3c-4b90f83fb526,2,12000000.00,draft,,,,2026-07-29T09:49:56.422Z,a0000000-0000-0000-0000-000000000001,2026-07-29T09:49:56.422Z,,
76e0f00c-bb19-4d76-aede-d442c54e8c2f,05358616-4984-4046-8064-e2fdd07221e7,10,5000000.00,draft,,,,2026-07-29T07:04:46.047Z,a0000000-0000-0000-0000-000000000001,2026-07-29T07:04:46.946Z,a0000000-0000-0000-0000-000000000001,
ebf3f25d-1175-4fa6-9735-749bfeb389fd,af4edac7-6fe5-4447-8b3c-4b90f83fb526,3,0.00,draft,,,,2026-07-29T09:49:56.927Z,a0000000-0000-0000-0000-000000000001,2026-07-29T09:49:56.927Z,,
e99f7a36-f7e0-452d-8fcc-f163dd051867,05358616-4984-4046-8064-e2fdd07221e7,11,5000000.00,draft,,,,2026-07-29T07:04:47.016Z,a0000000-0000-0000-0000-000000000001,2026-07-29T07:04:47.861Z,a0000000-0000-0000-0000-000000000001,
38ba6266-26b7-4d58-86a7-bf9d0b0b901b,af4edac7-6fe5-4447-8b3c-4b90f83fb526,4,5000000.00,under_review,,,,2026-07-29T09:49:57.401Z,a0000000-0000-0000-0000-000000000001,2026-07-29T09:49:57.768Z,a0000000-0000-0000-0000-000000000001,
1577ba3e-531f-4aa6-96d3-d03f4c3498f1,af4edac7-6fe5-4447-8b3c-4b90f83fb526,5,0.00,draft,,,,2026-07-29T09:49:57.820Z,a0000000-0000-0000-0000-000000000001,2026-07-29T09:49:57.820Z,,
1a9125a8-db8e-46db-a175-0aabef801f70,181ebe58-790f-4faa-bf27-e2b6620954e3,3,0.00,draft,,,,2026-07-29T07:49:13.951Z,a0000000-0000-0000-0000-000000000001,2026-07-29T07:49:13.951Z,,
71632b71-63b1-4c5c-abb9-c3e22459c2df,af4edac7-6fe5-4447-8b3c-4b90f83fb526,6,5000000.00,approved,a0000000-0000-0000-0000-000000000001,2026-07-29T09:49:59.569Z,,2026-07-29T09:49:58.349Z,a0000000-0000-0000-0000-000000000001,2026-07-29T09:49:59.569Z,a0000000-0000-0000-0000-000000000001,
119eeba6-664f-4de8-a314-92ba14465625,181ebe58-790f-4faa-bf27-e2b6620954e3,4,5000000.00,under_review,,,,2026-07-29T07:49:14.449Z,a0000000-0000-0000-0000-000000000001,2026-07-29T07:49:14.915Z,a0000000-0000-0000-0000-000000000001,
9e4c0c2c-0a5a-4ce9-967e-d5f9ec16e462,af4edac7-6fe5-4447-8b3c-4b90f83fb526,7,5000000.00,under_review,,,,2026-07-29T09:49:59.618Z,a0000000-0000-0000-0000-000000000001,2026-07-29T09:50:00.016Z,a0000000-0000-0000-0000-000000000001,
833b149d-d65f-4ce7-b601-b007531ee2d8,af4edac7-6fe5-4447-8b3c-4b90f83fb526,8,5000000.00,draft,,,,2026-07-29T09:50:00.348Z,a0000000-0000-0000-0000-000000000001,2026-07-29T09:50:00.348Z,,
3ad6b9e2-217c-4f13-b541-5619561143e7,181ebe58-790f-4faa-bf27-e2b6620954e3,5,0.00,draft,,,,2026-07-29T07:49:14.973Z,a0000000-0000-0000-0000-000000000001,2026-07-29T07:49:14.973Z,,
1428ad13-4e72-4993-9fa0-400b948851ff,9a9c0688-047a-4bdc-b3f7-ed066bc81b33,1,0.00,draft,,,,2026-07-29T07:28:34.278Z,a0000000-0000-0000-0000-000000000001,2026-07-29T07:28:34.278Z,,
8dd74ff3-05b4-49f3-ac44-1d7addb22f86,9a9c0688-047a-4bdc-b3f7-ed066bc81b33,2,12000000.00,draft,,,,2026-07-29T07:28:35.616Z,a0000000-0000-0000-0000-000000000001,2026-07-29T07:28:35.616Z,,
ad1a0fdc-330e-453a-9b7a-87ab9ac3372f,9a9c0688-047a-4bdc-b3f7-ed066bc81b33,3,0.00,draft,,,,2026-07-29T07:28:35.941Z,a0000000-0000-0000-0000-000000000001,2026-07-29T07:28:35.941Z,,
c02ef3fc-6c56-4c98-a7b2-cd1c7d11189b,af4edac7-6fe5-4447-8b3c-4b90f83fb526,9,5000000.00,approved,a0000000-0000-0000-0000-000000000001,2026-07-29T09:50:02.447Z,,2026-07-29T09:50:00.856Z,a0000000-0000-0000-0000-000000000001,2026-07-29T09:50:02.447Z,a0000000-0000-0000-0000-000000000001,
ce39e96d-d94f-4259-8b8d-d7a19f421d6d,9a9c0688-047a-4bdc-b3f7-ed066bc81b33,4,5000000.00,under_review,,,,2026-07-29T07:28:36.392Z,a0000000-0000-0000-0000-000000000001,2026-07-29T07:28:36.787Z,a0000000-0000-0000-0000-000000000001,
2df054ae-291d-435b-808d-5aac41f8199f,9a9c0688-047a-4bdc-b3f7-ed066bc81b33,5,0.00,draft,,,,2026-07-29T07:28:36.844Z,a0000000-0000-0000-0000-000000000001,2026-07-29T07:28:36.844Z,,
c978bb5e-f25b-440f-bf53-b466a30da9c1,9a9c0688-047a-4bdc-b3f7-ed066bc81b33,6,5000000.00,approved,a0000000-0000-0000-0000-000000000001,2026-07-29T07:28:38.699Z,,2026-07-29T07:28:37.305Z,a0000000-0000-0000-0000-000000000001,2026-07-29T07:28:38.699Z,a0000000-0000-0000-0000-000000000001,
e6c05980-30de-4741-b375-05511589e76b,af4edac7-6fe5-4447-8b3c-4b90f83fb526,10,5000000.00,draft,,,,2026-07-29T09:50:02.517Z,a0000000-0000-0000-0000-000000000001,2026-07-29T09:50:03.321Z,a0000000-0000-0000-0000-000000000001,
75c7697e-680a-44c5-890d-85aa3732145d,9a9c0688-047a-4bdc-b3f7-ed066bc81b33,7,5000000.00,under_review,,,,2026-07-29T07:28:38.749Z,a0000000-0000-0000-0000-000000000001,2026-07-29T07:28:39.164Z,a0000000-0000-0000-0000-000000000001,
b74f6cab-be16-4d2e-aa87-c74a9faab649,9a9c0688-047a-4bdc-b3f7-ed066bc81b33,8,5000000.00,draft,,,,2026-07-29T07:28:39.415Z,a0000000-0000-0000-0000-000000000001,2026-07-29T07:28:39.415Z,,
b0590542-7f5b-4d04-98b8-cbe033520824,9a9c0688-047a-4bdc-b3f7-ed066bc81b33,9,5000000.00,approved,a0000000-0000-0000-0000-000000000001,2026-07-29T07:28:41.489Z,,2026-07-29T07:28:39.862Z,a0000000-0000-0000-0000-000000000001,2026-07-29T07:28:41.489Z,a0000000-0000-0000-0000-000000000001,
b13f5715-72b8-42e5-903a-82ae73db7ca8,af4edac7-6fe5-4447-8b3c-4b90f83fb526,11,5000000.00,draft,,,,2026-07-29T09:50:03.393Z,a0000000-0000-0000-0000-000000000001,2026-07-29T09:50:04.281Z,a0000000-0000-0000-0000-000000000001,
7f92a9bd-203e-47c7-8c30-5c58c65c3179,9a9c0688-047a-4bdc-b3f7-ed066bc81b33,10,5000000.00,draft,,,,2026-07-29T07:28:41.561Z,a0000000-0000-0000-0000-000000000001,2026-07-29T07:28:42.433Z,a0000000-0000-0000-0000-000000000001,
ebb9de11-119c-4a17-b999-51f277de43aa,46cf9521-d0b0-446e-b811-ba75c4d5de68,1,0.00,draft,,,,2026-07-29T09:54:01.056Z,a0000000-0000-0000-0000-000000000001,2026-07-29T09:54:01.056Z,,
b2dbe89c-2a7b-44e4-8480-5f922403c7ff,9a9c0688-047a-4bdc-b3f7-ed066bc81b33,11,5000000.00,draft,,,,2026-07-29T07:28:42.506Z,a0000000-0000-0000-0000-000000000001,2026-07-29T07:28:43.355Z,a0000000-0000-0000-0000-000000000001,
8886d567-99f8-45e3-93ac-124e8af9f3a5,46cf9521-d0b0-446e-b811-ba75c4d5de68,2,12000000.00,draft,,,,2026-07-29T09:54:02.286Z,a0000000-0000-0000-0000-000000000001,2026-07-29T09:54:02.286Z,,
14a13877-d287-4499-9fd9-0f80569c67d8,46cf9521-d0b0-446e-b811-ba75c4d5de68,3,0.00,draft,,,,2026-07-29T09:54:02.642Z,a0000000-0000-0000-0000-000000000001,2026-07-29T09:54:02.642Z,,
96cb22d0-69f7-41e6-857d-98b325104284,181ebe58-790f-4faa-bf27-e2b6620954e3,6,5000000.00,approved,a0000000-0000-0000-0000-000000000001,2026-07-29T07:49:16.683Z,,2026-07-29T07:49:15.530Z,a0000000-0000-0000-0000-000000000001,2026-07-29T07:49:16.683Z,a0000000-0000-0000-0000-000000000001,
91bb1fb3-9e0e-42c8-9cc5-ca70eac6f18c,46cf9521-d0b0-446e-b811-ba75c4d5de68,4,5000000.00,under_review,,,,2026-07-29T09:54:03.113Z,a0000000-0000-0000-0000-000000000001,2026-07-29T09:54:03.503Z,a0000000-0000-0000-0000-000000000001,
b757ddb4-3a0e-4a9a-b047-6ad8d86233c9,46cf9521-d0b0-446e-b811-ba75c4d5de68,5,0.00,draft,,,,2026-07-29T09:54:03.566Z,a0000000-0000-0000-0000-000000000001,2026-07-29T09:54:03.566Z,,
0d2870f1-ec8f-422e-a7a2-8efb93a64ec9,181ebe58-790f-4faa-bf27-e2b6620954e3,1,0.00,draft,,,,2026-07-29T07:49:12.116Z,a0000000-0000-0000-0000-000000000001,2026-07-29T07:49:12.116Z,,
937dff68-c6bc-4d43-b1ec-e2e115bb0607,181ebe58-790f-4faa-bf27-e2b6620954e3,2,12000000.00,draft,,,,2026-07-29T07:49:13.592Z,a0000000-0000-0000-0000-000000000001,2026-07-29T07:49:13.592Z,,
332da4d5-c1ff-4627-83e1-35d90cf6ebac,181ebe58-790f-4faa-bf27-e2b6620954e3,7,5000000.00,under_review,,,,2026-07-29T07:49:16.742Z,a0000000-0000-0000-0000-000000000001,2026-07-29T07:49:17.099Z,a0000000-0000-0000-0000-000000000001,
1b1a6cf2-717d-45a0-812d-aaf2dc8a0a30,181ebe58-790f-4faa-bf27-e2b6620954e3,8,5000000.00,draft,,,,2026-07-29T07:49:17.342Z,a0000000-0000-0000-0000-000000000001,2026-07-29T07:49:17.342Z,,
fc7124a7-db50-4836-a8ec-6107ec972b5c,46cf9521-d0b0-446e-b811-ba75c4d5de68,6,5000000.00,approved,a0000000-0000-0000-0000-000000000001,2026-07-29T09:54:05.213Z,,2026-07-29T09:54:03.976Z,a0000000-0000-0000-0000-000000000001,2026-07-29T09:54:05.213Z,a0000000-0000-0000-0000-000000000001,
bba7358f-a5a6-45a2-bf0c-bb05c06a08f7,181ebe58-790f-4faa-bf27-e2b6620954e3,9,5000000.00,approved,a0000000-0000-0000-0000-000000000001,2026-07-29T07:49:19.541Z,,2026-07-29T07:49:17.798Z,a0000000-0000-0000-0000-000000000001,2026-07-29T07:49:19.541Z,a0000000-0000-0000-0000-000000000001,
590577ba-6308-48ab-a893-d68aba2d91d9,46cf9521-d0b0-446e-b811-ba75c4d5de68,7,5000000.00,under_review,,,,2026-07-29T09:54:05.263Z,a0000000-0000-0000-0000-000000000001,2026-07-29T09:54:05.620Z,a0000000-0000-0000-0000-000000000001,
7223e1cf-1e6e-4f0a-b0fa-af4edfa7ce58,46cf9521-d0b0-446e-b811-ba75c4d5de68,8,5000000.00,draft,,,,2026-07-29T09:54:05.868Z,a0000000-0000-0000-0000-000000000001,2026-07-29T09:54:05.868Z,,
9ed00ff5-9f58-4a70-9220-c267bf425701,181ebe58-790f-4faa-bf27-e2b6620954e3,10,5000000.00,draft,,,,2026-07-29T07:49:19.620Z,a0000000-0000-0000-0000-000000000001,2026-07-29T07:49:20.509Z,a0000000-0000-0000-0000-000000000001,
6e35246b-bbb8-4cc9-89e4-41f2348aaffe,181ebe58-790f-4faa-bf27-e2b6620954e3,11,5000000.00,draft,,,,2026-07-29T07:49:20.582Z,a0000000-0000-0000-0000-000000000001,2026-07-29T07:49:21.426Z,a0000000-0000-0000-0000-000000000001,
21cb3454-3e5e-48cb-9b1f-550ba3f0d0d6,46cf9521-d0b0-446e-b811-ba75c4d5de68,9,5000000.00,approved,a0000000-0000-0000-0000-000000000001,2026-07-29T09:54:07.731Z,,2026-07-29T09:54:06.331Z,a0000000-0000-0000-0000-000000000001,2026-07-29T09:54:07.731Z,a0000000-0000-0000-0000-000000000001,
6a58e2c2-164a-4fda-91ea-661cfc8aa4ce,3d022b54-c698-4e93-9b70-2a761fa19d1b,7,5000000.00,under_review,,,,2026-07-29T08:41:19.241Z,a0000000-0000-0000-0000-000000000001,2026-07-29T08:41:19.761Z,a0000000-0000-0000-0000-000000000001,
88ee795a-5d6b-479d-b427-32aee359d4c9,46cf9521-d0b0-446e-b811-ba75c4d5de68,10,5000000.00,draft,,,,2026-07-29T09:54:07.805Z,a0000000-0000-0000-0000-000000000001,2026-07-29T09:54:08.550Z,a0000000-0000-0000-0000-000000000001,
a738e803-24dd-41c1-9a1a-9a997f1abb51,3d022b54-c698-4e93-9b70-2a761fa19d1b,8,5000000.00,draft,,,,2026-07-29T08:41:19.994Z,a0000000-0000-0000-0000-000000000001,2026-07-29T08:41:19.994Z,,
114ee871-b15d-4c2b-a6ae-f0c0b6f95ea1,46cf9521-d0b0-446e-b811-ba75c4d5de68,11,5000000.00,draft,,,,2026-07-29T09:54:08.620Z,a0000000-0000-0000-0000-000000000001,2026-07-29T09:54:09.498Z,a0000000-0000-0000-0000-000000000001,
4898873b-1ba8-44b2-848a-8ea8d1f7d376,3d022b54-c698-4e93-9b70-2a761fa19d1b,1,0.00,draft,,,,2026-07-29T08:41:14.552Z,a0000000-0000-0000-0000-000000000001,2026-07-29T08:41:14.552Z,,
96a68710-96a7-4cde-8a98-e28b9b0a68ff,3d022b54-c698-4e93-9b70-2a761fa19d1b,2,12000000.00,draft,,,,2026-07-29T08:41:15.924Z,a0000000-0000-0000-0000-000000000001,2026-07-29T08:41:15.924Z,,
2071239d-7740-488b-a040-f842ef8fe21a,3d022b54-c698-4e93-9b70-2a761fa19d1b,3,0.00,draft,,,,2026-07-29T08:41:16.196Z,a0000000-0000-0000-0000-000000000001,2026-07-29T08:41:16.196Z,,
b201c113-7cc2-4075-9430-377c3c3a0795,3d022b54-c698-4e93-9b70-2a761fa19d1b,4,5000000.00,under_review,,,,2026-07-29T08:41:16.849Z,a0000000-0000-0000-0000-000000000001,2026-07-29T08:41:17.212Z,a0000000-0000-0000-0000-000000000001,
69e03411-d368-4884-89a4-d4b854335a29,3d022b54-c698-4e93-9b70-2a761fa19d1b,5,0.00,draft,,,,2026-07-29T08:41:17.265Z,a0000000-0000-0000-0000-000000000001,2026-07-29T08:41:17.265Z,,
53e06262-6894-4a13-8728-7371ea86d60f,de83e553-8841-4a88-ae93-2b811164f8a3,2,12000000.00,draft,,,,2026-07-29T10:44:19.519Z,a0000000-0000-0000-0000-000000000001,2026-07-29T10:44:19.519Z,,
0e60d8a2-5bff-4b71-9b8d-1a3c099c9db6,de83e553-8841-4a88-ae93-2b811164f8a3,1,0.00,draft,,,,2026-07-29T10:44:18.022Z,a0000000-0000-0000-0000-000000000001,2026-07-29T10:44:18.022Z,,
de6582b9-c020-4982-b2e8-2d155977d0f5,3d022b54-c698-4e93-9b70-2a761fa19d1b,6,5000000.00,approved,a0000000-0000-0000-0000-000000000001,2026-07-29T08:41:19.178Z,,2026-07-29T08:41:17.838Z,a0000000-0000-0000-0000-000000000001,2026-07-29T08:41:19.178Z,a0000000-0000-0000-0000-000000000001,
240217f7-2942-41a8-ae23-5f2af5d7f0ff,3d022b54-c698-4e93-9b70-2a761fa19d1b,9,5000000.00,approved,a0000000-0000-0000-0000-000000000001,2026-07-29T08:41:21.992Z,,2026-07-29T08:41:20.420Z,a0000000-0000-0000-0000-000000000001,2026-07-29T08:41:21.992Z,a0000000-0000-0000-0000-000000000001,
d4176215-436f-48e7-b52e-332368c19d3b,3d022b54-c698-4e93-9b70-2a761fa19d1b,10,5000000.00,draft,,,,2026-07-29T08:41:22.062Z,a0000000-0000-0000-0000-000000000001,2026-07-29T08:41:22.946Z,a0000000-0000-0000-0000-000000000001,
d0c07ece-630b-40d9-996f-f31e278eff56,3d022b54-c698-4e93-9b70-2a761fa19d1b,11,5000000.00,draft,,,,2026-07-29T08:41:23.011Z,a0000000-0000-0000-0000-000000000001,2026-07-29T08:41:23.816Z,a0000000-0000-0000-0000-000000000001,
32ba2335-ca1c-4bff-bddd-8ec9559bc483,57450790-1a38-41ec-b48f-9e33e19416f4,1,0.00,draft,,,,2026-07-29T13:24:18.532Z,a0000000-0000-0000-0000-000000000001,2026-07-29T13:24:18.532Z,,
a4331f6d-3931-4c0e-8c52-cf042f60b167,57450790-1a38-41ec-b48f-9e33e19416f4,2,12000000.00,draft,,,,2026-07-29T13:24:19.266Z,a0000000-0000-0000-0000-000000000001,2026-07-29T13:24:19.266Z,,
2813a1b0-0435-4824-a353-602b0bd2957d,57450790-1a38-41ec-b48f-9e33e19416f4,3,0.00,draft,,,,2026-07-29T13:24:19.616Z,a0000000-0000-0000-0000-000000000001,2026-07-29T13:24:19.616Z,,
a7e23d82-90a8-426c-8662-641f85cdd990,57450790-1a38-41ec-b48f-9e33e19416f4,4,5000000.00,under_review,,,,2026-07-29T13:24:20.190Z,a0000000-0000-0000-0000-000000000001,2026-07-29T13:24:20.710Z,a0000000-0000-0000-0000-000000000001,
017cd165-fbed-4a2b-98c1-f8c4cd6c5bd5,57450790-1a38-41ec-b48f-9e33e19416f4,5,0.00,draft,,,,2026-07-29T13:24:20.765Z,a0000000-0000-0000-0000-000000000001,2026-07-29T13:24:20.765Z,,
e5505f72-6ccd-488c-a513-c421da89b3c3,2bb43f17-9bbf-4d07-b203-614795da0a44,1,0.00,draft,,,,2026-07-29T15:43:33.882Z,a0000000-0000-0000-0000-000000000001,2026-07-29T15:43:33.882Z,,
6b6d6ec6-e4da-4456-bf2e-b4695da4a559,57450790-1a38-41ec-b48f-9e33e19416f4,6,5000000.00,approved,a0000000-0000-0000-0000-000000000001,2026-07-29T13:24:22.403Z,,2026-07-29T13:24:21.249Z,a0000000-0000-0000-0000-000000000001,2026-07-29T13:24:22.403Z,a0000000-0000-0000-0000-000000000001,
08809558-067d-4229-962e-4c94b84bd2bf,2bb43f17-9bbf-4d07-b203-614795da0a44,2,12000000.00,draft,,,,2026-07-29T15:43:35.162Z,a0000000-0000-0000-0000-000000000001,2026-07-29T15:43:35.162Z,,
09d3102c-443b-42ab-a525-2af52224de6b,57450790-1a38-41ec-b48f-9e33e19416f4,7,5000000.00,under_review,,,,2026-07-29T13:24:22.453Z,a0000000-0000-0000-0000-000000000001,2026-07-29T13:24:22.904Z,a0000000-0000-0000-0000-000000000001,
043e6d7b-076a-4062-a5df-0f3c2f917247,57450790-1a38-41ec-b48f-9e33e19416f4,8,5000000.00,draft,,,,2026-07-29T13:24:23.201Z,a0000000-0000-0000-0000-000000000001,2026-07-29T13:24:23.201Z,,
b38d8a38-7e57-4edb-aed7-a4c9c5100e60,2bb43f17-9bbf-4d07-b203-614795da0a44,3,0.00,draft,,,,2026-07-29T15:43:35.457Z,a0000000-0000-0000-0000-000000000001,2026-07-29T15:43:35.457Z,,
6b9be766-dcab-450c-aa51-2fb2d474a520,57450790-1a38-41ec-b48f-9e33e19416f4,9,5000000.00,approved,a0000000-0000-0000-0000-000000000001,2026-07-29T13:24:25.305Z,,2026-07-29T13:24:23.632Z,a0000000-0000-0000-0000-000000000001,2026-07-29T13:24:25.305Z,a0000000-0000-0000-0000-000000000001,
e25506be-d6fe-4119-a964-f4e7c8e7ea45,2bb43f17-9bbf-4d07-b203-614795da0a44,4,5000000.00,under_review,,,,2026-07-29T15:43:35.902Z,a0000000-0000-0000-0000-000000000001,2026-07-29T15:43:36.272Z,a0000000-0000-0000-0000-000000000001,
8764cfdc-deb9-4429-bdf9-b717d36beb27,2bb43f17-9bbf-4d07-b203-614795da0a44,5,0.00,draft,,,,2026-07-29T15:43:36.327Z,a0000000-0000-0000-0000-000000000001,2026-07-29T15:43:36.327Z,,
c7871dc0-764a-4f4f-9f15-5e665b1dd937,57450790-1a38-41ec-b48f-9e33e19416f4,10,5000000.00,draft,,,,2026-07-29T13:24:25.408Z,a0000000-0000-0000-0000-000000000001,2026-07-29T13:24:26.596Z,a0000000-0000-0000-0000-000000000001,
d6c7318f-2fe9-478e-8e3d-1fdce223679c,2bb43f17-9bbf-4d07-b203-614795da0a44,6,5000000.00,approved,a0000000-0000-0000-0000-000000000001,2026-07-29T15:43:37.801Z,,2026-07-29T15:43:36.688Z,a0000000-0000-0000-0000-000000000001,2026-07-29T15:43:37.801Z,a0000000-0000-0000-0000-000000000001,
8c8081ee-c6cd-454d-b85d-c87ca492bd04,57450790-1a38-41ec-b48f-9e33e19416f4,11,5000000.00,draft,,,,2026-07-29T13:24:26.669Z,a0000000-0000-0000-0000-000000000001,2026-07-29T13:24:27.556Z,a0000000-0000-0000-0000-000000000001,
3ecbfc6d-3775-4e09-905b-7d0a17749bce,2bb43f17-9bbf-4d07-b203-614795da0a44,7,5000000.00,under_review,,,,2026-07-29T15:43:37.850Z,a0000000-0000-0000-0000-000000000001,2026-07-29T15:43:38.259Z,a0000000-0000-0000-0000-000000000001,
83bc0984-9f02-4745-aa75-ce433ada63cf,2bb43f17-9bbf-4d07-b203-614795da0a44,8,5000000.00,draft,,,,2026-07-29T15:43:38.480Z,a0000000-0000-0000-0000-000000000001,2026-07-29T15:43:38.480Z,,
24002762-f8c5-412b-b3db-352f9b9d63d0,9f8afb10-2a08-4b4b-bc59-21b346e523d3,11,5000000.00,draft,,,,2026-07-29T13:27:28.507Z,a0000000-0000-0000-0000-000000000001,2026-07-29T13:27:29.437Z,a0000000-0000-0000-0000-000000000001,
0adda334-e58c-479f-804b-53149a93f583,2bb43f17-9bbf-4d07-b203-614795da0a44,9,5000000.00,approved,a0000000-0000-0000-0000-000000000001,2026-07-29T15:43:40.376Z,,2026-07-29T15:43:38.907Z,a0000000-0000-0000-0000-000000000001,2026-07-29T15:43:40.376Z,a0000000-0000-0000-0000-000000000001,
e27cdfeb-3e94-44c2-89ed-f40ac64a96b0,2bb43f17-9bbf-4d07-b203-614795da0a44,10,5000000.00,draft,,,,2026-07-29T15:43:40.448Z,a0000000-0000-0000-0000-000000000001,2026-07-29T15:43:41.305Z,a0000000-0000-0000-0000-000000000001,
b7af9dce-84d7-40ff-9ffc-a201fd4285c6,2bb43f17-9bbf-4d07-b203-614795da0a44,11,5000000.00,draft,,,,2026-07-29T15:43:41.379Z,a0000000-0000-0000-0000-000000000001,2026-07-29T15:43:42.305Z,a0000000-0000-0000-0000-000000000001,
eaad75f8-ff4f-4f11-901d-24583e23eaf2,9f8afb10-2a08-4b4b-bc59-21b346e523d3,1,0.00,draft,,,,2026-07-29T13:27:20.528Z,a0000000-0000-0000-0000-000000000001,2026-07-29T13:27:20.528Z,,
eb99452a-9828-428e-ac49-e96c50f3a57e,9f8afb10-2a08-4b4b-bc59-21b346e523d3,2,12000000.00,draft,,,,2026-07-29T13:27:21.186Z,a0000000-0000-0000-0000-000000000001,2026-07-29T13:27:21.186Z,,
cf9038db-6877-4f7e-9908-561c1b18f81c,9f8afb10-2a08-4b4b-bc59-21b346e523d3,3,0.00,draft,,,,2026-07-29T13:27:21.469Z,a0000000-0000-0000-0000-000000000001,2026-07-29T13:27:21.469Z,,
bc7c226d-25b4-4758-901b-adeb81a3b68b,9f8afb10-2a08-4b4b-bc59-21b346e523d3,4,5000000.00,under_review,,,,2026-07-29T13:27:21.903Z,a0000000-0000-0000-0000-000000000001,2026-07-29T13:27:22.291Z,a0000000-0000-0000-0000-000000000001,
41bc2197-a3fa-42a5-9be0-11872677a0f4,9f8afb10-2a08-4b4b-bc59-21b346e523d3,5,0.00,draft,,,,2026-07-29T13:27:22.353Z,a0000000-0000-0000-0000-000000000001,2026-07-29T13:27:22.353Z,,
bc85e84f-81cc-473a-886b-8c975b70607a,9f8afb10-2a08-4b4b-bc59-21b346e523d3,6,5000000.00,approved,a0000000-0000-0000-0000-000000000001,2026-07-29T13:27:24.120Z,,2026-07-29T13:27:22.785Z,a0000000-0000-0000-0000-000000000001,2026-07-29T13:27:24.120Z,a0000000-0000-0000-0000-000000000001,
aeacc044-49a1-4e87-bc12-fc13a83a26ef,9f8afb10-2a08-4b4b-bc59-21b346e523d3,7,5000000.00,under_review,,,,2026-07-29T13:27:24.172Z,a0000000-0000-0000-0000-000000000001,2026-07-29T13:27:24.620Z,a0000000-0000-0000-0000-000000000001,
bbad3642-236d-40f4-8ac9-a06a3596234d,9f8afb10-2a08-4b4b-bc59-21b346e523d3,8,5000000.00,draft,,,,2026-07-29T13:27:24.902Z,a0000000-0000-0000-0000-000000000001,2026-07-29T13:27:24.902Z,,
8bf57e34-9981-4078-86d7-4185c934ef4f,9f8afb10-2a08-4b4b-bc59-21b346e523d3,9,5000000.00,approved,a0000000-0000-0000-0000-000000000001,2026-07-29T13:27:27.230Z,,2026-07-29T13:27:25.450Z,a0000000-0000-0000-0000-000000000001,2026-07-29T13:27:27.230Z,a0000000-0000-0000-0000-000000000001,
b755aa45-b983-486e-9800-b757f4df4fce,9f8afb10-2a08-4b4b-bc59-21b346e523d3,10,5000000.00,draft,,,,2026-07-29T13:27:27.308Z,a0000000-0000-0000-0000-000000000001,2026-07-29T13:27:28.434Z,a0000000-0000-0000-0000-000000000001,
48df0450-e38f-460f-8669-5ece03dbe663,050877b4-2361-48c0-825a-f23823ad26c9,1,0.00,draft,,,,2026-07-29T16:24:19.531Z,a0000000-0000-0000-0000-000000000001,2026-07-29T16:24:19.531Z,,
8fbfb840-8c2f-4c21-b23f-5d49dff4b092,050877b4-2361-48c0-825a-f23823ad26c9,2,12000000.00,draft,,,,2026-07-29T16:24:22.102Z,a0000000-0000-0000-0000-000000000001,2026-07-29T16:24:22.102Z,,
fe458613-12e4-426c-a85f-e6ab81915d74,891e5efb-4485-46e9-8f8e-d0d66ebf082f,11,5000000.00,draft,,,,2026-07-29T14:45:22.929Z,a0000000-0000-0000-0000-000000000001,2026-07-29T14:45:23.903Z,a0000000-0000-0000-0000-000000000001,
ef5d0733-04d1-4cc4-b7f7-9ba55fa15b23,050877b4-2361-48c0-825a-f23823ad26c9,3,0.00,draft,,,,2026-07-29T16:24:22.376Z,a0000000-0000-0000-0000-000000000001,2026-07-29T16:24:22.376Z,,
c3ce9783-d442-4c4f-95ac-a4324ea04477,050877b4-2361-48c0-825a-f23823ad26c9,5,0.00,draft,,,,2026-07-29T16:24:23.263Z,a0000000-0000-0000-0000-000000000001,2026-07-29T16:24:23.263Z,,
a15e86de-a2cc-4b50-8fc6-d9b2f50afb96,050877b4-2361-48c0-825a-f23823ad26c9,8,5000000.00,draft,,,,2026-07-29T16:24:26.124Z,a0000000-0000-0000-0000-000000000001,2026-07-29T16:24:26.124Z,,
e813d69c-4603-40d3-beb3-b7a7fcbd223e,891e5efb-4485-46e9-8f8e-d0d66ebf082f,1,0.00,draft,,,,2026-07-29T14:45:13.748Z,a0000000-0000-0000-0000-000000000001,2026-07-29T14:45:13.748Z,,
f91e538c-103d-4b2d-b958-4d7d331a2332,891e5efb-4485-46e9-8f8e-d0d66ebf082f,2,12000000.00,draft,,,,2026-07-29T14:45:15.165Z,a0000000-0000-0000-0000-000000000001,2026-07-29T14:45:15.165Z,,
9b77a856-d07f-4264-ba33-6501be4b8c99,891e5efb-4485-46e9-8f8e-d0d66ebf082f,3,0.00,draft,,,,2026-07-29T14:45:15.597Z,a0000000-0000-0000-0000-000000000001,2026-07-29T14:45:15.597Z,,
6308429c-e7df-4a7c-99dd-1a273908859f,891e5efb-4485-46e9-8f8e-d0d66ebf082f,4,5000000.00,under_review,,,,2026-07-29T14:45:16.124Z,a0000000-0000-0000-0000-000000000001,2026-07-29T14:45:16.629Z,a0000000-0000-0000-0000-000000000001,
dcf7e816-b543-440e-9874-339466be6604,891e5efb-4485-46e9-8f8e-d0d66ebf082f,5,0.00,draft,,,,2026-07-29T14:45:16.688Z,a0000000-0000-0000-0000-000000000001,2026-07-29T14:45:16.688Z,,
c987f887-bef7-4599-a2a6-4182c8205a53,891e5efb-4485-46e9-8f8e-d0d66ebf082f,6,5000000.00,approved,a0000000-0000-0000-0000-000000000001,2026-07-29T14:45:18.521Z,,2026-07-29T14:45:17.119Z,a0000000-0000-0000-0000-000000000001,2026-07-29T14:45:18.521Z,a0000000-0000-0000-0000-000000000001,
e7054b2b-e5fd-4fb5-a116-a6b406c6aab5,891e5efb-4485-46e9-8f8e-d0d66ebf082f,7,5000000.00,under_review,,,,2026-07-29T14:45:18.573Z,a0000000-0000-0000-0000-000000000001,2026-07-29T14:45:19.031Z,a0000000-0000-0000-0000-000000000001,
29d551df-6455-400e-8e5f-08616affcec5,891e5efb-4485-46e9-8f8e-d0d66ebf082f,8,5000000.00,draft,,,,2026-07-29T14:45:19.378Z,a0000000-0000-0000-0000-000000000001,2026-07-29T14:45:19.378Z,,
15dd5bbf-2fdf-4a2b-bbc0-7d2ed7970127,891e5efb-4485-46e9-8f8e-d0d66ebf082f,9,5000000.00,approved,a0000000-0000-0000-0000-000000000001,2026-07-29T14:45:21.510Z,,2026-07-29T14:45:19.857Z,a0000000-0000-0000-0000-000000000001,2026-07-29T14:45:21.510Z,a0000000-0000-0000-0000-000000000001,
9fcd68e4-1fdd-45d3-aeb8-59c392242bdf,891e5efb-4485-46e9-8f8e-d0d66ebf082f,10,5000000.00,draft,,,,2026-07-29T14:45:21.588Z,a0000000-0000-0000-0000-000000000001,2026-07-29T14:45:22.849Z,a0000000-0000-0000-0000-000000000001,
7a5980c2-14cf-4f54-9b4b-bfa271670802,ea4bb4d9-b909-4e1d-a55b-2a269e06a186,6,5000000.00,approved,a0000000-0000-0000-0000-000000000001,2026-07-29T15:27:54.461Z,,2026-07-29T15:27:53.216Z,a0000000-0000-0000-0000-000000000001,2026-07-29T15:27:54.461Z,a0000000-0000-0000-0000-000000000001,
be23c6ec-6b52-4d4c-9868-eacf03c561d1,ea4bb4d9-b909-4e1d-a55b-2a269e06a186,7,5000000.00,under_review,,,,2026-07-29T15:27:54.510Z,a0000000-0000-0000-0000-000000000001,2026-07-29T15:27:54.866Z,a0000000-0000-0000-0000-000000000001,
71ee516d-20ae-46cf-84b1-acbdd0040ac8,ea4bb4d9-b909-4e1d-a55b-2a269e06a186,1,0.00,draft,,,,2026-07-29T15:27:49.281Z,a0000000-0000-0000-0000-000000000001,2026-07-29T15:27:49.281Z,,
abc38369-62ec-4d3e-8bf9-8e9c690806cb,ea4bb4d9-b909-4e1d-a55b-2a269e06a186,2,12000000.00,draft,,,,2026-07-29T15:27:51.590Z,a0000000-0000-0000-0000-000000000001,2026-07-29T15:27:51.590Z,,
38a8bcbc-7206-4606-ac56-45e65bd5cf31,ea4bb4d9-b909-4e1d-a55b-2a269e06a186,3,0.00,draft,,,,2026-07-29T15:27:51.925Z,a0000000-0000-0000-0000-000000000001,2026-07-29T15:27:51.925Z,,
7cf99420-d813-41a6-b7db-0b0a1d7b661c,ea4bb4d9-b909-4e1d-a55b-2a269e06a186,4,5000000.00,under_review,,,,2026-07-29T15:27:52.390Z,a0000000-0000-0000-0000-000000000001,2026-07-29T15:27:52.812Z,a0000000-0000-0000-0000-000000000001,
244ef1cf-d2b2-4e80-90f4-79c7ebe7b689,ea4bb4d9-b909-4e1d-a55b-2a269e06a186,5,0.00,draft,,,,2026-07-29T15:27:52.866Z,a0000000-0000-0000-0000-000000000001,2026-07-29T15:27:52.866Z,,
9b3570a1-72ff-49ba-8d91-83674d6815bf,ea4bb4d9-b909-4e1d-a55b-2a269e06a186,8,5000000.00,draft,,,,2026-07-29T15:27:55.085Z,a0000000-0000-0000-0000-000000000001,2026-07-29T15:27:55.085Z,,
31102079-29c1-482f-aa67-da1094e48285,ea4bb4d9-b909-4e1d-a55b-2a269e06a186,9,5000000.00,approved,a0000000-0000-0000-0000-000000000001,2026-07-29T15:27:56.882Z,,2026-07-29T15:27:55.551Z,a0000000-0000-0000-0000-000000000001,2026-07-29T15:27:56.882Z,a0000000-0000-0000-0000-000000000001,
99f43c53-ad87-4130-adcf-5da86f69862f,ea4bb4d9-b909-4e1d-a55b-2a269e06a186,10,5000000.00,draft,,,,2026-07-29T15:27:56.951Z,a0000000-0000-0000-0000-000000000001,2026-07-29T15:27:57.826Z,a0000000-0000-0000-0000-000000000001,
2574dc13-508b-4348-b087-96e564526ffd,ea4bb4d9-b909-4e1d-a55b-2a269e06a186,11,5000000.00,draft,,,,2026-07-29T15:27:57.898Z,a0000000-0000-0000-0000-000000000001,2026-07-29T15:27:58.683Z,a0000000-0000-0000-0000-000000000001,
45f6a05b-7a4a-47b5-903a-c23406d1c60e,050877b4-2361-48c0-825a-f23823ad26c9,4,5000000.00,under_review,,,,2026-07-29T16:24:22.780Z,a0000000-0000-0000-0000-000000000001,2026-07-29T16:24:23.203Z,a0000000-0000-0000-0000-000000000001,
4f15d1ef-8171-4c5b-91ec-c299c5bc2909,4b39306c-f83c-4d6f-914b-f343f4d3901c,3,0.00,draft,,,,2026-07-31T13:44:04.227Z,a0000000-0000-0000-0000-000000000001,2026-07-31T13:44:04.227Z,,
32f6d019-ed65-4ae9-927c-6915b4812189,050877b4-2361-48c0-825a-f23823ad26c9,6,5000000.00,approved,a0000000-0000-0000-0000-000000000001,2026-07-29T16:24:25.397Z,,2026-07-29T16:24:23.731Z,a0000000-0000-0000-0000-000000000001,2026-07-29T16:24:25.397Z,a0000000-0000-0000-0000-000000000001,
168e7ce2-e363-4e0a-9162-14bfb4d9d091,050877b4-2361-48c0-825a-f23823ad26c9,7,5000000.00,under_review,,,,2026-07-29T16:24:25.450Z,a0000000-0000-0000-0000-000000000001,2026-07-29T16:24:25.845Z,a0000000-0000-0000-0000-000000000001,
8b6b9442-278e-4237-8e3b-4d0c0b17989e,4b39306c-f83c-4d6f-914b-f343f4d3901c,4,5000000.00,under_review,,,,2026-07-31T13:44:04.679Z,a0000000-0000-0000-0000-000000000001,2026-07-31T13:44:05.110Z,a0000000-0000-0000-0000-000000000001,
ce503e79-73ca-42d8-9d72-cd9db151fad1,4b39306c-f83c-4d6f-914b-f343f4d3901c,5,0.00,draft,,,,2026-07-31T13:44:05.168Z,a0000000-0000-0000-0000-000000000001,2026-07-31T13:44:05.168Z,,
e7fae91c-6ab9-42bf-8ab6-f1622bec7497,4b39306c-f83c-4d6f-914b-f343f4d3901c,6,5000000.00,approved,a0000000-0000-0000-0000-000000000001,2026-07-31T13:44:06.967Z,,2026-07-31T13:44:05.879Z,a0000000-0000-0000-0000-000000000001,2026-07-31T13:44:06.967Z,a0000000-0000-0000-0000-000000000001,
5b4b7902-4d0d-4090-8242-6edb10872114,4b39306c-f83c-4d6f-914b-f343f4d3901c,7,5000000.00,under_review,,,,2026-07-31T13:44:07.017Z,a0000000-0000-0000-0000-000000000001,2026-07-31T13:44:07.389Z,a0000000-0000-0000-0000-000000000001,
83815efb-6343-4358-ae10-6ceae69b9c83,4b39306c-f83c-4d6f-914b-f343f4d3901c,8,5000000.00,draft,,,,2026-07-31T13:44:07.648Z,a0000000-0000-0000-0000-000000000001,2026-07-31T13:44:07.648Z,,
a5ca99b6-db8f-4987-9b00-a907f4199a36,4b39306c-f83c-4d6f-914b-f343f4d3901c,9,5000000.00,approved,a0000000-0000-0000-0000-000000000001,2026-07-31T13:44:09.684Z,,2026-07-31T13:44:08.118Z,a0000000-0000-0000-0000-000000000001,2026-07-31T13:44:09.684Z,a0000000-0000-0000-0000-000000000001,
dac66956-ec91-45df-b9ad-7f39590307e2,4b39306c-f83c-4d6f-914b-f343f4d3901c,10,5000000.00,draft,,,,2026-07-31T13:44:09.756Z,a0000000-0000-0000-0000-000000000001,2026-07-31T13:44:10.682Z,a0000000-0000-0000-0000-000000000001,
3df7e37e-560f-4a4c-89a1-5d7933db5a7a,4b39306c-f83c-4d6f-914b-f343f4d3901c,11,5000000.00,draft,,,,2026-07-31T13:44:10.751Z,a0000000-0000-0000-0000-000000000001,2026-07-31T13:44:11.635Z,a0000000-0000-0000-0000-000000000001,
fe34dfa5-22fd-4b06-b54b-eb51225eb119,a2f8fce5-c3f9-4e94-888a-6dcc53fe95ec,1,0.00,draft,,,,2026-07-31T14:43:04.007Z,a0000000-0000-0000-0000-000000000001,2026-07-31T14:43:04.007Z,,
ee4b897e-1b9c-46cb-bdd5-5c19f07b904b,a2f8fce5-c3f9-4e94-888a-6dcc53fe95ec,2,12000000.00,draft,,,,2026-07-31T14:43:04.540Z,a0000000-0000-0000-0000-000000000001,2026-07-31T14:43:04.540Z,,
7f71cce6-98a8-4698-9b24-132ed2744f1d,a2f8fce5-c3f9-4e94-888a-6dcc53fe95ec,3,0.00,draft,,,,2026-07-31T14:43:04.812Z,a0000000-0000-0000-0000-000000000001,2026-07-31T14:43:04.812Z,,
fc4cddc5-c6f2-4be3-86b7-d1560015be68,a2f8fce5-c3f9-4e94-888a-6dcc53fe95ec,4,5000000.00,under_review,,,,2026-07-31T14:43:05.223Z,a0000000-0000-0000-0000-000000000001,2026-07-31T14:43:05.571Z,a0000000-0000-0000-0000-000000000001,
18adce89-043c-4f08-acc3-50e198745056,a2f8fce5-c3f9-4e94-888a-6dcc53fe95ec,5,0.00,draft,,,,2026-07-31T14:43:05.620Z,a0000000-0000-0000-0000-000000000001,2026-07-31T14:43:05.620Z,,
1c12f9ef-2a6c-44e7-989f-3fcaddf2c51e,a2f8fce5-c3f9-4e94-888a-6dcc53fe95ec,6,5000000.00,approved,a0000000-0000-0000-0000-000000000001,2026-07-31T14:43:08.037Z,,2026-07-31T14:43:06.862Z,a0000000-0000-0000-0000-000000000001,2026-07-31T14:43:08.037Z,a0000000-0000-0000-0000-000000000001,
6daea61e-9a81-4b28-9396-e727a448310a,a2f8fce5-c3f9-4e94-888a-6dcc53fe95ec,7,5000000.00,under_review,,,,2026-07-31T14:43:08.085Z,a0000000-0000-0000-0000-000000000001,2026-07-31T14:43:08.476Z,a0000000-0000-0000-0000-000000000001,
dfb0cd8d-8141-4ee5-bb88-b9c47acf15e4,a2f8fce5-c3f9-4e94-888a-6dcc53fe95ec,8,5000000.00,draft,,,,2026-07-31T14:43:08.707Z,a0000000-0000-0000-0000-000000000001,2026-07-31T14:43:08.707Z,,
2b2e516e-c206-4f7d-8c00-b5d25eff6f9d,a2f8fce5-c3f9-4e94-888a-6dcc53fe95ec,9,5000000.00,approved,a0000000-0000-0000-0000-000000000001,2026-07-31T14:43:10.878Z,,2026-07-31T14:43:09.198Z,a0000000-0000-0000-0000-000000000001,2026-07-31T14:43:10.878Z,a0000000-0000-0000-0000-000000000001,
7dfce7c9-87e4-4e1e-892a-c204480c5ad8,a2f8fce5-c3f9-4e94-888a-6dcc53fe95ec,10,5000000.00,draft,,,,2026-07-31T14:43:10.948Z,a0000000-0000-0000-0000-000000000001,2026-07-31T14:43:11.730Z,a0000000-0000-0000-0000-000000000001,
2831ff81-f3b9-4aa6-9f38-14c080c13545,a2f8fce5-c3f9-4e94-888a-6dcc53fe95ec,11,5000000.00,draft,,,,2026-07-31T14:43:11.795Z,a0000000-0000-0000-0000-000000000001,2026-07-31T14:43:12.597Z,a0000000-0000-0000-0000-000000000001,
8fd3236d-3ef8-4b27-9e2c-02ce03c1351c,d761e2fe-f828-4301-b44a-dc378ba94187,1,0.00,draft,,,,2026-07-31T15:18:43.506Z,a0000000-0000-0000-0000-000000000001,2026-07-31T15:18:43.506Z,,
e2440653-4a22-435a-8480-c3dd28c849da,d761e2fe-f828-4301-b44a-dc378ba94187,2,12000000.00,draft,,,,2026-07-31T15:18:44.092Z,a0000000-0000-0000-0000-000000000001,2026-07-31T15:18:44.092Z,,
41ade44d-dfe5-4cd5-97a8-ed42af2659fe,d761e2fe-f828-4301-b44a-dc378ba94187,3,0.00,draft,,,,2026-07-31T15:18:44.388Z,a0000000-0000-0000-0000-000000000001,2026-07-31T15:18:44.388Z,,
c19f1b0d-34e0-47ef-aae1-dd2593bcd8d3,d761e2fe-f828-4301-b44a-dc378ba94187,4,5000000.00,under_review,,,,2026-07-31T15:18:44.906Z,a0000000-0000-0000-0000-000000000001,2026-07-31T15:18:45.350Z,a0000000-0000-0000-0000-000000000001,
f1ad08a3-8223-46af-a44c-9264acbe54df,d761e2fe-f828-4301-b44a-dc378ba94187,5,0.00,draft,,,,2026-07-31T15:18:45.410Z,a0000000-0000-0000-0000-000000000001,2026-07-31T15:18:45.410Z,,
9866cde8-d219-4601-bc32-32d9d314a156,d761e2fe-f828-4301-b44a-dc378ba94187,6,5000000.00,approved,a0000000-0000-0000-0000-000000000001,2026-07-31T15:18:47.126Z,,2026-07-31T15:18:45.797Z,a0000000-0000-0000-0000-000000000001,2026-07-31T15:18:47.126Z,a0000000-0000-0000-0000-000000000001,
9e6310e6-16cb-48c6-aff9-4e39f598b165,d761e2fe-f828-4301-b44a-dc378ba94187,7,5000000.00,under_review,,,,2026-07-31T15:18:47.178Z,a0000000-0000-0000-0000-000000000001,2026-07-31T15:18:47.551Z,a0000000-0000-0000-0000-000000000001,
cee3bdb9-674e-46ee-9fdc-f1866be71c28,d761e2fe-f828-4301-b44a-dc378ba94187,8,5000000.00,draft,,,,2026-07-31T15:18:47.872Z,a0000000-0000-0000-0000-000000000001,2026-07-31T15:18:47.872Z,,
0dd86836-5b11-4133-a009-56c53bcdd229,d761e2fe-f828-4301-b44a-dc378ba94187,9,5000000.00,approved,a0000000-0000-0000-0000-000000000001,2026-07-31T15:18:50.098Z,,2026-07-31T15:18:48.289Z,a0000000-0000-0000-0000-000000000001,2026-07-31T15:18:50.098Z,a0000000-0000-0000-0000-000000000001,
e7f5f939-c029-4156-baf0-6c5fb5f0dbf8,d761e2fe-f828-4301-b44a-dc378ba94187,10,5000000.00,draft,,,,2026-07-31T15:18:50.173Z,a0000000-0000-0000-0000-000000000001,2026-07-31T15:18:51.033Z,a0000000-0000-0000-0000-000000000001,
a49002d3-9404-4527-b11f-0e6cb992f0a8,d761e2fe-f828-4301-b44a-dc378ba94187,11,5000000.00,draft,,,,2026-07-31T15:18:51.107Z,a0000000-0000-0000-0000-000000000001,2026-07-31T15:18:52.052Z,a0000000-0000-0000-0000-000000000001,
47474e2e-543f-4ac3-8422-aef3e5b54d21,58d9e7aa-8df2-4d55-865b-15d9cbd42c63,1,0.00,draft,,,,2026-07-31T15:25:21.615Z,a0000000-0000-0000-0000-000000000001,2026-07-31T15:25:21.615Z,,
c15eacae-6d79-4fcc-b8a1-52b5cff65a5b,58d9e7aa-8df2-4d55-865b-15d9cbd42c63,2,12000000.00,draft,,,,2026-07-31T15:25:22.143Z,a0000000-0000-0000-0000-000000000001,2026-07-31T15:25:22.143Z,,
4e8f5624-d69f-4ae6-ba6c-17f84961b510,58d9e7aa-8df2-4d55-865b-15d9cbd42c63,3,0.00,draft,,,,2026-07-31T15:25:22.415Z,a0000000-0000-0000-0000-000000000001,2026-07-31T15:25:22.415Z,,
61efa42a-f583-4c2c-91b5-78c0eb469f15,58d9e7aa-8df2-4d55-865b-15d9cbd42c63,4,5000000.00,under_review,,,,2026-07-31T15:25:22.867Z,a0000000-0000-0000-0000-000000000001,2026-07-31T15:25:23.231Z,a0000000-0000-0000-0000-000000000001,
dd2a84ea-f513-43dc-95cb-ce646e478515,58d9e7aa-8df2-4d55-865b-15d9cbd42c63,5,0.00,draft,,,,2026-07-31T15:25:23.281Z,a0000000-0000-0000-0000-000000000001,2026-07-31T15:25:23.281Z,,
c6ddac4b-3f35-4151-8cfa-212f09bb09f7,58d9e7aa-8df2-4d55-865b-15d9cbd42c63,6,5000000.00,approved,a0000000-0000-0000-0000-000000000001,2026-07-31T15:25:24.928Z,,2026-07-31T15:25:23.653Z,a0000000-0000-0000-0000-000000000001,2026-07-31T15:25:24.928Z,a0000000-0000-0000-0000-000000000001,
713d818f-1741-4199-8c59-a6335ecf93b9,58d9e7aa-8df2-4d55-865b-15d9cbd42c63,7,5000000.00,under_review,,,,2026-07-31T15:25:24.991Z,a0000000-0000-0000-0000-000000000001,2026-07-31T15:25:25.440Z,a0000000-0000-0000-0000-000000000001,
a6938a1d-57ff-4708-b700-f7df8cbf30a4,58d9e7aa-8df2-4d55-865b-15d9cbd42c63,8,5000000.00,draft,,,,2026-07-31T15:25:25.847Z,a0000000-0000-0000-0000-000000000001,2026-07-31T15:25:25.847Z,,
74881568-7e39-4c6f-86f0-b761f86dc6df,58d9e7aa-8df2-4d55-865b-15d9cbd42c63,9,5000000.00,approved,a0000000-0000-0000-0000-000000000001,2026-07-31T15:25:27.798Z,,2026-07-31T15:25:26.292Z,a0000000-0000-0000-0000-000000000001,2026-07-31T15:25:27.798Z,a0000000-0000-0000-0000-000000000001,
02c9a188-bbe7-4529-95fc-8d06bbe711f0,58d9e7aa-8df2-4d55-865b-15d9cbd42c63,10,5000000.00,draft,,,,2026-07-31T15:25:27.871Z,a0000000-0000-0000-0000-000000000001,2026-07-31T15:25:28.744Z,a0000000-0000-0000-0000-000000000001,
a67318fd-4ef4-474b-b92f-ad2b024ab8f6,58d9e7aa-8df2-4d55-865b-15d9cbd42c63,11,5000000.00,draft,,,,2026-07-31T15:25:28.813Z,a0000000-0000-0000-0000-000000000001,2026-07-31T15:25:29.764Z,a0000000-0000-0000-0000-000000000001,
93216dd0-9bdf-408b-8058-df2617bae624,88cb20bc-fe65-4430-a857-6f95debd707a,1,0.00,draft,,,,2026-07-31T16:16:44.543Z,a0000000-0000-0000-0000-000000000001,2026-07-31T16:16:44.543Z,,
f64ac478-bcff-4040-8315-2cdcdc136ce1,88cb20bc-fe65-4430-a857-6f95debd707a,2,12000000.00,draft,,,,2026-07-31T16:16:45.075Z,a0000000-0000-0000-0000-000000000001,2026-07-31T16:16:45.075Z,,
4c612bcb-3cd6-43be-b616-6982fb9dabde,88cb20bc-fe65-4430-a857-6f95debd707a,3,0.00,draft,,,,2026-07-31T16:16:45.396Z,a0000000-0000-0000-0000-000000000001,2026-07-31T16:16:45.396Z,,
0f523e24-ccb3-41d6-90cd-8fdbb891f262,88cb20bc-fe65-4430-a857-6f95debd707a,4,5000000.00,under_review,,,,2026-07-31T16:16:45.882Z,a0000000-0000-0000-0000-000000000001,2026-07-31T16:16:46.282Z,a0000000-0000-0000-0000-000000000001,
ae998bfc-3b03-4895-adc3-708c63251bdf,88cb20bc-fe65-4430-a857-6f95debd707a,5,0.00,draft,,,,2026-07-31T16:16:46.336Z,a0000000-0000-0000-0000-000000000001,2026-07-31T16:16:46.336Z,,
333f8f72-b92f-4859-92c3-bb02334ce350,88cb20bc-fe65-4430-a857-6f95debd707a,6,5000000.00,approved,a0000000-0000-0000-0000-000000000001,2026-07-31T16:16:47.785Z,,2026-07-31T16:16:46.658Z,a0000000-0000-0000-0000-000000000001,2026-07-31T16:16:47.785Z,a0000000-0000-0000-0000-000000000001,
f0efbffe-94aa-427b-a2ca-d8a9a9228bf9,88cb20bc-fe65-4430-a857-6f95debd707a,7,5000000.00,under_review,,,,2026-07-31T16:16:47.836Z,a0000000-0000-0000-0000-000000000001,2026-07-31T16:16:48.180Z,a0000000-0000-0000-0000-000000000001,
c70b715b-9c3b-49d3-b7b7-52779fa3afac,88cb20bc-fe65-4430-a857-6f95debd707a,8,5000000.00,draft,,,,2026-07-31T16:16:48.461Z,a0000000-0000-0000-0000-000000000001,2026-07-31T16:16:48.461Z,,
cd336ec6-4b59-4ca4-9a31-7ecda41227e1,88cb20bc-fe65-4430-a857-6f95debd707a,9,5000000.00,approved,a0000000-0000-0000-0000-000000000001,2026-07-31T16:16:50.296Z,,2026-07-31T16:16:48.872Z,a0000000-0000-0000-0000-000000000001,2026-07-31T16:16:50.296Z,a0000000-0000-0000-0000-000000000001,
506e784e-ce53-40b4-82ce-9ddf03b8ab16,88cb20bc-fe65-4430-a857-6f95debd707a,10,5000000.00,draft,,,,2026-07-31T16:16:50.371Z,a0000000-0000-0000-0000-000000000001,2026-07-31T16:16:51.140Z,a0000000-0000-0000-0000-000000000001,
2cb89304-5881-4595-be9e-53b39c75f6ba,88cb20bc-fe65-4430-a857-6f95debd707a,11,5000000.00,draft,,,,2026-07-31T16:16:51.212Z,a0000000-0000-0000-0000-000000000001,2026-07-31T16:16:51.936Z,a0000000-0000-0000-0000-000000000001,
06bb2dfb-520e-49b2-a6de-b96790c6a14f,d175ca3d-83a4-4b90-b7b6-852d70d12497,1,0.00,draft,,,,2026-07-31T16:19:54.769Z,a0000000-0000-0000-0000-000000000001,2026-07-31T16:19:54.769Z,,
9f89ae9d-67fe-4076-845c-dc20d4c69b81,d175ca3d-83a4-4b90-b7b6-852d70d12497,2,12000000.00,draft,,,,2026-07-31T16:19:55.303Z,a0000000-0000-0000-0000-000000000001,2026-07-31T16:19:55.303Z,,
bdf4e954-a758-417b-9091-097d11591d56,d175ca3d-83a4-4b90-b7b6-852d70d12497,3,0.00,draft,,,,2026-07-31T16:19:55.580Z,a0000000-0000-0000-0000-000000000001,2026-07-31T16:19:55.580Z,,
6aa7f11a-ab56-4d3a-acc7-f5f78b0d28f7,2e8dd71f-6195-4557-865d-898891c78bda,3,0.00,draft,,,,2026-08-01T08:04:18.220Z,a0000000-0000-0000-0000-000000000001,2026-08-01T08:04:18.220Z,,
a14509e5-7c61-4f06-96f1-fcfa337bb137,050877b4-2361-48c0-825a-f23823ad26c9,9,5000000.00,approved,a0000000-0000-0000-0000-000000000001,2026-07-29T16:24:28.092Z,,2026-07-29T16:24:26.614Z,a0000000-0000-0000-0000-000000000001,2026-07-29T16:24:28.092Z,a0000000-0000-0000-0000-000000000001,
bf4ce54a-5c87-40ad-bd51-d2f48925cde9,050877b4-2361-48c0-825a-f23823ad26c9,10,5000000.00,draft,,,,2026-07-29T16:24:28.169Z,a0000000-0000-0000-0000-000000000001,2026-07-29T16:24:29.007Z,a0000000-0000-0000-0000-000000000001,
f8d1ecb1-a6d9-4ce3-b1c3-1b96e7b0e181,050877b4-2361-48c0-825a-f23823ad26c9,11,5000000.00,draft,,,,2026-07-29T16:24:29.083Z,a0000000-0000-0000-0000-000000000001,2026-07-29T16:24:29.888Z,a0000000-0000-0000-0000-000000000001,
0e05c2c1-01a3-4a68-a5a0-3275fe21f8df,482f19ca-87e2-429c-842c-728d2f0ac05f,1,0.00,draft,,,,2026-07-31T14:52:21.556Z,a0000000-0000-0000-0000-000000000001,2026-07-31T14:52:21.556Z,,
46c4601d-7f85-4804-a72f-ba7ae7fb7f43,e0dd6126-46c4-4247-a7bc-732ae857454c,1,0.00,draft,,,,2026-07-29T16:52:48.189Z,a0000000-0000-0000-0000-000000000001,2026-07-29T16:52:48.189Z,,
4aaf45e5-6b81-4d4b-bd17-a27279a79c62,e0dd6126-46c4-4247-a7bc-732ae857454c,2,12000000.00,draft,,,,2026-07-29T16:52:49.493Z,a0000000-0000-0000-0000-000000000001,2026-07-29T16:52:49.493Z,,
8f0a143d-6845-4aac-9ea1-af58bef664ce,e0dd6126-46c4-4247-a7bc-732ae857454c,3,0.00,draft,,,,2026-07-29T16:52:49.763Z,a0000000-0000-0000-0000-000000000001,2026-07-29T16:52:49.763Z,,
842fc86e-fdcc-4c64-995b-575964c7591b,482f19ca-87e2-429c-842c-728d2f0ac05f,2,12000000.00,draft,,,,2026-07-31T14:52:22.043Z,a0000000-0000-0000-0000-000000000001,2026-07-31T14:52:22.043Z,,
3c9d839a-ebb0-42f1-b66a-a0c9245c92b0,e0dd6126-46c4-4247-a7bc-732ae857454c,4,5000000.00,under_review,,,,2026-07-29T16:52:50.145Z,a0000000-0000-0000-0000-000000000001,2026-07-29T16:52:50.477Z,a0000000-0000-0000-0000-000000000001,
8733531b-435a-43dc-afbd-4974f3769841,e0dd6126-46c4-4247-a7bc-732ae857454c,5,0.00,draft,,,,2026-07-29T16:52:50.531Z,a0000000-0000-0000-0000-000000000001,2026-07-29T16:52:50.531Z,,
b51449c6-fb61-4e3d-a0ed-46be2e04abcd,482f19ca-87e2-429c-842c-728d2f0ac05f,3,0.00,draft,,,,2026-07-31T14:52:22.287Z,a0000000-0000-0000-0000-000000000001,2026-07-31T14:52:22.287Z,,
e11e5511-18ff-43cd-a285-1ad2264c512c,e0dd6126-46c4-4247-a7bc-732ae857454c,6,5000000.00,approved,a0000000-0000-0000-0000-000000000001,2026-07-29T16:52:51.974Z,,2026-07-29T16:52:51.038Z,a0000000-0000-0000-0000-000000000001,2026-07-29T16:52:51.974Z,a0000000-0000-0000-0000-000000000001,
17527dd4-7152-4db9-8e45-ba32f9233a8a,482f19ca-87e2-429c-842c-728d2f0ac05f,4,5000000.00,under_review,,,,2026-07-31T14:52:22.686Z,a0000000-0000-0000-0000-000000000001,2026-07-31T14:52:23.019Z,a0000000-0000-0000-0000-000000000001,
e01e0741-92c9-4cdc-9e91-a6f6088e468f,e0dd6126-46c4-4247-a7bc-732ae857454c,7,5000000.00,under_review,,,,2026-07-29T16:52:52.023Z,a0000000-0000-0000-0000-000000000001,2026-07-29T16:52:52.356Z,a0000000-0000-0000-0000-000000000001,
847b2419-be1d-4011-9ff3-bd0209d60d93,e0dd6126-46c4-4247-a7bc-732ae857454c,8,5000000.00,draft,,,,2026-07-29T16:52:52.598Z,a0000000-0000-0000-0000-000000000001,2026-07-29T16:52:52.598Z,,
6c7a2463-3bab-492e-ace9-29214b369afc,482f19ca-87e2-429c-842c-728d2f0ac05f,5,0.00,draft,,,,2026-07-31T14:52:23.070Z,a0000000-0000-0000-0000-000000000001,2026-07-31T14:52:23.070Z,,
7e0c8aeb-bad1-4c20-8bfc-758b32516669,e0dd6126-46c4-4247-a7bc-732ae857454c,9,5000000.00,approved,a0000000-0000-0000-0000-000000000001,2026-07-29T16:52:54.346Z,,2026-07-29T16:52:52.986Z,a0000000-0000-0000-0000-000000000001,2026-07-29T16:52:54.346Z,a0000000-0000-0000-0000-000000000001,
75a5e477-4c9b-43eb-b63b-e9a5e424ef37,482f19ca-87e2-429c-842c-728d2f0ac05f,6,5000000.00,approved,a0000000-0000-0000-0000-000000000001,2026-07-31T14:52:24.759Z,,2026-07-31T14:52:23.445Z,a0000000-0000-0000-0000-000000000001,2026-07-31T14:52:24.759Z,a0000000-0000-0000-0000-000000000001,
ee66dc7a-c0e2-43e2-91a4-dc1574d2919f,e0dd6126-46c4-4247-a7bc-732ae857454c,10,5000000.00,draft,,,,2026-07-29T16:52:54.417Z,a0000000-0000-0000-0000-000000000001,2026-07-29T16:52:55.135Z,a0000000-0000-0000-0000-000000000001,
15eeb15e-868d-4341-9467-83fab7740cb4,482f19ca-87e2-429c-842c-728d2f0ac05f,7,5000000.00,under_review,,,,2026-07-31T14:52:24.826Z,a0000000-0000-0000-0000-000000000001,2026-07-31T14:52:25.275Z,a0000000-0000-0000-0000-000000000001,
11c1b177-7770-460a-9b5f-dc58fae64a98,e0dd6126-46c4-4247-a7bc-732ae857454c,11,5000000.00,draft,,,,2026-07-29T16:52:55.206Z,a0000000-0000-0000-0000-000000000001,2026-07-29T16:52:55.851Z,a0000000-0000-0000-0000-000000000001,
538a73ea-5303-48dd-af54-b241ab3dc331,482f19ca-87e2-429c-842c-728d2f0ac05f,8,5000000.00,draft,,,,2026-07-31T14:52:25.552Z,a0000000-0000-0000-0000-000000000001,2026-07-31T14:52:25.552Z,,
5299b21f-eb0a-49d3-ae09-e40e1c8b0e53,482f19ca-87e2-429c-842c-728d2f0ac05f,9,5000000.00,approved,a0000000-0000-0000-0000-000000000001,2026-07-31T14:52:27.485Z,,2026-07-31T14:52:25.989Z,a0000000-0000-0000-0000-000000000001,2026-07-31T14:52:27.485Z,a0000000-0000-0000-0000-000000000001,
cd2e06b1-dc3b-4650-8486-be4e11699ed4,482f19ca-87e2-429c-842c-728d2f0ac05f,10,5000000.00,draft,,,,2026-07-31T14:52:27.558Z,a0000000-0000-0000-0000-000000000001,2026-07-31T14:52:28.388Z,a0000000-0000-0000-0000-000000000001,
f358a014-1372-49f1-bef8-260a2b0bff06,482f19ca-87e2-429c-842c-728d2f0ac05f,11,5000000.00,draft,,,,2026-07-31T14:52:28.456Z,a0000000-0000-0000-0000-000000000001,2026-07-31T14:52:29.201Z,a0000000-0000-0000-0000-000000000001,
b6a009d6-2ab7-45df-a1e7-a51817fc4b8c,d175ca3d-83a4-4b90-b7b6-852d70d12497,4,5000000.00,under_review,,,,2026-07-31T16:19:56.008Z,a0000000-0000-0000-0000-000000000001,2026-07-31T16:19:56.388Z,a0000000-0000-0000-0000-000000000001,
c8629c7a-c013-41e3-aacd-1f9f68b07089,d175ca3d-83a4-4b90-b7b6-852d70d12497,5,0.00,draft,,,,2026-07-31T16:19:56.449Z,a0000000-0000-0000-0000-000000000001,2026-07-31T16:19:56.449Z,,
1a0072d8-e6a1-4910-9921-50b419a446b0,d175ca3d-83a4-4b90-b7b6-852d70d12497,6,5000000.00,approved,a0000000-0000-0000-0000-000000000001,2026-07-31T16:19:57.962Z,,2026-07-31T16:19:56.862Z,a0000000-0000-0000-0000-000000000001,2026-07-31T16:19:57.962Z,a0000000-0000-0000-0000-000000000001,
c117cb1e-c3b4-4605-a351-cd0bd6be7c51,d175ca3d-83a4-4b90-b7b6-852d70d12497,7,5000000.00,under_review,,,,2026-07-31T16:19:58.223Z,a0000000-0000-0000-0000-000000000001,2026-07-31T16:19:58.888Z,a0000000-0000-0000-0000-000000000001,
122709be-70dd-4153-bf2a-b59a19b84b92,d175ca3d-83a4-4b90-b7b6-852d70d12497,8,5000000.00,draft,,,,2026-07-31T16:19:59.108Z,a0000000-0000-0000-0000-000000000001,2026-07-31T16:19:59.108Z,,
164f0649-94da-46a6-ba5e-27abcd7d01da,d175ca3d-83a4-4b90-b7b6-852d70d12497,9,5000000.00,approved,a0000000-0000-0000-0000-000000000001,2026-07-31T16:20:01.109Z,,2026-07-31T16:19:59.525Z,a0000000-0000-0000-0000-000000000001,2026-07-31T16:20:01.109Z,a0000000-0000-0000-0000-000000000001,
48a7cc2c-9e2f-437f-954a-7e7871de894c,d175ca3d-83a4-4b90-b7b6-852d70d12497,10,5000000.00,draft,,,,2026-07-31T16:20:01.182Z,a0000000-0000-0000-0000-000000000001,2026-07-31T16:20:02.000Z,a0000000-0000-0000-0000-000000000001,
711f07a6-20bf-452b-947a-5b59d42862c4,d175ca3d-83a4-4b90-b7b6-852d70d12497,11,5000000.00,draft,,,,2026-07-31T16:20:02.099Z,a0000000-0000-0000-0000-000000000001,2026-07-31T16:20:02.905Z,a0000000-0000-0000-0000-000000000001,
b154846b-b46b-4d50-a657-837aafdbcc91,61fab41f-3b11-48ab-a678-a38fdfeeea6c,6,5000000.00,approved,a0000000-0000-0000-0000-000000000001,2026-07-31T16:39:04.592Z,,2026-07-31T16:39:03.553Z,a0000000-0000-0000-0000-000000000001,2026-07-31T16:39:04.592Z,a0000000-0000-0000-0000-000000000001,
0802fdc1-6a35-4683-b3b4-6787e95ace3b,61fab41f-3b11-48ab-a678-a38fdfeeea6c,1,0.00,draft,,,,2026-07-31T16:39:01.455Z,a0000000-0000-0000-0000-000000000001,2026-07-31T16:39:01.455Z,,
10a293dc-caab-4b44-829a-d9a5b7b0882b,61fab41f-3b11-48ab-a678-a38fdfeeea6c,2,12000000.00,draft,,,,2026-07-31T16:39:01.961Z,a0000000-0000-0000-0000-000000000001,2026-07-31T16:39:01.961Z,,
3a64075f-0d8e-415a-9fde-28a11a07992c,61fab41f-3b11-48ab-a678-a38fdfeeea6c,3,0.00,draft,,,,2026-07-31T16:39:02.264Z,a0000000-0000-0000-0000-000000000001,2026-07-31T16:39:02.264Z,,
11f6807e-7fdc-453c-81e8-d315b0b21501,61fab41f-3b11-48ab-a678-a38fdfeeea6c,4,5000000.00,under_review,,,,2026-07-31T16:39:02.680Z,a0000000-0000-0000-0000-000000000001,2026-07-31T16:39:03.089Z,a0000000-0000-0000-0000-000000000001,
5f35b059-9f8f-4a36-9db5-336af1e34999,61fab41f-3b11-48ab-a678-a38fdfeeea6c,5,0.00,draft,,,,2026-07-31T16:39:03.143Z,a0000000-0000-0000-0000-000000000001,2026-07-31T16:39:03.143Z,,
3888fc03-d73e-4bd1-8e41-1f0ab0443718,61fab41f-3b11-48ab-a678-a38fdfeeea6c,7,5000000.00,under_review,,,,2026-07-31T16:39:04.642Z,a0000000-0000-0000-0000-000000000001,2026-07-31T16:39:04.976Z,a0000000-0000-0000-0000-000000000001,
013f3baa-1302-481c-a439-fee99ee3a4f9,61fab41f-3b11-48ab-a678-a38fdfeeea6c,8,5000000.00,draft,,,,2026-07-31T16:39:05.239Z,a0000000-0000-0000-0000-000000000001,2026-07-31T16:39:05.239Z,,
353d4862-40d3-4512-9001-0a2ff09378f9,61fab41f-3b11-48ab-a678-a38fdfeeea6c,9,5000000.00,approved,a0000000-0000-0000-0000-000000000001,2026-07-31T16:39:07.093Z,,2026-07-31T16:39:05.670Z,a0000000-0000-0000-0000-000000000001,2026-07-31T16:39:07.093Z,a0000000-0000-0000-0000-000000000001,
deb6eb19-df0e-496c-92f9-37ad0b9df9a2,61fab41f-3b11-48ab-a678-a38fdfeeea6c,10,5000000.00,draft,,,,2026-07-31T16:39:07.169Z,a0000000-0000-0000-0000-000000000001,2026-07-31T16:39:07.893Z,a0000000-0000-0000-0000-000000000001,
0637f273-1474-4d00-80a3-7fc4e74ca91d,61fab41f-3b11-48ab-a678-a38fdfeeea6c,11,5000000.00,draft,,,,2026-07-31T16:39:07.964Z,a0000000-0000-0000-0000-000000000001,2026-07-31T16:39:08.734Z,a0000000-0000-0000-0000-000000000001,
1f3e5b83-5c4b-4d40-a260-0e734a8ae145,425cbf00-012f-41e5-ab64-f4e92165a503,6,5000000.00,approved,a0000000-0000-0000-0000-000000000001,2026-07-31T16:52:47.260Z,,2026-07-31T16:52:46.219Z,a0000000-0000-0000-0000-000000000001,2026-07-31T16:52:47.260Z,a0000000-0000-0000-0000-000000000001,
6ccf419f-a53c-4312-9f2e-9bc1fd1f3bce,425cbf00-012f-41e5-ab64-f4e92165a503,7,5000000.00,under_review,,,,2026-07-31T16:52:47.305Z,a0000000-0000-0000-0000-000000000001,2026-07-31T16:52:47.638Z,a0000000-0000-0000-0000-000000000001,
bf237b7a-8026-4639-b7fc-ac7652021276,425cbf00-012f-41e5-ab64-f4e92165a503,8,5000000.00,draft,,,,2026-07-31T16:52:47.878Z,a0000000-0000-0000-0000-000000000001,2026-07-31T16:52:47.878Z,,
4d707b49-d64e-4259-9395-63b844a92ef2,425cbf00-012f-41e5-ab64-f4e92165a503,9,5000000.00,approved,a0000000-0000-0000-0000-000000000001,2026-07-31T16:52:49.488Z,,2026-07-31T16:52:48.242Z,a0000000-0000-0000-0000-000000000001,2026-07-31T16:52:49.488Z,a0000000-0000-0000-0000-000000000001,
84f43b40-6b33-4589-ba2a-c711494674e4,425cbf00-012f-41e5-ab64-f4e92165a503,10,5000000.00,draft,,,,2026-07-31T16:52:49.551Z,a0000000-0000-0000-0000-000000000001,2026-07-31T16:52:50.252Z,a0000000-0000-0000-0000-000000000001,
97feb939-df3f-4fde-9ae0-d3a1f41b1664,425cbf00-012f-41e5-ab64-f4e92165a503,11,5000000.00,draft,,,,2026-07-31T16:52:50.314Z,a0000000-0000-0000-0000-000000000001,2026-07-31T16:52:51.003Z,a0000000-0000-0000-0000-000000000001,
14a0528c-0b7e-44c9-9beb-4cc9dce928e7,d75977bc-a08f-41d3-a184-36ba0c90788d,1,0.00,draft,,,,2026-07-31T17:06:37.369Z,a0000000-0000-0000-0000-000000000001,2026-07-31T17:06:37.369Z,,
3b488f2e-5562-4dc6-99ea-92721a2bee4b,d75977bc-a08f-41d3-a184-36ba0c90788d,2,12000000.00,draft,,,,2026-07-31T17:06:37.874Z,a0000000-0000-0000-0000-000000000001,2026-07-31T17:06:37.874Z,,
7099d114-02f9-42ba-a529-489db8925e2f,d75977bc-a08f-41d3-a184-36ba0c90788d,3,0.00,draft,,,,2026-07-31T17:06:38.157Z,a0000000-0000-0000-0000-000000000001,2026-07-31T17:06:38.157Z,,
5313b61a-4ef5-411a-83d7-f7970dea2302,d75977bc-a08f-41d3-a184-36ba0c90788d,4,5000000.00,under_review,,,,2026-07-31T17:06:38.547Z,a0000000-0000-0000-0000-000000000001,2026-07-31T17:06:38.923Z,a0000000-0000-0000-0000-000000000001,
505bc8a4-f131-4fee-b25c-1fcbf04e3a70,d75977bc-a08f-41d3-a184-36ba0c90788d,5,0.00,draft,,,,2026-07-31T17:06:38.980Z,a0000000-0000-0000-0000-000000000001,2026-07-31T17:06:38.980Z,,
5a3ce9c4-8bec-4fa7-a399-964f5240608c,d75977bc-a08f-41d3-a184-36ba0c90788d,6,5000000.00,approved,a0000000-0000-0000-0000-000000000001,2026-07-31T17:06:40.460Z,,2026-07-31T17:06:39.374Z,a0000000-0000-0000-0000-000000000001,2026-07-31T17:06:40.460Z,a0000000-0000-0000-0000-000000000001,
2abdba82-8157-48b9-a37d-aceb4e0ee8dd,d75977bc-a08f-41d3-a184-36ba0c90788d,8,5000000.00,draft,,,,2026-07-31T17:06:41.052Z,a0000000-0000-0000-0000-000000000001,2026-07-31T17:06:41.052Z,,
fadb4e8b-04e4-47df-a9f8-127d7e8e2165,bc24ad26-c361-4641-ae1b-22e7f7a8c9cc,1,0.00,draft,,,,2026-07-29T18:00:55.926Z,a0000000-0000-0000-0000-000000000001,2026-07-29T18:00:55.926Z,,
86798129-f809-4a73-9d53-a3e7edbe6734,bc24ad26-c361-4641-ae1b-22e7f7a8c9cc,2,12000000.00,draft,,,,2026-07-29T18:00:57.209Z,a0000000-0000-0000-0000-000000000001,2026-07-29T18:00:57.209Z,,
d93f1375-2d9b-4d2b-a6b6-7c66a02de23e,bc24ad26-c361-4641-ae1b-22e7f7a8c9cc,3,0.00,draft,,,,2026-07-29T18:00:57.459Z,a0000000-0000-0000-0000-000000000001,2026-07-29T18:00:57.459Z,,
d8cf1d0d-385f-4ca9-b406-e65d630c8db7,bc24ad26-c361-4641-ae1b-22e7f7a8c9cc,4,5000000.00,under_review,,,,2026-07-29T18:00:57.834Z,a0000000-0000-0000-0000-000000000001,2026-07-29T18:00:58.191Z,a0000000-0000-0000-0000-000000000001,
332cbe70-a356-4e7f-8efa-b3be3cf85eab,bc24ad26-c361-4641-ae1b-22e7f7a8c9cc,5,0.00,draft,,,,2026-07-29T18:00:58.249Z,a0000000-0000-0000-0000-000000000001,2026-07-29T18:00:58.249Z,,
d4c711f4-fac9-4752-8fc8-3d408e6e7f22,bc24ad26-c361-4641-ae1b-22e7f7a8c9cc,6,5000000.00,approved,a0000000-0000-0000-0000-000000000001,2026-07-29T18:00:59.571Z,,2026-07-29T18:00:58.589Z,a0000000-0000-0000-0000-000000000001,2026-07-29T18:00:59.571Z,a0000000-0000-0000-0000-000000000001,
705b27fd-8b88-4f66-919e-6b2a95a8aadf,bc24ad26-c361-4641-ae1b-22e7f7a8c9cc,7,5000000.00,under_review,,,,2026-07-29T18:00:59.621Z,a0000000-0000-0000-0000-000000000001,2026-07-29T18:00:59.938Z,a0000000-0000-0000-0000-000000000001,
fb4c9c7a-a1bf-4b41-8319-72c1549bf018,bc24ad26-c361-4641-ae1b-22e7f7a8c9cc,8,5000000.00,draft,,,,2026-07-29T18:01:00.218Z,a0000000-0000-0000-0000-000000000001,2026-07-29T18:01:00.218Z,,
b483d5cf-afd8-4705-8c28-10ee1b919911,bc24ad26-c361-4641-ae1b-22e7f7a8c9cc,9,5000000.00,approved,a0000000-0000-0000-0000-000000000001,2026-07-29T18:01:01.970Z,,2026-07-29T18:01:00.652Z,a0000000-0000-0000-0000-000000000001,2026-07-29T18:01:01.970Z,a0000000-0000-0000-0000-000000000001,
8c009528-41b7-414d-b494-3277d8ef9451,bc24ad26-c361-4641-ae1b-22e7f7a8c9cc,10,5000000.00,draft,,,,2026-07-29T18:01:02.046Z,a0000000-0000-0000-0000-000000000001,2026-07-29T18:01:02.708Z,a0000000-0000-0000-0000-000000000001,
453518ea-f7f7-4b2f-b1fb-59a8983e5fbc,bc24ad26-c361-4641-ae1b-22e7f7a8c9cc,11,5000000.00,draft,,,,2026-07-29T18:01:02.788Z,a0000000-0000-0000-0000-000000000001,2026-07-29T18:01:03.488Z,a0000000-0000-0000-0000-000000000001,
75a6d73f-aa5f-4461-88b8-319fbd0787bb,0891c733-171c-440a-ae1d-91330c6aefb0,9,5000000.00,approved,a0000000-0000-0000-0000-000000000001,2026-07-30T16:12:09.329Z,,2026-07-30T16:12:07.851Z,a0000000-0000-0000-0000-000000000001,2026-07-30T16:12:09.329Z,a0000000-0000-0000-0000-000000000001,
76dfa210-5a25-4051-9a11-b70dc9586c66,649c76e5-698d-4c3d-9fb9-cf7dcdea988f,1,0.00,draft,,,,2026-07-29T18:35:19.079Z,a0000000-0000-0000-0000-000000000001,2026-07-29T18:35:19.079Z,,
f888251f-edb6-444a-8d22-ab8ee31802b8,649c76e5-698d-4c3d-9fb9-cf7dcdea988f,2,12000000.00,draft,,,,2026-07-29T18:35:19.774Z,a0000000-0000-0000-0000-000000000001,2026-07-29T18:35:19.774Z,,
d28dbc86-df8e-4c3a-b345-a3773633f7f0,649c76e5-698d-4c3d-9fb9-cf7dcdea988f,3,0.00,draft,,,,2026-07-29T18:35:20.006Z,a0000000-0000-0000-0000-000000000001,2026-07-29T18:35:20.006Z,,
73d11edf-f43d-4b67-a00d-58e938ca89c5,649c76e5-698d-4c3d-9fb9-cf7dcdea988f,4,5000000.00,under_review,,,,2026-07-29T18:35:20.370Z,a0000000-0000-0000-0000-000000000001,2026-07-29T18:35:20.749Z,a0000000-0000-0000-0000-000000000001,
f67fb7c9-1bd8-4fdd-8977-a7225722facd,649c76e5-698d-4c3d-9fb9-cf7dcdea988f,5,0.00,draft,,,,2026-07-29T18:35:20.806Z,a0000000-0000-0000-0000-000000000001,2026-07-29T18:35:20.806Z,,
bb873fef-d4cf-4ddc-85f2-9e2a4a5816cd,649c76e5-698d-4c3d-9fb9-cf7dcdea988f,6,5000000.00,approved,a0000000-0000-0000-0000-000000000001,2026-07-29T18:35:22.062Z,,2026-07-29T18:35:21.122Z,a0000000-0000-0000-0000-000000000001,2026-07-29T18:35:22.062Z,a0000000-0000-0000-0000-000000000001,
e97a7d06-c39f-4b2e-a9ae-ddf6f38286b4,649c76e5-698d-4c3d-9fb9-cf7dcdea988f,7,5000000.00,under_review,,,,2026-07-29T18:35:22.138Z,a0000000-0000-0000-0000-000000000001,2026-07-29T18:35:22.458Z,a0000000-0000-0000-0000-000000000001,
898dae05-a204-45e9-83fd-37c1c63ceaae,649c76e5-698d-4c3d-9fb9-cf7dcdea988f,8,5000000.00,draft,,,,2026-07-29T18:35:22.656Z,a0000000-0000-0000-0000-000000000001,2026-07-29T18:35:22.656Z,,
8917f7dd-f7ec-4bf1-979b-dd4baabb36ce,649c76e5-698d-4c3d-9fb9-cf7dcdea988f,9,5000000.00,approved,a0000000-0000-0000-0000-000000000001,2026-07-29T18:35:24.223Z,,2026-07-29T18:35:23.062Z,a0000000-0000-0000-0000-000000000001,2026-07-29T18:35:24.223Z,a0000000-0000-0000-0000-000000000001,
74413a12-d282-40d3-bd4a-0ebc66a8e33c,649c76e5-698d-4c3d-9fb9-cf7dcdea988f,10,5000000.00,draft,,,,2026-07-29T18:35:24.296Z,a0000000-0000-0000-0000-000000000001,2026-07-29T18:35:25.035Z,a0000000-0000-0000-0000-000000000001,
6393f3d0-5115-492a-a83a-00cf6c6bbed7,649c76e5-698d-4c3d-9fb9-cf7dcdea988f,11,5000000.00,draft,,,,2026-07-29T18:35:25.107Z,a0000000-0000-0000-0000-000000000001,2026-07-29T18:35:25.844Z,a0000000-0000-0000-0000-000000000001,
6c3c79a2-512f-493d-84ee-ce27e17a1841,0891c733-171c-440a-ae1d-91330c6aefb0,10,5000000.00,draft,,,,2026-07-30T16:12:09.402Z,a0000000-0000-0000-0000-000000000001,2026-07-30T16:12:10.160Z,a0000000-0000-0000-0000-000000000001,
da57c689-769b-40a3-8464-76f2ddb6e30d,0891c733-171c-440a-ae1d-91330c6aefb0,1,0.00,draft,,,,2026-07-30T16:12:03.485Z,a0000000-0000-0000-0000-000000000001,2026-07-30T16:12:03.485Z,,
f48e87d7-5a49-4572-bd79-ea29eeb52fe7,0891c733-171c-440a-ae1d-91330c6aefb0,2,12000000.00,draft,,,,2026-07-30T16:12:04.126Z,a0000000-0000-0000-0000-000000000001,2026-07-30T16:12:04.126Z,,
c9a1af2e-980c-4667-9384-71b49431931a,0891c733-171c-440a-ae1d-91330c6aefb0,3,0.00,draft,,,,2026-07-30T16:12:04.424Z,a0000000-0000-0000-0000-000000000001,2026-07-30T16:12:04.424Z,,
aef9d8e2-d429-4cd2-945b-9c751f9cbfb9,0891c733-171c-440a-ae1d-91330c6aefb0,4,5000000.00,under_review,,,,2026-07-30T16:12:04.851Z,a0000000-0000-0000-0000-000000000001,2026-07-30T16:12:05.209Z,a0000000-0000-0000-0000-000000000001,
446de029-a97a-423f-9f4f-51e0d7d42485,0891c733-171c-440a-ae1d-91330c6aefb0,5,0.00,draft,,,,2026-07-30T16:12:05.261Z,a0000000-0000-0000-0000-000000000001,2026-07-30T16:12:05.261Z,,
8a8c399b-a1ab-4398-b93c-e4258d6c5357,0891c733-171c-440a-ae1d-91330c6aefb0,6,5000000.00,approved,a0000000-0000-0000-0000-000000000001,2026-07-30T16:12:06.741Z,,2026-07-30T16:12:05.686Z,a0000000-0000-0000-0000-000000000001,2026-07-30T16:12:06.741Z,a0000000-0000-0000-0000-000000000001,
38d9cd1f-2f6b-42c0-8d4d-d1ca669f04ef,0891c733-171c-440a-ae1d-91330c6aefb0,7,5000000.00,under_review,,,,2026-07-30T16:12:06.790Z,a0000000-0000-0000-0000-000000000001,2026-07-30T16:12:07.131Z,a0000000-0000-0000-0000-000000000001,
0d02687c-51bf-4f46-8c3e-70eeccd13448,0891c733-171c-440a-ae1d-91330c6aefb0,8,5000000.00,draft,,,,2026-07-30T16:12:07.406Z,a0000000-0000-0000-0000-000000000001,2026-07-30T16:12:07.406Z,,
63249506-57c3-464d-9ee0-ff110711ab52,0891c733-171c-440a-ae1d-91330c6aefb0,11,5000000.00,draft,,,,2026-07-30T16:12:10.230Z,a0000000-0000-0000-0000-000000000001,2026-07-30T16:12:10.936Z,a0000000-0000-0000-0000-000000000001,
f8cf1b00-91c2-437b-9cce-b979e88fade7,c07cbe55-35a0-4571-a59b-eeb4c6fe7109,1,0.00,draft,,,,2026-07-30T18:10:40.465Z,a0000000-0000-0000-0000-000000000001,2026-07-30T18:10:40.465Z,,
296c3caa-e8c2-4774-b656-6b4255a8dc6d,c07cbe55-35a0-4571-a59b-eeb4c6fe7109,2,12000000.00,draft,,,,2026-07-30T18:10:40.973Z,a0000000-0000-0000-0000-000000000001,2026-07-30T18:10:40.973Z,,
8501d200-447b-420f-90e0-d6b7e9591501,c07cbe55-35a0-4571-a59b-eeb4c6fe7109,3,0.00,draft,,,,2026-07-30T18:10:41.234Z,a0000000-0000-0000-0000-000000000001,2026-07-30T18:10:41.234Z,,
a56c39b2-a6ee-4ebf-8e77-24597a1da15a,c07cbe55-35a0-4571-a59b-eeb4c6fe7109,4,5000000.00,under_review,,,,2026-07-30T18:10:41.630Z,a0000000-0000-0000-0000-000000000001,2026-07-30T18:10:41.944Z,a0000000-0000-0000-0000-000000000001,
a9e2d9db-820c-4cc1-9d59-999522989933,c07cbe55-35a0-4571-a59b-eeb4c6fe7109,5,0.00,draft,,,,2026-07-30T18:10:41.996Z,a0000000-0000-0000-0000-000000000001,2026-07-30T18:10:41.996Z,,
169cd0fd-1a98-4a69-af29-a604843acf48,c07cbe55-35a0-4571-a59b-eeb4c6fe7109,6,5000000.00,approved,a0000000-0000-0000-0000-000000000001,2026-07-30T18:10:43.381Z,,2026-07-30T18:10:42.310Z,a0000000-0000-0000-0000-000000000001,2026-07-30T18:10:43.381Z,a0000000-0000-0000-0000-000000000001,
63081703-e9b3-4290-86ac-52e0c0c80446,c07cbe55-35a0-4571-a59b-eeb4c6fe7109,7,5000000.00,under_review,,,,2026-07-30T18:10:43.430Z,a0000000-0000-0000-0000-000000000001,2026-07-30T18:10:43.751Z,a0000000-0000-0000-0000-000000000001,
6103aba5-9760-45bc-88ad-cec23ce55b4d,c07cbe55-35a0-4571-a59b-eeb4c6fe7109,8,5000000.00,draft,,,,2026-07-30T18:10:43.973Z,a0000000-0000-0000-0000-000000000001,2026-07-30T18:10:43.973Z,,
f71d904e-16f8-4be8-a3a0-0f35e6e195a1,c07cbe55-35a0-4571-a59b-eeb4c6fe7109,9,5000000.00,approved,a0000000-0000-0000-0000-000000000001,2026-07-30T18:10:45.848Z,,2026-07-30T18:10:44.390Z,a0000000-0000-0000-0000-000000000001,2026-07-30T18:10:45.848Z,a0000000-0000-0000-0000-000000000001,
15a15f93-41e9-4919-a05f-2913b616d346,c07cbe55-35a0-4571-a59b-eeb4c6fe7109,10,5000000.00,draft,,,,2026-07-30T18:10:45.928Z,a0000000-0000-0000-0000-000000000001,2026-07-30T18:10:46.683Z,a0000000-0000-0000-0000-000000000001,
f8e5edf6-eaa3-4462-8b9c-c65e336757b5,c07cbe55-35a0-4571-a59b-eeb4c6fe7109,11,5000000.00,draft,,,,2026-07-30T18:10:46.756Z,a0000000-0000-0000-0000-000000000001,2026-07-30T18:10:47.490Z,a0000000-0000-0000-0000-000000000001,
b308b5d6-dc55-4ee3-93f4-ad53056c31e1,c6c52122-8bf6-47de-9e36-e6ddd264c64b,3,0.00,draft,,,,2026-07-30T18:15:23.365Z,a0000000-0000-0000-0000-000000000001,2026-07-30T18:15:23.365Z,,
d945f8bc-0a8d-483d-8c10-aab102c34be6,c6c52122-8bf6-47de-9e36-e6ddd264c64b,1,0.00,draft,,,,2026-07-30T18:15:22.676Z,a0000000-0000-0000-0000-000000000001,2026-07-30T18:15:22.676Z,,
2c623a22-8602-4b2a-a79c-05d9275b4f4e,c6c52122-8bf6-47de-9e36-e6ddd264c64b,2,12000000.00,draft,,,,2026-07-30T18:15:23.106Z,a0000000-0000-0000-0000-000000000001,2026-07-30T18:15:23.106Z,,
fd6cb5ca-4fb9-4063-ab74-f7e22e52def6,c6c52122-8bf6-47de-9e36-e6ddd264c64b,4,5000000.00,under_review,,,,2026-07-30T18:15:23.737Z,a0000000-0000-0000-0000-000000000001,2026-07-30T18:15:24.072Z,a0000000-0000-0000-0000-000000000001,
0ca1dadb-5613-4071-aeed-d7900ed85272,c6c52122-8bf6-47de-9e36-e6ddd264c64b,5,0.00,draft,,,,2026-07-30T18:15:24.120Z,a0000000-0000-0000-0000-000000000001,2026-07-30T18:15:24.120Z,,
35748e96-163f-4b61-8238-34a22c5142dd,c6c52122-8bf6-47de-9e36-e6ddd264c64b,6,5000000.00,approved,a0000000-0000-0000-0000-000000000001,2026-07-30T18:15:25.412Z,,2026-07-30T18:15:24.406Z,a0000000-0000-0000-0000-000000000001,2026-07-30T18:15:25.412Z,a0000000-0000-0000-0000-000000000001,
c997ced3-b604-44d1-bc30-e95ae109b8fd,c6c52122-8bf6-47de-9e36-e6ddd264c64b,7,5000000.00,under_review,,,,2026-07-30T18:15:25.471Z,a0000000-0000-0000-0000-000000000001,2026-07-30T18:15:25.795Z,a0000000-0000-0000-0000-000000000001,
ab5b4f30-3702-4a3d-bfa8-73a912e1c958,c6c52122-8bf6-47de-9e36-e6ddd264c64b,8,5000000.00,draft,,,,2026-07-30T18:15:26.001Z,a0000000-0000-0000-0000-000000000001,2026-07-30T18:15:26.001Z,,
31dce749-4157-4ac5-a322-3eab6eb5f470,c6c52122-8bf6-47de-9e36-e6ddd264c64b,9,5000000.00,approved,a0000000-0000-0000-0000-000000000001,2026-07-30T18:15:27.622Z,,2026-07-30T18:15:26.379Z,a0000000-0000-0000-0000-000000000001,2026-07-30T18:15:27.622Z,a0000000-0000-0000-0000-000000000001,
41ea16a0-873e-43e3-af2c-784788bb1898,c6c52122-8bf6-47de-9e36-e6ddd264c64b,10,5000000.00,draft,,,,2026-07-30T18:15:27.696Z,a0000000-0000-0000-0000-000000000001,2026-07-30T18:15:28.400Z,a0000000-0000-0000-0000-000000000001,
3263da7a-fc46-4db8-a6ed-d1734a2604f1,c6c52122-8bf6-47de-9e36-e6ddd264c64b,11,5000000.00,draft,,,,2026-07-30T18:15:28.482Z,a0000000-0000-0000-0000-000000000001,2026-07-30T18:15:29.176Z,a0000000-0000-0000-0000-000000000001,
6051ad75-de0f-4a6c-936a-1e9b1f5458a4,29bea51a-8a2e-4007-854b-01d7817d2f70,1,0.00,draft,,,,2026-07-30T19:36:28.687Z,a0000000-0000-0000-0000-000000000001,2026-07-30T19:36:28.687Z,,
11df0e69-8e2d-4c54-a50c-66aca933902e,29bea51a-8a2e-4007-854b-01d7817d2f70,2,12000000.00,draft,,,,2026-07-30T19:36:29.148Z,a0000000-0000-0000-0000-000000000001,2026-07-30T19:36:29.148Z,,
aeff1448-0e7a-4d12-bc71-99a11d75f1a8,29bea51a-8a2e-4007-854b-01d7817d2f70,3,0.00,draft,,,,2026-07-30T19:36:29.369Z,a0000000-0000-0000-0000-000000000001,2026-07-30T19:36:29.369Z,,
851086c1-9011-4142-9abf-f3feaeb455d4,29bea51a-8a2e-4007-854b-01d7817d2f70,4,5000000.00,under_review,,,,2026-07-30T19:36:29.723Z,a0000000-0000-0000-0000-000000000001,2026-07-30T19:36:30.032Z,a0000000-0000-0000-0000-000000000001,
0600f424-bcd3-4772-bc55-bc8965caf26c,29bea51a-8a2e-4007-854b-01d7817d2f70,5,0.00,draft,,,,2026-07-30T19:36:30.080Z,a0000000-0000-0000-0000-000000000001,2026-07-30T19:36:30.080Z,,
68d9fa04-1b3d-4ca5-afb5-f809c4ba549e,2e8dd71f-6195-4557-865d-898891c78bda,4,5000000.00,under_review,,,,2026-08-01T08:04:18.654Z,a0000000-0000-0000-0000-000000000001,2026-08-01T08:04:19.016Z,a0000000-0000-0000-0000-000000000001,
c215cd2b-1f87-4ed0-903a-d26fa5b82f32,2e8dd71f-6195-4557-865d-898891c78bda,5,0.00,draft,,,,2026-08-01T08:04:19.067Z,a0000000-0000-0000-0000-000000000001,2026-08-01T08:04:19.067Z,,
ad7defc3-16de-4cc8-921a-2257f341beeb,29bea51a-8a2e-4007-854b-01d7817d2f70,6,5000000.00,approved,a0000000-0000-0000-0000-000000000001,2026-07-30T19:36:31.434Z,,2026-07-30T19:36:30.454Z,a0000000-0000-0000-0000-000000000001,2026-07-30T19:36:31.434Z,a0000000-0000-0000-0000-000000000001,
0f654fe9-0f0e-47da-a529-084dcf340975,29bea51a-8a2e-4007-854b-01d7817d2f70,7,5000000.00,under_review,,,,2026-07-30T19:36:31.480Z,a0000000-0000-0000-0000-000000000001,2026-07-30T19:36:31.779Z,a0000000-0000-0000-0000-000000000001,
a3e2f501-2661-48c9-8f40-ed5852c93701,29bea51a-8a2e-4007-854b-01d7817d2f70,8,5000000.00,draft,,,,2026-07-30T19:36:31.968Z,a0000000-0000-0000-0000-000000000001,2026-07-30T19:36:31.968Z,,
14c9c31d-031d-4900-a440-97e65106ac63,29bea51a-8a2e-4007-854b-01d7817d2f70,9,5000000.00,approved,a0000000-0000-0000-0000-000000000001,2026-07-30T19:36:33.466Z,,2026-07-30T19:36:32.293Z,a0000000-0000-0000-0000-000000000001,2026-07-30T19:36:33.466Z,a0000000-0000-0000-0000-000000000001,
47f6c475-7e56-486a-8499-582f5e94d5f1,29bea51a-8a2e-4007-854b-01d7817d2f70,10,5000000.00,draft,,,,2026-07-30T19:36:33.533Z,a0000000-0000-0000-0000-000000000001,2026-07-30T19:36:34.186Z,a0000000-0000-0000-0000-000000000001,
79d12f4f-16d3-4a2b-bd81-e5cf5700b5a8,29bea51a-8a2e-4007-854b-01d7817d2f70,11,5000000.00,draft,,,,2026-07-30T19:36:34.252Z,a0000000-0000-0000-0000-000000000001,2026-07-30T19:36:34.890Z,a0000000-0000-0000-0000-000000000001,
ca43dbd8-c4a9-4f43-a821-906e26e5ffaa,3f71aed7-3995-4321-aea3-e54eaa2ff7fe,1,0.00,draft,,,,2026-07-30T20:06:37.367Z,a0000000-0000-0000-0000-000000000001,2026-07-30T20:06:37.367Z,,
07d07cfa-7437-4e7a-920d-da128e9095a4,3f71aed7-3995-4321-aea3-e54eaa2ff7fe,2,12000000.00,draft,,,,2026-07-30T20:06:37.811Z,a0000000-0000-0000-0000-000000000001,2026-07-30T20:06:37.811Z,,
ac941113-e4bc-47a9-b983-df92c906b307,3f71aed7-3995-4321-aea3-e54eaa2ff7fe,3,0.00,draft,,,,2026-07-30T20:06:38.052Z,a0000000-0000-0000-0000-000000000001,2026-07-30T20:06:38.052Z,,
9cc9f610-4265-49a5-9e37-bcbf60d1af69,3f71aed7-3995-4321-aea3-e54eaa2ff7fe,4,5000000.00,under_review,,,,2026-07-30T20:06:38.406Z,a0000000-0000-0000-0000-000000000001,2026-07-30T20:06:38.729Z,a0000000-0000-0000-0000-000000000001,
292d56dd-f49f-4a96-83d9-ad4450b59a13,3f71aed7-3995-4321-aea3-e54eaa2ff7fe,5,0.00,draft,,,,2026-07-30T20:06:38.781Z,a0000000-0000-0000-0000-000000000001,2026-07-30T20:06:38.781Z,,
60a1dd62-2675-4928-a482-4e4007e5a7bc,3f71aed7-3995-4321-aea3-e54eaa2ff7fe,6,5000000.00,approved,a0000000-0000-0000-0000-000000000001,2026-07-30T20:06:39.980Z,,2026-07-30T20:06:39.050Z,a0000000-0000-0000-0000-000000000001,2026-07-30T20:06:39.980Z,a0000000-0000-0000-0000-000000000001,
1d83dc3c-ef64-46a6-ab6f-65f3b27ccfa3,3f71aed7-3995-4321-aea3-e54eaa2ff7fe,7,5000000.00,under_review,,,,2026-07-30T20:06:40.031Z,a0000000-0000-0000-0000-000000000001,2026-07-30T20:06:40.379Z,a0000000-0000-0000-0000-000000000001,
e3e033ee-018a-4fbf-854b-f47d7ad1c7a7,3f71aed7-3995-4321-aea3-e54eaa2ff7fe,8,5000000.00,draft,,,,2026-07-30T20:06:40.667Z,a0000000-0000-0000-0000-000000000001,2026-07-30T20:06:40.667Z,,
a7842528-d678-4733-912a-7677f4610298,3f71aed7-3995-4321-aea3-e54eaa2ff7fe,9,5000000.00,approved,a0000000-0000-0000-0000-000000000001,2026-07-30T20:06:42.192Z,,2026-07-30T20:06:41.028Z,a0000000-0000-0000-0000-000000000001,2026-07-30T20:06:42.192Z,a0000000-0000-0000-0000-000000000001,
03b27951-f51f-4e0e-88c7-8fafb7b36070,3f71aed7-3995-4321-aea3-e54eaa2ff7fe,10,5000000.00,draft,,,,2026-07-30T20:06:42.263Z,a0000000-0000-0000-0000-000000000001,2026-07-30T20:06:42.961Z,a0000000-0000-0000-0000-000000000001,
0b3237d5-4c78-4bdb-b099-f4c2886a9d6c,3f71aed7-3995-4321-aea3-e54eaa2ff7fe,11,5000000.00,draft,,,,2026-07-30T20:06:43.032Z,a0000000-0000-0000-0000-000000000001,2026-07-30T20:06:43.651Z,a0000000-0000-0000-0000-000000000001,
52f7bc15-383a-4769-9620-aa94502dbd4b,b90cb556-b248-4c19-b34d-5fe698268de9,10,5000000.00,draft,,,,2026-07-31T11:49:27.808Z,a0000000-0000-0000-0000-000000000001,2026-07-31T11:49:28.615Z,a0000000-0000-0000-0000-000000000001,
db09d794-d0c4-44b8-937f-012d4cbbbc1d,fbc4490f-1f8a-4085-86da-8a5d9059b99d,1,20056000.00,draft,,,,2026-07-31T05:22:40.149Z,a0000000-0000-0000-0000-000000000001,2026-07-31T05:24:56.263Z,a0000000-0000-0000-0000-000000000001,51ee768b-ade2-4a23-89c9-bdc6320f61d3
10bb540d-9360-4f14-bb21-3eef2d253284,fbc4490f-1f8a-4085-86da-8a5d9059b99d,2,0.00,draft,,,,2026-07-31T05:29:16.852Z,a0000000-0000-0000-0000-000000000001,2026-07-31T05:29:16.852Z,,
92733a04-bc40-4c4b-aaf2-22cdedd1ff51,fbc4490f-1f8a-4085-86da-8a5d9059b99d,3,0.00,draft,,,,2026-07-31T05:29:22.835Z,a0000000-0000-0000-0000-000000000001,2026-07-31T05:29:22.835Z,,
3b66cd65-de2b-4f4a-b965-88af55838323,e6f1b4c9-e050-49fc-85be-edf460bcb36b,2,0.00,draft,,,,2026-07-31T05:29:34.666Z,a0000000-0000-0000-0000-000000000001,2026-07-31T05:29:34.666Z,,
fe867d84-c7bb-42ab-a625-81f449bbc388,fbc4490f-1f8a-4085-86da-8a5d9059b99d,4,0.00,draft,,,,2026-07-31T05:29:36.070Z,a0000000-0000-0000-0000-000000000001,2026-07-31T05:29:36.070Z,,
40995f68-2c07-41c7-a623-eb547cd03368,b90cb556-b248-4c19-b34d-5fe698268de9,1,0.00,draft,,,,2026-07-31T11:49:22.182Z,a0000000-0000-0000-0000-000000000001,2026-07-31T11:49:22.182Z,,
21cb5ec0-3c1c-4e80-9fa0-b7b03ca110d6,b90cb556-b248-4c19-b34d-5fe698268de9,2,12000000.00,draft,,,,2026-07-31T11:49:22.691Z,a0000000-0000-0000-0000-000000000001,2026-07-31T11:49:22.691Z,,
ca057d08-778f-4317-950f-ffcc6202740a,b90cb556-b248-4c19-b34d-5fe698268de9,3,0.00,draft,,,,2026-07-31T11:49:22.983Z,a0000000-0000-0000-0000-000000000001,2026-07-31T11:49:22.983Z,,
6fa1eb4c-ca2b-49cd-907e-825fb280c2ce,b90cb556-b248-4c19-b34d-5fe698268de9,4,5000000.00,under_review,,,,2026-07-31T11:49:23.375Z,a0000000-0000-0000-0000-000000000001,2026-07-31T11:49:23.765Z,a0000000-0000-0000-0000-000000000001,
1c055f27-056d-4519-b536-19eb1fa57196,b90cb556-b248-4c19-b34d-5fe698268de9,5,0.00,draft,,,,2026-07-31T11:49:23.820Z,a0000000-0000-0000-0000-000000000001,2026-07-31T11:49:23.820Z,,
6cf70c55-eb74-4435-831d-1c0567230e6d,b90cb556-b248-4c19-b34d-5fe698268de9,6,5000000.00,approved,a0000000-0000-0000-0000-000000000001,2026-07-31T11:49:25.150Z,,2026-07-31T11:49:24.166Z,a0000000-0000-0000-0000-000000000001,2026-07-31T11:49:25.150Z,a0000000-0000-0000-0000-000000000001,
1d7bbf11-c46f-4f14-986f-da1059a475b1,b90cb556-b248-4c19-b34d-5fe698268de9,7,5000000.00,under_review,,,,2026-07-31T11:49:25.197Z,a0000000-0000-0000-0000-000000000001,2026-07-31T11:49:25.513Z,a0000000-0000-0000-0000-000000000001,
b49eaae9-3ba2-4023-b35e-ab58e76ca6bb,b90cb556-b248-4c19-b34d-5fe698268de9,8,5000000.00,draft,,,,2026-07-31T11:49:25.753Z,a0000000-0000-0000-0000-000000000001,2026-07-31T11:49:25.753Z,,
fcca6a80-9d7a-48c7-8979-8a841b43fe1c,b90cb556-b248-4c19-b34d-5fe698268de9,9,5000000.00,approved,a0000000-0000-0000-0000-000000000001,2026-07-31T11:49:27.740Z,,2026-07-31T11:49:26.261Z,a0000000-0000-0000-0000-000000000001,2026-07-31T11:49:27.740Z,a0000000-0000-0000-0000-000000000001,
0accbbe7-5c8e-426f-ad72-0d5fc62ae2f2,b90cb556-b248-4c19-b34d-5fe698268de9,11,5000000.00,draft,,,,2026-07-31T11:49:28.690Z,a0000000-0000-0000-0000-000000000001,2026-07-31T11:49:29.665Z,a0000000-0000-0000-0000-000000000001,
55a81572-f391-4ef7-8b6a-b5e96a55051e,9dee6163-a68c-45d0-be85-95f7f30a6ff7,1,0.00,draft,,,,2026-07-31T12:17:12.781Z,a0000000-0000-0000-0000-000000000001,2026-07-31T12:17:12.781Z,,
ec088770-87f6-47f4-ba2f-3eead0d5d319,9dee6163-a68c-45d0-be85-95f7f30a6ff7,2,12000000.00,draft,,,,2026-07-31T12:17:13.318Z,a0000000-0000-0000-0000-000000000001,2026-07-31T12:17:13.318Z,,
5a7992f0-1fe5-4da3-bd12-30d9c443febc,9dee6163-a68c-45d0-be85-95f7f30a6ff7,3,0.00,draft,,,,2026-07-31T12:17:13.578Z,a0000000-0000-0000-0000-000000000001,2026-07-31T12:17:13.578Z,,
e9d39b0b-265c-470f-9f89-e23b983e04e8,9dee6163-a68c-45d0-be85-95f7f30a6ff7,4,5000000.00,under_review,,,,2026-07-31T12:17:13.992Z,a0000000-0000-0000-0000-000000000001,2026-07-31T12:17:14.354Z,a0000000-0000-0000-0000-000000000001,
632ce626-52c6-4397-9cca-4ab328f64af1,9dee6163-a68c-45d0-be85-95f7f30a6ff7,5,0.00,draft,,,,2026-07-31T12:17:14.414Z,a0000000-0000-0000-0000-000000000001,2026-07-31T12:17:14.414Z,,
d0b7320b-10d3-47f8-96e4-8cba1ade3009,9dee6163-a68c-45d0-be85-95f7f30a6ff7,6,5000000.00,approved,a0000000-0000-0000-0000-000000000001,2026-07-31T12:17:15.987Z,,2026-07-31T12:17:14.789Z,a0000000-0000-0000-0000-000000000001,2026-07-31T12:17:15.987Z,a0000000-0000-0000-0000-000000000001,
4b4032fc-2c9f-4354-97e4-618a91ef8ffd,9dee6163-a68c-45d0-be85-95f7f30a6ff7,7,5000000.00,under_review,,,,2026-07-31T12:17:16.053Z,a0000000-0000-0000-0000-000000000001,2026-07-31T12:17:16.404Z,a0000000-0000-0000-0000-000000000001,
1dde0ec7-ffcb-449f-9556-cb305401cd35,9dee6163-a68c-45d0-be85-95f7f30a6ff7,8,5000000.00,draft,,,,2026-07-31T12:17:16.704Z,a0000000-0000-0000-0000-000000000001,2026-07-31T12:17:16.704Z,,
6249ded5-b0cf-4c6e-86e4-ea9eb2cdb7cc,9dee6163-a68c-45d0-be85-95f7f30a6ff7,9,5000000.00,approved,a0000000-0000-0000-0000-000000000001,2026-07-31T12:17:18.638Z,,2026-07-31T12:17:17.204Z,a0000000-0000-0000-0000-000000000001,2026-07-31T12:17:18.638Z,a0000000-0000-0000-0000-000000000001,
3a88ca33-a74b-4f67-af64-7ebbe47f5783,9dee6163-a68c-45d0-be85-95f7f30a6ff7,10,5000000.00,draft,,,,2026-07-31T12:17:18.723Z,a0000000-0000-0000-0000-000000000001,2026-07-31T12:17:19.495Z,a0000000-0000-0000-0000-000000000001,
6c25c593-8b5d-4e74-9168-c42e6166d2d3,9dee6163-a68c-45d0-be85-95f7f30a6ff7,11,5000000.00,draft,,,,2026-07-31T12:17:19.571Z,a0000000-0000-0000-0000-000000000001,2026-07-31T12:17:20.294Z,a0000000-0000-0000-0000-000000000001,
ac9ace10-74ed-4446-8d42-f3f20b0fa5b2,08934d83-b653-4f53-8d6b-fbc81d38a42b,1,0.00,draft,,,,2026-07-31T12:24:11.297Z,a0000000-0000-0000-0000-000000000001,2026-07-31T12:24:11.297Z,,
20944019-57e8-4634-828f-05ffb342c45b,08934d83-b653-4f53-8d6b-fbc81d38a42b,2,12000000.00,draft,,,,2026-07-31T12:24:11.977Z,a0000000-0000-0000-0000-000000000001,2026-07-31T12:24:11.977Z,,
3b99b4bc-c18e-4fa1-a6d2-2b8739545abd,08934d83-b653-4f53-8d6b-fbc81d38a42b,3,0.00,draft,,,,2026-07-31T12:24:12.415Z,a0000000-0000-0000-0000-000000000001,2026-07-31T12:24:12.415Z,,
96b77443-dff6-4950-87c8-981bbf5f38c5,08934d83-b653-4f53-8d6b-fbc81d38a42b,4,5000000.00,under_review,,,,2026-07-31T12:24:12.874Z,a0000000-0000-0000-0000-000000000001,2026-07-31T12:24:13.401Z,a0000000-0000-0000-0000-000000000001,
8a0cb178-2573-4a28-8aa8-9caf6d7c7468,08934d83-b653-4f53-8d6b-fbc81d38a42b,5,0.00,draft,,,,2026-07-31T12:24:13.454Z,a0000000-0000-0000-0000-000000000001,2026-07-31T12:24:13.454Z,,
d921db46-49c9-45fc-95e9-396be66693b6,08934d83-b653-4f53-8d6b-fbc81d38a42b,6,5000000.00,approved,a0000000-0000-0000-0000-000000000001,2026-07-31T12:24:15.037Z,,2026-07-31T12:24:13.800Z,a0000000-0000-0000-0000-000000000001,2026-07-31T12:24:15.037Z,a0000000-0000-0000-0000-000000000001,
d26ce577-65d0-4e64-b004-9b131ad957f2,08934d83-b653-4f53-8d6b-fbc81d38a42b,7,5000000.00,under_review,,,,2026-07-31T12:24:15.087Z,a0000000-0000-0000-0000-000000000001,2026-07-31T12:24:15.460Z,a0000000-0000-0000-0000-000000000001,
4325d86c-4acc-4515-84e9-2deaeb1a01d1,08934d83-b653-4f53-8d6b-fbc81d38a42b,8,5000000.00,draft,,,,2026-07-31T12:24:15.674Z,a0000000-0000-0000-0000-000000000001,2026-07-31T12:24:15.674Z,,
b0ed6f1e-5fb2-4f59-b803-29edc7d4d99e,08934d83-b653-4f53-8d6b-fbc81d38a42b,9,5000000.00,approved,a0000000-0000-0000-0000-000000000001,2026-07-31T12:24:17.564Z,,2026-07-31T12:24:16.067Z,a0000000-0000-0000-0000-000000000001,2026-07-31T12:24:17.564Z,a0000000-0000-0000-0000-000000000001,
de10bad9-7c50-44be-8c57-ca794574a0bc,08934d83-b653-4f53-8d6b-fbc81d38a42b,10,5000000.00,draft,,,,2026-07-31T12:24:17.639Z,a0000000-0000-0000-0000-000000000001,2026-07-31T12:24:18.362Z,a0000000-0000-0000-0000-000000000001,
e1b2dace-7079-49e5-a5f9-16d55a06d9f4,08934d83-b653-4f53-8d6b-fbc81d38a42b,11,5000000.00,draft,,,,2026-07-31T12:24:18.436Z,a0000000-0000-0000-0000-000000000001,2026-07-31T12:24:19.245Z,a0000000-0000-0000-0000-000000000001,
1e88ee6f-d506-42e8-a477-e56297f63a5a,cb75052d-1121-4d6a-ab21-ccc4bc342c10,1,0.00,draft,,,,2026-07-31T14:46:13.403Z,a0000000-0000-0000-0000-000000000001,2026-07-31T14:46:13.403Z,,
a3a9537f-fa6e-47e0-863e-85baa15efd2b,cb75052d-1121-4d6a-ab21-ccc4bc342c10,2,12000000.00,draft,,,,2026-07-31T14:46:14.009Z,a0000000-0000-0000-0000-000000000001,2026-07-31T14:46:14.009Z,,
a8ca4052-b1b1-4620-88fc-01abddfb9a45,cb75052d-1121-4d6a-ab21-ccc4bc342c10,3,0.00,draft,,,,2026-07-31T14:46:14.299Z,a0000000-0000-0000-0000-000000000001,2026-07-31T14:46:14.299Z,,
c2ab2e18-6ce3-4eb6-a9a8-3aa172ac70be,cb75052d-1121-4d6a-ab21-ccc4bc342c10,4,5000000.00,under_review,,,,2026-07-31T14:46:14.759Z,a0000000-0000-0000-0000-000000000001,2026-07-31T14:46:15.145Z,a0000000-0000-0000-0000-000000000001,
b2254ce1-1724-49ee-b752-46870a90af99,cb75052d-1121-4d6a-ab21-ccc4bc342c10,5,0.00,draft,,,,2026-07-31T14:46:15.199Z,a0000000-0000-0000-0000-000000000001,2026-07-31T14:46:15.199Z,,
f17a624d-7b73-46c8-bb4a-3cfdca84f226,cb75052d-1121-4d6a-ab21-ccc4bc342c10,6,5000000.00,approved,a0000000-0000-0000-0000-000000000001,2026-07-31T14:46:16.773Z,,2026-07-31T14:46:15.576Z,a0000000-0000-0000-0000-000000000001,2026-07-31T14:46:16.773Z,a0000000-0000-0000-0000-000000000001,
b8a8b1ed-142f-4feb-a92e-de6e5cd64b02,cb75052d-1121-4d6a-ab21-ccc4bc342c10,7,5000000.00,under_review,,,,2026-07-31T14:46:16.827Z,a0000000-0000-0000-0000-000000000001,2026-07-31T14:46:17.194Z,a0000000-0000-0000-0000-000000000001,
5581aeef-213d-46f8-b50d-a0946fec8eb9,cb75052d-1121-4d6a-ab21-ccc4bc342c10,8,5000000.00,draft,,,,2026-07-31T14:46:17.426Z,a0000000-0000-0000-0000-000000000001,2026-07-31T14:46:17.426Z,,
b1800464-d55f-4418-bd88-aa243de24d36,cb75052d-1121-4d6a-ab21-ccc4bc342c10,9,5000000.00,approved,a0000000-0000-0000-0000-000000000001,2026-07-31T14:46:19.213Z,,2026-07-31T14:46:17.865Z,a0000000-0000-0000-0000-000000000001,2026-07-31T14:46:19.213Z,a0000000-0000-0000-0000-000000000001,
a683563b-a073-4617-8152-85e2bbab8850,cb75052d-1121-4d6a-ab21-ccc4bc342c10,10,5000000.00,draft,,,,2026-07-31T14:46:19.283Z,a0000000-0000-0000-0000-000000000001,2026-07-31T14:46:20.156Z,a0000000-0000-0000-0000-000000000001,
e3078437-a86d-4233-8ccf-2ed884a7e924,cb75052d-1121-4d6a-ab21-ccc4bc342c10,11,5000000.00,draft,,,,2026-07-31T14:46:20.226Z,a0000000-0000-0000-0000-000000000001,2026-07-31T14:46:21.016Z,a0000000-0000-0000-0000-000000000001,
e8622b70-2bd7-4586-946b-71b21e52af93,54a7721d-f6d8-42b4-97c4-bf665704cf02,7,5000000.00,under_review,,,,2026-07-31T16:23:05.142Z,a0000000-0000-0000-0000-000000000001,2026-07-31T16:23:05.494Z,a0000000-0000-0000-0000-000000000001,
575350b6-9176-4507-a615-be0ff05da50a,54a7721d-f6d8-42b4-97c4-bf665704cf02,8,5000000.00,draft,,,,2026-07-31T16:23:05.714Z,a0000000-0000-0000-0000-000000000001,2026-07-31T16:23:05.714Z,,
ff8192dc-8238-42ed-9ad5-f868fa80db6b,a6ed50ec-051d-4369-be17-e89f394cabcf,1,0.00,draft,,,,2026-07-31T14:49:14.839Z,a0000000-0000-0000-0000-000000000001,2026-07-31T14:49:14.839Z,,
1a64ce29-e347-4b67-8a72-8534e1f2c6a3,a6ed50ec-051d-4369-be17-e89f394cabcf,2,12000000.00,draft,,,,2026-07-31T14:49:15.344Z,a0000000-0000-0000-0000-000000000001,2026-07-31T14:49:15.344Z,,
5423cce1-9727-40af-b8c8-c348773bd197,a6ed50ec-051d-4369-be17-e89f394cabcf,3,0.00,draft,,,,2026-07-31T14:49:15.621Z,a0000000-0000-0000-0000-000000000001,2026-07-31T14:49:15.621Z,,
b9323aad-835f-45da-a1f8-d64e2330350d,a6ed50ec-051d-4369-be17-e89f394cabcf,4,5000000.00,under_review,,,,2026-07-31T14:49:16.030Z,a0000000-0000-0000-0000-000000000001,2026-07-31T14:49:16.402Z,a0000000-0000-0000-0000-000000000001,
f6526a50-66e4-4d79-a05d-1bbbdf233cdc,a6ed50ec-051d-4369-be17-e89f394cabcf,5,0.00,draft,,,,2026-07-31T14:49:16.451Z,a0000000-0000-0000-0000-000000000001,2026-07-31T14:49:16.451Z,,
4a81dce9-d9f7-40fb-9ea8-b7b3c2b47a94,a6ed50ec-051d-4369-be17-e89f394cabcf,6,5000000.00,approved,a0000000-0000-0000-0000-000000000001,2026-07-31T14:49:18.075Z,,2026-07-31T14:49:16.774Z,a0000000-0000-0000-0000-000000000001,2026-07-31T14:49:18.075Z,a0000000-0000-0000-0000-000000000001,
76249004-7c66-496d-82d5-5b6318aff933,a6ed50ec-051d-4369-be17-e89f394cabcf,7,5000000.00,under_review,,,,2026-07-31T14:49:18.122Z,a0000000-0000-0000-0000-000000000001,2026-07-31T14:49:18.464Z,a0000000-0000-0000-0000-000000000001,
7f2b7f2c-a1d7-4b13-8e5f-0d3a7bdfaecd,a6ed50ec-051d-4369-be17-e89f394cabcf,8,5000000.00,draft,,,,2026-07-31T14:49:18.704Z,a0000000-0000-0000-0000-000000000001,2026-07-31T14:49:18.704Z,,
690cb868-6fd3-4310-9a83-2c8815179188,a6ed50ec-051d-4369-be17-e89f394cabcf,9,5000000.00,approved,a0000000-0000-0000-0000-000000000001,2026-07-31T14:49:20.608Z,,2026-07-31T14:49:19.156Z,a0000000-0000-0000-0000-000000000001,2026-07-31T14:49:20.608Z,a0000000-0000-0000-0000-000000000001,
d5d4697e-7e02-4a21-b38a-e8d7ec7adfe7,a6ed50ec-051d-4369-be17-e89f394cabcf,10,5000000.00,draft,,,,2026-07-31T14:49:20.677Z,a0000000-0000-0000-0000-000000000001,2026-07-31T14:49:21.526Z,a0000000-0000-0000-0000-000000000001,
88ada859-e001-41b4-8f3f-73bf8ee886b8,a6ed50ec-051d-4369-be17-e89f394cabcf,11,5000000.00,draft,,,,2026-07-31T14:49:21.594Z,a0000000-0000-0000-0000-000000000001,2026-07-31T14:49:22.392Z,a0000000-0000-0000-0000-000000000001,
ef59d7fd-7aa7-4955-8401-9106c01bf41c,54a7721d-f6d8-42b4-97c4-bf665704cf02,1,0.00,draft,,,,2026-07-31T16:23:01.879Z,a0000000-0000-0000-0000-000000000001,2026-07-31T16:23:01.879Z,,
1a1a32cc-d36a-4a74-b4d2-798661123c90,54a7721d-f6d8-42b4-97c4-bf665704cf02,2,12000000.00,draft,,,,2026-07-31T16:23:02.416Z,a0000000-0000-0000-0000-000000000001,2026-07-31T16:23:02.416Z,,
671402c8-4e41-4718-8c3a-032ee51ad3e9,54a7721d-f6d8-42b4-97c4-bf665704cf02,3,0.00,draft,,,,2026-07-31T16:23:02.749Z,a0000000-0000-0000-0000-000000000001,2026-07-31T16:23:02.749Z,,
0f1fd086-3af1-4b46-9ceb-04691260c3dd,54a7721d-f6d8-42b4-97c4-bf665704cf02,4,5000000.00,under_review,,,,2026-07-31T16:23:03.231Z,a0000000-0000-0000-0000-000000000001,2026-07-31T16:23:03.621Z,a0000000-0000-0000-0000-000000000001,
96f40e53-02ff-454c-ba72-faab310c3c4b,54a7721d-f6d8-42b4-97c4-bf665704cf02,5,0.00,draft,,,,2026-07-31T16:23:03.672Z,a0000000-0000-0000-0000-000000000001,2026-07-31T16:23:03.672Z,,
34138916-a78b-4e2e-a2cb-1b87a9917f84,54a7721d-f6d8-42b4-97c4-bf665704cf02,6,5000000.00,approved,a0000000-0000-0000-0000-000000000001,2026-07-31T16:23:05.092Z,,2026-07-31T16:23:03.992Z,a0000000-0000-0000-0000-000000000001,2026-07-31T16:23:05.092Z,a0000000-0000-0000-0000-000000000001,
27832355-80b0-4d1d-b282-a6cc2dd2c9e3,54a7721d-f6d8-42b4-97c4-bf665704cf02,9,5000000.00,approved,a0000000-0000-0000-0000-000000000001,2026-07-31T16:23:07.632Z,,2026-07-31T16:23:06.162Z,a0000000-0000-0000-0000-000000000001,2026-07-31T16:23:07.632Z,a0000000-0000-0000-0000-000000000001,
f3eaa3b1-5aaa-4ee4-be52-0d8197aba744,54a7721d-f6d8-42b4-97c4-bf665704cf02,10,5000000.00,draft,,,,2026-07-31T16:23:07.705Z,a0000000-0000-0000-0000-000000000001,2026-07-31T16:23:08.451Z,a0000000-0000-0000-0000-000000000001,
0a9fd3f7-a1e3-40f9-9e19-e6acd7b6ded9,54a7721d-f6d8-42b4-97c4-bf665704cf02,11,5000000.00,draft,,,,2026-07-31T16:23:08.525Z,a0000000-0000-0000-0000-000000000001,2026-07-31T16:23:09.368Z,a0000000-0000-0000-0000-000000000001,
c30a2f12-404f-469f-ad8f-bc0cb03a3fff,0ed2567a-d9c3-4c3b-aff4-3b34db5d3367,2,12000000.00,draft,,,,2026-07-31T16:26:07.679Z,a0000000-0000-0000-0000-000000000001,2026-07-31T16:26:07.679Z,,
d10f0df1-28a0-4613-93ce-a2639fbeb520,0ed2567a-d9c3-4c3b-aff4-3b34db5d3367,3,0.00,draft,,,,2026-07-31T16:26:07.959Z,a0000000-0000-0000-0000-000000000001,2026-07-31T16:26:07.959Z,,
ba85a625-7895-4f31-9342-0a8d13d972a7,0ed2567a-d9c3-4c3b-aff4-3b34db5d3367,4,5000000.00,under_review,,,,2026-07-31T16:26:08.396Z,a0000000-0000-0000-0000-000000000001,2026-07-31T16:26:08.787Z,a0000000-0000-0000-0000-000000000001,
93c24c53-5de2-4133-b572-edcb9a15917d,0ed2567a-d9c3-4c3b-aff4-3b34db5d3367,1,0.00,draft,,,,2026-07-31T16:26:07.116Z,a0000000-0000-0000-0000-000000000001,2026-07-31T16:26:07.116Z,,
7ae46b66-aee7-4119-8132-3c12fd968dde,0ed2567a-d9c3-4c3b-aff4-3b34db5d3367,5,0.00,draft,,,,2026-07-31T16:26:08.839Z,a0000000-0000-0000-0000-000000000001,2026-07-31T16:26:08.839Z,,
e24de9b6-2e2b-49a3-a637-47c216065c9c,0ed2567a-d9c3-4c3b-aff4-3b34db5d3367,6,5000000.00,approved,a0000000-0000-0000-0000-000000000001,2026-07-31T16:26:10.436Z,,2026-07-31T16:26:09.284Z,a0000000-0000-0000-0000-000000000001,2026-07-31T16:26:10.436Z,a0000000-0000-0000-0000-000000000001,
80e3207e-1370-436f-808f-c810b1c158b6,0ed2567a-d9c3-4c3b-aff4-3b34db5d3367,7,5000000.00,under_review,,,,2026-07-31T16:26:10.494Z,a0000000-0000-0000-0000-000000000001,2026-07-31T16:26:10.878Z,a0000000-0000-0000-0000-000000000001,
f19d8cdc-fccd-4267-b6db-ecce6905f6d8,0ed2567a-d9c3-4c3b-aff4-3b34db5d3367,8,5000000.00,draft,,,,2026-07-31T16:26:11.138Z,a0000000-0000-0000-0000-000000000001,2026-07-31T16:26:11.138Z,,
0523a058-2e81-4f05-8f0e-dc847410d973,0ed2567a-d9c3-4c3b-aff4-3b34db5d3367,9,5000000.00,approved,a0000000-0000-0000-0000-000000000001,2026-07-31T16:26:12.951Z,,2026-07-31T16:26:11.556Z,a0000000-0000-0000-0000-000000000001,2026-07-31T16:26:12.951Z,a0000000-0000-0000-0000-000000000001,
78837366-d50b-45cc-9534-155768a03d45,0ed2567a-d9c3-4c3b-aff4-3b34db5d3367,10,5000000.00,draft,,,,2026-07-31T16:26:13.020Z,a0000000-0000-0000-0000-000000000001,2026-07-31T16:26:13.803Z,a0000000-0000-0000-0000-000000000001,
774d5ca2-c8d8-4ee4-b9c2-55b07b69baf5,0ed2567a-d9c3-4c3b-aff4-3b34db5d3367,11,5000000.00,draft,,,,2026-07-31T16:26:13.874Z,a0000000-0000-0000-0000-000000000001,2026-07-31T16:26:14.644Z,a0000000-0000-0000-0000-000000000001,
6d81b8aa-5067-4c12-b7a1-bcefe42bd7d3,e91102b4-916a-4d6a-965b-f602668450a1,1,0.00,draft,,,,2026-07-31T16:47:41.757Z,a0000000-0000-0000-0000-000000000001,2026-07-31T16:47:41.757Z,,
104f0ff7-45a1-4f18-876e-364a27d11dee,e91102b4-916a-4d6a-965b-f602668450a1,2,12000000.00,draft,,,,2026-07-31T16:47:42.307Z,a0000000-0000-0000-0000-000000000001,2026-07-31T16:47:42.307Z,,
5adec399-b516-4ed9-ae85-ab9c533a6a5e,e91102b4-916a-4d6a-965b-f602668450a1,3,0.00,draft,,,,2026-07-31T16:47:42.592Z,a0000000-0000-0000-0000-000000000001,2026-07-31T16:47:42.592Z,,
77d363b5-6824-4240-99db-68f470eea177,e91102b4-916a-4d6a-965b-f602668450a1,4,5000000.00,under_review,,,,2026-07-31T16:47:43.014Z,a0000000-0000-0000-0000-000000000001,2026-07-31T16:47:43.347Z,a0000000-0000-0000-0000-000000000001,
9b976a53-e77c-477c-a5e0-e7f1d370dec3,e91102b4-916a-4d6a-965b-f602668450a1,5,0.00,draft,,,,2026-07-31T16:47:43.398Z,a0000000-0000-0000-0000-000000000001,2026-07-31T16:47:43.398Z,,
088e1dde-22bc-4811-ab0b-2c83c9741d22,e91102b4-916a-4d6a-965b-f602668450a1,6,5000000.00,approved,a0000000-0000-0000-0000-000000000001,2026-07-31T16:47:44.653Z,,2026-07-31T16:47:43.712Z,a0000000-0000-0000-0000-000000000001,2026-07-31T16:47:44.653Z,a0000000-0000-0000-0000-000000000001,
c50f923d-d83e-41a3-a280-b562fa086455,e91102b4-916a-4d6a-965b-f602668450a1,7,5000000.00,under_review,,,,2026-07-31T16:47:44.701Z,a0000000-0000-0000-0000-000000000001,2026-07-31T16:47:45.039Z,a0000000-0000-0000-0000-000000000001,
eae36439-cfba-44cb-83b7-9bb77e8e6263,e91102b4-916a-4d6a-965b-f602668450a1,8,5000000.00,draft,,,,2026-07-31T16:47:45.281Z,a0000000-0000-0000-0000-000000000001,2026-07-31T16:47:45.281Z,,
b0327252-2a20-4730-81a4-d002839fb33d,e91102b4-916a-4d6a-965b-f602668450a1,9,5000000.00,approved,a0000000-0000-0000-0000-000000000001,2026-07-31T16:47:47.066Z,,2026-07-31T16:47:45.679Z,a0000000-0000-0000-0000-000000000001,2026-07-31T16:47:47.066Z,a0000000-0000-0000-0000-000000000001,
7d025666-5331-466c-a4f9-092c341fc22a,e91102b4-916a-4d6a-965b-f602668450a1,10,5000000.00,draft,,,,2026-07-31T16:47:47.134Z,a0000000-0000-0000-0000-000000000001,2026-07-31T16:47:47.864Z,a0000000-0000-0000-0000-000000000001,
ccd84ce3-7795-47f9-90ad-a78be5238c80,e91102b4-916a-4d6a-965b-f602668450a1,11,5000000.00,draft,,,,2026-07-31T16:47:47.945Z,a0000000-0000-0000-0000-000000000001,2026-07-31T16:47:48.704Z,a0000000-0000-0000-0000-000000000001,
456cbee5-ae68-47df-a51f-a5757b691fcf,425cbf00-012f-41e5-ab64-f4e92165a503,1,0.00,draft,,,,2026-07-31T16:52:44.164Z,a0000000-0000-0000-0000-000000000001,2026-07-31T16:52:44.164Z,,
9aae62b1-a576-4eb8-9c9c-87afba91ba98,975d8d20-2ed9-4fc3-afb3-9e9bba9edea8,1,0.00,draft,,,,2026-07-31T12:46:56.833Z,a0000000-0000-0000-0000-000000000001,2026-07-31T12:46:56.833Z,,
15d1c0ef-fc98-41ce-9508-d4df98998bbd,975d8d20-2ed9-4fc3-afb3-9e9bba9edea8,2,12000000.00,draft,,,,2026-07-31T12:46:57.341Z,a0000000-0000-0000-0000-000000000001,2026-07-31T12:46:57.341Z,,
4ff99123-8c23-463e-897a-7a281189276f,975d8d20-2ed9-4fc3-afb3-9e9bba9edea8,3,0.00,draft,,,,2026-07-31T12:46:57.655Z,a0000000-0000-0000-0000-000000000001,2026-07-31T12:46:57.655Z,,
660e3c8a-465a-4584-9995-e4a6221c2c35,975d8d20-2ed9-4fc3-afb3-9e9bba9edea8,4,5000000.00,under_review,,,,2026-07-31T12:46:58.109Z,a0000000-0000-0000-0000-000000000001,2026-07-31T12:46:58.516Z,a0000000-0000-0000-0000-000000000001,
b2572c5d-9a69-4531-b1e3-c53e76d13da9,975d8d20-2ed9-4fc3-afb3-9e9bba9edea8,5,0.00,draft,,,,2026-07-31T12:46:58.565Z,a0000000-0000-0000-0000-000000000001,2026-07-31T12:46:58.565Z,,
659399ae-eecb-476a-ab5e-a18b10e80bd4,975d8d20-2ed9-4fc3-afb3-9e9bba9edea8,6,5000000.00,approved,a0000000-0000-0000-0000-000000000001,2026-07-31T12:47:00.510Z,,2026-07-31T12:46:59.070Z,a0000000-0000-0000-0000-000000000001,2026-07-31T12:47:00.510Z,a0000000-0000-0000-0000-000000000001,
7a2fd881-75a5-424d-bf0f-6eb5a011dfd8,1ba18c3c-c93e-4c64-ac43-0fae20c6d451,10,5000000.00,draft,,,,2026-07-31T16:01:03.035Z,a0000000-0000-0000-0000-000000000001,2026-07-31T16:01:04.298Z,a0000000-0000-0000-0000-000000000001,
aa419e69-8e8f-44a7-b2e9-75a312945c6b,975d8d20-2ed9-4fc3-afb3-9e9bba9edea8,7,5000000.00,under_review,,,,2026-07-31T12:47:00.573Z,a0000000-0000-0000-0000-000000000001,2026-07-31T12:47:01.050Z,a0000000-0000-0000-0000-000000000001,
4e597537-9559-4250-9a8f-d081f70d0d47,975d8d20-2ed9-4fc3-afb3-9e9bba9edea8,8,5000000.00,draft,,,,2026-07-31T12:47:01.292Z,a0000000-0000-0000-0000-000000000001,2026-07-31T12:47:01.292Z,,
ee255564-2dbb-4466-bf31-119da9666b78,975d8d20-2ed9-4fc3-afb3-9e9bba9edea8,9,5000000.00,approved,a0000000-0000-0000-0000-000000000001,2026-07-31T12:47:03.841Z,,2026-07-31T12:47:01.973Z,a0000000-0000-0000-0000-000000000001,2026-07-31T12:47:03.841Z,a0000000-0000-0000-0000-000000000001,
bab05274-abad-4b0c-9f7e-aa9c5c31c0c7,975d8d20-2ed9-4fc3-afb3-9e9bba9edea8,10,5000000.00,draft,,,,2026-07-31T12:47:03.930Z,a0000000-0000-0000-0000-000000000001,2026-07-31T12:47:04.766Z,a0000000-0000-0000-0000-000000000001,
e79edb9b-15af-427f-8264-ac0dcdd6c126,975d8d20-2ed9-4fc3-afb3-9e9bba9edea8,11,5000000.00,draft,,,,2026-07-31T12:47:04.832Z,a0000000-0000-0000-0000-000000000001,2026-07-31T12:47:05.809Z,a0000000-0000-0000-0000-000000000001,
8ee19ac8-4f53-49c9-86cb-6407ca7a4116,1ba18c3c-c93e-4c64-ac43-0fae20c6d451,11,5000000.00,draft,,,,2026-07-31T16:01:04.366Z,a0000000-0000-0000-0000-000000000001,2026-07-31T16:01:05.246Z,a0000000-0000-0000-0000-000000000001,
edbe6cd1-b8c4-411d-ac11-ae7febcfd55d,8d6bb986-db2e-4c6e-a9ea-8c88d9c4a76c,11,5000000.00,draft,,,,2026-07-31T13:07:54.061Z,a0000000-0000-0000-0000-000000000001,2026-07-31T13:07:55.102Z,a0000000-0000-0000-0000-000000000001,
93be3862-a7ae-4fc0-8520-bee436e95614,1ba18c3c-c93e-4c64-ac43-0fae20c6d451,1,0.00,draft,,,,2026-07-31T16:00:56.546Z,a0000000-0000-0000-0000-000000000001,2026-07-31T16:00:56.546Z,,
dd145659-c8d6-47e7-9e09-e0aac81c6f89,1ba18c3c-c93e-4c64-ac43-0fae20c6d451,2,12000000.00,draft,,,,2026-07-31T16:00:57.133Z,a0000000-0000-0000-0000-000000000001,2026-07-31T16:00:57.133Z,,
06289ce5-3e61-48fd-903e-c6f0174082f6,1ba18c3c-c93e-4c64-ac43-0fae20c6d451,3,0.00,draft,,,,2026-07-31T16:00:57.427Z,a0000000-0000-0000-0000-000000000001,2026-07-31T16:00:57.427Z,,
0a46707b-f605-494d-8db2-99da1e8a15bb,1ba18c3c-c93e-4c64-ac43-0fae20c6d451,4,5000000.00,under_review,,,,2026-07-31T16:00:57.973Z,a0000000-0000-0000-0000-000000000001,2026-07-31T16:00:58.368Z,a0000000-0000-0000-0000-000000000001,
ff4e19ac-f8f9-444b-addb-9ca25068ff7f,1ba18c3c-c93e-4c64-ac43-0fae20c6d451,5,0.00,draft,,,,2026-07-31T16:00:58.429Z,a0000000-0000-0000-0000-000000000001,2026-07-31T16:00:58.429Z,,
2de62834-fefd-4459-ac9a-3393c93276a6,1ba18c3c-c93e-4c64-ac43-0fae20c6d451,6,5000000.00,approved,a0000000-0000-0000-0000-000000000001,2026-07-31T16:01:00.274Z,,2026-07-31T16:00:58.855Z,a0000000-0000-0000-0000-000000000001,2026-07-31T16:01:00.274Z,a0000000-0000-0000-0000-000000000001,
6f86750a-8908-411c-8edf-60096aeeb5c5,8d6bb986-db2e-4c6e-a9ea-8c88d9c4a76c,1,0.00,draft,,,,2026-07-31T13:07:45.984Z,a0000000-0000-0000-0000-000000000001,2026-07-31T13:07:45.984Z,,
bdbbfe2d-7ec1-451a-b441-c05fd78b77c6,8d6bb986-db2e-4c6e-a9ea-8c88d9c4a76c,2,12000000.00,draft,,,,2026-07-31T13:07:46.705Z,a0000000-0000-0000-0000-000000000001,2026-07-31T13:07:46.705Z,,
b388370a-9db9-46ae-93e3-acebb7c80423,8d6bb986-db2e-4c6e-a9ea-8c88d9c4a76c,3,0.00,draft,,,,2026-07-31T13:07:47.016Z,a0000000-0000-0000-0000-000000000001,2026-07-31T13:07:47.016Z,,
c3f25709-5bf7-498d-9004-0ef2502f0526,8d6bb986-db2e-4c6e-a9ea-8c88d9c4a76c,4,5000000.00,under_review,,,,2026-07-31T13:07:47.584Z,a0000000-0000-0000-0000-000000000001,2026-07-31T13:07:48.023Z,a0000000-0000-0000-0000-000000000001,
d1612373-b892-4cf4-9f25-e8be8cbf2f54,8d6bb986-db2e-4c6e-a9ea-8c88d9c4a76c,5,0.00,draft,,,,2026-07-31T13:07:48.086Z,a0000000-0000-0000-0000-000000000001,2026-07-31T13:07:48.086Z,,
74cb9155-1e61-41e4-9ef8-7f438141d19c,1ba18c3c-c93e-4c64-ac43-0fae20c6d451,7,5000000.00,under_review,,,,2026-07-31T16:01:00.337Z,a0000000-0000-0000-0000-000000000001,2026-07-31T16:01:00.886Z,a0000000-0000-0000-0000-000000000001,
663d7d0a-235c-4c64-b7cb-086cbbeed67a,1ba18c3c-c93e-4c64-ac43-0fae20c6d451,8,5000000.00,draft,,,,2026-07-31T16:01:01.122Z,a0000000-0000-0000-0000-000000000001,2026-07-31T16:01:01.122Z,,
e04342d1-201d-4f54-bb1e-cab3ec408978,8d6bb986-db2e-4c6e-a9ea-8c88d9c4a76c,6,5000000.00,approved,a0000000-0000-0000-0000-000000000001,2026-07-31T13:07:50.099Z,,2026-07-31T13:07:48.533Z,a0000000-0000-0000-0000-000000000001,2026-07-31T13:07:50.099Z,a0000000-0000-0000-0000-000000000001,
68c5a22c-d9ef-4c44-a637-a78d1e784856,8d6bb986-db2e-4c6e-a9ea-8c88d9c4a76c,7,5000000.00,under_review,,,,2026-07-31T13:07:50.157Z,a0000000-0000-0000-0000-000000000001,2026-07-31T13:07:50.561Z,a0000000-0000-0000-0000-000000000001,
d80aa27d-e0b4-40e6-84c0-7e1c0935e8bd,8d6bb986-db2e-4c6e-a9ea-8c88d9c4a76c,8,5000000.00,draft,,,,2026-07-31T13:07:50.886Z,a0000000-0000-0000-0000-000000000001,2026-07-31T13:07:50.886Z,,
e957cff5-85c2-4578-a67c-c896f1532689,1ba18c3c-c93e-4c64-ac43-0fae20c6d451,9,5000000.00,approved,a0000000-0000-0000-0000-000000000001,2026-07-31T16:01:02.965Z,,2026-07-31T16:01:01.580Z,a0000000-0000-0000-0000-000000000001,2026-07-31T16:01:02.965Z,a0000000-0000-0000-0000-000000000001,
cd3b98b4-20f9-47aa-af43-20640d43e659,8d6bb986-db2e-4c6e-a9ea-8c88d9c4a76c,9,5000000.00,approved,a0000000-0000-0000-0000-000000000001,2026-07-31T13:07:52.955Z,,2026-07-31T13:07:51.345Z,a0000000-0000-0000-0000-000000000001,2026-07-31T13:07:52.955Z,a0000000-0000-0000-0000-000000000001,
b9380eed-a7e1-4f64-9ad6-f90bf8c12a26,8d6bb986-db2e-4c6e-a9ea-8c88d9c4a76c,10,5000000.00,draft,,,,2026-07-31T13:07:53.026Z,a0000000-0000-0000-0000-000000000001,2026-07-31T13:07:53.990Z,a0000000-0000-0000-0000-000000000001,
9e3afcdd-f42d-46ce-a751-474c78a8b70d,e59fc1e6-e602-4b7f-bfe6-0a82c599e08e,7,5000000.00,under_review,,,,2026-07-31T16:04:09.666Z,a0000000-0000-0000-0000-000000000001,2026-07-31T16:04:10.048Z,a0000000-0000-0000-0000-000000000001,
c6e87d4f-1e92-4dfe-95c9-3b3d46ddbda6,e59fc1e6-e602-4b7f-bfe6-0a82c599e08e,8,5000000.00,draft,,,,2026-07-31T16:04:10.363Z,a0000000-0000-0000-0000-000000000001,2026-07-31T16:04:10.363Z,,
1298eeb5-9039-4fee-8edf-192fc7f178fc,e59fc1e6-e602-4b7f-bfe6-0a82c599e08e,1,0.00,draft,,,,2026-07-31T16:04:06.238Z,a0000000-0000-0000-0000-000000000001,2026-07-31T16:04:06.238Z,,
bc30ea32-725b-416d-90d8-0767de68881f,e59fc1e6-e602-4b7f-bfe6-0a82c599e08e,2,12000000.00,draft,,,,2026-07-31T16:04:06.789Z,a0000000-0000-0000-0000-000000000001,2026-07-31T16:04:06.789Z,,
e99587be-0472-490f-8ce5-da6d69f9a621,e59fc1e6-e602-4b7f-bfe6-0a82c599e08e,3,0.00,draft,,,,2026-07-31T16:04:07.111Z,a0000000-0000-0000-0000-000000000001,2026-07-31T16:04:07.111Z,,
e77d7513-07d8-4e54-ad3a-d7fc8109e870,e59fc1e6-e602-4b7f-bfe6-0a82c599e08e,4,5000000.00,under_review,,,,2026-07-31T16:04:07.537Z,a0000000-0000-0000-0000-000000000001,2026-07-31T16:04:07.931Z,a0000000-0000-0000-0000-000000000001,
8230dcac-7005-4bdc-bb34-c8dbb28ad3fe,e59fc1e6-e602-4b7f-bfe6-0a82c599e08e,5,0.00,draft,,,,2026-07-31T16:04:07.983Z,a0000000-0000-0000-0000-000000000001,2026-07-31T16:04:07.983Z,,
b03c53b1-4b0c-4725-a85f-16b599b6272f,e59fc1e6-e602-4b7f-bfe6-0a82c599e08e,6,5000000.00,approved,a0000000-0000-0000-0000-000000000001,2026-07-31T16:04:09.611Z,,2026-07-31T16:04:08.360Z,a0000000-0000-0000-0000-000000000001,2026-07-31T16:04:09.611Z,a0000000-0000-0000-0000-000000000001,
9b99f172-904c-4bc3-9873-683838d1d88d,e59fc1e6-e602-4b7f-bfe6-0a82c599e08e,9,5000000.00,approved,a0000000-0000-0000-0000-000000000001,2026-07-31T16:04:12.244Z,,2026-07-31T16:04:10.779Z,a0000000-0000-0000-0000-000000000001,2026-07-31T16:04:12.244Z,a0000000-0000-0000-0000-000000000001,
9e32a3ee-00af-4c9e-bfdd-62048f88707d,e59fc1e6-e602-4b7f-bfe6-0a82c599e08e,10,5000000.00,draft,,,,2026-07-31T16:04:12.318Z,a0000000-0000-0000-0000-000000000001,2026-07-31T16:04:13.101Z,a0000000-0000-0000-0000-000000000001,
fa32b4e4-d1cc-4a14-a620-ad19462b2aa6,e59fc1e6-e602-4b7f-bfe6-0a82c599e08e,11,5000000.00,draft,,,,2026-07-31T16:04:13.175Z,a0000000-0000-0000-0000-000000000001,2026-07-31T16:04:13.931Z,a0000000-0000-0000-0000-000000000001,
04a25e6a-99d0-44d4-9c97-3335a81bb875,fffb83aa-d4c8-4c20-8d3a-797e5a900b9a,3,0.00,draft,,,,2026-07-31T16:08:08.871Z,a0000000-0000-0000-0000-000000000001,2026-07-31T16:08:08.871Z,,
9de2b8f4-bbc5-4b64-8b21-d32c615536f1,fffb83aa-d4c8-4c20-8d3a-797e5a900b9a,1,0.00,draft,,,,2026-07-31T16:08:07.964Z,a0000000-0000-0000-0000-000000000001,2026-07-31T16:08:07.964Z,,
f37e6c55-7c65-4e7b-ba9c-c6b84bec36c1,fffb83aa-d4c8-4c20-8d3a-797e5a900b9a,2,12000000.00,draft,,,,2026-07-31T16:08:08.574Z,a0000000-0000-0000-0000-000000000001,2026-07-31T16:08:08.574Z,,
a978c6d3-6e8e-4c58-bf80-53bf32ed014c,fffb83aa-d4c8-4c20-8d3a-797e5a900b9a,4,5000000.00,under_review,,,,2026-07-31T16:08:09.317Z,a0000000-0000-0000-0000-000000000001,2026-07-31T16:08:09.793Z,a0000000-0000-0000-0000-000000000001,
e97c4964-bc34-4981-9433-cb9c05a414ba,fffb83aa-d4c8-4c20-8d3a-797e5a900b9a,5,0.00,draft,,,,2026-07-31T16:08:09.846Z,a0000000-0000-0000-0000-000000000001,2026-07-31T16:08:09.846Z,,
24a0de57-5503-481d-acbd-79ea8f801be2,fffb83aa-d4c8-4c20-8d3a-797e5a900b9a,6,5000000.00,approved,a0000000-0000-0000-0000-000000000001,2026-07-31T16:08:11.262Z,,2026-07-31T16:08:10.201Z,a0000000-0000-0000-0000-000000000001,2026-07-31T16:08:11.262Z,a0000000-0000-0000-0000-000000000001,
05ebb3c0-9ab7-477c-bf32-a51c7dad4b0a,fffb83aa-d4c8-4c20-8d3a-797e5a900b9a,7,5000000.00,under_review,,,,2026-07-31T16:08:11.310Z,a0000000-0000-0000-0000-000000000001,2026-07-31T16:08:11.634Z,a0000000-0000-0000-0000-000000000001,
897c7fe5-9295-4667-a014-f718774e20b8,fffb83aa-d4c8-4c20-8d3a-797e5a900b9a,8,5000000.00,draft,,,,2026-07-31T16:08:11.930Z,a0000000-0000-0000-0000-000000000001,2026-07-31T16:08:11.930Z,,
d1591751-2f73-4572-9990-84e3b295c43a,fffb83aa-d4c8-4c20-8d3a-797e5a900b9a,9,5000000.00,approved,a0000000-0000-0000-0000-000000000001,2026-07-31T16:08:13.848Z,,2026-07-31T16:08:12.330Z,a0000000-0000-0000-0000-000000000001,2026-07-31T16:08:13.848Z,a0000000-0000-0000-0000-000000000001,
1253823a-4937-4a44-9b48-a4ba5c566bcf,fffb83aa-d4c8-4c20-8d3a-797e5a900b9a,10,5000000.00,draft,,,,2026-07-31T16:08:13.925Z,a0000000-0000-0000-0000-000000000001,2026-07-31T16:08:14.674Z,a0000000-0000-0000-0000-000000000001,
0878c401-3d58-4ce2-9bb4-8623f8fd08a8,fffb83aa-d4c8-4c20-8d3a-797e5a900b9a,11,5000000.00,draft,,,,2026-07-31T16:08:14.746Z,a0000000-0000-0000-0000-000000000001,2026-07-31T16:08:15.508Z,a0000000-0000-0000-0000-000000000001,
896f1917-9215-42ee-b7c1-d4ed77c57278,425cbf00-012f-41e5-ab64-f4e92165a503,2,12000000.00,draft,,,,2026-07-31T16:52:44.689Z,a0000000-0000-0000-0000-000000000001,2026-07-31T16:52:44.689Z,,
9e0a771b-9fe4-45c5-ac52-4e858b6305fd,425cbf00-012f-41e5-ab64-f4e92165a503,3,0.00,draft,,,,2026-07-31T16:52:45.019Z,a0000000-0000-0000-0000-000000000001,2026-07-31T16:52:45.019Z,,
f0b2434d-b5a5-42c0-b6da-a982fdb6dddf,425cbf00-012f-41e5-ab64-f4e92165a503,4,5000000.00,under_review,,,,2026-07-31T16:52:45.460Z,a0000000-0000-0000-0000-000000000001,2026-07-31T16:52:45.847Z,a0000000-0000-0000-0000-000000000001,
1b8f7d1b-8a96-423f-ab92-5fb66f0e96ae,425cbf00-012f-41e5-ab64-f4e92165a503,5,0.00,draft,,,,2026-07-31T16:52:45.894Z,a0000000-0000-0000-0000-000000000001,2026-07-31T16:52:45.894Z,,
ce7d6174-8e22-42f8-b754-d90acb51108f,d75977bc-a08f-41d3-a184-36ba0c90788d,7,5000000.00,under_review,,,,2026-07-31T17:06:40.508Z,a0000000-0000-0000-0000-000000000001,2026-07-31T17:06:40.836Z,a0000000-0000-0000-0000-000000000001,
570ae843-b84f-4b8c-84e5-8828d9d928cd,d75977bc-a08f-41d3-a184-36ba0c90788d,9,5000000.00,approved,a0000000-0000-0000-0000-000000000001,2026-07-31T17:06:42.768Z,,2026-07-31T17:06:41.456Z,a0000000-0000-0000-0000-000000000001,2026-07-31T17:06:42.768Z,a0000000-0000-0000-0000-000000000001,
a27d93ed-afbd-434e-801c-f6d32ab9ea25,f4b64aa4-2133-47b4-b5f6-f0079b31b10b,1,0.00,draft,,,,2026-07-31T17:09:36.875Z,a0000000-0000-0000-0000-000000000001,2026-07-31T17:09:36.875Z,,
3728b53a-30f3-4977-b06f-ebd011d16570,d75977bc-a08f-41d3-a184-36ba0c90788d,10,5000000.00,draft,,,,2026-07-31T17:06:42.836Z,a0000000-0000-0000-0000-000000000001,2026-07-31T17:06:43.525Z,a0000000-0000-0000-0000-000000000001,
b2ed22b7-1bf6-47b0-b3db-b9621acf9bb4,f4b64aa4-2133-47b4-b5f6-f0079b31b10b,2,12000000.00,draft,,,,2026-07-31T17:09:37.429Z,a0000000-0000-0000-0000-000000000001,2026-07-31T17:09:37.429Z,,
18a476fe-cd78-4997-a34b-0c5b1e9fcb1b,d75977bc-a08f-41d3-a184-36ba0c90788d,11,5000000.00,draft,,,,2026-07-31T17:06:43.593Z,a0000000-0000-0000-0000-000000000001,2026-07-31T17:06:44.311Z,a0000000-0000-0000-0000-000000000001,
c519ecd7-4bd2-4a89-b27f-a13b895557f6,f4b64aa4-2133-47b4-b5f6-f0079b31b10b,3,0.00,draft,,,,2026-07-31T17:09:37.691Z,a0000000-0000-0000-0000-000000000001,2026-07-31T17:09:37.691Z,,
80b1dc1e-2d2d-413c-a45d-d0e0d3c51a4c,2e8dd71f-6195-4557-865d-898891c78bda,8,5000000.00,draft,,,,2026-08-01T08:04:21.275Z,a0000000-0000-0000-0000-000000000001,2026-08-01T08:04:21.275Z,,
84838fb8-481e-4412-9162-a5037866ba20,f4b64aa4-2133-47b4-b5f6-f0079b31b10b,4,5000000.00,under_review,,,,2026-07-31T17:09:38.100Z,a0000000-0000-0000-0000-000000000001,2026-07-31T17:09:38.428Z,a0000000-0000-0000-0000-000000000001,
b402d10c-d5bc-4b22-bdcc-cbcc9c3e4dc4,f4b64aa4-2133-47b4-b5f6-f0079b31b10b,5,0.00,draft,,,,2026-07-31T17:09:38.479Z,a0000000-0000-0000-0000-000000000001,2026-07-31T17:09:38.479Z,,
d590cd5a-aa80-4b2e-81ee-dc2528fc033f,f4b64aa4-2133-47b4-b5f6-f0079b31b10b,6,5000000.00,approved,a0000000-0000-0000-0000-000000000001,2026-07-31T17:09:39.831Z,,2026-07-31T17:09:38.812Z,a0000000-0000-0000-0000-000000000001,2026-07-31T17:09:39.831Z,a0000000-0000-0000-0000-000000000001,
a5f992b3-eacc-4c7f-90a5-89dd004870be,f4b64aa4-2133-47b4-b5f6-f0079b31b10b,7,5000000.00,under_review,,,,2026-07-31T17:09:39.881Z,a0000000-0000-0000-0000-000000000001,2026-07-31T17:09:40.208Z,a0000000-0000-0000-0000-000000000001,
6c6f88c7-060a-44d9-bc14-8c500d317867,f4b64aa4-2133-47b4-b5f6-f0079b31b10b,8,5000000.00,draft,,,,2026-07-31T17:09:40.410Z,a0000000-0000-0000-0000-000000000001,2026-07-31T17:09:40.410Z,,
3de0aeb3-2100-4623-b6ca-5fabd19244bc,f4b64aa4-2133-47b4-b5f6-f0079b31b10b,9,5000000.00,approved,a0000000-0000-0000-0000-000000000001,2026-07-31T17:09:42.444Z,,2026-07-31T17:09:40.800Z,a0000000-0000-0000-0000-000000000001,2026-07-31T17:09:42.444Z,a0000000-0000-0000-0000-000000000001,
6debc354-bcad-478d-a882-379adb169d1d,f4b64aa4-2133-47b4-b5f6-f0079b31b10b,10,5000000.00,draft,,,,2026-07-31T17:09:42.530Z,a0000000-0000-0000-0000-000000000001,2026-07-31T17:09:43.264Z,a0000000-0000-0000-0000-000000000001,
faeabd38-cf5a-4ade-b811-684c9ebb2f5e,f4b64aa4-2133-47b4-b5f6-f0079b31b10b,11,5000000.00,draft,,,,2026-07-31T17:09:43.337Z,a0000000-0000-0000-0000-000000000001,2026-07-31T17:09:44.216Z,a0000000-0000-0000-0000-000000000001,
6484415f-b774-4dca-9157-5d5de9eaf0fb,f4fa0c7e-de03-4b22-97b2-031f1cda8c9f,11,5000000.00,draft,,,,2026-07-31T17:13:39.979Z,a0000000-0000-0000-0000-000000000001,2026-07-31T17:13:40.780Z,a0000000-0000-0000-0000-000000000001,
cf703ea8-656d-465a-a50d-97310737ccb9,f4fa0c7e-de03-4b22-97b2-031f1cda8c9f,1,0.00,draft,,,,2026-07-31T17:13:33.787Z,a0000000-0000-0000-0000-000000000001,2026-07-31T17:13:33.787Z,,
ce065570-90b7-4372-81ba-4280e97949f9,f4fa0c7e-de03-4b22-97b2-031f1cda8c9f,2,12000000.00,draft,,,,2026-07-31T17:13:34.271Z,a0000000-0000-0000-0000-000000000001,2026-07-31T17:13:34.271Z,,
bdc0ef5f-29c9-4922-abf3-2d8046635445,f4fa0c7e-de03-4b22-97b2-031f1cda8c9f,3,0.00,draft,,,,2026-07-31T17:13:34.519Z,a0000000-0000-0000-0000-000000000001,2026-07-31T17:13:34.519Z,,
5a8c12e7-d9c9-4948-8a23-4664a8661145,f4fa0c7e-de03-4b22-97b2-031f1cda8c9f,4,5000000.00,under_review,,,,2026-07-31T17:13:34.914Z,a0000000-0000-0000-0000-000000000001,2026-07-31T17:13:35.306Z,a0000000-0000-0000-0000-000000000001,
3a527459-af92-468d-b328-3aa36b38b2e0,f4fa0c7e-de03-4b22-97b2-031f1cda8c9f,5,0.00,draft,,,,2026-07-31T17:13:35.359Z,a0000000-0000-0000-0000-000000000001,2026-07-31T17:13:35.359Z,,
01b06694-15c0-4564-8050-de29ea57b727,f4fa0c7e-de03-4b22-97b2-031f1cda8c9f,6,5000000.00,approved,a0000000-0000-0000-0000-000000000001,2026-07-31T17:13:36.912Z,,2026-07-31T17:13:35.670Z,a0000000-0000-0000-0000-000000000001,2026-07-31T17:13:36.912Z,a0000000-0000-0000-0000-000000000001,
e40dfbe5-d82a-48a0-b1f9-ece50145d99b,f4fa0c7e-de03-4b22-97b2-031f1cda8c9f,7,5000000.00,under_review,,,,2026-07-31T17:13:36.962Z,a0000000-0000-0000-0000-000000000001,2026-07-31T17:13:37.315Z,a0000000-0000-0000-0000-000000000001,
dce1c018-19c2-4721-9d46-66fa537630df,f4fa0c7e-de03-4b22-97b2-031f1cda8c9f,8,5000000.00,draft,,,,2026-07-31T17:13:37.541Z,a0000000-0000-0000-0000-000000000001,2026-07-31T17:13:37.541Z,,
b185d55b-3b70-40f4-86af-ae5c3dbc68af,f4fa0c7e-de03-4b22-97b2-031f1cda8c9f,9,5000000.00,approved,a0000000-0000-0000-0000-000000000001,2026-07-31T17:13:39.154Z,,2026-07-31T17:13:37.900Z,a0000000-0000-0000-0000-000000000001,2026-07-31T17:13:39.154Z,a0000000-0000-0000-0000-000000000001,
170be249-c880-4638-92eb-7997ee744633,f4fa0c7e-de03-4b22-97b2-031f1cda8c9f,10,5000000.00,draft,,,,2026-07-31T17:13:39.223Z,a0000000-0000-0000-0000-000000000001,2026-07-31T17:13:39.910Z,a0000000-0000-0000-0000-000000000001,
a60ea603-be7f-4202-98d3-993b9869aa78,f4e8ec82-08a4-4bb7-8a74-386644750a42,9,5000000.00,approved,a0000000-0000-0000-0000-000000000001,2026-07-31T17:28:20.724Z,,2026-07-31T17:28:19.384Z,a0000000-0000-0000-0000-000000000001,2026-07-31T17:28:20.724Z,a0000000-0000-0000-0000-000000000001,
6c713f8e-dbc0-429f-8183-ec303da8032d,f4e8ec82-08a4-4bb7-8a74-386644750a42,1,0.00,draft,,,,2026-07-31T17:28:15.460Z,a0000000-0000-0000-0000-000000000001,2026-07-31T17:28:15.460Z,,
b5c3f833-582a-4b4f-9a7a-b1c507a45964,f4e8ec82-08a4-4bb7-8a74-386644750a42,2,12000000.00,draft,,,,2026-07-31T17:28:15.967Z,a0000000-0000-0000-0000-000000000001,2026-07-31T17:28:15.967Z,,
98c9ca3a-87b6-461d-b5e6-b39aec291576,f4e8ec82-08a4-4bb7-8a74-386644750a42,3,0.00,draft,,,,2026-07-31T17:28:16.223Z,a0000000-0000-0000-0000-000000000001,2026-07-31T17:28:16.223Z,,
67ac0dd8-a2eb-4eb7-a8c7-7440837b5572,f4e8ec82-08a4-4bb7-8a74-386644750a42,4,5000000.00,under_review,,,,2026-07-31T17:28:16.635Z,a0000000-0000-0000-0000-000000000001,2026-07-31T17:28:16.989Z,a0000000-0000-0000-0000-000000000001,
11b3c7a4-ffe8-4489-a7bc-cf455c46fc13,f4e8ec82-08a4-4bb7-8a74-386644750a42,5,0.00,draft,,,,2026-07-31T17:28:17.048Z,a0000000-0000-0000-0000-000000000001,2026-07-31T17:28:17.048Z,,
fe3d8840-4e75-4326-a9dd-3ee6b8ee55f7,f4e8ec82-08a4-4bb7-8a74-386644750a42,6,5000000.00,approved,a0000000-0000-0000-0000-000000000001,2026-07-31T17:28:18.403Z,,2026-07-31T17:28:17.367Z,a0000000-0000-0000-0000-000000000001,2026-07-31T17:28:18.403Z,a0000000-0000-0000-0000-000000000001,
d3fce7e5-6938-4b15-8a34-480767c8f539,f4e8ec82-08a4-4bb7-8a74-386644750a42,7,5000000.00,under_review,,,,2026-07-31T17:28:18.453Z,a0000000-0000-0000-0000-000000000001,2026-07-31T17:28:18.768Z,a0000000-0000-0000-0000-000000000001,
5b6c57ac-15ac-4236-a44d-b8ed788e41f7,f4e8ec82-08a4-4bb7-8a74-386644750a42,8,5000000.00,draft,,,,2026-07-31T17:28:19.006Z,a0000000-0000-0000-0000-000000000001,2026-07-31T17:28:19.006Z,,
fa3ad556-317d-41c9-b662-7f426140f143,f4e8ec82-08a4-4bb7-8a74-386644750a42,10,5000000.00,draft,,,,2026-07-31T17:28:20.802Z,a0000000-0000-0000-0000-000000000001,2026-07-31T17:28:21.615Z,a0000000-0000-0000-0000-000000000001,
54726810-511e-4f23-8901-2c789e3f1080,f4e8ec82-08a4-4bb7-8a74-386644750a42,11,5000000.00,draft,,,,2026-07-31T17:28:21.688Z,a0000000-0000-0000-0000-000000000001,2026-07-31T17:28:22.442Z,a0000000-0000-0000-0000-000000000001,
2ea28e1a-884e-4b66-92ba-0b8cf5f1154b,96c5592d-450e-4c68-ba64-648d79af2f6e,1,0.00,draft,,,,2026-07-31T17:40:51.506Z,a0000000-0000-0000-0000-000000000001,2026-07-31T17:40:51.506Z,,
83d59529-3cbf-43da-98c6-2c348f20a28f,96c5592d-450e-4c68-ba64-648d79af2f6e,2,12000000.00,draft,,,,2026-07-31T17:40:51.989Z,a0000000-0000-0000-0000-000000000001,2026-07-31T17:40:51.989Z,,
8a49bad3-be85-42eb-8969-c5187ced02f3,96c5592d-450e-4c68-ba64-648d79af2f6e,3,0.00,draft,,,,2026-07-31T17:40:52.238Z,a0000000-0000-0000-0000-000000000001,2026-07-31T17:40:52.238Z,,
267418f4-1272-4b7e-94e0-7f04fefc34fd,96c5592d-450e-4c68-ba64-648d79af2f6e,4,5000000.00,under_review,,,,2026-07-31T17:40:52.609Z,a0000000-0000-0000-0000-000000000001,2026-07-31T17:40:53.358Z,a0000000-0000-0000-0000-000000000001,
8f3eeabe-6dab-4ef7-92a1-ba0db73d7130,96c5592d-450e-4c68-ba64-648d79af2f6e,5,0.00,draft,,,,2026-07-31T17:40:53.408Z,a0000000-0000-0000-0000-000000000001,2026-07-31T17:40:53.408Z,,
afadf978-d1d4-4f45-af5d-47a24b663054,96c5592d-450e-4c68-ba64-648d79af2f6e,6,5000000.00,approved,a0000000-0000-0000-0000-000000000001,2026-07-31T17:40:54.909Z,,2026-07-31T17:40:53.760Z,a0000000-0000-0000-0000-000000000001,2026-07-31T17:40:54.909Z,a0000000-0000-0000-0000-000000000001,
a9a43c0d-cb2c-4760-9398-b1cb9f45b24e,96c5592d-450e-4c68-ba64-648d79af2f6e,7,5000000.00,under_review,,,,2026-07-31T17:40:54.957Z,a0000000-0000-0000-0000-000000000001,2026-07-31T17:40:55.327Z,a0000000-0000-0000-0000-000000000001,
e33a7a35-f465-4fb1-87ba-e70ee43bdc16,96c5592d-450e-4c68-ba64-648d79af2f6e,8,5000000.00,draft,,,,2026-07-31T17:40:55.531Z,a0000000-0000-0000-0000-000000000001,2026-07-31T17:40:55.531Z,,
8f02b402-0cb3-44d4-8242-8e1d920df5b4,96c5592d-450e-4c68-ba64-648d79af2f6e,9,5000000.00,approved,a0000000-0000-0000-0000-000000000001,2026-07-31T17:40:57.221Z,,2026-07-31T17:40:55.887Z,a0000000-0000-0000-0000-000000000001,2026-07-31T17:40:57.221Z,a0000000-0000-0000-0000-000000000001,
51c96b69-8197-4c16-bab4-d67e02601588,96c5592d-450e-4c68-ba64-648d79af2f6e,10,5000000.00,draft,,,,2026-07-31T17:40:57.290Z,a0000000-0000-0000-0000-000000000001,2026-07-31T17:40:58.014Z,a0000000-0000-0000-0000-000000000001,
0b8a3810-3b89-4c8c-87fb-d69279341204,96c5592d-450e-4c68-ba64-648d79af2f6e,11,5000000.00,draft,,,,2026-07-31T17:40:58.084Z,a0000000-0000-0000-0000-000000000001,2026-07-31T17:40:58.791Z,a0000000-0000-0000-0000-000000000001,
1a4ba4e7-f5c4-4d46-be9e-a59d72d2c048,45b1e23d-1566-431b-a58d-b39c614a4b3b,1,0.00,draft,,,,2026-07-31T17:47:44.352Z,a0000000-0000-0000-0000-000000000001,2026-07-31T17:47:44.352Z,,
6335d523-a00e-4276-b414-92ac58aa2f5b,45b1e23d-1566-431b-a58d-b39c614a4b3b,2,12000000.00,draft,,,,2026-07-31T17:47:44.896Z,a0000000-0000-0000-0000-000000000001,2026-07-31T17:47:44.896Z,,
ecfacca7-e6fe-41a5-a160-680c1f257ba2,45b1e23d-1566-431b-a58d-b39c614a4b3b,3,0.00,draft,,,,2026-07-31T17:47:45.224Z,a0000000-0000-0000-0000-000000000001,2026-07-31T17:47:45.224Z,,
42b290ef-2f46-4c89-8217-204dba2fc8e2,45b1e23d-1566-431b-a58d-b39c614a4b3b,4,5000000.00,under_review,,,,2026-07-31T17:47:45.616Z,a0000000-0000-0000-0000-000000000001,2026-07-31T17:47:46.001Z,a0000000-0000-0000-0000-000000000001,
2bd54a81-33c3-4b8a-88de-4892da45f655,45b1e23d-1566-431b-a58d-b39c614a4b3b,5,0.00,draft,,,,2026-07-31T17:47:46.054Z,a0000000-0000-0000-0000-000000000001,2026-07-31T17:47:46.054Z,,
35f43229-8367-4777-be09-e4486c58d162,45b1e23d-1566-431b-a58d-b39c614a4b3b,6,5000000.00,approved,a0000000-0000-0000-0000-000000000001,2026-07-31T17:47:47.458Z,,2026-07-31T17:47:46.355Z,a0000000-0000-0000-0000-000000000001,2026-07-31T17:47:47.458Z,a0000000-0000-0000-0000-000000000001,
42de41ef-3fe6-4ae9-9808-32be0392b1a0,45b1e23d-1566-431b-a58d-b39c614a4b3b,7,5000000.00,under_review,,,,2026-07-31T17:47:47.509Z,a0000000-0000-0000-0000-000000000001,2026-07-31T17:47:47.869Z,a0000000-0000-0000-0000-000000000001,
518c6fb0-27b9-439e-bbbf-2066775e6919,45b1e23d-1566-431b-a58d-b39c614a4b3b,8,5000000.00,draft,,,,2026-07-31T17:47:48.086Z,a0000000-0000-0000-0000-000000000001,2026-07-31T17:47:48.086Z,,
6da9c263-6dfe-4ada-84ec-aedbfe094e89,45b1e23d-1566-431b-a58d-b39c614a4b3b,9,5000000.00,approved,a0000000-0000-0000-0000-000000000001,2026-07-31T17:47:49.725Z,,2026-07-31T17:47:48.440Z,a0000000-0000-0000-0000-000000000001,2026-07-31T17:47:49.725Z,a0000000-0000-0000-0000-000000000001,
609a5c6a-a499-446b-87f3-26e361bc5f52,45b1e23d-1566-431b-a58d-b39c614a4b3b,10,5000000.00,draft,,,,2026-07-31T17:47:49.793Z,a0000000-0000-0000-0000-000000000001,2026-07-31T17:47:50.430Z,a0000000-0000-0000-0000-000000000001,
d60d3936-7957-439c-a2bc-1b19921b2e80,2e8dd71f-6195-4557-865d-898891c78bda,6,5000000.00,approved,a0000000-0000-0000-0000-000000000001,2026-08-01T08:04:20.601Z,,2026-08-01T08:04:19.435Z,a0000000-0000-0000-0000-000000000001,2026-08-01T08:04:20.601Z,a0000000-0000-0000-0000-000000000001,
94c8918f-541b-4383-84cd-16062fa105b0,45b1e23d-1566-431b-a58d-b39c614a4b3b,11,5000000.00,draft,,,,2026-07-31T17:47:50.498Z,a0000000-0000-0000-0000-000000000001,2026-07-31T17:47:51.173Z,a0000000-0000-0000-0000-000000000001,
b38d0684-1de7-44fc-8b15-fc58d2508e82,2e8dd71f-6195-4557-865d-898891c78bda,11,5000000.00,draft,,,,2026-08-01T08:04:23.848Z,a0000000-0000-0000-0000-000000000001,2026-08-01T08:04:24.669Z,a0000000-0000-0000-0000-000000000001,
f015fab0-55bb-46df-952a-759730706178,781ac033-a994-4cce-a8ac-af37a953a2cc,1,0.00,draft,,,,2026-08-01T08:31:26.755Z,a0000000-0000-0000-0000-000000000001,2026-08-01T08:31:26.755Z,,
d1a1e7bc-6708-4200-9746-e9db49b2c25a,781ac033-a994-4cce-a8ac-af37a953a2cc,2,12000000.00,draft,,,,2026-08-01T08:31:27.466Z,a0000000-0000-0000-0000-000000000001,2026-08-01T08:31:27.466Z,,
11ab9139-3ad1-4091-87e6-c822f0fadf92,781ac033-a994-4cce-a8ac-af37a953a2cc,3,0.00,draft,,,,2026-08-01T08:31:27.784Z,a0000000-0000-0000-0000-000000000001,2026-08-01T08:31:27.784Z,,
c8dfae93-ac40-457e-aff6-20761ec2e140,781ac033-a994-4cce-a8ac-af37a953a2cc,4,5000000.00,under_review,,,,2026-08-01T08:31:28.215Z,a0000000-0000-0000-0000-000000000001,2026-08-01T08:31:28.616Z,a0000000-0000-0000-0000-000000000001,
32f6f5fc-e6c7-4105-ad1f-8b5168d20ccf,781ac033-a994-4cce-a8ac-af37a953a2cc,5,0.00,draft,,,,2026-08-01T08:31:28.662Z,a0000000-0000-0000-0000-000000000001,2026-08-01T08:31:28.662Z,,
1380d10d-7ebb-468e-a98f-db1e2ae60b5b,781ac033-a994-4cce-a8ac-af37a953a2cc,6,5000000.00,approved,a0000000-0000-0000-0000-000000000001,2026-08-01T08:31:30.082Z,,2026-08-01T08:31:28.978Z,a0000000-0000-0000-0000-000000000001,2026-08-01T08:31:30.082Z,a0000000-0000-0000-0000-000000000001,
9006ef90-8c15-4486-ae39-8aa00f69fdd4,781ac033-a994-4cce-a8ac-af37a953a2cc,7,5000000.00,under_review,,,,2026-08-01T08:31:30.129Z,a0000000-0000-0000-0000-000000000001,2026-08-01T08:31:30.475Z,a0000000-0000-0000-0000-000000000001,
91a7eaf8-22c8-4562-a379-5d3f7cbf8291,781ac033-a994-4cce-a8ac-af37a953a2cc,8,5000000.00,draft,,,,2026-08-01T08:31:30.665Z,a0000000-0000-0000-0000-000000000001,2026-08-01T08:31:30.665Z,,
4ba7ccda-6369-4e53-bf0d-beb8d29c40a2,781ac033-a994-4cce-a8ac-af37a953a2cc,9,5000000.00,approved,a0000000-0000-0000-0000-000000000001,2026-08-01T08:31:32.456Z,,2026-08-01T08:31:31.078Z,a0000000-0000-0000-0000-000000000001,2026-08-01T08:31:32.456Z,a0000000-0000-0000-0000-000000000001,
f7350f31-6068-4daa-a62b-3b0377f76e53,781ac033-a994-4cce-a8ac-af37a953a2cc,10,5000000.00,draft,,,,2026-08-01T08:31:32.521Z,a0000000-0000-0000-0000-000000000001,2026-08-01T08:31:33.331Z,a0000000-0000-0000-0000-000000000001,
971a6637-78c0-4b2d-8314-4e9723f5f73c,781ac033-a994-4cce-a8ac-af37a953a2cc,11,5000000.00,draft,,,,2026-08-01T08:31:33.394Z,a0000000-0000-0000-0000-000000000001,2026-08-01T08:31:34.130Z,a0000000-0000-0000-0000-000000000001,
0b9025c3-be17-44dd-ba16-e967962f3f2a,e0caf8d6-e7d9-4999-9271-17910f15fd5b,10,5000000.00,draft,,,,2026-08-01T08:35:35.699Z,a0000000-0000-0000-0000-000000000001,2026-08-01T08:35:36.404Z,a0000000-0000-0000-0000-000000000001,
fc71c06f-9a55-492b-bd9a-d61d0afc14f3,e0caf8d6-e7d9-4999-9271-17910f15fd5b,1,0.00,draft,,,,2026-08-01T08:35:30.308Z,a0000000-0000-0000-0000-000000000001,2026-08-01T08:35:30.308Z,,
691e0cca-9b49-4998-9fe5-acf1e42258e2,e0caf8d6-e7d9-4999-9271-17910f15fd5b,2,12000000.00,draft,,,,2026-08-01T08:35:30.845Z,a0000000-0000-0000-0000-000000000001,2026-08-01T08:35:30.845Z,,
e6abd78d-33cd-459c-b109-4cb36f71e7fc,e0caf8d6-e7d9-4999-9271-17910f15fd5b,3,0.00,draft,,,,2026-08-01T08:35:31.154Z,a0000000-0000-0000-0000-000000000001,2026-08-01T08:35:31.154Z,,
9c91a861-1279-41d3-8954-f3036c126f56,e0caf8d6-e7d9-4999-9271-17910f15fd5b,4,5000000.00,under_review,,,,2026-08-01T08:35:31.578Z,a0000000-0000-0000-0000-000000000001,2026-08-01T08:35:31.953Z,a0000000-0000-0000-0000-000000000001,
57408b1e-31ad-44b8-a55e-3e4aef1d3069,e0caf8d6-e7d9-4999-9271-17910f15fd5b,5,0.00,draft,,,,2026-08-01T08:35:32.007Z,a0000000-0000-0000-0000-000000000001,2026-08-01T08:35:32.007Z,,
f7edf8ce-7ca2-444a-9156-8d03a45abcd7,e0caf8d6-e7d9-4999-9271-17910f15fd5b,6,5000000.00,approved,a0000000-0000-0000-0000-000000000001,2026-08-01T08:35:33.380Z,,2026-08-01T08:35:32.341Z,a0000000-0000-0000-0000-000000000001,2026-08-01T08:35:33.380Z,a0000000-0000-0000-0000-000000000001,
357fbcc2-7abb-4f36-9aba-ea9bfada8247,e0caf8d6-e7d9-4999-9271-17910f15fd5b,7,5000000.00,under_review,,,,2026-08-01T08:35:33.432Z,a0000000-0000-0000-0000-000000000001,2026-08-01T08:35:33.787Z,a0000000-0000-0000-0000-000000000001,
ef7406df-f5cb-4eeb-9084-031778ef2958,e0caf8d6-e7d9-4999-9271-17910f15fd5b,8,5000000.00,draft,,,,2026-08-01T08:35:33.990Z,a0000000-0000-0000-0000-000000000001,2026-08-01T08:35:33.990Z,,
a443502f-f676-49a2-8ca0-41da30d22466,e0caf8d6-e7d9-4999-9271-17910f15fd5b,9,5000000.00,approved,a0000000-0000-0000-0000-000000000001,2026-08-01T08:35:35.618Z,,2026-08-01T08:35:34.364Z,a0000000-0000-0000-0000-000000000001,2026-08-01T08:35:35.618Z,a0000000-0000-0000-0000-000000000001,
65aa6494-fd1a-4602-9918-ad0bcd93b470,e0caf8d6-e7d9-4999-9271-17910f15fd5b,11,5000000.00,draft,,,,2026-08-01T08:35:36.478Z,a0000000-0000-0000-0000-000000000001,2026-08-01T08:35:37.159Z,a0000000-0000-0000-0000-000000000001,
c45b48cc-5361-461e-9ba8-b3b44ce82264,238f8e4b-e166-48fb-9856-ba2822853e63,9,5000000.00,approved,a0000000-0000-0000-0000-000000000001,2026-08-01T09:19:04.942Z,,2026-08-01T09:19:03.513Z,a0000000-0000-0000-0000-000000000001,2026-08-01T09:19:04.942Z,a0000000-0000-0000-0000-000000000001,
deea1883-d0e9-49df-9b57-5b3c40ded010,238f8e4b-e166-48fb-9856-ba2822853e63,1,0.00,draft,,,,2026-08-01T09:18:59.554Z,a0000000-0000-0000-0000-000000000001,2026-08-01T09:18:59.554Z,,
d6924bcc-b99f-4114-b165-57a9655d1d62,238f8e4b-e166-48fb-9856-ba2822853e63,2,12000000.00,draft,,,,2026-08-01T09:19:00.091Z,a0000000-0000-0000-0000-000000000001,2026-08-01T09:19:00.091Z,,
73799457-4fa0-4cd7-9753-c89795454978,238f8e4b-e166-48fb-9856-ba2822853e63,3,0.00,draft,,,,2026-08-01T09:19:00.388Z,a0000000-0000-0000-0000-000000000001,2026-08-01T09:19:00.388Z,,
5278d0a1-c2a6-4001-8d45-ce543d479cc4,238f8e4b-e166-48fb-9856-ba2822853e63,4,5000000.00,under_review,,,,2026-08-01T09:19:00.779Z,a0000000-0000-0000-0000-000000000001,2026-08-01T09:19:01.146Z,a0000000-0000-0000-0000-000000000001,
e7b8c170-ad30-49e4-bee7-8da84668e10e,238f8e4b-e166-48fb-9856-ba2822853e63,5,0.00,draft,,,,2026-08-01T09:19:01.203Z,a0000000-0000-0000-0000-000000000001,2026-08-01T09:19:01.203Z,,
e734fb85-21a7-4e83-ba65-265a2574aa00,238f8e4b-e166-48fb-9856-ba2822853e63,6,5000000.00,approved,a0000000-0000-0000-0000-000000000001,2026-08-01T09:19:02.445Z,,2026-08-01T09:19:01.501Z,a0000000-0000-0000-0000-000000000001,2026-08-01T09:19:02.445Z,a0000000-0000-0000-0000-000000000001,
b6119c9e-c091-4058-be27-8f8c68e79aa2,238f8e4b-e166-48fb-9856-ba2822853e63,7,5000000.00,under_review,,,,2026-08-01T09:19:02.496Z,a0000000-0000-0000-0000-000000000001,2026-08-01T09:19:02.859Z,a0000000-0000-0000-0000-000000000001,
69651a91-5879-4891-92aa-82a89992c61d,238f8e4b-e166-48fb-9856-ba2822853e63,8,5000000.00,draft,,,,2026-08-01T09:19:03.059Z,a0000000-0000-0000-0000-000000000001,2026-08-01T09:19:03.059Z,,
f8c6c65e-d4c7-46e0-b5c6-db2a1ffaf030,238f8e4b-e166-48fb-9856-ba2822853e63,10,5000000.00,draft,,,,2026-08-01T09:19:05.022Z,a0000000-0000-0000-0000-000000000001,2026-08-01T09:19:05.785Z,a0000000-0000-0000-0000-000000000001,
d16a799e-5763-4e15-9985-00d2401da24b,238f8e4b-e166-48fb-9856-ba2822853e63,11,5000000.00,draft,,,,2026-08-01T09:19:05.860Z,a0000000-0000-0000-0000-000000000001,2026-08-01T09:19:06.528Z,a0000000-0000-0000-0000-000000000001,
38896559-5694-44f5-b5d7-5b4832919937,747f7234-1eeb-4aee-9049-aa581bd7d3ad,1,0.00,draft,,,,2026-08-01T09:31:52.770Z,a0000000-0000-0000-0000-000000000001,2026-08-01T09:31:52.770Z,,
f85bb48f-44f1-4209-af90-0a7f00a4476b,747f7234-1eeb-4aee-9049-aa581bd7d3ad,2,12000000.00,draft,,,,2026-08-01T09:31:53.325Z,a0000000-0000-0000-0000-000000000001,2026-08-01T09:31:53.325Z,,
ded96771-a0ba-4b47-9eb8-5c074ca79cd2,747f7234-1eeb-4aee-9049-aa581bd7d3ad,3,0.00,draft,,,,2026-08-01T09:31:53.623Z,a0000000-0000-0000-0000-000000000001,2026-08-01T09:31:53.623Z,,
2d80aa52-66ca-42f2-bfe4-1cf57dd4ab06,747f7234-1eeb-4aee-9049-aa581bd7d3ad,4,5000000.00,under_review,,,,2026-08-01T09:31:54.050Z,a0000000-0000-0000-0000-000000000001,2026-08-01T09:31:54.431Z,a0000000-0000-0000-0000-000000000001,
ea8764d3-89c2-42b4-b8bd-2d3848e70ae1,747f7234-1eeb-4aee-9049-aa581bd7d3ad,5,0.00,draft,,,,2026-08-01T09:31:54.482Z,a0000000-0000-0000-0000-000000000001,2026-08-01T09:31:54.482Z,,
1e739a26-2af0-480f-921f-ea16cac07f11,747f7234-1eeb-4aee-9049-aa581bd7d3ad,6,5000000.00,approved,a0000000-0000-0000-0000-000000000001,2026-08-01T09:31:55.765Z,,2026-08-01T09:31:54.766Z,a0000000-0000-0000-0000-000000000001,2026-08-01T09:31:55.765Z,a0000000-0000-0000-0000-000000000001,
c11f7da5-5d0b-4ac0-9d05-66343571e67a,747f7234-1eeb-4aee-9049-aa581bd7d3ad,7,5000000.00,under_review,,,,2026-08-01T09:31:55.816Z,a0000000-0000-0000-0000-000000000001,2026-08-01T09:31:56.172Z,a0000000-0000-0000-0000-000000000001,
b89e393c-4761-4665-9e7a-82da94b5c3ab,747f7234-1eeb-4aee-9049-aa581bd7d3ad,8,5000000.00,draft,,,,2026-08-01T09:31:56.392Z,a0000000-0000-0000-0000-000000000001,2026-08-01T09:31:56.392Z,,
d99c34a4-e927-4251-9294-3cb1dc450ab1,747f7234-1eeb-4aee-9049-aa581bd7d3ad,9,5000000.00,approved,a0000000-0000-0000-0000-000000000001,2026-08-01T09:31:58.032Z,,2026-08-01T09:31:56.743Z,a0000000-0000-0000-0000-000000000001,2026-08-01T09:31:58.032Z,a0000000-0000-0000-0000-000000000001,
f85e69b5-ac25-48f6-ae83-2958840f4023,747f7234-1eeb-4aee-9049-aa581bd7d3ad,10,5000000.00,draft,,,,2026-08-01T09:31:58.103Z,a0000000-0000-0000-0000-000000000001,2026-08-01T09:31:58.769Z,a0000000-0000-0000-0000-000000000001,
a4e7cbf5-4718-4b13-9568-925d7b72721b,747f7234-1eeb-4aee-9049-aa581bd7d3ad,11,5000000.00,draft,,,,2026-08-01T09:31:58.837Z,a0000000-0000-0000-0000-000000000001,2026-08-01T09:31:59.632Z,a0000000-0000-0000-0000-000000000001,
b1072062-4dce-40f5-9593-f0559dd9452f,a93ee1b7-4206-4f85-bdb4-5f02a6a6ed1d,1,0.00,draft,,,,2026-08-01T09:41:13.508Z,a0000000-0000-0000-0000-000000000001,2026-08-01T09:41:13.508Z,,
ee6f96a2-81e4-4ccc-85a4-6b80470bc14f,a93ee1b7-4206-4f85-bdb4-5f02a6a6ed1d,2,12000000.00,draft,,,,2026-08-01T09:41:14.016Z,a0000000-0000-0000-0000-000000000001,2026-08-01T09:41:14.016Z,,
a62bc246-239a-440a-9f57-850796ffebef,a93ee1b7-4206-4f85-bdb4-5f02a6a6ed1d,3,0.00,draft,,,,2026-08-01T09:41:14.287Z,a0000000-0000-0000-0000-000000000001,2026-08-01T09:41:14.287Z,,
e4950099-3c5c-492d-9c42-b812409fb860,a93ee1b7-4206-4f85-bdb4-5f02a6a6ed1d,4,5000000.00,under_review,,,,2026-08-01T09:41:14.645Z,a0000000-0000-0000-0000-000000000001,2026-08-01T09:41:14.969Z,a0000000-0000-0000-0000-000000000001,
0aaedf2a-74ae-4580-86c3-94284a11f6b4,a93ee1b7-4206-4f85-bdb4-5f02a6a6ed1d,5,0.00,draft,,,,2026-08-01T09:41:15.022Z,a0000000-0000-0000-0000-000000000001,2026-08-01T09:41:15.022Z,,
cf77b87a-5bc8-4b1a-ab54-6406d8811532,a93ee1b7-4206-4f85-bdb4-5f02a6a6ed1d,6,5000000.00,approved,a0000000-0000-0000-0000-000000000001,2026-08-01T09:41:16.459Z,,2026-08-01T09:41:15.340Z,a0000000-0000-0000-0000-000000000001,2026-08-01T09:41:16.459Z,a0000000-0000-0000-0000-000000000001,
4861f0f9-66ea-44e6-9ed9-2d89be465181,a93ee1b7-4206-4f85-bdb4-5f02a6a6ed1d,7,5000000.00,under_review,,,,2026-08-01T09:41:16.510Z,a0000000-0000-0000-0000-000000000001,2026-08-01T09:41:16.874Z,a0000000-0000-0000-0000-000000000001,
e0aba744-2a3d-43ef-b32f-cd48672c1ac2,a93ee1b7-4206-4f85-bdb4-5f02a6a6ed1d,8,5000000.00,draft,,,,2026-08-01T09:41:17.095Z,a0000000-0000-0000-0000-000000000001,2026-08-01T09:41:17.095Z,,
1405ac9c-c583-411e-be96-8aa7e5fa35a8,a93ee1b7-4206-4f85-bdb4-5f02a6a6ed1d,9,5000000.00,approved,a0000000-0000-0000-0000-000000000001,2026-08-01T09:41:18.746Z,,2026-08-01T09:41:17.464Z,a0000000-0000-0000-0000-000000000001,2026-08-01T09:41:18.746Z,a0000000-0000-0000-0000-000000000001,
2863a0fc-e9ac-41e4-8b00-e653f3e04cce,a93ee1b7-4206-4f85-bdb4-5f02a6a6ed1d,10,5000000.00,draft,,,,2026-08-01T09:41:18.818Z,a0000000-0000-0000-0000-000000000001,2026-08-01T09:41:19.534Z,a0000000-0000-0000-0000-000000000001,
335aa326-545b-43d4-b1c8-20e6b77b1eb9,2e8dd71f-6195-4557-865d-898891c78bda,7,5000000.00,under_review,,,,2026-08-01T08:04:20.648Z,a0000000-0000-0000-0000-000000000001,2026-08-01T08:04:20.992Z,a0000000-0000-0000-0000-000000000001,
a7fcf835-9999-4de5-bc72-3903a427242c,3259650f-e96d-449d-880e-a7989770747f,9,5000000.00,approved,a0000000-0000-0000-0000-000000000001,2026-08-01T04:25:56.821Z,,2026-08-01T04:25:55.464Z,a0000000-0000-0000-0000-000000000001,2026-08-01T04:25:56.821Z,a0000000-0000-0000-0000-000000000001,
d231134b-31cd-445a-a000-c4867f928a28,2e8dd71f-6195-4557-865d-898891c78bda,9,5000000.00,approved,a0000000-0000-0000-0000-000000000001,2026-08-01T08:04:22.985Z,,2026-08-01T08:04:21.677Z,a0000000-0000-0000-0000-000000000001,2026-08-01T08:04:22.985Z,a0000000-0000-0000-0000-000000000001,
6653c984-878d-49f7-8ba3-2a50023662fd,2e8dd71f-6195-4557-865d-898891c78bda,10,5000000.00,draft,,,,2026-08-01T08:04:23.051Z,a0000000-0000-0000-0000-000000000001,2026-08-01T08:04:23.784Z,a0000000-0000-0000-0000-000000000001,
a2cf8c5d-fe50-4185-984a-4f7959dfd33b,45716036-f357-40a4-a9f8-43fb6ecef7f2,1,0.00,draft,,,,2026-07-31T17:50:40.771Z,a0000000-0000-0000-0000-000000000001,2026-07-31T17:50:40.771Z,,
17bc388e-0c2b-4454-b3f7-35f53dc0a03a,45716036-f357-40a4-a9f8-43fb6ecef7f2,2,12000000.00,draft,,,,2026-07-31T17:50:41.236Z,a0000000-0000-0000-0000-000000000001,2026-07-31T17:50:41.236Z,,
f3b8c022-6b02-496e-88b8-ca0fb3e74e5f,45716036-f357-40a4-a9f8-43fb6ecef7f2,3,0.00,draft,,,,2026-07-31T17:50:41.475Z,a0000000-0000-0000-0000-000000000001,2026-07-31T17:50:41.475Z,,
465c933d-07f9-40da-8881-aebc0203d0c8,45716036-f357-40a4-a9f8-43fb6ecef7f2,4,5000000.00,under_review,,,,2026-07-31T17:50:41.877Z,a0000000-0000-0000-0000-000000000001,2026-07-31T17:50:42.202Z,a0000000-0000-0000-0000-000000000001,
629b53a8-e2b6-44a0-aafa-01f42c945feb,45716036-f357-40a4-a9f8-43fb6ecef7f2,5,0.00,draft,,,,2026-07-31T17:50:42.252Z,a0000000-0000-0000-0000-000000000001,2026-07-31T17:50:42.252Z,,
8ac37bb7-ead7-45cd-bd9e-f4077bca00a8,ede2f29a-d1eb-4ffa-b796-4d4ac224e3b1,4,5000000.00,under_review,,,,2026-08-01T11:10:49.341Z,a0000000-0000-0000-0000-000000000001,2026-08-01T11:10:49.661Z,a0000000-0000-0000-0000-000000000001,
e35fda6a-c6d6-49ca-89f2-c33f8f7db922,45716036-f357-40a4-a9f8-43fb6ecef7f2,6,5000000.00,approved,a0000000-0000-0000-0000-000000000001,2026-07-31T17:50:43.425Z,,2026-07-31T17:50:42.541Z,a0000000-0000-0000-0000-000000000001,2026-07-31T17:50:43.425Z,a0000000-0000-0000-0000-000000000001,
3305c723-f8c5-42b4-aaf6-803a74b9f1ad,45716036-f357-40a4-a9f8-43fb6ecef7f2,7,5000000.00,under_review,,,,2026-07-31T17:50:43.473Z,a0000000-0000-0000-0000-000000000001,2026-07-31T17:50:43.787Z,a0000000-0000-0000-0000-000000000001,
b59cfe16-8c65-4c00-b203-d4d6383d5b7b,45716036-f357-40a4-a9f8-43fb6ecef7f2,8,5000000.00,draft,,,,2026-07-31T17:50:44.009Z,a0000000-0000-0000-0000-000000000001,2026-07-31T17:50:44.009Z,,
682189a0-a98c-41f1-8432-da29e373c363,4c86b8ce-92ab-4c70-851e-9e1d51c465f2,1,0.00,draft,,,,2026-08-01T16:29:40.206Z,a0000000-0000-0000-0000-000000000001,2026-08-01T16:29:40.206Z,,
96787514-b413-415e-b426-74e43a393996,45716036-f357-40a4-a9f8-43fb6ecef7f2,9,5000000.00,approved,a0000000-0000-0000-0000-000000000001,2026-07-31T17:50:45.593Z,,2026-07-31T17:50:44.395Z,a0000000-0000-0000-0000-000000000001,2026-07-31T17:50:45.593Z,a0000000-0000-0000-0000-000000000001,
17205846-a6a1-4ff6-9d9c-1357342fa53f,45716036-f357-40a4-a9f8-43fb6ecef7f2,10,5000000.00,draft,,,,2026-07-31T17:50:45.662Z,a0000000-0000-0000-0000-000000000001,2026-07-31T17:50:46.314Z,a0000000-0000-0000-0000-000000000001,
f33a3a2d-9862-4921-a993-ecbc4796d59b,ede2f29a-d1eb-4ffa-b796-4d4ac224e3b1,5,0.00,draft,,,,2026-08-01T11:10:49.710Z,a0000000-0000-0000-0000-000000000001,2026-08-01T11:10:49.710Z,,
22a4927e-3a9f-4110-a6ec-5ad1eb4c912b,45716036-f357-40a4-a9f8-43fb6ecef7f2,11,5000000.00,draft,,,,2026-07-31T17:50:46.381Z,a0000000-0000-0000-0000-000000000001,2026-07-31T17:50:47.070Z,a0000000-0000-0000-0000-000000000001,
aca430b4-8b05-4f9a-b8c8-7610f68df609,3259650f-e96d-449d-880e-a7989770747f,10,5000000.00,draft,,,,2026-08-01T04:25:56.894Z,a0000000-0000-0000-0000-000000000001,2026-08-01T04:25:57.596Z,a0000000-0000-0000-0000-000000000001,
e9762c13-a522-4f5c-aa90-e4a2b1d6e8ba,ede2f29a-d1eb-4ffa-b796-4d4ac224e3b1,6,5000000.00,approved,a0000000-0000-0000-0000-000000000001,2026-08-01T11:10:51.102Z,,2026-08-01T11:10:50.027Z,a0000000-0000-0000-0000-000000000001,2026-08-01T11:10:51.102Z,a0000000-0000-0000-0000-000000000001,
67ff39da-4bf5-4505-a561-e9fd499ac0a6,a93ee1b7-4206-4f85-bdb4-5f02a6a6ed1d,11,5000000.00,draft,,,,2026-08-01T09:41:19.606Z,a0000000-0000-0000-0000-000000000001,2026-08-01T09:41:20.334Z,a0000000-0000-0000-0000-000000000001,
66653fc1-f89b-4807-8c35-dc44f7007f38,3259650f-e96d-449d-880e-a7989770747f,1,0.00,draft,,,,2026-08-01T04:25:51.331Z,a0000000-0000-0000-0000-000000000001,2026-08-01T04:25:51.331Z,,
d3acbc82-c9be-4612-b350-3ad3a3bbecb6,3259650f-e96d-449d-880e-a7989770747f,2,12000000.00,draft,,,,2026-08-01T04:25:51.782Z,a0000000-0000-0000-0000-000000000001,2026-08-01T04:25:51.782Z,,
33b36c73-b354-4788-8f41-e9221d772a2f,3259650f-e96d-449d-880e-a7989770747f,3,0.00,draft,,,,2026-08-01T04:25:52.029Z,a0000000-0000-0000-0000-000000000001,2026-08-01T04:25:52.029Z,,
68fb2889-894a-43e8-9763-f122216c28fc,ede2f29a-d1eb-4ffa-b796-4d4ac224e3b1,1,0.00,draft,,,,2026-08-01T11:10:48.187Z,a0000000-0000-0000-0000-000000000001,2026-08-01T11:10:48.187Z,,
d7c1988e-08fe-4b87-90d6-d3e79efe6c07,3259650f-e96d-449d-880e-a7989770747f,4,5000000.00,under_review,,,,2026-08-01T04:25:52.433Z,a0000000-0000-0000-0000-000000000001,2026-08-01T04:25:52.755Z,a0000000-0000-0000-0000-000000000001,
98526fa0-060a-4793-931c-d9083accce11,3259650f-e96d-449d-880e-a7989770747f,5,0.00,draft,,,,2026-08-01T04:25:52.805Z,a0000000-0000-0000-0000-000000000001,2026-08-01T04:25:52.805Z,,
642ce558-41e4-4bb4-a39a-02a329f3a460,ede2f29a-d1eb-4ffa-b796-4d4ac224e3b1,2,12000000.00,draft,,,,2026-08-01T11:10:48.683Z,a0000000-0000-0000-0000-000000000001,2026-08-01T11:10:48.683Z,,
6659a11f-b72a-4be2-9c46-ef2093da8fe0,ede2f29a-d1eb-4ffa-b796-4d4ac224e3b1,3,0.00,draft,,,,2026-08-01T11:10:48.946Z,a0000000-0000-0000-0000-000000000001,2026-08-01T11:10:48.946Z,,
980ea457-a41d-4606-bd12-bdc786c7af96,3259650f-e96d-449d-880e-a7989770747f,6,5000000.00,approved,a0000000-0000-0000-0000-000000000001,2026-08-01T04:25:54.339Z,,2026-08-01T04:25:53.146Z,a0000000-0000-0000-0000-000000000001,2026-08-01T04:25:54.339Z,a0000000-0000-0000-0000-000000000001,
2072952c-57c0-4fc9-bef7-c79b263b4eed,3259650f-e96d-449d-880e-a7989770747f,7,5000000.00,under_review,,,,2026-08-01T04:25:54.391Z,a0000000-0000-0000-0000-000000000001,2026-08-01T04:25:54.774Z,a0000000-0000-0000-0000-000000000001,
9c0459ff-b24e-48d5-aa72-189fb0df3052,3259650f-e96d-449d-880e-a7989770747f,8,5000000.00,draft,,,,2026-08-01T04:25:55.010Z,a0000000-0000-0000-0000-000000000001,2026-08-01T04:25:55.010Z,,
ca9bc4c2-c508-47a4-8755-e9567f42db0e,ede2f29a-d1eb-4ffa-b796-4d4ac224e3b1,7,5000000.00,under_review,,,,2026-08-01T11:10:51.149Z,a0000000-0000-0000-0000-000000000001,2026-08-01T11:10:51.472Z,a0000000-0000-0000-0000-000000000001,
baba4cba-bf7d-411d-85eb-4ccc6bb147f0,ede2f29a-d1eb-4ffa-b796-4d4ac224e3b1,8,5000000.00,draft,,,,2026-08-01T11:10:51.684Z,a0000000-0000-0000-0000-000000000001,2026-08-01T11:10:51.684Z,,
44699309-7e63-452d-ad89-defcc55ea163,3259650f-e96d-449d-880e-a7989770747f,11,5000000.00,draft,,,,2026-08-01T04:25:57.671Z,a0000000-0000-0000-0000-000000000001,2026-08-01T04:25:58.382Z,a0000000-0000-0000-0000-000000000001,
86b115a5-d83c-4c3f-9477-d67bf278d2fb,ede2f29a-d1eb-4ffa-b796-4d4ac224e3b1,9,5000000.00,approved,a0000000-0000-0000-0000-000000000001,2026-08-01T11:10:53.306Z,,2026-08-01T11:10:52.057Z,a0000000-0000-0000-0000-000000000001,2026-08-01T11:10:53.306Z,a0000000-0000-0000-0000-000000000001,
ffb4fb6d-ce8e-45fe-a17e-42d0b39aa69b,ede2f29a-d1eb-4ffa-b796-4d4ac224e3b1,10,5000000.00,draft,,,,2026-08-01T11:10:53.376Z,a0000000-0000-0000-0000-000000000001,2026-08-01T11:10:54.080Z,a0000000-0000-0000-0000-000000000001,
8f0588a7-bc04-4635-91da-2b24231104d3,ede2f29a-d1eb-4ffa-b796-4d4ac224e3b1,11,5000000.00,draft,,,,2026-08-01T11:10:54.149Z,a0000000-0000-0000-0000-000000000001,2026-08-01T11:10:54.837Z,a0000000-0000-0000-0000-000000000001,
c8806081-d3e1-4d48-88cb-3408e1c86cd2,bd73f86f-5df6-41ae-abe2-f0bfb623e5ee,1,0.00,draft,,,,2026-08-01T12:08:51.487Z,a0000000-0000-0000-0000-000000000001,2026-08-01T12:08:51.487Z,,
33417dcb-75b2-4dae-a393-de513fd7b58f,bd73f86f-5df6-41ae-abe2-f0bfb623e5ee,2,12000000.00,draft,,,,2026-08-01T12:08:52.019Z,a0000000-0000-0000-0000-000000000001,2026-08-01T12:08:52.019Z,,
2a9fd14a-39cf-4103-b93d-88ea05224a27,bd73f86f-5df6-41ae-abe2-f0bfb623e5ee,3,0.00,draft,,,,2026-08-01T12:08:52.307Z,a0000000-0000-0000-0000-000000000001,2026-08-01T12:08:52.307Z,,
da0933b4-3611-43ef-8cc8-5b44c9b4c569,bd73f86f-5df6-41ae-abe2-f0bfb623e5ee,4,5000000.00,under_review,,,,2026-08-01T12:08:52.726Z,a0000000-0000-0000-0000-000000000001,2026-08-01T12:08:53.062Z,a0000000-0000-0000-0000-000000000001,
143e19cd-e362-4d7a-bdad-a167e2aa8245,bd73f86f-5df6-41ae-abe2-f0bfb623e5ee,5,0.00,draft,,,,2026-08-01T12:08:53.113Z,a0000000-0000-0000-0000-000000000001,2026-08-01T12:08:53.113Z,,
8b25a13c-fa74-42c2-ad85-b4d852615b6e,bd73f86f-5df6-41ae-abe2-f0bfb623e5ee,6,5000000.00,approved,a0000000-0000-0000-0000-000000000001,2026-08-01T12:08:54.636Z,,2026-08-01T12:08:53.495Z,a0000000-0000-0000-0000-000000000001,2026-08-01T12:08:54.636Z,a0000000-0000-0000-0000-000000000001,
c656e33a-3dea-47ec-a05c-24ffcf0bb248,bd73f86f-5df6-41ae-abe2-f0bfb623e5ee,7,5000000.00,under_review,,,,2026-08-01T12:08:54.687Z,a0000000-0000-0000-0000-000000000001,2026-08-01T12:08:55.013Z,a0000000-0000-0000-0000-000000000001,
b8cad436-ad99-48ae-a376-d6e7856018a4,bd73f86f-5df6-41ae-abe2-f0bfb623e5ee,8,5000000.00,draft,,,,2026-08-01T12:08:55.260Z,a0000000-0000-0000-0000-000000000001,2026-08-01T12:08:55.260Z,,
94f3504f-5fd9-4405-8ce1-2fbd431a082f,bd73f86f-5df6-41ae-abe2-f0bfb623e5ee,9,5000000.00,approved,a0000000-0000-0000-0000-000000000001,2026-08-01T12:08:56.863Z,,2026-08-01T12:08:55.612Z,a0000000-0000-0000-0000-000000000001,2026-08-01T12:08:56.863Z,a0000000-0000-0000-0000-000000000001,
4cbaac4f-1868-42df-96bf-ed0e8385f3ec,bd73f86f-5df6-41ae-abe2-f0bfb623e5ee,10,5000000.00,draft,,,,2026-08-01T12:08:56.936Z,a0000000-0000-0000-0000-000000000001,2026-08-01T12:08:57.613Z,a0000000-0000-0000-0000-000000000001,
175fc7ad-7329-49d0-a183-b5f8b62ac43f,bd73f86f-5df6-41ae-abe2-f0bfb623e5ee,11,5000000.00,draft,,,,2026-08-01T12:08:57.683Z,a0000000-0000-0000-0000-000000000001,2026-08-01T12:08:58.438Z,a0000000-0000-0000-0000-000000000001,
52c5db65-da2c-4859-98d0-e363d915ba70,3641418e-bda8-4c7b-888b-3b7c4cff3f94,1,0.00,draft,,,,2026-08-01T12:35:05.529Z,a0000000-0000-0000-0000-000000000001,2026-08-01T12:35:05.529Z,,
aa17b9ef-0b12-4fb4-81d6-71e9d58ba7a5,3641418e-bda8-4c7b-888b-3b7c4cff3f94,2,12000000.00,draft,,,,2026-08-01T12:35:06.086Z,a0000000-0000-0000-0000-000000000001,2026-08-01T12:35:06.086Z,,
b50d675b-1a82-47cb-a6c4-3a84277bb4e5,3641418e-bda8-4c7b-888b-3b7c4cff3f94,3,0.00,draft,,,,2026-08-01T12:35:06.357Z,a0000000-0000-0000-0000-000000000001,2026-08-01T12:35:06.357Z,,
b6abf69f-2a86-4b32-ac80-9ac74370a43c,3641418e-bda8-4c7b-888b-3b7c4cff3f94,4,5000000.00,under_review,,,,2026-08-01T12:35:06.760Z,a0000000-0000-0000-0000-000000000001,2026-08-01T12:35:07.112Z,a0000000-0000-0000-0000-000000000001,
20ad30ce-5438-4ee2-87cf-ab6392768dff,3641418e-bda8-4c7b-888b-3b7c4cff3f94,5,0.00,draft,,,,2026-08-01T12:35:07.161Z,a0000000-0000-0000-0000-000000000001,2026-08-01T12:35:07.161Z,,
31ea188b-8d7c-4baf-9bb6-50b5641a3daf,3641418e-bda8-4c7b-888b-3b7c4cff3f94,6,5000000.00,approved,a0000000-0000-0000-0000-000000000001,2026-08-01T12:35:08.541Z,,2026-08-01T12:35:07.535Z,a0000000-0000-0000-0000-000000000001,2026-08-01T12:35:08.541Z,a0000000-0000-0000-0000-000000000001,
128cc52d-2cef-4798-abe1-7ae4c7bf36ff,3641418e-bda8-4c7b-888b-3b7c4cff3f94,7,5000000.00,under_review,,,,2026-08-01T12:35:08.589Z,a0000000-0000-0000-0000-000000000001,2026-08-01T12:35:08.914Z,a0000000-0000-0000-0000-000000000001,
d253fcd2-2440-4ba3-b930-294366c14b01,3641418e-bda8-4c7b-888b-3b7c4cff3f94,8,5000000.00,draft,,,,2026-08-01T12:35:09.120Z,a0000000-0000-0000-0000-000000000001,2026-08-01T12:35:09.120Z,,
3bb54da2-bf46-4a9e-a928-950ea5002aaa,3641418e-bda8-4c7b-888b-3b7c4cff3f94,9,5000000.00,approved,a0000000-0000-0000-0000-000000000001,2026-08-01T12:35:10.811Z,,2026-08-01T12:35:09.497Z,a0000000-0000-0000-0000-000000000001,2026-08-01T12:35:10.811Z,a0000000-0000-0000-0000-000000000001,
120ae873-688e-400e-bdd3-d14c13053766,3641418e-bda8-4c7b-888b-3b7c4cff3f94,10,5000000.00,draft,,,,2026-08-01T12:35:10.878Z,a0000000-0000-0000-0000-000000000001,2026-08-01T12:35:11.587Z,a0000000-0000-0000-0000-000000000001,
1736ef7e-e983-4661-a907-fe453eb21f8d,548cbf7a-88b1-40d6-9dae-44e4e5dc0499,1,0.00,draft,,,,2026-08-01T04:34:02.540Z,a0000000-0000-0000-0000-000000000001,2026-08-01T04:34:02.540Z,,
b0eb7e29-a140-4a0c-ae0f-06f2651b1844,548cbf7a-88b1-40d6-9dae-44e4e5dc0499,2,12000000.00,draft,,,,2026-08-01T04:34:03.106Z,a0000000-0000-0000-0000-000000000001,2026-08-01T04:34:03.106Z,,
4b21d3f2-afdb-4960-b498-d7fc6beca344,548cbf7a-88b1-40d6-9dae-44e4e5dc0499,3,0.00,draft,,,,2026-08-01T04:34:03.404Z,a0000000-0000-0000-0000-000000000001,2026-08-01T04:34:03.404Z,,
a40f7c32-cd3c-42c4-9fd8-f7ac6fbdafcb,548cbf7a-88b1-40d6-9dae-44e4e5dc0499,4,5000000.00,under_review,,,,2026-08-01T04:34:03.918Z,a0000000-0000-0000-0000-000000000001,2026-08-01T04:34:04.291Z,a0000000-0000-0000-0000-000000000001,
895973af-158c-41d8-a94d-a8390889e4af,548cbf7a-88b1-40d6-9dae-44e4e5dc0499,5,0.00,draft,,,,2026-08-01T04:34:04.344Z,a0000000-0000-0000-0000-000000000001,2026-08-01T04:34:04.344Z,,
dda13334-c92e-4215-9b8c-43460335fcc0,548cbf7a-88b1-40d6-9dae-44e4e5dc0499,6,5000000.00,approved,a0000000-0000-0000-0000-000000000001,2026-08-01T04:34:05.677Z,,2026-08-01T04:34:04.662Z,a0000000-0000-0000-0000-000000000001,2026-08-01T04:34:05.677Z,a0000000-0000-0000-0000-000000000001,
4d1561ec-792e-4bbe-be21-32f34ab5eaaa,548cbf7a-88b1-40d6-9dae-44e4e5dc0499,7,5000000.00,under_review,,,,2026-08-01T04:34:05.728Z,a0000000-0000-0000-0000-000000000001,2026-08-01T04:34:06.058Z,a0000000-0000-0000-0000-000000000001,
9ac0f889-e7f8-41ee-8041-f4e8824e8328,548cbf7a-88b1-40d6-9dae-44e4e5dc0499,8,5000000.00,draft,,,,2026-08-01T04:34:06.261Z,a0000000-0000-0000-0000-000000000001,2026-08-01T04:34:06.261Z,,
87df5c92-3788-4a13-8ca9-0fe0a58e701a,548cbf7a-88b1-40d6-9dae-44e4e5dc0499,9,5000000.00,approved,a0000000-0000-0000-0000-000000000001,2026-08-01T04:34:07.831Z,,2026-08-01T04:34:06.616Z,a0000000-0000-0000-0000-000000000001,2026-08-01T04:34:07.831Z,a0000000-0000-0000-0000-000000000001,
679393db-ceea-4266-9ef1-dd866e8403fe,548cbf7a-88b1-40d6-9dae-44e4e5dc0499,10,5000000.00,draft,,,,2026-08-01T04:34:07.902Z,a0000000-0000-0000-0000-000000000001,2026-08-01T04:34:08.741Z,a0000000-0000-0000-0000-000000000001,
099292b6-afc1-4619-a3af-ae4f5131c0d1,548cbf7a-88b1-40d6-9dae-44e4e5dc0499,11,5000000.00,draft,,,,2026-08-01T04:34:08.811Z,a0000000-0000-0000-0000-000000000001,2026-08-01T04:34:09.569Z,a0000000-0000-0000-0000-000000000001,
ea90eb3f-2e55-4449-9935-81517e329a72,d1fe6199-7b01-4848-9b4b-1e8c1a92eb94,11,5000000.00,draft,,,,2026-08-01T05:29:34.236Z,a0000000-0000-0000-0000-000000000001,2026-08-01T05:29:34.959Z,a0000000-0000-0000-0000-000000000001,
89c30dfd-dabc-4c17-8d79-ec008d15151d,d1fe6199-7b01-4848-9b4b-1e8c1a92eb94,1,0.00,draft,,,,2026-08-01T05:29:28.098Z,a0000000-0000-0000-0000-000000000001,2026-08-01T05:29:28.098Z,,
a5269cba-57e2-4d56-83ea-bfd00c54e45f,d1fe6199-7b01-4848-9b4b-1e8c1a92eb94,2,12000000.00,draft,,,,2026-08-01T05:29:28.644Z,a0000000-0000-0000-0000-000000000001,2026-08-01T05:29:28.644Z,,
329da908-298f-48a4-8a05-cac9983b0d8b,d1fe6199-7b01-4848-9b4b-1e8c1a92eb94,3,0.00,draft,,,,2026-08-01T05:29:28.917Z,a0000000-0000-0000-0000-000000000001,2026-08-01T05:29:28.917Z,,
c4eb9e70-bff6-4520-81e7-6b325986a13d,d1fe6199-7b01-4848-9b4b-1e8c1a92eb94,4,5000000.00,under_review,,,,2026-08-01T05:29:29.335Z,a0000000-0000-0000-0000-000000000001,2026-08-01T05:29:29.666Z,a0000000-0000-0000-0000-000000000001,
63f37701-18f6-4dea-b10e-dd3426fa29c7,d1fe6199-7b01-4848-9b4b-1e8c1a92eb94,5,0.00,draft,,,,2026-08-01T05:29:29.719Z,a0000000-0000-0000-0000-000000000001,2026-08-01T05:29:29.719Z,,
9054ccdc-36c3-416c-8637-209f2999d6f5,d1fe6199-7b01-4848-9b4b-1e8c1a92eb94,6,5000000.00,approved,a0000000-0000-0000-0000-000000000001,2026-08-01T05:29:31.144Z,,2026-08-01T05:29:30.080Z,a0000000-0000-0000-0000-000000000001,2026-08-01T05:29:31.144Z,a0000000-0000-0000-0000-000000000001,
1a2a979c-527b-460f-a6b5-ccc83cde8976,d1fe6199-7b01-4848-9b4b-1e8c1a92eb94,7,5000000.00,under_review,,,,2026-08-01T05:29:31.197Z,a0000000-0000-0000-0000-000000000001,2026-08-01T05:29:31.526Z,a0000000-0000-0000-0000-000000000001,
61167f6d-9249-4117-9284-291500f9492f,d1fe6199-7b01-4848-9b4b-1e8c1a92eb94,8,5000000.00,draft,,,,2026-08-01T05:29:31.740Z,a0000000-0000-0000-0000-000000000001,2026-08-01T05:29:31.740Z,,
66eb7ff0-c8f3-47aa-8f88-5ebf6017251e,d1fe6199-7b01-4848-9b4b-1e8c1a92eb94,9,5000000.00,approved,a0000000-0000-0000-0000-000000000001,2026-08-01T05:29:33.415Z,,2026-08-01T05:29:32.120Z,a0000000-0000-0000-0000-000000000001,2026-08-01T05:29:33.415Z,a0000000-0000-0000-0000-000000000001,
8876a150-ee4e-4250-bc9b-a0d6d77f9aa6,d1fe6199-7b01-4848-9b4b-1e8c1a92eb94,10,5000000.00,draft,,,,2026-08-01T05:29:33.487Z,a0000000-0000-0000-0000-000000000001,2026-08-01T05:29:34.164Z,a0000000-0000-0000-0000-000000000001,
c4dbfbd9-c209-41b6-8366-ee10b08c7cb5,293f3be1-1874-4af5-8f14-cabf8f62f8b2,11,5000000.00,draft,,,,2026-08-01T05:41:12.246Z,a0000000-0000-0000-0000-000000000001,2026-08-01T05:41:13.019Z,a0000000-0000-0000-0000-000000000001,
0ff41728-1c1a-4091-9f0a-d81052e67e70,293f3be1-1874-4af5-8f14-cabf8f62f8b2,1,0.00,draft,,,,2026-08-01T05:41:06.033Z,a0000000-0000-0000-0000-000000000001,2026-08-01T05:41:06.033Z,,
485259ee-35be-4791-a5e4-1d25247e8f85,293f3be1-1874-4af5-8f14-cabf8f62f8b2,2,12000000.00,draft,,,,2026-08-01T05:41:06.473Z,a0000000-0000-0000-0000-000000000001,2026-08-01T05:41:06.473Z,,
553c623f-1239-4ad5-8a77-d9f2c3c9caee,293f3be1-1874-4af5-8f14-cabf8f62f8b2,3,0.00,draft,,,,2026-08-01T05:41:06.715Z,a0000000-0000-0000-0000-000000000001,2026-08-01T05:41:06.715Z,,
2980d448-baca-47f0-9e82-b4111b1803fc,293f3be1-1874-4af5-8f14-cabf8f62f8b2,4,5000000.00,under_review,,,,2026-08-01T05:41:07.138Z,a0000000-0000-0000-0000-000000000001,2026-08-01T05:41:07.466Z,a0000000-0000-0000-0000-000000000001,
41dc96f4-751f-43d5-8a51-8491407655ae,293f3be1-1874-4af5-8f14-cabf8f62f8b2,5,0.00,draft,,,,2026-08-01T05:41:07.518Z,a0000000-0000-0000-0000-000000000001,2026-08-01T05:41:07.518Z,,
4dc5cf9c-d620-4fbd-92ca-6ce75d6ab324,293f3be1-1874-4af5-8f14-cabf8f62f8b2,6,5000000.00,approved,a0000000-0000-0000-0000-000000000001,2026-08-01T05:41:08.911Z,,2026-08-01T05:41:07.877Z,a0000000-0000-0000-0000-000000000001,2026-08-01T05:41:08.911Z,a0000000-0000-0000-0000-000000000001,
053dfd8e-77c0-4e7e-8e52-07fa7d711cc6,293f3be1-1874-4af5-8f14-cabf8f62f8b2,7,5000000.00,under_review,,,,2026-08-01T05:41:08.961Z,a0000000-0000-0000-0000-000000000001,2026-08-01T05:41:09.348Z,a0000000-0000-0000-0000-000000000001,
2b36d800-6947-4322-88a7-7486f80295ba,293f3be1-1874-4af5-8f14-cabf8f62f8b2,8,5000000.00,draft,,,,2026-08-01T05:41:09.577Z,a0000000-0000-0000-0000-000000000001,2026-08-01T05:41:09.577Z,,
e207a553-b3f3-4073-8e25-39ae604f43f6,293f3be1-1874-4af5-8f14-cabf8f62f8b2,9,5000000.00,approved,a0000000-0000-0000-0000-000000000001,2026-08-01T05:41:11.353Z,,2026-08-01T05:41:09.984Z,a0000000-0000-0000-0000-000000000001,2026-08-01T05:41:11.353Z,a0000000-0000-0000-0000-000000000001,
0da2e907-c858-4666-ab85-97b5536b3629,293f3be1-1874-4af5-8f14-cabf8f62f8b2,10,5000000.00,draft,,,,2026-08-01T05:41:11.424Z,a0000000-0000-0000-0000-000000000001,2026-08-01T05:41:12.174Z,a0000000-0000-0000-0000-000000000001,
1e1e40a4-7f75-421f-a003-a12917aa49a1,707c0607-5c0e-4094-9fc8-3ae52472e81e,5,0.00,draft,,,,2026-08-01T05:44:15.829Z,a0000000-0000-0000-0000-000000000001,2026-08-01T05:44:15.829Z,,
1c82912e-2e4c-4bf3-bfc9-a2a3a0e7c522,707c0607-5c0e-4094-9fc8-3ae52472e81e,6,5000000.00,approved,a0000000-0000-0000-0000-000000000001,2026-08-01T05:44:17.473Z,,2026-08-01T05:44:16.360Z,a0000000-0000-0000-0000-000000000001,2026-08-01T05:44:17.473Z,a0000000-0000-0000-0000-000000000001,
57c893f4-d7a6-4338-b4d7-f879548008ab,707c0607-5c0e-4094-9fc8-3ae52472e81e,1,0.00,draft,,,,2026-08-01T05:44:14.096Z,a0000000-0000-0000-0000-000000000001,2026-08-01T05:44:14.096Z,,
96367c86-a5a1-4320-ae70-41a74f19e6bb,707c0607-5c0e-4094-9fc8-3ae52472e81e,2,12000000.00,draft,,,,2026-08-01T05:44:14.717Z,a0000000-0000-0000-0000-000000000001,2026-08-01T05:44:14.717Z,,
b7dd4267-2e05-4e6e-9429-21d7b5308935,707c0607-5c0e-4094-9fc8-3ae52472e81e,3,0.00,draft,,,,2026-08-01T05:44:15.018Z,a0000000-0000-0000-0000-000000000001,2026-08-01T05:44:15.018Z,,
1cef428d-9f13-4723-a0f9-7a130bba8095,707c0607-5c0e-4094-9fc8-3ae52472e81e,4,5000000.00,under_review,,,,2026-08-01T05:44:15.426Z,a0000000-0000-0000-0000-000000000001,2026-08-01T05:44:15.750Z,a0000000-0000-0000-0000-000000000001,
f030ca07-c493-4c42-8f9e-07b11bffcadb,707c0607-5c0e-4094-9fc8-3ae52472e81e,7,5000000.00,under_review,,,,2026-08-01T05:44:17.521Z,a0000000-0000-0000-0000-000000000001,2026-08-01T05:44:17.843Z,a0000000-0000-0000-0000-000000000001,
a6c3f61e-c291-4c19-b640-41193a7099f1,707c0607-5c0e-4094-9fc8-3ae52472e81e,8,5000000.00,draft,,,,2026-08-01T05:44:18.044Z,a0000000-0000-0000-0000-000000000001,2026-08-01T05:44:18.044Z,,
5710b74e-8435-4e95-939e-7125553dd79f,707c0607-5c0e-4094-9fc8-3ae52472e81e,9,5000000.00,approved,a0000000-0000-0000-0000-000000000001,2026-08-01T05:44:20.418Z,,2026-08-01T05:44:18.708Z,a0000000-0000-0000-0000-000000000001,2026-08-01T05:44:20.418Z,a0000000-0000-0000-0000-000000000001,
83b0b6b0-c059-4682-9f58-770f7d67448d,707c0607-5c0e-4094-9fc8-3ae52472e81e,10,5000000.00,draft,,,,2026-08-01T05:44:20.485Z,a0000000-0000-0000-0000-000000000001,2026-08-01T05:44:21.293Z,a0000000-0000-0000-0000-000000000001,
d36c4dcc-5ce8-49cd-b451-968d82314771,707c0607-5c0e-4094-9fc8-3ae52472e81e,11,5000000.00,draft,,,,2026-08-01T05:44:21.366Z,a0000000-0000-0000-0000-000000000001,2026-08-01T05:44:22.089Z,a0000000-0000-0000-0000-000000000001,
d241e748-2091-4348-86f7-e54f644eaa15,4fdad88a-78e0-40b6-8dc1-8e839a171122,1,0.00,draft,,,,2026-08-01T05:47:36.788Z,a0000000-0000-0000-0000-000000000001,2026-08-01T05:47:36.788Z,,
bd141c01-ef9d-4a7a-8364-bb90b01de6f3,4fdad88a-78e0-40b6-8dc1-8e839a171122,2,12000000.00,draft,,,,2026-08-01T05:47:37.238Z,a0000000-0000-0000-0000-000000000001,2026-08-01T05:47:37.238Z,,
bf8ed660-8c19-4c90-9fd8-5bb2bf3af9ce,4fdad88a-78e0-40b6-8dc1-8e839a171122,3,0.00,draft,,,,2026-08-01T05:47:37.522Z,a0000000-0000-0000-0000-000000000001,2026-08-01T05:47:37.522Z,,
820d1be0-730f-470a-90bb-68ed970044c6,4fdad88a-78e0-40b6-8dc1-8e839a171122,4,5000000.00,under_review,,,,2026-08-01T05:47:37.889Z,a0000000-0000-0000-0000-000000000001,2026-08-01T05:47:38.210Z,a0000000-0000-0000-0000-000000000001,
80501919-77f1-48cf-85ce-1d2182459ac9,4fdad88a-78e0-40b6-8dc1-8e839a171122,5,0.00,draft,,,,2026-08-01T05:47:38.261Z,a0000000-0000-0000-0000-000000000001,2026-08-01T05:47:38.261Z,,
bac8bfa6-e2ff-46a9-8c9a-aeaa6b72fabd,4fdad88a-78e0-40b6-8dc1-8e839a171122,6,5000000.00,approved,a0000000-0000-0000-0000-000000000001,2026-08-01T05:47:39.547Z,,2026-08-01T05:47:38.534Z,a0000000-0000-0000-0000-000000000001,2026-08-01T05:47:39.547Z,a0000000-0000-0000-0000-000000000001,
02017b7a-c27d-4c17-8469-757598e87ec5,4fdad88a-78e0-40b6-8dc1-8e839a171122,7,5000000.00,under_review,,,,2026-08-01T05:47:39.596Z,a0000000-0000-0000-0000-000000000001,2026-08-01T05:47:39.907Z,a0000000-0000-0000-0000-000000000001,
82a17dc1-58fb-4fcd-be78-122ec7eba663,4fdad88a-78e0-40b6-8dc1-8e839a171122,8,5000000.00,draft,,,,2026-08-01T05:47:40.125Z,a0000000-0000-0000-0000-000000000001,2026-08-01T05:47:40.125Z,,
93e44ee0-ea7f-4829-8600-009a44c4ccbe,4fdad88a-78e0-40b6-8dc1-8e839a171122,9,5000000.00,approved,a0000000-0000-0000-0000-000000000001,2026-08-01T05:47:41.868Z,,2026-08-01T05:47:40.482Z,a0000000-0000-0000-0000-000000000001,2026-08-01T05:47:41.868Z,a0000000-0000-0000-0000-000000000001,
fd2a868e-9d20-40e3-8ccf-047aeefd275d,4fdad88a-78e0-40b6-8dc1-8e839a171122,10,5000000.00,draft,,,,2026-08-01T05:47:41.986Z,a0000000-0000-0000-0000-000000000001,2026-08-01T05:47:42.698Z,a0000000-0000-0000-0000-000000000001,
fabdba64-fb08-45cf-9da1-52103fb8e563,4fdad88a-78e0-40b6-8dc1-8e839a171122,11,5000000.00,draft,,,,2026-08-01T05:47:42.773Z,a0000000-0000-0000-0000-000000000001,2026-08-01T05:47:43.491Z,a0000000-0000-0000-0000-000000000001,
371bbc8e-9201-4130-ae71-e5471a1b7d03,818ed31b-d962-4eee-847a-e7e33fbe695c,1,0.00,draft,,,,2026-08-01T05:50:09.329Z,a0000000-0000-0000-0000-000000000001,2026-08-01T05:50:09.329Z,,
b7623c05-54be-4d55-8804-f9d890e036c0,818ed31b-d962-4eee-847a-e7e33fbe695c,2,12000000.00,draft,,,,2026-08-01T05:50:09.790Z,a0000000-0000-0000-0000-000000000001,2026-08-01T05:50:09.790Z,,
f623ecc4-391d-4288-82ab-f01b0d072a61,818ed31b-d962-4eee-847a-e7e33fbe695c,3,0.00,draft,,,,2026-08-01T05:50:10.056Z,a0000000-0000-0000-0000-000000000001,2026-08-01T05:50:10.056Z,,
91262e29-d3ba-4dbe-86d2-dbabd25eaa04,818ed31b-d962-4eee-847a-e7e33fbe695c,4,5000000.00,under_review,,,,2026-08-01T05:50:10.438Z,a0000000-0000-0000-0000-000000000001,2026-08-01T05:50:10.814Z,a0000000-0000-0000-0000-000000000001,
52b6e12d-35e4-4db5-8caf-860272769b38,818ed31b-d962-4eee-847a-e7e33fbe695c,5,0.00,draft,,,,2026-08-01T05:50:10.864Z,a0000000-0000-0000-0000-000000000001,2026-08-01T05:50:10.864Z,,
ef6d2381-c5e1-455f-ab01-ec5e26e91fa4,818ed31b-d962-4eee-847a-e7e33fbe695c,6,5000000.00,approved,a0000000-0000-0000-0000-000000000001,2026-08-01T05:50:12.242Z,,2026-08-01T05:50:11.193Z,a0000000-0000-0000-0000-000000000001,2026-08-01T05:50:12.242Z,a0000000-0000-0000-0000-000000000001,
e628224e-e72a-4bfe-a5f5-f4ccc3c8dd8f,818ed31b-d962-4eee-847a-e7e33fbe695c,7,5000000.00,under_review,,,,2026-08-01T05:50:12.288Z,a0000000-0000-0000-0000-000000000001,2026-08-01T05:50:12.622Z,a0000000-0000-0000-0000-000000000001,
72679657-5990-4f40-8753-e24249d5ee35,818ed31b-d962-4eee-847a-e7e33fbe695c,8,5000000.00,draft,,,,2026-08-01T05:50:12.842Z,a0000000-0000-0000-0000-000000000001,2026-08-01T05:50:12.842Z,,
b3381a55-2e34-47bb-b665-2ab335e98ea9,818ed31b-d962-4eee-847a-e7e33fbe695c,9,5000000.00,approved,a0000000-0000-0000-0000-000000000001,2026-08-01T05:50:14.825Z,,2026-08-01T05:50:13.215Z,a0000000-0000-0000-0000-000000000001,2026-08-01T05:50:14.825Z,a0000000-0000-0000-0000-000000000001,
99f944b4-a580-4522-bed2-7b52ddda108f,818ed31b-d962-4eee-847a-e7e33fbe695c,10,5000000.00,draft,,,,2026-08-01T05:50:14.897Z,a0000000-0000-0000-0000-000000000001,2026-08-01T05:50:15.626Z,a0000000-0000-0000-0000-000000000001,
6a975d30-7179-4fba-ade5-c1b9190022f3,818ed31b-d962-4eee-847a-e7e33fbe695c,11,5000000.00,draft,,,,2026-08-01T05:50:15.691Z,a0000000-0000-0000-0000-000000000001,2026-08-01T05:50:16.652Z,a0000000-0000-0000-0000-000000000001,
4c9928af-ac77-49a6-8a48-24bc1faa3b3a,7a30f01d-0103-4664-95a0-348815de618a,1,0.00,draft,,,,2026-08-01T05:53:00.335Z,a0000000-0000-0000-0000-000000000001,2026-08-01T05:53:00.335Z,,
5e90b2d0-3b8f-45ce-a22b-217808d6c392,7a30f01d-0103-4664-95a0-348815de618a,2,12000000.00,draft,,,,2026-08-01T05:53:00.805Z,a0000000-0000-0000-0000-000000000001,2026-08-01T05:53:00.805Z,,
6ef7c546-1c4f-4211-9821-c9b949fe3f0f,7a30f01d-0103-4664-95a0-348815de618a,3,0.00,draft,,,,2026-08-01T05:53:01.052Z,a0000000-0000-0000-0000-000000000001,2026-08-01T05:53:01.052Z,,
efb1ad2e-ac19-404f-b47f-a2601edcc1c6,7a30f01d-0103-4664-95a0-348815de618a,4,5000000.00,under_review,,,,2026-08-01T05:53:01.486Z,a0000000-0000-0000-0000-000000000001,2026-08-01T05:53:01.809Z,a0000000-0000-0000-0000-000000000001,
2f539df1-75dc-46ac-80c6-924c36fe13e9,7a30f01d-0103-4664-95a0-348815de618a,5,0.00,draft,,,,2026-08-01T05:53:01.860Z,a0000000-0000-0000-0000-000000000001,2026-08-01T05:53:01.860Z,,
f9c12d54-0d43-4aa4-8bae-5167046748b3,7a30f01d-0103-4664-95a0-348815de618a,6,5000000.00,approved,a0000000-0000-0000-0000-000000000001,2026-08-01T05:53:03.209Z,,2026-08-01T05:53:02.208Z,a0000000-0000-0000-0000-000000000001,2026-08-01T05:53:03.209Z,a0000000-0000-0000-0000-000000000001,
9ac7c0af-9bdb-4d19-92a2-0e0961840202,7a30f01d-0103-4664-95a0-348815de618a,7,5000000.00,under_review,,,,2026-08-01T05:53:03.264Z,a0000000-0000-0000-0000-000000000001,2026-08-01T05:53:03.594Z,a0000000-0000-0000-0000-000000000001,
96f9cd18-dcb3-44bd-b241-883bb8a870f3,7a30f01d-0103-4664-95a0-348815de618a,8,5000000.00,draft,,,,2026-08-01T05:53:03.844Z,a0000000-0000-0000-0000-000000000001,2026-08-01T05:53:03.844Z,,
f083855d-b38e-4774-bb0d-5d28008d52f7,7a30f01d-0103-4664-95a0-348815de618a,9,5000000.00,approved,a0000000-0000-0000-0000-000000000001,2026-08-01T05:53:05.750Z,,2026-08-01T05:53:04.215Z,a0000000-0000-0000-0000-000000000001,2026-08-01T05:53:05.750Z,a0000000-0000-0000-0000-000000000001,
d86c0f5b-b662-404d-b811-0646d146704e,7a30f01d-0103-4664-95a0-348815de618a,10,5000000.00,draft,,,,2026-08-01T05:53:05.823Z,a0000000-0000-0000-0000-000000000001,2026-08-01T05:53:06.549Z,a0000000-0000-0000-0000-000000000001,
2a0944c9-9bea-41c4-a40e-c0a7d23a3958,7a30f01d-0103-4664-95a0-348815de618a,11,5000000.00,draft,,,,2026-08-01T05:53:06.619Z,a0000000-0000-0000-0000-000000000001,2026-08-01T05:53:07.359Z,a0000000-0000-0000-0000-000000000001,
7589f24c-40cd-4560-bdcb-8532ea7d75d3,51994429-031d-41b1-9e19-630323f35cfe,1,0.00,draft,,,,2026-08-01T06:06:42.660Z,a0000000-0000-0000-0000-000000000001,2026-08-01T06:06:42.660Z,,
7affb9ba-675a-4727-9823-0272c681a8f0,51994429-031d-41b1-9e19-630323f35cfe,2,12000000.00,draft,,,,2026-08-01T06:06:44.110Z,a0000000-0000-0000-0000-000000000001,2026-08-01T06:06:44.110Z,,
0e65cdce-e8e8-450e-9766-5f35378386e7,51994429-031d-41b1-9e19-630323f35cfe,3,0.00,draft,,,,2026-08-01T06:06:44.327Z,a0000000-0000-0000-0000-000000000001,2026-08-01T06:06:44.327Z,,
e9ba3328-015b-462f-9853-6899cf4ff7d3,51994429-031d-41b1-9e19-630323f35cfe,4,5000000.00,draft,,,,2026-08-01T06:06:44.610Z,a0000000-0000-0000-0000-000000000001,2026-08-01T06:06:44.610Z,,
83b9de01-a231-4d71-b0d9-05cf936c04ac,51994429-031d-41b1-9e19-630323f35cfe,5,0.00,draft,,,,2026-08-01T06:06:44.851Z,a0000000-0000-0000-0000-000000000001,2026-08-01T06:06:44.851Z,,
8f200aba-03b6-468c-a608-2b8e772dc91a,51994429-031d-41b1-9e19-630323f35cfe,6,5000000.00,draft,,,,2026-08-01T06:06:45.063Z,a0000000-0000-0000-0000-000000000001,2026-08-01T06:06:45.063Z,,
e39fe34b-4367-4975-8f06-0bbae05facc9,51994429-031d-41b1-9e19-630323f35cfe,7,5000000.00,draft,,,,2026-08-01T06:06:45.621Z,a0000000-0000-0000-0000-000000000001,2026-08-01T06:06:45.621Z,,
a04da01f-2d8a-4416-8662-5ff68cf17d2c,51994429-031d-41b1-9e19-630323f35cfe,8,5000000.00,draft,,,,2026-08-01T06:06:46.076Z,a0000000-0000-0000-0000-000000000001,2026-08-01T06:06:46.076Z,,
7f765094-bbcf-4ea5-a3d2-deec426a549d,51994429-031d-41b1-9e19-630323f35cfe,9,5000000.00,draft,,,,2026-08-01T06:06:46.394Z,a0000000-0000-0000-0000-000000000001,2026-08-01T06:06:46.394Z,,
b31ebc56-1bad-46a5-b4ec-8dfae8594c43,51994429-031d-41b1-9e19-630323f35cfe,10,5000000.00,draft,,,,2026-08-01T06:06:46.870Z,a0000000-0000-0000-0000-000000000001,2026-08-01T06:06:46.870Z,,
57bff61f-eac9-4981-9e3d-590e76e40812,dbd390e6-2f1d-4c43-b67e-8e17eaad3c11,1,0.00,draft,,,,2026-08-01T06:09:35.878Z,a0000000-0000-0000-0000-000000000001,2026-08-01T06:09:35.878Z,,
53ca73c9-1d04-4673-b38b-b129e420b5bd,dbd390e6-2f1d-4c43-b67e-8e17eaad3c11,2,12000000.00,draft,,,,2026-08-01T06:09:36.798Z,a0000000-0000-0000-0000-000000000001,2026-08-01T06:09:36.798Z,,
634e2347-707b-4c06-8f4d-55ee9542ab3e,dbd390e6-2f1d-4c43-b67e-8e17eaad3c11,3,0.00,draft,,,,2026-08-01T06:09:37.078Z,a0000000-0000-0000-0000-000000000001,2026-08-01T06:09:37.078Z,,
7dcb0a0c-4403-4927-abd6-0b7b9cd69533,dbd390e6-2f1d-4c43-b67e-8e17eaad3c11,4,5000000.00,draft,,,,2026-08-01T06:09:37.502Z,a0000000-0000-0000-0000-000000000001,2026-08-01T06:09:37.502Z,,
ef782768-5b16-4792-9793-94a468ce35d8,dbd390e6-2f1d-4c43-b67e-8e17eaad3c11,5,0.00,draft,,,,2026-08-01T06:09:37.766Z,a0000000-0000-0000-0000-000000000001,2026-08-01T06:09:37.766Z,,
65e35735-a983-4907-9208-9f05d331b3d1,dbd390e6-2f1d-4c43-b67e-8e17eaad3c11,6,5000000.00,draft,,,,2026-08-01T06:09:38.007Z,a0000000-0000-0000-0000-000000000001,2026-08-01T06:09:38.007Z,,
f75a3e00-692a-41bd-b45b-918fc0290fc2,dbd390e6-2f1d-4c43-b67e-8e17eaad3c11,7,5000000.00,draft,,,,2026-08-01T06:09:38.658Z,a0000000-0000-0000-0000-000000000001,2026-08-01T06:09:38.658Z,,
abf917c8-98ac-4110-a0f6-9ab811df531e,dbd390e6-2f1d-4c43-b67e-8e17eaad3c11,8,5000000.00,draft,,,,2026-08-01T06:09:39.123Z,a0000000-0000-0000-0000-000000000001,2026-08-01T06:09:39.123Z,,
d5e2580b-44b3-4941-b462-410be0b9f731,dbd390e6-2f1d-4c43-b67e-8e17eaad3c11,9,5000000.00,draft,,,,2026-08-01T06:09:39.496Z,a0000000-0000-0000-0000-000000000001,2026-08-01T06:09:39.496Z,,
ac7448f6-1c78-429e-94f6-93c0c54b15a1,dbd390e6-2f1d-4c43-b67e-8e17eaad3c11,10,5000000.00,draft,,,,2026-08-01T06:09:40.041Z,a0000000-0000-0000-0000-000000000001,2026-08-01T06:09:40.041Z,,
03118e2f-a51f-47aa-8655-291c159c0b66,b464236c-4590-4d3a-9e66-268a5678e2de,6,5000000.00,approved,a0000000-0000-0000-0000-000000000001,2026-08-01T06:16:28.509Z,,2026-08-01T06:16:27.515Z,a0000000-0000-0000-0000-000000000001,2026-08-01T06:16:28.509Z,a0000000-0000-0000-0000-000000000001,
b67ea3fc-f5c2-4a68-8e41-92530ac434d3,b464236c-4590-4d3a-9e66-268a5678e2de,1,0.00,draft,,,,2026-08-01T06:16:25.690Z,a0000000-0000-0000-0000-000000000001,2026-08-01T06:16:25.690Z,,
0ca0386a-c217-477c-ad79-a08a2b7ae869,b464236c-4590-4d3a-9e66-268a5678e2de,2,12000000.00,draft,,,,2026-08-01T06:16:26.153Z,a0000000-0000-0000-0000-000000000001,2026-08-01T06:16:26.153Z,,
deaba369-22f0-4aa8-8ae3-06b43100e9eb,b464236c-4590-4d3a-9e66-268a5678e2de,3,0.00,draft,,,,2026-08-01T06:16:26.432Z,a0000000-0000-0000-0000-000000000001,2026-08-01T06:16:26.432Z,,
57846e1f-58e2-478c-870a-92eb56bab739,b464236c-4590-4d3a-9e66-268a5678e2de,4,5000000.00,under_review,,,,2026-08-01T06:16:26.810Z,a0000000-0000-0000-0000-000000000001,2026-08-01T06:16:27.127Z,a0000000-0000-0000-0000-000000000001,
2da7e887-139f-468c-89b5-5538e910726f,b464236c-4590-4d3a-9e66-268a5678e2de,5,0.00,draft,,,,2026-08-01T06:16:27.182Z,a0000000-0000-0000-0000-000000000001,2026-08-01T06:16:27.182Z,,
1d62fdec-1b6c-4b27-bc5a-b63e3c9546dc,b464236c-4590-4d3a-9e66-268a5678e2de,7,5000000.00,under_review,,,,2026-08-01T06:16:28.560Z,a0000000-0000-0000-0000-000000000001,2026-08-01T06:16:28.870Z,a0000000-0000-0000-0000-000000000001,
0f78d8da-2035-401c-879f-f6b7346db669,b464236c-4590-4d3a-9e66-268a5678e2de,8,5000000.00,draft,,,,2026-08-01T06:16:29.086Z,a0000000-0000-0000-0000-000000000001,2026-08-01T06:16:29.086Z,,
eb87958f-d3d7-4e83-bcc0-75da4cb449a3,b464236c-4590-4d3a-9e66-268a5678e2de,9,5000000.00,approved,a0000000-0000-0000-0000-000000000001,2026-08-01T06:16:30.892Z,,2026-08-01T06:16:29.503Z,a0000000-0000-0000-0000-000000000001,2026-08-01T06:16:30.892Z,a0000000-0000-0000-0000-000000000001,
14648cc3-77a5-4a9d-983b-a72b90798f9c,b464236c-4590-4d3a-9e66-268a5678e2de,10,5000000.00,draft,,,,2026-08-01T06:16:30.971Z,a0000000-0000-0000-0000-000000000001,2026-08-01T06:16:31.817Z,a0000000-0000-0000-0000-000000000001,
c7f3d835-770e-497e-b1e0-c3fb021583ed,b464236c-4590-4d3a-9e66-268a5678e2de,11,5000000.00,draft,,,,2026-08-01T06:16:31.890Z,a0000000-0000-0000-0000-000000000001,2026-08-01T06:16:32.618Z,a0000000-0000-0000-0000-000000000001,
e516a86d-1fca-40b3-b255-0903bc907d6c,15170f6b-4070-4746-b706-af1b3dcf7659,1,0.00,draft,,,,2026-08-01T06:19:48.085Z,a0000000-0000-0000-0000-000000000001,2026-08-01T06:19:48.085Z,,
00301db9-352c-4637-a147-86c4a2a88b0e,15170f6b-4070-4746-b706-af1b3dcf7659,2,12000000.00,draft,,,,2026-08-01T06:19:48.670Z,a0000000-0000-0000-0000-000000000001,2026-08-01T06:19:48.670Z,,
018351da-ec6c-42b5-9f8d-4a41c1dc0266,15170f6b-4070-4746-b706-af1b3dcf7659,3,0.00,draft,,,,2026-08-01T06:19:49.003Z,a0000000-0000-0000-0000-000000000001,2026-08-01T06:19:49.003Z,,
a2cd2c65-790c-42c1-96ab-9aaa513ca108,15170f6b-4070-4746-b706-af1b3dcf7659,4,5000000.00,under_review,,,,2026-08-01T06:19:49.498Z,a0000000-0000-0000-0000-000000000001,2026-08-01T06:19:49.915Z,a0000000-0000-0000-0000-000000000001,
b94b2ad4-59e2-4fab-a584-56562f3f9da6,15170f6b-4070-4746-b706-af1b3dcf7659,5,0.00,draft,,,,2026-08-01T06:19:49.964Z,a0000000-0000-0000-0000-000000000001,2026-08-01T06:19:49.964Z,,
343d0c4d-3ce0-4163-bfd3-735664efe4d8,15170f6b-4070-4746-b706-af1b3dcf7659,6,5000000.00,approved,a0000000-0000-0000-0000-000000000001,2026-08-01T06:19:51.244Z,,2026-08-01T06:19:50.276Z,a0000000-0000-0000-0000-000000000001,2026-08-01T06:19:51.244Z,a0000000-0000-0000-0000-000000000001,
b683d153-5b52-4097-be75-b5d88acf5696,15170f6b-4070-4746-b706-af1b3dcf7659,7,5000000.00,under_review,,,,2026-08-01T06:19:51.292Z,a0000000-0000-0000-0000-000000000001,2026-08-01T06:19:51.612Z,a0000000-0000-0000-0000-000000000001,
cda80eb6-b7ea-4c8a-be11-2ba7512f036b,15170f6b-4070-4746-b706-af1b3dcf7659,8,5000000.00,draft,,,,2026-08-01T06:19:51.819Z,a0000000-0000-0000-0000-000000000001,2026-08-01T06:19:51.819Z,,
0840f0c8-70cd-4e0c-b41b-90f1afca938a,15170f6b-4070-4746-b706-af1b3dcf7659,9,5000000.00,approved,a0000000-0000-0000-0000-000000000001,2026-08-01T06:19:53.479Z,,2026-08-01T06:19:52.206Z,a0000000-0000-0000-0000-000000000001,2026-08-01T06:19:53.479Z,a0000000-0000-0000-0000-000000000001,
3721dfcc-5025-4a2b-8987-d2575a0a5cf0,15170f6b-4070-4746-b706-af1b3dcf7659,10,5000000.00,draft,,,,2026-08-01T06:19:53.547Z,a0000000-0000-0000-0000-000000000001,2026-08-01T06:19:54.231Z,a0000000-0000-0000-0000-000000000001,
071bcf3b-ab22-468b-aaad-dcfe5a0c1648,15170f6b-4070-4746-b706-af1b3dcf7659,11,5000000.00,draft,,,,2026-08-01T06:19:54.301Z,a0000000-0000-0000-0000-000000000001,2026-08-01T06:19:55.040Z,a0000000-0000-0000-0000-000000000001,
ec83b310-2b9c-4f15-ab6c-d36439a9fdf0,6392bfde-c29e-4af6-96cb-6f82174c9961,6,5000000.00,approved,a0000000-0000-0000-0000-000000000001,2026-08-01T10:57:14.771Z,,2026-08-01T10:57:13.656Z,a0000000-0000-0000-0000-000000000001,2026-08-01T10:57:14.771Z,a0000000-0000-0000-0000-000000000001,
a9ac4803-5906-4190-a8d7-d462c516164a,6392bfde-c29e-4af6-96cb-6f82174c9961,7,5000000.00,under_review,,,,2026-08-01T10:57:14.818Z,a0000000-0000-0000-0000-000000000001,2026-08-01T10:57:15.237Z,a0000000-0000-0000-0000-000000000001,
b37f4f82-5dca-4a68-8d7d-b72614f7c44d,2f9892c0-7935-45ad-8486-c79aa9cc6ea3,1,0.00,draft,,,,2026-08-01T09:59:43.272Z,a0000000-0000-0000-0000-000000000001,2026-08-01T09:59:43.272Z,,
02cbf647-d4f1-4b71-877c-85d4ddb4c21b,2f9892c0-7935-45ad-8486-c79aa9cc6ea3,2,12000000.00,draft,,,,2026-08-01T09:59:43.813Z,a0000000-0000-0000-0000-000000000001,2026-08-01T09:59:43.813Z,,
f141e3ef-02ae-44f3-a228-4caea2583b78,2f9892c0-7935-45ad-8486-c79aa9cc6ea3,3,0.00,draft,,,,2026-08-01T09:59:44.064Z,a0000000-0000-0000-0000-000000000001,2026-08-01T09:59:44.064Z,,
826b7d97-0ef6-4ed3-95e4-b5560d37d9e0,2f9892c0-7935-45ad-8486-c79aa9cc6ea3,4,5000000.00,under_review,,,,2026-08-01T09:59:44.436Z,a0000000-0000-0000-0000-000000000001,2026-08-01T09:59:44.760Z,a0000000-0000-0000-0000-000000000001,
95e1e5a1-9e52-495b-9f4a-3631b7e35ec0,2f9892c0-7935-45ad-8486-c79aa9cc6ea3,5,0.00,draft,,,,2026-08-01T09:59:44.811Z,a0000000-0000-0000-0000-000000000001,2026-08-01T09:59:44.811Z,,
aef93b8a-8e1c-49a4-b936-dc70615efa09,2f9892c0-7935-45ad-8486-c79aa9cc6ea3,6,5000000.00,approved,a0000000-0000-0000-0000-000000000001,2026-08-01T09:59:46.166Z,,2026-08-01T09:59:45.172Z,a0000000-0000-0000-0000-000000000001,2026-08-01T09:59:46.166Z,a0000000-0000-0000-0000-000000000001,
4a94a91b-d9f1-4e60-92fd-1147ddb361fd,2f9892c0-7935-45ad-8486-c79aa9cc6ea3,7,5000000.00,under_review,,,,2026-08-01T09:59:46.214Z,a0000000-0000-0000-0000-000000000001,2026-08-01T09:59:46.586Z,a0000000-0000-0000-0000-000000000001,
8264355e-a3da-4169-8d4c-caeac35069f8,2f9892c0-7935-45ad-8486-c79aa9cc6ea3,8,5000000.00,draft,,,,2026-08-01T09:59:46.816Z,a0000000-0000-0000-0000-000000000001,2026-08-01T09:59:46.816Z,,
26d82759-0d7f-4bcb-a598-404179cc1459,2f9892c0-7935-45ad-8486-c79aa9cc6ea3,9,5000000.00,approved,a0000000-0000-0000-0000-000000000001,2026-08-01T09:59:48.582Z,,2026-08-01T09:59:47.197Z,a0000000-0000-0000-0000-000000000001,2026-08-01T09:59:48.582Z,a0000000-0000-0000-0000-000000000001,
557b7f4f-f451-477e-a344-04f1027a1e6c,2f9892c0-7935-45ad-8486-c79aa9cc6ea3,10,5000000.00,draft,,,,2026-08-01T09:59:48.651Z,a0000000-0000-0000-0000-000000000001,2026-08-01T09:59:49.361Z,a0000000-0000-0000-0000-000000000001,
04878333-a9ac-4dd6-a3c6-c4f0b0159bb1,2f9892c0-7935-45ad-8486-c79aa9cc6ea3,11,5000000.00,draft,,,,2026-08-01T09:59:49.433Z,a0000000-0000-0000-0000-000000000001,2026-08-01T09:59:50.223Z,a0000000-0000-0000-0000-000000000001,
bc1d0058-7f1c-4a2d-89e7-f489c5be4adb,6392bfde-c29e-4af6-96cb-6f82174c9961,8,5000000.00,draft,,,,2026-08-01T10:57:15.453Z,a0000000-0000-0000-0000-000000000001,2026-08-01T10:57:15.453Z,,
3dbc263d-6bfa-4f2b-9391-4981bac47783,6392bfde-c29e-4af6-96cb-6f82174c9961,9,5000000.00,approved,a0000000-0000-0000-0000-000000000001,2026-08-01T10:57:17.065Z,,2026-08-01T10:57:15.800Z,a0000000-0000-0000-0000-000000000001,2026-08-01T10:57:17.065Z,a0000000-0000-0000-0000-000000000001,
f2661e28-b017-418f-a5e3-b124e2218dba,6392bfde-c29e-4af6-96cb-6f82174c9961,1,0.00,draft,,,,2026-08-01T10:57:11.851Z,a0000000-0000-0000-0000-000000000001,2026-08-01T10:57:11.851Z,,
d2aec7fb-6d6c-4d31-968f-e36dce05b9be,6392bfde-c29e-4af6-96cb-6f82174c9961,2,12000000.00,draft,,,,2026-08-01T10:57:12.280Z,a0000000-0000-0000-0000-000000000001,2026-08-01T10:57:12.280Z,,
41f83c73-6198-4ec4-99ec-b9b445ed7865,6392bfde-c29e-4af6-96cb-6f82174c9961,3,0.00,draft,,,,2026-08-01T10:57:12.521Z,a0000000-0000-0000-0000-000000000001,2026-08-01T10:57:12.521Z,,
1aa96aca-f47e-4874-b034-a3a70119a86f,6392bfde-c29e-4af6-96cb-6f82174c9961,4,5000000.00,under_review,,,,2026-08-01T10:57:12.915Z,a0000000-0000-0000-0000-000000000001,2026-08-01T10:57:13.243Z,a0000000-0000-0000-0000-000000000001,
83279223-371e-4df0-951e-e7b81ccd47ce,6392bfde-c29e-4af6-96cb-6f82174c9961,5,0.00,draft,,,,2026-08-01T10:57:13.295Z,a0000000-0000-0000-0000-000000000001,2026-08-01T10:57:13.295Z,,
cf18db2c-738e-4c40-8bf1-5ac685dbfff6,6392bfde-c29e-4af6-96cb-6f82174c9961,10,5000000.00,draft,,,,2026-08-01T10:57:17.131Z,a0000000-0000-0000-0000-000000000001,2026-08-01T10:57:17.937Z,a0000000-0000-0000-0000-000000000001,
540e5891-32de-474d-80bc-ac0bbb76c580,6392bfde-c29e-4af6-96cb-6f82174c9961,11,5000000.00,draft,,,,2026-08-01T10:57:18.006Z,a0000000-0000-0000-0000-000000000001,2026-08-01T10:57:18.765Z,a0000000-0000-0000-0000-000000000001,
e8fb94a3-6dba-483e-b35c-3dba3beec97b,b8acfdad-3492-4cad-844c-cb693542449c,7,5000000.00,under_review,,,,2026-08-01T11:42:58.419Z,a0000000-0000-0000-0000-000000000001,2026-08-01T11:42:58.768Z,a0000000-0000-0000-0000-000000000001,
f84e8396-82fc-475a-984b-9d0f978fdfa8,b8acfdad-3492-4cad-844c-cb693542449c,8,5000000.00,draft,,,,2026-08-01T11:42:59.040Z,a0000000-0000-0000-0000-000000000001,2026-08-01T11:42:59.040Z,,
f6125332-3f32-46a4-a0d1-a03828321bd3,b8acfdad-3492-4cad-844c-cb693542449c,1,0.00,draft,,,,2026-08-01T11:42:55.549Z,a0000000-0000-0000-0000-000000000001,2026-08-01T11:42:55.549Z,,
017bb016-4462-4e5e-8c31-f6e9c851f500,b8acfdad-3492-4cad-844c-cb693542449c,2,12000000.00,draft,,,,2026-08-01T11:42:56.044Z,a0000000-0000-0000-0000-000000000001,2026-08-01T11:42:56.044Z,,
ddac4576-edac-42d1-805f-4d1bcfef493c,b8acfdad-3492-4cad-844c-cb693542449c,3,0.00,draft,,,,2026-08-01T11:42:56.285Z,a0000000-0000-0000-0000-000000000001,2026-08-01T11:42:56.285Z,,
129437c9-1607-4e28-a0cd-fbb5bcc7be9a,b8acfdad-3492-4cad-844c-cb693542449c,4,5000000.00,under_review,,,,2026-08-01T11:42:56.664Z,a0000000-0000-0000-0000-000000000001,2026-08-01T11:42:56.993Z,a0000000-0000-0000-0000-000000000001,
e0d5aee9-de3e-4cf9-a4c3-1568ee87b338,b8acfdad-3492-4cad-844c-cb693542449c,5,0.00,draft,,,,2026-08-01T11:42:57.045Z,a0000000-0000-0000-0000-000000000001,2026-08-01T11:42:57.045Z,,
8ba4086c-7e24-4433-9c1f-016abca9b9d1,b8acfdad-3492-4cad-844c-cb693542449c,6,5000000.00,approved,a0000000-0000-0000-0000-000000000001,2026-08-01T11:42:58.368Z,,2026-08-01T11:42:57.372Z,a0000000-0000-0000-0000-000000000001,2026-08-01T11:42:58.368Z,a0000000-0000-0000-0000-000000000001,
42e59a98-3dca-4864-bb05-80035efa1aff,b8acfdad-3492-4cad-844c-cb693542449c,9,5000000.00,approved,a0000000-0000-0000-0000-000000000001,2026-08-01T11:43:00.702Z,,2026-08-01T11:42:59.439Z,a0000000-0000-0000-0000-000000000001,2026-08-01T11:43:00.702Z,a0000000-0000-0000-0000-000000000001,
f59690d6-830c-4a8c-8953-88777ba9c64a,b8acfdad-3492-4cad-844c-cb693542449c,10,5000000.00,draft,,,,2026-08-01T11:43:00.775Z,a0000000-0000-0000-0000-000000000001,2026-08-01T11:43:01.446Z,a0000000-0000-0000-0000-000000000001,
d91e2385-e7b8-408c-b78a-a16330e68f9d,b8acfdad-3492-4cad-844c-cb693542449c,11,5000000.00,draft,,,,2026-08-01T11:43:01.517Z,a0000000-0000-0000-0000-000000000001,2026-08-01T11:43:02.225Z,a0000000-0000-0000-0000-000000000001,
1b241657-a02e-4a27-960e-9c86b4ff2514,d87f7cf8-6f36-4a0e-80da-11afb3c3c992,8,5000000.00,draft,,,,2026-08-01T12:29:39.888Z,a0000000-0000-0000-0000-000000000001,2026-08-01T12:29:39.888Z,,
b92fbe33-d2eb-43dc-a282-5a83e847393a,d87f7cf8-6f36-4a0e-80da-11afb3c3c992,9,5000000.00,approved,a0000000-0000-0000-0000-000000000001,2026-08-01T12:29:41.555Z,,2026-08-01T12:29:40.308Z,a0000000-0000-0000-0000-000000000001,2026-08-01T12:29:41.555Z,a0000000-0000-0000-0000-000000000001,
734bd7bf-b090-46ea-ad1a-9415f6d979bd,d87f7cf8-6f36-4a0e-80da-11afb3c3c992,1,0.00,draft,,,,2026-08-01T12:29:36.102Z,a0000000-0000-0000-0000-000000000001,2026-08-01T12:29:36.102Z,,
51dbb346-c86e-43bf-9f11-73884a801db1,d87f7cf8-6f36-4a0e-80da-11afb3c3c992,2,12000000.00,draft,,,,2026-08-01T12:29:36.676Z,a0000000-0000-0000-0000-000000000001,2026-08-01T12:29:36.676Z,,
b4d5bc40-5858-427a-b380-87d3777a5145,d87f7cf8-6f36-4a0e-80da-11afb3c3c992,3,0.00,draft,,,,2026-08-01T12:29:36.961Z,a0000000-0000-0000-0000-000000000001,2026-08-01T12:29:36.961Z,,
f6577203-d5ce-4f51-8121-ed65218c96f4,d87f7cf8-6f36-4a0e-80da-11afb3c3c992,4,5000000.00,under_review,,,,2026-08-01T12:29:37.417Z,a0000000-0000-0000-0000-000000000001,2026-08-01T12:29:37.811Z,a0000000-0000-0000-0000-000000000001,
3d280ae6-022b-4fe5-9f59-fb0291b98eb5,d87f7cf8-6f36-4a0e-80da-11afb3c3c992,5,0.00,draft,,,,2026-08-01T12:29:37.860Z,a0000000-0000-0000-0000-000000000001,2026-08-01T12:29:37.860Z,,
d7c62003-56bc-4f6a-9d06-2d69391ecbdc,d87f7cf8-6f36-4a0e-80da-11afb3c3c992,6,5000000.00,approved,a0000000-0000-0000-0000-000000000001,2026-08-01T12:29:39.257Z,,2026-08-01T12:29:38.232Z,a0000000-0000-0000-0000-000000000001,2026-08-01T12:29:39.257Z,a0000000-0000-0000-0000-000000000001,
06fb075f-61c4-4e11-8b69-793709812898,d87f7cf8-6f36-4a0e-80da-11afb3c3c992,7,5000000.00,under_review,,,,2026-08-01T12:29:39.304Z,a0000000-0000-0000-0000-000000000001,2026-08-01T12:29:39.655Z,a0000000-0000-0000-0000-000000000001,
ce748023-5c2f-4d86-b780-643ffd9faae5,d87f7cf8-6f36-4a0e-80da-11afb3c3c992,10,5000000.00,draft,,,,2026-08-01T12:29:41.625Z,a0000000-0000-0000-0000-000000000001,2026-08-01T12:29:42.320Z,a0000000-0000-0000-0000-000000000001,
0c0f0552-0245-4fdf-8b1f-eeee7ea92937,d87f7cf8-6f36-4a0e-80da-11afb3c3c992,11,5000000.00,draft,,,,2026-08-01T12:29:42.390Z,a0000000-0000-0000-0000-000000000001,2026-08-01T12:29:43.102Z,a0000000-0000-0000-0000-000000000001,
4a7bfae7-a64d-41e8-a6a0-3640454112d6,3641418e-bda8-4c7b-888b-3b7c4cff3f94,11,5000000.00,draft,,,,2026-08-01T12:35:11.655Z,a0000000-0000-0000-0000-000000000001,2026-08-01T12:35:12.418Z,a0000000-0000-0000-0000-000000000001,
643e6c35-caae-4e87-a735-dbcf1ff43fb4,4d585090-8bc9-4001-84bb-0edbf9ae1aa0,6,5000000.00,approved,a0000000-0000-0000-0000-000000000001,2026-08-01T12:58:45.242Z,,2026-08-01T12:58:44.114Z,a0000000-0000-0000-0000-000000000001,2026-08-01T12:58:45.242Z,a0000000-0000-0000-0000-000000000001,
b0c14afa-ce9e-4430-9917-30df34a9e69f,4d585090-8bc9-4001-84bb-0edbf9ae1aa0,7,5000000.00,under_review,,,,2026-08-01T12:58:45.292Z,a0000000-0000-0000-0000-000000000001,2026-08-01T12:58:45.633Z,a0000000-0000-0000-0000-000000000001,
566c14e4-5c19-4dbe-9ca9-6d506fc9a2ae,4d585090-8bc9-4001-84bb-0edbf9ae1aa0,8,5000000.00,draft,,,,2026-08-01T12:58:45.834Z,a0000000-0000-0000-0000-000000000001,2026-08-01T12:58:45.834Z,,
27106312-0639-44ac-a517-522e94b877dd,4d585090-8bc9-4001-84bb-0edbf9ae1aa0,9,5000000.00,approved,a0000000-0000-0000-0000-000000000001,2026-08-01T12:58:47.684Z,,2026-08-01T12:58:46.266Z,a0000000-0000-0000-0000-000000000001,2026-08-01T12:58:47.684Z,a0000000-0000-0000-0000-000000000001,
228217c9-72e6-4a92-920a-fa3c0e9f7def,4d585090-8bc9-4001-84bb-0edbf9ae1aa0,10,5000000.00,draft,,,,2026-08-01T12:58:47.756Z,a0000000-0000-0000-0000-000000000001,2026-08-01T12:58:48.496Z,a0000000-0000-0000-0000-000000000001,
be8f8813-2c4b-409d-81c4-a01fde925b66,4d585090-8bc9-4001-84bb-0edbf9ae1aa0,11,5000000.00,draft,,,,2026-08-01T12:58:48.569Z,a0000000-0000-0000-0000-000000000001,2026-08-01T12:58:49.323Z,a0000000-0000-0000-0000-000000000001,
070b1d67-8888-46bc-af53-8dfa19f3dc38,4886fe66-3e90-4095-bf75-94694f79d4ee,1,0.00,draft,,,,2026-08-01T13:02:11.200Z,a0000000-0000-0000-0000-000000000001,2026-08-01T13:02:11.200Z,,
f02ea631-d780-4d98-9601-71a4225e9a5d,4886fe66-3e90-4095-bf75-94694f79d4ee,2,12000000.00,draft,,,,2026-08-01T13:02:11.741Z,a0000000-0000-0000-0000-000000000001,2026-08-01T13:02:11.741Z,,
f554ee08-18a0-43e1-a4f9-2053bdddd721,4886fe66-3e90-4095-bf75-94694f79d4ee,3,0.00,draft,,,,2026-08-01T13:02:12.045Z,a0000000-0000-0000-0000-000000000001,2026-08-01T13:02:12.045Z,,
787511d6-617e-4522-8b65-c8a03d1c66e6,4886fe66-3e90-4095-bf75-94694f79d4ee,4,5000000.00,under_review,,,,2026-08-01T13:02:12.480Z,a0000000-0000-0000-0000-000000000001,2026-08-01T13:02:12.900Z,a0000000-0000-0000-0000-000000000001,
a7d43f0e-8e80-4828-8a17-5344221894ba,4886fe66-3e90-4095-bf75-94694f79d4ee,5,0.00,draft,,,,2026-08-01T13:02:12.955Z,a0000000-0000-0000-0000-000000000001,2026-08-01T13:02:12.955Z,,
26abf768-5225-4fb6-bf47-163463dabac8,4886fe66-3e90-4095-bf75-94694f79d4ee,8,5000000.00,draft,,,,2026-08-01T13:02:14.936Z,a0000000-0000-0000-0000-000000000001,2026-08-01T13:02:14.936Z,,
fd96cfaf-a88c-407d-b674-b51b715dc5d5,3f02aaaa-4220-4178-9865-c46da104ed74,1,0.00,draft,,,,2026-08-01T07:32:25.828Z,a0000000-0000-0000-0000-000000000001,2026-08-01T07:32:25.828Z,,
c37bd584-d61a-4cc0-a06e-c482fb67a6d7,3f02aaaa-4220-4178-9865-c46da104ed74,2,12000000.00,draft,,,,2026-08-01T07:32:26.387Z,a0000000-0000-0000-0000-000000000001,2026-08-01T07:32:26.387Z,,
b7fea327-a586-4db4-88dc-ffb35a14d5d3,3f02aaaa-4220-4178-9865-c46da104ed74,3,0.00,draft,,,,2026-08-01T07:32:26.735Z,a0000000-0000-0000-0000-000000000001,2026-08-01T07:32:26.735Z,,
859d2bb9-e031-4889-9853-b9aa327ab618,3f02aaaa-4220-4178-9865-c46da104ed74,4,5000000.00,under_review,,,,2026-08-01T07:32:27.166Z,a0000000-0000-0000-0000-000000000001,2026-08-01T07:32:27.571Z,a0000000-0000-0000-0000-000000000001,
41cdcf8d-872a-4539-8df9-227eeb2b06e1,3f02aaaa-4220-4178-9865-c46da104ed74,5,0.00,draft,,,,2026-08-01T07:32:27.621Z,a0000000-0000-0000-0000-000000000001,2026-08-01T07:32:27.621Z,,
d12617ab-bbb0-4d8f-abbc-8f15dea88e9f,3f02aaaa-4220-4178-9865-c46da104ed74,6,5000000.00,approved,a0000000-0000-0000-0000-000000000001,2026-08-01T07:32:29.051Z,,2026-08-01T07:32:27.995Z,a0000000-0000-0000-0000-000000000001,2026-08-01T07:32:29.051Z,a0000000-0000-0000-0000-000000000001,
3f425013-f885-4d49-a55b-cfb3e699e204,3f02aaaa-4220-4178-9865-c46da104ed74,7,5000000.00,under_review,,,,2026-08-01T07:32:29.101Z,a0000000-0000-0000-0000-000000000001,2026-08-01T07:32:29.442Z,a0000000-0000-0000-0000-000000000001,
0a6e036f-dbbe-40f7-aeb1-72db840c714e,3f02aaaa-4220-4178-9865-c46da104ed74,8,5000000.00,draft,,,,2026-08-01T07:32:29.668Z,a0000000-0000-0000-0000-000000000001,2026-08-01T07:32:29.668Z,,
9de902ae-51ce-4f74-844b-852bb53f3744,3f02aaaa-4220-4178-9865-c46da104ed74,9,5000000.00,approved,a0000000-0000-0000-0000-000000000001,2026-08-01T07:32:31.399Z,,2026-08-01T07:32:30.116Z,a0000000-0000-0000-0000-000000000001,2026-08-01T07:32:31.399Z,a0000000-0000-0000-0000-000000000001,
93e5e6a5-263b-4721-8e1c-dad38bafc04e,3f02aaaa-4220-4178-9865-c46da104ed74,10,5000000.00,draft,,,,2026-08-01T07:32:31.468Z,a0000000-0000-0000-0000-000000000001,2026-08-01T07:32:32.138Z,a0000000-0000-0000-0000-000000000001,
13c02891-78d1-4457-b537-cdaa519b6290,f7398f0a-e73f-473c-bb0d-8eabaf914635,3,0.00,draft,,,,2026-08-01T12:38:23.339Z,a0000000-0000-0000-0000-000000000001,2026-08-01T12:38:23.339Z,,
ff5a7b34-532c-4e91-a126-f3e309e5db66,3f02aaaa-4220-4178-9865-c46da104ed74,11,5000000.00,draft,,,,2026-08-01T07:32:32.206Z,a0000000-0000-0000-0000-000000000001,2026-08-01T07:32:32.990Z,a0000000-0000-0000-0000-000000000001,
5f107813-7aca-40cc-8786-9019f8931d01,89c780e0-9944-46af-9def-6a5148884421,9,5000000.00,approved,a0000000-0000-0000-0000-000000000001,2026-08-01T07:38:48.492Z,,2026-08-01T07:38:47.175Z,a0000000-0000-0000-0000-000000000001,2026-08-01T07:38:48.492Z,a0000000-0000-0000-0000-000000000001,
7db88d5d-b6b6-424f-916e-96dc82c6b945,f7398f0a-e73f-473c-bb0d-8eabaf914635,1,0.00,draft,,,,2026-08-01T12:38:22.473Z,a0000000-0000-0000-0000-000000000001,2026-08-01T12:38:22.473Z,,
f33d9cd9-927a-4367-9bcf-2a0e1f025a12,f7398f0a-e73f-473c-bb0d-8eabaf914635,2,12000000.00,draft,,,,2026-08-01T12:38:23.011Z,a0000000-0000-0000-0000-000000000001,2026-08-01T12:38:23.011Z,,
f7e2f8a9-a93d-457f-8d5a-c951714dc546,f7398f0a-e73f-473c-bb0d-8eabaf914635,4,5000000.00,under_review,,,,2026-08-01T12:38:23.756Z,a0000000-0000-0000-0000-000000000001,2026-08-01T12:38:24.156Z,a0000000-0000-0000-0000-000000000001,
d4b08c41-81ac-431d-a652-79f4c7b05433,f7398f0a-e73f-473c-bb0d-8eabaf914635,5,0.00,draft,,,,2026-08-01T12:38:24.214Z,a0000000-0000-0000-0000-000000000001,2026-08-01T12:38:24.214Z,,
419300fe-3cd5-44a9-b2b2-73dd7b99023e,89c780e0-9944-46af-9def-6a5148884421,10,5000000.00,draft,,,,2026-08-01T07:38:48.565Z,a0000000-0000-0000-0000-000000000001,2026-08-01T07:38:49.329Z,a0000000-0000-0000-0000-000000000001,
745762a0-39c8-437f-b923-ee55d715f4d7,f7398f0a-e73f-473c-bb0d-8eabaf914635,6,5000000.00,approved,a0000000-0000-0000-0000-000000000001,2026-08-01T12:38:25.781Z,,2026-08-01T12:38:24.608Z,a0000000-0000-0000-0000-000000000001,2026-08-01T12:38:25.781Z,a0000000-0000-0000-0000-000000000001,
7800462c-ab4d-47e4-bd17-ca7028ab5177,f7398f0a-e73f-473c-bb0d-8eabaf914635,7,5000000.00,under_review,,,,2026-08-01T12:38:25.833Z,a0000000-0000-0000-0000-000000000001,2026-08-01T12:38:26.237Z,a0000000-0000-0000-0000-000000000001,
8bce83b9-9dc5-435c-a000-18eedec378e6,f7398f0a-e73f-473c-bb0d-8eabaf914635,8,5000000.00,draft,,,,2026-08-01T12:38:26.465Z,a0000000-0000-0000-0000-000000000001,2026-08-01T12:38:26.465Z,,
cfab1613-56e0-4d25-a4ad-e997511d6f06,89c780e0-9944-46af-9def-6a5148884421,1,0.00,draft,,,,2026-08-01T07:38:43.160Z,a0000000-0000-0000-0000-000000000001,2026-08-01T07:38:43.160Z,,
b866e419-1722-411f-a360-6af4a011ae46,89c780e0-9944-46af-9def-6a5148884421,2,12000000.00,draft,,,,2026-08-01T07:38:43.625Z,a0000000-0000-0000-0000-000000000001,2026-08-01T07:38:43.625Z,,
588bfdb0-24c4-4e74-8624-ee7c2fa8f95c,89c780e0-9944-46af-9def-6a5148884421,3,0.00,draft,,,,2026-08-01T07:38:43.891Z,a0000000-0000-0000-0000-000000000001,2026-08-01T07:38:43.891Z,,
1afe6fdc-9b6f-46cd-8db2-68f77e76fdcb,89c780e0-9944-46af-9def-6a5148884421,4,5000000.00,under_review,,,,2026-08-01T07:38:44.303Z,a0000000-0000-0000-0000-000000000001,2026-08-01T07:38:44.645Z,a0000000-0000-0000-0000-000000000001,
7f7c128a-b973-4a34-a6a6-9475daa87e46,89c780e0-9944-46af-9def-6a5148884421,5,0.00,draft,,,,2026-08-01T07:38:44.697Z,a0000000-0000-0000-0000-000000000001,2026-08-01T07:38:44.697Z,,
b573ab5d-66c6-4907-bbcb-4e3e17e3ea65,f7398f0a-e73f-473c-bb0d-8eabaf914635,9,5000000.00,approved,a0000000-0000-0000-0000-000000000001,2026-08-01T12:38:28.149Z,,2026-08-01T12:38:26.850Z,a0000000-0000-0000-0000-000000000001,2026-08-01T12:38:28.149Z,a0000000-0000-0000-0000-000000000001,
4d181eb8-4d25-4ccc-981c-5185f8d26818,89c780e0-9944-46af-9def-6a5148884421,6,5000000.00,approved,a0000000-0000-0000-0000-000000000001,2026-08-01T07:38:46.152Z,,2026-08-01T07:38:45.154Z,a0000000-0000-0000-0000-000000000001,2026-08-01T07:38:46.152Z,a0000000-0000-0000-0000-000000000001,
0c846e88-2c83-46a8-8553-40cef0979e9b,89c780e0-9944-46af-9def-6a5148884421,7,5000000.00,under_review,,,,2026-08-01T07:38:46.204Z,a0000000-0000-0000-0000-000000000001,2026-08-01T07:38:46.528Z,a0000000-0000-0000-0000-000000000001,
8094fd24-cb51-4c5e-bdf1-8a79ffc5d091,89c780e0-9944-46af-9def-6a5148884421,8,5000000.00,draft,,,,2026-08-01T07:38:46.765Z,a0000000-0000-0000-0000-000000000001,2026-08-01T07:38:46.765Z,,
199c17bd-ac9a-4c56-bbbf-100b78160fa7,f7398f0a-e73f-473c-bb0d-8eabaf914635,10,5000000.00,draft,,,,2026-08-01T12:38:28.222Z,a0000000-0000-0000-0000-000000000001,2026-08-01T12:38:29.141Z,a0000000-0000-0000-0000-000000000001,
95f3895f-829a-455e-bf40-5fabfb3c24bd,89c780e0-9944-46af-9def-6a5148884421,11,5000000.00,draft,,,,2026-08-01T07:38:49.409Z,a0000000-0000-0000-0000-000000000001,2026-08-01T07:38:50.152Z,a0000000-0000-0000-0000-000000000001,
018db602-4922-4919-a665-72d139504014,f7398f0a-e73f-473c-bb0d-8eabaf914635,11,5000000.00,draft,,,,2026-08-01T12:38:29.214Z,a0000000-0000-0000-0000-000000000001,2026-08-01T12:38:29.902Z,a0000000-0000-0000-0000-000000000001,
8e55c99c-38d2-4f31-bb72-f5782c33bd0a,7d58f08f-a6fd-4f97-8810-ca8579c01607,9,5000000.00,approved,a0000000-0000-0000-0000-000000000001,2026-08-01T07:43:10.579Z,,2026-08-01T07:43:09.024Z,a0000000-0000-0000-0000-000000000001,2026-08-01T07:43:10.579Z,a0000000-0000-0000-0000-000000000001,
c5837a32-ca70-4c18-b0a9-186bc6eb1fcd,2787c260-ed9d-4cc1-a36b-5cc055a12d15,1,0.00,draft,,,,2026-08-01T12:41:32.110Z,a0000000-0000-0000-0000-000000000001,2026-08-01T12:41:32.110Z,,
a86ef7d8-2f3b-4f28-adba-f3d442f0735d,2787c260-ed9d-4cc1-a36b-5cc055a12d15,2,12000000.00,draft,,,,2026-08-01T12:41:32.623Z,a0000000-0000-0000-0000-000000000001,2026-08-01T12:41:32.623Z,,
55772356-0783-4151-985f-3a8305e7155e,2787c260-ed9d-4cc1-a36b-5cc055a12d15,3,0.00,draft,,,,2026-08-01T12:41:32.910Z,a0000000-0000-0000-0000-000000000001,2026-08-01T12:41:32.910Z,,
02773e03-14e3-487c-acd2-f8907a55a572,7d58f08f-a6fd-4f97-8810-ca8579c01607,1,0.00,draft,,,,2026-08-01T07:43:04.917Z,a0000000-0000-0000-0000-000000000001,2026-08-01T07:43:04.917Z,,
b3114412-804d-4620-8088-9a59a2fad738,7d58f08f-a6fd-4f97-8810-ca8579c01607,2,12000000.00,draft,,,,2026-08-01T07:43:05.445Z,a0000000-0000-0000-0000-000000000001,2026-08-01T07:43:05.445Z,,
91351ac8-9a33-44a7-be21-da1b142e7c1e,7d58f08f-a6fd-4f97-8810-ca8579c01607,3,0.00,draft,,,,2026-08-01T07:43:05.709Z,a0000000-0000-0000-0000-000000000001,2026-08-01T07:43:05.709Z,,
cc32237d-6068-4877-8e2d-91eccd46a6ae,2787c260-ed9d-4cc1-a36b-5cc055a12d15,4,5000000.00,under_review,,,,2026-08-01T12:41:33.336Z,a0000000-0000-0000-0000-000000000001,2026-08-01T12:41:33.709Z,a0000000-0000-0000-0000-000000000001,
e63944a1-c54e-4cde-9ab3-042e30a37a0c,7d58f08f-a6fd-4f97-8810-ca8579c01607,4,5000000.00,under_review,,,,2026-08-01T07:43:06.122Z,a0000000-0000-0000-0000-000000000001,2026-08-01T07:43:06.539Z,a0000000-0000-0000-0000-000000000001,
b2ea077d-cc03-4069-aa6f-f2de03d8e693,7d58f08f-a6fd-4f97-8810-ca8579c01607,5,0.00,draft,,,,2026-08-01T07:43:06.599Z,a0000000-0000-0000-0000-000000000001,2026-08-01T07:43:06.599Z,,
7f4e913b-d44c-488f-bf43-6c2ebc7e2137,2787c260-ed9d-4cc1-a36b-5cc055a12d15,5,0.00,draft,,,,2026-08-01T12:41:33.755Z,a0000000-0000-0000-0000-000000000001,2026-08-01T12:41:33.755Z,,
3f70ac56-dbb2-446b-8b91-5688343c43ea,7d58f08f-a6fd-4f97-8810-ca8579c01607,6,5000000.00,approved,a0000000-0000-0000-0000-000000000001,2026-08-01T07:43:07.958Z,,2026-08-01T07:43:06.903Z,a0000000-0000-0000-0000-000000000001,2026-08-01T07:43:07.958Z,a0000000-0000-0000-0000-000000000001,
a7e7d255-4a9d-4957-8f36-350943946f65,7d58f08f-a6fd-4f97-8810-ca8579c01607,7,5000000.00,under_review,,,,2026-08-01T07:43:08.015Z,a0000000-0000-0000-0000-000000000001,2026-08-01T07:43:08.413Z,a0000000-0000-0000-0000-000000000001,
79b260fb-0fdf-48fd-81fa-8971d495cc62,7d58f08f-a6fd-4f97-8810-ca8579c01607,8,5000000.00,draft,,,,2026-08-01T07:43:08.618Z,a0000000-0000-0000-0000-000000000001,2026-08-01T07:43:08.618Z,,
12511614-eb33-4e94-9e1d-2319b0bd9fa7,2787c260-ed9d-4cc1-a36b-5cc055a12d15,6,5000000.00,approved,a0000000-0000-0000-0000-000000000001,2026-08-01T12:41:35.075Z,,2026-08-01T12:41:34.059Z,a0000000-0000-0000-0000-000000000001,2026-08-01T12:41:35.075Z,a0000000-0000-0000-0000-000000000001,
89185604-4312-483d-b0fc-e8083546c38b,7d58f08f-a6fd-4f97-8810-ca8579c01607,10,5000000.00,draft,,,,2026-08-01T07:43:10.658Z,a0000000-0000-0000-0000-000000000001,2026-08-01T07:43:12.149Z,a0000000-0000-0000-0000-000000000001,
ff217bee-5da5-473f-aefe-cb9dab8627ea,2787c260-ed9d-4cc1-a36b-5cc055a12d15,7,5000000.00,under_review,,,,2026-08-01T12:41:35.125Z,a0000000-0000-0000-0000-000000000001,2026-08-01T12:41:35.487Z,a0000000-0000-0000-0000-000000000001,
c46adffa-6d50-4c9d-8317-268415b03e52,7d58f08f-a6fd-4f97-8810-ca8579c01607,11,5000000.00,draft,,,,2026-08-01T07:43:12.221Z,a0000000-0000-0000-0000-000000000001,2026-08-01T07:43:13.076Z,a0000000-0000-0000-0000-000000000001,
299e0f8c-027c-4691-815b-261a305ee545,2787c260-ed9d-4cc1-a36b-5cc055a12d15,8,5000000.00,draft,,,,2026-08-01T12:41:35.732Z,a0000000-0000-0000-0000-000000000001,2026-08-01T12:41:35.732Z,,
94abf066-0568-422c-ae9e-0cc022f61da9,2787c260-ed9d-4cc1-a36b-5cc055a12d15,9,5000000.00,approved,a0000000-0000-0000-0000-000000000001,2026-08-01T12:41:37.345Z,,2026-08-01T12:41:36.133Z,a0000000-0000-0000-0000-000000000001,2026-08-01T12:41:37.345Z,a0000000-0000-0000-0000-000000000001,
6034d0fc-115c-42fc-a10a-6fecf234046b,2787c260-ed9d-4cc1-a36b-5cc055a12d15,10,5000000.00,draft,,,,2026-08-01T12:41:37.412Z,a0000000-0000-0000-0000-000000000001,2026-08-01T12:41:38.099Z,a0000000-0000-0000-0000-000000000001,
018f29d9-fbcd-4676-8181-b8a682fca2f1,2787c260-ed9d-4cc1-a36b-5cc055a12d15,11,5000000.00,draft,,,,2026-08-01T12:41:38.163Z,a0000000-0000-0000-0000-000000000001,2026-08-01T12:41:38.888Z,a0000000-0000-0000-0000-000000000001,
b93614d0-67e2-4af2-9789-dec7e628cc2f,4d585090-8bc9-4001-84bb-0edbf9ae1aa0,1,0.00,draft,,,,2026-08-01T12:58:42.252Z,a0000000-0000-0000-0000-000000000001,2026-08-01T12:58:42.252Z,,
027d6214-1d5e-423d-b1f6-6172366db864,4d585090-8bc9-4001-84bb-0edbf9ae1aa0,2,12000000.00,draft,,,,2026-08-01T12:58:42.737Z,a0000000-0000-0000-0000-000000000001,2026-08-01T12:58:42.737Z,,
4551ac0d-b1d0-4e45-b867-3f74604e2d90,4d585090-8bc9-4001-84bb-0edbf9ae1aa0,3,0.00,draft,,,,2026-08-01T12:58:42.992Z,a0000000-0000-0000-0000-000000000001,2026-08-01T12:58:42.992Z,,
9d17c668-03bf-4be0-bcff-6249a7f77a38,4d585090-8bc9-4001-84bb-0edbf9ae1aa0,4,5000000.00,under_review,,,,2026-08-01T12:58:43.381Z,a0000000-0000-0000-0000-000000000001,2026-08-01T12:58:43.723Z,a0000000-0000-0000-0000-000000000001,
c5f3cb7f-73fd-47cc-bd17-655a64689ee2,4d585090-8bc9-4001-84bb-0edbf9ae1aa0,5,0.00,draft,,,,2026-08-01T12:58:43.775Z,a0000000-0000-0000-0000-000000000001,2026-08-01T12:58:43.775Z,,
7792f9c9-e54c-45c5-9b6e-83170c2a0629,4886fe66-3e90-4095-bf75-94694f79d4ee,6,5000000.00,approved,a0000000-0000-0000-0000-000000000001,2026-08-01T13:02:14.316Z,,2026-08-01T13:02:13.292Z,a0000000-0000-0000-0000-000000000001,2026-08-01T13:02:14.316Z,a0000000-0000-0000-0000-000000000001,
c89ceb25-dcb3-4d03-a980-f49f27496aca,4886fe66-3e90-4095-bf75-94694f79d4ee,7,5000000.00,under_review,,,,2026-08-01T13:02:14.367Z,a0000000-0000-0000-0000-000000000001,2026-08-01T13:02:14.711Z,a0000000-0000-0000-0000-000000000001,
1da671a1-0532-4105-b9eb-f10691e18903,f3f3fa91-5b7e-4290-b213-024cb7ffa816,11,5000000.00,draft,,,,2026-08-01T16:59:00.589Z,a0000000-0000-0000-0000-000000000001,2026-08-01T16:59:01.355Z,a0000000-0000-0000-0000-000000000001,
ac8fd7de-6dd8-4bf1-a33b-6fab3733e125,4c86b8ce-92ab-4c70-851e-9e1d51c465f2,2,12000000.00,draft,,,,2026-08-01T16:29:40.810Z,a0000000-0000-0000-0000-000000000001,2026-08-01T16:29:40.810Z,,
588b856e-7455-4847-9efc-715a48acd3f2,4c86b8ce-92ab-4c70-851e-9e1d51c465f2,3,0.00,draft,,,,2026-08-01T16:29:41.083Z,a0000000-0000-0000-0000-000000000001,2026-08-01T16:29:41.083Z,,
ac7bef54-6264-4c40-abb7-f79e1c9b9da5,4c86b8ce-92ab-4c70-851e-9e1d51c465f2,4,5000000.00,under_review,,,,2026-08-01T16:29:41.511Z,a0000000-0000-0000-0000-000000000001,2026-08-01T16:29:41.834Z,a0000000-0000-0000-0000-000000000001,
f81804a8-6ba8-459e-8c6b-e7fdd4d536f5,4c86b8ce-92ab-4c70-851e-9e1d51c465f2,5,0.00,draft,,,,2026-08-01T16:29:41.883Z,a0000000-0000-0000-0000-000000000001,2026-08-01T16:29:41.883Z,,
ba5eafd9-98b0-42be-82f5-691fd28d51a3,4c86b8ce-92ab-4c70-851e-9e1d51c465f2,6,5000000.00,approved,a0000000-0000-0000-0000-000000000001,2026-08-01T16:29:43.197Z,,2026-08-01T16:29:42.192Z,a0000000-0000-0000-0000-000000000001,2026-08-01T16:29:43.197Z,a0000000-0000-0000-0000-000000000001,
f7413d07-ce92-4bb4-9b88-f30144e36b0b,4c86b8ce-92ab-4c70-851e-9e1d51c465f2,7,5000000.00,under_review,,,,2026-08-01T16:29:43.243Z,a0000000-0000-0000-0000-000000000001,2026-08-01T16:29:43.570Z,a0000000-0000-0000-0000-000000000001,
bf4b860d-f3ec-4442-bc01-56867348f08b,4c86b8ce-92ab-4c70-851e-9e1d51c465f2,8,5000000.00,draft,,,,2026-08-01T16:29:43.819Z,a0000000-0000-0000-0000-000000000001,2026-08-01T16:29:43.819Z,,
10db32b1-48fc-4d27-be37-419255ca18fb,4c86b8ce-92ab-4c70-851e-9e1d51c465f2,9,5000000.00,approved,a0000000-0000-0000-0000-000000000001,2026-08-01T16:29:45.826Z,,2026-08-01T16:29:44.264Z,a0000000-0000-0000-0000-000000000001,2026-08-01T16:29:45.826Z,a0000000-0000-0000-0000-000000000001,
8a68f9d9-5c9e-49ab-a267-020cbda405ee,4c86b8ce-92ab-4c70-851e-9e1d51c465f2,10,5000000.00,draft,,,,2026-08-01T16:29:45.892Z,a0000000-0000-0000-0000-000000000001,2026-08-01T16:29:46.733Z,a0000000-0000-0000-0000-000000000001,
29051a81-1a89-4993-90f6-b72ad7995ce6,4c86b8ce-92ab-4c70-851e-9e1d51c465f2,11,5000000.00,draft,,,,2026-08-01T16:29:46.798Z,a0000000-0000-0000-0000-000000000001,2026-08-01T16:29:47.526Z,a0000000-0000-0000-0000-000000000001,
1247b137-6bfc-4e64-9848-10096fd4b521,f3f3fa91-5b7e-4290-b213-024cb7ffa816,1,0.00,draft,,,,2026-08-01T16:58:52.250Z,a0000000-0000-0000-0000-000000000001,2026-08-01T16:58:52.250Z,,
c1ca7abf-59c0-45e1-b132-11fd75be4cd9,f3f3fa91-5b7e-4290-b213-024cb7ffa816,2,12000000.00,draft,,,,2026-08-01T16:58:53.163Z,a0000000-0000-0000-0000-000000000001,2026-08-01T16:58:53.163Z,,
4b4fa22c-ce69-4086-9687-8bbd06586196,f3f3fa91-5b7e-4290-b213-024cb7ffa816,3,0.00,draft,,,,2026-08-01T16:58:54.012Z,a0000000-0000-0000-0000-000000000001,2026-08-01T16:58:54.012Z,,
8c11ba55-9afe-4c2f-b307-ef11d6181418,f3f3fa91-5b7e-4290-b213-024cb7ffa816,4,5000000.00,under_review,,,,2026-08-01T16:58:55.235Z,a0000000-0000-0000-0000-000000000001,2026-08-01T16:58:55.763Z,a0000000-0000-0000-0000-000000000001,
5cff2599-c058-4dd9-a61f-41d2ee748017,f3f3fa91-5b7e-4290-b213-024cb7ffa816,5,0.00,draft,,,,2026-08-01T16:58:55.815Z,a0000000-0000-0000-0000-000000000001,2026-08-01T16:58:55.815Z,,
aa8bf8be-79ed-4d60-8650-5556442ba779,f3f3fa91-5b7e-4290-b213-024cb7ffa816,6,5000000.00,approved,a0000000-0000-0000-0000-000000000001,2026-08-01T16:58:57.218Z,,2026-08-01T16:58:56.249Z,a0000000-0000-0000-0000-000000000001,2026-08-01T16:58:57.218Z,a0000000-0000-0000-0000-000000000001,
9cc6071c-8967-4d23-b75f-64c9884bddbe,f3f3fa91-5b7e-4290-b213-024cb7ffa816,7,5000000.00,under_review,,,,2026-08-01T16:58:57.268Z,a0000000-0000-0000-0000-000000000001,2026-08-01T16:58:57.621Z,a0000000-0000-0000-0000-000000000001,
999fc7c9-6742-4f67-afff-47efa9d4433f,f3f3fa91-5b7e-4290-b213-024cb7ffa816,8,5000000.00,draft,,,,2026-08-01T16:58:57.843Z,a0000000-0000-0000-0000-000000000001,2026-08-01T16:58:57.843Z,,
dbd8e457-2dc8-454a-8fed-0e391dc74f04,f3f3fa91-5b7e-4290-b213-024cb7ffa816,9,5000000.00,approved,a0000000-0000-0000-0000-000000000001,2026-08-01T16:58:59.588Z,,2026-08-01T16:58:58.216Z,a0000000-0000-0000-0000-000000000001,2026-08-01T16:58:59.588Z,a0000000-0000-0000-0000-000000000001,
2c973922-79ce-4e76-a4f3-4bc45be6e1b6,f3f3fa91-5b7e-4290-b213-024cb7ffa816,10,5000000.00,draft,,,,2026-08-01T16:58:59.657Z,a0000000-0000-0000-0000-000000000001,2026-08-01T16:59:00.519Z,a0000000-0000-0000-0000-000000000001,
f38b7cee-9f7a-4985-a798-9c36ca9f76b3,4886fe66-3e90-4095-bf75-94694f79d4ee,9,5000000.00,approved,a0000000-0000-0000-0000-000000000001,2026-08-01T13:02:16.684Z,,2026-08-01T13:02:15.360Z,a0000000-0000-0000-0000-000000000001,2026-08-01T13:02:16.684Z,a0000000-0000-0000-0000-000000000001,
a8d3a650-4d9d-472c-b4d0-4be6e82f5b1c,4886fe66-3e90-4095-bf75-94694f79d4ee,10,5000000.00,draft,,,,2026-08-01T13:02:16.756Z,a0000000-0000-0000-0000-000000000001,2026-08-01T13:02:17.518Z,a0000000-0000-0000-0000-000000000001,
e8a736be-81b8-40c4-afb8-c854092c145f,4886fe66-3e90-4095-bf75-94694f79d4ee,11,5000000.00,draft,,,,2026-08-01T13:02:17.592Z,a0000000-0000-0000-0000-000000000001,2026-08-01T13:02:18.367Z,a0000000-0000-0000-0000-000000000001,
244ada06-2fe0-4dd5-9f00-ef8060529376,e3b8ee5a-f485-4e10-be29-bb9604c9f3bf,1,0.00,draft,,,,2026-08-01T13:15:57.641Z,a0000000-0000-0000-0000-000000000001,2026-08-01T13:15:57.641Z,,
270697eb-94cc-42d4-ad64-d5d9254b0247,e3b8ee5a-f485-4e10-be29-bb9604c9f3bf,2,12000000.00,draft,,,,2026-08-01T13:15:58.219Z,a0000000-0000-0000-0000-000000000001,2026-08-01T13:15:58.219Z,,
b616384f-aea2-48c4-b2f6-6b9009802e2b,e3b8ee5a-f485-4e10-be29-bb9604c9f3bf,3,0.00,draft,,,,2026-08-01T13:15:58.522Z,a0000000-0000-0000-0000-000000000001,2026-08-01T13:15:58.522Z,,
7a9a1539-9617-44eb-8f56-4f45926784b3,e3b8ee5a-f485-4e10-be29-bb9604c9f3bf,4,5000000.00,under_review,,,,2026-08-01T13:15:58.955Z,a0000000-0000-0000-0000-000000000001,2026-08-01T13:15:59.343Z,a0000000-0000-0000-0000-000000000001,
ef67b229-11cb-49b0-8307-5ab68945e8e2,e3b8ee5a-f485-4e10-be29-bb9604c9f3bf,5,0.00,draft,,,,2026-08-01T13:15:59.403Z,a0000000-0000-0000-0000-000000000001,2026-08-01T13:15:59.403Z,,
222aeed9-4727-4118-9fca-a00bcaf6e444,e3b8ee5a-f485-4e10-be29-bb9604c9f3bf,6,5000000.00,approved,a0000000-0000-0000-0000-000000000001,2026-08-01T13:16:00.878Z,,2026-08-01T13:15:59.736Z,a0000000-0000-0000-0000-000000000001,2026-08-01T13:16:00.878Z,a0000000-0000-0000-0000-000000000001,
0a845bef-e3bb-4322-b4e2-80b5a32185a6,e3b8ee5a-f485-4e10-be29-bb9604c9f3bf,7,5000000.00,under_review,,,,2026-08-01T13:16:00.928Z,a0000000-0000-0000-0000-000000000001,2026-08-01T13:16:01.284Z,a0000000-0000-0000-0000-000000000001,
7b69c33a-9a56-4f7b-9f45-0b67e6413253,e3b8ee5a-f485-4e10-be29-bb9604c9f3bf,8,5000000.00,draft,,,,2026-08-01T13:16:01.494Z,a0000000-0000-0000-0000-000000000001,2026-08-01T13:16:01.494Z,,
d29c3087-22a5-4a46-8485-0ebcfee807e2,e3b8ee5a-f485-4e10-be29-bb9604c9f3bf,9,5000000.00,approved,a0000000-0000-0000-0000-000000000001,2026-08-01T13:16:03.329Z,,2026-08-01T13:16:01.946Z,a0000000-0000-0000-0000-000000000001,2026-08-01T13:16:03.329Z,a0000000-0000-0000-0000-000000000001,
09c58068-16e1-4dd8-aa31-015e48ae6e4e,e3b8ee5a-f485-4e10-be29-bb9604c9f3bf,10,5000000.00,draft,,,,2026-08-01T13:16:03.405Z,a0000000-0000-0000-0000-000000000001,2026-08-01T13:16:04.196Z,a0000000-0000-0000-0000-000000000001,
c56d7da2-b73c-427d-af3e-d8ed8c2a31bb,e3b8ee5a-f485-4e10-be29-bb9604c9f3bf,11,5000000.00,draft,,,,2026-08-01T13:16:04.267Z,a0000000-0000-0000-0000-000000000001,2026-08-01T13:16:05.080Z,a0000000-0000-0000-0000-000000000001,
2b9b5990-f5a4-4862-bc95-fe6436b9890b,5a68621c-1e1e-42d3-bd4c-b8f26416ecb8,1,0.00,draft,,,,2026-08-01T14:01:58.442Z,a0000000-0000-0000-0000-000000000001,2026-08-01T14:01:58.442Z,,
3500ea85-32d8-44f3-be89-c23307419276,5a68621c-1e1e-42d3-bd4c-b8f26416ecb8,2,12000000.00,draft,,,,2026-08-01T14:01:59.039Z,a0000000-0000-0000-0000-000000000001,2026-08-01T14:01:59.039Z,,
0858c310-b07e-49f8-acf9-1499afde6916,5a68621c-1e1e-42d3-bd4c-b8f26416ecb8,3,0.00,draft,,,,2026-08-01T14:01:59.320Z,a0000000-0000-0000-0000-000000000001,2026-08-01T14:01:59.320Z,,
a13ee894-61dd-49a3-aedf-01bb8d1fe630,5a68621c-1e1e-42d3-bd4c-b8f26416ecb8,4,5000000.00,under_review,,,,2026-08-01T14:01:59.821Z,a0000000-0000-0000-0000-000000000001,2026-08-01T14:02:00.232Z,a0000000-0000-0000-0000-000000000001,
23f3e51a-5a85-468e-9321-7850d540860f,5a68621c-1e1e-42d3-bd4c-b8f26416ecb8,5,0.00,draft,,,,2026-08-01T14:02:00.288Z,a0000000-0000-0000-0000-000000000001,2026-08-01T14:02:00.288Z,,
acd4b7de-52a9-44fe-a886-9181b477295c,5a68621c-1e1e-42d3-bd4c-b8f26416ecb8,6,5000000.00,approved,a0000000-0000-0000-0000-000000000001,2026-08-01T14:02:01.938Z,,2026-08-01T14:02:00.714Z,a0000000-0000-0000-0000-000000000001,2026-08-01T14:02:01.938Z,a0000000-0000-0000-0000-000000000001,
cc7eb1b1-5366-4a7b-a865-c58f16f6bd61,5a68621c-1e1e-42d3-bd4c-b8f26416ecb8,7,5000000.00,under_review,,,,2026-08-01T14:02:01.995Z,a0000000-0000-0000-0000-000000000001,2026-08-01T14:02:02.419Z,a0000000-0000-0000-0000-000000000001,
be83ed46-ea9a-4c4b-8664-003edba44b2e,5a68621c-1e1e-42d3-bd4c-b8f26416ecb8,8,5000000.00,draft,,,,2026-08-01T14:02:02.682Z,a0000000-0000-0000-0000-000000000001,2026-08-01T14:02:02.682Z,,
0cd58817-5d6e-465d-8332-eecc8dfc83dd,5a68621c-1e1e-42d3-bd4c-b8f26416ecb8,9,5000000.00,approved,a0000000-0000-0000-0000-000000000001,2026-08-01T14:02:04.784Z,,2026-08-01T14:02:03.101Z,a0000000-0000-0000-0000-000000000001,2026-08-01T14:02:04.784Z,a0000000-0000-0000-0000-000000000001,
2df3fd5e-5d95-4ddb-80da-94e2e19ef5e5,5a68621c-1e1e-42d3-bd4c-b8f26416ecb8,10,5000000.00,draft,,,,2026-08-01T14:02:04.858Z,a0000000-0000-0000-0000-000000000001,2026-08-01T14:02:05.648Z,a0000000-0000-0000-0000-000000000001,
fe2e3dbe-862e-4cbc-b37a-5c9944fc0fc5,5a68621c-1e1e-42d3-bd4c-b8f26416ecb8,11,5000000.00,draft,,,,2026-08-01T14:02:05.727Z,a0000000-0000-0000-0000-000000000001,2026-08-01T14:02:06.554Z,a0000000-0000-0000-0000-000000000001,
24ee5aec-3620-41c6-b628-7cfd005fda6f,142c9158-f28b-4b45-b0ce-89faed2efc9d,2,12000000.00,draft,,,,2026-08-01T14:22:47.248Z,a0000000-0000-0000-0000-000000000001,2026-08-01T14:22:47.248Z,,
675de1be-1248-4407-b984-0a2de646c84b,142c9158-f28b-4b45-b0ce-89faed2efc9d,3,0.00,draft,,,,2026-08-01T14:22:47.622Z,a0000000-0000-0000-0000-000000000001,2026-08-01T14:22:47.622Z,,
27d9634f-c5bc-4dd6-b9a2-7a3cc9e39066,142c9158-f28b-4b45-b0ce-89faed2efc9d,4,5000000.00,under_review,,,,2026-08-01T14:22:48.095Z,a0000000-0000-0000-0000-000000000001,2026-08-01T14:22:48.483Z,a0000000-0000-0000-0000-000000000001,
c5fae03f-5312-4876-ae0d-37dba369bc2d,142c9158-f28b-4b45-b0ce-89faed2efc9d,1,0.00,draft,,,,2026-08-01T14:22:46.679Z,a0000000-0000-0000-0000-000000000001,2026-08-01T14:22:46.679Z,,
a6bf0da2-04b9-413d-bcfa-afa9360854ff,142c9158-f28b-4b45-b0ce-89faed2efc9d,5,0.00,draft,,,,2026-08-01T14:22:48.542Z,a0000000-0000-0000-0000-000000000001,2026-08-01T14:22:48.542Z,,
ce4092be-2bd3-4674-867d-73e219d31021,142c9158-f28b-4b45-b0ce-89faed2efc9d,6,5000000.00,approved,a0000000-0000-0000-0000-000000000001,2026-08-01T14:22:50.099Z,,2026-08-01T14:22:48.908Z,a0000000-0000-0000-0000-000000000001,2026-08-01T14:22:50.099Z,a0000000-0000-0000-0000-000000000001,
9034a395-3bc3-4f2a-ae61-3a4efc6919c4,142c9158-f28b-4b45-b0ce-89faed2efc9d,7,5000000.00,under_review,,,,2026-08-01T14:22:50.150Z,a0000000-0000-0000-0000-000000000001,2026-08-01T14:22:50.495Z,a0000000-0000-0000-0000-000000000001,
5b4ff3ea-951a-48ad-bc3b-3dfa70b07ec9,142c9158-f28b-4b45-b0ce-89faed2efc9d,8,5000000.00,draft,,,,2026-08-01T14:22:50.748Z,a0000000-0000-0000-0000-000000000001,2026-08-01T14:22:50.748Z,,
73a2e620-49a9-4826-b608-1e70382ceaca,142c9158-f28b-4b45-b0ce-89faed2efc9d,9,5000000.00,approved,a0000000-0000-0000-0000-000000000001,2026-08-01T14:22:52.710Z,,2026-08-01T14:22:51.209Z,a0000000-0000-0000-0000-000000000001,2026-08-01T14:22:52.710Z,a0000000-0000-0000-0000-000000000001,
d4243402-795f-4f6d-9d79-3ae32f1be6c4,142c9158-f28b-4b45-b0ce-89faed2efc9d,10,5000000.00,draft,,,,2026-08-01T14:22:52.784Z,a0000000-0000-0000-0000-000000000001,2026-08-01T14:22:53.568Z,a0000000-0000-0000-0000-000000000001,
1ae4b657-5197-4b93-b16a-407b64528292,142c9158-f28b-4b45-b0ce-89faed2efc9d,11,5000000.00,draft,,,,2026-08-01T14:22:53.639Z,a0000000-0000-0000-0000-000000000001,2026-08-01T14:22:54.388Z,a0000000-0000-0000-0000-000000000001,
517db79f-51d3-4368-8000-a170588d92d7,fc8e54bd-5940-410f-928f-96c470a530ed,8,5000000.00,draft,,,,2026-08-01T16:09:28.969Z,a0000000-0000-0000-0000-000000000001,2026-08-01T16:09:28.969Z,,
13497123-019f-4484-a9de-3e6f267f9440,fc8e54bd-5940-410f-928f-96c470a530ed,1,0.00,draft,,,,2026-08-01T16:09:25.301Z,a0000000-0000-0000-0000-000000000001,2026-08-01T16:09:25.301Z,,
8936e4d6-df89-487f-bdb7-792d80a0ed2a,fc8e54bd-5940-410f-928f-96c470a530ed,2,12000000.00,draft,,,,2026-08-01T16:09:25.820Z,a0000000-0000-0000-0000-000000000001,2026-08-01T16:09:25.820Z,,
ca7be316-bc56-4fa9-9ef5-555623df4f55,fc8e54bd-5940-410f-928f-96c470a530ed,3,0.00,draft,,,,2026-08-01T16:09:26.115Z,a0000000-0000-0000-0000-000000000001,2026-08-01T16:09:26.115Z,,
b6b2a827-5d32-491e-bbb4-1958cd76eb48,fc8e54bd-5940-410f-928f-96c470a530ed,4,5000000.00,under_review,,,,2026-08-01T16:09:26.528Z,a0000000-0000-0000-0000-000000000001,2026-08-01T16:09:26.930Z,a0000000-0000-0000-0000-000000000001,
e54cd7f2-0b04-490b-81a6-f00758e73e03,fc8e54bd-5940-410f-928f-96c470a530ed,5,0.00,draft,,,,2026-08-01T16:09:26.980Z,a0000000-0000-0000-0000-000000000001,2026-08-01T16:09:26.980Z,,
37e39487-6daa-43cd-98ab-bae6c92a55d8,fc8e54bd-5940-410f-928f-96c470a530ed,6,5000000.00,approved,a0000000-0000-0000-0000-000000000001,2026-08-01T16:09:28.359Z,,2026-08-01T16:09:27.320Z,a0000000-0000-0000-0000-000000000001,2026-08-01T16:09:28.359Z,a0000000-0000-0000-0000-000000000001,
c6e2371b-b5a4-40d2-a8f8-599fff700702,fc8e54bd-5940-410f-928f-96c470a530ed,7,5000000.00,under_review,,,,2026-08-01T16:09:28.408Z,a0000000-0000-0000-0000-000000000001,2026-08-01T16:09:28.744Z,a0000000-0000-0000-0000-000000000001,
7869686e-e8f7-48ec-9f95-ba4f0e1ed6d9,fc8e54bd-5940-410f-928f-96c470a530ed,9,5000000.00,approved,a0000000-0000-0000-0000-000000000001,2026-08-01T16:09:30.866Z,,2026-08-01T16:09:29.480Z,a0000000-0000-0000-0000-000000000001,2026-08-01T16:09:30.866Z,a0000000-0000-0000-0000-000000000001,
b31f201e-4bf0-4081-a56b-b967f47153f8,fc8e54bd-5940-410f-928f-96c470a530ed,10,5000000.00,draft,,,,2026-08-01T16:09:30.937Z,a0000000-0000-0000-0000-000000000001,2026-08-01T16:09:31.717Z,a0000000-0000-0000-0000-000000000001,
7c393479-573b-45bd-b892-273c7d16599d,fc8e54bd-5940-410f-928f-96c470a530ed,11,5000000.00,draft,,,,2026-08-01T16:09:31.784Z,a0000000-0000-0000-0000-000000000001,2026-08-01T16:09:32.508Z,a0000000-0000-0000-0000-000000000001,
6fbabb3e-6932-47d8-b884-1ecd7298fdb1,cc9d9546-3af4-4ea1-be68-a7590ba03e5c,1,0.00,draft,,,,2026-08-01T16:16:13.096Z,a0000000-0000-0000-0000-000000000001,2026-08-01T16:16:13.096Z,,
c4b011eb-087d-4b82-9c2e-180fd87498b9,cc9d9546-3af4-4ea1-be68-a7590ba03e5c,2,12000000.00,draft,,,,2026-08-01T16:16:13.722Z,a0000000-0000-0000-0000-000000000001,2026-08-01T16:16:13.722Z,,
92fb6e52-4aed-432b-82b2-0ddd229bbfe7,cc9d9546-3af4-4ea1-be68-a7590ba03e5c,3,0.00,draft,,,,2026-08-01T16:16:13.980Z,a0000000-0000-0000-0000-000000000001,2026-08-01T16:16:13.980Z,,
27551730-ba69-40e7-9f65-d6fd8b5211ee,cc9d9546-3af4-4ea1-be68-a7590ba03e5c,4,5000000.00,under_review,,,,2026-08-01T16:16:14.409Z,a0000000-0000-0000-0000-000000000001,2026-08-01T16:16:14.795Z,a0000000-0000-0000-0000-000000000001,
984bc896-db00-4007-9873-d547e2c82c51,cc9d9546-3af4-4ea1-be68-a7590ba03e5c,5,0.00,draft,,,,2026-08-01T16:16:14.882Z,a0000000-0000-0000-0000-000000000001,2026-08-01T16:16:14.882Z,,
2f62c0eb-f894-48a8-b204-ca510cdc0ef9,cc9d9546-3af4-4ea1-be68-a7590ba03e5c,6,5000000.00,approved,a0000000-0000-0000-0000-000000000001,2026-08-01T16:16:16.238Z,,2026-08-01T16:16:15.190Z,a0000000-0000-0000-0000-000000000001,2026-08-01T16:16:16.238Z,a0000000-0000-0000-0000-000000000001,
cb1f97fb-8bf0-4b78-8fa5-46b61ae77e4d,cc9d9546-3af4-4ea1-be68-a7590ba03e5c,7,5000000.00,under_review,,,,2026-08-01T16:16:16.286Z,a0000000-0000-0000-0000-000000000001,2026-08-01T16:16:16.607Z,a0000000-0000-0000-0000-000000000001,
3691dc9a-72f8-4955-ba36-1a0102f25c41,cc9d9546-3af4-4ea1-be68-a7590ba03e5c,8,5000000.00,draft,,,,2026-08-01T16:16:16.857Z,a0000000-0000-0000-0000-000000000001,2026-08-01T16:16:16.857Z,,
5a6a3a05-2f1e-44ab-8f29-955af714d92b,cc9d9546-3af4-4ea1-be68-a7590ba03e5c,9,5000000.00,approved,a0000000-0000-0000-0000-000000000001,2026-08-01T16:16:18.565Z,,2026-08-01T16:16:17.220Z,a0000000-0000-0000-0000-000000000001,2026-08-01T16:16:18.565Z,a0000000-0000-0000-0000-000000000001,
e05c0d8d-b016-4971-81bb-a78da7fabd3e,cc9d9546-3af4-4ea1-be68-a7590ba03e5c,10,5000000.00,draft,,,,2026-08-01T16:16:18.636Z,a0000000-0000-0000-0000-000000000001,2026-08-01T16:16:19.386Z,a0000000-0000-0000-0000-000000000001,
2cc230b8-c82b-4681-9755-03948ab5430f,cc9d9546-3af4-4ea1-be68-a7590ba03e5c,11,5000000.00,draft,,,,2026-08-01T16:16:19.451Z,a0000000-0000-0000-0000-000000000001,2026-08-01T16:16:20.259Z,a0000000-0000-0000-0000-000000000001,
0627bef3-402f-40c8-b674-1a8a3e19e65f,4841a64e-084e-437a-837a-57ac74eb8fa6,1,0.00,draft,,,,2026-08-01T16:22:56.136Z,a0000000-0000-0000-0000-000000000001,2026-08-01T16:22:56.136Z,,
5beebe5d-871c-4123-aa1d-0999fa78d30f,4841a64e-084e-437a-837a-57ac74eb8fa6,2,12000000.00,draft,,,,2026-08-01T16:22:56.636Z,a0000000-0000-0000-0000-000000000001,2026-08-01T16:22:56.636Z,,
9f741da2-d450-4638-a29f-2dfbd04d8a15,4841a64e-084e-437a-837a-57ac74eb8fa6,3,0.00,draft,,,,2026-08-01T16:22:56.958Z,a0000000-0000-0000-0000-000000000001,2026-08-01T16:22:56.958Z,,
6602b0a7-b922-47cb-83c3-659a7a37e76f,4841a64e-084e-437a-837a-57ac74eb8fa6,4,5000000.00,under_review,,,,2026-08-01T16:22:57.396Z,a0000000-0000-0000-0000-000000000001,2026-08-01T16:22:57.745Z,a0000000-0000-0000-0000-000000000001,
b4487fea-25fe-464e-bc54-1e02c960bac2,4841a64e-084e-437a-837a-57ac74eb8fa6,5,0.00,draft,,,,2026-08-01T16:22:57.800Z,a0000000-0000-0000-0000-000000000001,2026-08-01T16:22:57.800Z,,
ba4a1f2e-c5bd-49c3-b457-78592a7d7f1c,4841a64e-084e-437a-837a-57ac74eb8fa6,6,5000000.00,approved,a0000000-0000-0000-0000-000000000001,2026-08-01T16:22:59.252Z,,2026-08-01T16:22:58.140Z,a0000000-0000-0000-0000-000000000001,2026-08-01T16:22:59.252Z,a0000000-0000-0000-0000-000000000001,
579f66db-e148-4aa0-80bd-ce5ea0a0bc52,4841a64e-084e-437a-837a-57ac74eb8fa6,7,5000000.00,under_review,,,,2026-08-01T16:22:59.303Z,a0000000-0000-0000-0000-000000000001,2026-08-01T16:22:59.637Z,a0000000-0000-0000-0000-000000000001,
10c85427-bce3-4855-b34a-bbabb7e28a3b,4841a64e-084e-437a-837a-57ac74eb8fa6,8,5000000.00,draft,,,,2026-08-01T16:22:59.847Z,a0000000-0000-0000-0000-000000000001,2026-08-01T16:22:59.847Z,,
b892cd67-bca7-4fe8-9e9d-7848f5d336d8,4841a64e-084e-437a-837a-57ac74eb8fa6,9,5000000.00,approved,a0000000-0000-0000-0000-000000000001,2026-08-01T16:23:01.620Z,,2026-08-01T16:23:00.283Z,a0000000-0000-0000-0000-000000000001,2026-08-01T16:23:01.620Z,a0000000-0000-0000-0000-000000000001,
a0b6f1ff-f59b-4355-b414-1c145cadb11c,4841a64e-084e-437a-837a-57ac74eb8fa6,10,5000000.00,draft,,,,2026-08-01T16:23:01.692Z,a0000000-0000-0000-0000-000000000001,2026-08-01T16:23:02.386Z,a0000000-0000-0000-0000-000000000001,
fcba4d22-2bc6-4455-a2f0-92b3a688c041,4841a64e-084e-437a-837a-57ac74eb8fa6,11,5000000.00,draft,,,,2026-08-01T16:23:02.457Z,a0000000-0000-0000-0000-000000000001,2026-08-01T16:23:03.208Z,a0000000-0000-0000-0000-000000000001,
