id,estimate_version_id,cost_code_id,assembly_id,cbs_node_id,wbs_node_id,quantity,amount,sort_order,notes,created_at,price_date,price_location,hsp_snapshot,provenance_captured
7fc9f084-f13c-4d1a-84d5-da7c6c0b14c1,22dfae31-2f1f-47a7-88e4-c526783cb6b4,c383dd94-afcf-4959-9418-743efb8f95e8,,,,10.0000,5000000.00,0,,2026-07-25T07:55:19.019Z,,,,false
3c965b34-bd38-4fd1-b4f4-3c3ad80d4f39,9761f6c2-8aa1-4dc7-b7ea-cee17cf6b1ea,c383dd94-afcf-4959-9418-743efb8f95e8,,,,10.0000,5000000.00,0,,2026-07-25T07:55:20.543Z,,,,false
c6de8a85-55ad-44b4-802b-bd905b68bb1a,9ff5162d-092b-4c45-97c2-f1962d29d09d,c383dd94-afcf-4959-9418-743efb8f95e8,,,,10.0000,5000000.00,0,,2026-07-25T07:55:21.632Z,,,,false
27ead325-3934-4086-936f-f47ceab69f62,9c9ca271-0f39-4748-8277-ae705e8955eb,c383dd94-afcf-4959-9418-743efb8f95e8,,,,10.0000,5000000.00,0,,2026-07-25T07:55:22.288Z,,,,false
1772abac-45a1-4f94-9f34-eb616cc5651d,6af8bdf8-6519-48aa-8b36-1cc85a39fab8,c383dd94-afcf-4959-9418-743efb8f95e8,,,,10.0000,5000000.00,0,,2026-07-25T07:55:22.502Z,,,,false
e0dc4d11-7616-43dc-bd9d-226f259de09c,83a33289-b72a-4330-9b04-8e7ddcad47d7,c383dd94-afcf-4959-9418-743efb8f95e8,,,,10.0000,5000000.00,0,,2026-07-25T07:55:23.055Z,,,,false
4348d2cb-93ae-4fe8-8968-fb1125624526,83a33289-b72a-4330-9b04-8e7ddcad47d7,c383dd94-afcf-4959-9418-743efb8f95e8,,,,5.0000,1000.00,0,,2026-07-25T07:55:23.571Z,,,,false
899b00ab-79ce-4fa7-a505-5e95b1601e60,c112610f-30de-4833-bfb8-af4a4d155800,c383dd94-afcf-4959-9418-743efb8f95e8,,,,10.0000,5000000.00,0,,2026-07-25T07:56:09.513Z,,,,false
6ebeff48-7ec3-4c4b-ac3d-de63e875bdf4,e085b2c2-146a-4b1f-aa2f-d812dadd22c3,c383dd94-afcf-4959-9418-743efb8f95e8,,,,10.0000,5000000.00,0,,2026-07-25T07:56:10.439Z,,,,false
6658a540-59f2-49ed-8a63-0a9917154e6b,44253142-aaf2-4012-b49c-862b05625054,c383dd94-afcf-4959-9418-743efb8f95e8,,,,10.0000,5000000.00,0,,2026-07-25T07:56:11.501Z,,,,false
696785b0-f1be-42e0-b381-36283c63902e,9c1e4ddb-907b-4070-8c47-868921248483,c383dd94-afcf-4959-9418-743efb8f95e8,,,,10.0000,5000000.00,0,,2026-07-25T07:56:12.001Z,,,,false
2d371157-e551-4e1e-90d6-1ff4d642107e,33a716cf-96e2-47b0-9e93-4b13675110a5,c383dd94-afcf-4959-9418-743efb8f95e8,,,,10.0000,5000000.00,0,,2026-07-25T07:56:12.225Z,,,,false
ad957e0c-8554-40d6-a7e2-e83800a427ae,814f1095-f412-4714-93a8-b6438033822e,c383dd94-afcf-4959-9418-743efb8f95e8,,,,10.0000,5000000.00,0,,2026-07-25T07:56:12.748Z,,,,false
7a4026aa-0869-4633-9338-58219014c3af,814f1095-f412-4714-93a8-b6438033822e,c383dd94-afcf-4959-9418-743efb8f95e8,,,,5.0000,1000.00,0,,2026-07-25T07:56:13.301Z,,,,false
d7844475-0c8e-43e2-966e-c21f5d2766c3,e7686ef2-7cf6-4b8f-bef2-e4c6585d1ef8,c383dd94-afcf-4959-9418-743efb8f95e8,,,,10.0000,5000000.00,0,,2026-07-25T07:57:20.982Z,,,,false
5a0cafe3-8b72-47d3-84f4-7dba6bc9eeac,2ab385b7-822c-4bec-8807-9f7b8c23516f,c383dd94-afcf-4959-9418-743efb8f95e8,,,,10.0000,5000000.00,0,,2026-07-25T07:57:21.735Z,,,,false
f326e1ba-0811-4ff8-ba32-dd8e5f68688b,34b6dcdf-7114-4e40-9355-51d41436eab6,c383dd94-afcf-4959-9418-743efb8f95e8,,,,10.0000,5000000.00,0,,2026-07-25T07:57:22.734Z,,,,false
f144a384-29b0-4037-96fc-dad469656da6,4fb4eea8-5ddc-4a30-9d37-9602912f1993,c383dd94-afcf-4959-9418-743efb8f95e8,,,,10.0000,5000000.00,0,,2026-07-25T07:57:23.210Z,,,,false
9d7f399f-c430-4a0f-a5cd-043a0347a7a7,1ff61e9f-1e8b-460c-8fd1-2b9db1fc9a18,c383dd94-afcf-4959-9418-743efb8f95e8,,,,10.0000,5000000.00,0,,2026-07-25T07:57:23.401Z,,,,false
1e5ef6c2-d51e-43bd-8f33-e17128204bb5,0ee9453f-990a-4fa4-810c-b5e29b8e47f0,c383dd94-afcf-4959-9418-743efb8f95e8,,,,10.0000,5000000.00,0,,2026-07-25T07:57:23.997Z,,,,false
b1e2d217-3717-41c6-9f20-7402252c115f,0ee9453f-990a-4fa4-810c-b5e29b8e47f0,c383dd94-afcf-4959-9418-743efb8f95e8,,,,5.0000,1000.00,0,,2026-07-25T07:57:24.460Z,,,,false
8764090e-1041-4388-bfbf-f36fe25a939a,26dffdfd-bfa3-4590-9e9f-0478cfdd18a8,c383dd94-afcf-4959-9418-743efb8f95e8,,,,10.0000,5000000.00,0,,2026-07-25T07:58:52.619Z,,,,false
a9bfc55f-4ca0-46af-81ca-f19dc815f9ef,28811669-245b-472f-b15c-08eb6921b2db,c383dd94-afcf-4959-9418-743efb8f95e8,,,,10.0000,5000000.00,0,,2026-07-25T07:58:53.673Z,,,,false
05eabac8-0b67-44d2-bbb8-c69764dbfd5e,d90b19e6-f670-4157-a068-23a0d4fa886c,c383dd94-afcf-4959-9418-743efb8f95e8,,,,10.0000,5000000.00,0,,2026-07-25T07:58:54.839Z,,,,false
fc8afa81-96f4-4854-b0c4-8c3367ed577e,e9eb421c-4a36-4295-9e2d-2b7f5b284578,c383dd94-afcf-4959-9418-743efb8f95e8,,,,10.0000,5000000.00,0,,2026-07-25T07:58:55.319Z,,,,false
2c59178c-d76c-47e1-bbd8-475327554f1f,f5218384-2c05-48f6-890c-217509f0bc60,c383dd94-afcf-4959-9418-743efb8f95e8,,,,10.0000,5000000.00,0,,2026-07-25T07:58:55.550Z,,,,false
28d1d560-99b9-41f2-a092-a45f858f5152,4c262f7a-9f80-4d9f-8e3d-c0c10962fd8b,c383dd94-afcf-4959-9418-743efb8f95e8,,,,10.0000,5000000.00,0,,2026-07-25T07:58:56.505Z,,,,false
588fc106-9005-4307-b0a4-a09b9f2fd67c,1106ea99-6663-463f-b5dd-cfa64824bccb,c383dd94-afcf-4959-9418-743efb8f95e8,,,,10.0000,5000000.00,0,,2026-07-25T07:58:57.015Z,,,,false
ddc12c23-84a4-4bc1-a9b5-be35da7003d9,1106ea99-6663-463f-b5dd-cfa64824bccb,c383dd94-afcf-4959-9418-743efb8f95e8,,,,5.0000,1000.00,0,,2026-07-25T07:58:57.495Z,,,,false
bb9533c4-1779-4886-b828-1f85a4d24c03,aa367cc2-e703-4ddc-858f-ade6b4099108,c383dd94-afcf-4959-9418-743efb8f95e8,,,,10.0000,5000000.00,0,,2026-07-25T07:59:07.356Z,,,,false
ec68939a-952c-4eae-8600-6df914b78cc5,503a684d-2cff-4101-837b-d274bc5c26d7,c383dd94-afcf-4959-9418-743efb8f95e8,,,,10.0000,5000000.00,0,,2026-07-25T07:59:08.153Z,,,,false
b5c78daf-eda7-4cfd-a289-4092cacddf84,8b5a8c32-44bd-47a0-9598-bafa6b0699f8,c383dd94-afcf-4959-9418-743efb8f95e8,,,,10.0000,5000000.00,0,,2026-07-25T07:59:09.115Z,,,,false
2199dcc1-4303-458f-b96b-4e06d2f78d92,6372f905-beff-4d82-8cb2-673c1c16d3a8,c383dd94-afcf-4959-9418-743efb8f95e8,,,,10.0000,5000000.00,0,,2026-07-25T07:59:09.573Z,,,,false
526fc0e3-2339-45af-a3f6-97d5820d086e,96a91b75-6f5d-47c6-8d6b-a64f1fcbecf2,c383dd94-afcf-4959-9418-743efb8f95e8,,,,10.0000,5000000.00,0,,2026-07-25T07:59:09.837Z,,,,false
c5b765d3-3422-4a02-a466-2e2cd71846d5,0080b272-2d4f-4088-944b-87fbd4e08900,c383dd94-afcf-4959-9418-743efb8f95e8,,,,10.0000,5000000.00,0,,2026-07-25T07:59:10.488Z,,,,false
c47f7651-9f05-4376-9ba7-b858e558a267,0d6d6576-a1fd-48e3-8665-4ca402616a71,c383dd94-afcf-4959-9418-743efb8f95e8,,,,10.0000,5000000.00,0,,2026-07-25T07:59:11.013Z,,,,false
d000efb9-4770-4007-a274-37f1d3c6f671,0d6d6576-a1fd-48e3-8665-4ca402616a71,c383dd94-afcf-4959-9418-743efb8f95e8,,,,5.0000,1000.00,0,,2026-07-25T07:59:11.501Z,,,,false
485e06d8-b1e9-470f-be28-813ee30aa3d1,260f5d64-d619-4444-8f35-a01a56304c15,c383dd94-afcf-4959-9418-743efb8f95e8,,,,10.0000,5000000.00,0,,2026-07-25T07:59:13.285Z,,,,false
d10d4d86-be51-4a0f-b41d-95896f64a955,8aa1d966-9007-4f0f-a3d5-2630e3a13a2f,c383dd94-afcf-4959-9418-743efb8f95e8,,,,10.0000,5000000.00,0,,2026-07-25T07:59:14.070Z,,,,false
c508a0b7-3987-4b0c-941b-df8d413923f1,e35e1f5d-095d-4659-b36e-c7b78327aa8a,c383dd94-afcf-4959-9418-743efb8f95e8,,,,10.0000,5000000.00,0,,2026-07-25T07:59:15.017Z,,,,false
cd733ac8-a91f-4506-b9b7-beadb7c1ee2a,e68f2325-c8f6-49db-8654-a74fcd553658,c383dd94-afcf-4959-9418-743efb8f95e8,,,,10.0000,5000000.00,0,,2026-07-25T07:59:15.442Z,,,,false
4dfbd36f-73bd-4b49-838f-62d36bb3dc52,5c971c32-bbb5-498b-ad09-cb1d2abc323e,c383dd94-afcf-4959-9418-743efb8f95e8,,,,10.0000,5000000.00,0,,2026-07-25T07:59:15.663Z,,,,false
b5bb4fb9-057a-4aaf-9f06-213a6dbfa7d0,1f71f0cc-cf6d-4eb1-b9f1-177bb5ad3c9d,c383dd94-afcf-4959-9418-743efb8f95e8,,,,10.0000,5000000.00,0,,2026-07-25T07:59:16.710Z,,,,false
44556873-5b77-466a-b404-adc1ec63499c,71270680-02c3-4548-a58d-e8373a5693bb,c383dd94-afcf-4959-9418-743efb8f95e8,,,,10.0000,5000000.00,0,,2026-07-25T07:59:17.244Z,,,,false
865bf3e4-0242-4781-bcb0-41074edf679b,71270680-02c3-4548-a58d-e8373a5693bb,c383dd94-afcf-4959-9418-743efb8f95e8,,,,5.0000,1000.00,0,,2026-07-25T07:59:17.728Z,,,,false
e9e4ce3c-9e3f-4b65-baff-c3352ccbaf65,7f55318a-dd21-4999-b2b6-d20c043681b6,c383dd94-afcf-4959-9418-743efb8f95e8,,,,10.0000,5000000.00,0,,2026-07-25T07:59:37.015Z,,,,false
2d49024c-8783-43d7-a05b-30064e9e94d3,0c6b7fc2-56d5-4717-8948-6e7291483c6e,c383dd94-afcf-4959-9418-743efb8f95e8,,,,10.0000,5000000.00,0,,2026-07-25T07:59:37.867Z,,,,false
ea99d973-dda1-4a01-93ce-4e8cb07d187d,a7677de6-fea6-45df-9c26-9217bcab0b6a,c383dd94-afcf-4959-9418-743efb8f95e8,,,,10.0000,5000000.00,0,,2026-07-25T07:59:38.837Z,,,,false
77f450bb-6591-49ac-b9d5-8caa1a802610,a3829913-9d07-4664-b17f-f090d28fbdf5,c383dd94-afcf-4959-9418-743efb8f95e8,,,,10.0000,5000000.00,0,,2026-07-25T07:59:39.311Z,,,,false
a30a038c-d356-4eeb-951b-6fefb0e79207,c4411760-a863-49cf-9705-cac1f3972416,c383dd94-afcf-4959-9418-743efb8f95e8,,,,10.0000,5000000.00,0,,2026-07-25T07:59:39.579Z,,,,false
426732ba-f7dd-4807-8afe-f6a21fe6ce05,96751cb1-bd92-43ef-b7a1-8148934de525,c383dd94-afcf-4959-9418-743efb8f95e8,,,,10.0000,5000000.00,0,,2026-07-25T07:59:40.637Z,,,,false
7daa0c5b-70ec-4506-9864-971cca47a95b,d736857d-85d6-47a4-8c29-e586121ca818,c383dd94-afcf-4959-9418-743efb8f95e8,,,,10.0000,5000000.00,0,,2026-07-25T07:59:41.185Z,,,,false
d68328c1-d8ba-43d8-b321-ac459078a3ba,d736857d-85d6-47a4-8c29-e586121ca818,c383dd94-afcf-4959-9418-743efb8f95e8,,,,5.0000,1000.00,0,,2026-07-25T07:59:41.648Z,,,,false
b5317a25-8081-4b69-8f21-a060f62f831f,abd9979f-dd6b-426e-b314-5399dab03559,c383dd94-afcf-4959-9418-743efb8f95e8,,,,10.0000,5000000.00,0,,2026-07-25T08:03:31.137Z,,,,false
ba6ba8d6-3fad-4a93-b5b4-8a6c706c55f9,c1a9a6d8-f6a1-43ef-9bfa-18a99048bf2a,c383dd94-afcf-4959-9418-743efb8f95e8,,,,10.0000,5000000.00,0,,2026-07-25T08:03:36.137Z,,,,false
b05fb020-0f21-4162-a31b-078a956f9c61,f716ea5a-2bf9-414e-8c20-e77890976cea,c383dd94-afcf-4959-9418-743efb8f95e8,,,,10.0000,5000000.00,0,,2026-07-25T08:03:41.539Z,,,,false
0ce84843-b48b-45b6-baba-fd2e31570d7c,17617610-1bc5-4893-a221-c3a1406e1283,c383dd94-afcf-4959-9418-743efb8f95e8,,,,10.0000,5000000.00,0,,2026-07-25T08:03:44.266Z,,,,false
e46a65c6-ff02-4630-bd01-afdfb0271b19,e50394fc-69b2-4351-9363-1385aa79a1c0,c383dd94-afcf-4959-9418-743efb8f95e8,,,,10.0000,5000000.00,0,,2026-07-25T08:03:45.911Z,,,,false
fdab911e-3c70-47b0-875b-b31e11b19c3f,a282a1e4-c33c-4755-b979-b3a758897e93,c383dd94-afcf-4959-9418-743efb8f95e8,,,,10.0000,5000000.00,0,,2026-07-25T08:03:52.712Z,,,,false
c4f2317f-661a-42b4-b39c-5972538b65d4,67e261a8-3e1b-4ed3-a793-96e42f3352ce,c383dd94-afcf-4959-9418-743efb8f95e8,,,,10.0000,5000000.00,0,,2026-07-25T08:03:56.774Z,,,,false
c812b30b-771b-436d-a7b5-3b3042f1bfa4,67e261a8-3e1b-4ed3-a793-96e42f3352ce,c383dd94-afcf-4959-9418-743efb8f95e8,,,,5.0000,1000.00,0,,2026-07-25T08:03:59.877Z,,,,false
82621e58-f53e-4a79-977f-9c5440a4c81d,dae60d7c-0037-49d0-82b7-a4c772d61abf,c383dd94-afcf-4959-9418-743efb8f95e8,,,,10.0000,5000000.00,0,,2026-07-25T08:11:15.506Z,,,,false
2e62ed4e-b626-4f63-bbe9-4506032abff3,bb2a93d2-b412-4bd8-9499-3bec9fc5aa54,c383dd94-afcf-4959-9418-743efb8f95e8,,,,10.0000,5000000.00,0,,2026-07-25T08:11:21.005Z,,,,false
d983c57e-4d85-428f-b9f5-3c4501db4be9,f986d9d5-f6ae-4dd6-8486-9c5612217aa6,c383dd94-afcf-4959-9418-743efb8f95e8,,,,10.0000,5000000.00,0,,2026-07-25T08:11:25.937Z,,,,false
56c5422d-93f6-4a0e-bbe7-560c247dadaf,28092361-9b13-42be-8da0-862b66e199ba,c383dd94-afcf-4959-9418-743efb8f95e8,,,,10.0000,5000000.00,0,,2026-07-25T08:11:28.757Z,,,,false
82df54d1-dd1b-43df-b261-ac2bf8307d7c,8f2b556b-2a99-480f-99be-66f4506b5316,c383dd94-afcf-4959-9418-743efb8f95e8,,,,10.0000,5000000.00,0,,2026-07-25T08:11:30.445Z,,,,false
2498800e-c910-4af2-b3e6-f2bfbe1c032d,fe43e4b7-bd45-468d-8679-78c6008153c3,c383dd94-afcf-4959-9418-743efb8f95e8,,,,10.0000,5000000.00,0,,2026-07-25T08:11:38.020Z,,,,false
53871e52-613a-44a0-b6d6-5779f9454955,3fb00040-092b-48c8-8dc6-6ae00047cb6c,c383dd94-afcf-4959-9418-743efb8f95e8,,,,10.0000,5000000.00,0,,2026-07-25T08:11:41.835Z,,,,false
b2af834b-98cf-481f-983f-744a50011f2f,3fb00040-092b-48c8-8dc6-6ae00047cb6c,c383dd94-afcf-4959-9418-743efb8f95e8,,,,5.0000,1000.00,0,,2026-07-25T08:11:45.164Z,,,,false
80d2050e-f001-4354-83e5-516b1868d734,7f7c30e9-29c3-463b-a2fd-800c8b2ff3c9,c383dd94-afcf-4959-9418-743efb8f95e8,,,,1.0000,1000000.00,0,,2026-07-25T08:53:20.148Z,,,,false
244f9d2c-d6d7-4aeb-95b9-603a827bdaee,7f7c30e9-29c3-463b-a2fd-800c8b2ff3c9,c383dd94-afcf-4959-9418-743efb8f95e8,,,,1.0000,2500000.00,0,,2026-07-25T08:53:20.201Z,,,,false
e95239b8-9ac8-4929-b79f-702f7e622a2a,7f7c30e9-29c3-463b-a2fd-800c8b2ff3c9,c383dd94-afcf-4959-9418-743efb8f95e8,,,,1.0000,500000.00,0,,2026-07-25T08:53:20.225Z,,,,false
51afe386-d16c-4479-8b1f-633b9722cafb,257e9ab7-738d-4f21-8d43-5ba752f3d1f1,c383dd94-afcf-4959-9418-743efb8f95e8,,,,7.0000,9999999.00,0,,2026-07-25T08:53:22.587Z,,,,false
06be89a3-8213-40cf-94a4-e23c30815e1a,4100c87e-e2a0-4587-8131-6f8435eca135,c383dd94-afcf-4959-9418-743efb8f95e8,,,,10.0000,5000000.00,0,,2026-07-25T08:53:22.866Z,,,,false
ed3b95a1-2f1d-4e86-9942-3a91c3d6c7cf,393c1e68-2064-486e-9c14-1e4ca3200de8,c383dd94-afcf-4959-9418-743efb8f95e8,,,,10.0000,5000000.00,0,,2026-07-25T08:53:23.392Z,,,,false
e55607f2-b9d5-48c5-809b-eb18fd43b0f2,43c6b93e-e752-49e4-b365-8fc3dec0e8f3,c383dd94-afcf-4959-9418-743efb8f95e8,,,,10.0000,5000000.00,0,,2026-07-25T08:53:24.261Z,,,,false
a7c53d2f-65b5-4a01-8b19-8e62026ace01,68f81002-cff7-4a95-b67d-068c39a92162,c383dd94-afcf-4959-9418-743efb8f95e8,,,,10.0000,5000000.00,0,,2026-07-25T08:53:24.663Z,,,,false
e3a73639-9570-4ec0-b2f5-90c35dd18963,079222f3-426e-4156-9dd4-6fab1e21d38e,c383dd94-afcf-4959-9418-743efb8f95e8,,,,10.0000,5000000.00,0,,2026-07-25T08:53:24.898Z,,,,false
8bebc6bc-dbc5-4e11-b17a-73ce4bab8dea,1d9dfe90-bc84-4d82-88e8-991a3b00ca0d,c383dd94-afcf-4959-9418-743efb8f95e8,,,,10.0000,5000000.00,0,,2026-07-25T08:53:25.976Z,,,,false
de406896-c4d2-439c-9b4e-e7376851429d,e1b08497-c64e-4413-bba0-502e1c3754a3,c383dd94-afcf-4959-9418-743efb8f95e8,,,,10.0000,5000000.00,0,,2026-07-25T08:53:26.954Z,,,,false
5a80a92d-6121-4447-a9b0-a0e460743d9d,e1b08497-c64e-4413-bba0-502e1c3754a3,c383dd94-afcf-4959-9418-743efb8f95e8,,,,5.0000,1000.00,0,,2026-07-25T08:53:27.432Z,,,,false
856ff6ed-4ac4-4ff4-a2c4-66615a198e0c,98378e33-cd26-4ce9-b96b-9947fc0759ec,c383dd94-afcf-4959-9418-743efb8f95e8,,,,1.0000,1000000.00,0,,2026-07-25T08:53:37.188Z,,,,false
760e0b70-5d92-4ef5-8994-521d7d41a480,98378e33-cd26-4ce9-b96b-9947fc0759ec,c383dd94-afcf-4959-9418-743efb8f95e8,,,,1.0000,2500000.00,0,,2026-07-25T08:53:37.213Z,,,,false
b5a14409-2ed7-4c55-85a1-3d6d6bf71183,98378e33-cd26-4ce9-b96b-9947fc0759ec,c383dd94-afcf-4959-9418-743efb8f95e8,,,,1.0000,500000.00,0,,2026-07-25T08:53:37.236Z,,,,false
832c5e14-120d-4fbd-b5a2-0c192a5843de,6bfd4882-4e17-48e8-ad74-f524095c8b78,c383dd94-afcf-4959-9418-743efb8f95e8,,,,7.0000,9999999.00,0,,2026-07-25T08:53:37.542Z,,,,false
39502666-9937-4b13-b90f-2abfe46bc593,bfd410ca-c9d8-4055-9c01-59455d07383b,c383dd94-afcf-4959-9418-743efb8f95e8,,,,10.0000,5000000.00,0,,2026-07-25T08:53:37.815Z,,,,false
0bbcce9c-559e-420c-898a-e4054e55bde1,c2f46c8d-2106-4d92-b351-c72a2248a9a4,c383dd94-afcf-4959-9418-743efb8f95e8,,,,10.0000,5000000.00,0,,2026-07-25T08:53:38.304Z,,,,false
a8491ec7-5c2b-4365-a91b-f2f5622efc31,7fdd3d2c-11b3-4b99-bba2-808fd040b563,c383dd94-afcf-4959-9418-743efb8f95e8,,,,10.0000,5000000.00,0,,2026-07-25T08:53:39.262Z,,,,false
dfbc5d3c-3145-4e7a-b3b4-24acc205942b,6940bc4c-0e9c-46eb-971d-f54ad51aa6d2,c383dd94-afcf-4959-9418-743efb8f95e8,,,,10.0000,5000000.00,0,,2026-07-25T08:53:39.718Z,,,,false
26c782d7-3e18-43d2-9ee7-baafaf599de1,50bfd042-10aa-4abd-8c21-2967af0e92f5,c383dd94-afcf-4959-9418-743efb8f95e8,,,,10.0000,5000000.00,0,,2026-07-25T08:53:39.988Z,,,,false
9dcd3835-66c7-42a1-b499-5624fff8f704,a7dd9160-ebdb-4f69-bf53-e066794386fb,c383dd94-afcf-4959-9418-743efb8f95e8,,,,10.0000,5000000.00,0,,2026-07-25T08:53:41.013Z,,,,false
a32911c0-8222-47f1-ac03-374002d28c5c,f5c81ead-1c17-4114-9120-dfd58ef6d9ec,c383dd94-afcf-4959-9418-743efb8f95e8,,,,10.0000,5000000.00,0,,2026-07-25T08:53:41.504Z,,,,false
24f0cc28-bab8-484d-9033-e9e102b0853f,f5c81ead-1c17-4114-9120-dfd58ef6d9ec,c383dd94-afcf-4959-9418-743efb8f95e8,,,,5.0000,1000.00,0,,2026-07-25T08:53:41.976Z,,,,false
822c7dd3-2521-4e58-bd88-36a811a2b004,9b1cb510-ea5a-4f2e-9c71-86d9bde5ca45,c383dd94-afcf-4959-9418-743efb8f95e8,,,,1.0000,1000000.00,0,,2026-07-25T08:56:49.842Z,,,,false
c6aa8517-7a3d-4f80-9997-70151823c476,9b1cb510-ea5a-4f2e-9c71-86d9bde5ca45,c383dd94-afcf-4959-9418-743efb8f95e8,,,,1.0000,2500000.00,0,,2026-07-25T08:56:50.077Z,,,,false
5d30f3ef-3824-4c27-9a8e-48ec2c684611,9b1cb510-ea5a-4f2e-9c71-86d9bde5ca45,c383dd94-afcf-4959-9418-743efb8f95e8,,,,1.0000,500000.00,0,,2026-07-25T08:56:50.307Z,,,,false
9a05ae03-326e-471f-948b-c0cb92ab2fbf,f8b2d0f1-dcc1-439b-8a88-812c904998ec,c383dd94-afcf-4959-9418-743efb8f95e8,,,,7.0000,9999999.00,0,,2026-07-25T08:56:53.511Z,,,,false
906c0f76-5693-4c35-af2f-709718b3a79d,b64d6c9d-a052-4b74-87b6-a3a4665eb4b3,c383dd94-afcf-4959-9418-743efb8f95e8,,,,10.0000,5000000.00,0,,2026-07-25T08:56:56.233Z,,,,false
f8ae21be-89d3-48cb-bdc3-e59e54b6f235,317ed042-89fd-4a32-9cf7-d01fb34049d3,c383dd94-afcf-4959-9418-743efb8f95e8,,,,10.0000,5000000.00,0,,2026-07-25T08:57:02.523Z,,,,false
e2bfb3f4-d6c3-4f6c-a9be-ceb487f96fba,f9817c3c-36c2-4603-a34c-19f518b691f4,c383dd94-afcf-4959-9418-743efb8f95e8,,,,10.0000,5000000.00,0,,2026-07-25T08:57:11.040Z,,,,false
4a14ff08-013c-4c31-ac02-74e0d520b67f,d2492ef1-42b7-4e78-9ae9-c87e55ec5aa5,c383dd94-afcf-4959-9418-743efb8f95e8,,,,10.0000,5000000.00,0,,2026-07-25T08:57:14.583Z,,,,false
bd48e95c-ef50-484b-892a-1f36b992a8f3,60dc9506-b6cc-4a0e-93ea-ee185a57a7db,c383dd94-afcf-4959-9418-743efb8f95e8,,,,10.0000,5000000.00,0,,2026-07-25T08:57:16.433Z,,,,false
589d8596-d939-4fc6-938d-d3b063e47847,9fbea44e-8ef6-4968-9bc1-14eca9c01d86,c383dd94-afcf-4959-9418-743efb8f95e8,,,,10.0000,5000000.00,0,,2026-07-25T08:57:28.034Z,,,,false
9265cb3f-e216-479c-bf7e-cbdbdff2502d,5ffbd356-ce71-48e4-89e8-e82b2b27c4d5,c383dd94-afcf-4959-9418-743efb8f95e8,,,,10.0000,5000000.00,0,,2026-07-25T08:57:33.110Z,,,,false
0a45b5f4-cba8-46b6-92db-9931a9f0583e,5ffbd356-ce71-48e4-89e8-e82b2b27c4d5,c383dd94-afcf-4959-9418-743efb8f95e8,,,,5.0000,1000.00,0,,2026-07-25T08:57:36.467Z,,,,false
853259a4-ed9f-40c2-9d8e-90d1e911017d,b51624ed-f37f-4542-9552-ea416e13d538,c383dd94-afcf-4959-9418-743efb8f95e8,,,,1.0000,1000000.00,0,,2026-07-25T09:06:24.058Z,,,,false
6c0fbd61-0a63-4756-9c27-2e5125c578d8,b51624ed-f37f-4542-9552-ea416e13d538,c383dd94-afcf-4959-9418-743efb8f95e8,,,,1.0000,2500000.00,0,,2026-07-25T09:06:24.237Z,,,,false
41b714e7-8b8c-487d-a166-71c61b1e35ff,b51624ed-f37f-4542-9552-ea416e13d538,c383dd94-afcf-4959-9418-743efb8f95e8,,,,1.0000,500000.00,0,,2026-07-25T09:06:24.408Z,,,,false
b8c79f8c-93ef-40a6-b76b-d38efaa306cb,edd32bcc-44db-49f5-9a90-86adf093631e,c383dd94-afcf-4959-9418-743efb8f95e8,,,,7.0000,9999999.00,0,,2026-07-25T09:06:26.765Z,,,,false
4ad0c244-fb7c-47a5-aa88-4de4fa3a6db9,6ffe1fe1-e6a0-431b-8424-77e682fb2b08,c383dd94-afcf-4959-9418-743efb8f95e8,,,,10.0000,5000000.00,0,,2026-07-25T09:06:28.326Z,,,,false
40e526df-e90a-4424-bdbc-7b1933b84115,788ce575-9097-4ec7-a19c-1d5da3a2f0e6,c383dd94-afcf-4959-9418-743efb8f95e8,,,,10.0000,5000000.00,0,,2026-07-25T09:06:31.700Z,,,,false
8c714510-02ce-4b16-9067-761d0a86c4c0,cbbbf5e5-db03-4dc9-ab84-c1310d861bb6,c383dd94-afcf-4959-9418-743efb8f95e8,,,,10.0000,5000000.00,0,,2026-07-25T09:06:35.912Z,,,,false
0d955fc9-62a7-4589-a1f3-e617a1ae46c1,213923c0-3cbf-4e75-a98c-521e02738ff4,c383dd94-afcf-4959-9418-743efb8f95e8,,,,10.0000,5000000.00,0,,2026-07-25T09:06:38.759Z,,,,false
936b6e53-375a-4e9f-bf81-3398686fde32,7a1d867d-aee7-4a43-a701-1e6fb002db5f,c383dd94-afcf-4959-9418-743efb8f95e8,,,,10.0000,5000000.00,0,,2026-07-25T09:06:40.092Z,,,,false
8298d9c2-ed7d-48b6-9605-77d61783e0b9,3e9ef5b0-19c6-455c-bf62-1f094b05b9e6,c383dd94-afcf-4959-9418-743efb8f95e8,,,,10.0000,5000000.00,0,,2026-07-25T09:06:45.750Z,,,,false
1056dda7-4cb5-4cff-9452-1b25304dbe25,83162cdb-5a5e-4bd5-8809-13e03e8ea92e,c383dd94-afcf-4959-9418-743efb8f95e8,,,,10.0000,5000000.00,0,,2026-07-25T09:06:48.755Z,,,,false
0fd79f29-be29-436e-90a3-65a91263a2ac,83162cdb-5a5e-4bd5-8809-13e03e8ea92e,c383dd94-afcf-4959-9418-743efb8f95e8,,,,5.0000,1000.00,0,,2026-07-25T09:06:51.742Z,,,,false
f5c61f87-9972-4dd9-b7ee-2e523bc75f8e,56d470c0-c53e-4a96-b724-9da8cbd1ddd5,c383dd94-afcf-4959-9418-743efb8f95e8,,,,1.0000,1000000.00,0,,2026-07-25T09:08:18.098Z,,,,false
4b7271c1-1671-4031-88f3-e4a213d51d56,56d470c0-c53e-4a96-b724-9da8cbd1ddd5,c383dd94-afcf-4959-9418-743efb8f95e8,,,,1.0000,2500000.00,0,,2026-07-25T09:08:18.120Z,,,,false
e8517d6d-5316-4bf4-822d-9f3a4cb90947,56d470c0-c53e-4a96-b724-9da8cbd1ddd5,c383dd94-afcf-4959-9418-743efb8f95e8,,,,1.0000,500000.00,0,,2026-07-25T09:08:18.142Z,,,,false
deb27857-8879-4d66-9c80-cfbdc2c17b7c,20c6184a-e7e3-42cf-9774-d9ca0776b98d,c383dd94-afcf-4959-9418-743efb8f95e8,,,,7.0000,9999999.00,0,,2026-07-25T09:08:19.432Z,,,,false
e37a5100-8221-4399-aeaa-8dd0ad660fa5,ac111283-0cdc-495b-83a7-3b49f70cc9ee,c383dd94-afcf-4959-9418-743efb8f95e8,,,,10.0000,5000000.00,0,,2026-07-25T09:08:19.882Z,,,,false
60822b89-7723-4c68-8f62-ae8bf73d2c7a,cee71d9f-2c80-4f13-9659-ad5a73b86ba9,c383dd94-afcf-4959-9418-743efb8f95e8,,,,10.0000,5000000.00,0,,2026-07-25T09:08:20.401Z,,,,false
f921281c-46a9-4850-a55c-e5c3c476da3a,81c299f4-3299-4078-9305-80afba30d294,c383dd94-afcf-4959-9418-743efb8f95e8,,,,10.0000,5000000.00,0,,2026-07-25T09:08:21.297Z,,,,false
283aeeb5-f970-4990-b719-f0740e9ca0e6,45ba42a7-d70d-4b5e-95d3-ce65b42175f4,c383dd94-afcf-4959-9418-743efb8f95e8,,,,10.0000,5000000.00,0,,2026-07-25T09:08:21.727Z,,,,false
b264b6a7-88bb-4095-b016-1ca4094b9445,9472c82d-96d0-4c32-9ad2-9479ec5ad02e,c383dd94-afcf-4959-9418-743efb8f95e8,,,,10.0000,5000000.00,0,,2026-07-25T09:08:21.987Z,,,,false
2c667da4-0f2d-4cb5-9c0a-89f2edb2a4d2,d2d81ddc-66c7-4c21-bad6-eab835d2fcea,c383dd94-afcf-4959-9418-743efb8f95e8,,,,10.0000,5000000.00,0,,2026-07-25T09:08:22.988Z,,,,false
c128cbd5-9c77-44d2-870c-63ca23f47631,ea7c51db-0e01-4b37-93c5-2eda63273fc4,c383dd94-afcf-4959-9418-743efb8f95e8,,,,10.0000,5000000.00,0,,2026-07-25T09:08:23.548Z,,,,false
a313242f-d075-4a73-9424-4a443ac2e02a,ea7c51db-0e01-4b37-93c5-2eda63273fc4,c383dd94-afcf-4959-9418-743efb8f95e8,,,,5.0000,1000.00,0,,2026-07-25T09:08:24.062Z,,,,false
4dd7ec4d-43b2-444e-ba7f-994b932813c6,a3f1d2e3-c12b-46d6-a174-f55ddd4ff3a1,c383dd94-afcf-4959-9418-743efb8f95e8,,,,1.0000,1000000.00,0,,2026-07-25T09:08:28.539Z,,,,false
8cfaa398-891f-4cba-9a57-e2bbf1cb1963,a3f1d2e3-c12b-46d6-a174-f55ddd4ff3a1,c383dd94-afcf-4959-9418-743efb8f95e8,,,,1.0000,2500000.00,0,,2026-07-25T09:08:28.563Z,,,,false
7727d30f-c2eb-4114-8a1e-92bce75035a4,a3f1d2e3-c12b-46d6-a174-f55ddd4ff3a1,c383dd94-afcf-4959-9418-743efb8f95e8,,,,1.0000,500000.00,0,,2026-07-25T09:08:28.585Z,,,,false
87d6e235-1ee1-4f80-b2e5-76fdeefc642d,461a5293-8fd1-49ff-831e-6e201fb2095a,c383dd94-afcf-4959-9418-743efb8f95e8,,,,7.0000,9999999.00,0,,2026-07-25T09:08:29.124Z,,,,false
8b8446eb-8732-40ce-882d-4058449d63aa,b5ff7d69-1303-4b18-94cb-65a67dce39e8,c383dd94-afcf-4959-9418-743efb8f95e8,,,,10.0000,5000000.00,0,,2026-07-25T09:08:29.406Z,,,,false
cbe0521e-c502-424c-a3ca-f1843b349e81,ed3eb2a5-d3bc-40d3-9cd8-2c7807a31ffe,c383dd94-afcf-4959-9418-743efb8f95e8,,,,10.0000,5000000.00,0,,2026-07-25T09:08:29.959Z,,,,false
13e3e099-11d1-45ba-ba46-1677f2ead9c2,a5aa1284-1558-4985-b3be-9ea5b57aa31f,c383dd94-afcf-4959-9418-743efb8f95e8,,,,10.0000,5000000.00,0,,2026-07-25T09:08:30.922Z,,,,false
f6f9e69b-0d10-4bd0-ab10-07c3a01525de,cebce8be-2dcb-4583-a18a-6cce75fece0d,c383dd94-afcf-4959-9418-743efb8f95e8,,,,10.0000,5000000.00,0,,2026-07-25T09:08:31.387Z,,,,false
74d8c8c7-b8bc-4d65-9bd5-6108f1c6c39c,f91d6a6c-d605-43d5-aba8-87df088a1488,c383dd94-afcf-4959-9418-743efb8f95e8,,,,10.0000,5000000.00,0,,2026-07-25T09:08:31.656Z,,,,false
251230a5-0916-4c60-adfe-40f18a295703,97c101a0-33d2-47f6-8ff1-ce6162ca1f94,c383dd94-afcf-4959-9418-743efb8f95e8,,,,10.0000,5000000.00,0,,2026-07-25T09:08:32.677Z,,,,false
cb41813d-c8e0-45bf-ad48-2e9a52754867,c0be8473-612b-4ff2-8ab9-52211cc259c6,c383dd94-afcf-4959-9418-743efb8f95e8,,,,10.0000,5000000.00,0,,2026-07-25T09:08:33.202Z,,,,false
ab0f016b-79c7-437b-8a2f-47da5c81a2b5,c0be8473-612b-4ff2-8ab9-52211cc259c6,c383dd94-afcf-4959-9418-743efb8f95e8,,,,5.0000,1000.00,0,,2026-07-25T09:08:33.691Z,,,,false
dab3c889-a2ca-4eeb-b05c-56c8195cde56,7f2d715c-432a-4b4e-aee3-d13d74ddcedc,c383dd94-afcf-4959-9418-743efb8f95e8,,,,1.0000,1000000.00,0,,2026-07-25T09:11:28.724Z,,,,false
aa38f3ea-9d79-4926-90fd-29c9840cb12d,7f2d715c-432a-4b4e-aee3-d13d74ddcedc,c383dd94-afcf-4959-9418-743efb8f95e8,,,,1.0000,2500000.00,0,,2026-07-25T09:11:28.998Z,,,,false
c12be5bf-df63-4d9a-8d3f-276853259365,7f2d715c-432a-4b4e-aee3-d13d74ddcedc,c383dd94-afcf-4959-9418-743efb8f95e8,,,,1.0000,500000.00,0,,2026-07-25T09:11:29.229Z,,,,false
b8df5a91-ea14-488b-84c0-7d4777a0074d,c57c298a-004e-4d17-8b6d-939afa26edac,c383dd94-afcf-4959-9418-743efb8f95e8,,,,7.0000,9999999.00,0,,2026-07-25T09:11:34.460Z,,,,false
ffc646e6-bfc6-4df7-ab00-f88642401e2a,ba61fb93-4e8a-47c3-a25e-b22486e9b098,c383dd94-afcf-4959-9418-743efb8f95e8,,,,10.0000,5000000.00,0,,2026-07-25T09:11:36.108Z,,,,false
31faa202-fd13-41f5-9c5e-697996455b06,9c509075-27cc-476e-b819-e34fb15a1604,c383dd94-afcf-4959-9418-743efb8f95e8,,,,10.0000,5000000.00,0,,2026-07-25T09:11:39.598Z,,,,false
54a744d5-aae0-4c90-b976-204dc53ca336,305dc3a7-e397-478d-ad39-1e54f0d58409,c383dd94-afcf-4959-9418-743efb8f95e8,,,,10.0000,5000000.00,0,,2026-07-25T09:11:45.272Z,,,,false
7ca4d4eb-94f5-4665-8f72-f2779a282b3d,fce6bf8d-2065-4f0a-b1f5-a70d3eda2f78,c383dd94-afcf-4959-9418-743efb8f95e8,,,,10.0000,5000000.00,0,,2026-07-25T09:11:48.856Z,,,,false
ba630bee-38a6-4fe8-9d52-d63fd9fc18f1,1cdb23d7-eae6-4351-b1f1-8643ac79c79b,c383dd94-afcf-4959-9418-743efb8f95e8,,,,10.0000,5000000.00,0,,2026-07-25T09:11:50.711Z,,,,false
219166b7-5e26-482c-8226-b09c9ba6cbe5,e269e8bc-31e9-4dd7-8783-87e8c5a9193b,c383dd94-afcf-4959-9418-743efb8f95e8,,,,10.0000,5000000.00,0,,2026-07-25T09:11:58.074Z,,,,false
2bc25926-3de2-49f4-9ec0-6c87f24e9dc0,58962de2-063e-491f-aa6f-9559f2141acb,c383dd94-afcf-4959-9418-743efb8f95e8,,,,10.0000,5000000.00,0,,2026-07-25T09:12:02.726Z,,,,false
6656b855-a8b6-4f4b-86dc-37996bd3ccc9,58962de2-063e-491f-aa6f-9559f2141acb,c383dd94-afcf-4959-9418-743efb8f95e8,,,,5.0000,1000.00,0,,2026-07-25T09:12:06.692Z,,,,false
e29907f0-64a8-4512-bd8d-0ef357859184,e1f16ca1-ac64-4ad5-969a-1a6dca75efef,c383dd94-afcf-4959-9418-743efb8f95e8,,,,1.0000,1000000.00,0,,2026-07-25T09:20:22.219Z,,,,false
1eee3b7d-5147-4628-80d2-d6c30f66014c,e1f16ca1-ac64-4ad5-969a-1a6dca75efef,c383dd94-afcf-4959-9418-743efb8f95e8,,,,1.0000,2500000.00,0,,2026-07-25T09:20:22.427Z,,,,false
97016a6b-4d6d-4cee-8fb4-119cccad00e9,e1f16ca1-ac64-4ad5-969a-1a6dca75efef,c383dd94-afcf-4959-9418-743efb8f95e8,,,,1.0000,500000.00,0,,2026-07-25T09:20:22.626Z,,,,false
e9084152-c7d4-4085-a3b8-e48b4c1f969d,2776ab14-08f7-4da9-8834-cad3d9b390ee,c383dd94-afcf-4959-9418-743efb8f95e8,,,,7.0000,9999999.00,0,,2026-07-25T09:20:27.175Z,,,,false
9264d693-0c14-44ac-97be-0b54fd051a99,29144ff7-d5cc-4fd8-b654-5d65eea16c90,c383dd94-afcf-4959-9418-743efb8f95e8,,,,10.0000,5000000.00,0,,2026-07-25T09:20:28.716Z,,,,false
b643f97e-197e-442b-9bc4-777d738d7048,ad9b6153-40db-490d-aeb5-4fbfc0c501be,c383dd94-afcf-4959-9418-743efb8f95e8,,,,10.0000,5000000.00,0,,2026-07-25T09:20:32.096Z,,,,false
4172124f-770d-4d86-a865-a8cc3da2b36a,e9aa92de-e73a-488d-b755-34cfc8150e4c,c383dd94-afcf-4959-9418-743efb8f95e8,,,,10.0000,5000000.00,0,,2026-07-25T09:20:37.217Z,,,,false
bed3e8bb-494c-4cb8-8ffd-8666fe36ec42,61c44838-301c-4f02-b4fc-3a9aa9d0bc56,c383dd94-afcf-4959-9418-743efb8f95e8,,,,10.0000,5000000.00,0,,2026-07-25T09:20:40.007Z,,,,false
1595998a-ebea-4a81-a79a-574c0142e285,09761683-a365-4686-8c48-70274e443cf2,c383dd94-afcf-4959-9418-743efb8f95e8,,,,10.0000,5000000.00,0,,2026-07-25T09:20:41.717Z,,,,false
8e9b6dcb-e4fd-4890-a07f-9dc3149c3479,f21586c9-9d95-4626-bb01-34577990225c,c383dd94-afcf-4959-9418-743efb8f95e8,,,,10.0000,5000000.00,0,,2026-07-25T09:20:48.833Z,,,,false
2c9cd362-0776-40b3-b979-2d6e6fbe6ce5,2412a724-2734-4773-9123-002e297c78f0,c383dd94-afcf-4959-9418-743efb8f95e8,,,,10.0000,5000000.00,0,,2026-07-25T09:20:52.657Z,,,,false
bb09c8e0-7a43-4002-bc33-21597304d369,2412a724-2734-4773-9123-002e297c78f0,c383dd94-afcf-4959-9418-743efb8f95e8,,,,5.0000,1000.00,0,,2026-07-25T09:20:55.902Z,,,,false
6313a2ef-5740-4ce1-8f3a-9be9bf0ffd26,dc2562d5-e986-435a-9e8b-774e44136bd1,c383dd94-afcf-4959-9418-743efb8f95e8,,,,1.0000,1000000.00,0,,2026-07-25T09:22:10.200Z,,,,false
87837958-644e-49e4-bd45-54811ac4566d,dc2562d5-e986-435a-9e8b-774e44136bd1,c383dd94-afcf-4959-9418-743efb8f95e8,,,,1.0000,2500000.00,0,,2026-07-25T09:22:10.237Z,,,,false
82609a61-edff-4390-99d7-758ad5580c02,dc2562d5-e986-435a-9e8b-774e44136bd1,c383dd94-afcf-4959-9418-743efb8f95e8,,,,1.0000,500000.00,0,,2026-07-25T09:22:10.261Z,,,,false
99c15e2e-7df6-4c50-a99f-5f3281da10ed,e6ba5e90-eaef-4c42-ba42-e3d73cedc1a7,c383dd94-afcf-4959-9418-743efb8f95e8,,,,7.0000,9999999.00,0,,2026-07-25T09:22:22.616Z,,,,false
2e2a705e-6a9d-4908-85f0-15588f58db8c,3035f0b2-5bfd-44e1-ac46-e0c5cfa0c2e0,c383dd94-afcf-4959-9418-743efb8f95e8,,,,10.0000,5000000.00,0,,2026-07-25T09:22:22.882Z,,,,false
cf8d9633-d66a-41b3-89be-5e01e36fafde,c509acba-3ef9-4b40-8b94-43e675650681,c383dd94-afcf-4959-9418-743efb8f95e8,,,,10.0000,5000000.00,0,,2026-07-25T09:22:23.372Z,,,,false
9fc63848-1605-4b18-a402-65af719edaa2,5f11fb9f-3c3d-4417-8310-77a3f3b50266,c383dd94-afcf-4959-9418-743efb8f95e8,,,,10.0000,5000000.00,0,,2026-07-25T09:22:24.218Z,,,,false
3285d213-6d81-4f9b-8493-9bdb68f06e52,58121f7d-162e-48ae-8ba7-43d11ba7727d,c383dd94-afcf-4959-9418-743efb8f95e8,,,,10.0000,5000000.00,0,,2026-07-25T09:22:24.600Z,,,,false
94cd61f7-8e4e-420c-8aaa-32a8aabcce5b,39f8efba-9ae5-4aa6-a648-f33f12ae3ddf,c383dd94-afcf-4959-9418-743efb8f95e8,,,,10.0000,5000000.00,0,,2026-07-25T09:22:24.848Z,,,,false
1774c4d8-8a2b-4e60-befb-c0299f5c3557,0938ed08-eb57-4851-acd1-b0f28b15dffb,c383dd94-afcf-4959-9418-743efb8f95e8,,,,10.0000,5000000.00,0,,2026-07-25T09:22:25.943Z,,,,false
cf995d15-b920-4ca8-9736-c04965e511e6,68f1602b-b49d-4241-b734-3f9d5dcf2106,c383dd94-afcf-4959-9418-743efb8f95e8,,,,10.0000,5000000.00,0,,2026-07-25T09:22:26.560Z,,,,false
68fab3a5-bddf-47eb-8f65-e0f50db2f7d5,68f1602b-b49d-4241-b734-3f9d5dcf2106,c383dd94-afcf-4959-9418-743efb8f95e8,,,,5.0000,1000.00,0,,2026-07-25T09:22:27.050Z,,,,false
9f5e0a68-74d7-44ec-88ab-ba93a2669668,22f06e92-7c5e-4012-a954-a59604005263,c383dd94-afcf-4959-9418-743efb8f95e8,,,,1.0000,1000000.00,0,,2026-07-25T09:25:09.205Z,,,,false
47c528b4-66b8-4761-8e34-8d5acbb73f59,22f06e92-7c5e-4012-a954-a59604005263,c383dd94-afcf-4959-9418-743efb8f95e8,,,,1.0000,2500000.00,0,,2026-07-25T09:25:09.434Z,,,,false
09794d5c-a1e7-433b-9c9f-c49eaa6df504,22f06e92-7c5e-4012-a954-a59604005263,c383dd94-afcf-4959-9418-743efb8f95e8,,,,1.0000,500000.00,0,,2026-07-25T09:25:09.647Z,,,,false
b3b828be-4d10-41db-97e3-e500a5b5efd8,130cc6c9-15c0-4afd-a98c-bebd1e81866d,c383dd94-afcf-4959-9418-743efb8f95e8,,,,7.0000,9999999.00,0,,2026-07-25T09:25:13.049Z,,,,false
f2bab5dd-b40b-4f8c-a425-c95b5ef397e9,d9a955a1-dc7b-4e80-b9da-0d1161da5a7d,c383dd94-afcf-4959-9418-743efb8f95e8,,,,10.0000,5000000.00,0,,2026-07-25T09:25:14.840Z,,,,false
b20e9eee-4027-4156-a5b2-ecbfb38349c8,53e2dda4-115f-4b63-8646-cd54738519c9,c383dd94-afcf-4959-9418-743efb8f95e8,,,,10.0000,5000000.00,0,,2026-07-25T09:25:18.646Z,,,,false
39a88dff-73bf-4c3e-8a11-62e847a0bc5a,5d5e6592-2ee4-41ac-bfba-128e9374a8db,c383dd94-afcf-4959-9418-743efb8f95e8,,,,10.0000,5000000.00,0,,2026-07-25T09:25:23.040Z,,,,false
963e9bb1-9b14-40b5-953b-739f8237ee28,2217942d-1194-419d-869b-c8c6c7d6fede,c383dd94-afcf-4959-9418-743efb8f95e8,,,,10.0000,5000000.00,0,,2026-07-25T09:25:25.504Z,,,,false
e7cb104d-6fad-4c93-899d-75884ceb1219,331206d1-d45c-4bd3-84f8-36168701db54,c383dd94-afcf-4959-9418-743efb8f95e8,,,,10.0000,5000000.00,0,,2026-07-25T09:25:27.102Z,,,,false
966921c7-a1d8-4630-acae-40501125f096,e812bf68-4e76-4608-9145-36be74b2db50,c383dd94-afcf-4959-9418-743efb8f95e8,,,,10.0000,5000000.00,0,,2026-07-25T09:25:34.601Z,,,,false
3141c5a1-3e52-4816-8b9e-52a7917631fc,46ac945b-e12a-43ca-8861-8a73f33e45e3,c383dd94-afcf-4959-9418-743efb8f95e8,,,,10.0000,5000000.00,0,,2026-07-25T09:25:37.943Z,,,,false
7eaa0b67-7e31-40cc-903e-85f64f365cea,46ac945b-e12a-43ca-8861-8a73f33e45e3,c383dd94-afcf-4959-9418-743efb8f95e8,,,,5.0000,1000.00,0,,2026-07-25T09:25:41.112Z,,,,false
070c5e05-3977-4d0d-b5ea-5ef6c39f3ca5,33abc721-492f-437a-a05c-e525fd8687bb,c383dd94-afcf-4959-9418-743efb8f95e8,,,,1.0000,1000000.00,0,,2026-07-25T09:33:31.818Z,,,,false
3109930b-9ccd-4d15-893f-f7bbcdb67d2b,33abc721-492f-437a-a05c-e525fd8687bb,c383dd94-afcf-4959-9418-743efb8f95e8,,,,1.0000,2500000.00,0,,2026-07-25T09:33:32.025Z,,,,false
3b615903-ca66-47f5-b2d7-4ea29a31776f,33abc721-492f-437a-a05c-e525fd8687bb,c383dd94-afcf-4959-9418-743efb8f95e8,,,,1.0000,500000.00,0,,2026-07-25T09:33:32.224Z,,,,false
3edd4ab6-1ee9-4158-8d92-b4a20ac75af5,b56df671-6324-41e8-902a-ab5677edf9bf,c383dd94-afcf-4959-9418-743efb8f95e8,,,,7.0000,9999999.00,0,,2026-07-25T09:33:35.500Z,,,,false
c73cfed9-9730-4683-a38d-7835ed35c527,ed5926da-d372-4cb8-966b-e0fde366ed5e,c383dd94-afcf-4959-9418-743efb8f95e8,,,,10.0000,5000000.00,0,,2026-07-25T09:33:37.254Z,,,,false
9876f149-76e6-4f15-9c76-d1b3504e4133,f15abda6-190a-4a65-b920-28d53940e12a,c383dd94-afcf-4959-9418-743efb8f95e8,,,,10.0000,5000000.00,0,,2026-07-25T09:33:40.588Z,,,,false
9c90eafc-c0e4-463b-b5bd-f2348796f4f4,663f70d9-1dd6-42d1-aa3f-f1516e5b2c2c,c383dd94-afcf-4959-9418-743efb8f95e8,,,,10.0000,5000000.00,0,,2026-07-25T09:33:45.168Z,,,,false
3a0bd421-bd82-4ffe-88d3-85eff449557a,bfc3063b-4ab0-4bbd-be00-51e0b0d3cd95,c383dd94-afcf-4959-9418-743efb8f95e8,,,,10.0000,5000000.00,0,,2026-07-25T09:33:48.047Z,,,,false
4aa514c6-8d01-42d0-9289-48a267e7b6f1,509433fc-8aec-4793-b68f-4346f8633a0c,c383dd94-afcf-4959-9418-743efb8f95e8,,,,10.0000,5000000.00,0,,2026-07-25T09:33:49.753Z,,,,false
5982985e-5af3-4a5a-a3d6-90c7338e6270,1b6ae114-870b-4a31-a91b-61d7a19f09bc,c383dd94-afcf-4959-9418-743efb8f95e8,,,,10.0000,5000000.00,0,,2026-07-25T09:33:56.943Z,,,,false
2545dcfd-df86-4632-a5ce-a4e3c4c6cd6c,fa394f44-6e8b-49d8-964d-726fda111765,c383dd94-afcf-4959-9418-743efb8f95e8,,,,10.0000,5000000.00,0,,2026-07-25T09:34:00.820Z,,,,false
82ecc488-057d-4734-9fb7-9a1a336fa4b7,fa394f44-6e8b-49d8-964d-726fda111765,c383dd94-afcf-4959-9418-743efb8f95e8,,,,5.0000,1000.00,0,,2026-07-25T09:34:04.133Z,,,,false
23a1e3cd-d1c8-483c-8d6c-348384dabb5e,812b5b26-70a7-43a1-a507-668539405627,c383dd94-afcf-4959-9418-743efb8f95e8,,,,1.0000,1000000.00,0,,2026-07-25T09:36:48.644Z,,,,false
7e5a40ea-f5f3-433a-bbf9-dda7f7987cd3,812b5b26-70a7-43a1-a507-668539405627,c383dd94-afcf-4959-9418-743efb8f95e8,,,,1.0000,2500000.00,0,,2026-07-25T09:36:48.675Z,,,,false
d9d66696-6961-4704-9469-67abbf830020,812b5b26-70a7-43a1-a507-668539405627,c383dd94-afcf-4959-9418-743efb8f95e8,,,,1.0000,500000.00,0,,2026-07-25T09:36:48.697Z,,,,false
94b676eb-934f-48d2-91fc-b7b1c6d4e86d,e0dbc249-fdcc-49ff-a59d-76089d7cac6d,c383dd94-afcf-4959-9418-743efb8f95e8,,,,7.0000,9999999.00,0,,2026-07-25T09:36:49.766Z,,,,false
3a5eb6f7-d7c8-4e65-ae12-07e9bb0aa0fe,e45e0b02-947d-46b0-bedf-9a725301b1e6,c383dd94-afcf-4959-9418-743efb8f95e8,,,,10.0000,5000000.00,0,,2026-07-25T09:36:50.085Z,,,,false
9e7ae410-3ff0-41b5-875b-522c10b49e99,421e33dc-9974-4cf6-b66f-34fd9a374ce7,c383dd94-afcf-4959-9418-743efb8f95e8,,,,10.0000,5000000.00,0,,2026-07-25T09:36:50.635Z,,,,false
77ffa987-ea01-4f20-b1b2-ec10f77e2700,770aa4ac-8f78-4bae-8713-a4fa55223404,c383dd94-afcf-4959-9418-743efb8f95e8,,,,10.0000,5000000.00,0,,2026-07-25T09:36:51.649Z,,,,false
d9e7d432-f86d-496d-808d-1df1a6540f5b,9d29674c-2f86-4bd4-9beb-8d3aec0662ae,c383dd94-afcf-4959-9418-743efb8f95e8,,,,10.0000,5000000.00,0,,2026-07-25T09:36:52.093Z,,,,false
58401fb9-1ded-4356-8ac5-307607b6a842,83c05cc0-816a-4503-8c1f-f8a9d38b2994,c383dd94-afcf-4959-9418-743efb8f95e8,,,,10.0000,5000000.00,0,,2026-07-25T09:36:52.345Z,,,,false
6531337e-5df6-40e7-8e8e-f64dba96ef44,62951665-1be5-4c48-a47b-520ed29ad4eb,c383dd94-afcf-4959-9418-743efb8f95e8,,,,10.0000,5000000.00,0,,2026-07-25T09:36:53.341Z,,,,false
ec13721c-807b-4d3f-887a-14afa9742e43,51a73f5c-43b2-4997-b811-119184a2eada,c383dd94-afcf-4959-9418-743efb8f95e8,,,,10.0000,5000000.00,0,,2026-07-25T09:36:53.935Z,,,,false
1680e7b9-e198-495f-814a-22110714a7ea,51a73f5c-43b2-4997-b811-119184a2eada,c383dd94-afcf-4959-9418-743efb8f95e8,,,,5.0000,1000.00,0,,2026-07-25T09:36:54.412Z,,,,false
dbe359b4-840c-4f30-82ec-a5d9322a68f1,d9c828f3-70f9-4fbd-89f6-58703b0f3358,c383dd94-afcf-4959-9418-743efb8f95e8,,,,1.0000,1000000.00,0,,2026-07-25T09:39:46.353Z,,,,false
310d95a6-a318-47ac-85a9-840b50bfb5d4,d9c828f3-70f9-4fbd-89f6-58703b0f3358,c383dd94-afcf-4959-9418-743efb8f95e8,,,,1.0000,2500000.00,0,,2026-07-25T09:39:46.585Z,,,,false
80ee825e-0407-41da-ac06-eb83ddee09c1,d9c828f3-70f9-4fbd-89f6-58703b0f3358,c383dd94-afcf-4959-9418-743efb8f95e8,,,,1.0000,500000.00,0,,2026-07-25T09:39:46.809Z,,,,false
b55f816a-3f10-4151-a3d4-a1e36a3f5608,91ac4fca-33d5-42ac-85b4-3809667c0eed,c383dd94-afcf-4959-9418-743efb8f95e8,,,,7.0000,9999999.00,0,,2026-07-25T09:39:52.161Z,,,,false
4831ae04-dae8-43d0-9f25-b198ef8ad890,adefb7a0-17a9-4e69-ba28-36672ded9124,c383dd94-afcf-4959-9418-743efb8f95e8,,,,10.0000,5000000.00,0,,2026-07-25T09:39:54.896Z,,,,false
c9f0bdf1-099d-49d1-88f0-74b9a04832ba,9ab7dd66-f6ea-417e-b822-06d2cabe4ad9,c383dd94-afcf-4959-9418-743efb8f95e8,,,,10.0000,5000000.00,0,,2026-07-25T09:39:58.567Z,,,,false
312594d9-3a0d-43c0-81c8-5ea2cd4ea930,ecb06ead-fb16-4692-8406-8f23882367b2,c383dd94-afcf-4959-9418-743efb8f95e8,,,,10.0000,5000000.00,0,,2026-07-25T09:40:06.268Z,,,,false
c1639799-1e21-4baf-8f44-8093f27637b2,d60409a8-89ca-4f79-bb3d-bdbed4e026c7,c383dd94-afcf-4959-9418-743efb8f95e8,,,,10.0000,5000000.00,0,,2026-07-25T09:40:09.347Z,,,,false
54ff834a-cdef-4c82-8cd7-7b5da4ef119b,f43e6a2c-8848-46c2-ac0f-82914b8d686a,c383dd94-afcf-4959-9418-743efb8f95e8,,,,10.0000,5000000.00,0,,2026-07-25T09:40:12.752Z,,,,false
2df708e5-64d6-43db-aa5c-de5d22a0a523,de119d75-82c4-4528-bb6f-7d0dbd37ed4f,c383dd94-afcf-4959-9418-743efb8f95e8,,,,10.0000,5000000.00,0,,2026-07-25T09:40:23.635Z,,,,false
13c8d7fc-f940-4226-bcd8-9ba5c07d93ad,ee2dc651-9c04-479c-b5c5-e25472cf3c55,c383dd94-afcf-4959-9418-743efb8f95e8,,,,10.0000,5000000.00,0,,2026-07-25T09:40:27.646Z,,,,false
ac4d8cc5-f860-4f0e-b1c1-f671f35e1ca4,ee2dc651-9c04-479c-b5c5-e25472cf3c55,c383dd94-afcf-4959-9418-743efb8f95e8,,,,5.0000,1000.00,0,,2026-07-25T09:40:31.483Z,,,,false
e6525c0b-be65-496c-9ecc-f098ec07b863,eb400655-dde7-4021-8ed3-c5b53fe5fede,c383dd94-afcf-4959-9418-743efb8f95e8,,,,1.0000,1000000.00,0,,2026-07-25T09:49:19.694Z,,,,false
234cbce7-5f68-4da5-9fb6-a8261aa72983,eb400655-dde7-4021-8ed3-c5b53fe5fede,c383dd94-afcf-4959-9418-743efb8f95e8,,,,1.0000,2500000.00,0,,2026-07-25T09:49:19.905Z,,,,false
37e10edd-76a9-4c8a-bdb0-ac59edaf0165,eb400655-dde7-4021-8ed3-c5b53fe5fede,c383dd94-afcf-4959-9418-743efb8f95e8,,,,1.0000,500000.00,0,,2026-07-25T09:49:20.104Z,,,,false
bad98d56-6dcf-4b81-884a-9d4ac8e02285,29f076de-f285-46c2-8e2e-060fad110e2a,c383dd94-afcf-4959-9418-743efb8f95e8,,,,7.0000,9999999.00,0,,2026-07-25T09:49:23.228Z,,,,false
9998c4f9-4e04-4eed-9516-3d76e1d7939b,45fc96af-b00b-45de-a074-86b96ed29cef,c383dd94-afcf-4959-9418-743efb8f95e8,,,,10.0000,5000000.00,0,,2026-07-25T09:49:24.963Z,,,,false
ea3780dc-2f59-4449-afb2-361af3cad8db,4c8142d5-8fff-43db-98fb-30c92d50b4b8,c383dd94-afcf-4959-9418-743efb8f95e8,,,,10.0000,5000000.00,0,,2026-07-25T09:49:28.349Z,,,,false
00aaa020-2338-4f6a-969d-2e36faf227d1,98a28388-c706-4e50-aa54-33a3a02f810f,c383dd94-afcf-4959-9418-743efb8f95e8,,,,10.0000,5000000.00,0,,2026-07-25T09:49:32.993Z,,,,false
2ea92657-fdf0-4591-b964-79010d0dfb9f,a36645d0-4de6-438f-b1b6-f09c43688f50,c383dd94-afcf-4959-9418-743efb8f95e8,,,,10.0000,5000000.00,0,,2026-07-25T09:49:35.848Z,,,,false
674b2503-beaf-4a93-9848-fe98ae03b86d,a36ddf15-31dc-4b27-915d-12d7c16f6298,c383dd94-afcf-4959-9418-743efb8f95e8,,,,10.0000,5000000.00,0,,2026-07-25T09:49:37.595Z,,,,false
d76b6182-75bb-46f4-86a0-b0472e9059de,8c3aebaf-7fd7-4293-8834-b1f251e59759,c383dd94-afcf-4959-9418-743efb8f95e8,,,,10.0000,5000000.00,0,,2026-07-25T09:49:44.800Z,,,,false
07be9a2b-7222-4148-9631-d1889286e0b7,abcd7ec2-1736-4cb3-9518-5989cfae6c65,c383dd94-afcf-4959-9418-743efb8f95e8,,,,10.0000,5000000.00,0,,2026-07-25T09:49:48.677Z,,,,false
54f93182-2c95-4664-bcfe-31a4e3809c5e,abcd7ec2-1736-4cb3-9518-5989cfae6c65,c383dd94-afcf-4959-9418-743efb8f95e8,,,,5.0000,1000.00,0,,2026-07-25T09:49:52.024Z,,,,false
66e97ee9-e56a-4b96-ba47-4b9d702dd39b,e2ce5fc6-ecba-443f-a158-f6f151a9c8c1,c383dd94-afcf-4959-9418-743efb8f95e8,,,,1.0000,1000000.00,0,,2026-07-25T10:11:40.430Z,,,,false
bebb2a15-be35-448b-9959-461ab771d782,e2ce5fc6-ecba-443f-a158-f6f151a9c8c1,c383dd94-afcf-4959-9418-743efb8f95e8,,,,1.0000,2500000.00,0,,2026-07-25T10:11:40.461Z,,,,false
a46d604d-db8b-4579-acd3-7fa8ef55d7e1,e2ce5fc6-ecba-443f-a158-f6f151a9c8c1,c383dd94-afcf-4959-9418-743efb8f95e8,,,,1.0000,500000.00,0,,2026-07-25T10:11:40.484Z,,,,false
f4d3ef9b-0d18-4bb9-af62-fad1f5f7744d,61a8eece-8ba6-4f69-80a2-08a154d60422,c383dd94-afcf-4959-9418-743efb8f95e8,,,,7.0000,9999999.00,0,,2026-07-25T10:11:40.994Z,,,,false
cf46bb06-eb9c-4fb4-ad3d-46871d8e36df,e3ec17fe-c7ba-455c-9f36-dabfb38701d4,c383dd94-afcf-4959-9418-743efb8f95e8,,,,10.0000,5000000.00,0,,2026-07-25T10:11:41.272Z,,,,false
a6a15675-baa2-4f5a-a1c3-1c9534da62a9,d3a3c1cd-2ff4-4c5f-bb2b-ab1eacf0c04e,c383dd94-afcf-4959-9418-743efb8f95e8,,,,10.0000,5000000.00,0,,2026-07-25T10:11:41.827Z,,,,false
ae65fe61-2a59-406e-9490-75bb6af1ed83,25dbd5c7-2a6c-47c6-b666-f6b4c585875c,c383dd94-afcf-4959-9418-743efb8f95e8,,,,10.0000,5000000.00,0,,2026-07-25T10:11:42.684Z,,,,false
98d7b78b-a30a-472b-b740-0925525398c4,4ac1b5cd-f6d2-43de-b359-c9d81eec655e,c383dd94-afcf-4959-9418-743efb8f95e8,,,,10.0000,5000000.00,0,,2026-07-25T10:11:43.062Z,,,,false
5c12b6e5-79cb-4f75-9a9d-f23dfb802c98,eb3637e8-ee6d-4cd2-9af6-36f696478357,c383dd94-afcf-4959-9418-743efb8f95e8,,,,10.0000,5000000.00,0,,2026-07-25T10:11:43.319Z,,,,false
c5577e04-fd91-4bfb-a6a1-0480bcdde1f5,3cc221f7-c3eb-44a2-94fa-14089fc59a10,c383dd94-afcf-4959-9418-743efb8f95e8,,,,10.0000,5000000.00,0,,2026-07-25T10:11:44.303Z,,,,false
cc58fb4e-d40b-431f-8f9c-b1b7836c1331,b7b094b9-6091-45ea-82f1-5d60e470be46,c383dd94-afcf-4959-9418-743efb8f95e8,,,,10.0000,5000000.00,0,,2026-07-25T10:11:44.849Z,,,,false
1c505247-92c8-4a06-8884-09dd4791dd7a,b7b094b9-6091-45ea-82f1-5d60e470be46,c383dd94-afcf-4959-9418-743efb8f95e8,,,,5.0000,1000.00,0,,2026-07-25T10:11:45.336Z,,,,false
a428ba4b-490c-4d11-bd60-1f29989ba900,379dbb37-5ecf-4842-b796-18c7d2fb698f,c383dd94-afcf-4959-9418-743efb8f95e8,,,,1.0000,1000000.00,0,,2026-07-25T10:14:40.967Z,,,,false
077e30a4-f021-4f62-9517-ae4f380516c7,379dbb37-5ecf-4842-b796-18c7d2fb698f,c383dd94-afcf-4959-9418-743efb8f95e8,,,,1.0000,2500000.00,0,,2026-07-25T10:14:41.231Z,,,,false
d0c8f388-574e-46d4-aafe-d675b56c222a,379dbb37-5ecf-4842-b796-18c7d2fb698f,c383dd94-afcf-4959-9418-743efb8f95e8,,,,1.0000,500000.00,0,,2026-07-25T10:14:41.456Z,,,,false
7c226faf-d44a-4dcd-8e3c-7f7a1b126e67,a565a6f2-4a8d-4aeb-b939-57393c943815,c383dd94-afcf-4959-9418-743efb8f95e8,,,,7.0000,9999999.00,0,,2026-07-25T10:14:46.634Z,,,,false
df3cab08-8a28-48ef-b55d-305b2754a26a,2b914d6c-5fe0-4610-b6ab-f7a9781465f7,c383dd94-afcf-4959-9418-743efb8f95e8,,,,10.0000,5000000.00,0,,2026-07-25T10:14:48.751Z,,,,false
1839520f-269a-4c9e-a667-15ff57427e53,10280150-4bae-415f-acbf-8fa700df6b1e,c383dd94-afcf-4959-9418-743efb8f95e8,,,,10.0000,5000000.00,0,,2026-07-25T10:14:54.290Z,,,,false
a32f3331-5be0-43df-8f6c-e9d17d6aa2ac,5c450227-a72f-4f9d-80fb-8539fb35c2b2,c383dd94-afcf-4959-9418-743efb8f95e8,,,,10.0000,5000000.00,0,,2026-07-25T10:15:01.583Z,,,,false
ec605e85-07cd-4fe3-8e15-b95babeec11a,cb75b337-94a7-4998-8202-1a75506c7565,c383dd94-afcf-4959-9418-743efb8f95e8,,,,10.0000,5000000.00,0,,2026-07-25T10:15:06.628Z,,,,false
de7183d8-1fca-417e-9b3a-e01d814eb3f0,276da9ea-9426-4df2-8190-0510e2df854f,c383dd94-afcf-4959-9418-743efb8f95e8,,,,10.0000,5000000.00,0,,2026-07-25T10:15:08.464Z,,,,false
b0285d32-a46f-46b3-90c5-0aa143e56399,8bfadbb2-c281-413c-9514-afa539802152,c383dd94-afcf-4959-9418-743efb8f95e8,,,,10.0000,5000000.00,0,,2026-07-25T10:15:21.211Z,,,,false
eada093b-54ce-4c8d-b655-ae1cd534844f,e2d8b5ed-6203-45f2-8471-6e8a756e75dd,c383dd94-afcf-4959-9418-743efb8f95e8,,,,10.0000,5000000.00,0,,2026-07-25T10:15:26.787Z,,,,false
956cd5bf-dffe-451a-8ac4-4968c2e8ebc7,e2d8b5ed-6203-45f2-8471-6e8a756e75dd,c383dd94-afcf-4959-9418-743efb8f95e8,,,,5.0000,1000.00,0,,2026-07-25T10:15:31.697Z,,,,false
ac5ffea8-9a8e-4281-92a6-a931c5132542,160a4e49-f667-4854-a9ca-84e0799a7088,c383dd94-afcf-4959-9418-743efb8f95e8,,,,1.0000,1000000.00,0,,2026-07-25T10:24:42.195Z,,,,false
3829d19a-91c9-4866-8ee3-2835fabb8dfe,160a4e49-f667-4854-a9ca-84e0799a7088,c383dd94-afcf-4959-9418-743efb8f95e8,,,,1.0000,2500000.00,0,,2026-07-25T10:24:42.434Z,,,,false
2a2e32ba-84bf-4173-a51d-c1f31a11b24a,160a4e49-f667-4854-a9ca-84e0799a7088,c383dd94-afcf-4959-9418-743efb8f95e8,,,,1.0000,500000.00,0,,2026-07-25T10:24:42.661Z,,,,false
2d748b6c-ec1b-4af4-9d5c-561796a1ccb0,b7e7543a-f833-40b0-94d7-2dfd447225bf,c383dd94-afcf-4959-9418-743efb8f95e8,,,,7.0000,9999999.00,0,,2026-07-25T10:24:48.270Z,,,,false
e3f088c7-7cab-437f-abaa-45397d102fac,bbf2c0c6-2592-47c6-8813-e727f284a7ac,c383dd94-afcf-4959-9418-743efb8f95e8,,,,10.0000,5000000.00,0,,2026-07-25T10:24:49.946Z,,,,false
62965f84-3e8d-4bec-86d9-cedf2fc12314,22183bb6-9576-41f2-a6d4-cd84f8d02317,c383dd94-afcf-4959-9418-743efb8f95e8,,,,10.0000,5000000.00,0,,2026-07-25T10:24:53.418Z,,,,false
8e9f1c48-338b-498d-b315-9788fc5bd0b8,2838c321-cdbd-4bd5-8922-a6e2af106d26,c383dd94-afcf-4959-9418-743efb8f95e8,,,,10.0000,5000000.00,0,,2026-07-25T10:25:00.281Z,,,,false
337ae483-c48e-4f93-98ab-6b2380d89429,ec45e2d9-cd4a-489e-8fd7-c692f613f0c0,c383dd94-afcf-4959-9418-743efb8f95e8,,,,10.0000,5000000.00,0,,2026-07-25T10:25:03.945Z,,,,false
89823526-0b83-4e29-98fb-9e266b2840c6,6eb95b8b-59ce-4074-9987-ca18336aea81,c383dd94-afcf-4959-9418-743efb8f95e8,,,,10.0000,5000000.00,0,,2026-07-25T10:25:06.360Z,,,,false
1aa590db-a324-4b5b-99ae-47a09bd217bd,edadf039-0ad6-4ad3-b27d-f8b48ed31d56,c383dd94-afcf-4959-9418-743efb8f95e8,,,,10.0000,5000000.00,0,,2026-07-25T10:25:14.173Z,,,,false
5248044a-dee7-4520-b5dd-09f5e6c6a2ba,2bedd274-152f-487f-851b-1d6537c946ad,c383dd94-afcf-4959-9418-743efb8f95e8,,,,10.0000,5000000.00,0,,2026-07-25T10:25:18.119Z,,,,false
e06ab4b2-8697-4fda-92a9-56a37ee7cc40,2bedd274-152f-487f-851b-1d6537c946ad,c383dd94-afcf-4959-9418-743efb8f95e8,,,,5.0000,1000.00,0,,2026-07-25T10:25:22.415Z,,,,false
ce96733e-3cbf-4150-9358-a4f78811d68e,0487ad87-9aed-44e6-b557-cd0159214bfd,c383dd94-afcf-4959-9418-743efb8f95e8,,,,1.0000,1000000.00,0,,2026-07-25T13:28:39.643Z,,,,false
b8b0b84f-8885-481d-a2c8-949196fc7c99,0487ad87-9aed-44e6-b557-cd0159214bfd,c383dd94-afcf-4959-9418-743efb8f95e8,,,,1.0000,2500000.00,0,,2026-07-25T13:28:39.693Z,,,,false
d1ec87e0-f4d5-4842-a817-7cb9bc6ece9e,0487ad87-9aed-44e6-b557-cd0159214bfd,c383dd94-afcf-4959-9418-743efb8f95e8,,,,1.0000,500000.00,0,,2026-07-25T13:28:39.716Z,,,,false
e5625980-3af6-464c-89cd-026e6a8c80fb,7e8b2332-8e92-4785-986e-151f21795924,c383dd94-afcf-4959-9418-743efb8f95e8,,,,7.0000,9999999.00,0,,2026-07-25T13:28:41.528Z,,,,false
ca7787f9-cd9b-44f6-84a8-8476765fade7,c39a34d5-5b6d-4424-9836-3b7698541f67,c383dd94-afcf-4959-9418-743efb8f95e8,,,,10.0000,5000000.00,0,,2026-07-25T13:28:41.827Z,,,,false
760ff55f-81ed-4a55-98d9-6ab96beec09c,a062055d-9158-41a6-9ef6-d251a19396ea,c383dd94-afcf-4959-9418-743efb8f95e8,,,,10.0000,5000000.00,0,,2026-07-25T13:28:42.928Z,,,,false
9f27618b-97ed-49ed-b5a8-d7f49976a73e,c29cf49d-992e-4df5-804b-910a3841bb2f,c383dd94-afcf-4959-9418-743efb8f95e8,,,,10.0000,5000000.00,0,,2026-07-25T13:28:43.859Z,,,,false
61f3b892-54d6-40f6-ac99-22ada56f24ad,c5eeeb2a-a12e-4023-b9df-21dc7eea4ad0,c383dd94-afcf-4959-9418-743efb8f95e8,,,,10.0000,5000000.00,0,,2026-07-25T13:28:44.282Z,,,,false
264ee035-a204-45b4-a307-5131bf84b32a,162ba03c-fdc6-44c4-bae7-8d007f1bcc29,c383dd94-afcf-4959-9418-743efb8f95e8,,,,10.0000,5000000.00,0,,2026-07-25T13:28:44.566Z,,,,false
1c811b31-bb22-4b07-81fb-8d3aa234f47c,25939cdb-9c1a-4863-af4c-444b06153aae,c383dd94-afcf-4959-9418-743efb8f95e8,,,,10.0000,5000000.00,0,,2026-07-25T13:28:45.794Z,,,,false
b4699af2-0f2b-4860-87b6-63e0b00c4e2a,67ee3202-2ea4-41c8-9e9b-d6888f80e558,c383dd94-afcf-4959-9418-743efb8f95e8,,,,10.0000,5000000.00,0,,2026-07-25T13:28:46.385Z,,,,false
fb2991ab-f81b-4c6b-9a0d-be7cdba7b253,67ee3202-2ea4-41c8-9e9b-d6888f80e558,c383dd94-afcf-4959-9418-743efb8f95e8,,,,5.0000,1000.00,0,,2026-07-25T13:28:46.915Z,,,,false
a869f349-f0ce-47bc-b82b-6bd6b2e161a9,968d7226-ce18-4373-98dc-8012a10d46bd,c383dd94-afcf-4959-9418-743efb8f95e8,,,,1.0000,1000000.00,0,,2026-07-25T13:38:32.969Z,,,,false
b3ee57ae-bd86-4d65-89d1-8d081fa03fb3,968d7226-ce18-4373-98dc-8012a10d46bd,c383dd94-afcf-4959-9418-743efb8f95e8,,,,1.0000,2500000.00,0,,2026-07-25T13:38:33.178Z,,,,false
71c66379-39b8-4778-b89c-e63acc868a91,968d7226-ce18-4373-98dc-8012a10d46bd,c383dd94-afcf-4959-9418-743efb8f95e8,,,,1.0000,500000.00,0,,2026-07-25T13:38:33.376Z,,,,false
21b52882-1f11-4b05-9833-4351fc89f321,a7580043-2cf6-4d01-a5c1-5fe04fd97eee,c383dd94-afcf-4959-9418-743efb8f95e8,,,,7.0000,9999999.00,0,,2026-07-25T13:38:38.477Z,,,,false
6cdef7e8-6f6e-4881-8674-92f0220f1457,18611824-1d9a-4ee4-b8ff-4118a2b17132,c383dd94-afcf-4959-9418-743efb8f95e8,,,,10.0000,5000000.00,0,,2026-07-25T13:38:40.084Z,,,,false
5d4906f5-1d4b-4470-b2b6-a65967d53ff4,dddcd472-12e7-419c-b6e9-29a2b7078b1f,c383dd94-afcf-4959-9418-743efb8f95e8,,,,10.0000,5000000.00,0,,2026-07-25T13:38:43.570Z,,,,false
2e33fb3c-e79a-46d8-8036-9b3e5be55426,78fda4d2-7678-4380-8b78-bf29626eface,c383dd94-afcf-4959-9418-743efb8f95e8,,,,10.0000,5000000.00,0,,2026-07-25T13:38:48.382Z,,,,false
3eb77268-b946-4723-90f0-36cf032249cf,94ec5565-cb09-4dc1-bf8b-0edae4e8cc83,c383dd94-afcf-4959-9418-743efb8f95e8,,,,10.0000,5000000.00,0,,2026-07-25T13:38:51.342Z,,,,false
223085ce-e214-4989-bac4-4e932a5d594b,0144d0f5-d65e-4a5e-8d2f-c87b44453c3a,c383dd94-afcf-4959-9418-743efb8f95e8,,,,10.0000,5000000.00,0,,2026-07-25T13:38:53.102Z,,,,false
7abf6057-8235-4713-8613-dda134e178ce,d243f51f-3a1b-42d4-a10d-4133808f0731,c383dd94-afcf-4959-9418-743efb8f95e8,,,,10.0000,5000000.00,0,,2026-07-25T13:39:00.342Z,,,,false
da267e84-3333-4bc3-b7f0-200b4c11472d,b9a53ff8-92ea-4470-b7cb-c25f998045a2,c383dd94-afcf-4959-9418-743efb8f95e8,,,,10.0000,5000000.00,0,,2026-07-25T13:39:04.192Z,,,,false
5ffa4d0a-c78f-4a7c-a517-e5c9822ae565,b9a53ff8-92ea-4470-b7cb-c25f998045a2,c383dd94-afcf-4959-9418-743efb8f95e8,,,,5.0000,1000.00,0,,2026-07-25T13:39:07.735Z,,,,false
9f35e4eb-f5d5-4c52-b13c-e4709759e490,b8be5372-05b5-4628-bbc9-9308f30db221,c383dd94-afcf-4959-9418-743efb8f95e8,,,,1.0000,1000000.00,0,,2026-07-25T13:53:42.608Z,,,,false
9502ae5f-8f0a-43d8-91a0-2940240cdef6,b8be5372-05b5-4628-bbc9-9308f30db221,c383dd94-afcf-4959-9418-743efb8f95e8,,,,1.0000,2500000.00,0,,2026-07-25T13:53:42.831Z,,,,false
a561fac1-0a23-496c-8607-a5909561d132,b8be5372-05b5-4628-bbc9-9308f30db221,c383dd94-afcf-4959-9418-743efb8f95e8,,,,1.0000,500000.00,0,,2026-07-25T13:53:43.043Z,,,,false
6eaf482c-a891-429c-a0c5-b53c583eeefb,557c3354-9852-484e-9930-5fecab5b9eee,c383dd94-afcf-4959-9418-743efb8f95e8,,,,7.0000,9999999.00,0,,2026-07-25T13:53:47.159Z,,,,false
1bf74f0b-6f90-4089-84d0-92b86c6f068c,229ba280-6790-414b-85b2-bafe39556947,c383dd94-afcf-4959-9418-743efb8f95e8,,,,10.0000,5000000.00,0,,2026-07-25T13:53:49.068Z,,,,false
d7a8770f-866c-4593-8d16-782060154328,d115ccb5-515f-4b42-af63-5333aed547eb,c383dd94-afcf-4959-9418-743efb8f95e8,,,,10.0000,5000000.00,0,,2026-07-25T13:53:52.175Z,,,,false
2ea213e1-5bcd-478a-be9b-acde6645d32b,e45a66ca-34c9-4c0d-b85f-1dd0793116ac,c383dd94-afcf-4959-9418-743efb8f95e8,,,,10.0000,5000000.00,0,,2026-07-25T13:53:57.289Z,,,,false
bf1a5a6e-e0c1-4560-9a84-7de2461631f0,314a7d7c-6508-479c-b11a-801eb4caf39c,c383dd94-afcf-4959-9418-743efb8f95e8,,,,10.0000,5000000.00,0,,2026-07-25T13:53:59.957Z,,,,false
d7892f02-851a-4fac-8467-496d29e5fcc5,fa743c94-1ec2-44cf-8484-8bfeb7abe3a2,c383dd94-afcf-4959-9418-743efb8f95e8,,,,10.0000,5000000.00,0,,2026-07-25T13:54:01.546Z,,,,false
5ff717f9-cc5a-493e-8c8b-5eae55384fd1,17b1c45b-6e13-4058-b536-62edd3a118ca,c383dd94-afcf-4959-9418-743efb8f95e8,,,,10.0000,5000000.00,0,,2026-07-25T13:54:09.321Z,,,,false
808becc2-d6f5-4bdc-a8c3-91ae795b8389,c3c5bd19-9c17-4738-adce-3b20d8e5fae0,c383dd94-afcf-4959-9418-743efb8f95e8,,,,10.0000,5000000.00,0,,2026-07-25T13:54:12.909Z,,,,false
2634f027-1dc6-4fa7-9d54-48d3757f9067,c3c5bd19-9c17-4738-adce-3b20d8e5fae0,c383dd94-afcf-4959-9418-743efb8f95e8,,,,5.0000,1000.00,0,,2026-07-25T13:54:16.188Z,,,,false
406bb0a9-fcf7-43ae-9674-348faf3b58cf,a6efdc15-b7f5-4785-be40-d86e82d01f37,c383dd94-afcf-4959-9418-743efb8f95e8,,,,1.0000,1000000.00,0,,2026-07-25T14:06:49.797Z,,,,false
7bb2ab7e-16f1-4049-b698-48390870951c,a6efdc15-b7f5-4785-be40-d86e82d01f37,c383dd94-afcf-4959-9418-743efb8f95e8,,,,1.0000,2500000.00,0,,2026-07-25T14:06:50.035Z,,,,false
d94d8ff7-7cbb-4d7a-99a2-62b3599a9e05,a6efdc15-b7f5-4785-be40-d86e82d01f37,c383dd94-afcf-4959-9418-743efb8f95e8,,,,1.0000,500000.00,0,,2026-07-25T14:06:50.265Z,,,,false
4c25c8a2-50eb-4f95-ab1b-54675f2977d1,f982aaa4-00c4-4f84-b4fd-86c1d867ed3f,c383dd94-afcf-4959-9418-743efb8f95e8,,,,7.0000,9999999.00,0,,2026-07-25T14:06:57.331Z,,,,false
dc740430-b759-45ae-8e83-a25c63610341,832f3535-2bc5-4380-bc51-779dcb0c1d60,c383dd94-afcf-4959-9418-743efb8f95e8,,,,10.0000,5000000.00,0,,2026-07-25T14:06:59.081Z,,,,false
75b4f526-fdf4-4d6a-9a9c-493fa3cb2aa5,3e6f2b51-712d-49de-a2f8-e12360107dc7,c383dd94-afcf-4959-9418-743efb8f95e8,,,,10.0000,5000000.00,0,,2026-07-25T14:07:04.301Z,,,,false
edfa4beb-fcee-426a-ba9b-a0f3de4d1502,a6dc82d1-ba55-4cd0-a5b1-6d99c2f8a5f8,c383dd94-afcf-4959-9418-743efb8f95e8,,,,10.0000,5000000.00,0,,2026-07-25T14:07:11.237Z,,,,false
d5ddf6d7-4219-4ce3-9984-e17fa0680539,52c6a2eb-9f0f-48b0-adc2-cdf618bdb397,c383dd94-afcf-4959-9418-743efb8f95e8,,,,10.0000,5000000.00,0,,2026-07-25T14:07:15.346Z,,,,false
d313657f-d1bd-4a11-89cc-fdd7373324dc,5e6cbb89-b0d5-4db4-96ce-0c9c1dd27db3,c383dd94-afcf-4959-9418-743efb8f95e8,,,,10.0000,5000000.00,0,,2026-07-25T14:07:17.200Z,,,,false
a1ceeae3-17ce-423b-b0a7-623a88f0a19d,efc5228b-5e8d-485d-8df8-0dbdf2f1450c,c383dd94-afcf-4959-9418-743efb8f95e8,,,,10.0000,5000000.00,0,,2026-07-25T14:07:28.656Z,,,,false
13e33231-72c0-4318-9b86-30ba6820c96d,71e98f32-55d3-444c-84bf-5ffed4e15d0d,c383dd94-afcf-4959-9418-743efb8f95e8,,,,10.0000,5000000.00,0,,2026-07-25T14:07:32.812Z,,,,false
d6b7a5d9-92ec-4e8f-b79e-4d0b1b65f3f1,71e98f32-55d3-444c-84bf-5ffed4e15d0d,c383dd94-afcf-4959-9418-743efb8f95e8,,,,5.0000,1000.00,0,,2026-07-25T14:07:36.273Z,,,,false
d3ee4b1a-d96b-4b69-bcec-09643aebff51,09f1116a-0fc8-4832-ae68-9b38dfe5330b,c383dd94-afcf-4959-9418-743efb8f95e8,,,,1.0000,1000000.00,0,,2026-07-25T14:14:38.536Z,,,,false
cd71b282-0686-4932-97e3-363ddbc2ca8c,09f1116a-0fc8-4832-ae68-9b38dfe5330b,c383dd94-afcf-4959-9418-743efb8f95e8,,,,1.0000,2500000.00,0,,2026-07-25T14:14:38.740Z,,,,false
ebd3a24b-3835-4789-96d8-6efb9fe31cfd,09f1116a-0fc8-4832-ae68-9b38dfe5330b,c383dd94-afcf-4959-9418-743efb8f95e8,,,,1.0000,500000.00,0,,2026-07-25T14:14:38.940Z,,,,false
3b052ead-d7e0-4550-a192-e1ee42d3ac8b,53962e3e-e8f7-419a-96d5-ef29c2b1f673,c383dd94-afcf-4959-9418-743efb8f95e8,,,,7.0000,9999999.00,0,,2026-07-25T14:14:43.130Z,,,,false
bde8c9cb-6949-4021-9e36-e6d251b0e140,7ecbc104-9b3d-4032-9956-c980b774041f,c383dd94-afcf-4959-9418-743efb8f95e8,,,,10.0000,5000000.00,0,,2026-07-25T14:14:44.673Z,,,,false
e2c38422-ebe9-4ab2-b521-018fda8249a1,08b90427-31cc-403a-9ba2-6fa51b324cba,c383dd94-afcf-4959-9418-743efb8f95e8,,,,10.0000,5000000.00,0,,2026-07-25T14:14:47.995Z,,,,false
ddd3898e-a1f1-43b4-89a5-eafffead11ad,857cfd6e-db8f-4830-a112-f477441a6bb0,c383dd94-afcf-4959-9418-743efb8f95e8,,,,10.0000,5000000.00,0,,2026-07-25T14:14:52.719Z,,,,false
0dcc1bb6-7622-4413-9c0f-82f607728e99,5a0300f1-a017-4e51-a9c8-50d93a6f8407,c383dd94-afcf-4959-9418-743efb8f95e8,,,,10.0000,5000000.00,0,,2026-07-25T14:14:55.620Z,,,,false
b3d2bae4-582a-4a91-adb3-116ca70e80b0,5374c257-1ca0-4ee0-9f47-e2dc8af13274,c383dd94-afcf-4959-9418-743efb8f95e8,,,,10.0000,5000000.00,0,,2026-07-25T14:14:57.606Z,,,,false
0b512baa-b5d9-4182-a8a6-900c0140027f,6eb8bfa0-f304-407e-941f-b2c0d72588b7,c383dd94-afcf-4959-9418-743efb8f95e8,,,,10.0000,5000000.00,0,,2026-07-25T14:15:04.901Z,,,,false
b7b4fc7e-a2e6-498f-b9ea-71a4a58e0877,fc5d81e9-ead5-428f-a338-d9c828c43ba8,c383dd94-afcf-4959-9418-743efb8f95e8,,,,10.0000,5000000.00,0,,2026-07-25T14:15:08.832Z,,,,false
71b19402-d7f4-46d4-bbc7-2dd56ea97e12,fc5d81e9-ead5-428f-a338-d9c828c43ba8,c383dd94-afcf-4959-9418-743efb8f95e8,,,,5.0000,1000.00,0,,2026-07-25T14:15:12.187Z,,,,false
6fdc96ac-4a75-46ff-83fb-e22cc2d34fce,32ff6528-de8d-4af0-8f71-617333745788,c383dd94-afcf-4959-9418-743efb8f95e8,,,,1.0000,1000000.00,0,,2026-07-25T14:22:55.355Z,,,,false
6afda56b-1402-41b2-9224-c78008a0cba3,32ff6528-de8d-4af0-8f71-617333745788,c383dd94-afcf-4959-9418-743efb8f95e8,,,,1.0000,2500000.00,0,,2026-07-25T14:22:55.543Z,,,,false
dfd8258b-892e-4f89-889e-0ec66d6bb33e,32ff6528-de8d-4af0-8f71-617333745788,c383dd94-afcf-4959-9418-743efb8f95e8,,,,1.0000,500000.00,0,,2026-07-25T14:22:55.723Z,,,,false
8fef2c89-3c94-4d0a-80a8-3ab585b035b1,9dcd8b51-cb88-4022-8443-be693f4f75bb,c383dd94-afcf-4959-9418-743efb8f95e8,,,,7.0000,9999999.00,0,,2026-07-25T14:22:59.549Z,,,,false
7fbe72fe-3050-48e3-9eae-ed1067fe0d41,af24cd51-b345-4fc3-9b40-d6654fa32dde,c383dd94-afcf-4959-9418-743efb8f95e8,,,,10.0000,5000000.00,0,,2026-07-25T14:23:00.924Z,,,,false
fff842bf-1deb-4880-b719-9a783b888ea1,498d5ddd-fa53-4671-8ee9-5167fc4ec65f,c383dd94-afcf-4959-9418-743efb8f95e8,,,,10.0000,5000000.00,0,,2026-07-25T14:23:04.055Z,,,,false
3e3af5d0-1114-42ed-b535-41e0ea905934,315830d1-bbe2-446e-a10a-63b871c0ae8a,c383dd94-afcf-4959-9418-743efb8f95e8,,,,10.0000,5000000.00,0,,2026-07-25T14:23:09.127Z,,,,false
07e7b565-5108-4fa9-8cbb-e8356186bd0b,a698e6c5-8955-4a0f-b46c-c11497a661da,c383dd94-afcf-4959-9418-743efb8f95e8,,,,10.0000,5000000.00,0,,2026-07-25T14:23:11.815Z,,,,false
70a8d299-c009-4778-9f6a-4eb8e6dfe8f0,80051c2b-f3b2-4b67-a54a-3a3998ae6fe6,c383dd94-afcf-4959-9418-743efb8f95e8,,,,10.0000,5000000.00,0,,2026-07-25T14:23:13.277Z,,,,false
ec2d7436-b56b-4408-9a7f-2e0f83e5bd41,d1cd2cf4-1738-4287-a393-3b02e39ce6b4,c383dd94-afcf-4959-9418-743efb8f95e8,,,,10.0000,5000000.00,0,,2026-07-25T14:23:19.749Z,,,,false
9e3a625a-5400-42ea-a733-90bd626b81bc,0ee16a74-d231-4c51-a835-03c9ea4fb0a2,c383dd94-afcf-4959-9418-743efb8f95e8,,,,10.0000,5000000.00,0,,2026-07-25T14:23:23.039Z,,,,false
aa38f2ce-3115-49f2-9b13-ca9c95298a90,0ee16a74-d231-4c51-a835-03c9ea4fb0a2,c383dd94-afcf-4959-9418-743efb8f95e8,,,,5.0000,1000.00,0,,2026-07-25T14:23:26.127Z,,,,false
5387741d-4796-4eaa-995c-4e8e65fd920e,42aae88f-fe22-4f61-b3cf-a693f6eac0af,c383dd94-afcf-4959-9418-743efb8f95e8,,,,1.0000,1000000.00,0,,2026-07-25T14:59:14.355Z,,,,false
a2afb55f-9220-4b00-b55d-eaa2e45c8aa8,42aae88f-fe22-4f61-b3cf-a693f6eac0af,c383dd94-afcf-4959-9418-743efb8f95e8,,,,1.0000,2500000.00,0,,2026-07-25T14:59:14.628Z,,,,false
6dd20cc3-58f2-4b5b-80f5-a1975ece69fd,42aae88f-fe22-4f61-b3cf-a693f6eac0af,c383dd94-afcf-4959-9418-743efb8f95e8,,,,1.0000,500000.00,0,,2026-07-25T14:59:14.857Z,,,,false
9f3606da-18de-4ccf-8d8b-35869d0a05e7,416958aa-6cd8-489d-85f2-2d2bdf9ca46a,c383dd94-afcf-4959-9418-743efb8f95e8,,,,7.0000,9999999.00,0,,2026-07-25T14:59:21.784Z,,,,false
cfd3a245-a5a7-4928-b134-088ea4ae8e7a,63cf06d1-0f2c-4f53-bb86-0788cb83c6fc,c383dd94-afcf-4959-9418-743efb8f95e8,,,,10.0000,5000000.00,0,,2026-07-25T14:59:23.958Z,,,,false
a2de9b9b-8fdb-4144-a02d-cefa8e8665b0,d9b90bd1-ecdd-4a0c-a118-2e7f7eaeac3c,c383dd94-afcf-4959-9418-743efb8f95e8,,,,10.0000,5000000.00,0,,2026-07-25T14:59:31.344Z,,,,false
aa27a242-2979-4833-83c1-26fc77f15326,9c65be04-8c28-4dc3-b22f-cb3eb269b60f,c383dd94-afcf-4959-9418-743efb8f95e8,,,,10.0000,5000000.00,0,,2026-07-25T14:59:38.290Z,,,,false
4812cf94-1e03-451f-86a3-7d8cd91d1a65,ada67ca4-6042-402d-bd96-77a824f111af,c383dd94-afcf-4959-9418-743efb8f95e8,,,,10.0000,5000000.00,0,,2026-07-25T14:59:42.981Z,,,,false
428b5e06-24e8-459f-a9cd-1027ae419329,0360bfa8-6c98-4744-a36f-3aa9f8a53873,c383dd94-afcf-4959-9418-743efb8f95e8,,,,10.0000,5000000.00,0,,2026-07-25T14:59:45.978Z,,,,false
e08d74a8-8548-4a5a-9a95-dd66f1155e94,a321ebc2-3a7b-4b81-8080-2f9cd5f12d93,c383dd94-afcf-4959-9418-743efb8f95e8,,,,10.0000,5000000.00,0,,2026-07-25T14:59:56.776Z,,,,false
9228a75b-2b17-47fc-9622-a1076550178b,b2e98ebb-d5a2-42d6-b702-f8d7cc96eda3,c383dd94-afcf-4959-9418-743efb8f95e8,,,,10.0000,5000000.00,0,,2026-07-25T15:00:01.027Z,,,,false
56719384-9a63-4109-9b30-0b288dd09cf4,b2e98ebb-d5a2-42d6-b702-f8d7cc96eda3,c383dd94-afcf-4959-9418-743efb8f95e8,,,,5.0000,1000.00,0,,2026-07-25T15:00:06.149Z,,,,false
1c1c33c1-1cc8-4b11-a79c-95eb2263b358,cfa11ef4-30ee-4422-9f13-29c6dc9ff109,c383dd94-afcf-4959-9418-743efb8f95e8,,,,1.0000,1000000.00,0,,2026-07-25T15:34:34.878Z,,,,false
b7a2f3cf-fcb3-4c2b-bd16-4b91f2cf5a85,cfa11ef4-30ee-4422-9f13-29c6dc9ff109,c383dd94-afcf-4959-9418-743efb8f95e8,,,,1.0000,2500000.00,0,,2026-07-25T15:34:35.119Z,,,,false
85a6f670-b403-479a-a3e7-baea987e777d,cfa11ef4-30ee-4422-9f13-29c6dc9ff109,c383dd94-afcf-4959-9418-743efb8f95e8,,,,1.0000,500000.00,0,,2026-07-25T15:34:35.321Z,,,,false
d20b8159-c288-4847-82dd-01ae478834af,6297628d-8eb0-4df9-b3e5-4a0af2aa9aaf,c383dd94-afcf-4959-9418-743efb8f95e8,,,,7.0000,9999999.00,0,,2026-07-25T15:34:40.258Z,,,,false
0b4594fd-5129-4b9c-aa70-dd8c184080c6,2e01edaa-f40e-4217-8a4a-bea642b84df2,c383dd94-afcf-4959-9418-743efb8f95e8,,,,1.0000,1000000.00,0,,2026-07-25T15:34:41.240Z,,,,false
e76378dc-4773-4125-8f90-f2a20d9f1f2a,2e01edaa-f40e-4217-8a4a-bea642b84df2,c383dd94-afcf-4959-9418-743efb8f95e8,,,,1.0000,2500000.00,0,,2026-07-25T15:34:41.418Z,,,,false
fd9ef059-e0d8-419a-8ae9-ce10b4475178,2e01edaa-f40e-4217-8a4a-bea642b84df2,c383dd94-afcf-4959-9418-743efb8f95e8,,,,1.0000,500000.00,0,,2026-07-25T15:34:41.592Z,,,,false
c3249b33-e184-4a21-8878-fa6eaec81429,766a538c-c3e3-441a-9f35-689ee0986f85,c383dd94-afcf-4959-9418-743efb8f95e8,,,,10.0000,5000000.00,0,,2026-07-25T15:34:41.868Z,,,,false
bc3c09e1-594d-4bd0-bfa4-782035de4dea,43f81302-429a-4e74-8350-5b334323f66e,c383dd94-afcf-4959-9418-743efb8f95e8,,,,10.0000,5000000.00,0,,2026-07-25T15:34:45.229Z,,,,false
28d03dcf-2645-46f1-9168-0d6027428510,027c1a94-5339-406f-bf49-8cc74c89e1ec,c383dd94-afcf-4959-9418-743efb8f95e8,,,,7.0000,9999999.00,0,,2026-07-25T15:34:45.235Z,,,,false
416e1c2a-e557-43b9-8b16-91c1633d23a1,03ebfc64-dbab-4c53-87af-581560f7ce33,c383dd94-afcf-4959-9418-743efb8f95e8,,,,10.0000,5000000.00,0,,2026-07-25T15:34:47.598Z,,,,false
6ae00b2c-257b-40d2-ac6f-7621ea912b81,17640682-b7b4-4a4e-9e4d-b5b079f7c8ae,c383dd94-afcf-4959-9418-743efb8f95e8,,,,10.0000,5000000.00,0,,2026-07-25T15:34:49.853Z,,,,false
d9953a2f-7083-4b41-900c-c952583d1e98,fd2f8130-58f6-4cc1-9df5-2502e6deeb1d,c383dd94-afcf-4959-9418-743efb8f95e8,,,,10.0000,5000000.00,0,,2026-07-25T15:34:51.677Z,,,,false
e5b0064d-c73d-4131-a5aa-8f2aa7fa7846,63f5243a-b377-43c3-bc3b-f9791dcb0077,c383dd94-afcf-4959-9418-743efb8f95e8,,,,10.0000,5000000.00,0,,2026-07-25T15:34:53.601Z,,,,false
a3805a0c-fda2-42cc-98b5-c9b274273516,2510bd2c-d11c-45fc-95e6-e9867eff3caa,c383dd94-afcf-4959-9418-743efb8f95e8,,,,10.0000,5000000.00,0,,2026-07-25T15:34:55.301Z,,,,false
2c0b2e9b-e561-47d2-a0db-eb87f02b5a1b,c8e75d90-9d20-49d4-b22b-077ad5faed34,c383dd94-afcf-4959-9418-743efb8f95e8,,,,10.0000,5000000.00,0,,2026-07-25T15:34:56.251Z,,,,false
0747da4e-0653-43e8-af88-8aee85e93559,00476232-d6e1-421e-a5d5-f98aa5a16ad4,c383dd94-afcf-4959-9418-743efb8f95e8,,,,10.0000,5000000.00,0,,2026-07-25T15:34:58.778Z,,,,false
132f9cb6-9f1b-4fe8-8ba7-3999b927b10c,ba65748d-77ee-4cd3-9597-ce934b65bfb2,c383dd94-afcf-4959-9418-743efb8f95e8,,,,10.0000,5000000.00,0,,2026-07-25T15:35:00.507Z,,,,false
dafd59c7-8547-4152-beb2-11c5169785d3,b50f46e5-41c7-4076-b274-38dc87f710d6,c383dd94-afcf-4959-9418-743efb8f95e8,,,,10.0000,5000000.00,0,,2026-07-25T15:35:02.698Z,,,,false
61ff0af4-93e3-45fe-b077-07726d68acb2,06022e3f-5f5f-44c9-846f-5f2c2f237a0e,c383dd94-afcf-4959-9418-743efb8f95e8,,,,10.0000,5000000.00,0,,2026-07-25T15:35:06.649Z,,,,false
4e35b946-b948-479b-9112-6cb5ab7f8b04,06022e3f-5f5f-44c9-846f-5f2c2f237a0e,c383dd94-afcf-4959-9418-743efb8f95e8,,,,5.0000,1000.00,0,,2026-07-25T15:35:10.059Z,,,,false
92700e4a-6660-4ae5-b2ea-bf741f6ba9fd,3f16df83-f0c1-4be7-ad9b-c7221331da24,c383dd94-afcf-4959-9418-743efb8f95e8,,,,1.0000,2500000.00,0,,2026-07-29T03:17:17.845Z,,,,false
78829827-5b2f-486c-b6d1-6ee673f45c5c,3f16df83-f0c1-4be7-ad9b-c7221331da24,c383dd94-afcf-4959-9418-743efb8f95e8,,,,1.0000,500000.00,0,,2026-07-29T03:17:17.870Z,,,,false
b1bc7729-a0e9-4dff-b2b2-d70f2d4d4df1,954c7f31-94c1-4c75-a1cd-45796789250f,c383dd94-afcf-4959-9418-743efb8f95e8,,,,7.0000,9999999.00,0,,2026-07-29T03:17:18.542Z,,,,false
0e8fffa9-7cd5-4dbf-85fc-a520e457ae1d,3cdd274c-035f-460e-be8b-e8eff6b1236b,c383dd94-afcf-4959-9418-743efb8f95e8,,,,10.0000,5000000.00,0,,2026-07-29T03:17:18.852Z,,,,false
394834f4-10ed-4ff0-ac20-f161e4a9886a,1f01f933-ba81-473a-bcb5-e46793ba35de,c383dd94-afcf-4959-9418-743efb8f95e8,,,,10.0000,5000000.00,0,,2026-07-29T03:17:19.437Z,,,,false
71e8956c-5dba-4efc-afc4-00de6cfaff77,ebacf623-822b-41d9-8d4f-02114f3e55b2,c383dd94-afcf-4959-9418-743efb8f95e8,,,,10.0000,5000000.00,0,,2026-07-29T03:17:20.297Z,,,,false
96addb56-5f39-46cb-9e16-a3b72b20e477,fa104c55-2d6a-41f8-89bc-2eb15f3b4f09,c383dd94-afcf-4959-9418-743efb8f95e8,,,,10.0000,5000000.00,0,,2026-07-29T03:17:20.754Z,,,,false
07ea1a12-a0a0-4b2f-a8c6-8d2b48bbfe3a,94f0f149-84c8-4155-9b42-522556985632,c383dd94-afcf-4959-9418-743efb8f95e8,,,,10.0000,5000000.00,0,,2026-07-29T03:17:21.072Z,,,,false
380e3968-8e63-4ad1-980a-a22dd379d73e,1c1d7cc0-c2d0-40b9-9624-c139a9cae9a7,c383dd94-afcf-4959-9418-743efb8f95e8,,,,10.0000,5000000.00,0,,2026-07-29T03:17:22.164Z,,,,false
55fb7c3e-a312-41cd-b98e-f6506fe33eb9,e277bc2e-e1b9-4bab-8942-22b6a7755102,c383dd94-afcf-4959-9418-743efb8f95e8,,,,10.0000,5000000.00,0,,2026-07-29T03:17:22.788Z,,,,false
a08991c7-5369-4eca-a985-dccffe8a9d9a,e277bc2e-e1b9-4bab-8942-22b6a7755102,c383dd94-afcf-4959-9418-743efb8f95e8,,,,5.0000,1000.00,0,,2026-07-29T03:17:23.344Z,,,,false
8c8550b5-6686-4257-8301-daafabc49245,69dcff53-466f-4f1b-be10-49f6a1ab6ae2,c383dd94-afcf-4959-9418-743efb8f95e8,,,,1.0000,1000000.00,0,,2026-07-29T03:31:50.721Z,,,,false
27935216-88d0-46a9-8fe8-577fb1cbf4e7,69dcff53-466f-4f1b-be10-49f6a1ab6ae2,c383dd94-afcf-4959-9418-743efb8f95e8,,,,1.0000,2500000.00,0,,2026-07-29T03:31:50.747Z,,,,false
a3047e6e-0a0a-4a1f-ad1b-106bc973cc2a,69dcff53-466f-4f1b-be10-49f6a1ab6ae2,c383dd94-afcf-4959-9418-743efb8f95e8,,,,1.0000,500000.00,0,,2026-07-29T03:31:50.771Z,,,,false
1315bd0d-9f76-4c1e-b5df-46384b86bd57,1da43789-5add-4f4e-bfdc-779231e1c838,c383dd94-afcf-4959-9418-743efb8f95e8,,,,7.0000,9999999.00,0,,2026-07-29T03:31:51.408Z,,,,false
544abcba-48e0-4da8-a9f8-5beed42d2241,5e354717-6f85-443d-8d38-3edee83d6361,c383dd94-afcf-4959-9418-743efb8f95e8,,,,10.0000,5000000.00,0,,2026-07-29T03:31:51.808Z,,,,false
8940a092-f91d-428d-90ef-a8fe00d10189,beb0a1f1-5e16-4a5b-a54c-08bbc422f5d6,c383dd94-afcf-4959-9418-743efb8f95e8,,,,10.0000,5000000.00,0,,2026-07-29T03:31:52.473Z,,,,false
0a958f97-e299-467a-b69f-4d486843e50e,7a03fbf3-ed9c-4669-b2f6-d5d942317a0d,c383dd94-afcf-4959-9418-743efb8f95e8,,,,10.0000,5000000.00,0,,2026-07-29T03:31:53.528Z,,,,false
a90286ad-6348-4d70-b79a-f784737e2654,42effaf2-c92c-450b-a263-76decb00d98e,c383dd94-afcf-4959-9418-743efb8f95e8,,,,10.0000,5000000.00,0,,2026-07-29T03:31:54.159Z,,,,false
28625996-e075-4b73-ab25-0684c3ef4693,e6801548-c930-4330-953b-176b9220d74f,c383dd94-afcf-4959-9418-743efb8f95e8,,,,10.0000,5000000.00,0,,2026-07-29T03:31:54.517Z,,,,false
4f149d69-e27c-441c-8a9b-8040c40ad0fe,3ae7d35a-7b72-4591-a2a3-f4467749bb49,c383dd94-afcf-4959-9418-743efb8f95e8,,,,10.0000,5000000.00,0,,2026-07-29T03:31:55.837Z,,,,false
3ca2ee8f-0797-41b0-8f8c-d528a0ce9c19,c1605287-8963-44e2-ac40-485c1e1b4614,c383dd94-afcf-4959-9418-743efb8f95e8,,,,10.0000,5000000.00,0,,2026-07-29T03:31:56.546Z,,,,false
99d33e20-2b65-4808-bcef-cb34cd581201,c1605287-8963-44e2-ac40-485c1e1b4614,c383dd94-afcf-4959-9418-743efb8f95e8,,,,5.0000,1000.00,0,,2026-07-29T03:31:57.227Z,,,,false
fad02f4b-c6d8-43d6-8fc8-04998a0b0f21,b1598cac-cdd0-4517-9c53-29730a0f3961,c383dd94-afcf-4959-9418-743efb8f95e8,,,,1.0000,1000000.00,0,,2026-07-29T03:37:04.860Z,,,,false
d645fdb1-cb8a-4a38-972f-cb5e4e9ddea2,b1598cac-cdd0-4517-9c53-29730a0f3961,c383dd94-afcf-4959-9418-743efb8f95e8,,,,1.0000,2500000.00,0,,2026-07-29T03:37:04.888Z,,,,false
04bbac4d-4182-4c70-aa88-fbad46e7a440,b1598cac-cdd0-4517-9c53-29730a0f3961,c383dd94-afcf-4959-9418-743efb8f95e8,,,,1.0000,500000.00,0,,2026-07-29T03:37:04.913Z,,,,false
45b677e9-ca63-4f0d-a685-542e3b934d7e,e6803753-4449-477e-8743-eddbd7a73585,c383dd94-afcf-4959-9418-743efb8f95e8,,,,7.0000,9999999.00,0,,2026-07-29T03:37:05.603Z,,,,false
e14fabfb-055c-4db8-babc-6e2bc737e7a4,c7f81d59-cb35-4b7e-adb6-5f1f8f3140e0,c383dd94-afcf-4959-9418-743efb8f95e8,,,,10.0000,5000000.00,0,,2026-07-29T03:37:05.977Z,,,,false
6b9b4a9b-48ea-45c2-9fcc-07d2d4a85ca7,9e2a36fb-009a-47fc-8f13-55afda81e42f,c383dd94-afcf-4959-9418-743efb8f95e8,,,,10.0000,5000000.00,0,,2026-07-29T03:37:06.696Z,,,,false
26306671-358a-44b4-8e59-78947661e4cf,078beb7c-baf6-464a-89c4-f3d75b8bcb09,c383dd94-afcf-4959-9418-743efb8f95e8,,,,10.0000,5000000.00,0,,2026-07-29T03:37:08.083Z,,,,false
2db846bf-995e-407e-9bcc-5ed5d774c57f,c844b834-21ad-4b90-b73e-45a706c8d9f6,c383dd94-afcf-4959-9418-743efb8f95e8,,,,10.0000,5000000.00,0,,2026-07-29T03:37:08.861Z,,,,false
978aa864-1cea-47a4-8d51-e75d4b1642a8,d5e02339-170a-4c87-b7ca-9a636a2af8ee,c383dd94-afcf-4959-9418-743efb8f95e8,,,,10.0000,5000000.00,0,,2026-07-29T03:37:09.271Z,,,,false
edd4a28d-12a8-4610-b96e-6f1ce4869254,aaa06adc-f0a8-41de-a859-0595aa4b602e,c383dd94-afcf-4959-9418-743efb8f95e8,,,,10.0000,5000000.00,0,,2026-07-29T03:37:10.708Z,,,,false
b7fdd5d5-8701-497f-a700-ee896b9a896a,a6774ad0-964b-48a0-b22c-158f72d0b901,c383dd94-afcf-4959-9418-743efb8f95e8,,,,10.0000,5000000.00,0,,2026-07-29T03:37:11.528Z,,,,false
ffa2b4b0-c34d-4ed1-9b5c-85ea49a48c1f,a6774ad0-964b-48a0-b22c-158f72d0b901,c383dd94-afcf-4959-9418-743efb8f95e8,,,,5.0000,1000.00,0,,2026-07-29T03:37:12.206Z,,,,false
66306906-70c5-44cd-bd45-b770f99cbe2c,fc32ca3d-a8f1-4dce-8cef-36b9b0af48a0,c383dd94-afcf-4959-9418-743efb8f95e8,,,,1.0000,1000000.00,0,,2026-07-29T03:57:02.034Z,,,,false
7c084ba7-843e-45ee-88f4-b81b8a996096,fc32ca3d-a8f1-4dce-8cef-36b9b0af48a0,c383dd94-afcf-4959-9418-743efb8f95e8,,,,1.0000,2500000.00,0,,2026-07-29T03:57:02.065Z,,,,false
6cd9ab1e-c149-4632-817e-b5419327b7c2,fc32ca3d-a8f1-4dce-8cef-36b9b0af48a0,c383dd94-afcf-4959-9418-743efb8f95e8,,,,1.0000,500000.00,0,,2026-07-29T03:57:02.088Z,,,,false
a130f3ef-d552-472d-b7fc-615ece26ba9c,7d5c869c-3830-4980-b233-493410df796d,c383dd94-afcf-4959-9418-743efb8f95e8,,,,7.0000,9999999.00,0,,2026-07-29T03:57:02.865Z,,,,false
a8141b14-8044-4c5b-b093-1a0c23f439bf,cfb7eb37-447c-46a4-b59e-4c845d221209,c383dd94-afcf-4959-9418-743efb8f95e8,,,,10.0000,5000000.00,0,,2026-07-29T03:57:03.274Z,,,,false
bd2ac15e-2519-4011-bfb4-985fb2e7291f,db9c60a9-c421-4427-bef0-a22ff2b89c52,c383dd94-afcf-4959-9418-743efb8f95e8,,,,10.0000,5000000.00,0,,2026-07-29T03:57:04.082Z,,,,false
68e84522-27ca-49c8-912a-b00462e560ca,41d56357-4497-4b76-9d6d-1d924237c0d7,c383dd94-afcf-4959-9418-743efb8f95e8,,,,10.0000,5000000.00,0,,2026-07-29T03:57:05.177Z,,,,false
c8242210-1292-4cba-9907-b367ba04470b,354b2874-47e0-4382-9a3d-003145dd7429,c383dd94-afcf-4959-9418-743efb8f95e8,,,,10.0000,5000000.00,0,,2026-07-29T03:57:05.777Z,,,,false
4f7da8a5-69bc-4ae0-a0cd-880c38bd3ef0,80270c3b-3590-4e42-af89-d1b3c87cf809,c383dd94-afcf-4959-9418-743efb8f95e8,,,,10.0000,5000000.00,0,,2026-07-29T03:57:06.168Z,,,,false
2f7111e9-df25-4073-b21f-83b5bd42e2df,35f73ec7-f6e4-4ba4-bed4-e0fdffa3b264,c383dd94-afcf-4959-9418-743efb8f95e8,,,,10.0000,5000000.00,0,,2026-07-29T03:57:07.463Z,,,,false
04c5d863-af1c-42a4-8e7d-d47ea4d5f0d4,a8420002-31c8-45b8-bf5e-f64b725c955f,c383dd94-afcf-4959-9418-743efb8f95e8,,,,10.0000,5000000.00,0,,2026-07-29T03:57:08.192Z,,,,false
81900e53-b56a-45cb-b538-b4b0ca59701a,a8420002-31c8-45b8-bf5e-f64b725c955f,c383dd94-afcf-4959-9418-743efb8f95e8,,,,5.0000,1000.00,0,,2026-07-29T03:57:08.863Z,,,,false
4513a0ea-9951-401f-aef3-9861b68ec01b,4927b229-a9bc-45ed-b421-7d84f55f2507,c383dd94-afcf-4959-9418-743efb8f95e8,,,,1.0000,1000000.00,0,,2026-07-29T03:59:38.245Z,,,,false
23a56bb2-a419-4ce6-b452-c8d2c1696b59,4927b229-a9bc-45ed-b421-7d84f55f2507,c383dd94-afcf-4959-9418-743efb8f95e8,,,,1.0000,2500000.00,0,,2026-07-29T03:59:38.278Z,,,,false
2c7d7836-f477-4a5d-ac34-78702f8d594c,4927b229-a9bc-45ed-b421-7d84f55f2507,c383dd94-afcf-4959-9418-743efb8f95e8,,,,1.0000,500000.00,0,,2026-07-29T03:59:38.300Z,,,,false
23abae1b-6876-437b-8bd8-ef488b5191f1,f6bda3e2-a498-4c45-ad11-4d0467841157,c383dd94-afcf-4959-9418-743efb8f95e8,,,,7.0000,9999999.00,0,,2026-07-29T03:59:39.095Z,,,,false
83520588-0a00-4542-9e81-0812dc92b33e,a8a1a5cf-fdc3-43a5-b86b-f9c83a56bf82,c383dd94-afcf-4959-9418-743efb8f95e8,,,,10.0000,5000000.00,0,,2026-07-29T03:59:39.483Z,,,,false
b04b9296-2d2e-40b1-aec6-4ba606ab53f3,d2045e93-de18-4a0d-ab85-5db7291b54be,c383dd94-afcf-4959-9418-743efb8f95e8,,,,10.0000,5000000.00,0,,2026-07-29T03:59:40.242Z,,,,false
ba83a0e7-d815-421c-9e5c-937f3683f4aa,94eae33d-1f3c-4b8f-8f7a-8a330b36a620,c383dd94-afcf-4959-9418-743efb8f95e8,,,,10.0000,5000000.00,0,,2026-07-29T03:59:41.209Z,,,,false
61a4f6ce-06d6-4117-a23d-99532d145b64,2d663280-3241-4a1d-96de-8cff372db48c,c383dd94-afcf-4959-9418-743efb8f95e8,,,,10.0000,5000000.00,0,,2026-07-29T03:59:41.730Z,,,,false
69a28664-a892-42b4-bbfe-0d1e070e4fd2,d68ee7c5-c71c-40f5-bb79-6c16419b4698,c383dd94-afcf-4959-9418-743efb8f95e8,,,,10.0000,5000000.00,0,,2026-07-29T03:59:42.098Z,,,,false
cf9f5614-f2e0-4f13-ba44-61cbcbd38c63,719cf6ec-5c77-4a65-89a8-ed39aa3fa33a,c383dd94-afcf-4959-9418-743efb8f95e8,,,,10.0000,5000000.00,0,,2026-07-29T03:59:43.449Z,,,,false
2e84cc3f-4d8e-47e2-a257-bc702a067b68,96f913e2-2125-41b5-bda5-3b9c729aa9ec,c383dd94-afcf-4959-9418-743efb8f95e8,,,,10.0000,5000000.00,0,,2026-07-29T03:59:44.213Z,,,,false
f8e313d8-279a-40da-8588-f7047136756e,96f913e2-2125-41b5-bda5-3b9c729aa9ec,c383dd94-afcf-4959-9418-743efb8f95e8,,,,5.0000,1000.00,0,,2026-07-29T03:59:44.963Z,,,,false
d546a166-e752-4618-9819-3f80f026a1af,156cfa8e-edb3-4ddf-97fe-d3bd08a3322f,c383dd94-afcf-4959-9418-743efb8f95e8,,,,1.0000,1000000.00,0,,2026-07-29T04:02:32.658Z,,,,false
e8098d60-8fcc-4f66-ac67-62055cc3f516,156cfa8e-edb3-4ddf-97fe-d3bd08a3322f,c383dd94-afcf-4959-9418-743efb8f95e8,,,,1.0000,2500000.00,0,,2026-07-29T04:02:32.699Z,,,,false
6006c771-a07a-4e71-98c8-eb9f9ff4a66c,156cfa8e-edb3-4ddf-97fe-d3bd08a3322f,c383dd94-afcf-4959-9418-743efb8f95e8,,,,1.0000,500000.00,0,,2026-07-29T04:02:32.725Z,,,,false
cd86df06-eefa-46a6-9831-84b93c5c7790,5c67d1b4-f7d3-44a8-a5b7-de5c1ad53a7d,c383dd94-afcf-4959-9418-743efb8f95e8,,,,7.0000,9999999.00,0,,2026-07-29T04:02:33.533Z,,,,false
7f9ab7a7-4718-414e-83e0-96193b3d65e9,545fd7fa-d48f-4236-b482-179b82f687c6,c383dd94-afcf-4959-9418-743efb8f95e8,,,,10.0000,5000000.00,0,,2026-07-29T04:02:33.896Z,,,,false
7489de5e-240a-4ccd-a7f7-6dba21920c10,e600295c-5e2c-42fe-9e9b-e1f6e7983641,c383dd94-afcf-4959-9418-743efb8f95e8,,,,10.0000,5000000.00,0,,2026-07-29T04:02:34.670Z,,,,false
20c173d1-dc6c-4b57-a253-e300e86d3288,124d74da-a2a2-4ce7-9bc1-28167ea9730b,c383dd94-afcf-4959-9418-743efb8f95e8,,,,10.0000,5000000.00,0,,2026-07-29T04:02:35.780Z,,,,false
12e15376-5f5f-441c-bb38-bc8ae8b15a2a,aac107a2-9f49-479c-9c0b-af56d5daf0f9,c383dd94-afcf-4959-9418-743efb8f95e8,,,,10.0000,5000000.00,0,,2026-07-29T04:02:36.303Z,,,,false
2ac3348f-4146-4f63-9f5e-c0c70d700864,81b34f11-cd57-454c-ad1d-5e10ddafda73,c383dd94-afcf-4959-9418-743efb8f95e8,,,,10.0000,5000000.00,0,,2026-07-29T04:02:36.750Z,,,,false
1aa65025-e32d-4ed4-b823-6b2a77a4b2c3,8c65074d-44b0-456c-94fb-e82ce8b22aea,c383dd94-afcf-4959-9418-743efb8f95e8,,,,10.0000,5000000.00,0,,2026-07-29T04:02:38.241Z,,,,false
8fae1f08-168e-4119-9a68-36adc2c0e4ab,59df9bd6-1673-49bd-8065-123f4408405f,c383dd94-afcf-4959-9418-743efb8f95e8,,,,10.0000,5000000.00,0,,2026-07-29T04:02:39.072Z,,,,false
bb16e21b-f6a4-4cf3-8a1c-179f510482e1,723d6fcb-a832-478c-ab2b-4e98e8c9c16a,c383dd94-afcf-4959-9418-743efb8f95e8,,,,10.0000,5000000.00,0,,2026-07-25T15:35:03.485Z,,,,false
9258bf84-5171-4028-9ac0-2ae5428d4415,723d6fcb-a832-478c-ab2b-4e98e8c9c16a,c383dd94-afcf-4959-9418-743efb8f95e8,,,,5.0000,1000.00,0,,2026-07-25T15:35:05.956Z,,,,false
8f9500f4-ee9f-4a34-b9f8-1446ca19da3e,d823efca-d665-4d2c-a13b-4654e264cdd0,c383dd94-afcf-4959-9418-743efb8f95e8,,,,1.0000,1000000.00,0,,2026-07-25T15:58:05.201Z,,,,false
48447402-3927-46f9-80d5-6ec7f51b5891,d823efca-d665-4d2c-a13b-4654e264cdd0,c383dd94-afcf-4959-9418-743efb8f95e8,,,,1.0000,2500000.00,0,,2026-07-25T15:58:05.452Z,,,,false
af324311-5621-4402-a99d-6ac6b3ae6d02,d823efca-d665-4d2c-a13b-4654e264cdd0,c383dd94-afcf-4959-9418-743efb8f95e8,,,,1.0000,500000.00,0,,2026-07-25T15:58:05.682Z,,,,false
ba706748-ee18-4511-a781-e72d60e7df8f,ef2c494e-adfa-4aaa-b6f9-985a709f98a8,c383dd94-afcf-4959-9418-743efb8f95e8,,,,7.0000,9999999.00,0,,2026-07-25T15:58:11.478Z,,,,false
45b3c4f1-7533-43fa-b9be-0506a57c8045,e15af3b5-6a36-495b-8915-928bf8baeffd,c383dd94-afcf-4959-9418-743efb8f95e8,,,,10.0000,5000000.00,0,,2026-07-25T15:58:13.714Z,,,,false
c06f985b-5f12-4c95-8162-f5e13a83cb81,db05564b-a806-432e-8df1-e7cf4372c432,c383dd94-afcf-4959-9418-743efb8f95e8,,,,10.0000,5000000.00,0,,2026-07-25T15:58:20.424Z,,,,false
24e5decd-371b-4631-bbf5-7d3bd54536d4,0adfad1b-0697-4dbb-9dd2-49ff5e347567,c383dd94-afcf-4959-9418-743efb8f95e8,,,,1.0000,1000000.00,0,,2026-07-25T15:58:23.892Z,,,,false
09188e40-b896-4d8b-90a0-70bb95c52e4b,0adfad1b-0697-4dbb-9dd2-49ff5e347567,c383dd94-afcf-4959-9418-743efb8f95e8,,,,1.0000,2500000.00,0,,2026-07-25T15:58:24.092Z,,,,false
e87ae9e1-9c1a-4db3-b009-06cd82eddb09,0adfad1b-0697-4dbb-9dd2-49ff5e347567,c383dd94-afcf-4959-9418-743efb8f95e8,,,,1.0000,500000.00,0,,2026-07-25T15:58:24.289Z,,,,false
72695b64-1fee-47da-91e6-eda8da94a434,8d59720c-a207-4ac9-a3e8-0892316409df,c383dd94-afcf-4959-9418-743efb8f95e8,,,,10.0000,5000000.00,0,,2026-07-25T15:58:27.302Z,,,,false
9ea5d711-cb3d-41d6-bd7d-f41cfa9f8a6f,f3369b11-d36b-4006-b73f-3792c9ce9b21,c383dd94-afcf-4959-9418-743efb8f95e8,,,,7.0000,9999999.00,0,,2026-07-25T15:58:27.935Z,,,,false
481e743e-ca1b-4e71-b23d-801985011908,08fc1108-ed9f-4fad-b680-64ff23bc7b98,c383dd94-afcf-4959-9418-743efb8f95e8,,,,10.0000,5000000.00,0,,2026-07-25T15:58:29.512Z,,,,false
b8b0b45d-6735-4fc4-ae6a-2f367e6d5e5d,6becad78-cde1-4bbd-b193-4ed77d2464c6,c383dd94-afcf-4959-9418-743efb8f95e8,,,,10.0000,5000000.00,0,,2026-07-25T15:58:31.864Z,,,,false
33d1845f-3215-4e20-8575-deb280351f5d,224127b5-3149-411c-aa1a-6b4296fd4188,c383dd94-afcf-4959-9418-743efb8f95e8,,,,10.0000,5000000.00,0,,2026-07-25T15:58:32.823Z,,,,false
9a8e91ad-7574-4241-9ef1-83f99b1bc184,ecb745b3-d7fb-4461-9081-046add058415,c383dd94-afcf-4959-9418-743efb8f95e8,,,,10.0000,5000000.00,0,,2026-07-25T15:58:34.766Z,,,,false
0967ab13-6b80-4f38-9780-b2565520c9b7,a5dc9653-8ea6-47f6-8a97-ec79cd05b7a4,c383dd94-afcf-4959-9418-743efb8f95e8,,,,10.0000,5000000.00,0,,2026-07-25T15:58:37.360Z,,,,false
ee6539e5-2549-4c7a-b3c9-6f415998bc78,5557f9a9-71fd-477b-83fd-8172c32f9e06,c383dd94-afcf-4959-9418-743efb8f95e8,,,,10.0000,5000000.00,0,,2026-07-25T15:58:40.139Z,,,,false
e0af3704-d296-4255-af03-8d0669b21666,169d0492-6965-4047-9622-dc8f7e243a4f,c383dd94-afcf-4959-9418-743efb8f95e8,,,,10.0000,5000000.00,0,,2026-07-25T15:58:41.822Z,,,,false
ed1f4ae0-da0d-45bc-9015-092b271d5ae9,c917e7c1-75ff-434d-a4de-cdcd0c180ffd,c383dd94-afcf-4959-9418-743efb8f95e8,,,,10.0000,5000000.00,0,,2026-07-25T15:58:45.673Z,,,,false
df89b48d-74b1-4e8e-b7c1-86f9ee0cff7c,350afa9b-0c14-48ab-b3dd-e502d0caf495,c383dd94-afcf-4959-9418-743efb8f95e8,,,,10.0000,5000000.00,0,,2026-07-25T15:58:46.184Z,,,,false
daf4d5ed-eec0-4dd5-b1fc-6bbff5f9608b,350afa9b-0c14-48ab-b3dd-e502d0caf495,c383dd94-afcf-4959-9418-743efb8f95e8,,,,5.0000,1000.00,0,,2026-07-25T15:58:49.449Z,,,,false
caf82795-eac6-4bb9-b56c-4807e5ad21c4,9b3e61c5-baa7-47d1-8948-688844208b0c,c383dd94-afcf-4959-9418-743efb8f95e8,,,,10.0000,5000000.00,0,,2026-07-25T15:58:50.873Z,,,,false
d80dd5ae-586f-4d9e-97b6-848af2b4c837,9b3e61c5-baa7-47d1-8948-688844208b0c,c383dd94-afcf-4959-9418-743efb8f95e8,,,,5.0000,1000.00,0,,2026-07-25T15:58:54.945Z,,,,false
960d0cd3-6e7c-4f88-bd21-27be86bc6bdb,95fea077-d992-4a42-b5b0-18d6b64d89a9,c383dd94-afcf-4959-9418-743efb8f95e8,,,,1.0000,1000000.00,0,,2026-07-25T16:04:03.337Z,,,,false
0307817c-861f-4710-8ee2-1dfea7dfc3a9,95fea077-d992-4a42-b5b0-18d6b64d89a9,c383dd94-afcf-4959-9418-743efb8f95e8,,,,1.0000,2500000.00,0,,2026-07-25T16:04:03.574Z,,,,false
29dd93d1-90ae-41ad-b888-dbe6abcaaa0c,95fea077-d992-4a42-b5b0-18d6b64d89a9,c383dd94-afcf-4959-9418-743efb8f95e8,,,,1.0000,500000.00,0,,2026-07-25T16:04:03.801Z,,,,false
6434c7f0-9bcf-4b9f-a1a2-02c08fe935e4,3ad1dd96-e2b0-4754-a106-fb5d12af7296,c383dd94-afcf-4959-9418-743efb8f95e8,,,,7.0000,9999999.00,0,,2026-07-25T16:04:08.843Z,,,,false
7e786245-81b1-48fc-871b-0e34b70768f6,d6863dd6-2aa2-4aef-ad5a-4b776f1c3e68,c383dd94-afcf-4959-9418-743efb8f95e8,,,,1.0000,1000000.00,0,,2026-07-25T16:04:09.167Z,,,,false
529c031d-ff91-46bc-95de-444d54f9e55d,d6863dd6-2aa2-4aef-ad5a-4b776f1c3e68,c383dd94-afcf-4959-9418-743efb8f95e8,,,,1.0000,2500000.00,0,,2026-07-25T16:04:09.382Z,,,,false
14468b5d-b13b-45f8-b47b-617af0595ddb,d6863dd6-2aa2-4aef-ad5a-4b776f1c3e68,c383dd94-afcf-4959-9418-743efb8f95e8,,,,1.0000,500000.00,0,,2026-07-25T16:04:09.594Z,,,,false
84661b92-a7b9-4a58-aa99-9ece39440632,6f2806ff-f59b-4181-a3f7-9f1568861a2d,c383dd94-afcf-4959-9418-743efb8f95e8,,,,10.0000,5000000.00,0,,2026-07-25T16:04:11.212Z,,,,false
f1b89600-9e2c-4870-9417-83b91fa45216,7923846b-e7ed-4231-a2af-5b9d17bc57b5,c383dd94-afcf-4959-9418-743efb8f95e8,,,,7.0000,9999999.00,0,,2026-07-25T16:04:12.897Z,,,,false
998b27f4-8079-4010-8d88-5ba21a206588,b5b74641-9da4-4f22-872e-8b01465950ad,c383dd94-afcf-4959-9418-743efb8f95e8,,,,10.0000,5000000.00,0,,2026-07-25T16:04:14.886Z,,,,false
2b5a7a95-ec27-49ee-8703-5f36228fcdfc,6ba87918-bfc2-4710-8e31-78921869c270,c383dd94-afcf-4959-9418-743efb8f95e8,,,,10.0000,5000000.00,0,,2026-07-25T16:04:16.360Z,,,,false
fe602503-c513-4611-b68e-9b4dac32ce05,7b977f63-0fda-41ca-a2b0-5774aaae54f2,c383dd94-afcf-4959-9418-743efb8f95e8,,,,10.0000,5000000.00,0,,2026-07-25T16:04:18.723Z,,,,false
0f3eec50-1b61-4aad-bd59-6f2514ae1e75,e010b984-4876-4568-994e-1b4bc1fe86db,c383dd94-afcf-4959-9418-743efb8f95e8,,,,10.0000,5000000.00,0,,2026-07-25T16:04:22.974Z,,,,false
3c0f5f87-9f5a-401e-bacb-489c5d441e10,dce3510e-8b8c-46ba-bad0-dbccf73db66e,c383dd94-afcf-4959-9418-743efb8f95e8,,,,10.0000,5000000.00,0,,2026-07-25T16:04:24.244Z,,,,false
824a186f-0f87-4023-af48-c1976984095c,bbdaa27b-eb39-4188-9dc6-50940d1c565f,c383dd94-afcf-4959-9418-743efb8f95e8,,,,10.0000,5000000.00,0,,2026-07-25T16:04:27.097Z,,,,false
faaac9d1-13a4-4fb1-b69c-c326df74a6c8,2025c6b8-4f4c-4f1e-ba87-1a708779fe9c,c383dd94-afcf-4959-9418-743efb8f95e8,,,,10.0000,5000000.00,0,,2026-07-25T16:04:28.204Z,,,,false
80a6aa0a-d35d-4c66-96d6-654d61f667a1,4fefd86b-c88f-496a-97c8-054147fde4d8,c383dd94-afcf-4959-9418-743efb8f95e8,,,,10.0000,5000000.00,0,,2026-07-25T16:04:28.950Z,,,,false
7df1c324-b8af-412b-838f-62c86ba4a1f8,2f37858b-fc6b-4ac5-bf78-87218e676c29,c383dd94-afcf-4959-9418-743efb8f95e8,,,,10.0000,5000000.00,0,,2026-07-25T16:04:29.849Z,,,,false
6d01b089-47ee-4d5d-a73d-542e6b2095e8,d47d2d0a-c4f4-4948-89b2-24fb867c9997,c383dd94-afcf-4959-9418-743efb8f95e8,,,,10.0000,5000000.00,0,,2026-07-25T16:04:34.888Z,,,,false
2feb3af2-c214-436d-9b0f-d76b4e563a12,d47d2d0a-c4f4-4948-89b2-24fb867c9997,c383dd94-afcf-4959-9418-743efb8f95e8,,,,5.0000,1000.00,0,,2026-07-25T16:04:37.859Z,,,,false
efa57d09-b1ba-482c-bfc1-67ba1909dfc8,5e4496e2-a53b-494c-973f-41e962207bb8,c383dd94-afcf-4959-9418-743efb8f95e8,,,,10.0000,5000000.00,0,,2026-07-25T16:04:38.080Z,,,,false
71792e04-c5b4-4f0c-b873-39dababce636,0becd55e-3b47-436f-a971-33bc29c23f79,c383dd94-afcf-4959-9418-743efb8f95e8,,,,10.0000,5000000.00,0,,2026-07-25T16:04:42.203Z,,,,false
80457890-764b-4ff0-ae2a-eaff9b4623e2,0becd55e-3b47-436f-a971-33bc29c23f79,c383dd94-afcf-4959-9418-743efb8f95e8,,,,5.0000,1000.00,0,,2026-07-25T16:04:47.898Z,,,,false
b314f7b4-3502-4d4f-af04-d88c649d58c2,0aa1fa77-8f92-44b4-9784-d46487707f11,c383dd94-afcf-4959-9418-743efb8f95e8,,,,1.0000,1000000.00,0,,2026-07-25T17:19:33.576Z,,,,false
5263e8df-1e84-45a4-9cb7-238d238ae335,0aa1fa77-8f92-44b4-9784-d46487707f11,c383dd94-afcf-4959-9418-743efb8f95e8,,,,1.0000,2500000.00,0,,2026-07-25T17:19:33.639Z,,,,false
d296bea1-ff01-44de-9640-f3ad313d8af0,0aa1fa77-8f92-44b4-9784-d46487707f11,c383dd94-afcf-4959-9418-743efb8f95e8,,,,1.0000,500000.00,0,,2026-07-25T17:19:33.663Z,,,,false
4a96effc-70e9-4fff-9c20-fe816ba7127e,b4da0e4b-607d-4230-8394-f0c6531cdfce,c383dd94-afcf-4959-9418-743efb8f95e8,,,,7.0000,9999999.00,0,,2026-07-25T17:19:46.723Z,,,,false
60b5da0b-cebe-4de4-ba7b-c0776465cfdb,923dfbbd-1658-4d80-a184-a5d23425afe1,c383dd94-afcf-4959-9418-743efb8f95e8,,,,10.0000,5000000.00,0,,2026-07-25T17:19:47.003Z,,,,false
789b86cf-ac3f-4862-a2f7-bcac38226fd7,5c77861e-4065-4466-beec-c3b675705daf,c383dd94-afcf-4959-9418-743efb8f95e8,,,,10.0000,5000000.00,0,,2026-07-25T17:19:47.648Z,,,,false
1947ceee-fa26-4f63-8662-1c38aa612916,e593527b-bd91-42da-9783-bcf7f0343720,c383dd94-afcf-4959-9418-743efb8f95e8,,,,10.0000,5000000.00,0,,2026-07-25T17:19:48.450Z,,,,false
fc699548-2a7e-4d9d-8d7c-195effa8b1a1,cc81102d-780f-4fcc-86cd-12feb7f8138d,c383dd94-afcf-4959-9418-743efb8f95e8,,,,10.0000,5000000.00,0,,2026-07-25T17:19:48.843Z,,,,false
a30ec7c0-a68f-4b02-9088-9f8a366ca594,66b38296-8d73-46f8-aea7-a01f6e5fbda3,c383dd94-afcf-4959-9418-743efb8f95e8,,,,10.0000,5000000.00,0,,2026-07-25T17:19:49.102Z,,,,false
5ea84db8-9bec-4e3b-a3e8-00ff1a9c001e,d01ab339-15fe-4812-9262-5490182e2889,c383dd94-afcf-4959-9418-743efb8f95e8,,,,10.0000,5000000.00,0,,2026-07-25T17:19:50.193Z,,,,false
e96cbba4-33b1-499b-9599-e3d0dc754900,8656dd33-882a-415c-a84c-8b757934020f,c383dd94-afcf-4959-9418-743efb8f95e8,,,,10.0000,5000000.00,0,,2026-07-25T17:19:50.817Z,,,,false
8e7d4220-5539-42f0-b431-ca0415d1414b,8656dd33-882a-415c-a84c-8b757934020f,c383dd94-afcf-4959-9418-743efb8f95e8,,,,5.0000,1000.00,0,,2026-07-25T17:19:51.294Z,,,,false
b7b0de55-c22d-4ad7-ac7f-90c4d9e24f63,3b599d94-fad8-4819-b995-15a249f1d75b,c383dd94-afcf-4959-9418-743efb8f95e8,,,,1.0000,1000000.00,0,,2026-07-25T17:22:52.706Z,,,,false
450bab8c-fe2b-434b-8ecb-f4291d252ebb,3b599d94-fad8-4819-b995-15a249f1d75b,c383dd94-afcf-4959-9418-743efb8f95e8,,,,1.0000,2500000.00,0,,2026-07-25T17:22:52.941Z,,,,false
9d55b52f-e2b9-4af3-956f-f0a922323a8b,3b599d94-fad8-4819-b995-15a249f1d75b,c383dd94-afcf-4959-9418-743efb8f95e8,,,,1.0000,500000.00,0,,2026-07-25T17:22:53.167Z,,,,false
e9074e7d-9fa5-4e3f-ba7a-e9ef2dd7cfbc,88e8aab5-4b31-439c-8a88-e013157f4e9a,c383dd94-afcf-4959-9418-743efb8f95e8,,,,7.0000,9999999.00,0,,2026-07-25T17:22:59.073Z,,,,false
db7dc708-d9ad-4fda-9676-bc544759bcd9,8ff1611b-8382-43ac-ae1f-3e25b4338f52,c383dd94-afcf-4959-9418-743efb8f95e8,,,,10.0000,5000000.00,0,,2026-07-25T17:23:01.210Z,,,,false
5e7157d1-efba-486f-aeb3-571b098a1248,a9b337fd-477f-4d75-99e3-5ce6a7349474,c383dd94-afcf-4959-9418-743efb8f95e8,,,,10.0000,5000000.00,0,,2026-07-25T17:23:07.356Z,,,,false
283d6a42-74b5-4761-9d90-8dabd57f1baf,300cd7b8-2b4d-4418-8ce8-be7e760a1271,c383dd94-afcf-4959-9418-743efb8f95e8,,,,10.0000,5000000.00,0,,2026-07-25T17:23:14.705Z,,,,false
e81e5806-d1bb-40f9-90d6-200a46e1b882,0e131b16-b17e-4662-b1d6-dae0dc295180,c383dd94-afcf-4959-9418-743efb8f95e8,,,,10.0000,5000000.00,0,,2026-07-25T17:23:18.733Z,,,,false
d8023751-9883-4af3-af49-ba7f6be7b85d,7b0852ab-bee9-4ae4-90b2-794bff779f6d,c383dd94-afcf-4959-9418-743efb8f95e8,,,,10.0000,5000000.00,0,,2026-07-25T17:23:20.762Z,,,,false
09139993-174e-40fd-968f-047a7dc0f6a2,4113cb93-7e0e-42c4-9751-e4297809aa44,c383dd94-afcf-4959-9418-743efb8f95e8,,,,10.0000,5000000.00,0,,2026-07-25T17:23:31.261Z,,,,false
cd96f12a-88a2-470b-ac6c-e059ce3ccbf8,b21eac8e-0e5a-4a9a-aea6-0cb61587185b,c383dd94-afcf-4959-9418-743efb8f95e8,,,,10.0000,5000000.00,0,,2026-07-25T17:23:36.300Z,,,,false
9f1a7010-4977-4a5a-bfa9-59722b6700fd,b21eac8e-0e5a-4a9a-aea6-0cb61587185b,c383dd94-afcf-4959-9418-743efb8f95e8,,,,5.0000,1000.00,0,,2026-07-25T17:23:40.234Z,,,,false
dc1bc8fe-491a-48eb-899a-7255e659c076,6c419236-7c9f-4337-8bec-f827f66304d1,c383dd94-afcf-4959-9418-743efb8f95e8,,,,1.0000,1000000.00,0,,2026-07-25T17:33:58.425Z,,,,false
9b3fe336-9592-4f47-bdb0-92d1d0df8f08,6c419236-7c9f-4337-8bec-f827f66304d1,c383dd94-afcf-4959-9418-743efb8f95e8,,,,1.0000,2500000.00,0,,2026-07-25T17:33:58.694Z,,,,false
7df9c96c-26c5-4e21-9803-ae1756407b6a,6c419236-7c9f-4337-8bec-f827f66304d1,c383dd94-afcf-4959-9418-743efb8f95e8,,,,1.0000,500000.00,0,,2026-07-25T17:33:58.922Z,,,,false
2f1539d3-fb8b-4897-ae88-da7f77748713,2e5260ff-28a3-44d5-b6f2-c2bfbf5f1492,c383dd94-afcf-4959-9418-743efb8f95e8,,,,7.0000,9999999.00,0,,2026-07-25T17:34:03.733Z,,,,false
a1bbc2c8-5c94-49c1-826c-5a66c6398858,81ed2a59-9376-4001-8716-67f4f71243c8,c383dd94-afcf-4959-9418-743efb8f95e8,,,,10.0000,5000000.00,0,,2026-07-25T17:34:05.449Z,,,,false
b7e2a6f6-bfe3-4cb6-a804-80a0aa271f2d,89fb1d9b-eed2-4480-8c8b-3f64cf4401f0,c383dd94-afcf-4959-9418-743efb8f95e8,,,,10.0000,5000000.00,0,,2026-07-25T17:34:08.968Z,,,,false
9e988aef-8a06-44ab-9c19-a55638be4561,52a3f485-cfb9-444e-8896-295d8d91d70c,c383dd94-afcf-4959-9418-743efb8f95e8,,,,10.0000,5000000.00,0,,2026-07-25T17:34:15.299Z,,,,false
1a217eaa-d003-4915-8108-87c75c530b14,e97829e0-2cb6-4916-859c-fa1dd224b546,c383dd94-afcf-4959-9418-743efb8f95e8,,,,10.0000,5000000.00,0,,2026-07-25T17:34:19.427Z,,,,false
a1214eda-9411-4d39-9841-71a080c08429,1e27e6b1-bac1-4f68-a866-c0450faa3a21,c383dd94-afcf-4959-9418-743efb8f95e8,,,,10.0000,5000000.00,0,,2026-07-25T17:34:21.486Z,,,,false
dc2ef888-0abe-41d5-9112-0f4f7fbdfaf7,afd6671e-b659-4552-9e2d-a692679be64c,c383dd94-afcf-4959-9418-743efb8f95e8,,,,10.0000,5000000.00,0,,2026-07-25T17:34:31.346Z,,,,false
e7f68499-2916-4f52-93c5-c27fdf7d8bd9,9e350c6d-339a-4d8e-8112-86258332268d,c383dd94-afcf-4959-9418-743efb8f95e8,,,,10.0000,5000000.00,0,,2026-07-25T17:34:35.388Z,,,,false
96fcf792-5b6a-4151-9266-5fabb8463a39,9e350c6d-339a-4d8e-8112-86258332268d,c383dd94-afcf-4959-9418-743efb8f95e8,,,,5.0000,1000.00,0,,2026-07-25T17:34:38.792Z,,,,false
468ccb81-6110-44df-afb7-0f77a85e0387,deb1e12e-2b52-4cca-ab33-8cf4e4348d31,c383dd94-afcf-4959-9418-743efb8f95e8,,,,1.0000,1000000.00,0,,2026-07-25T18:08:43.858Z,,,,false
e1d75f33-072c-454f-b219-879909a18012,deb1e12e-2b52-4cca-ab33-8cf4e4348d31,c383dd94-afcf-4959-9418-743efb8f95e8,,,,1.0000,2500000.00,0,,2026-07-25T18:08:44.087Z,,,,false
3b2926cb-9d2e-4e72-b9c2-8c0b4df1ba02,deb1e12e-2b52-4cca-ab33-8cf4e4348d31,c383dd94-afcf-4959-9418-743efb8f95e8,,,,1.0000,500000.00,0,,2026-07-25T18:08:44.274Z,,,,false
decf093b-0923-4d59-a491-b95b5cca95fe,9f8c0761-1b61-452c-9dab-6c80ce1f60b5,c383dd94-afcf-4959-9418-743efb8f95e8,,,,7.0000,9999999.00,0,,2026-07-25T18:08:48.966Z,,,,false
2d2944bb-ed0e-4df0-bc1d-c2d7c592edde,70b5656f-6341-45c2-a7fc-49fc418b8528,c383dd94-afcf-4959-9418-743efb8f95e8,,,,10.0000,5000000.00,0,,2026-07-25T18:08:50.943Z,,,,false
a487cea5-d231-4078-b5cb-3ed20e428c08,3168aab9-d740-43ab-aefc-305ac13692ab,c383dd94-afcf-4959-9418-743efb8f95e8,,,,10.0000,5000000.00,0,,2026-07-25T18:08:54.562Z,,,,false
be238132-5ba0-4d24-b67f-1a655866e4fe,3f80ba3e-7b4c-4f21-825a-05f891c39ccf,c383dd94-afcf-4959-9418-743efb8f95e8,,,,10.0000,5000000.00,0,,2026-07-25T18:09:00.395Z,,,,false
c8940066-91c4-48bd-8698-fbfbe83b9368,991735ff-cee2-48e9-858e-e52a02795550,c383dd94-afcf-4959-9418-743efb8f95e8,,,,10.0000,5000000.00,0,,2026-07-25T18:09:03.071Z,,,,false
9766dabe-cabf-485b-96c1-65d328521b1c,7f9388ac-98df-4b23-b6db-0f673b9793c5,c383dd94-afcf-4959-9418-743efb8f95e8,,,,10.0000,5000000.00,0,,2026-07-25T18:09:04.875Z,,,,false
dc73347d-586e-47e2-b6c3-b39031e44285,cd083ba2-8ee2-43ea-bebb-3e9be5f74c2c,c383dd94-afcf-4959-9418-743efb8f95e8,,,,10.0000,5000000.00,0,,2026-07-25T18:09:11.726Z,,,,false
1ba5a923-0e26-45b7-b781-d5db31933765,4de446ba-8bf1-4937-a266-bbad1c6e9ab7,c383dd94-afcf-4959-9418-743efb8f95e8,,,,10.0000,5000000.00,0,,2026-07-25T18:09:15.859Z,,,,false
08588f10-e05b-4c2c-a1aa-709dda7efdb0,4de446ba-8bf1-4937-a266-bbad1c6e9ab7,c383dd94-afcf-4959-9418-743efb8f95e8,,,,5.0000,1000.00,0,,2026-07-25T18:09:19.066Z,,,,false
3c8118c1-a9ff-42c7-96f3-92f62df531ea,990f9fa4-7026-4c38-a479-a572261d1396,c383dd94-afcf-4959-9418-743efb8f95e8,,,,1.0000,1000000.00,0,,2026-07-25T18:17:27.566Z,,,,false
d3ca5702-c452-4915-8dbe-d05ac18f61d2,990f9fa4-7026-4c38-a479-a572261d1396,c383dd94-afcf-4959-9418-743efb8f95e8,,,,1.0000,2500000.00,0,,2026-07-25T18:17:27.754Z,,,,false
4478883c-9c16-4125-a8f4-6b15963b4a44,990f9fa4-7026-4c38-a479-a572261d1396,c383dd94-afcf-4959-9418-743efb8f95e8,,,,1.0000,500000.00,0,,2026-07-25T18:17:27.936Z,,,,false
4fec57f9-25bc-4dbf-94ea-acf4b7f4a669,735ad678-5d77-4ec0-bf1c-3d85b170a626,c383dd94-afcf-4959-9418-743efb8f95e8,,,,7.0000,9999999.00,0,,2026-07-25T18:17:31.023Z,,,,false
8d21b7a7-9168-4a96-b450-8a77c8fdb8aa,97d53ca8-ca62-4aed-8d58-33a07756be5d,c383dd94-afcf-4959-9418-743efb8f95e8,,,,10.0000,5000000.00,0,,2026-07-25T18:17:32.436Z,,,,false
af48e824-2bbc-4fb2-8621-d8d7b5f4f08d,531fe8be-656e-47d1-bb23-7559e5f110e7,c383dd94-afcf-4959-9418-743efb8f95e8,,,,10.0000,5000000.00,0,,2026-07-25T18:17:35.134Z,,,,false
3196f978-0cbc-4859-9937-680355a287d2,80e11197-71a2-4af0-bd17-7cce79096c07,c383dd94-afcf-4959-9418-743efb8f95e8,,,,10.0000,5000000.00,0,,2026-07-25T18:17:40.616Z,,,,false
866f7a2c-01ff-44f3-8d72-14ccb0f2526f,ebde3d18-50c6-4039-88ca-be51f034ce33,c383dd94-afcf-4959-9418-743efb8f95e8,,,,10.0000,5000000.00,0,,2026-07-25T18:17:43.630Z,,,,false
ff3c2b0d-ab75-4fab-a797-db7dffba7bae,0b8f8f19-ca81-4be9-8715-bea30d035b98,c383dd94-afcf-4959-9418-743efb8f95e8,,,,10.0000,5000000.00,0,,2026-07-25T18:17:45.701Z,,,,false
40f80be0-35d8-41ee-84b9-09b0182058bf,f3642df5-c3f6-424a-895b-3986a38b0398,c383dd94-afcf-4959-9418-743efb8f95e8,,,,10.0000,5000000.00,0,,2026-07-25T18:17:51.762Z,,,,false
a1c395ca-62a1-4f36-9d1b-76afc89ed423,494d9a26-76b5-4108-8558-c57e6500924c,c383dd94-afcf-4959-9418-743efb8f95e8,,,,10.0000,5000000.00,0,,2026-07-25T18:17:55.174Z,,,,false
7496f239-a2d8-45a8-8128-3c0394b19c5b,494d9a26-76b5-4108-8558-c57e6500924c,c383dd94-afcf-4959-9418-743efb8f95e8,,,,5.0000,1000.00,0,,2026-07-25T18:17:58.925Z,,,,false
bf4acc02-5274-41d3-ac51-3e4b4b70ce5c,3fc4f8c4-3239-4391-a6c3-1aed17432ca9,c383dd94-afcf-4959-9418-743efb8f95e8,,,,1.0000,1000000.00,0,,2026-07-25T19:19:44.110Z,,,,false
bcf7313e-01dd-41d9-a4a9-ad1038890dd5,3fc4f8c4-3239-4391-a6c3-1aed17432ca9,c383dd94-afcf-4959-9418-743efb8f95e8,,,,1.0000,2500000.00,0,,2026-07-25T19:19:44.386Z,,,,false
0874f791-b149-43b0-9638-1005e70b2669,3fc4f8c4-3239-4391-a6c3-1aed17432ca9,c383dd94-afcf-4959-9418-743efb8f95e8,,,,1.0000,500000.00,0,,2026-07-25T19:19:44.612Z,,,,false
e136c5b3-4059-4285-bbe9-3f6119a5d1d2,05b43cc8-e636-4857-9d2c-4d1bb9319809,c383dd94-afcf-4959-9418-743efb8f95e8,,,,7.0000,9999999.00,0,,2026-07-25T19:19:50.326Z,,,,false
62fad93b-090c-4575-9218-520881c912b9,3ec95319-c176-462b-b7a7-9a855e9bf97e,c383dd94-afcf-4959-9418-743efb8f95e8,,,,10.0000,5000000.00,0,,2026-07-25T19:19:53.495Z,,,,false
98073c96-2f90-4235-95b9-ccea3ef61af7,c844edf6-1121-4e08-876e-fd43aa0e008a,c383dd94-afcf-4959-9418-743efb8f95e8,,,,10.0000,5000000.00,0,,2026-07-25T19:19:58.959Z,,,,false
30164234-85b9-454b-a25d-0730ba43dcb8,3a2dcf13-5c5b-43c2-b868-0651aeea3db1,c383dd94-afcf-4959-9418-743efb8f95e8,,,,10.0000,5000000.00,0,,2026-07-25T19:20:07.868Z,,,,false
a563fc95-e58e-4481-a523-2a3175bb311b,14f539a4-df5f-4a44-8947-699f215cbe95,c383dd94-afcf-4959-9418-743efb8f95e8,,,,10.0000,5000000.00,0,,2026-07-25T19:20:10.815Z,,,,false
e354fcde-2422-4cd6-81c8-eb9167b9511c,df86d713-2bdb-49de-8946-b45d7057421b,c383dd94-afcf-4959-9418-743efb8f95e8,,,,10.0000,5000000.00,0,,2026-07-25T19:20:12.870Z,,,,false
35e9e8d5-0e63-4e49-aa4d-624a368b4f34,2827bff1-ce1e-4580-8040-d7234e3633ad,c383dd94-afcf-4959-9418-743efb8f95e8,,,,10.0000,5000000.00,0,,2026-07-25T19:20:22.479Z,,,,false
ffdbf089-f9e3-4daf-a06c-02a980a29a53,a3834c6e-f5a9-4901-8462-1e1e606cb6eb,c383dd94-afcf-4959-9418-743efb8f95e8,,,,10.0000,5000000.00,0,,2026-07-25T19:20:27.612Z,,,,false
1609b096-ffbf-425b-8b72-db0603ff5cc6,a3834c6e-f5a9-4901-8462-1e1e606cb6eb,c383dd94-afcf-4959-9418-743efb8f95e8,,,,5.0000,1000.00,0,,2026-07-25T19:20:31.897Z,,,,false
8349ddf5-9d99-43d2-82ee-d0d744098322,07757489-da37-45f8-a2bb-c188bce27c5f,c383dd94-afcf-4959-9418-743efb8f95e8,,,,1.0000,1000000.00,0,,2026-07-25T19:29:59.179Z,,,,false
082c2b98-5e47-4f43-8f26-878ba81e6444,07757489-da37-45f8-a2bb-c188bce27c5f,c383dd94-afcf-4959-9418-743efb8f95e8,,,,1.0000,2500000.00,0,,2026-07-25T19:29:59.416Z,,,,false
f7fe5c7f-de21-46a2-b4db-b72e8c25fc60,07757489-da37-45f8-a2bb-c188bce27c5f,c383dd94-afcf-4959-9418-743efb8f95e8,,,,1.0000,500000.00,0,,2026-07-25T19:29:59.642Z,,,,false
3794301b-3067-414f-a507-12521c49aa7d,32c01435-6ba3-4e7a-83e0-c5cf18750a70,c383dd94-afcf-4959-9418-743efb8f95e8,,,,7.0000,9999999.00,0,,2026-07-25T19:30:06.203Z,,,,false
fb842738-6c79-4a79-b2dc-8f55285ff47a,e2ece98f-7a7d-4a64-be9d-c2f3098fb621,c383dd94-afcf-4959-9418-743efb8f95e8,,,,10.0000,5000000.00,0,,2026-07-25T19:30:09.354Z,,,,false
9cc9c9be-8e3b-442b-a35b-d8534e89674b,2e65c4a4-3a55-4174-b590-94af1671fe55,c383dd94-afcf-4959-9418-743efb8f95e8,,,,10.0000,5000000.00,0,,2026-07-25T19:30:14.313Z,,,,false
317a5127-e1ba-4766-bca2-f3ec6a4e844d,18c8247e-6f40-4be4-ac78-60e11965f10c,c383dd94-afcf-4959-9418-743efb8f95e8,,,,10.0000,5000000.00,0,,2026-07-25T19:30:20.032Z,,,,false
ee73ab8d-85b6-4b74-91d1-1078823da7aa,ecb2ceb3-0f3a-4b33-8065-b92fbf5916f9,c383dd94-afcf-4959-9418-743efb8f95e8,,,,10.0000,5000000.00,0,,2026-07-25T19:30:23.526Z,,,,false
09e5c9e9-055b-42d1-afcf-9841b01e445c,ce96b79f-c455-438b-be05-647556bac7cc,c383dd94-afcf-4959-9418-743efb8f95e8,,,,10.0000,5000000.00,0,,2026-07-25T19:30:26.142Z,,,,false
08b72e98-a171-4b20-858d-c71fcf4e0cc9,2c4b5fb3-525e-402e-922e-2cdd0c296435,c383dd94-afcf-4959-9418-743efb8f95e8,,,,10.0000,5000000.00,0,,2026-07-25T19:30:37.145Z,,,,false
0fb24bd2-07b0-4375-832e-dcb6a71df9a0,b5e777dd-5035-4974-ac73-3c4cb1a579ed,c383dd94-afcf-4959-9418-743efb8f95e8,,,,10.0000,5000000.00,0,,2026-07-25T19:30:43.239Z,,,,false
78bfcad5-699d-4fc2-ba38-70f9b1733dd5,b5e777dd-5035-4974-ac73-3c4cb1a579ed,c383dd94-afcf-4959-9418-743efb8f95e8,,,,5.0000,1000.00,0,,2026-07-25T19:30:47.046Z,,,,false
4fe6d488-d52c-4e58-9201-dda498b010da,36e2beeb-21e8-4659-8451-3303011cc25c,c383dd94-afcf-4959-9418-743efb8f95e8,,,,1.0000,1000000.00,0,,2026-07-25T20:10:06.678Z,,,,false
dd5f7a7d-3ffb-4651-92b5-4e8e56f9ed27,36e2beeb-21e8-4659-8451-3303011cc25c,c383dd94-afcf-4959-9418-743efb8f95e8,,,,1.0000,2500000.00,0,,2026-07-25T20:10:06.939Z,,,,false
d29e9641-bc3a-4139-936b-fde1e727db35,36e2beeb-21e8-4659-8451-3303011cc25c,c383dd94-afcf-4959-9418-743efb8f95e8,,,,1.0000,500000.00,0,,2026-07-25T20:10:07.166Z,,,,false
75c3bd29-4446-42f5-bbe8-73ecf4847c30,83db154a-7424-4f19-910f-08d156665a5c,c383dd94-afcf-4959-9418-743efb8f95e8,,,,7.0000,9999999.00,0,,2026-07-25T20:10:12.661Z,,,,false
888476d5-43ec-4857-8966-910d63c239ab,70d59e96-3f44-4a5c-bdae-64c8e40b967f,c383dd94-afcf-4959-9418-743efb8f95e8,,,,10.0000,5000000.00,0,,2026-07-25T20:10:15.297Z,,,,false
4dfa078c-f89f-4b96-a01f-3d29b11595b7,7cd6fe28-c400-4b12-9499-4c8f230343fc,c383dd94-afcf-4959-9418-743efb8f95e8,,,,10.0000,5000000.00,0,,2026-07-25T20:10:21.341Z,,,,false
6ac17261-337b-453b-9014-9442af88ae8f,a561e30a-4468-46ca-a68f-e598fc21c298,c383dd94-afcf-4959-9418-743efb8f95e8,,,,10.0000,5000000.00,0,,2026-07-25T20:10:30.888Z,,,,false
90906ab4-947f-43ff-ab25-7835fbd3270b,2fecb3c4-1f69-4c35-b9bd-22575784370b,c383dd94-afcf-4959-9418-743efb8f95e8,,,,10.0000,5000000.00,0,,2026-07-25T20:10:35.940Z,,,,false
c2763e75-4f53-47b0-983b-16008e357046,5ba136e5-f5a9-4b6e-93c4-e27af5a78fbe,c383dd94-afcf-4959-9418-743efb8f95e8,,,,10.0000,5000000.00,0,,2026-07-25T20:10:38.433Z,,,,false
e63b1ab1-2b14-4ba2-95f8-72336b0e90c1,85e8279c-3e05-4d3a-aefb-0d0729047032,c383dd94-afcf-4959-9418-743efb8f95e8,,,,10.0000,5000000.00,0,,2026-07-25T20:10:47.789Z,,,,false
2aad5b87-f637-4067-9e6d-dddf4973108b,36b4833b-e417-4e80-bd31-74e5e6313f18,c383dd94-afcf-4959-9418-743efb8f95e8,,,,10.0000,5000000.00,0,,2026-07-25T20:10:52.315Z,,,,false
c345782c-2d4f-4888-a75e-d1dc1a0559e9,36b4833b-e417-4e80-bd31-74e5e6313f18,c383dd94-afcf-4959-9418-743efb8f95e8,,,,5.0000,1000.00,0,,2026-07-25T20:10:57.127Z,,,,false
8227fa6b-a258-4fd6-9006-1a00279bb1d4,2791fbc7-ef84-46a0-8dc1-bb27aba9e6c3,c383dd94-afcf-4959-9418-743efb8f95e8,,,,1.0000,1000000.00,0,,2026-07-25T20:20:20.318Z,,,,false
82bb9e4c-6ce2-4a20-8969-364e1ebb490a,2791fbc7-ef84-46a0-8dc1-bb27aba9e6c3,c383dd94-afcf-4959-9418-743efb8f95e8,,,,1.0000,2500000.00,0,,2026-07-25T20:20:20.507Z,,,,false
bed035be-5cdf-4cd5-91f0-a03f4932d6e1,2791fbc7-ef84-46a0-8dc1-bb27aba9e6c3,c383dd94-afcf-4959-9418-743efb8f95e8,,,,1.0000,500000.00,0,,2026-07-25T20:20:20.689Z,,,,false
7b3e1475-68b5-4440-b219-974b6052f82f,d16e6e0b-1c1a-4189-9754-966c935f8ff9,c383dd94-afcf-4959-9418-743efb8f95e8,,,,7.0000,9999999.00,0,,2026-07-25T20:20:24.284Z,,,,false
9fed7fed-55c1-47bb-9ba3-9bd66f3d5bbc,8c82581c-9617-4fa0-9ecd-60d7fe1127ae,c383dd94-afcf-4959-9418-743efb8f95e8,,,,10.0000,5000000.00,0,,2026-07-25T20:20:25.898Z,,,,false
0b4e07ee-a93e-4d77-86f7-f6516fb6aa88,dd5a073e-9511-43f9-9489-0086e0d658fc,c383dd94-afcf-4959-9418-743efb8f95e8,,,,10.0000,5000000.00,0,,2026-07-25T20:20:30.050Z,,,,false
a3f29209-1fc8-4248-bce9-f9e022ca395d,5d1c1048-797e-45bb-b207-35c426ac8daa,c383dd94-afcf-4959-9418-743efb8f95e8,,,,10.0000,5000000.00,0,,2026-07-25T20:20:35.086Z,,,,false
5b26f195-41e1-4249-bd80-1c5eec93f132,e7af4930-4790-44e0-a8f4-959aa90a0b09,c383dd94-afcf-4959-9418-743efb8f95e8,,,,10.0000,5000000.00,0,,2026-07-25T20:20:37.733Z,,,,false
e7c8c12c-b0c3-4745-a552-6571e76fa285,385afc43-6863-4404-ad72-0a6a5f463afc,c383dd94-afcf-4959-9418-743efb8f95e8,,,,10.0000,5000000.00,0,,2026-07-25T20:20:39.295Z,,,,false
813c6f44-1165-486b-a430-1e78af4d9d1e,8c11dea1-47a6-47be-91f4-0116b582657e,c383dd94-afcf-4959-9418-743efb8f95e8,,,,10.0000,5000000.00,0,,2026-07-25T20:20:45.789Z,,,,false
033c8dda-7188-4b48-9ab4-2faeef8fc9ac,418aadd9-4cce-46d5-a13b-235a40ed2990,c383dd94-afcf-4959-9418-743efb8f95e8,,,,10.0000,5000000.00,0,,2026-07-25T20:20:48.915Z,,,,false
bd0e52a3-aa08-400f-889a-6caf66f1ae25,418aadd9-4cce-46d5-a13b-235a40ed2990,c383dd94-afcf-4959-9418-743efb8f95e8,,,,5.0000,1000.00,0,,2026-07-25T20:20:51.625Z,,,,false
8c64d561-c593-4a6a-bc5f-9d95c7bce7a2,0d0cbb83-e200-4eeb-a49c-8c92396b8cfc,c383dd94-afcf-4959-9418-743efb8f95e8,,,,1.0000,1000000.00,0,,2026-07-25T20:48:04.304Z,,,,false
19e0cfef-f51d-4b34-bf6b-b830944bf490,0d0cbb83-e200-4eeb-a49c-8c92396b8cfc,c383dd94-afcf-4959-9418-743efb8f95e8,,,,1.0000,2500000.00,0,,2026-07-25T20:48:04.517Z,,,,false
56f09f41-75ed-448e-8c55-359041cf6c49,0d0cbb83-e200-4eeb-a49c-8c92396b8cfc,c383dd94-afcf-4959-9418-743efb8f95e8,,,,1.0000,500000.00,0,,2026-07-25T20:48:04.699Z,,,,false
f2556fda-749b-42fa-bbce-8856a667bcc1,1d25f908-437b-4c20-b5e7-44e984d8d62a,c383dd94-afcf-4959-9418-743efb8f95e8,,,,7.0000,9999999.00,0,,2026-07-25T20:48:08.862Z,,,,false
05d90f04-ddc2-4d7f-a96c-e12f2ff16f93,dfedfd8b-8dd8-4973-aaa6-7bedb3fa5ce0,c383dd94-afcf-4959-9418-743efb8f95e8,,,,10.0000,5000000.00,0,,2026-07-25T20:48:10.596Z,,,,false
10a07dbe-75d8-4269-abb1-9a3615ef70e7,0708678b-160a-44fb-a937-e506f26eff92,c383dd94-afcf-4959-9418-743efb8f95e8,,,,10.0000,5000000.00,0,,2026-07-25T20:48:14.050Z,,,,false
1c4b590c-7b40-43cc-bf36-f357bd0a1067,944a7ed3-83b7-4e13-b576-18ba81cc5b90,c383dd94-afcf-4959-9418-743efb8f95e8,,,,10.0000,5000000.00,0,,2026-07-25T20:48:19.073Z,,,,false
709b22a1-c711-4272-9a4d-9a7e96e0522f,8fc68539-841e-46c9-8957-b240b446669a,c383dd94-afcf-4959-9418-743efb8f95e8,,,,10.0000,5000000.00,0,,2026-07-25T20:48:21.282Z,,,,false
a54c8d7b-4e95-453f-a7e5-d1dc903d5cb3,f58a386d-48db-4e51-a79c-0b61b57bded5,c383dd94-afcf-4959-9418-743efb8f95e8,,,,10.0000,5000000.00,0,,2026-07-25T20:48:22.833Z,,,,false
429c519f-9505-4380-b29b-fa2c71cbe900,f9409606-1963-46bf-a4f8-b4f188fd245c,c383dd94-afcf-4959-9418-743efb8f95e8,,,,10.0000,5000000.00,0,,2026-07-25T20:48:28.309Z,,,,false
38b09001-4639-48c0-b2bb-cdb800e5934e,cd807af6-89cb-4bb7-b82c-742b3f49cc14,c383dd94-afcf-4959-9418-743efb8f95e8,,,,10.0000,5000000.00,0,,2026-07-25T20:48:31.457Z,,,,false
f37088ff-ab92-4bbf-9116-b6f8a53f4ce2,cd807af6-89cb-4bb7-b82c-742b3f49cc14,c383dd94-afcf-4959-9418-743efb8f95e8,,,,5.0000,1000.00,0,,2026-07-25T20:48:34.698Z,,,,false
4056c7d0-d00e-4a7d-b704-5c3e30ed648b,ccc071c2-1f66-4be7-8c54-0197ab266969,c383dd94-afcf-4959-9418-743efb8f95e8,,,,1.0000,1000000.00,0,,2026-07-25T20:56:11.987Z,,,,false
e6d8173b-2e27-4bcc-b326-bc35a7b17e37,ccc071c2-1f66-4be7-8c54-0197ab266969,c383dd94-afcf-4959-9418-743efb8f95e8,,,,1.0000,2500000.00,0,,2026-07-25T20:56:12.180Z,,,,false
40ada073-4049-4ce3-b09f-f58c3c05d291,ccc071c2-1f66-4be7-8c54-0197ab266969,c383dd94-afcf-4959-9418-743efb8f95e8,,,,1.0000,500000.00,0,,2026-07-25T20:56:12.363Z,,,,false
1bfb804d-9f19-4b45-856f-44b3a1ea3d66,2c86a108-cf19-4762-80d4-0a1972c4ed18,c383dd94-afcf-4959-9418-743efb8f95e8,,,,7.0000,9999999.00,0,,2026-07-25T20:56:15.163Z,,,,false
324c7860-7a39-4ef2-933b-d68d1c5541dd,9fa4c5af-0d8f-42f3-ab25-0e25e6d15885,c383dd94-afcf-4959-9418-743efb8f95e8,,,,10.0000,5000000.00,0,,2026-07-25T20:56:16.433Z,,,,false
a0ec1e61-e954-4fd5-981d-898f3bd1474b,cb204526-57dd-4eff-ab1d-930d1fc0b402,c383dd94-afcf-4959-9418-743efb8f95e8,,,,10.0000,5000000.00,0,,2026-07-25T20:56:19.527Z,,,,false
585625c3-8eff-4645-9531-64e887632f38,667c2044-c5f7-4fb4-8c29-3c5dc9bd0d57,c383dd94-afcf-4959-9418-743efb8f95e8,,,,10.0000,5000000.00,0,,2026-07-25T20:56:23.195Z,,,,false
b449ae4f-2841-496c-9e3c-dd004f3c2b62,ef574e42-e226-4b6b-bb56-b22438b51e13,c383dd94-afcf-4959-9418-743efb8f95e8,,,,10.0000,5000000.00,0,,2026-07-25T20:56:25.471Z,,,,false
11c1aed2-4abd-44dd-b282-f17b110d8f2c,46045264-257a-4eb9-8124-02edc4caf829,c383dd94-afcf-4959-9418-743efb8f95e8,,,,10.0000,5000000.00,0,,2026-07-25T20:56:27.111Z,,,,false
b19fda81-ccf0-49fc-93a3-dc9930606f9c,256dcb93-abdf-40c4-99e9-bf58e700967b,c383dd94-afcf-4959-9418-743efb8f95e8,,,,10.0000,5000000.00,0,,2026-07-25T20:56:32.861Z,,,,false
c955e296-849e-4532-b72c-d0e331ed9c67,b34f2cf1-85a8-4a9e-abc3-094a3025f27c,c383dd94-afcf-4959-9418-743efb8f95e8,,,,10.0000,5000000.00,0,,2026-07-25T20:56:36.038Z,,,,false
0f83f81b-cdda-4aa6-bf78-89cd934bd23f,b34f2cf1-85a8-4a9e-abc3-094a3025f27c,c383dd94-afcf-4959-9418-743efb8f95e8,,,,5.0000,1000.00,0,,2026-07-25T20:56:38.613Z,,,,false
200bc884-7eed-4bba-b72b-b1e9baa974e9,76888bab-80a1-4f1f-9112-9c175e4f88dd,c383dd94-afcf-4959-9418-743efb8f95e8,,,,1.0000,1000000.00,0,,2026-07-25T21:04:12.725Z,,,,false
75c44ef3-cbfe-45d9-9150-99db9b00a113,76888bab-80a1-4f1f-9112-9c175e4f88dd,c383dd94-afcf-4959-9418-743efb8f95e8,,,,1.0000,2500000.00,0,,2026-07-25T21:04:12.904Z,,,,false
bed04064-8aa6-44dd-885c-44f81a7a563e,76888bab-80a1-4f1f-9112-9c175e4f88dd,c383dd94-afcf-4959-9418-743efb8f95e8,,,,1.0000,500000.00,0,,2026-07-25T21:04:13.075Z,,,,false
4719953a-858f-4d95-ac0a-754ee727b963,67c0a569-ac72-41c1-976c-ec316dbade25,c383dd94-afcf-4959-9418-743efb8f95e8,,,,7.0000,9999999.00,0,,2026-07-25T21:04:17.296Z,,,,false
88bba258-dc36-408a-a0c4-bcbc803c0dc0,116aed64-427d-4aa2-92d1-0d929681d684,c383dd94-afcf-4959-9418-743efb8f95e8,,,,10.0000,5000000.00,0,,2026-07-25T21:04:18.865Z,,,,false
c3f44f24-34ba-4d5c-b421-775c38867625,6ead5a8f-638d-48f4-8f57-5d5e4edbf0aa,c383dd94-afcf-4959-9418-743efb8f95e8,,,,10.0000,5000000.00,0,,2026-07-25T21:04:22.918Z,,,,false
043a8abf-fd0f-4cfe-873b-5031fb090ba2,8288fd0c-fcab-4ef7-8b2b-624728dfca1a,c383dd94-afcf-4959-9418-743efb8f95e8,,,,10.0000,5000000.00,0,,2026-07-25T21:04:27.895Z,,,,false
aa18a35a-a3d5-4ff9-b996-8b3907938b24,4127f8a2-ad16-483b-963e-62680f6644cd,c383dd94-afcf-4959-9418-743efb8f95e8,,,,10.0000,5000000.00,0,,2026-07-25T21:04:30.863Z,,,,false
a3b6a2d8-f9d2-482a-a289-6a16aada985a,cef0fc4e-346d-4786-8e09-9ba6a7c32e32,c383dd94-afcf-4959-9418-743efb8f95e8,,,,10.0000,5000000.00,0,,2026-07-25T21:04:33.102Z,,,,false
d99858a9-65da-43b9-a3ae-8638bf5d5a3a,52019291-16dc-4227-8bb6-af7f595457b7,c383dd94-afcf-4959-9418-743efb8f95e8,,,,10.0000,5000000.00,0,,2026-07-25T21:04:39.813Z,,,,false
30d49efd-ab6f-4b93-9dc8-bd513c0c56f0,6b9716df-05f8-463a-b06c-210650e4191a,c383dd94-afcf-4959-9418-743efb8f95e8,,,,10.0000,5000000.00,0,,2026-07-25T21:04:42.864Z,,,,false
f9d4a7bc-bfb1-4aa3-b44f-e527643a2a29,6b9716df-05f8-463a-b06c-210650e4191a,c383dd94-afcf-4959-9418-743efb8f95e8,,,,5.0000,1000.00,0,,2026-07-25T21:04:45.360Z,,,,false
91337980-4180-43e1-a15d-b012a95205e8,d07ddd86-2bd4-4f6c-b38f-cc7a44132ae0,c383dd94-afcf-4959-9418-743efb8f95e8,,,,1.0000,1000000.00,0,,2026-07-26T20:08:42.677Z,,,,false
3fbe26b8-045b-49c6-a3a4-6f057f196b1f,d07ddd86-2bd4-4f6c-b38f-cc7a44132ae0,c383dd94-afcf-4959-9418-743efb8f95e8,,,,1.0000,2500000.00,0,,2026-07-26T20:08:42.713Z,,,,false
dad08d6a-dfad-4b67-8be1-a76e3be34f4f,d07ddd86-2bd4-4f6c-b38f-cc7a44132ae0,c383dd94-afcf-4959-9418-743efb8f95e8,,,,1.0000,500000.00,0,,2026-07-26T20:08:42.739Z,,,,false
03b57799-559e-48e7-af91-fcbc7252eab4,c4fec9d5-7a6e-4ae6-9c8c-406fe3cf8293,c383dd94-afcf-4959-9418-743efb8f95e8,,,,7.0000,9999999.00,0,,2026-07-26T20:08:43.177Z,,,,false
115e1a29-9358-4937-a8f4-58ee8d0f2970,4a1dc3c2-2886-4921-bc7f-0a409b27db00,c383dd94-afcf-4959-9418-743efb8f95e8,,,,10.0000,5000000.00,0,,2026-07-26T20:08:43.491Z,,,,false
03c4bbaa-e938-4591-9747-7fb77b8d210b,eab7ca12-6a74-4b80-acbd-c5d8823720be,c383dd94-afcf-4959-9418-743efb8f95e8,,,,10.0000,5000000.00,0,,2026-07-26T20:08:44.026Z,,,,false
fe943865-86a4-4ec2-8b65-28fe0a7a6605,f53a3b20-c64e-4337-a21a-aea5a606d585,c383dd94-afcf-4959-9418-743efb8f95e8,,,,10.0000,5000000.00,0,,2026-07-26T20:08:44.773Z,,,,false
14b3a1a2-c9c5-42d2-85b0-4c620e5abe46,cc0aa565-4460-4973-b96b-6ba6ba04d850,c383dd94-afcf-4959-9418-743efb8f95e8,,,,10.0000,5000000.00,0,,2026-07-26T20:08:45.153Z,,,,false
342107c4-524f-493e-837a-29438dc575b7,ca4fb724-b74a-4f6a-bd85-c90cdd327720,c383dd94-afcf-4959-9418-743efb8f95e8,,,,10.0000,5000000.00,0,,2026-07-26T20:08:45.404Z,,,,false
ee022aa3-6722-4a01-9bd2-0809bd82705a,838a62ee-ccd4-4e5c-a755-315b30eb3b3b,c383dd94-afcf-4959-9418-743efb8f95e8,,,,10.0000,5000000.00,0,,2026-07-26T20:08:46.416Z,,,,false
1b3b4389-4b14-499a-8e5a-055119d0a73d,fedb64fe-7e41-4337-aed3-b49b0f5c4832,c383dd94-afcf-4959-9418-743efb8f95e8,,,,10.0000,5000000.00,0,,2026-07-26T20:08:46.991Z,,,,false
b0f37e46-5755-488e-8ca4-ba13a69b642e,fedb64fe-7e41-4337-aed3-b49b0f5c4832,c383dd94-afcf-4959-9418-743efb8f95e8,,,,5.0000,1000.00,0,,2026-07-26T20:08:47.471Z,,,,false
008376ae-b15a-4778-92c1-0fac46bbfb77,a2b52fc7-a6f9-412b-9f13-a978a62057c8,c383dd94-afcf-4959-9418-743efb8f95e8,,,,1.0000,1000000.00,0,,2026-07-28T16:27:49.152Z,,,,false
7ae9a64d-4e8b-4159-840e-10654f5976d1,a2b52fc7-a6f9-412b-9f13-a978a62057c8,c383dd94-afcf-4959-9418-743efb8f95e8,,,,1.0000,2500000.00,0,,2026-07-28T16:27:49.196Z,,,,false
5196a7a0-460e-4de1-a948-84b46116363f,a2b52fc7-a6f9-412b-9f13-a978a62057c8,c383dd94-afcf-4959-9418-743efb8f95e8,,,,1.0000,500000.00,0,,2026-07-28T16:27:49.218Z,,,,false
da1063bf-d55b-4088-8629-fa369e8dc472,22380d4a-24c1-4201-9c7b-da16af757b93,c383dd94-afcf-4959-9418-743efb8f95e8,,,,7.0000,9999999.00,0,,2026-07-28T16:27:50.824Z,,,,false
4328986b-f375-4105-8f42-571081775a38,6a67b37a-0957-4908-a51b-8cd3ccb988a1,c383dd94-afcf-4959-9418-743efb8f95e8,,,,10.0000,5000000.00,0,,2026-07-28T16:27:51.193Z,,,,false
12946d89-2ec2-453a-b72a-b4c44db889ba,4256a42c-298a-4024-8b13-7b9306867e1c,c383dd94-afcf-4959-9418-743efb8f95e8,,,,10.0000,5000000.00,0,,2026-07-28T16:27:51.743Z,,,,false
af165c56-ea02-4ca2-84e3-2a6db14bf1d3,8e82c990-75c5-48b0-89b4-2685be46eee1,c383dd94-afcf-4959-9418-743efb8f95e8,,,,10.0000,5000000.00,0,,2026-07-28T16:27:52.629Z,,,,false
0fe12d61-6541-4ebf-9d9b-71c7c1e26adf,20f630d8-008b-408e-a6d4-8810ba578efe,c383dd94-afcf-4959-9418-743efb8f95e8,,,,10.0000,5000000.00,0,,2026-07-28T16:27:53.534Z,,,,false
e84a3eae-6d9d-43a5-a68b-3e6818ea5073,ca41192e-dd1d-46bf-b028-2209d90398dd,c383dd94-afcf-4959-9418-743efb8f95e8,,,,10.0000,5000000.00,0,,2026-07-28T16:27:53.826Z,,,,false
c796476a-412f-4fa0-9de8-3d38db1cfbf7,1fa5c090-689e-47fe-a62c-9b81eb1b6ef7,c383dd94-afcf-4959-9418-743efb8f95e8,,,,10.0000,5000000.00,0,,2026-07-28T16:27:55.121Z,,,,false
f82ac8a5-3051-4fdf-b396-3f8bdc76ae0f,a4654e85-79bc-4810-af05-ed398977d6cf,c383dd94-afcf-4959-9418-743efb8f95e8,,,,10.0000,5000000.00,0,,2026-07-28T16:27:55.838Z,,,,false
13f6fd3a-4369-4cb9-807f-319ac8655682,a4654e85-79bc-4810-af05-ed398977d6cf,c383dd94-afcf-4959-9418-743efb8f95e8,,,,5.0000,1000.00,0,,2026-07-28T16:27:56.443Z,,,,false
33142feb-63d7-464d-8957-6b833f955c59,8a26d03c-b797-4728-8c13-7917eabdf335,c383dd94-afcf-4959-9418-743efb8f95e8,,,,1.0000,1000000.00,0,,2026-07-28T19:23:21.870Z,,,,false
68e35923-d63e-454d-b97a-48d8691b9a2c,8a26d03c-b797-4728-8c13-7917eabdf335,c383dd94-afcf-4959-9418-743efb8f95e8,,,,1.0000,2500000.00,0,,2026-07-28T19:23:21.892Z,,,,false
a6c55e2a-df25-4a6e-bd23-9a08b26009a8,8a26d03c-b797-4728-8c13-7917eabdf335,c383dd94-afcf-4959-9418-743efb8f95e8,,,,1.0000,500000.00,0,,2026-07-28T19:23:21.915Z,,,,false
748cf5b0-fcf2-458d-8bd1-c268c4e791cd,d7a03859-2f6e-47a0-8cf1-1c0c5745d445,c383dd94-afcf-4959-9418-743efb8f95e8,,,,7.0000,9999999.00,0,,2026-07-28T19:23:22.393Z,,,,false
2f275da1-ca5d-4995-8184-62dfc9fb5c8f,13ccb46e-90af-4184-949a-01c1e47060b6,c383dd94-afcf-4959-9418-743efb8f95e8,,,,10.0000,5000000.00,0,,2026-07-28T19:23:22.653Z,,,,false
7d229356-0aac-4563-b6f1-9f8990db85d2,c2b879b4-3c9b-41d0-b547-614e61043a4a,c383dd94-afcf-4959-9418-743efb8f95e8,,,,10.0000,5000000.00,0,,2026-07-28T19:23:23.143Z,,,,false
96d6ca40-e054-409b-b612-e8bbed54e1a0,883da500-7c1c-48e2-84b7-9964f4d3a852,c383dd94-afcf-4959-9418-743efb8f95e8,,,,10.0000,5000000.00,0,,2026-07-28T19:23:23.883Z,,,,false
05b1bb4d-6d5a-4a49-a1a3-1e6c5946fa6e,6e0e8eb1-fc99-4aae-80ae-c71dca3f1bf0,c383dd94-afcf-4959-9418-743efb8f95e8,,,,10.0000,5000000.00,0,,2026-07-28T19:23:24.304Z,,,,false
a4c1f864-737f-4c7e-8011-b84fb8c5998f,a14ae7f6-aada-4010-898c-00ca1233a6f5,c383dd94-afcf-4959-9418-743efb8f95e8,,,,10.0000,5000000.00,0,,2026-07-28T19:23:24.744Z,,,,false
0e04a484-264d-439c-99d0-1ab1a3682cdf,1234c6ae-f837-4f39-b380-4c17767083e9,c383dd94-afcf-4959-9418-743efb8f95e8,,,,10.0000,5000000.00,0,,2026-07-28T19:23:25.745Z,,,,false
e31b9b7d-1708-42ce-a1aa-49f22a19925b,0b181e8a-23e9-4371-9003-234dadd9af0f,c383dd94-afcf-4959-9418-743efb8f95e8,,,,10.0000,5000000.00,0,,2026-07-28T19:23:26.278Z,,,,false
2ba207e0-21cd-4e1f-9123-7c7e3e749e4e,0b181e8a-23e9-4371-9003-234dadd9af0f,c383dd94-afcf-4959-9418-743efb8f95e8,,,,5.0000,1000.00,0,,2026-07-28T19:23:26.769Z,,,,false
260998ea-8eb2-4186-9fc5-bcd4f848e15b,53b54d43-956b-4944-b618-db2b6e648f06,c383dd94-afcf-4959-9418-743efb8f95e8,,,,1.0000,1000000.00,0,,2026-07-28T19:25:24.501Z,,,,false
31a53b74-a915-4d89-abff-84216de784b8,53b54d43-956b-4944-b618-db2b6e648f06,c383dd94-afcf-4959-9418-743efb8f95e8,,,,1.0000,2500000.00,0,,2026-07-28T19:25:24.531Z,,,,false
60c06500-4146-458d-ac86-52be14df4189,53b54d43-956b-4944-b618-db2b6e648f06,c383dd94-afcf-4959-9418-743efb8f95e8,,,,1.0000,500000.00,0,,2026-07-28T19:25:24.554Z,,,,false
485eb4eb-8eef-4c61-a906-da629c5d3d3b,2b496a76-b97a-49d1-9496-a2d3d872512d,c383dd94-afcf-4959-9418-743efb8f95e8,,,,7.0000,9999999.00,0,,2026-07-28T19:25:25.057Z,,,,false
f6530a3d-9db6-46fc-841f-6e2d8e23552b,c29a5894-3e97-4976-9a15-bd97c2b428be,c383dd94-afcf-4959-9418-743efb8f95e8,,,,10.0000,5000000.00,0,,2026-07-28T19:25:25.338Z,,,,false
8747988b-e69f-4c49-b48f-bcaa4a232602,ec91bd4d-522d-48ba-b335-54e7877d5d0b,c383dd94-afcf-4959-9418-743efb8f95e8,,,,10.0000,5000000.00,0,,2026-07-28T19:25:25.882Z,,,,false
09c48165-d3e1-4543-84b8-b696dd64955f,60477366-0b55-4adc-a8d2-4255469d4359,c383dd94-afcf-4959-9418-743efb8f95e8,,,,10.0000,5000000.00,0,,2026-07-28T19:25:26.660Z,,,,false
6290be20-ba14-44e5-8c6a-d84350c56ad1,e731e4db-18e2-4408-88c3-c3981fe1cc68,c383dd94-afcf-4959-9418-743efb8f95e8,,,,10.0000,5000000.00,0,,2026-07-28T19:25:27.225Z,,,,false
e5b1eabb-140a-4782-b611-8f41edd3fe94,60508b8c-0f20-4da7-9c3e-c489ca26c147,c383dd94-afcf-4959-9418-743efb8f95e8,,,,10.0000,5000000.00,0,,2026-07-28T19:25:27.493Z,,,,false
54231529-01b9-47ee-b7e4-9c73e4b1ec15,5b3d81f5-5d16-47b1-b90c-3eaa6cf2aaad,c383dd94-afcf-4959-9418-743efb8f95e8,,,,10.0000,5000000.00,0,,2026-07-28T19:25:28.485Z,,,,false
cf9bcc01-d3a6-4722-b5a0-05bf02ac1dfd,0d535d5f-60c1-4bb0-a913-da88f6ea1b7f,c383dd94-afcf-4959-9418-743efb8f95e8,,,,10.0000,5000000.00,0,,2026-07-28T19:25:29.027Z,,,,false
99f995f7-8885-4e50-9234-f3c9f0870dee,0d535d5f-60c1-4bb0-a913-da88f6ea1b7f,c383dd94-afcf-4959-9418-743efb8f95e8,,,,5.0000,1000.00,0,,2026-07-28T19:25:29.548Z,,,,false
10b288bf-2c67-405d-8ee7-1508e0eaf167,d517a7c1-111d-4a04-85a1-b7424b3f7dc3,c383dd94-afcf-4959-9418-743efb8f95e8,,,,1.0000,1000000.00,0,,2026-07-28T19:28:49.973Z,,,,false
f654af91-3739-4a6f-9cfc-1fc9f7e0b23d,d517a7c1-111d-4a04-85a1-b7424b3f7dc3,c383dd94-afcf-4959-9418-743efb8f95e8,,,,1.0000,2500000.00,0,,2026-07-28T19:28:49.997Z,,,,false
378ef595-c8cc-46b5-b742-84d830c7bd49,d517a7c1-111d-4a04-85a1-b7424b3f7dc3,c383dd94-afcf-4959-9418-743efb8f95e8,,,,1.0000,500000.00,0,,2026-07-28T19:28:50.021Z,,,,false
5f18026a-843f-4779-a54a-70b75788ba24,45b3e5fb-12c6-4220-853f-dcc449305fbc,c383dd94-afcf-4959-9418-743efb8f95e8,,,,7.0000,9999999.00,0,,2026-07-28T19:28:50.621Z,,,,false
1d59a090-9e54-42f1-a434-a2e317b0d161,3e0c15f6-bba0-4fca-8f11-aecf0a92e791,c383dd94-afcf-4959-9418-743efb8f95e8,,,,10.0000,5000000.00,0,,2026-07-28T19:28:50.918Z,,,,false
d2aad489-c235-4c8c-b337-bd97d1a1e6f8,24b21c31-80d6-421f-b86e-9bcbf49ded55,c383dd94-afcf-4959-9418-743efb8f95e8,,,,10.0000,5000000.00,0,,2026-07-28T19:28:51.449Z,,,,false
bbfe7c69-84bb-4deb-8496-15b1dc847f66,0640c6b5-6f14-4a0a-8ec0-3493262d59d0,c383dd94-afcf-4959-9418-743efb8f95e8,,,,10.0000,5000000.00,0,,2026-07-28T19:28:52.281Z,,,,false
3f38f984-3d34-47e0-9141-e6b92388ae1b,349dfb88-903d-44ec-b7ee-7df6f5c63943,c383dd94-afcf-4959-9418-743efb8f95e8,,,,10.0000,5000000.00,0,,2026-07-28T19:28:52.766Z,,,,false
cc20d683-6f96-47ae-a1ee-6c1c04faf6c0,9c314695-6a00-48ea-aa5a-ebd23b4bc033,c383dd94-afcf-4959-9418-743efb8f95e8,,,,10.0000,5000000.00,0,,2026-07-28T19:28:53.035Z,,,,false
0c288d7b-0da0-4feb-8acc-0af5e0206e4c,89c806fc-b939-4ea7-8ae0-bf4acea236d1,c383dd94-afcf-4959-9418-743efb8f95e8,,,,10.0000,5000000.00,0,,2026-07-28T19:28:54.076Z,,,,false
0a5f415c-593a-40be-b7f9-9fba0139d540,9f14eb51-fdb0-47eb-88e3-6656817335c8,c383dd94-afcf-4959-9418-743efb8f95e8,,,,10.0000,5000000.00,0,,2026-07-28T19:28:54.639Z,,,,false
5320aede-55e2-4066-bf95-4923a7a1bb16,9f14eb51-fdb0-47eb-88e3-6656817335c8,c383dd94-afcf-4959-9418-743efb8f95e8,,,,5.0000,1000.00,0,,2026-07-28T19:28:55.168Z,,,,false
4d8719ef-c933-446f-977a-d59264e87eeb,b6170bef-3f25-4ce4-99bf-1a09de8130b4,c383dd94-afcf-4959-9418-743efb8f95e8,,,,1.0000,1000000.00,0,,2026-07-28T19:33:20.008Z,,,,false
260df9ea-f46f-4e00-8729-3e25eb0f277f,b6170bef-3f25-4ce4-99bf-1a09de8130b4,c383dd94-afcf-4959-9418-743efb8f95e8,,,,1.0000,2500000.00,0,,2026-07-28T19:33:20.036Z,,,,false
4ce9599a-6aeb-44cc-8bb6-5ed7abafcef6,b6170bef-3f25-4ce4-99bf-1a09de8130b4,c383dd94-afcf-4959-9418-743efb8f95e8,,,,1.0000,500000.00,0,,2026-07-28T19:33:20.060Z,,,,false
26cb4478-0d64-4ee2-a2de-654bcd922e75,416dcb52-476f-4a1e-bc7c-4faa27c786f1,c383dd94-afcf-4959-9418-743efb8f95e8,,,,7.0000,9999999.00,0,,2026-07-28T19:33:21.038Z,,,,false
d4b68dce-60fd-45ac-8991-fe5cee3ddbdf,3e19a5c6-1c6d-4216-b0e8-6c375a242262,c383dd94-afcf-4959-9418-743efb8f95e8,,,,10.0000,5000000.00,0,,2026-07-28T19:33:21.351Z,,,,false
6fd4f9be-5bf4-4e48-aef0-b22c5ef54f82,42955685-e79e-4e09-8bb8-83362aba8592,c383dd94-afcf-4959-9418-743efb8f95e8,,,,10.0000,5000000.00,0,,2026-07-28T19:33:21.947Z,,,,false
274a27a9-3942-445f-a0a5-c67186df0cca,b769f56d-d932-454c-8bf7-f6014a80298f,c383dd94-afcf-4959-9418-743efb8f95e8,,,,10.0000,5000000.00,0,,2026-07-28T19:33:22.745Z,,,,false
f1f473be-2376-403a-9406-c5b422e07851,c2b97df4-ddab-40d3-bb76-4e096d40f678,c383dd94-afcf-4959-9418-743efb8f95e8,,,,10.0000,5000000.00,0,,2026-07-28T19:33:23.162Z,,,,false
a7a5e2c9-9b0d-4638-be61-ddf2656cc010,dd6831c5-2cae-4460-beb5-2263fef8e965,c383dd94-afcf-4959-9418-743efb8f95e8,,,,10.0000,5000000.00,0,,2026-07-28T19:33:23.435Z,,,,false
da15c5cb-cc4a-4d0d-869a-1eafc1cd6c79,caefab98-d76e-47c8-87b9-276155400674,c383dd94-afcf-4959-9418-743efb8f95e8,,,,10.0000,5000000.00,0,,2026-07-28T19:33:24.415Z,,,,false
78de56ef-276c-4f8a-b611-bf9538e0fb73,b21fef3b-6429-4ef8-b143-6ee9d04a7893,c383dd94-afcf-4959-9418-743efb8f95e8,,,,10.0000,5000000.00,0,,2026-07-28T19:33:24.977Z,,,,false
0545e3e5-97e1-4219-abac-6d5398dee882,b21fef3b-6429-4ef8-b143-6ee9d04a7893,c383dd94-afcf-4959-9418-743efb8f95e8,,,,5.0000,1000.00,0,,2026-07-28T19:33:25.445Z,,,,false
8542a55d-346b-406a-a8ed-e26846fa66f6,22c4b9f8-8689-4682-8d59-696cefa14eba,c383dd94-afcf-4959-9418-743efb8f95e8,,,,1.0000,1000000.00,0,,2026-07-28T19:41:04.063Z,,,,false
bf8d7382-e328-4b27-9c62-8e79bd556e47,22c4b9f8-8689-4682-8d59-696cefa14eba,c383dd94-afcf-4959-9418-743efb8f95e8,,,,1.0000,2500000.00,0,,2026-07-28T19:41:04.092Z,,,,false
7d9a11e7-16b4-4892-b0a3-d017b4f09c50,22c4b9f8-8689-4682-8d59-696cefa14eba,c383dd94-afcf-4959-9418-743efb8f95e8,,,,1.0000,500000.00,0,,2026-07-28T19:41:04.115Z,,,,false
8433c4b5-8728-45db-b03e-6475432aa19c,21d82f20-6b30-4f5e-93ae-d649ff1e1d01,c383dd94-afcf-4959-9418-743efb8f95e8,,,,7.0000,9999999.00,0,,2026-07-28T19:41:04.728Z,,,,false
6cff3b70-a463-4f0f-84a7-5fbf7672c535,770f9882-fbcc-49a4-8d5f-44fb280def9e,c383dd94-afcf-4959-9418-743efb8f95e8,,,,10.0000,5000000.00,0,,2026-07-28T19:41:05.029Z,,,,false
5f27e474-11c8-4fc9-a52d-df014af0a7a0,19349d3b-973d-421c-85e5-477cd3fd6bd9,c383dd94-afcf-4959-9418-743efb8f95e8,,,,10.0000,5000000.00,0,,2026-07-28T19:41:05.604Z,,,,false
54cbd790-56bc-43dd-8b3a-20bd29026122,96a3a637-d2a4-496e-8358-4fd2309b7fe5,c383dd94-afcf-4959-9418-743efb8f95e8,,,,10.0000,5000000.00,0,,2026-07-28T19:41:06.410Z,,,,false
f580711f-2165-4d16-8f0e-20ac3a34dc7f,3eae72c8-fbcf-4ac7-ae25-18778565478e,c383dd94-afcf-4959-9418-743efb8f95e8,,,,10.0000,5000000.00,0,,2026-07-28T19:41:06.941Z,,,,false
7b297f89-6693-4e17-a749-aee762d09420,147654bc-4d52-4cd3-816b-ad48139f88d4,c383dd94-afcf-4959-9418-743efb8f95e8,,,,10.0000,5000000.00,0,,2026-07-28T19:41:07.229Z,,,,false
dbcac33e-bb64-4343-9a28-09da0c25ad73,95cfc76b-2a21-4765-ac01-392179dc2789,c383dd94-afcf-4959-9418-743efb8f95e8,,,,10.0000,5000000.00,0,,2026-07-28T19:41:08.301Z,,,,false
233f0dcb-a5ee-4caf-bc21-0a87c6b93769,45d7b84f-2b2b-45c8-a44d-bd6ec652d402,c383dd94-afcf-4959-9418-743efb8f95e8,,,,10.0000,5000000.00,0,,2026-07-28T19:41:08.877Z,,,,false
203bcc08-8d62-45f8-9b38-70cf6aa5cd14,45d7b84f-2b2b-45c8-a44d-bd6ec652d402,c383dd94-afcf-4959-9418-743efb8f95e8,,,,5.0000,1000.00,0,,2026-07-28T19:41:09.465Z,,,,false
55bf65c9-7efd-4c52-a297-948eb62756db,1719151b-1151-4376-8cdb-8ddb1b50b9dd,c383dd94-afcf-4959-9418-743efb8f95e8,,,,1.0000,1000000.00,0,,2026-07-28T19:57:49.194Z,,,,false
4f32b909-5e11-4abc-a4b1-007a2960aa1c,1719151b-1151-4376-8cdb-8ddb1b50b9dd,c383dd94-afcf-4959-9418-743efb8f95e8,,,,1.0000,2500000.00,0,,2026-07-28T19:57:49.228Z,,,,false
fc0c6cdd-5ecf-4b6d-808c-517c0a3e8b92,1719151b-1151-4376-8cdb-8ddb1b50b9dd,c383dd94-afcf-4959-9418-743efb8f95e8,,,,1.0000,500000.00,0,,2026-07-28T19:57:49.250Z,,,,false
4352eba2-6e8e-4c36-a59b-77de12ce0ba6,6f4143bb-3359-4819-803b-b28a5b33bb41,c383dd94-afcf-4959-9418-743efb8f95e8,,,,7.0000,9999999.00,0,,2026-07-28T19:57:50.464Z,,,,false
905a2397-12ba-4d7d-aa24-0b66fff15395,c7a2f73d-871d-4be8-913c-8f72a1c8672d,c383dd94-afcf-4959-9418-743efb8f95e8,,,,10.0000,5000000.00,0,,2026-07-28T19:57:50.782Z,,,,false
b0d49d1d-69e8-47db-8fdc-000044454e40,f09b4405-db66-4667-8f79-bb0e8837c828,c383dd94-afcf-4959-9418-743efb8f95e8,,,,10.0000,5000000.00,0,,2026-07-28T19:57:51.303Z,,,,false
6774bcf7-4259-4631-b36d-f06bfabc9f71,4a57f193-1425-4dca-bd54-fbc58354cfab,c383dd94-afcf-4959-9418-743efb8f95e8,,,,10.0000,5000000.00,0,,2026-07-28T19:57:52.146Z,,,,false
abe8419e-759a-4202-a610-5c3702b6e745,5b68b557-807c-43dc-8f63-2fc0c22ac13b,c383dd94-afcf-4959-9418-743efb8f95e8,,,,10.0000,5000000.00,0,,2026-07-28T19:57:52.577Z,,,,false
dfdf2d51-90e2-4acc-bb36-7b116043b2ba,56bd8350-68e7-42ac-80a1-727f86bfcdbc,c383dd94-afcf-4959-9418-743efb8f95e8,,,,10.0000,5000000.00,0,,2026-07-28T19:57:52.845Z,,,,false
aee21e66-0e35-401f-8088-f02b351c3927,b3704da1-a153-4f2b-93ce-12fa9ca92157,c383dd94-afcf-4959-9418-743efb8f95e8,,,,10.0000,5000000.00,0,,2026-07-28T19:57:53.851Z,,,,false
ca75f70f-f6de-44fb-a3a2-a4265648c615,9e8efcb7-cd14-4909-b7e9-fdb31c2e1461,c383dd94-afcf-4959-9418-743efb8f95e8,,,,10.0000,5000000.00,0,,2026-07-28T19:57:54.432Z,,,,false
502326a2-908d-43e4-af65-2c9ba06eaaf0,9e8efcb7-cd14-4909-b7e9-fdb31c2e1461,c383dd94-afcf-4959-9418-743efb8f95e8,,,,5.0000,1000.00,0,,2026-07-28T19:57:54.970Z,,,,false
d76de024-b4ac-4c5d-8d66-21b095dc191e,b899802c-deb3-4f87-b554-af086058d27f,c383dd94-afcf-4959-9418-743efb8f95e8,,,,1.0000,1000000.00,0,,2026-07-28T20:01:51.910Z,,,,false
c248116c-90ec-4dd2-a62c-d59479fa3586,b899802c-deb3-4f87-b554-af086058d27f,c383dd94-afcf-4959-9418-743efb8f95e8,,,,1.0000,2500000.00,0,,2026-07-28T20:01:51.945Z,,,,false
03507e41-cdc9-4c6b-a50b-4dc04c66c427,b899802c-deb3-4f87-b554-af086058d27f,c383dd94-afcf-4959-9418-743efb8f95e8,,,,1.0000,500000.00,0,,2026-07-28T20:01:51.969Z,,,,false
79b35586-3424-49de-b2d1-070d439276ca,60dd6384-01f1-4990-bcab-e40f544e7951,c383dd94-afcf-4959-9418-743efb8f95e8,,,,7.0000,9999999.00,0,,2026-07-28T20:01:53.248Z,,,,false
3bdb55a3-df48-4045-88fa-248faa690476,aa9a59c3-b326-4cbf-ace2-c12dd316d2a8,c383dd94-afcf-4959-9418-743efb8f95e8,,,,10.0000,5000000.00,0,,2026-07-28T20:01:53.571Z,,,,false
69f4a193-6deb-4eef-b575-98ea2227d500,280dc600-296e-4971-b87e-a23ab82e5321,c383dd94-afcf-4959-9418-743efb8f95e8,,,,10.0000,5000000.00,0,,2026-07-28T20:01:54.100Z,,,,false
a51d50b5-58a3-4bd4-9647-4ca2be1a9154,4e7e64fa-9bb8-4925-a0e4-976463b8309a,c383dd94-afcf-4959-9418-743efb8f95e8,,,,10.0000,5000000.00,0,,2026-07-28T20:01:54.951Z,,,,false
c88a6bbf-5bba-48b8-a26f-c229aa2cc548,e907dd8e-fac5-47ac-ad2e-7e67115c0911,c383dd94-afcf-4959-9418-743efb8f95e8,,,,10.0000,5000000.00,0,,2026-07-28T20:01:55.434Z,,,,false
c152e079-1665-4788-b13d-97931b927828,1d36a23d-73a6-4561-86a1-8508d7fe7b3f,c383dd94-afcf-4959-9418-743efb8f95e8,,,,10.0000,5000000.00,0,,2026-07-28T20:01:55.718Z,,,,false
b5d451df-07fa-4c50-b9d5-c0100788353f,b4b0c23e-5df7-4dc2-92fb-d4d8c1a6640b,c383dd94-afcf-4959-9418-743efb8f95e8,,,,10.0000,5000000.00,0,,2026-07-28T20:01:56.741Z,,,,false
faecd0a1-a2ba-4aef-893d-723c0b016c5b,7ba67a57-c1f3-4f11-8fc8-5fa5d4cb0273,c383dd94-afcf-4959-9418-743efb8f95e8,,,,10.0000,5000000.00,0,,2026-07-28T20:01:57.362Z,,,,false
8eef19bb-0c34-4cbc-8253-3b48b75c748c,7ba67a57-c1f3-4f11-8fc8-5fa5d4cb0273,c383dd94-afcf-4959-9418-743efb8f95e8,,,,5.0000,1000.00,0,,2026-07-28T20:01:58.009Z,,,,false
bad69a42-d723-48f3-80f0-1bf81faa9b8b,5353f601-157a-4899-80f9-526c7f7fa07b,c383dd94-afcf-4959-9418-743efb8f95e8,,,,1.0000,1000000.00,0,,2026-07-28T20:07:51.006Z,,,,false
e530f7db-79fe-4796-9fba-742b07fdf890,5353f601-157a-4899-80f9-526c7f7fa07b,c383dd94-afcf-4959-9418-743efb8f95e8,,,,1.0000,2500000.00,0,,2026-07-28T20:07:51.035Z,,,,false
d6050d7e-ecba-470a-9e19-f589e78b77e3,5353f601-157a-4899-80f9-526c7f7fa07b,c383dd94-afcf-4959-9418-743efb8f95e8,,,,1.0000,500000.00,0,,2026-07-28T20:07:51.058Z,,,,false
04e856e0-72cc-447d-bdd7-e7885dab5075,4cf3e8b6-9a63-4fb4-8ef9-2283399fed18,c383dd94-afcf-4959-9418-743efb8f95e8,,,,7.0000,9999999.00,0,,2026-07-28T20:07:52.110Z,,,,false
4df5e73d-f705-48e3-bb81-70e99520ef83,7644a72e-d9b5-4d2b-9721-ba112c40369f,c383dd94-afcf-4959-9418-743efb8f95e8,,,,10.0000,5000000.00,0,,2026-07-28T20:07:52.394Z,,,,false
9ecf23a2-550a-43aa-9596-8c71cc154c25,2f80023e-a9c1-4325-bd50-7a081f484ddc,c383dd94-afcf-4959-9418-743efb8f95e8,,,,10.0000,5000000.00,0,,2026-07-28T20:07:53.084Z,,,,false
66982814-04bb-4b5f-91e6-eade4b1d520c,fbb13fe3-8f09-4c1f-9488-501cff2c3f7b,c383dd94-afcf-4959-9418-743efb8f95e8,,,,10.0000,5000000.00,0,,2026-07-28T20:07:53.863Z,,,,false
110aee8c-0e5f-47e0-bac6-643bed097349,f72f3f53-61be-4cc1-9850-e791d322395e,c383dd94-afcf-4959-9418-743efb8f95e8,,,,10.0000,5000000.00,0,,2026-07-28T20:07:54.292Z,,,,false
d59c09ab-6c93-4fa3-9b50-d1f4a23e2796,052125ad-36e1-4b76-8a40-967fff852876,c383dd94-afcf-4959-9418-743efb8f95e8,,,,10.0000,5000000.00,0,,2026-07-28T20:07:54.601Z,,,,false
fc916798-24b9-419a-8d25-c09abbca595d,a1daf5e4-1819-4587-8848-ebdfe6a2426b,c383dd94-afcf-4959-9418-743efb8f95e8,,,,10.0000,5000000.00,0,,2026-07-28T20:07:55.654Z,,,,false
0819146f-a899-4acc-a44f-ee93809013d0,bd52304a-ed9f-4983-a7a6-a6f1330fde2b,c383dd94-afcf-4959-9418-743efb8f95e8,,,,10.0000,5000000.00,0,,2026-07-28T20:07:56.226Z,,,,false
40303c57-0ab5-436c-b7e6-af6cb137c5bd,bd52304a-ed9f-4983-a7a6-a6f1330fde2b,c383dd94-afcf-4959-9418-743efb8f95e8,,,,5.0000,1000.00,0,,2026-07-28T20:07:56.735Z,,,,false
1a086830-07ab-4461-92e3-cd614abcb470,bd79626c-baff-440c-be52-f27c5d0f9760,c383dd94-afcf-4959-9418-743efb8f95e8,,,,1.0000,1000000.00,0,,2026-07-28T20:11:50.000Z,,,,false
273463aa-e4a8-4a4f-9814-98ff1d43d9f1,bd79626c-baff-440c-be52-f27c5d0f9760,c383dd94-afcf-4959-9418-743efb8f95e8,,,,1.0000,2500000.00,0,,2026-07-28T20:11:50.034Z,,,,false
2dbdf66f-199b-4510-8c67-447232ff5878,bd79626c-baff-440c-be52-f27c5d0f9760,c383dd94-afcf-4959-9418-743efb8f95e8,,,,1.0000,500000.00,0,,2026-07-28T20:11:50.056Z,,,,false
61df5cf9-5cde-4b3e-8d89-97ef0f8bf2e7,f3b7556e-b0ea-4fca-bf16-d5aadb5767b6,c383dd94-afcf-4959-9418-743efb8f95e8,,,,7.0000,9999999.00,0,,2026-07-28T20:11:50.829Z,,,,false
9991fc1a-38c1-4518-b3b8-e66aaae5e4ac,34feba84-ad2c-47e5-bd3c-479adf00cf85,c383dd94-afcf-4959-9418-743efb8f95e8,,,,10.0000,5000000.00,0,,2026-07-28T20:11:51.114Z,,,,false
5a9ed1b8-9b37-41e3-85ca-28c7e14cc129,7ea4df35-6c43-4835-b108-510e39194ba5,c383dd94-afcf-4959-9418-743efb8f95e8,,,,10.0000,5000000.00,0,,2026-07-28T20:11:51.607Z,,,,false
7f0abc61-c63b-4ce7-ac45-77ac740550dc,47070eda-5e0a-4609-a0e0-1f7cc0957a76,c383dd94-afcf-4959-9418-743efb8f95e8,,,,10.0000,5000000.00,0,,2026-07-28T20:11:52.394Z,,,,false
2b4cc4db-f343-45f9-9e4f-f1e9495596f5,94741464-6a2c-41da-b103-23ea31cee3e5,c383dd94-afcf-4959-9418-743efb8f95e8,,,,10.0000,5000000.00,0,,2026-07-28T20:11:52.818Z,,,,false
008ad9e5-c1e5-45c5-80de-a4b8f913f3dd,12a55d0e-2974-421e-8a9f-00d96c35c53e,c383dd94-afcf-4959-9418-743efb8f95e8,,,,10.0000,5000000.00,0,,2026-07-28T20:11:53.090Z,,,,false
b8f2dff8-497e-47ef-9f0d-c9c80562a7a8,58f63fe2-8bfd-4450-9eb1-bae43cd28974,c383dd94-afcf-4959-9418-743efb8f95e8,,,,10.0000,5000000.00,0,,2026-07-28T20:11:54.086Z,,,,false
b056170c-0103-4f78-a92a-64ef24cc34a0,7ec47abd-c07c-4c6b-a91e-9856fb2e961b,c383dd94-afcf-4959-9418-743efb8f95e8,,,,10.0000,5000000.00,0,,2026-07-28T20:11:54.629Z,,,,false
8c47f4b5-4158-469e-96ea-89c9341b3b6f,7ec47abd-c07c-4c6b-a91e-9856fb2e961b,c383dd94-afcf-4959-9418-743efb8f95e8,,,,5.0000,1000.00,0,,2026-07-28T20:11:55.133Z,,,,false
fb4fcb09-889f-4cac-b631-6bb79f68a846,36e76d62-0b82-4613-b487-52bfed3ab6f6,c383dd94-afcf-4959-9418-743efb8f95e8,,,,1.0000,1000000.00,0,,2026-07-28T20:15:56.067Z,,,,false
d0030da7-b768-4906-958a-191a6ec52d75,36e76d62-0b82-4613-b487-52bfed3ab6f6,c383dd94-afcf-4959-9418-743efb8f95e8,,,,1.0000,2500000.00,0,,2026-07-28T20:15:56.098Z,,,,false
a985389f-7c55-4394-8cf3-3801821b98dd,36e76d62-0b82-4613-b487-52bfed3ab6f6,c383dd94-afcf-4959-9418-743efb8f95e8,,,,1.0000,500000.00,0,,2026-07-28T20:15:56.122Z,,,,false
3e65a08a-ecaf-4584-be24-4bbaeb8152f9,825b73e0-f2e8-4e0d-85d3-ef8ce388c50d,c383dd94-afcf-4959-9418-743efb8f95e8,,,,7.0000,9999999.00,0,,2026-07-28T20:15:56.683Z,,,,false
0fb6ada2-0d7b-477b-bb8c-676acb4abccb,9cccd850-dfd6-45c8-8922-93beb895d1cd,c383dd94-afcf-4959-9418-743efb8f95e8,,,,10.0000,5000000.00,0,,2026-07-28T20:15:56.982Z,,,,false
86bb1467-2775-4d11-93a2-555864184045,47b9ce70-d832-42b3-affd-8d7965db77ac,c383dd94-afcf-4959-9418-743efb8f95e8,,,,10.0000,5000000.00,0,,2026-07-28T20:15:57.651Z,,,,false
d7922093-eb62-4a03-87f4-f76778d17332,c7ffa7b8-2596-4fd8-bb05-f14c38c5b172,c383dd94-afcf-4959-9418-743efb8f95e8,,,,10.0000,5000000.00,0,,2026-07-28T20:15:58.457Z,,,,false
b34f49d8-d37f-4195-bd88-e719968e0b06,345722c5-930e-42ee-879e-4b2365acd514,c383dd94-afcf-4959-9418-743efb8f95e8,,,,10.0000,5000000.00,0,,2026-07-28T20:15:58.930Z,,,,false
92bffe64-eb8a-4ade-99a0-687ebc1159ce,077dd398-ff8b-451a-8ccf-1d42e4d56830,c383dd94-afcf-4959-9418-743efb8f95e8,,,,10.0000,5000000.00,0,,2026-07-28T20:15:59.197Z,,,,false
83049fc7-1863-48a3-b30e-dcef5fe7e3b8,d45f9a63-4295-4d0d-84a4-739ec7d396da,c383dd94-afcf-4959-9418-743efb8f95e8,,,,10.0000,5000000.00,0,,2026-07-28T20:16:00.356Z,,,,false
5fd4693f-6bf1-419f-ac64-757a719733b7,3d0194aa-4ae4-40c5-bd5c-fc4dabeb08c6,c383dd94-afcf-4959-9418-743efb8f95e8,,,,10.0000,5000000.00,0,,2026-07-28T20:16:00.983Z,,,,false
69ec9e22-8f20-410b-b724-e779d9ad3e5c,3d0194aa-4ae4-40c5-bd5c-fc4dabeb08c6,c383dd94-afcf-4959-9418-743efb8f95e8,,,,5.0000,1000.00,0,,2026-07-28T20:16:01.499Z,,,,false
d149cc4b-d757-4fbd-a0a4-70ba72febe85,331ffdb9-db4b-47d5-ab87-619d221161c2,c383dd94-afcf-4959-9418-743efb8f95e8,,,,1.0000,1000000.00,0,,2026-07-28T20:35:59.073Z,,,,false
cdc7b21d-e8d4-418d-b8bd-4972a58c2433,331ffdb9-db4b-47d5-ab87-619d221161c2,c383dd94-afcf-4959-9418-743efb8f95e8,,,,1.0000,2500000.00,0,,2026-07-28T20:35:59.105Z,,,,false
c1539ac6-9a6b-4e1f-9dba-5ae2e660014e,331ffdb9-db4b-47d5-ab87-619d221161c2,c383dd94-afcf-4959-9418-743efb8f95e8,,,,1.0000,500000.00,0,,2026-07-28T20:35:59.126Z,,,,false
49d7a14d-51a4-46ef-b16e-5ea8d3ee93a8,476afc77-9b1b-4c89-ad05-dcb7e21cc8df,c383dd94-afcf-4959-9418-743efb8f95e8,,,,7.0000,9999999.00,0,,2026-07-28T20:36:00.365Z,,,,false
da002ad2-07e8-4bfb-ac1a-45be5f6d4b69,6905b46e-f1e9-4212-a1a4-1390bc14b275,c383dd94-afcf-4959-9418-743efb8f95e8,,,,10.0000,5000000.00,0,,2026-07-28T20:36:00.784Z,,,,false
547222b7-a493-4331-a4ae-306174da82bc,90e7d4bf-1bb5-4cd1-bdfc-59801bc9697e,c383dd94-afcf-4959-9418-743efb8f95e8,,,,10.0000,5000000.00,0,,2026-07-28T20:36:01.392Z,,,,false
8c4ae0e2-d639-490c-9695-457c2ef4ce09,fafb5544-16fe-4cc7-a0ee-b1c47e2db87d,c383dd94-afcf-4959-9418-743efb8f95e8,,,,10.0000,5000000.00,0,,2026-07-28T20:36:02.187Z,,,,false
ade8b08e-7a23-4cee-b92a-40568884c2f0,619b8e1c-52da-473e-adb7-7f4723e0bd2c,c383dd94-afcf-4959-9418-743efb8f95e8,,,,10.0000,5000000.00,0,,2026-07-28T20:36:02.611Z,,,,false
5632d52c-c75a-4e2c-8ec0-9d5ddc8f5429,1a4300b4-2f75-43ac-ad7d-54f0c803240a,c383dd94-afcf-4959-9418-743efb8f95e8,,,,10.0000,5000000.00,0,,2026-07-28T20:36:02.896Z,,,,false
865445d3-ad80-4f27-bfa3-ce1dc05482ea,84b4ba0e-2ddb-49b4-b54e-6f8ec148887d,c383dd94-afcf-4959-9418-743efb8f95e8,,,,10.0000,5000000.00,0,,2026-07-28T20:36:03.930Z,,,,false
749e0e40-80bf-40cf-bee4-1ecbafb815b9,fb18136f-40d8-44d4-8d30-d85a109b6a0b,c383dd94-afcf-4959-9418-743efb8f95e8,,,,10.0000,5000000.00,0,,2026-07-28T20:36:04.502Z,,,,false
cd60d2f3-a947-409e-9994-d73a01e02899,fb18136f-40d8-44d4-8d30-d85a109b6a0b,c383dd94-afcf-4959-9418-743efb8f95e8,,,,5.0000,1000.00,0,,2026-07-28T20:36:05.023Z,,,,false
d2839833-655f-44f0-8384-a12b3de7f795,126ccbc2-ae6a-473e-a138-d9181ab1d471,c383dd94-afcf-4959-9418-743efb8f95e8,,,,1.0000,1000000.00,0,,2026-07-28T20:41:02.998Z,,,,false
867c2747-f687-496f-a399-76b016ea555f,126ccbc2-ae6a-473e-a138-d9181ab1d471,c383dd94-afcf-4959-9418-743efb8f95e8,,,,1.0000,2500000.00,0,,2026-07-28T20:41:03.031Z,,,,false
82e03992-869d-4e6e-914f-7ed831d88e49,126ccbc2-ae6a-473e-a138-d9181ab1d471,c383dd94-afcf-4959-9418-743efb8f95e8,,,,1.0000,500000.00,0,,2026-07-28T20:41:03.054Z,,,,false
119b3f17-b439-4382-b249-d6ea3b4415f8,60c59ced-8901-4f94-8a8f-7ace59f54c78,c383dd94-afcf-4959-9418-743efb8f95e8,,,,7.0000,9999999.00,0,,2026-07-28T20:41:04.242Z,,,,false
9db4a5eb-0feb-4d98-bbb1-a65015fc5b61,29e10038-9bd7-4abf-b88e-d6e26cee3d55,c383dd94-afcf-4959-9418-743efb8f95e8,,,,10.0000,5000000.00,0,,2026-07-28T20:41:04.583Z,,,,false
3e2b7f28-179d-461c-a67d-6cb3677c32fa,602f8fff-6879-478f-8dc1-949b82981e26,c383dd94-afcf-4959-9418-743efb8f95e8,,,,10.0000,5000000.00,0,,2026-07-28T20:41:05.156Z,,,,false
ddf0ed16-c4b5-4e03-8e8b-822f760b33e8,d8c1ee63-343f-4b4a-b9bf-81e191534410,c383dd94-afcf-4959-9418-743efb8f95e8,,,,10.0000,5000000.00,0,,2026-07-28T20:41:05.926Z,,,,false
c8c28213-39f2-4473-ada3-33fe3fd98860,162e9e47-aec3-4bf4-8fff-fd490c25c023,c383dd94-afcf-4959-9418-743efb8f95e8,,,,10.0000,5000000.00,0,,2026-07-28T20:41:06.345Z,,,,false
51526108-34ad-4836-8bbe-27f02207f524,f8db31a9-cb8f-40d6-9e90-5003cf104cae,c383dd94-afcf-4959-9418-743efb8f95e8,,,,10.0000,5000000.00,0,,2026-07-28T20:41:06.628Z,,,,false
03697b2c-537e-4819-be64-ef6c78e7352e,ed7b8cef-ed6b-45bd-9400-1787d35999d3,c383dd94-afcf-4959-9418-743efb8f95e8,,,,10.0000,5000000.00,0,,2026-07-28T20:41:07.673Z,,,,false
f4a20026-76a3-4fbb-8726-26f445b28c0b,f64f160b-0994-4ebe-be3c-35363b66fc57,c383dd94-afcf-4959-9418-743efb8f95e8,,,,10.0000,5000000.00,0,,2026-07-28T20:41:08.222Z,,,,false
c795f765-0ebb-44be-8e53-e8f7c6c6e013,f64f160b-0994-4ebe-be3c-35363b66fc57,c383dd94-afcf-4959-9418-743efb8f95e8,,,,5.0000,1000.00,0,,2026-07-28T20:41:08.731Z,,,,false
6d4b752f-1485-4181-81f8-0e0b992b8084,d0808882-2661-4242-be81-e691bd6a06e6,c383dd94-afcf-4959-9418-743efb8f95e8,,,,1.0000,1000000.00,0,,2026-07-28T20:45:00.529Z,,,,false
8b2562ba-1950-4974-a59b-83aeb3b9e5f6,d0808882-2661-4242-be81-e691bd6a06e6,c383dd94-afcf-4959-9418-743efb8f95e8,,,,1.0000,2500000.00,0,,2026-07-28T20:45:00.556Z,,,,false
96585fc3-9daa-4c1f-888a-00af09b9735a,d0808882-2661-4242-be81-e691bd6a06e6,c383dd94-afcf-4959-9418-743efb8f95e8,,,,1.0000,500000.00,0,,2026-07-28T20:45:00.589Z,,,,false
d2c51848-3505-433a-86a8-6d18b1b87786,dedeaf7a-e49b-4398-a37f-996cfb0d1266,c383dd94-afcf-4959-9418-743efb8f95e8,,,,7.0000,9999999.00,0,,2026-07-28T20:45:01.467Z,,,,false
967be13b-f099-4a77-995b-441797ece7df,5515a45b-34e7-48eb-90a9-a120bec5df87,c383dd94-afcf-4959-9418-743efb8f95e8,,,,10.0000,5000000.00,0,,2026-07-28T20:45:01.745Z,,,,false
0a01cee1-a3db-4225-9561-f329bea922f5,3059ca14-de00-4483-98b7-5c480426e354,c383dd94-afcf-4959-9418-743efb8f95e8,,,,10.0000,5000000.00,0,,2026-07-28T20:45:02.317Z,,,,false
d82a1f79-6150-42c8-9aea-0560d0f354f9,0967a194-6f8c-40a6-b2e5-b17d879c548d,c383dd94-afcf-4959-9418-743efb8f95e8,,,,10.0000,5000000.00,0,,2026-07-28T20:45:03.371Z,,,,false
8a1dfb0c-755b-4a5d-b073-bc77d2c3b02a,d1f7ae6f-67c2-4449-a566-588d88b1ee27,c383dd94-afcf-4959-9418-743efb8f95e8,,,,10.0000,5000000.00,0,,2026-07-28T20:45:03.776Z,,,,false
71113b45-10f6-4bc3-9763-36d74ac4d539,128ccc77-2e5f-4de6-b2fe-18fcace1622a,c383dd94-afcf-4959-9418-743efb8f95e8,,,,10.0000,5000000.00,0,,2026-07-28T20:45:04.051Z,,,,false
3088475c-1e3f-47ce-aa55-561e60cdbdb9,5843f669-acbf-461d-8912-8f3c704015a1,c383dd94-afcf-4959-9418-743efb8f95e8,,,,10.0000,5000000.00,0,,2026-07-28T20:45:05.150Z,,,,false
f4f6ee17-6b26-4f61-bbe3-5516cf046c7e,5b06ea51-f04f-4cea-b723-0b8cb099e2ab,c383dd94-afcf-4959-9418-743efb8f95e8,,,,10.0000,5000000.00,0,,2026-07-28T20:45:05.725Z,,,,false
9e5defad-dcdb-4c4b-83bd-7dabb28f5450,5b06ea51-f04f-4cea-b723-0b8cb099e2ab,c383dd94-afcf-4959-9418-743efb8f95e8,,,,5.0000,1000.00,0,,2026-07-28T20:45:06.229Z,,,,false
7058e360-33c0-4046-abc9-de1bd7147640,5feaf665-552b-4ccc-aac9-9a530b06cd8d,c383dd94-afcf-4959-9418-743efb8f95e8,,,,1.0000,1000000.00,0,,2026-07-28T20:53:14.193Z,,,,false
0cf76b1d-f1c4-43bb-9427-b4f91f1a7e56,5feaf665-552b-4ccc-aac9-9a530b06cd8d,c383dd94-afcf-4959-9418-743efb8f95e8,,,,1.0000,2500000.00,0,,2026-07-28T20:53:14.229Z,,,,false
7c049d0c-c090-45f1-a591-11bab327aa88,5feaf665-552b-4ccc-aac9-9a530b06cd8d,c383dd94-afcf-4959-9418-743efb8f95e8,,,,1.0000,500000.00,0,,2026-07-28T20:53:14.253Z,,,,false
caad3562-cd81-4bc4-a895-edc1ca897bd8,56d3425f-1a48-40c8-b91a-ea7a974bfa0d,c383dd94-afcf-4959-9418-743efb8f95e8,,,,7.0000,9999999.00,0,,2026-07-28T20:53:15.377Z,,,,false
515b237c-e0ad-4488-a719-ef0df4f8b576,50d82be5-72ec-4070-85cb-ee6d46661b42,c383dd94-afcf-4959-9418-743efb8f95e8,,,,10.0000,5000000.00,0,,2026-07-28T20:53:15.664Z,,,,false
fab2db03-910f-45c5-894b-abed242e86b1,2dae9cd3-8bc9-420c-b242-aba4a8005fd7,c383dd94-afcf-4959-9418-743efb8f95e8,,,,10.0000,5000000.00,0,,2026-07-28T20:53:16.311Z,,,,false
618cd7b4-15da-4935-aeb3-0ca5b1a66ea4,49b5a15c-1f06-4aa6-9533-e81604bac2c4,c383dd94-afcf-4959-9418-743efb8f95e8,,,,10.0000,5000000.00,0,,2026-07-28T20:53:17.134Z,,,,false
470c2980-6de7-4fc8-a67b-734914737013,120961d7-cb78-43f2-8e89-bb2a6677765a,c383dd94-afcf-4959-9418-743efb8f95e8,,,,10.0000,5000000.00,0,,2026-07-28T20:53:17.582Z,,,,false
3136a806-8d6b-4bbe-8f04-21f49d919388,1602ba6b-931e-433c-9d39-c8b66e6b880f,c383dd94-afcf-4959-9418-743efb8f95e8,,,,10.0000,5000000.00,0,,2026-07-28T20:53:17.898Z,,,,false
cf0fb2d9-e266-4ec6-a4e4-aff6ff2d85ce,11ba63f6-b202-47a4-943f-2898b67efe92,c383dd94-afcf-4959-9418-743efb8f95e8,,,,10.0000,5000000.00,0,,2026-07-28T20:53:18.890Z,,,,false
93ac86d2-2e0f-4a45-83d7-241d520f54fc,3f19c44c-465f-4506-91a5-b9dcf0d1ca1c,c383dd94-afcf-4959-9418-743efb8f95e8,,,,10.0000,5000000.00,0,,2026-07-28T20:53:19.476Z,,,,false
3efaeecf-cb72-4f8c-9747-b52b5753c098,3f19c44c-465f-4506-91a5-b9dcf0d1ca1c,c383dd94-afcf-4959-9418-743efb8f95e8,,,,5.0000,1000.00,0,,2026-07-28T20:53:19.969Z,,,,false
7b53d3f5-d688-4adf-9af7-0a2516143a19,59f4b010-9c1b-42f7-b7b1-dbbd3c910128,c383dd94-afcf-4959-9418-743efb8f95e8,,,,1.0000,1000000.00,0,,2026-07-28T20:55:55.496Z,,,,false
a7a6291b-d125-49b0-a3da-034a7421e3c2,59f4b010-9c1b-42f7-b7b1-dbbd3c910128,c383dd94-afcf-4959-9418-743efb8f95e8,,,,1.0000,2500000.00,0,,2026-07-28T20:55:55.540Z,,,,false
7fc116ab-1001-4a32-8cba-0f08757380c0,59f4b010-9c1b-42f7-b7b1-dbbd3c910128,c383dd94-afcf-4959-9418-743efb8f95e8,,,,1.0000,500000.00,0,,2026-07-28T20:55:55.563Z,,,,false
dc8fa604-6422-4cb4-9c30-e916bf08424c,48f0ba60-66f1-438b-be98-f60e64fafca0,c383dd94-afcf-4959-9418-743efb8f95e8,,,,7.0000,9999999.00,0,,2026-07-28T20:55:56.166Z,,,,false
6bba2024-ff1f-43d7-b5cc-ec53a35fdea9,8f7880e2-4e9c-4613-8882-b28fb2aa9b45,c383dd94-afcf-4959-9418-743efb8f95e8,,,,10.0000,5000000.00,0,,2026-07-28T20:55:56.451Z,,,,false
92918d5e-a8a1-4d16-9668-8ea0e1a292ac,2113b086-c55a-44b9-950d-3a849b4f9889,c383dd94-afcf-4959-9418-743efb8f95e8,,,,10.0000,5000000.00,0,,2026-07-28T20:55:56.986Z,,,,false
4d9b069d-03af-4969-b171-375c802efc82,2eb6de44-e6a6-482b-bfdc-a8afc8700b61,c383dd94-afcf-4959-9418-743efb8f95e8,,,,10.0000,5000000.00,0,,2026-07-28T20:55:57.781Z,,,,false
a6ddcbd6-73d7-4037-8880-2f27b0ec8141,48b9afa6-52c7-4a85-91ad-52bc00574876,c383dd94-afcf-4959-9418-743efb8f95e8,,,,10.0000,5000000.00,0,,2026-07-28T20:55:58.188Z,,,,false
d5cba1fc-2bff-4ecf-9f1b-049d47702c5a,9bd6189f-54aa-4b7c-a4c4-6cd83b7a907d,c383dd94-afcf-4959-9418-743efb8f95e8,,,,10.0000,5000000.00,0,,2026-07-28T20:55:58.492Z,,,,false
3a95e1ac-7d5b-431a-a444-7ccf98753329,fe535ffd-c854-46af-9d85-2a835a00f846,c383dd94-afcf-4959-9418-743efb8f95e8,,,,10.0000,5000000.00,0,,2026-07-28T20:55:59.547Z,,,,false
64d07169-c7ef-4070-a177-616b190fd0b4,c52bf707-9c3c-40d4-9ff8-f42483639821,c383dd94-afcf-4959-9418-743efb8f95e8,,,,10.0000,5000000.00,0,,2026-07-28T20:56:00.307Z,,,,false
1537506e-26fb-466d-be4c-2ec61ce793b6,c52bf707-9c3c-40d4-9ff8-f42483639821,c383dd94-afcf-4959-9418-743efb8f95e8,,,,5.0000,1000.00,0,,2026-07-28T20:56:00.855Z,,,,false
ac0eb14b-21ca-4463-9736-d4de27e9073d,12241f0e-2855-4320-b068-8d4cb591774e,c383dd94-afcf-4959-9418-743efb8f95e8,,,,1.0000,1000000.00,0,,2026-07-28T21:00:21.050Z,,,,false
637b1741-a891-4c05-a2ac-8132628f265b,12241f0e-2855-4320-b068-8d4cb591774e,c383dd94-afcf-4959-9418-743efb8f95e8,,,,1.0000,2500000.00,0,,2026-07-28T21:00:21.086Z,,,,false
61e0f977-d42e-42c1-b2d1-f134ad8cbea5,12241f0e-2855-4320-b068-8d4cb591774e,c383dd94-afcf-4959-9418-743efb8f95e8,,,,1.0000,500000.00,0,,2026-07-28T21:00:21.111Z,,,,false
f326f424-b811-45c8-8c6a-677830577353,4e73485a-ff0f-4f38-a653-6b026fe0ff61,c383dd94-afcf-4959-9418-743efb8f95e8,,,,7.0000,9999999.00,0,,2026-07-28T21:00:21.828Z,,,,false
eeebecf1-b05e-4992-864e-f20333c902bf,ae9bd590-d149-45d2-8305-d016bcdebdba,c383dd94-afcf-4959-9418-743efb8f95e8,,,,10.0000,5000000.00,0,,2026-07-28T21:00:22.139Z,,,,false
3366a542-9994-46c7-9f18-dc83ec4ef8db,672e5400-640d-4969-b1f9-2b48fefc39aa,c383dd94-afcf-4959-9418-743efb8f95e8,,,,10.0000,5000000.00,0,,2026-07-28T21:00:22.811Z,,,,false
ff4ea913-758c-42c4-9466-cc14c444c65a,0e842988-9dee-4459-857c-25a28e64898b,c383dd94-afcf-4959-9418-743efb8f95e8,,,,10.0000,5000000.00,0,,2026-07-28T21:00:23.643Z,,,,false
c76194e6-ea91-4f53-b542-de5221526e61,47b7808e-3352-4de3-a8cd-07497390a06e,c383dd94-afcf-4959-9418-743efb8f95e8,,,,10.0000,5000000.00,0,,2026-07-28T21:00:24.070Z,,,,false
e6dbc6bd-1db5-4322-9631-cb8000899cc2,3e20d51d-a007-4c0b-a3ac-2801460992e6,c383dd94-afcf-4959-9418-743efb8f95e8,,,,10.0000,5000000.00,0,,2026-07-28T21:00:24.354Z,,,,false
1a5ada97-401c-43d2-9d71-e91101e8e543,bc521096-1c4e-4db1-824e-70a83d656dcd,c383dd94-afcf-4959-9418-743efb8f95e8,,,,10.0000,5000000.00,0,,2026-07-28T21:00:25.385Z,,,,false
5579cd7f-4fe6-40b2-a85d-727ad3505d0b,187cf25d-b0b1-41ac-8abd-eb1e39c1a19e,c383dd94-afcf-4959-9418-743efb8f95e8,,,,10.0000,5000000.00,0,,2026-07-28T21:00:25.952Z,,,,false
4b226fd7-4726-472a-8c14-19f982419115,187cf25d-b0b1-41ac-8abd-eb1e39c1a19e,c383dd94-afcf-4959-9418-743efb8f95e8,,,,5.0000,1000.00,0,,2026-07-28T21:00:26.439Z,,,,false
0e4ca62c-e90d-4e6f-ac46-cdc17738ea62,79990cbd-b38c-4ceb-8445-0036d85fc5de,c383dd94-afcf-4959-9418-743efb8f95e8,,,,1.0000,1000000.00,0,,2026-07-28T21:05:21.573Z,,,,false
0499c2cc-d713-4e10-986f-6b211fa5933e,79990cbd-b38c-4ceb-8445-0036d85fc5de,c383dd94-afcf-4959-9418-743efb8f95e8,,,,1.0000,2500000.00,0,,2026-07-28T21:05:21.610Z,,,,false
6f39cae8-c385-4571-9bae-3f46696f1b33,79990cbd-b38c-4ceb-8445-0036d85fc5de,c383dd94-afcf-4959-9418-743efb8f95e8,,,,1.0000,500000.00,0,,2026-07-28T21:05:21.633Z,,,,false
80c628e7-16fb-4d96-9278-e0456f0d660b,7715e723-ab54-49af-9353-55a5b78fedfc,c383dd94-afcf-4959-9418-743efb8f95e8,,,,7.0000,9999999.00,0,,2026-07-28T21:05:22.505Z,,,,false
9070628c-6e02-4516-9d96-a3ce3df09416,5790633e-03e3-4553-acc9-a9f4102c2229,c383dd94-afcf-4959-9418-743efb8f95e8,,,,10.0000,5000000.00,0,,2026-07-28T21:05:22.787Z,,,,false
12a7cac6-7b8f-4299-997a-b7f1ee9b279c,42777c7f-1f97-4c6e-a55f-de9b4f509a22,c383dd94-afcf-4959-9418-743efb8f95e8,,,,10.0000,5000000.00,0,,2026-07-28T21:05:23.490Z,,,,false
b113e5cc-0ee7-4edc-ab20-61645db808a4,3d185991-3723-48f7-a4ea-acd123fab939,c383dd94-afcf-4959-9418-743efb8f95e8,,,,10.0000,5000000.00,0,,2026-07-28T21:05:24.287Z,,,,false
0caf0fa1-8870-405e-9e75-c5c6c1a9edff,e26dd9e1-aa04-487e-aff1-6d238338957b,c383dd94-afcf-4959-9418-743efb8f95e8,,,,10.0000,5000000.00,0,,2026-07-28T21:05:24.699Z,,,,false
4dcb8dac-a182-4961-b49f-f413d339b640,ecc3f5e2-646f-48e1-a82f-f6bbebe2a802,c383dd94-afcf-4959-9418-743efb8f95e8,,,,10.0000,5000000.00,0,,2026-07-28T21:05:25.008Z,,,,false
efc9f5d6-122f-46c9-9dc5-8c10e8025a01,2f2b0ed6-0265-4f73-a6e2-f90bf12038b1,c383dd94-afcf-4959-9418-743efb8f95e8,,,,10.0000,5000000.00,0,,2026-07-28T21:05:25.980Z,,,,false
0bd17c2f-a00b-4296-8aca-018981e0c73d,4dd3c3c9-a115-4a87-be34-72597ec1edce,c383dd94-afcf-4959-9418-743efb8f95e8,,,,10.0000,5000000.00,0,,2026-07-28T21:05:26.539Z,,,,false
fc34e33c-bf5c-4f7d-9e05-0541e445a259,4dd3c3c9-a115-4a87-be34-72597ec1edce,c383dd94-afcf-4959-9418-743efb8f95e8,,,,5.0000,1000.00,0,,2026-07-28T21:05:27.051Z,,,,false
be3cf006-686a-4dd5-8262-aaf56317d028,51ce306e-2b67-427c-add0-bb90f7a109e7,c383dd94-afcf-4959-9418-743efb8f95e8,,,,1.0000,1000000.00,0,,2026-07-28T21:13:00.939Z,,,,false
9a88f3d9-b119-40c2-be64-4081596c029f,51ce306e-2b67-427c-add0-bb90f7a109e7,c383dd94-afcf-4959-9418-743efb8f95e8,,,,1.0000,2500000.00,0,,2026-07-28T21:13:00.977Z,,,,false
373b6cb6-714d-4e6c-8e01-8e1310993260,51ce306e-2b67-427c-add0-bb90f7a109e7,c383dd94-afcf-4959-9418-743efb8f95e8,,,,1.0000,500000.00,0,,2026-07-28T21:13:01.002Z,,,,false
ff9ca2a3-fc20-48e3-96c7-241032976ad3,d1aa2c62-0fd7-4cc1-a389-e16342ade4ef,c383dd94-afcf-4959-9418-743efb8f95e8,,,,7.0000,9999999.00,0,,2026-07-28T21:13:02.215Z,,,,false
ca7cd636-898b-406d-a6e9-73758e395a85,fb7783cf-f472-4469-878d-aaba1f986b3d,c383dd94-afcf-4959-9418-743efb8f95e8,,,,10.0000,5000000.00,0,,2026-07-28T21:13:02.543Z,,,,false
4fe6961d-700e-4a98-b0e9-df68bd3465c4,db7a0922-83de-4aeb-8dd8-8e3aceccc7f0,c383dd94-afcf-4959-9418-743efb8f95e8,,,,10.0000,5000000.00,0,,2026-07-28T21:13:03.122Z,,,,false
4a05e635-ec1f-415d-a38f-d9e6e2790f94,73622be6-2057-4672-879d-603ea3af3964,c383dd94-afcf-4959-9418-743efb8f95e8,,,,10.0000,5000000.00,0,,2026-07-28T21:13:03.982Z,,,,false
96c76dfe-967a-4c77-b952-15e8386471af,e238bf16-a417-4de3-8daa-b4cd51fa00ef,c383dd94-afcf-4959-9418-743efb8f95e8,,,,10.0000,5000000.00,0,,2026-07-28T21:13:04.386Z,,,,false
4ebd32b5-fdfa-4178-9413-e6bd643148e6,354415a6-bc76-499f-84d8-2cfa193bdcb5,c383dd94-afcf-4959-9418-743efb8f95e8,,,,10.0000,5000000.00,0,,2026-07-28T21:13:04.684Z,,,,false
4245dbe2-bd21-4072-b129-d120c3258917,18f94ade-0811-4c7b-b9f5-29a92c2cdfee,c383dd94-afcf-4959-9418-743efb8f95e8,,,,10.0000,5000000.00,0,,2026-07-28T21:13:05.674Z,,,,false
705782f3-fce6-4841-b4f9-cae4479f32f8,2de6d812-4854-4ab3-a015-1dbf5eed4f7b,c383dd94-afcf-4959-9418-743efb8f95e8,,,,10.0000,5000000.00,0,,2026-07-28T21:13:06.198Z,,,,false
c030ebd9-e036-4985-9f04-7cebde2e9347,2de6d812-4854-4ab3-a015-1dbf5eed4f7b,c383dd94-afcf-4959-9418-743efb8f95e8,,,,5.0000,1000.00,0,,2026-07-28T21:13:06.674Z,,,,false
bde936c1-724a-4b29-9a36-384b639539ae,4447e176-c7bb-4ac4-9e9f-755cc8ffb025,c383dd94-afcf-4959-9418-743efb8f95e8,,,,1.0000,1000000.00,0,,2026-07-28T21:15:34.794Z,,,,false
74a70a9f-0617-43f5-bab2-5f3ee37fafc8,4447e176-c7bb-4ac4-9e9f-755cc8ffb025,c383dd94-afcf-4959-9418-743efb8f95e8,,,,1.0000,2500000.00,0,,2026-07-28T21:15:34.823Z,,,,false
e7704767-4bd3-4bb1-8bdf-2a84dd8b1f0d,4447e176-c7bb-4ac4-9e9f-755cc8ffb025,c383dd94-afcf-4959-9418-743efb8f95e8,,,,1.0000,500000.00,0,,2026-07-28T21:15:34.845Z,,,,false
be42fc72-a916-4771-a4d0-8f25366435ed,f19faa1e-baf7-4c48-a62c-90b3b8845e64,c383dd94-afcf-4959-9418-743efb8f95e8,,,,7.0000,9999999.00,0,,2026-07-28T21:15:35.589Z,,,,false
02736582-616d-49a7-b866-e1ca06d30d14,61758a44-fe03-462d-80b5-984b2c13be92,c383dd94-afcf-4959-9418-743efb8f95e8,,,,10.0000,5000000.00,0,,2026-07-28T21:15:35.863Z,,,,false
5679ced7-8426-4a9c-a5c7-136b70da29b3,5f13aac2-a504-42c1-9243-74dbefa9cc36,c383dd94-afcf-4959-9418-743efb8f95e8,,,,10.0000,5000000.00,0,,2026-07-28T21:15:36.361Z,,,,false
1441c91e-ec43-4f7a-8300-6d0eb39f4e75,2c66029b-727c-4d7e-a57d-5d2d92bfca08,c383dd94-afcf-4959-9418-743efb8f95e8,,,,10.0000,5000000.00,0,,2026-07-28T21:15:37.174Z,,,,false
0e2a0d64-837c-42cf-a0c3-f5776fe03c55,6415e8c8-edc9-4cdb-82ea-434ba672c233,c383dd94-afcf-4959-9418-743efb8f95e8,,,,10.0000,5000000.00,0,,2026-07-28T21:15:37.643Z,,,,false
189bf6f3-bdbd-4717-ade6-c190d9b5193c,03704601-d6fc-4e66-b418-72ad17ec4e6c,c383dd94-afcf-4959-9418-743efb8f95e8,,,,10.0000,5000000.00,0,,2026-07-28T21:15:37.907Z,,,,false
b80d0e0c-78fa-4831-9a45-ff7e95920232,0e03ff09-9df4-4baa-9b47-d792cd8f22fb,c383dd94-afcf-4959-9418-743efb8f95e8,,,,10.0000,5000000.00,0,,2026-07-28T21:15:38.911Z,,,,false
e9e538ba-a0ee-4a26-846a-ca5be99085d3,a7281d96-424c-4fc5-ace8-aa20704ab34a,c383dd94-afcf-4959-9418-743efb8f95e8,,,,10.0000,5000000.00,0,,2026-07-28T21:15:39.512Z,,,,false
5f9dcf98-68ea-42fe-bc4d-8338b1cb78f6,a7281d96-424c-4fc5-ace8-aa20704ab34a,c383dd94-afcf-4959-9418-743efb8f95e8,,,,5.0000,1000.00,0,,2026-07-28T21:15:39.981Z,,,,false
8065c203-ae73-47fb-9b33-e35d17e03aaa,52b9f19d-2565-4a46-b39d-8e25c27be97a,c383dd94-afcf-4959-9418-743efb8f95e8,,,,1.0000,1000000.00,0,,2026-07-29T09:22:09.930Z,,,,false
6d599422-11e1-4dda-ba92-6a7035966370,52b9f19d-2565-4a46-b39d-8e25c27be97a,c383dd94-afcf-4959-9418-743efb8f95e8,,,,1.0000,2500000.00,0,,2026-07-29T09:22:09.973Z,,,,false
39eb9821-63ed-48fd-91f9-f45eb713fe1c,90c936c8-5c85-4674-a78e-84e25280f11f,c383dd94-afcf-4959-9418-743efb8f95e8,,,,1.0000,1000000.00,0,,2026-07-29T03:27:24.988Z,,,,false
6c199aa9-f6e1-46f1-8528-24d65064a22b,90c936c8-5c85-4674-a78e-84e25280f11f,c383dd94-afcf-4959-9418-743efb8f95e8,,,,1.0000,2500000.00,0,,2026-07-29T03:27:25.025Z,,,,false
5fed21c2-6272-4e2e-9824-7662f5d1dc6a,90c936c8-5c85-4674-a78e-84e25280f11f,c383dd94-afcf-4959-9418-743efb8f95e8,,,,1.0000,500000.00,0,,2026-07-29T03:27:25.050Z,,,,false
f4a068fc-81c3-410e-900d-8ec2251e9963,7e2c7223-f8ca-4df6-a7d6-fb3fcd57f03e,c383dd94-afcf-4959-9418-743efb8f95e8,,,,7.0000,9999999.00,0,,2026-07-29T03:27:25.588Z,,,,false
5a23f53b-ee7e-4ff3-8b4c-16fd7d324877,6821b6c1-91d0-4d3d-8a94-884241873781,c383dd94-afcf-4959-9418-743efb8f95e8,,,,10.0000,5000000.00,0,,2026-07-29T03:27:25.898Z,,,,false
e1706dda-f578-4b39-ba94-452f3f48a957,e92616dc-fb8f-491b-831c-33c425a9aa23,c383dd94-afcf-4959-9418-743efb8f95e8,,,,10.0000,5000000.00,0,,2026-07-29T03:27:26.523Z,,,,false
ead2f0a7-1826-46a5-913e-2b1f37d7d19b,28a8405c-b814-4a5c-adc8-9bf379430eaf,c383dd94-afcf-4959-9418-743efb8f95e8,,,,10.0000,5000000.00,0,,2026-07-29T03:27:27.407Z,,,,false
0d00835e-f6b9-42a3-a346-7f6ceaa465b3,21e45e67-fc8e-4977-bbbf-15cf1338b778,c383dd94-afcf-4959-9418-743efb8f95e8,,,,10.0000,5000000.00,0,,2026-07-29T03:27:27.961Z,,,,false
3ef67cbe-6a63-4e83-9857-b8fabb74d582,5f0bf30f-034b-44a9-96e8-5bdaa03dc311,c383dd94-afcf-4959-9418-743efb8f95e8,,,,10.0000,5000000.00,0,,2026-07-29T03:27:28.291Z,,,,false
934bc737-28c8-4d58-aa9b-fa30928e60ef,3e12bf02-eb4c-4017-bfa0-56f36649b923,c383dd94-afcf-4959-9418-743efb8f95e8,,,,10.0000,5000000.00,0,,2026-07-29T03:27:29.423Z,,,,false
796eceb3-450e-420a-a211-348b942a6631,fb5013f9-2f40-49bf-ac6c-ddf03f7ab878,c383dd94-afcf-4959-9418-743efb8f95e8,,,,10.0000,5000000.00,0,,2026-07-29T03:27:29.988Z,,,,false
3b4e8f0c-2f72-4ad3-8fc1-3be139361691,fb5013f9-2f40-49bf-ac6c-ddf03f7ab878,c383dd94-afcf-4959-9418-743efb8f95e8,,,,5.0000,1000.00,0,,2026-07-29T03:27:30.540Z,,,,false
42b082c4-1b2b-4774-bfd6-a8226377cdbf,2eefa7fc-caf5-49ee-986e-f2980f143542,c383dd94-afcf-4959-9418-743efb8f95e8,,,,1.0000,1000000.00,0,,2026-07-29T03:34:15.931Z,,,,false
31c1e2b9-9f5e-4c5a-990f-269902e26f20,2eefa7fc-caf5-49ee-986e-f2980f143542,c383dd94-afcf-4959-9418-743efb8f95e8,,,,1.0000,2500000.00,0,,2026-07-29T03:34:15.966Z,,,,false
3cbf2246-8bbd-4938-963a-23d23a2f46a4,2eefa7fc-caf5-49ee-986e-f2980f143542,c383dd94-afcf-4959-9418-743efb8f95e8,,,,1.0000,500000.00,0,,2026-07-29T03:34:15.991Z,,,,false
64c38511-6e07-4a13-8d80-eb1821a8279d,3ec2fb62-7341-49ac-8c96-e707c6175ca1,c383dd94-afcf-4959-9418-743efb8f95e8,,,,7.0000,9999999.00,0,,2026-07-29T03:34:16.774Z,,,,false
763b3845-c66a-48b8-a7e3-00a4902a0a09,2375125c-4ba8-49b3-b8de-fafbeea47767,c383dd94-afcf-4959-9418-743efb8f95e8,,,,10.0000,5000000.00,0,,2026-07-29T03:34:17.156Z,,,,false
2ceb77f8-5158-412d-b0aa-63ad13ca3e7e,75f5c991-fce2-4750-8682-97eddb7baf7e,c383dd94-afcf-4959-9418-743efb8f95e8,,,,10.0000,5000000.00,0,,2026-07-29T03:34:17.878Z,,,,false
5c91b0a7-6287-4b9b-ad92-caf29c23a16d,3a08b44f-6174-4841-99d4-a00a86a851c1,c383dd94-afcf-4959-9418-743efb8f95e8,,,,10.0000,5000000.00,0,,2026-07-29T03:34:18.828Z,,,,false
7da6804c-5b41-4a4f-a92c-4ae6bfb9bf38,09be1497-ee76-4485-9ab1-b3acaf36bff7,c383dd94-afcf-4959-9418-743efb8f95e8,,,,10.0000,5000000.00,0,,2026-07-29T03:34:19.481Z,,,,false
005a1381-a7f9-4389-9881-045202006e25,cede55c0-84c7-47e1-b2bc-d894f9c81efd,c383dd94-afcf-4959-9418-743efb8f95e8,,,,10.0000,5000000.00,0,,2026-07-29T03:34:19.908Z,,,,false
44021d0d-068f-46bf-ae36-ec1e4c11bb71,e65989f8-4af6-47ba-bb0f-98d3fe27e40c,c383dd94-afcf-4959-9418-743efb8f95e8,,,,10.0000,5000000.00,0,,2026-07-29T03:34:21.301Z,,,,false
cb7ce0b4-7c8b-4258-99a0-64bb74e39af0,976b71e4-aac4-4975-9498-6ba06b3f8ebc,c383dd94-afcf-4959-9418-743efb8f95e8,,,,10.0000,5000000.00,0,,2026-07-29T03:34:22.066Z,,,,false
7fb94d12-cc9f-454e-a0dc-f8b1f408cf6e,976b71e4-aac4-4975-9498-6ba06b3f8ebc,c383dd94-afcf-4959-9418-743efb8f95e8,,,,5.0000,1000.00,0,,2026-07-29T03:34:22.776Z,,,,false
f7bf5efe-843b-4b5a-add3-1733c4e4b9d2,fda5f60e-c5b7-4193-8441-9c379a2d865c,c383dd94-afcf-4959-9418-743efb8f95e8,,,,1.0000,1000000.00,0,,2026-07-29T03:39:42.361Z,,,,false
c7aa7624-e905-4a8f-91b1-a8f22df50f20,fda5f60e-c5b7-4193-8441-9c379a2d865c,c383dd94-afcf-4959-9418-743efb8f95e8,,,,1.0000,2500000.00,0,,2026-07-29T03:39:42.402Z,,,,false
c4a4e7b5-e0bb-4576-a05f-6d7dbb8fd0eb,fda5f60e-c5b7-4193-8441-9c379a2d865c,c383dd94-afcf-4959-9418-743efb8f95e8,,,,1.0000,500000.00,0,,2026-07-29T03:39:42.425Z,,,,false
5fb132a5-83ed-4904-aa5d-084ec26971e9,34202e9f-ad37-4a40-8408-7ecfcbf9c928,c383dd94-afcf-4959-9418-743efb8f95e8,,,,7.0000,9999999.00,0,,2026-07-29T03:39:43.162Z,,,,false
f8086f8e-ef18-4323-9736-2ceef1048f53,bf34831f-7df6-4f76-aa1c-efb4499f3790,c383dd94-afcf-4959-9418-743efb8f95e8,,,,10.0000,5000000.00,0,,2026-07-29T03:39:43.551Z,,,,false
ddf82240-a8c2-46b9-84ea-e3a29664e01f,5ce2767e-d3e0-43f7-a789-abd86cfe071e,c383dd94-afcf-4959-9418-743efb8f95e8,,,,10.0000,5000000.00,0,,2026-07-29T03:39:44.243Z,,,,false
13c6c23c-23a8-4da2-bce5-d371163fd1b8,43f01aae-cbd6-4c54-b11f-bee62433bf27,c383dd94-afcf-4959-9418-743efb8f95e8,,,,10.0000,5000000.00,0,,2026-07-29T03:39:45.339Z,,,,false
9ce37dfc-13a3-4196-9ae6-7c9fddd8b1a8,8c87bb76-af27-446f-9d36-683456ccf811,c383dd94-afcf-4959-9418-743efb8f95e8,,,,10.0000,5000000.00,0,,2026-07-29T03:39:45.952Z,,,,false
aaa2c544-769b-4b14-828a-36365c1e1bfd,ba9e9412-7726-47a7-84ff-f1d02563cc61,c383dd94-afcf-4959-9418-743efb8f95e8,,,,10.0000,5000000.00,0,,2026-07-29T03:39:46.322Z,,,,false
7721c6e6-9fa3-4186-9467-327db0b6a632,817d8d1c-7265-4828-882c-60830a757af0,c383dd94-afcf-4959-9418-743efb8f95e8,,,,10.0000,5000000.00,0,,2026-07-29T03:39:47.644Z,,,,false
3d607dfa-fe9f-43b4-b0b1-75de95afa270,901eaa74-1de5-460c-938a-d1191c99783c,c383dd94-afcf-4959-9418-743efb8f95e8,,,,10.0000,5000000.00,0,,2026-07-29T03:39:48.446Z,,,,false
4cc105cf-7751-4b02-a0c3-0078c56eab37,901eaa74-1de5-460c-938a-d1191c99783c,c383dd94-afcf-4959-9418-743efb8f95e8,,,,5.0000,1000.00,0,,2026-07-29T03:39:49.172Z,,,,false
df28011f-6954-4824-af1e-d90d341c01a2,3fd8430c-dde8-43f3-af86-e67f1f9a1b02,c383dd94-afcf-4959-9418-743efb8f95e8,,,,1.0000,1000000.00,0,,2026-07-29T03:44:47.369Z,,,,false
34513ba5-ca24-449d-aba5-134d8f255baf,3fd8430c-dde8-43f3-af86-e67f1f9a1b02,c383dd94-afcf-4959-9418-743efb8f95e8,,,,1.0000,2500000.00,0,,2026-07-29T03:44:47.401Z,,,,false
2747ffda-298f-48f4-9dff-afbf1352e72a,3fd8430c-dde8-43f3-af86-e67f1f9a1b02,c383dd94-afcf-4959-9418-743efb8f95e8,,,,1.0000,500000.00,0,,2026-07-29T03:44:47.424Z,,,,false
49bbaebb-57f1-47f3-950a-8b9b714c9b24,10a4e769-996e-4b24-9a59-61b0df10cb03,c383dd94-afcf-4959-9418-743efb8f95e8,,,,7.0000,9999999.00,0,,2026-07-29T03:44:48.554Z,,,,false
00609d93-79e8-4123-8d1c-568ba9bf888a,30ea6dd8-d218-4293-89f8-5e1e4299facd,c383dd94-afcf-4959-9418-743efb8f95e8,,,,10.0000,5000000.00,0,,2026-07-29T03:44:48.959Z,,,,false
706462af-e1f1-4cd9-b0fc-e8e877a31043,0c6d712f-a468-4efc-9931-2262db7f0f53,c383dd94-afcf-4959-9418-743efb8f95e8,,,,10.0000,5000000.00,0,,2026-07-29T03:44:49.771Z,,,,false
4e8efe73-8643-4e9f-af50-24c30d2da410,8e3a5cb0-6484-4934-a6b3-bc772f61e305,c383dd94-afcf-4959-9418-743efb8f95e8,,,,10.0000,5000000.00,0,,2026-07-29T03:44:50.856Z,,,,false
cd2f6365-da63-4069-8e9e-1e91ff772acf,31e76723-d317-4780-908a-b94a610e7cf0,c383dd94-afcf-4959-9418-743efb8f95e8,,,,10.0000,5000000.00,0,,2026-07-29T03:44:51.466Z,,,,false
8a8935f5-723d-44e7-80e1-9baa8f986e57,fb775610-abad-4d62-8b7b-5cb60464888e,c383dd94-afcf-4959-9418-743efb8f95e8,,,,10.0000,5000000.00,0,,2026-07-29T03:44:51.805Z,,,,false
83ef4a11-7d29-46c9-a056-5f65371b4a0d,e3fc3c84-38d4-407e-832e-d5965caef05d,c383dd94-afcf-4959-9418-743efb8f95e8,,,,10.0000,5000000.00,0,,2026-07-29T03:44:53.091Z,,,,false
d96f654a-d5ae-4c58-805d-52606532c194,e93225b5-3a80-4fb8-82a9-0bd6baf5c110,c383dd94-afcf-4959-9418-743efb8f95e8,,,,10.0000,5000000.00,0,,2026-07-29T03:44:53.884Z,,,,false
be4f0736-f93c-41ef-8e3c-ac6533b7ebdb,e93225b5-3a80-4fb8-82a9-0bd6baf5c110,c383dd94-afcf-4959-9418-743efb8f95e8,,,,5.0000,1000.00,0,,2026-07-29T03:44:54.684Z,,,,false
7b78f146-75ff-4e94-a03e-30e0bb7a2f69,38cb0418-15fc-4ae2-b892-873c7c8d9cf2,c383dd94-afcf-4959-9418-743efb8f95e8,,,,1.0000,1000000.00,0,,2026-07-29T03:50:37.196Z,,,,false
643f82ae-6185-41ee-8352-fbf35ae73f25,38cb0418-15fc-4ae2-b892-873c7c8d9cf2,c383dd94-afcf-4959-9418-743efb8f95e8,,,,1.0000,2500000.00,0,,2026-07-29T03:50:37.228Z,,,,false
de47a2bc-8d14-48b7-a6a2-9844904e3d8b,38cb0418-15fc-4ae2-b892-873c7c8d9cf2,c383dd94-afcf-4959-9418-743efb8f95e8,,,,1.0000,500000.00,0,,2026-07-29T03:50:37.251Z,,,,false
68ff2c77-93f1-43fe-9486-56c11b86399d,cefadf7d-fa08-4e6b-bc79-adee709a4068,c383dd94-afcf-4959-9418-743efb8f95e8,,,,7.0000,9999999.00,0,,2026-07-29T03:50:38.473Z,,,,false
af2bc672-4efe-40f7-b1ae-9552e9b252f6,d39ff2d2-5ee7-4086-ae97-11faff7b2013,c383dd94-afcf-4959-9418-743efb8f95e8,,,,10.0000,5000000.00,0,,2026-07-29T03:50:38.841Z,,,,false
a366eed5-2499-439d-ae71-3102acebe763,e5fc4cb0-02fc-4c72-a875-25545c8e1c77,c383dd94-afcf-4959-9418-743efb8f95e8,,,,10.0000,5000000.00,0,,2026-07-29T03:50:39.585Z,,,,false
1c72dd36-5855-434b-bd65-ec8cff50daab,dba89a79-8833-4a8f-b0e7-e5ec2e2aa9ea,c383dd94-afcf-4959-9418-743efb8f95e8,,,,10.0000,5000000.00,0,,2026-07-29T03:50:40.628Z,,,,false
c97ad2a7-96d3-4027-8ebf-ad8691195e1f,bb663c08-1402-4656-9e55-43561dc313ff,c383dd94-afcf-4959-9418-743efb8f95e8,,,,10.0000,5000000.00,0,,2026-07-29T03:50:41.266Z,,,,false
2ca11aca-1621-4cb9-820e-8c2df88b8b9f,b7180b9c-f36d-4d07-8433-d0c03e1ab5bd,c383dd94-afcf-4959-9418-743efb8f95e8,,,,10.0000,5000000.00,0,,2026-07-29T03:50:41.756Z,,,,false
173fb05d-4433-4894-9fc6-66553c0380f2,d564d8ca-e2f2-4239-b78f-207b757ef4d3,c383dd94-afcf-4959-9418-743efb8f95e8,,,,10.0000,5000000.00,0,,2026-07-29T03:50:43.169Z,,,,false
62afe83d-be5d-41d6-8359-71709106d79a,7bfec653-7835-445f-80ec-9b3a4e523c88,c383dd94-afcf-4959-9418-743efb8f95e8,,,,10.0000,5000000.00,0,,2026-07-29T03:50:43.948Z,,,,false
c3cc13d6-c1fc-4767-bd48-220eaf8ab214,7bfec653-7835-445f-80ec-9b3a4e523c88,c383dd94-afcf-4959-9418-743efb8f95e8,,,,5.0000,1000.00,0,,2026-07-29T03:50:44.636Z,,,,false
e89afce7-5462-4468-b833-fd2dbfa49fca,df938eb3-4022-42b4-a7de-b0318569732d,c383dd94-afcf-4959-9418-743efb8f95e8,,,,1.0000,1000000.00,0,,2026-07-29T03:54:26.134Z,,,,false
59144ee2-0905-432b-9f5a-c5304f9aafc6,df938eb3-4022-42b4-a7de-b0318569732d,c383dd94-afcf-4959-9418-743efb8f95e8,,,,1.0000,2500000.00,0,,2026-07-29T03:54:26.169Z,,,,false
199ad54d-5bf5-4830-acd2-d01d50d714e3,df938eb3-4022-42b4-a7de-b0318569732d,c383dd94-afcf-4959-9418-743efb8f95e8,,,,1.0000,500000.00,0,,2026-07-29T03:54:26.194Z,,,,false
1f95c3a6-f8bb-4307-8c17-34386fedee84,7ae5aba4-5734-4a80-828f-412a36c3ecb1,c383dd94-afcf-4959-9418-743efb8f95e8,,,,7.0000,9999999.00,0,,2026-07-29T03:54:27.085Z,,,,false
80991c7b-14d2-45c3-9139-ed629fccd924,d622170c-1bf5-479a-8516-e8eb5af9819a,c383dd94-afcf-4959-9418-743efb8f95e8,,,,10.0000,5000000.00,0,,2026-07-29T03:54:27.497Z,,,,false
f96bd438-fe04-490b-997c-f808731087e3,b47c00aa-a49f-454a-b974-cf7833395064,c383dd94-afcf-4959-9418-743efb8f95e8,,,,10.0000,5000000.00,0,,2026-07-29T03:54:28.293Z,,,,false
f97fa336-e97a-49c5-84c6-db0ac913944e,bd27212c-e17b-4e39-b99a-c967736874de,c383dd94-afcf-4959-9418-743efb8f95e8,,,,10.0000,5000000.00,0,,2026-07-29T03:54:29.370Z,,,,false
25368d42-d255-4e9e-a122-c2a8dbadc65a,deac1ef4-ecb6-493a-8b59-21115039c191,c383dd94-afcf-4959-9418-743efb8f95e8,,,,10.0000,5000000.00,0,,2026-07-29T03:54:29.977Z,,,,false
e03dcf69-bf02-4f55-9db8-5e6982952d0a,7ecef7db-568e-4860-a76c-3a5ba1ed7297,c383dd94-afcf-4959-9418-743efb8f95e8,,,,10.0000,5000000.00,0,,2026-07-29T03:54:30.456Z,,,,false
b8d3dae6-8c6e-45b8-813b-e47df2887b67,5f361909-ad8a-4507-974c-00347958ef91,c383dd94-afcf-4959-9418-743efb8f95e8,,,,10.0000,5000000.00,0,,2026-07-29T03:54:31.857Z,,,,false
0425fe44-3d2d-4127-b324-60965f78fcd2,c5bfd9dc-a382-4426-9cf9-b48698d3ad3e,c383dd94-afcf-4959-9418-743efb8f95e8,,,,10.0000,5000000.00,0,,2026-07-29T03:54:32.611Z,,,,false
ff1e0744-8ba3-4be1-a314-92c3a1d78dce,c5bfd9dc-a382-4426-9cf9-b48698d3ad3e,c383dd94-afcf-4959-9418-743efb8f95e8,,,,5.0000,1000.00,0,,2026-07-29T03:54:33.376Z,,,,false
609c11a0-8d67-407b-9e9d-12a4f4a9c1cd,3f16df83-f0c1-4be7-ad9b-c7221331da24,c383dd94-afcf-4959-9418-743efb8f95e8,,,,1.0000,1000000.00,0,,2026-07-29T03:17:17.807Z,,,,false
631fa2fb-4f99-4efd-a7f4-2c862ea8e6a4,b26d81f4-a994-424f-9b59-ab7eac24eb8f,c383dd94-afcf-4959-9418-743efb8f95e8,,,,1.0000,1000000.00,0,,2026-07-28T21:18:48.971Z,,,,false
54c79f56-d37a-4c27-b191-28f7054ebc5d,b26d81f4-a994-424f-9b59-ab7eac24eb8f,c383dd94-afcf-4959-9418-743efb8f95e8,,,,1.0000,2500000.00,0,,2026-07-28T21:18:49.017Z,,,,false
6af7e1ba-3cd2-4eb3-85b8-3cbe1de96a0b,b26d81f4-a994-424f-9b59-ab7eac24eb8f,c383dd94-afcf-4959-9418-743efb8f95e8,,,,1.0000,500000.00,0,,2026-07-28T21:18:49.040Z,,,,false
9c0e603f-1c3e-4e0e-94a1-0ec6ed748edb,29bfac27-5ef3-44cb-9592-c12aea0d280c,c383dd94-afcf-4959-9418-743efb8f95e8,,,,7.0000,9999999.00,0,,2026-07-28T21:18:49.611Z,,,,false
a7dd7440-06a7-4d6e-86f0-f44b18e74b00,c0dde193-2787-4140-92ff-e33ca23e1121,c383dd94-afcf-4959-9418-743efb8f95e8,,,,10.0000,5000000.00,0,,2026-07-28T21:18:49.881Z,,,,false
11c58954-566d-4051-9106-6f0f39bdf031,f423ecd5-f63b-46ad-ba24-7c3bc044c0f0,c383dd94-afcf-4959-9418-743efb8f95e8,,,,10.0000,5000000.00,0,,2026-07-28T21:18:50.459Z,,,,false
60456978-402b-4481-9289-e54eea3f307a,7725b0fd-b653-42ff-a4bd-6d88fa7d39d9,c383dd94-afcf-4959-9418-743efb8f95e8,,,,10.0000,5000000.00,0,,2026-07-28T21:18:51.238Z,,,,false
3b45c60a-3f7f-41fb-aa9c-fc89b589488f,15cf4068-475c-4965-b0ca-30f7a498e3b8,c383dd94-afcf-4959-9418-743efb8f95e8,,,,10.0000,5000000.00,0,,2026-07-28T21:18:51.656Z,,,,false
bc3df710-f0e9-46ff-80a5-1acc1f39a82b,3e381b92-d64b-48f4-8930-78248240faad,c383dd94-afcf-4959-9418-743efb8f95e8,,,,10.0000,5000000.00,0,,2026-07-28T21:18:51.940Z,,,,false
72e06860-2f7a-4e23-9752-c56db7188b63,fd647365-18cc-4e65-a28b-ed49cd232b55,c383dd94-afcf-4959-9418-743efb8f95e8,,,,10.0000,5000000.00,0,,2026-07-28T21:18:53.033Z,,,,false
870d5c6f-b880-4ae7-9734-c68814cafb1f,62cf626c-a11e-4b57-8845-c3be681a4992,c383dd94-afcf-4959-9418-743efb8f95e8,,,,10.0000,5000000.00,0,,2026-07-28T21:18:53.602Z,,,,false
2cdd78fe-33d4-4cce-8374-2f4a093269be,62cf626c-a11e-4b57-8845-c3be681a4992,c383dd94-afcf-4959-9418-743efb8f95e8,,,,5.0000,1000.00,0,,2026-07-28T21:18:54.119Z,,,,false
425e8a4f-511b-47ef-ae8b-6e234a0fb117,834b541b-6647-414b-bea1-9e8c7b9476e2,c383dd94-afcf-4959-9418-743efb8f95e8,,,,1.0000,1000000.00,0,,2026-07-28T21:24:28.902Z,,,,false
d870a5e5-45d5-4e90-94e0-304b1d806b64,834b541b-6647-414b-bea1-9e8c7b9476e2,c383dd94-afcf-4959-9418-743efb8f95e8,,,,1.0000,2500000.00,0,,2026-07-28T21:24:28.935Z,,,,false
100ff252-2aa8-40f4-8c47-741a2d03e7d7,834b541b-6647-414b-bea1-9e8c7b9476e2,c383dd94-afcf-4959-9418-743efb8f95e8,,,,1.0000,500000.00,0,,2026-07-28T21:24:28.959Z,,,,false
d7557ba4-e01f-4556-8614-5d87b7b46ab4,216125f4-9229-4e61-9364-361cfb68fb8c,c383dd94-afcf-4959-9418-743efb8f95e8,,,,7.0000,9999999.00,0,,2026-07-28T21:24:30.068Z,,,,false
2f5efa85-d763-4078-a212-c6fe5bd8503c,6e62df72-a3d3-44df-a946-6aeefb3cf804,c383dd94-afcf-4959-9418-743efb8f95e8,,,,10.0000,5000000.00,0,,2026-07-28T21:24:30.371Z,,,,false
3cd20338-3667-4b44-8115-5bf7a7eb5555,b394f3a7-7be2-4791-975b-113a3dbbdc01,c383dd94-afcf-4959-9418-743efb8f95e8,,,,10.0000,5000000.00,0,,2026-07-28T21:24:31.003Z,,,,false
3561d0f2-f561-41c6-b13e-616b58cf8ad6,7356297a-b93d-4a60-941a-d0c241c59823,c383dd94-afcf-4959-9418-743efb8f95e8,,,,10.0000,5000000.00,0,,2026-07-28T21:24:31.825Z,,,,false
4f177258-0ec3-4e09-b6fe-ff254a0405f1,e096371d-37fb-4a7a-9b71-7192331a28a1,c383dd94-afcf-4959-9418-743efb8f95e8,,,,10.0000,5000000.00,0,,2026-07-28T21:24:32.238Z,,,,false
a2e25dea-c0b5-446c-8a2e-1fe5bd54d147,58156395-4b42-4728-95c5-e76852e7b79e,c383dd94-afcf-4959-9418-743efb8f95e8,,,,10.0000,5000000.00,0,,2026-07-28T21:24:32.517Z,,,,false
566cef11-f75d-44bd-b94b-3e978a95e45f,6e5e8c43-91a8-4457-9832-66a9842121fd,c383dd94-afcf-4959-9418-743efb8f95e8,,,,10.0000,5000000.00,0,,2026-07-28T21:24:33.498Z,,,,false
52a18fef-345c-4a85-91b9-07ef01f3a9e0,dde339d3-b1c5-4622-b4e2-9b1cfe4da1ff,c383dd94-afcf-4959-9418-743efb8f95e8,,,,10.0000,5000000.00,0,,2026-07-28T21:24:34.045Z,,,,false
4514cf60-6d53-4782-86b6-c62351fd109d,dde339d3-b1c5-4622-b4e2-9b1cfe4da1ff,c383dd94-afcf-4959-9418-743efb8f95e8,,,,5.0000,1000.00,0,,2026-07-28T21:24:34.537Z,,,,false
c8bad97c-3bd5-4b31-a7ed-f65c9967126d,01d46b37-b426-468a-a411-f316abe32870,c383dd94-afcf-4959-9418-743efb8f95e8,,,,1.0000,1000000.00,0,,2026-07-28T21:27:08.079Z,,,,false
1fd0f6c0-f567-4c02-a7f9-d7d3ae1f92b9,01d46b37-b426-468a-a411-f316abe32870,c383dd94-afcf-4959-9418-743efb8f95e8,,,,1.0000,2500000.00,0,,2026-07-28T21:27:08.121Z,,,,false
1a92d144-7085-474a-8965-10d402681c43,01d46b37-b426-468a-a411-f316abe32870,c383dd94-afcf-4959-9418-743efb8f95e8,,,,1.0000,500000.00,0,,2026-07-28T21:27:08.143Z,,,,false
ea700274-f928-432d-9182-bdac6ddbb6b1,44164ede-59ec-47ec-a9ce-1cf5915f00bb,c383dd94-afcf-4959-9418-743efb8f95e8,,,,7.0000,9999999.00,0,,2026-07-28T21:27:08.731Z,,,,false
4658befd-9a65-424c-b2f8-bc1085ff4105,07e95833-914e-4882-b3b0-698ff34b9194,c383dd94-afcf-4959-9418-743efb8f95e8,,,,10.0000,5000000.00,0,,2026-07-28T21:27:09.046Z,,,,false
fe343d10-bd3f-4eec-b0a0-00f64c1ce487,764485ad-5ce1-420b-b366-cc0842b081d3,c383dd94-afcf-4959-9418-743efb8f95e8,,,,10.0000,5000000.00,0,,2026-07-28T21:27:09.590Z,,,,false
fd129852-5371-4a80-9752-2631dcfbf9dc,bf8be44e-4d45-402a-9f55-5db66b746ea4,c383dd94-afcf-4959-9418-743efb8f95e8,,,,10.0000,5000000.00,0,,2026-07-28T21:27:10.471Z,,,,false
cecf0f22-3a65-416e-8b22-cb100cd9e4dd,1b2ad699-ee5e-4167-8583-2bdbb4dccea7,c383dd94-afcf-4959-9418-743efb8f95e8,,,,10.0000,5000000.00,0,,2026-07-28T21:27:10.911Z,,,,false
233c6f57-5a0a-445e-88b9-17f750853b0b,c37f79b0-e787-4bc0-8f65-6c806938f55c,c383dd94-afcf-4959-9418-743efb8f95e8,,,,10.0000,5000000.00,0,,2026-07-28T21:27:11.201Z,,,,false
136ef851-c89b-4ff9-b01c-d47fd2f7d69e,d8903c4b-a125-433c-b2fb-c228d03e0d74,c383dd94-afcf-4959-9418-743efb8f95e8,,,,10.0000,5000000.00,0,,2026-07-28T21:27:12.250Z,,,,false
ea8d3cd0-c49e-4c98-a0af-f57dcb3519a0,77c23003-cfbf-4320-8dbe-04af28595322,c383dd94-afcf-4959-9418-743efb8f95e8,,,,10.0000,5000000.00,0,,2026-07-28T21:27:12.822Z,,,,false
ed48d7cb-29f6-4364-ad7f-94f8a0d2ec3d,77c23003-cfbf-4320-8dbe-04af28595322,c383dd94-afcf-4959-9418-743efb8f95e8,,,,5.0000,1000.00,0,,2026-07-28T21:27:13.320Z,,,,false
18119df3-709d-4a4b-93d3-96f86d487fe0,f73960ea-97d3-4f31-8f81-e5538f2dc400,c383dd94-afcf-4959-9418-743efb8f95e8,,,,1.0000,1000000.00,0,,2026-07-28T21:30:20.508Z,,,,false
ecc69004-bfd4-4471-bf38-8a8748665a8d,f73960ea-97d3-4f31-8f81-e5538f2dc400,c383dd94-afcf-4959-9418-743efb8f95e8,,,,1.0000,2500000.00,0,,2026-07-28T21:30:20.544Z,,,,false
24eab519-c5a9-419e-82f3-18ec906a1181,f73960ea-97d3-4f31-8f81-e5538f2dc400,c383dd94-afcf-4959-9418-743efb8f95e8,,,,1.0000,500000.00,0,,2026-07-28T21:30:20.567Z,,,,false
0dd2d892-7deb-4135-8fab-0cca52aac609,dd570d5b-3670-4c91-977c-d9922e6d2d13,c383dd94-afcf-4959-9418-743efb8f95e8,,,,7.0000,9999999.00,0,,2026-07-28T21:30:21.528Z,,,,false
9afe74f4-449c-41d1-ac2c-4122e09c6fc9,f64e224d-ed64-412e-b9cf-d2e50121b72e,c383dd94-afcf-4959-9418-743efb8f95e8,,,,10.0000,5000000.00,0,,2026-07-28T21:30:21.819Z,,,,false
b70a0fe0-a46e-43e5-8d32-58c8da68001b,a15e564f-7b94-42f2-91b5-0af7ad63bdcc,c383dd94-afcf-4959-9418-743efb8f95e8,,,,10.0000,5000000.00,0,,2026-07-28T21:30:22.452Z,,,,false
394f4bdd-3c5b-4f55-ba8e-d3d7d3b32b04,4d430c92-b5f7-49e5-95da-9a629f914887,c383dd94-afcf-4959-9418-743efb8f95e8,,,,10.0000,5000000.00,0,,2026-07-28T21:30:23.278Z,,,,false
838749ef-44e7-4567-bdad-2fa3d69fe878,47ae6c39-3c69-410b-b720-f18418a74612,c383dd94-afcf-4959-9418-743efb8f95e8,,,,10.0000,5000000.00,0,,2026-07-28T21:30:23.691Z,,,,false
072d8544-b99a-4f8c-b190-205a5be9c130,987a3fc0-3f04-4ac3-b24e-89f0956a3962,c383dd94-afcf-4959-9418-743efb8f95e8,,,,10.0000,5000000.00,0,,2026-07-28T21:30:24.006Z,,,,false
10f74065-3106-4669-ba35-7f741c8e9ddc,c34028e5-c116-48b6-ac03-12ac731b0f64,c383dd94-afcf-4959-9418-743efb8f95e8,,,,10.0000,5000000.00,0,,2026-07-28T21:30:25.019Z,,,,false
7ca2b070-6fcc-4b3a-b26f-d38a04d02f27,e4291e4d-e181-4992-9a6f-c97f523a6426,c383dd94-afcf-4959-9418-743efb8f95e8,,,,10.0000,5000000.00,0,,2026-07-28T21:30:25.674Z,,,,false
c6a042db-02d1-4b81-9cbc-36d917bd6797,e4291e4d-e181-4992-9a6f-c97f523a6426,c383dd94-afcf-4959-9418-743efb8f95e8,,,,5.0000,1000.00,0,,2026-07-28T21:30:26.174Z,,,,false
713c0545-6ff1-4816-8fd3-43ebe6be26fb,4d4e61e0-7a1a-4ee8-a8f0-fff9ed591955,c383dd94-afcf-4959-9418-743efb8f95e8,,,,1.0000,1000000.00,0,,2026-07-28T21:51:32.358Z,,,,false
a54438ae-3916-4c57-8c6d-e2510c2a852a,4d4e61e0-7a1a-4ee8-a8f0-fff9ed591955,c383dd94-afcf-4959-9418-743efb8f95e8,,,,1.0000,2500000.00,0,,2026-07-28T21:51:32.392Z,,,,false
3494e48b-5e84-4b47-a003-47a4d4c57e5b,4d4e61e0-7a1a-4ee8-a8f0-fff9ed591955,c383dd94-afcf-4959-9418-743efb8f95e8,,,,1.0000,500000.00,0,,2026-07-28T21:51:32.417Z,,,,false
30802312-8c8a-48b0-8631-dbd641803b66,f635f709-9fd0-4ce9-bacb-87a61b0a1cb8,c383dd94-afcf-4959-9418-743efb8f95e8,,,,7.0000,9999999.00,0,,2026-07-28T21:51:33.633Z,,,,false
725a982f-c5d6-4a7b-ba55-4062ac60ab23,95e40d4c-d135-4026-bf34-5ffecbdad59f,c383dd94-afcf-4959-9418-743efb8f95e8,,,,10.0000,5000000.00,0,,2026-07-28T21:51:33.918Z,,,,false
5a5c68a5-d96a-43ee-9486-84ce708c3a89,20396697-58e8-4053-ab4c-1edf293cdef3,c383dd94-afcf-4959-9418-743efb8f95e8,,,,10.0000,5000000.00,0,,2026-07-28T21:51:34.434Z,,,,false
5186d0e6-7c1e-4e1f-b608-9dd2adf02590,33e47751-0890-458b-9563-6bc15f751f11,c383dd94-afcf-4959-9418-743efb8f95e8,,,,10.0000,5000000.00,0,,2026-07-28T21:51:35.188Z,,,,false
8511de87-6b2d-43fb-8453-2d6d38da87e9,bda2307f-4444-4032-b6cc-b0e1556cae32,c383dd94-afcf-4959-9418-743efb8f95e8,,,,10.0000,5000000.00,0,,2026-07-28T21:51:35.635Z,,,,false
d15af197-0c40-4931-9efe-6b81b663edcf,62b005df-2f48-4503-a7df-e99cb7fdf7d1,c383dd94-afcf-4959-9418-743efb8f95e8,,,,10.0000,5000000.00,0,,2026-07-28T21:51:35.917Z,,,,false
0f1048b9-32a3-4523-ad74-72f007f181ff,c048bd26-e3a6-48f2-8e42-eda0ed46097b,c383dd94-afcf-4959-9418-743efb8f95e8,,,,10.0000,5000000.00,0,,2026-07-28T21:51:36.929Z,,,,false
8e1e023f-58cf-48fa-9c19-9d3f9dae0cd0,ea0266f0-d445-4f62-a7c2-684e36a65a92,c383dd94-afcf-4959-9418-743efb8f95e8,,,,10.0000,5000000.00,0,,2026-07-28T21:51:37.475Z,,,,false
9cc38ec4-8fab-4ceb-ad3b-b199548b8cf0,ea0266f0-d445-4f62-a7c2-684e36a65a92,c383dd94-afcf-4959-9418-743efb8f95e8,,,,5.0000,1000.00,0,,2026-07-28T21:51:37.970Z,,,,false
f8c52294-cedd-4977-ba02-e068eda7161f,3e8fd21d-5473-4393-8f7f-9ab14d944790,c383dd94-afcf-4959-9418-743efb8f95e8,,,,1.0000,1000000.00,0,,2026-07-28T21:56:44.153Z,,,,false
a68b61c3-6255-4fe0-bdff-e125d23b24ce,3e8fd21d-5473-4393-8f7f-9ab14d944790,c383dd94-afcf-4959-9418-743efb8f95e8,,,,1.0000,2500000.00,0,,2026-07-28T21:56:44.187Z,,,,false
46a03d01-3b12-4d0a-94e1-2bfb176ee12f,3e8fd21d-5473-4393-8f7f-9ab14d944790,c383dd94-afcf-4959-9418-743efb8f95e8,,,,1.0000,500000.00,0,,2026-07-28T21:56:44.210Z,,,,false
01863189-6e5e-4537-b2d9-52019d30e0d5,cb9dcba1-d2a6-4826-945f-295f53f23531,c383dd94-afcf-4959-9418-743efb8f95e8,,,,7.0000,9999999.00,0,,2026-07-28T21:56:44.749Z,,,,false
9efba6da-debf-41fc-962d-89e00521bebd,c78dae1f-4277-48ef-b905-9a133cf28678,c383dd94-afcf-4959-9418-743efb8f95e8,,,,10.0000,5000000.00,0,,2026-07-28T21:56:45.057Z,,,,false
620e5c80-1138-4436-99ea-b239fe631e5a,1b32e308-7ee7-497b-a82a-dcd07fb5e7a7,c383dd94-afcf-4959-9418-743efb8f95e8,,,,10.0000,5000000.00,0,,2026-07-28T21:56:45.552Z,,,,false
045e9854-5927-4867-9815-e07879fb4a4a,de1ec635-4669-488e-8209-a40bcb9667f6,c383dd94-afcf-4959-9418-743efb8f95e8,,,,10.0000,5000000.00,0,,2026-07-28T21:56:46.289Z,,,,false
d531d1a3-9a16-41d7-ba6e-f94984df0b8a,2f1e15ad-47e4-4725-a749-7c1f1403e550,c383dd94-afcf-4959-9418-743efb8f95e8,,,,10.0000,5000000.00,0,,2026-07-28T21:56:46.698Z,,,,false
de831a3b-1c0f-46aa-a7a7-dd06290f5b49,690b4d66-bd8a-407f-883d-56ccf840810a,c383dd94-afcf-4959-9418-743efb8f95e8,,,,10.0000,5000000.00,0,,2026-07-28T21:56:46.961Z,,,,false
c1be7c4f-ae98-4444-968c-7e0b1ebebba5,1ae3b751-6261-4027-81a4-d398314bd645,c383dd94-afcf-4959-9418-743efb8f95e8,,,,10.0000,5000000.00,0,,2026-07-28T21:56:47.983Z,,,,false
fde30a2c-b4c2-47e9-9aea-ae8379a91963,3f8f91dc-c88b-442d-ad8a-36820cfe172d,c383dd94-afcf-4959-9418-743efb8f95e8,,,,10.0000,5000000.00,0,,2026-07-28T21:56:48.540Z,,,,false
af78a375-3515-4143-9332-f85cdf6ec936,3f8f91dc-c88b-442d-ad8a-36820cfe172d,c383dd94-afcf-4959-9418-743efb8f95e8,,,,5.0000,1000.00,0,,2026-07-28T21:56:49.022Z,,,,false
d71ca5a7-4af2-45b7-b897-9658fe26bb9b,59df9bd6-1673-49bd-8065-123f4408405f,c383dd94-afcf-4959-9418-743efb8f95e8,,,,5.0000,1000.00,0,,2026-07-29T04:02:39.766Z,,,,false
9d5e3fad-f9cd-4c4f-b803-b57cdae2fe4c,3c68ca47-f911-48f4-a39f-dfa7a9d4987d,c383dd94-afcf-4959-9418-743efb8f95e8,,,,1.0000,1000000.00,0,,2026-07-29T04:22:43.185Z,,,,false
e05b69f4-5421-4eb8-ac36-95f426272a2d,3c68ca47-f911-48f4-a39f-dfa7a9d4987d,c383dd94-afcf-4959-9418-743efb8f95e8,,,,1.0000,2500000.00,0,,2026-07-29T04:22:43.216Z,,,,false
5939b552-d62f-4c94-9884-ffe2e0e6e3e3,3c68ca47-f911-48f4-a39f-dfa7a9d4987d,c383dd94-afcf-4959-9418-743efb8f95e8,,,,1.0000,500000.00,0,,2026-07-29T04:22:43.239Z,,,,false
a7efc4df-f6e6-4e1d-b98c-a3519ad85306,e9f3cce7-a6f3-4125-8bc8-4091be6556d4,c383dd94-afcf-4959-9418-743efb8f95e8,,,,7.0000,9999999.00,0,,2026-07-29T04:22:44.536Z,,,,false
f71f038a-c006-4c74-baef-3794152b80b7,a5657e03-0d44-42cd-a67f-a260a2b10a93,c383dd94-afcf-4959-9418-743efb8f95e8,,,,10.0000,5000000.00,0,,2026-07-29T04:22:45.042Z,,,,false
0ccd1bb0-24dd-48a5-85d5-c2269d25219e,541afc5b-f0dd-4ac3-abee-aa15ff4f399a,c383dd94-afcf-4959-9418-743efb8f95e8,,,,10.0000,5000000.00,0,,2026-07-29T04:22:45.953Z,,,,false
3983a4e0-96a9-45dd-b176-1d14c7385965,fba691c5-188d-4926-b529-94b96bcb5e58,c383dd94-afcf-4959-9418-743efb8f95e8,,,,10.0000,5000000.00,0,,2026-07-29T04:22:47.750Z,,,,false
59e19318-5ca0-48a3-b92d-8044a393d13d,eb314f54-e0ef-4808-bc9b-ac969feb55d4,c383dd94-afcf-4959-9418-743efb8f95e8,,,,10.0000,5000000.00,0,,2026-07-29T04:22:48.307Z,,,,false
454d20dc-21e5-45a6-bb00-40639ea95d2d,706342dd-ddd0-49c6-8fa6-52d49a9542e1,c383dd94-afcf-4959-9418-743efb8f95e8,,,,10.0000,5000000.00,0,,2026-07-29T04:22:48.754Z,,,,false
01376b2d-aa94-4f34-9743-ca8e8768bda4,c0664af1-81e4-4661-8e0a-379400245299,c383dd94-afcf-4959-9418-743efb8f95e8,,,,10.0000,5000000.00,0,,2026-07-29T04:22:50.463Z,,,,false
4651b122-cdb7-44ad-bfe1-abec7158c739,181960d5-7766-4c2a-a2f3-2aa7dc9ca0cf,c383dd94-afcf-4959-9418-743efb8f95e8,,,,10.0000,5000000.00,0,,2026-07-29T04:22:51.236Z,,,,false
bf8e692c-f6e1-4ce9-9c14-8e51eb79f70b,181960d5-7766-4c2a-a2f3-2aa7dc9ca0cf,c383dd94-afcf-4959-9418-743efb8f95e8,,,,5.0000,1000.00,0,,2026-07-29T04:22:51.952Z,,,,false
d97af3ca-5f2f-4ce3-9ffc-1407be16dc23,c15e5bea-464b-41c8-9dbf-b6754aff34fd,c383dd94-afcf-4959-9418-743efb8f95e8,,,,1.0000,1000000.00,0,,2026-07-29T04:25:37.569Z,,,,false
623dd4ed-5b3c-4555-953d-323f497530a4,c15e5bea-464b-41c8-9dbf-b6754aff34fd,c383dd94-afcf-4959-9418-743efb8f95e8,,,,1.0000,2500000.00,0,,2026-07-29T04:25:37.594Z,,,,false
fb755e31-0ba0-4640-8ec0-dbd63ea98ad6,c15e5bea-464b-41c8-9dbf-b6754aff34fd,c383dd94-afcf-4959-9418-743efb8f95e8,,,,1.0000,500000.00,0,,2026-07-29T04:25:37.617Z,,,,false
28e5a554-2be7-405e-98dc-33ff80331754,68d25a5f-e04f-40b0-b280-379aa55bc6ca,c383dd94-afcf-4959-9418-743efb8f95e8,,,,7.0000,9999999.00,0,,2026-07-29T04:25:38.448Z,,,,false
40ebf9a6-bc80-455a-9889-507d2e2014b9,78796fc9-b792-4efc-b31d-6fffa84dbbe4,c383dd94-afcf-4959-9418-743efb8f95e8,,,,10.0000,5000000.00,0,,2026-07-29T04:25:38.818Z,,,,false
20a041dc-9749-4b1a-bcfe-0420aa1792c1,96c8b378-1b31-4d44-a440-d61ffc204095,c383dd94-afcf-4959-9418-743efb8f95e8,,,,10.0000,5000000.00,0,,2026-07-29T04:25:39.600Z,,,,false
70f7416a-bb8d-435e-ab93-fb468c76a1d5,96523b4e-bcaa-4b9e-952f-e9938c8d37cf,c383dd94-afcf-4959-9418-743efb8f95e8,,,,10.0000,5000000.00,0,,2026-07-29T04:25:40.679Z,,,,false
008550fc-ea98-4f09-aa3a-4f419c537ce5,f746d86f-25db-4de4-b271-34f07bc3f895,c383dd94-afcf-4959-9418-743efb8f95e8,,,,10.0000,5000000.00,0,,2026-07-29T04:25:41.322Z,,,,false
9e53443e-597d-4f0f-bfda-1675780ff6f7,83b666d4-03ac-454e-99d8-8fa6e7ed8ac8,c383dd94-afcf-4959-9418-743efb8f95e8,,,,10.0000,5000000.00,0,,2026-07-29T04:25:41.811Z,,,,false
595a2bb7-82f7-4f5e-9af9-2c87ff1cc305,904c1f93-4f17-48ec-8d44-29c695255215,c383dd94-afcf-4959-9418-743efb8f95e8,,,,10.0000,5000000.00,0,,2026-07-29T04:25:43.173Z,,,,false
9a36caac-f25d-4fd3-86b3-e1dc9da3ab6a,a7742b19-d674-4ca4-8b37-576db5d138e1,c383dd94-afcf-4959-9418-743efb8f95e8,,,,10.0000,5000000.00,0,,2026-07-29T04:25:43.989Z,,,,false
9710fdbc-42ab-4301-947a-9971f3798192,a7742b19-d674-4ca4-8b37-576db5d138e1,c383dd94-afcf-4959-9418-743efb8f95e8,,,,5.0000,1000.00,0,,2026-07-29T04:25:44.799Z,,,,false
51f455b8-e5ec-4821-8b0a-0cbb48b568ec,2d98c56c-ddff-4a84-ab0d-d0f30e75e372,c383dd94-afcf-4959-9418-743efb8f95e8,,,,1.0000,1000000.00,0,,2026-07-29T04:31:40.474Z,,,,false
220ee16f-6d71-4870-aeb4-91061556d203,2d98c56c-ddff-4a84-ab0d-d0f30e75e372,c383dd94-afcf-4959-9418-743efb8f95e8,,,,1.0000,2500000.00,0,,2026-07-29T04:31:40.510Z,,,,false
b1843436-0272-4734-9558-26e49691a113,2d98c56c-ddff-4a84-ab0d-d0f30e75e372,c383dd94-afcf-4959-9418-743efb8f95e8,,,,1.0000,500000.00,0,,2026-07-29T04:31:40.538Z,,,,false
f02396f1-792e-4fad-b054-3419298bf075,258c121a-eda5-47f6-bff1-f90f600d2266,c383dd94-afcf-4959-9418-743efb8f95e8,,,,7.0000,9999999.00,0,,2026-07-29T04:31:42.395Z,,,,false
7d597199-243c-4362-a606-d2706365af9b,e0848ac9-6572-4583-955b-05fc6e5dc11d,c383dd94-afcf-4959-9418-743efb8f95e8,,,,10.0000,5000000.00,0,,2026-07-29T04:31:42.897Z,,,,false
92011fab-1536-4057-9062-8844b9fa9388,f7ff7ac9-bca0-4848-a321-902ded951535,c383dd94-afcf-4959-9418-743efb8f95e8,,,,10.0000,5000000.00,0,,2026-07-29T04:31:43.665Z,,,,false
a23ca72a-b810-4739-8846-7236d6dda775,4f2584da-9ea3-4876-a688-9f431d0e7faf,c383dd94-afcf-4959-9418-743efb8f95e8,,,,10.0000,5000000.00,0,,2026-07-29T04:31:44.780Z,,,,false
cfe9b98b-3d64-4bab-915f-977ba52f1584,25bb4c04-a059-4bd3-b2c4-6f6d29c1112b,c383dd94-afcf-4959-9418-743efb8f95e8,,,,10.0000,5000000.00,0,,2026-07-29T04:31:45.423Z,,,,false
5f8490c4-0f22-4652-b238-92eaa5274ffa,480f2e17-bddb-4a48-90d4-953a33519de0,c383dd94-afcf-4959-9418-743efb8f95e8,,,,10.0000,5000000.00,0,,2026-07-29T04:31:45.830Z,,,,false
4aaa3e00-3ec1-495e-a232-c12ff5540002,394c3157-e786-4699-9c97-a65821a4d64d,c383dd94-afcf-4959-9418-743efb8f95e8,,,,10.0000,5000000.00,0,,2026-07-29T04:31:47.203Z,,,,false
eb8917ac-8bbb-4670-99d8-3e7ee41cf2ec,be24ca37-4eeb-4295-a616-b3a1092df417,c383dd94-afcf-4959-9418-743efb8f95e8,,,,10.0000,5000000.00,0,,2026-07-29T04:31:47.990Z,,,,false
8e82f44a-af67-4814-9cee-734644b11376,be24ca37-4eeb-4295-a616-b3a1092df417,c383dd94-afcf-4959-9418-743efb8f95e8,,,,5.0000,1000.00,0,,2026-07-29T04:31:48.699Z,,,,false
642387b7-f7c9-40b0-a027-92485acdb8d1,587b7de2-0e11-4086-b3d7-d7193c232803,c383dd94-afcf-4959-9418-743efb8f95e8,,,,1.0000,1000000.00,0,,2026-07-29T04:36:47.625Z,,,,false
933dae77-fe90-44d2-bb50-70484b06bca8,587b7de2-0e11-4086-b3d7-d7193c232803,c383dd94-afcf-4959-9418-743efb8f95e8,,,,1.0000,2500000.00,0,,2026-07-29T04:36:47.655Z,,,,false
0fb8597a-b638-4692-a6df-26e51b3160cb,587b7de2-0e11-4086-b3d7-d7193c232803,c383dd94-afcf-4959-9418-743efb8f95e8,,,,1.0000,500000.00,0,,2026-07-29T04:36:47.679Z,,,,false
0866b9de-9228-4331-9dd8-f1d6d8dbdd97,9759cf26-ea1e-4fbf-8695-e3161069710f,c383dd94-afcf-4959-9418-743efb8f95e8,,,,7.0000,9999999.00,0,,2026-07-29T04:36:50.481Z,,,,false
969ded30-bffe-4838-9809-079d96cc42aa,2537fd3e-a143-4114-9131-c4e48df379a0,c383dd94-afcf-4959-9418-743efb8f95e8,,,,10.0000,5000000.00,0,,2026-07-29T04:36:50.896Z,,,,false
574981c8-a85e-4a22-91e6-95423b363c5f,b82fb08a-9c21-464f-ba4a-8d06d11226b8,c383dd94-afcf-4959-9418-743efb8f95e8,,,,10.0000,5000000.00,0,,2026-07-29T04:36:51.721Z,,,,false
e8aa9d22-6987-48fb-b0ce-cfc019af921e,c742827c-bdfd-4021-bd5b-506a6b23e201,c383dd94-afcf-4959-9418-743efb8f95e8,,,,10.0000,5000000.00,0,,2026-07-29T04:36:52.838Z,,,,false
8ad96719-9ee9-4f20-a9cf-ca6d1157024c,3dfeff3c-8104-4f50-a607-2552121a0831,c383dd94-afcf-4959-9418-743efb8f95e8,,,,10.0000,5000000.00,0,,2026-07-29T04:36:53.427Z,,,,false
36f242e1-2792-43a9-ac4a-349be7e161fc,38d15f3a-75a3-4b38-a8bb-df80154b58e8,c383dd94-afcf-4959-9418-743efb8f95e8,,,,10.0000,5000000.00,0,,2026-07-29T04:36:53.842Z,,,,false
d2a156c9-d8ef-4bdb-b1a9-0164448b1da1,c62c43e9-883a-4077-9881-4bafef231fca,c383dd94-afcf-4959-9418-743efb8f95e8,,,,10.0000,5000000.00,0,,2026-07-29T04:36:55.359Z,,,,false
66111ba2-818f-47ab-80bc-142dd3e6fada,5dc196df-51fc-4877-9f2f-95d68e2eaebe,c383dd94-afcf-4959-9418-743efb8f95e8,,,,10.0000,5000000.00,0,,2026-07-29T04:36:56.273Z,,,,false
7c836220-2703-43e2-a6fb-1db486b550ed,5dc196df-51fc-4877-9f2f-95d68e2eaebe,c383dd94-afcf-4959-9418-743efb8f95e8,,,,5.0000,1000.00,0,,2026-07-29T04:36:57.195Z,,,,false
fd07e58d-0dff-4be8-a94c-089115d2856b,e0a07491-f819-4fae-92db-d6955223ea78,c383dd94-afcf-4959-9418-743efb8f95e8,,,,1.0000,1000000.00,0,,2026-07-29T04:39:33.359Z,,,,false
1066ee14-3849-4e37-b0b7-c88fb4aab2a6,e0a07491-f819-4fae-92db-d6955223ea78,c383dd94-afcf-4959-9418-743efb8f95e8,,,,1.0000,2500000.00,0,,2026-07-29T04:39:33.389Z,,,,false
d5fa33ee-0e17-4150-b20a-e27345e5975e,e0a07491-f819-4fae-92db-d6955223ea78,c383dd94-afcf-4959-9418-743efb8f95e8,,,,1.0000,500000.00,0,,2026-07-29T04:39:33.413Z,,,,false
99fc1cff-d2bb-423f-a3c8-d80fe9e7bb8b,78172fdd-cd43-4eac-a186-8eba8c547525,c383dd94-afcf-4959-9418-743efb8f95e8,,,,7.0000,9999999.00,0,,2026-07-29T04:39:34.218Z,,,,false
9ea6a0c2-83d3-43d2-856a-2f92fe8645ad,56d6dacd-48fd-421c-bae7-7d74321d02ee,c383dd94-afcf-4959-9418-743efb8f95e8,,,,10.0000,5000000.00,0,,2026-07-29T04:39:34.943Z,,,,false
517c701d-57a5-4874-877a-cf6fd3452194,58f60063-bf2f-477d-93c1-2e3135856892,c383dd94-afcf-4959-9418-743efb8f95e8,,,,10.0000,5000000.00,0,,2026-07-29T04:39:35.648Z,,,,false
ecbfd34e-44f0-45eb-adb4-b391b1a13f38,6a3c3f7e-fc3e-4bd3-94d6-69eefba8787d,c383dd94-afcf-4959-9418-743efb8f95e8,,,,10.0000,5000000.00,0,,2026-07-29T04:39:36.814Z,,,,false
55030c71-63fa-4195-838d-f5ad2bb2c00a,e601c5cb-2aae-415e-84ca-765bccf36734,c383dd94-afcf-4959-9418-743efb8f95e8,,,,10.0000,5000000.00,0,,2026-07-29T04:39:37.397Z,,,,false
942bbeb2-40b9-4b93-b545-5ad91a73cfd4,6c9e791c-0e33-43e0-80f9-aa5ee85b1b30,c383dd94-afcf-4959-9418-743efb8f95e8,,,,10.0000,5000000.00,0,,2026-07-29T04:39:37.843Z,,,,false
f8f41b39-70d3-4471-a575-112d4966ef35,8284f0b9-29e4-4973-9f50-0b906afaf5ab,c383dd94-afcf-4959-9418-743efb8f95e8,,,,10.0000,5000000.00,0,,2026-07-29T04:39:39.279Z,,,,false
3b628196-f636-4f50-99d1-8db3cacf3c91,c083e3d1-6d87-4706-8188-7dee3805b403,c383dd94-afcf-4959-9418-743efb8f95e8,,,,10.0000,5000000.00,0,,2026-07-29T04:39:40.114Z,,,,false
afb402d7-b2f8-4cf8-8ca8-f2682948dc1f,c083e3d1-6d87-4706-8188-7dee3805b403,c383dd94-afcf-4959-9418-743efb8f95e8,,,,5.0000,1000.00,0,,2026-07-29T04:39:40.843Z,,,,false
4e046aa7-d70e-4b9e-86c6-dc40a40078b6,e00c6681-525b-4608-b643-b998ffe73911,c383dd94-afcf-4959-9418-743efb8f95e8,,,,1.0000,1000000.00,0,,2026-07-29T04:42:34.417Z,,,,false
64cd06ec-de67-404d-bfbe-9c996e706722,e00c6681-525b-4608-b643-b998ffe73911,c383dd94-afcf-4959-9418-743efb8f95e8,,,,1.0000,2500000.00,0,,2026-07-29T04:42:34.472Z,,,,false
ce706d92-2f3d-4b9f-bd5c-d150a77b00f2,e00c6681-525b-4608-b643-b998ffe73911,c383dd94-afcf-4959-9418-743efb8f95e8,,,,1.0000,500000.00,0,,2026-07-29T04:42:34.497Z,,,,false
ceca0248-65f7-4e5f-b0f7-c099907bb2f8,1c87a28c-4442-4312-bbc9-f2ebe2647fc3,c383dd94-afcf-4959-9418-743efb8f95e8,,,,7.0000,9999999.00,0,,2026-07-29T04:42:35.529Z,,,,false
90710da1-1a89-47b5-97c2-ac702980b7bf,78f6eea3-292e-46a4-9381-bb0632a4f372,c383dd94-afcf-4959-9418-743efb8f95e8,,,,10.0000,5000000.00,0,,2026-07-29T04:42:35.948Z,,,,false
ccbcc0d8-f229-4541-abb0-207c975a71cb,977bfc6b-e51b-4f3f-bed8-4461b62f4f8f,c383dd94-afcf-4959-9418-743efb8f95e8,,,,10.0000,5000000.00,0,,2026-07-29T04:42:36.835Z,,,,false
9051975d-710f-431f-a88a-e1d1b22de070,e21330ea-abe3-4ca0-9836-64c150625d2f,c383dd94-afcf-4959-9418-743efb8f95e8,,,,10.0000,5000000.00,0,,2026-07-29T04:42:37.986Z,,,,false
64651780-4d28-4bc2-9f48-9a90bfe50f4d,33d7a0b1-6fe5-4314-98b9-75f66f633a04,c383dd94-afcf-4959-9418-743efb8f95e8,,,,10.0000,5000000.00,0,,2026-07-29T04:42:38.558Z,,,,false
2cc0017a-5312-45cc-934a-de4ea28e9620,6c351294-664b-4947-9a12-cd353d508ecd,c383dd94-afcf-4959-9418-743efb8f95e8,,,,10.0000,5000000.00,0,,2026-07-29T04:42:39.091Z,,,,false
aa7011d6-5957-4876-be6e-f813d91d0c19,93eb6f8f-19b5-4073-a469-1b2ec31a3483,c383dd94-afcf-4959-9418-743efb8f95e8,,,,10.0000,5000000.00,0,,2026-07-29T04:42:40.584Z,,,,false
94d780b6-bf9a-4e72-aa2e-266b1f79e2af,9dd6b316-873c-4565-aff7-7a83e97d4fe6,c383dd94-afcf-4959-9418-743efb8f95e8,,,,10.0000,5000000.00,0,,2026-07-29T04:42:41.423Z,,,,false
c8a1fbe5-def8-4d3e-bdcb-c3b6a06c876d,9dd6b316-873c-4565-aff7-7a83e97d4fe6,c383dd94-afcf-4959-9418-743efb8f95e8,,,,5.0000,1000.00,0,,2026-07-29T04:42:42.197Z,,,,false
50c89765-bdd4-440c-8022-2370ad9a81af,52b9f19d-2565-4a46-b39d-8e25c27be97a,c383dd94-afcf-4959-9418-743efb8f95e8,,,,1.0000,500000.00,0,,2026-07-29T09:22:09.998Z,,,,false
d2ed1763-55ea-4472-b671-d262913ecd81,59f659be-6d47-4c25-8f07-c3579d396637,c383dd94-afcf-4959-9418-743efb8f95e8,,,,1.0000,1000000.00,0,,2026-07-29T04:54:57.393Z,,,,false
e205f3da-7050-4449-a0f2-1026263fd70f,59f659be-6d47-4c25-8f07-c3579d396637,c383dd94-afcf-4959-9418-743efb8f95e8,,,,1.0000,2500000.00,0,,2026-07-29T04:54:57.427Z,,,,false
77d0d8fa-fa70-4591-a7c0-dbf14d34d321,59f659be-6d47-4c25-8f07-c3579d396637,c383dd94-afcf-4959-9418-743efb8f95e8,,,,1.0000,500000.00,0,,2026-07-29T04:54:57.455Z,,,,false
779107d8-0e14-42bd-b29b-c63db22af1a8,1840bbbd-85de-461a-ab53-3f22b9b0b123,c383dd94-afcf-4959-9418-743efb8f95e8,,,,7.0000,9999999.00,0,,2026-07-29T04:55:01.919Z,,,,false
e3971e28-b6b2-4ef0-b4a7-11d825975e0e,4ab610d8-707b-401d-8a60-24450e5dd5cd,c383dd94-afcf-4959-9418-743efb8f95e8,,,,10.0000,5000000.00,0,,2026-07-29T04:55:02.339Z,,,,false
d0410625-b2bc-4afc-b433-320045e056e8,2a59dc47-d9f7-46f6-9548-b1534ab87df2,c383dd94-afcf-4959-9418-743efb8f95e8,,,,10.0000,5000000.00,0,,2026-07-29T04:55:03.117Z,,,,false
448f929e-1d23-432d-af11-907a8ea6a8b8,fa21f8f0-4b00-453b-89bd-7ac9688975fc,c383dd94-afcf-4959-9418-743efb8f95e8,,,,10.0000,5000000.00,0,,2026-07-29T04:55:04.371Z,,,,false
305311fb-7603-41dc-bbd9-d83d1cb30483,2d4d127b-0614-4300-8315-b02247877e52,c383dd94-afcf-4959-9418-743efb8f95e8,,,,10.0000,5000000.00,0,,2026-07-29T04:55:04.985Z,,,,false
c508020b-e358-443e-ae1e-3388784a6713,656ad2ce-1d3c-400e-ba40-b6abcb28c6e7,c383dd94-afcf-4959-9418-743efb8f95e8,,,,10.0000,5000000.00,0,,2026-07-29T04:55:05.450Z,,,,false
61e34069-3603-46b6-a1b3-9fde342c9719,4de79790-8ac4-476d-bfbc-c5e0011ed54d,c383dd94-afcf-4959-9418-743efb8f95e8,,,,10.0000,5000000.00,0,,2026-07-29T04:55:06.930Z,,,,false
0d897d5a-bd5d-4549-9cec-590e56eeb7a0,ed49dc46-6c40-46ee-bed4-8cd5cf233cdd,c383dd94-afcf-4959-9418-743efb8f95e8,,,,10.0000,5000000.00,0,,2026-07-29T04:55:07.818Z,,,,false
e73077e5-fb28-4ddd-ba4a-dcf039666393,ed49dc46-6c40-46ee-bed4-8cd5cf233cdd,c383dd94-afcf-4959-9418-743efb8f95e8,,,,5.0000,1000.00,0,,2026-07-29T04:55:08.658Z,,,,false
402be6b6-439e-44d2-b7c3-d1a9648a606f,e8fc2691-402f-41e5-9ac6-3e7ba34aa948,c383dd94-afcf-4959-9418-743efb8f95e8,,,,1.0000,1000000.00,0,,2026-07-29T04:59:31.424Z,,,,false
3ddd34d1-dec5-4384-8660-38871a0d24fb,e8fc2691-402f-41e5-9ac6-3e7ba34aa948,c383dd94-afcf-4959-9418-743efb8f95e8,,,,1.0000,2500000.00,0,,2026-07-29T04:59:31.454Z,,,,false
180475a6-24db-4805-b329-d533bc5e771c,e8fc2691-402f-41e5-9ac6-3e7ba34aa948,c383dd94-afcf-4959-9418-743efb8f95e8,,,,1.0000,500000.00,0,,2026-07-29T04:59:31.485Z,,,,false
6fbd8ab6-9c7b-403c-8a0c-322537de2388,82645578-f2b2-4e26-a92a-1d095ad01e11,c383dd94-afcf-4959-9418-743efb8f95e8,,,,7.0000,9999999.00,0,,2026-07-29T04:59:32.960Z,,,,false
4b0ec0c4-1118-481e-a199-0abb6ed13a41,226994cb-a016-41fe-aa57-d9fe6b3b6c45,c383dd94-afcf-4959-9418-743efb8f95e8,,,,10.0000,5000000.00,0,,2026-07-29T04:59:33.461Z,,,,false
601e8269-ce89-486d-a1a3-c395ae32363d,5d69cea0-6488-4d3a-9ee1-26e1c410a0a5,c383dd94-afcf-4959-9418-743efb8f95e8,,,,10.0000,5000000.00,0,,2026-07-29T04:59:34.317Z,,,,false
d25cfa69-be1c-4634-9dfa-abccd4eeae81,24c26562-0418-4233-8be6-f6a0321ed219,c383dd94-afcf-4959-9418-743efb8f95e8,,,,10.0000,5000000.00,0,,2026-07-29T04:59:35.669Z,,,,false
af2cef07-0bec-4774-a28a-9d84da6e68db,051862e4-803c-4a04-8b13-0639e73735b2,c383dd94-afcf-4959-9418-743efb8f95e8,,,,10.0000,5000000.00,0,,2026-07-29T04:59:36.264Z,,,,false
60241ad0-c467-4dbc-9fd2-470e1d812fa6,02f66155-c7fe-4279-8710-527c4e92f4c5,c383dd94-afcf-4959-9418-743efb8f95e8,,,,10.0000,5000000.00,0,,2026-07-29T04:59:36.641Z,,,,false
db8588d3-6523-4d2f-98c7-90ccd431de40,1a69c11c-212a-4a5e-b8be-361d0820abeb,c383dd94-afcf-4959-9418-743efb8f95e8,,,,10.0000,5000000.00,0,,2026-07-29T04:59:38.096Z,,,,false
2a4243ac-fd2c-4402-aca9-662290eafc40,e8a8df29-ef56-4508-8ab7-b99509867521,c383dd94-afcf-4959-9418-743efb8f95e8,,,,10.0000,5000000.00,0,,2026-07-29T04:59:39.029Z,,,,false
a7adf12a-1dd9-4dc5-8a77-8f5ab2867d6a,e8a8df29-ef56-4508-8ab7-b99509867521,c383dd94-afcf-4959-9418-743efb8f95e8,,,,5.0000,1000.00,0,,2026-07-29T04:59:39.729Z,,,,false
da2e324c-408e-4b86-b02c-53b68e06747c,6654f9ce-9836-4f5d-a1be-cec4d7bae214,c383dd94-afcf-4959-9418-743efb8f95e8,,,,1.0000,1000000.00,0,,2026-07-29T05:04:24.507Z,,,,false
31a80008-06be-4679-838a-ccd5283363fb,6654f9ce-9836-4f5d-a1be-cec4d7bae214,c383dd94-afcf-4959-9418-743efb8f95e8,,,,1.0000,2500000.00,0,,2026-07-29T05:04:24.539Z,,,,false
0ea9649c-cce0-4b79-b0f4-9f3b003001e2,6654f9ce-9836-4f5d-a1be-cec4d7bae214,c383dd94-afcf-4959-9418-743efb8f95e8,,,,1.0000,500000.00,0,,2026-07-29T05:04:24.560Z,,,,false
c2accc8e-8a26-4ce2-a1e4-9c8eee7df45d,3c16188d-b02d-415c-8195-e7ffd9d4726c,c383dd94-afcf-4959-9418-743efb8f95e8,,,,7.0000,9999999.00,0,,2026-07-29T05:04:25.286Z,,,,false
6dffa65e-6cab-455a-b127-8893997c2db3,feabf590-aeae-4d00-8bc1-1a74ec4c3508,c383dd94-afcf-4959-9418-743efb8f95e8,,,,10.0000,5000000.00,0,,2026-07-29T05:04:25.681Z,,,,false
c668d0b0-6aed-4896-999c-319f14f2dbd4,3f4cafb7-4641-40d5-9a5f-a570a7db8b63,c383dd94-afcf-4959-9418-743efb8f95e8,,,,10.0000,5000000.00,0,,2026-07-29T05:04:26.462Z,,,,false
653caf35-63df-4788-91fb-ada5065cbc4e,29d956da-b4a5-49e1-b664-4081af73170c,c383dd94-afcf-4959-9418-743efb8f95e8,,,,10.0000,5000000.00,0,,2026-07-29T05:04:27.604Z,,,,false
28b0739a-9b35-47e1-9913-dffce574508f,e2a77512-58fe-4e05-9527-e33063566f29,c383dd94-afcf-4959-9418-743efb8f95e8,,,,10.0000,5000000.00,0,,2026-07-29T05:04:28.147Z,,,,false
f9ece541-a14a-455e-837a-b2ac26e0522d,b39879fa-e4f4-4a1c-837c-5f55cb18f26c,c383dd94-afcf-4959-9418-743efb8f95e8,,,,10.0000,5000000.00,0,,2026-07-29T05:04:28.517Z,,,,false
ec1ab67c-4d37-4cc9-8e7b-4634ceaeb4ae,fd402b5f-3575-46a1-b96d-c10231ddeb7b,c383dd94-afcf-4959-9418-743efb8f95e8,,,,10.0000,5000000.00,0,,2026-07-29T05:04:29.982Z,,,,false
26ae7c89-e6b9-4323-977b-69b379a8157f,e0cb429e-b9d2-4a71-a882-be6604f3bab6,c383dd94-afcf-4959-9418-743efb8f95e8,,,,10.0000,5000000.00,0,,2026-07-29T05:04:30.816Z,,,,false
64ecfd89-313d-4740-adb9-a8d3dfe7e01a,e0cb429e-b9d2-4a71-a882-be6604f3bab6,c383dd94-afcf-4959-9418-743efb8f95e8,,,,5.0000,1000.00,0,,2026-07-29T05:04:31.612Z,,,,false
3e86a3e7-c6a2-44c8-b6af-318a188dc611,e275866d-06d9-4656-bdcd-9dc95e79020a,c383dd94-afcf-4959-9418-743efb8f95e8,,,,1.0000,1000000.00,0,,2026-07-29T05:08:03.986Z,,,,false
c40bfee3-6e61-4b47-bcbe-674dc0f8b7ae,e275866d-06d9-4656-bdcd-9dc95e79020a,c383dd94-afcf-4959-9418-743efb8f95e8,,,,1.0000,2500000.00,0,,2026-07-29T05:08:04.019Z,,,,false
dee0eafa-1f42-4773-a9a4-4336fbaf463d,e275866d-06d9-4656-bdcd-9dc95e79020a,c383dd94-afcf-4959-9418-743efb8f95e8,,,,1.0000,500000.00,0,,2026-07-29T05:08:04.042Z,,,,false
91a4ff0f-508d-4610-9b1c-031c5d332eb7,14df66bd-f236-4276-8c93-1ee885aecd88,c383dd94-afcf-4959-9418-743efb8f95e8,,,,7.0000,9999999.00,0,,2026-07-29T05:08:04.903Z,,,,false
44a8cbd2-c6f5-4686-b63b-7fb363c4b2ad,6ece2c8d-f65b-48fd-b576-4f7bd32282ea,c383dd94-afcf-4959-9418-743efb8f95e8,,,,10.0000,5000000.00,0,,2026-07-29T05:08:05.310Z,,,,false
8f28bf0d-2509-47a6-84f3-91a97d0cea66,729ae64d-a924-4ba5-878e-657f14f77a3a,c383dd94-afcf-4959-9418-743efb8f95e8,,,,10.0000,5000000.00,0,,2026-07-29T05:08:06.106Z,,,,false
0db6f03d-aa83-4ce6-9085-95f7e8ff7e69,58633029-d79c-4d19-9bb8-77fca2d1420e,c383dd94-afcf-4959-9418-743efb8f95e8,,,,10.0000,5000000.00,0,,2026-07-29T05:08:07.203Z,,,,false
dccf38b9-bf9a-4fa0-b5dc-face505209f8,3321863d-f5b3-4ccf-a8c7-cfbeb282dc34,c383dd94-afcf-4959-9418-743efb8f95e8,,,,10.0000,5000000.00,0,,2026-07-29T05:08:07.785Z,,,,false
b701ddc8-1923-42ca-acca-1db3fc7542fb,51544ede-f23b-4121-8dd0-3cc7a73926b3,c383dd94-afcf-4959-9418-743efb8f95e8,,,,10.0000,5000000.00,0,,2026-07-29T05:08:08.169Z,,,,false
0c0d0162-3cd3-468c-bda0-484554ca1417,f45948b3-6ff0-49ee-a2b1-624d5ed68694,c383dd94-afcf-4959-9418-743efb8f95e8,,,,10.0000,5000000.00,0,,2026-07-29T05:08:09.644Z,,,,false
e689e2c9-1f6d-43ad-9ded-370c87612193,eaf467be-ba9d-4daa-b490-d2b64182a304,c383dd94-afcf-4959-9418-743efb8f95e8,,,,10.0000,5000000.00,0,,2026-07-29T05:08:10.510Z,,,,false
4f3300a9-a0c4-4d7d-aeb8-80abb0c9f1b7,eaf467be-ba9d-4daa-b490-d2b64182a304,c383dd94-afcf-4959-9418-743efb8f95e8,,,,5.0000,1000.00,0,,2026-07-29T05:08:11.425Z,,,,false
c7cd719f-696b-4fd7-bece-139dd4a64c7f,4347fde9-9e2f-467e-89f5-58ee98926532,c383dd94-afcf-4959-9418-743efb8f95e8,,,,1.0000,1000000.00,0,,2026-07-29T05:23:44.547Z,,,,false
a2e4b56e-1e74-4139-a2b9-31682a38f6ec,4347fde9-9e2f-467e-89f5-58ee98926532,c383dd94-afcf-4959-9418-743efb8f95e8,,,,1.0000,2500000.00,0,,2026-07-29T05:23:44.579Z,,,,false
91011677-9d99-46b7-b828-304a76317082,4347fde9-9e2f-467e-89f5-58ee98926532,c383dd94-afcf-4959-9418-743efb8f95e8,,,,1.0000,500000.00,0,,2026-07-29T05:23:44.603Z,,,,false
268a4eb9-8247-4c74-8e1d-fd9512f39f52,44ff3b17-8c99-4bd4-bfe0-68711a7084cf,c383dd94-afcf-4959-9418-743efb8f95e8,,,,7.0000,9999999.00,0,,2026-07-29T05:23:49.027Z,,,,false
630c7f80-0cd7-4786-9592-7e6acf43d32a,20e5ee2d-37c0-4584-af87-5756e2039efb,c383dd94-afcf-4959-9418-743efb8f95e8,,,,10.0000,5000000.00,0,,2026-07-29T05:23:49.448Z,,,,false
961d2565-5fb8-4d9e-88dd-787fbdf82936,10226902-a633-49e7-8a75-1cb208652939,c383dd94-afcf-4959-9418-743efb8f95e8,,,,10.0000,5000000.00,0,,2026-07-29T05:23:50.282Z,,,,false
9317e3a8-49aa-40dd-8f1e-a32f6b23a91e,4570f823-4ce5-4814-96e1-201c335fbf4d,c383dd94-afcf-4959-9418-743efb8f95e8,,,,10.0000,5000000.00,0,,2026-07-29T05:23:51.564Z,,,,false
fdf2a8a6-ef76-4e8f-a0e0-c4faf9d230f4,ea15338d-859d-4173-84ec-46cd18aebf08,c383dd94-afcf-4959-9418-743efb8f95e8,,,,10.0000,5000000.00,0,,2026-07-29T05:23:52.186Z,,,,false
91d9d1d2-9fdd-437f-acc1-0fbc62d8394d,b2d9992e-8535-434e-ad80-eb5c066a0d46,c383dd94-afcf-4959-9418-743efb8f95e8,,,,10.0000,5000000.00,0,,2026-07-29T05:23:52.622Z,,,,false
f34efc60-6006-4a3e-8ff3-49d997e51009,dcd19fcc-943b-490c-9e97-c98f3b9aa802,c383dd94-afcf-4959-9418-743efb8f95e8,,,,10.0000,5000000.00,0,,2026-07-29T05:23:54.127Z,,,,false
c81219f9-aeda-4e1a-a184-fd7d64ff71f2,d45ae4ec-0ee4-43c9-964e-72b9a5d753a4,c383dd94-afcf-4959-9418-743efb8f95e8,,,,10.0000,5000000.00,0,,2026-07-29T05:23:55.047Z,,,,false
550eb06e-f239-461f-9310-2307916b35ed,d45ae4ec-0ee4-43c9-964e-72b9a5d753a4,c383dd94-afcf-4959-9418-743efb8f95e8,,,,5.0000,1000.00,0,,2026-07-29T05:23:55.887Z,,,,false
76bddd19-0af4-4e54-bd1b-5a92fe1d106e,06da492c-ee8f-4186-b194-981ced4aa8d4,c383dd94-afcf-4959-9418-743efb8f95e8,,,,1.0000,1000000.00,0,,2026-07-29T06:15:10.329Z,,,,false
65709438-0606-447b-a96e-cedf56f8d55e,06da492c-ee8f-4186-b194-981ced4aa8d4,c383dd94-afcf-4959-9418-743efb8f95e8,,,,1.0000,2500000.00,0,,2026-07-29T06:15:10.368Z,,,,false
6b909110-de72-4953-9583-503d0668b9a7,06da492c-ee8f-4186-b194-981ced4aa8d4,c383dd94-afcf-4959-9418-743efb8f95e8,,,,1.0000,500000.00,0,,2026-07-29T06:15:10.392Z,,,,false
1e391230-605e-48af-84fd-53861ab73b62,45143190-8268-48e5-af21-b127bd3c6cf9,c383dd94-afcf-4959-9418-743efb8f95e8,,,,7.0000,9999999.00,0,,2026-07-29T06:15:12.157Z,,,,false
829f8134-a1d1-45d6-8b8c-145e07430c8f,33837944-7295-4a84-bcfb-503126a2f85b,c383dd94-afcf-4959-9418-743efb8f95e8,,,,10.0000,5000000.00,0,,2026-07-29T06:15:12.670Z,,,,false
ea475faf-df6e-4e4f-a36a-84bfbabaa7fc,ee6e5e00-feb0-4127-8b74-46429b51d19d,c383dd94-afcf-4959-9418-743efb8f95e8,,,,10.0000,5000000.00,0,,2026-07-29T06:15:13.637Z,,,,false
9a1b9199-a03f-4f5b-bba3-90acc6411061,a6751a4c-8f4d-4b55-805c-6516d17b4dab,c383dd94-afcf-4959-9418-743efb8f95e8,,,,10.0000,5000000.00,0,,2026-07-29T06:15:15.042Z,,,,false
a463ce88-04fd-4628-a20a-8ceb4e3f8a24,f8bbffec-2bfc-4bcd-9ec1-f843c73b16c7,c383dd94-afcf-4959-9418-743efb8f95e8,,,,10.0000,5000000.00,0,,2026-07-29T06:15:15.732Z,,,,false
affdb35a-a822-4adf-a547-5351b5a4738f,a90f08ea-7eb5-42ae-ab77-3b3a0137b7eb,c383dd94-afcf-4959-9418-743efb8f95e8,,,,10.0000,5000000.00,0,,2026-07-29T06:15:16.154Z,,,,false
67aafe43-55f9-4dab-9078-913826e361bc,7834a226-7055-4baf-90ff-0c250567a5c1,c383dd94-afcf-4959-9418-743efb8f95e8,,,,10.0000,5000000.00,0,,2026-07-29T06:15:17.692Z,,,,false
4c624535-de61-4701-91e7-758e177e1c55,4727fcf6-a5a3-4dba-8fac-a7f8b1a427bb,c383dd94-afcf-4959-9418-743efb8f95e8,,,,10.0000,5000000.00,0,,2026-07-29T06:15:18.727Z,,,,false
3a91ed6c-e6b1-4535-b4bf-df4548adc1e4,4727fcf6-a5a3-4dba-8fac-a7f8b1a427bb,c383dd94-afcf-4959-9418-743efb8f95e8,,,,5.0000,1000.00,0,,2026-07-29T06:15:19.699Z,,,,false
42518aca-9640-4110-8cc6-dbe3372ad9da,4f770588-c6cb-47b9-845c-c1018875c165,c383dd94-afcf-4959-9418-743efb8f95e8,,,,7.0000,9999999.00,0,,2026-07-29T09:22:24.383Z,,,,false
73aa9e53-3fc5-4e40-bd7d-d726aa94d354,5544086a-d98d-4ce2-9ecd-82c64d5f8df9,c383dd94-afcf-4959-9418-743efb8f95e8,,,,1.0000,1000000.00,0,,2026-07-29T06:27:39.241Z,,,,false
d91ebc27-afdd-4dee-aca4-5ebc66fe6772,5544086a-d98d-4ce2-9ecd-82c64d5f8df9,c383dd94-afcf-4959-9418-743efb8f95e8,,,,1.0000,2500000.00,0,,2026-07-29T06:27:39.281Z,,,,false
4e2bcb65-4a59-4125-b52e-369bc152517b,5544086a-d98d-4ce2-9ecd-82c64d5f8df9,c383dd94-afcf-4959-9418-743efb8f95e8,,,,1.0000,500000.00,0,,2026-07-29T06:27:39.306Z,,,,false
3fc642a2-dc51-4076-9b67-c84f0ec83f10,fa5083cb-22ba-49d7-ac22-613dd2b0d9be,c383dd94-afcf-4959-9418-743efb8f95e8,,,,7.0000,9999999.00,0,,2026-07-29T06:27:40.791Z,,,,false
597aef9e-0d5f-44e8-a283-0c180a2f0c9c,0de90d53-46d3-4bf6-9a69-70230d58e2ce,c383dd94-afcf-4959-9418-743efb8f95e8,,,,10.0000,5000000.00,0,,2026-07-29T06:27:41.219Z,,,,false
363ca5a6-04b6-401f-a1f9-4331e9b41daf,8fa74b57-b518-4bf3-9ad7-00bae81e841e,c383dd94-afcf-4959-9418-743efb8f95e8,,,,10.0000,5000000.00,0,,2026-07-29T06:27:42.024Z,,,,false
68f57c74-c886-4a9a-ad44-3cc169ca29b6,b6552a86-37f8-4668-89fb-5221ceab75b1,c383dd94-afcf-4959-9418-743efb8f95e8,,,,10.0000,5000000.00,0,,2026-07-29T06:27:43.158Z,,,,false
816408e9-bb6b-4988-838a-3213536ae233,893f8bdf-4262-4b99-9418-1e84890dfaaa,c383dd94-afcf-4959-9418-743efb8f95e8,,,,10.0000,5000000.00,0,,2026-07-29T06:27:43.789Z,,,,false
374ae93f-cabe-478c-8730-4bd38188bef2,7ecbccd1-56f1-4af9-a33c-ddc19d43885a,c383dd94-afcf-4959-9418-743efb8f95e8,,,,10.0000,5000000.00,0,,2026-07-29T06:27:44.220Z,,,,false
5886eefa-8bc7-428a-aa4c-597cb71f4499,669e67e8-fcca-4fd7-992b-d82d00aaca52,c383dd94-afcf-4959-9418-743efb8f95e8,,,,10.0000,5000000.00,0,,2026-07-29T06:27:45.680Z,,,,false
1a6605bf-d06a-4d0b-972b-7ebff49e65ce,3b77e996-7b71-49d3-9c73-baf147c21ad3,c383dd94-afcf-4959-9418-743efb8f95e8,,,,10.0000,5000000.00,0,,2026-07-29T06:27:46.678Z,,,,false
d704e539-9066-4a7f-b2f9-7a3dfa55bac1,3b77e996-7b71-49d3-9c73-baf147c21ad3,c383dd94-afcf-4959-9418-743efb8f95e8,,,,5.0000,1000.00,0,,2026-07-29T06:27:47.422Z,,,,false
ac3dc268-e8c5-407a-928d-1e91a7cd9cfa,5649b003-dd2c-458c-981d-710180066cfc,c383dd94-afcf-4959-9418-743efb8f95e8,,,,1.0000,1000000.00,0,,2026-07-29T06:33:54.221Z,,,,false
8cb133d1-9d5e-4cb2-bc53-218a67cb5bbd,5649b003-dd2c-458c-981d-710180066cfc,c383dd94-afcf-4959-9418-743efb8f95e8,,,,1.0000,2500000.00,0,,2026-07-29T06:33:54.251Z,,,,false
277abda9-176a-4bf7-a94b-58938e9f8bec,5649b003-dd2c-458c-981d-710180066cfc,c383dd94-afcf-4959-9418-743efb8f95e8,,,,1.0000,500000.00,0,,2026-07-29T06:33:54.276Z,,,,false
11c1c2c8-b083-4db0-9662-810e0527801c,54c87562-5ede-4833-b19f-95b108c94af0,c383dd94-afcf-4959-9418-743efb8f95e8,,,,7.0000,9999999.00,0,,2026-07-29T06:33:55.120Z,,,,false
0a07dd4f-6043-49a9-a388-f9fe00195e94,0bce03c3-1a91-430d-bc1d-e6130b342c5d,c383dd94-afcf-4959-9418-743efb8f95e8,,,,10.0000,5000000.00,0,,2026-07-29T06:33:55.593Z,,,,false
4722b28b-9e30-4dcf-a95b-b24c3b77d570,521d2a30-a1c7-43a2-a843-11239086f514,c383dd94-afcf-4959-9418-743efb8f95e8,,,,10.0000,5000000.00,0,,2026-07-29T06:33:56.439Z,,,,false
07fd5ec2-ec81-4e77-94d5-d6fd9c023063,d8ef223f-b320-4cbd-9f3f-17c2d31355ea,c383dd94-afcf-4959-9418-743efb8f95e8,,,,10.0000,5000000.00,0,,2026-07-29T06:33:57.574Z,,,,false
1bcd8f4d-89f6-43d7-ade5-7668955de082,e0cc8894-b1ad-4b72-9515-10206c5c1780,c383dd94-afcf-4959-9418-743efb8f95e8,,,,10.0000,5000000.00,0,,2026-07-29T06:33:58.211Z,,,,false
4d596c7a-46fd-4209-9814-17bb999bdea9,a48ed9d8-9d71-411a-a2ef-78dee84dd002,c383dd94-afcf-4959-9418-743efb8f95e8,,,,10.0000,5000000.00,0,,2026-07-29T06:33:58.725Z,,,,false
d5773eba-5be3-42e0-b609-886a416996d1,ceb2e5e3-411b-4165-808d-ed40ecc14992,c383dd94-afcf-4959-9418-743efb8f95e8,,,,10.0000,5000000.00,0,,2026-07-29T06:34:00.294Z,,,,false
024063f7-2e21-4f81-89e7-4c65c7019367,90ee1868-3c9b-4175-831e-fa72a63ad176,c383dd94-afcf-4959-9418-743efb8f95e8,,,,10.0000,5000000.00,0,,2026-07-29T06:34:01.168Z,,,,false
325f6ec4-e138-48ce-80e3-0c007a5c4a6b,90ee1868-3c9b-4175-831e-fa72a63ad176,c383dd94-afcf-4959-9418-743efb8f95e8,,,,5.0000,1000.00,0,,2026-07-29T06:34:02.063Z,,,,false
3cbced32-4774-49ab-83cb-f48f9170a5fe,1470fbf7-2d08-4999-94c0-ff5ce84ab4ea,c383dd94-afcf-4959-9418-743efb8f95e8,,,,1.0000,1000000.00,0,,2026-07-29T06:49:50.891Z,,,,false
44aa0643-987e-41ee-9958-cc984ca03cee,1470fbf7-2d08-4999-94c0-ff5ce84ab4ea,c383dd94-afcf-4959-9418-743efb8f95e8,,,,1.0000,2500000.00,0,,2026-07-29T06:49:50.925Z,,,,false
c88be8cb-9a54-42fd-a46b-81c48d77797c,1470fbf7-2d08-4999-94c0-ff5ce84ab4ea,c383dd94-afcf-4959-9418-743efb8f95e8,,,,1.0000,500000.00,0,,2026-07-29T06:49:50.949Z,,,,false
dbd2576f-433c-493f-9ec0-ccb8d9f0c55e,99040635-12c6-47ee-90d0-6519b40b3ecb,c383dd94-afcf-4959-9418-743efb8f95e8,,,,7.0000,9999999.00,0,,2026-07-29T06:49:52.607Z,,,,false
65ec38fa-cf31-4c6f-9247-f2649aa67d58,22ab7d03-b168-4677-839f-ce71d4f7a59f,c383dd94-afcf-4959-9418-743efb8f95e8,,,,10.0000,5000000.00,0,,2026-07-29T06:49:53.124Z,,,,false
52789efe-1acb-412a-88f2-6c35be8bd391,ba6833c7-3963-49c7-9e3f-e8a0f67953c1,c383dd94-afcf-4959-9418-743efb8f95e8,,,,10.0000,5000000.00,0,,2026-07-29T06:49:54.039Z,,,,false
e8308617-e968-4e37-971e-84bff849d714,b50f45b3-94ee-4614-a8a9-26a7a22329dc,c383dd94-afcf-4959-9418-743efb8f95e8,,,,10.0000,5000000.00,0,,2026-07-29T06:49:55.346Z,,,,false
2990acbb-8564-4431-8174-a68a6fdb6b34,35555143-e70c-42bb-a44d-c92aa38753e9,c383dd94-afcf-4959-9418-743efb8f95e8,,,,10.0000,5000000.00,0,,2026-07-29T06:49:55.974Z,,,,false
c63d6ebd-7947-47ad-b462-21f1c687c3b4,001c1b39-fb65-4826-81b7-4589b480f973,c383dd94-afcf-4959-9418-743efb8f95e8,,,,10.0000,5000000.00,0,,2026-07-29T06:49:56.372Z,,,,false
63dbccd6-47af-4ab7-958d-6a0409676abe,eef5c60e-b6e9-4503-b75e-759cbc225210,c383dd94-afcf-4959-9418-743efb8f95e8,,,,10.0000,5000000.00,0,,2026-07-29T06:49:57.971Z,,,,false
534f9606-1174-4c72-9f8b-054cdb4de4bb,4284cabe-cc2c-4b9a-9e2f-56594c4a0d95,c383dd94-afcf-4959-9418-743efb8f95e8,,,,10.0000,5000000.00,0,,2026-07-29T06:49:58.865Z,,,,false
ceef1583-9905-493f-9bf6-9305b4f058fe,4284cabe-cc2c-4b9a-9e2f-56594c4a0d95,c383dd94-afcf-4959-9418-743efb8f95e8,,,,5.0000,1000.00,0,,2026-07-29T06:49:59.722Z,,,,false
c3a91d20-dc4f-4ff7-8f4c-81a026f2c442,ec974525-cde0-4348-8f90-e0cf2d22e896,c383dd94-afcf-4959-9418-743efb8f95e8,,,,1.0000,1000000.00,0,,2026-07-29T06:58:30.598Z,,,,false
f9de826b-1a14-4904-887a-4b75d2a32583,ec974525-cde0-4348-8f90-e0cf2d22e896,c383dd94-afcf-4959-9418-743efb8f95e8,,,,1.0000,2500000.00,0,,2026-07-29T06:58:30.625Z,,,,false
4ceb1606-cbbb-4e91-afcd-07d89569b83d,ec974525-cde0-4348-8f90-e0cf2d22e896,c383dd94-afcf-4959-9418-743efb8f95e8,,,,1.0000,500000.00,0,,2026-07-29T06:58:30.646Z,,,,false
c6aed480-a4c9-4663-991d-6827142542c3,1a3230b9-da79-4d70-909a-57e018dd5955,c383dd94-afcf-4959-9418-743efb8f95e8,,,,7.0000,9999999.00,0,,2026-07-29T06:58:39.145Z,,,,false
d64ca8b1-a355-449e-ae98-9681cd5334a3,e22c42cf-1210-471d-8ba3-4ebfbc967fcb,c383dd94-afcf-4959-9418-743efb8f95e8,,,,10.0000,5000000.00,0,,2026-07-29T06:58:39.566Z,,,,false
4ef330f3-1213-4f14-9c07-fdc0bde206ed,db80ef15-3ad0-4f64-a4dd-d4a8778187e7,c383dd94-afcf-4959-9418-743efb8f95e8,,,,10.0000,5000000.00,0,,2026-07-29T06:58:40.349Z,,,,false
4015ab4d-ed92-46a3-96bd-cd8b6fc9f307,b5c98d89-ca2a-4ab0-9492-243887d182f8,c383dd94-afcf-4959-9418-743efb8f95e8,,,,10.0000,5000000.00,0,,2026-07-29T06:58:41.820Z,,,,false
debdb16d-0c36-45a3-809a-6736d4daf386,8f242f83-ecf8-4a67-a32a-3de33be099ed,c383dd94-afcf-4959-9418-743efb8f95e8,,,,10.0000,5000000.00,0,,2026-07-29T06:58:42.488Z,,,,false
125ca3b8-acf7-416d-970e-4a2f3db7b0b7,fcb1efd0-a002-4317-b9fc-29967c5e1fbc,c383dd94-afcf-4959-9418-743efb8f95e8,,,,10.0000,5000000.00,0,,2026-07-29T06:58:42.895Z,,,,false
5d4df9c0-ae2e-453c-a780-9b6b086b447a,a39815f0-cd11-4bfd-9d60-70988e03de75,c383dd94-afcf-4959-9418-743efb8f95e8,,,,10.0000,5000000.00,0,,2026-07-29T06:58:44.498Z,,,,false
40489f47-a886-4644-93ce-447511fd5182,8e3c5be1-c8c8-48e4-970b-95079cbb47d4,c383dd94-afcf-4959-9418-743efb8f95e8,,,,10.0000,5000000.00,0,,2026-07-29T06:58:45.401Z,,,,false
91836401-15ae-46d4-824c-0ac297509932,8e3c5be1-c8c8-48e4-970b-95079cbb47d4,c383dd94-afcf-4959-9418-743efb8f95e8,,,,5.0000,1000.00,0,,2026-07-29T06:58:46.239Z,,,,false
a9320a94-b087-4909-aef1-95311769d3f4,4ef0fb14-b71f-49c8-b62c-5fe346fb5ed1,c383dd94-afcf-4959-9418-743efb8f95e8,,,,1.0000,1000000.00,0,,2026-07-29T07:04:38.356Z,,,,false
fcf1291b-cfce-4fd2-a802-5906ac57c958,4ef0fb14-b71f-49c8-b62c-5fe346fb5ed1,c383dd94-afcf-4959-9418-743efb8f95e8,,,,1.0000,2500000.00,0,,2026-07-29T07:04:38.389Z,,,,false
029edb33-ae37-40eb-95b2-2516a1101bca,4ef0fb14-b71f-49c8-b62c-5fe346fb5ed1,c383dd94-afcf-4959-9418-743efb8f95e8,,,,1.0000,500000.00,0,,2026-07-29T07:04:38.412Z,,,,false
5bc6679c-e15d-4d97-8e86-c6529edd11b8,b0d1a5af-c5ad-4ecc-836e-d42892bad416,c383dd94-afcf-4959-9418-743efb8f95e8,,,,7.0000,9999999.00,0,,2026-07-29T07:04:40.386Z,,,,false
010f0110-02f8-4ccb-95e7-77210b4f5a17,ab6721c7-9fb8-43a0-879f-4db39fa71276,c383dd94-afcf-4959-9418-743efb8f95e8,,,,10.0000,5000000.00,0,,2026-07-29T07:04:40.832Z,,,,false
893fef6d-80a9-4e51-9356-14fd6544122e,baf06d65-fe72-425f-bed6-4976b570b5f4,c383dd94-afcf-4959-9418-743efb8f95e8,,,,10.0000,5000000.00,0,,2026-07-29T07:04:41.731Z,,,,false
8015417c-e3e3-48ab-8753-a2f63e04cc66,0f0e78a1-4286-42f9-8029-42a0d0030aad,c383dd94-afcf-4959-9418-743efb8f95e8,,,,10.0000,5000000.00,0,,2026-07-29T07:04:43.253Z,,,,false
c9f0a8cf-263b-4d73-b8bb-6858ccaa5867,0a329d1f-cfc8-4f3d-b619-f970cedfb926,c383dd94-afcf-4959-9418-743efb8f95e8,,,,10.0000,5000000.00,0,,2026-07-29T07:04:43.988Z,,,,false
41bff044-cd3e-4a60-ad65-7da65df46d31,4111045e-9919-4195-b7d3-c6f9c75b3ff8,c383dd94-afcf-4959-9418-743efb8f95e8,,,,10.0000,5000000.00,0,,2026-07-29T07:04:44.414Z,,,,false
c44515e0-f2b8-475c-83c9-4aa70158324e,76e0f00c-bb19-4d76-aede-d442c54e8c2f,c383dd94-afcf-4959-9418-743efb8f95e8,,,,10.0000,5000000.00,0,,2026-07-29T07:04:46.070Z,,,,false
d7ef7978-cef5-4249-89d0-99c9c0703359,e99f7a36-f7e0-452d-8fcc-f163dd051867,c383dd94-afcf-4959-9418-743efb8f95e8,,,,10.0000,5000000.00,0,,2026-07-29T07:04:47.038Z,,,,false
845d2266-eae1-45e8-b8c1-d5ae9032517e,e99f7a36-f7e0-452d-8fcc-f163dd051867,c383dd94-afcf-4959-9418-743efb8f95e8,,,,5.0000,1000.00,0,,2026-07-29T07:04:47.886Z,,,,false
c7876e5a-4b80-4db5-8663-c2f13f723a11,1428ad13-4e72-4993-9fa0-400b948851ff,c383dd94-afcf-4959-9418-743efb8f95e8,,,,1.0000,1000000.00,0,,2026-07-29T07:28:34.309Z,,,,false
15bd56be-dcb9-45c2-be0a-0c5f7a5081a5,1428ad13-4e72-4993-9fa0-400b948851ff,c383dd94-afcf-4959-9418-743efb8f95e8,,,,1.0000,2500000.00,0,,2026-07-29T07:28:34.346Z,,,,false
d1ea69ea-b4a1-4fde-9e38-dba12c828feb,1428ad13-4e72-4993-9fa0-400b948851ff,c383dd94-afcf-4959-9418-743efb8f95e8,,,,1.0000,500000.00,0,,2026-07-29T07:28:34.370Z,,,,false
7b89f631-14ce-464c-a114-6278e4fc5e27,ad1a0fdc-330e-453a-9b7a-87ab9ac3372f,c383dd94-afcf-4959-9418-743efb8f95e8,,,,7.0000,9999999.00,0,,2026-07-29T07:28:35.963Z,,,,false
f7632c64-e4e5-4d0c-9e80-a87829f9329c,ce39e96d-d94f-4259-8b8d-d7a19f421d6d,c383dd94-afcf-4959-9418-743efb8f95e8,,,,10.0000,5000000.00,0,,2026-07-29T07:28:36.416Z,,,,false
a92a08c7-10b1-4828-b428-7a2869f71d74,c978bb5e-f25b-440f-bf53-b466a30da9c1,c383dd94-afcf-4959-9418-743efb8f95e8,,,,10.0000,5000000.00,0,,2026-07-29T07:28:37.327Z,,,,false
c3702fb5-c7d0-4ccf-bb20-3845b0b9d711,75c7697e-680a-44c5-890d-85aa3732145d,c383dd94-afcf-4959-9418-743efb8f95e8,,,,10.0000,5000000.00,0,,2026-07-29T07:28:38.773Z,,,,false
8230a968-d75e-4d0c-b3db-98d3c426a22f,b74f6cab-be16-4d2e-aa87-c74a9faab649,c383dd94-afcf-4959-9418-743efb8f95e8,,,,10.0000,5000000.00,0,,2026-07-29T07:28:39.438Z,,,,false
b813c3d7-1359-4af1-90a5-41d5c26b895c,b0590542-7f5b-4d04-98b8-cbe033520824,c383dd94-afcf-4959-9418-743efb8f95e8,,,,10.0000,5000000.00,0,,2026-07-29T07:28:39.884Z,,,,false
cf14ff68-646b-4e95-ac6c-85efaf610808,7f92a9bd-203e-47c7-8c30-5c58c65c3179,c383dd94-afcf-4959-9418-743efb8f95e8,,,,10.0000,5000000.00,0,,2026-07-29T07:28:41.583Z,,,,false
4be0f9a8-f9a7-4d9f-8c20-d1775b630c07,b2dbe89c-2a7b-44e4-8480-5f922403c7ff,c383dd94-afcf-4959-9418-743efb8f95e8,,,,10.0000,5000000.00,0,,2026-07-29T07:28:42.528Z,,,,false
04985525-1168-45e9-bef7-07afdf3cefd5,b2dbe89c-2a7b-44e4-8480-5f922403c7ff,c383dd94-afcf-4959-9418-743efb8f95e8,,,,5.0000,1000.00,0,,2026-07-29T07:28:43.385Z,,,,false
12f7e47f-f13b-4c64-a64c-690e0906be6c,a88b85aa-2667-4345-8bc9-72e51d3275a0,c383dd94-afcf-4959-9418-743efb8f95e8,,,,10.0000,5000000.00,0,,2026-07-29T09:22:24.823Z,,,,false
25923163-b19a-4b5c-bd8e-09c1532bddc2,0e58e97e-b6f5-4f05-a772-38adb8d272d0,c383dd94-afcf-4959-9418-743efb8f95e8,,,,10.0000,5000000.00,0,,2026-07-29T09:22:25.828Z,,,,false
b6f779d1-d3d6-4904-8340-fa2cd800388b,c91cdf16-893a-4ea8-9a55-031dc62892cd,c383dd94-afcf-4959-9418-743efb8f95e8,,,,10.0000,5000000.00,0,,2026-07-29T09:22:27.042Z,,,,false
989599b0-b36a-41b8-83a0-9cf91d9dbab5,2a0e6b0e-21d2-47e2-a5fd-1df36714d109,c383dd94-afcf-4959-9418-743efb8f95e8,,,,10.0000,5000000.00,0,,2026-07-29T09:22:27.654Z,,,,false
c0b25897-7a3f-4f6a-99ec-4b3b50cc9142,24a28b33-57cc-4551-91ea-58a1a25d76a4,c383dd94-afcf-4959-9418-743efb8f95e8,,,,10.0000,5000000.00,0,,2026-07-29T09:22:28.139Z,,,,false
d3d7eaad-c92e-4e62-9b62-3d6bec367436,818b8940-d5fa-453f-ab4b-2af70ca221ee,c383dd94-afcf-4959-9418-743efb8f95e8,,,,10.0000,5000000.00,0,,2026-07-29T09:22:29.651Z,,,,false
e5e2999c-e03f-4973-a1d8-96211c78c46d,623f2153-34ad-4058-ab30-e6ab9ea42ffb,c383dd94-afcf-4959-9418-743efb8f95e8,,,,10.0000,5000000.00,0,,2026-07-29T09:22:30.482Z,,,,false
4b7df9d7-962c-429b-aa6a-5b6045e7ffe6,623f2153-34ad-4058-ab30-e6ab9ea42ffb,c383dd94-afcf-4959-9418-743efb8f95e8,,,,5.0000,1000.00,0,,2026-07-29T09:22:31.365Z,,,,false
8a16e392-1dfa-48da-89a4-307f9e41b48c,aea984f7-194e-4e50-991d-a5d6a0c8ed7d,c383dd94-afcf-4959-9418-743efb8f95e8,,,,1.0000,1000000.00,0,,2026-07-29T09:49:54.458Z,,,,false
d581a119-2130-46f0-95cb-43af2cce31e0,aea984f7-194e-4e50-991d-a5d6a0c8ed7d,c383dd94-afcf-4959-9418-743efb8f95e8,,,,1.0000,2500000.00,0,,2026-07-29T09:49:54.497Z,,,,false
ecb08c46-8fa6-40a2-a3de-e2810c733736,aea984f7-194e-4e50-991d-a5d6a0c8ed7d,c383dd94-afcf-4959-9418-743efb8f95e8,,,,1.0000,500000.00,0,,2026-07-29T09:49:54.521Z,,,,false
a63b00f6-868b-4c88-9267-5fa7f8cc5b34,ebf3f25d-1175-4fa6-9735-749bfeb389fd,c383dd94-afcf-4959-9418-743efb8f95e8,,,,7.0000,9999999.00,0,,2026-07-29T09:49:56.949Z,,,,false
acf4eee8-8499-436e-ba35-da0b0a026f15,38ba6266-26b7-4d58-86a7-bf9d0b0b901b,c383dd94-afcf-4959-9418-743efb8f95e8,,,,10.0000,5000000.00,0,,2026-07-29T09:49:57.424Z,,,,false
3233fef9-f139-460c-bcd9-013dfc09227e,71632b71-63b1-4c5c-abb9-c3e22459c2df,c383dd94-afcf-4959-9418-743efb8f95e8,,,,10.0000,5000000.00,0,,2026-07-29T09:49:58.373Z,,,,false
2a23a8ab-ffe6-4146-9cb8-55eafa2fad3a,9e4c0c2c-0a5a-4ce9-967e-d5f9ec16e462,c383dd94-afcf-4959-9418-743efb8f95e8,,,,10.0000,5000000.00,0,,2026-07-29T09:49:59.640Z,,,,false
5edd5953-dfad-4b06-a80c-ed808513c10a,833b149d-d65f-4ce7-b601-b007531ee2d8,c383dd94-afcf-4959-9418-743efb8f95e8,,,,10.0000,5000000.00,0,,2026-07-29T09:50:00.370Z,,,,false
af147506-920c-4aad-a750-8f93304923c6,c02ef3fc-6c56-4c98-a7b2-cd1c7d11189b,c383dd94-afcf-4959-9418-743efb8f95e8,,,,10.0000,5000000.00,0,,2026-07-29T09:50:00.880Z,,,,false
a47a3105-3326-4123-a822-9ea5c456a879,e6c05980-30de-4741-b375-05511589e76b,c383dd94-afcf-4959-9418-743efb8f95e8,,,,10.0000,5000000.00,0,,2026-07-29T09:50:02.539Z,,,,false
aeae794e-6d49-4c24-ae33-83a79bf1c682,b13f5715-72b8-42e5-903a-82ae73db7ca8,c383dd94-afcf-4959-9418-743efb8f95e8,,,,10.0000,5000000.00,0,,2026-07-29T09:50:03.415Z,,,,false
927c3295-bdcf-4dca-87ea-e42fe9bd7ba5,b13f5715-72b8-42e5-903a-82ae73db7ca8,c383dd94-afcf-4959-9418-743efb8f95e8,,,,5.0000,1000.00,0,,2026-07-29T09:50:04.314Z,,,,false
2cbe0798-b9a6-4a76-a241-9079614702d5,0e60d8a2-5bff-4b71-9b8d-1a3c099c9db6,c383dd94-afcf-4959-9418-743efb8f95e8,,,,1.0000,1000000.00,0,,2026-07-29T10:44:18.060Z,,,,false
816550ab-3858-4fed-82e9-802e7557c8f4,0e60d8a2-5bff-4b71-9b8d-1a3c099c9db6,c383dd94-afcf-4959-9418-743efb8f95e8,,,,1.0000,2500000.00,0,,2026-07-29T10:44:18.099Z,,,,false
a5e2222f-aa8d-427f-80b9-72235bd2a185,0e60d8a2-5bff-4b71-9b8d-1a3c099c9db6,c383dd94-afcf-4959-9418-743efb8f95e8,,,,1.0000,500000.00,0,,2026-07-29T10:44:18.125Z,,,,false
8b4fadbd-4bcc-4258-bb87-f5e69d325a62,95b2c414-b7ba-4f03-beaa-b06d6aa53082,c383dd94-afcf-4959-9418-743efb8f95e8,,,,7.0000,9999999.00,0,,2026-07-29T10:44:19.883Z,,,,false
26042d28-d6bd-40cd-a200-a447d62fd972,61222d18-9e31-4ca1-a737-d836c9bdcc1b,c383dd94-afcf-4959-9418-743efb8f95e8,,,,10.0000,5000000.00,0,,2026-07-29T10:44:20.319Z,,,,false
9e420cf0-e407-4949-a277-b3dc6c5de4c7,967c9499-94b2-47b5-ac42-c2410336fc14,c383dd94-afcf-4959-9418-743efb8f95e8,,,,10.0000,5000000.00,0,,2026-07-29T10:44:21.321Z,,,,false
08f5efaa-353f-4fd9-81d6-ada1c5c72724,cc880723-1c80-469f-b0d0-604b39dbc9ce,c383dd94-afcf-4959-9418-743efb8f95e8,,,,10.0000,5000000.00,0,,2026-07-29T10:44:22.501Z,,,,false
54f6333f-eee8-405a-b705-0bc496385d1b,ee43bc74-4241-4c43-99c1-c399f6a6bf0d,c383dd94-afcf-4959-9418-743efb8f95e8,,,,10.0000,5000000.00,0,,2026-07-29T10:44:23.122Z,,,,false
f7335a08-438c-46d9-8c3e-e14bdc3319df,d198a51e-7dcc-4743-8bb0-ebe7e563f9d4,c383dd94-afcf-4959-9418-743efb8f95e8,,,,10.0000,5000000.00,0,,2026-07-29T10:44:23.513Z,,,,false
f892f02c-967a-45b7-80a8-5b94dd363dd9,251fff87-3171-452e-889f-059393fe5827,c383dd94-afcf-4959-9418-743efb8f95e8,,,,10.0000,5000000.00,0,,2026-07-29T10:44:24.979Z,,,,false
90e1511f-eb3f-423f-8c71-2c482f71346e,71773cda-2011-4040-8da3-aa3c3637d2f7,c383dd94-afcf-4959-9418-743efb8f95e8,,,,10.0000,5000000.00,0,,2026-07-29T10:44:25.882Z,,,,false
245bb606-82de-438f-9bba-eb1edf48aa4d,71773cda-2011-4040-8da3-aa3c3637d2f7,c383dd94-afcf-4959-9418-743efb8f95e8,,,,5.0000,1000.00,0,,2026-07-29T10:44:26.610Z,,,,false
d0c0c98d-478d-427e-a0d7-462d842fe833,5d0defbd-32ce-491b-8a6e-8bcac57012a0,c383dd94-afcf-4959-9418-743efb8f95e8,,,,1.0000,1000000.00,0,,2026-07-29T11:27:37.802Z,,,,false
1ff77bff-fe1c-4606-8913-296add458071,5d0defbd-32ce-491b-8a6e-8bcac57012a0,c383dd94-afcf-4959-9418-743efb8f95e8,,,,1.0000,2500000.00,0,,2026-07-29T11:27:37.843Z,,,,false
01d58d74-75f4-410e-ba9d-b511a3b64ee0,5d0defbd-32ce-491b-8a6e-8bcac57012a0,c383dd94-afcf-4959-9418-743efb8f95e8,,,,1.0000,500000.00,0,,2026-07-29T11:27:37.868Z,,,,false
42728cd6-de16-4546-968e-45b23c8c7f86,31958b4e-27c2-4746-8a19-be11de033f1d,c383dd94-afcf-4959-9418-743efb8f95e8,,,,7.0000,9999999.00,0,,2026-07-29T11:27:39.604Z,,,,false
36a3590d-0bf9-4b52-8add-35d4b2e1a0ad,c15291e7-f649-4d0c-9734-3b3102436ab3,c383dd94-afcf-4959-9418-743efb8f95e8,,,,10.0000,5000000.00,0,,2026-07-29T11:27:40.088Z,,,,false
e1a50ea1-df5a-434c-8e0a-c5c536c208a7,b45700b2-24c3-4180-b10a-beff3e3ae527,c383dd94-afcf-4959-9418-743efb8f95e8,,,,10.0000,5000000.00,0,,2026-07-29T11:27:40.918Z,,,,false
62f0c93c-ff12-419c-bf88-0dab3acaa713,9e90c592-e7cc-40c3-a1a8-ec57f49064db,c383dd94-afcf-4959-9418-743efb8f95e8,,,,10.0000,5000000.00,0,,2026-07-29T11:27:42.154Z,,,,false
b99a9742-89ec-4189-a88d-aa6185f8677f,055588bd-06d3-4ca0-8623-d655e03584d1,c383dd94-afcf-4959-9418-743efb8f95e8,,,,10.0000,5000000.00,0,,2026-07-29T11:27:42.745Z,,,,false
58c4820e-d3a2-4859-9880-ba179734a24d,3db67d0c-5cec-48b8-b510-5ce2ba221776,c383dd94-afcf-4959-9418-743efb8f95e8,,,,10.0000,5000000.00,0,,2026-07-29T11:27:43.172Z,,,,false
b442beff-d6d7-4702-b333-b8d7835c91d7,537fa27b-203b-4c94-bc6b-77f3f4c55225,c383dd94-afcf-4959-9418-743efb8f95e8,,,,10.0000,5000000.00,0,,2026-07-29T11:27:44.712Z,,,,false
fc925c66-0991-426d-8f83-de68cdb12ece,4b25af43-55aa-4ded-95d1-9c7ee2ade122,c383dd94-afcf-4959-9418-743efb8f95e8,,,,10.0000,5000000.00,0,,2026-07-29T11:27:45.628Z,,,,false
6a26c190-fcef-4e11-be57-60d389821115,4b25af43-55aa-4ded-95d1-9c7ee2ade122,c383dd94-afcf-4959-9418-743efb8f95e8,,,,5.0000,1000.00,0,,2026-07-29T11:27:46.530Z,,,,false
586ad484-4417-459c-bc85-a7cde93153f9,d4ad1d59-121b-4cba-bd7b-141aaacb123e,c383dd94-afcf-4959-9418-743efb8f95e8,,,,1.0000,1000000.00,0,,2026-07-29T11:31:23.311Z,,,,false
f47d9759-fafe-44f7-b185-4b3d48bbbd4d,d4ad1d59-121b-4cba-bd7b-141aaacb123e,c383dd94-afcf-4959-9418-743efb8f95e8,,,,1.0000,2500000.00,0,,2026-07-29T11:31:23.360Z,,,,false
e52ecb0a-851d-4c85-89f1-768e531f5943,d4ad1d59-121b-4cba-bd7b-141aaacb123e,c383dd94-afcf-4959-9418-743efb8f95e8,,,,1.0000,500000.00,0,,2026-07-29T11:31:23.385Z,,,,false
90d5c96c-1c6f-42b9-896a-c927948d4d44,d9130802-e1e1-4cda-90f3-ded60a318522,c383dd94-afcf-4959-9418-743efb8f95e8,,,,7.0000,9999999.00,0,,2026-07-29T11:31:25.068Z,,,,false
cefefc89-780f-4316-9ded-af4754a5e596,f1937397-ba15-42e3-96d2-9c1db24ebab9,c383dd94-afcf-4959-9418-743efb8f95e8,,,,10.0000,5000000.00,0,,2026-07-29T11:31:25.502Z,,,,false
9f72bbe7-0589-4fb1-83c1-61941a9dabff,3cd29420-9d35-4a8f-8863-5e5a6cee469d,c383dd94-afcf-4959-9418-743efb8f95e8,,,,10.0000,5000000.00,0,,2026-07-29T11:31:26.387Z,,,,false
3f2393ee-7386-4988-8354-844378f0c33d,90c156fc-163f-4516-bbe9-f4482a2c0484,c383dd94-afcf-4959-9418-743efb8f95e8,,,,10.0000,5000000.00,0,,2026-07-29T11:31:27.762Z,,,,false
f8d98c99-c600-4636-a798-50a0557e615c,1399e308-2e92-433f-ae4e-7b07938c6c8d,c383dd94-afcf-4959-9418-743efb8f95e8,,,,10.0000,5000000.00,0,,2026-07-29T11:31:28.409Z,,,,false
96cc771b-362c-452c-a131-ba25f281e4f9,a69958aa-307a-4131-bc81-698e1be2123a,c383dd94-afcf-4959-9418-743efb8f95e8,,,,10.0000,5000000.00,0,,2026-07-29T11:31:29.052Z,,,,false
45cd12f3-001b-4fe9-ad67-141d78d577f2,481b6e95-73f5-4c0b-bb0d-38dd3419dc13,c383dd94-afcf-4959-9418-743efb8f95e8,,,,10.0000,5000000.00,0,,2026-07-29T11:31:30.627Z,,,,false
b95c4eac-7585-43fb-9ef9-6d5ae6433574,96b1facf-ef12-4d55-b28e-b1620db78ecf,c383dd94-afcf-4959-9418-743efb8f95e8,,,,10.0000,5000000.00,0,,2026-07-29T11:31:31.555Z,,,,false
c18fbae4-f18e-478e-8b40-6a6033b58065,96b1facf-ef12-4d55-b28e-b1620db78ecf,c383dd94-afcf-4959-9418-743efb8f95e8,,,,5.0000,1000.00,0,,2026-07-29T11:31:32.306Z,,,,false
b72e5c60-3d81-44a8-aa1d-3f0eaf2cc898,0d2870f1-ec8f-422e-a7a2-8efb93a64ec9,c383dd94-afcf-4959-9418-743efb8f95e8,,,,1.0000,1000000.00,0,,2026-07-29T07:49:12.146Z,,,,false
36019728-80f0-45ae-ab6e-9e295c9b8283,0d2870f1-ec8f-422e-a7a2-8efb93a64ec9,c383dd94-afcf-4959-9418-743efb8f95e8,,,,1.0000,2500000.00,0,,2026-07-29T07:49:12.184Z,,,,false
1308ce73-556d-44f9-8614-9654e3ddab4e,0d2870f1-ec8f-422e-a7a2-8efb93a64ec9,c383dd94-afcf-4959-9418-743efb8f95e8,,,,1.0000,500000.00,0,,2026-07-29T07:49:12.208Z,,,,false
3e5dacb2-be9a-4090-af61-f7a600366aee,1a9125a8-db8e-46db-a175-0aabef801f70,c383dd94-afcf-4959-9418-743efb8f95e8,,,,7.0000,9999999.00,0,,2026-07-29T07:49:13.975Z,,,,false
30041c47-91e8-4528-a4a4-31abc462867e,119eeba6-664f-4de8-a314-92ba14465625,c383dd94-afcf-4959-9418-743efb8f95e8,,,,10.0000,5000000.00,0,,2026-07-29T07:49:14.489Z,,,,false
274bc676-cb4a-497c-9401-692320f7ef31,96cb22d0-69f7-41e6-857d-98b325104284,c383dd94-afcf-4959-9418-743efb8f95e8,,,,10.0000,5000000.00,0,,2026-07-29T07:49:15.569Z,,,,false
4db215af-0a3f-4ce2-9034-f2ef3a27c125,332da4d5-c1ff-4627-83e1-35d90cf6ebac,c383dd94-afcf-4959-9418-743efb8f95e8,,,,10.0000,5000000.00,0,,2026-07-29T07:49:16.784Z,,,,false
f3d49e87-1c4f-4563-8c8a-55c2d2dbecf5,1b1a6cf2-717d-45a0-812d-aaf2dc8a0a30,c383dd94-afcf-4959-9418-743efb8f95e8,,,,10.0000,5000000.00,0,,2026-07-29T07:49:17.365Z,,,,false
788a0f91-f631-4ede-a3b3-b030ef8d063d,bba7358f-a5a6-45a2-bf0c-bb05c06a08f7,c383dd94-afcf-4959-9418-743efb8f95e8,,,,10.0000,5000000.00,0,,2026-07-29T07:49:17.834Z,,,,false
912b99ff-9e4d-4f2f-9141-452691116c90,9ed00ff5-9f58-4a70-9220-c267bf425701,c383dd94-afcf-4959-9418-743efb8f95e8,,,,10.0000,5000000.00,0,,2026-07-29T07:49:19.644Z,,,,false
39859577-72db-490e-a3d3-ed5c89dea406,6e35246b-bbb8-4cc9-89e4-41f2348aaffe,c383dd94-afcf-4959-9418-743efb8f95e8,,,,10.0000,5000000.00,0,,2026-07-29T07:49:20.606Z,,,,false
d939b738-f59e-4711-af27-66a6fa46f3ce,6e35246b-bbb8-4cc9-89e4-41f2348aaffe,c383dd94-afcf-4959-9418-743efb8f95e8,,,,5.0000,1000.00,0,,2026-07-29T07:49:21.453Z,,,,false
05f4a8ab-62b9-46d7-b891-1e71cdb167c8,ebb9de11-119c-4a17-b999-51f277de43aa,c383dd94-afcf-4959-9418-743efb8f95e8,,,,1.0000,1000000.00,0,,2026-07-29T09:54:01.092Z,,,,false
8d168a8d-667e-4214-b20b-36875dd9f88c,ebb9de11-119c-4a17-b999-51f277de43aa,c383dd94-afcf-4959-9418-743efb8f95e8,,,,1.0000,2500000.00,0,,2026-07-29T09:54:01.135Z,,,,false
c98d0ec7-1c83-4a05-9797-02830d9a7b56,ebb9de11-119c-4a17-b999-51f277de43aa,c383dd94-afcf-4959-9418-743efb8f95e8,,,,1.0000,500000.00,0,,2026-07-29T09:54:01.159Z,,,,false
71792418-45ac-4c02-9e72-c4e13dc48a7b,14a13877-d287-4499-9fd9-0f80569c67d8,c383dd94-afcf-4959-9418-743efb8f95e8,,,,7.0000,9999999.00,0,,2026-07-29T09:54:02.667Z,,,,false
09732e6a-a41a-4db2-a284-8823aac7576b,91bb1fb3-9e0e-42c8-9cc5-ca70eac6f18c,c383dd94-afcf-4959-9418-743efb8f95e8,,,,10.0000,5000000.00,0,,2026-07-29T09:54:03.136Z,,,,false
c41a44d5-f895-4bec-b1d4-08a019cd806f,fc7124a7-db50-4836-a8ec-6107ec972b5c,c383dd94-afcf-4959-9418-743efb8f95e8,,,,10.0000,5000000.00,0,,2026-07-29T09:54:03.999Z,,,,false
a1a5d859-2b61-4f90-a4b0-700dacfbb963,590577ba-6308-48ab-a893-d68aba2d91d9,c383dd94-afcf-4959-9418-743efb8f95e8,,,,10.0000,5000000.00,0,,2026-07-29T09:54:05.287Z,,,,false
eafd6e28-5812-4c4e-8812-a75240f51b0a,7223e1cf-1e6e-4f0a-b0fa-af4edfa7ce58,c383dd94-afcf-4959-9418-743efb8f95e8,,,,10.0000,5000000.00,0,,2026-07-29T09:54:05.891Z,,,,false
14629107-6f33-44c9-985f-443d0428eba0,4898873b-1ba8-44b2-848a-8ea8d1f7d376,c383dd94-afcf-4959-9418-743efb8f95e8,,,,1.0000,1000000.00,0,,2026-07-29T08:41:14.583Z,,,,false
71f2a25e-0568-4ddc-b9cf-8ad84cb51de1,4898873b-1ba8-44b2-848a-8ea8d1f7d376,c383dd94-afcf-4959-9418-743efb8f95e8,,,,1.0000,2500000.00,0,,2026-07-29T08:41:14.619Z,,,,false
70dad7fb-20d4-409c-a974-5cffecf30299,4898873b-1ba8-44b2-848a-8ea8d1f7d376,c383dd94-afcf-4959-9418-743efb8f95e8,,,,1.0000,500000.00,0,,2026-07-29T08:41:14.642Z,,,,false
08d244db-3938-46b3-a334-1c8ba0b2eca9,2071239d-7740-488b-a040-f842ef8fe21a,c383dd94-afcf-4959-9418-743efb8f95e8,,,,7.0000,9999999.00,0,,2026-07-29T08:41:16.219Z,,,,false
492b9209-3965-4533-ae96-7c35c26d1d1f,b201c113-7cc2-4075-9430-377c3c3a0795,c383dd94-afcf-4959-9418-743efb8f95e8,,,,10.0000,5000000.00,0,,2026-07-29T08:41:16.873Z,,,,false
61b822f1-aa1d-42aa-9dc6-4ebed74c4adf,de6582b9-c020-4982-b2e8-2d155977d0f5,c383dd94-afcf-4959-9418-743efb8f95e8,,,,10.0000,5000000.00,0,,2026-07-29T08:41:17.860Z,,,,false
1bcd9645-eaf7-4760-8893-9190d0217e9e,6a58e2c2-164a-4fda-91ea-661cfc8aa4ce,c383dd94-afcf-4959-9418-743efb8f95e8,,,,10.0000,5000000.00,0,,2026-07-29T08:41:19.263Z,,,,false
f3224c16-8567-46db-8379-0c6ad208d38f,a738e803-24dd-41c1-9a1a-9a997f1abb51,c383dd94-afcf-4959-9418-743efb8f95e8,,,,10.0000,5000000.00,0,,2026-07-29T08:41:20.015Z,,,,false
4a993b05-7e45-47c1-8efc-0fca677cf0d7,240217f7-2942-41a8-ae23-5f2af5d7f0ff,c383dd94-afcf-4959-9418-743efb8f95e8,,,,10.0000,5000000.00,0,,2026-07-29T08:41:20.442Z,,,,false
05a09f83-aec6-46b2-b5b7-ae9a9bd703a6,d4176215-436f-48e7-b52e-332368c19d3b,c383dd94-afcf-4959-9418-743efb8f95e8,,,,10.0000,5000000.00,0,,2026-07-29T08:41:22.084Z,,,,false
705e165b-89a1-4f11-bc2a-617091ebeb96,d0c07ece-630b-40d9-996f-f31e278eff56,c383dd94-afcf-4959-9418-743efb8f95e8,,,,10.0000,5000000.00,0,,2026-07-29T08:41:23.033Z,,,,false
2f2656bb-437b-42df-abf3-3b5ecf63ce15,d0c07ece-630b-40d9-996f-f31e278eff56,c383dd94-afcf-4959-9418-743efb8f95e8,,,,5.0000,1000.00,0,,2026-07-29T08:41:23.840Z,,,,false
072b6154-1744-4f4a-a3e0-9e296eaef148,21cb3454-3e5e-48cb-9b1f-550ba3f0d0d6,c383dd94-afcf-4959-9418-743efb8f95e8,,,,10.0000,5000000.00,0,,2026-07-29T09:54:06.354Z,,,,false
377facc6-8e36-44e1-8635-d298b36402c7,88ee795a-5d6b-479d-b427-32aee359d4c9,c383dd94-afcf-4959-9418-743efb8f95e8,,,,10.0000,5000000.00,0,,2026-07-29T09:54:07.828Z,,,,false
45256e09-09eb-43f9-b229-d4a69b407520,114ee871-b15d-4c2b-a6ae-f0c0b6f95ea1,c383dd94-afcf-4959-9418-743efb8f95e8,,,,10.0000,5000000.00,0,,2026-07-29T09:54:08.642Z,,,,false
4f4d2527-63bc-420b-84d4-60fabcc2932a,114ee871-b15d-4c2b-a6ae-f0c0b6f95ea1,c383dd94-afcf-4959-9418-743efb8f95e8,,,,5.0000,1000.00,0,,2026-07-29T09:54:09.531Z,,,,false
26797834-241c-435e-b1ee-f5bb2d3bf5ab,844286cd-c48a-401f-99ad-96923cc3a50f,c383dd94-afcf-4959-9418-743efb8f95e8,,,,1.0000,1000000.00,0,,2026-07-29T08:56:08.858Z,,,,false
4fedffb1-6b22-4869-a761-21e72e420824,844286cd-c48a-401f-99ad-96923cc3a50f,c383dd94-afcf-4959-9418-743efb8f95e8,,,,1.0000,2500000.00,0,,2026-07-29T08:56:08.892Z,,,,false
0e2e152b-266f-4735-8cce-6cfca62c0029,844286cd-c48a-401f-99ad-96923cc3a50f,c383dd94-afcf-4959-9418-743efb8f95e8,,,,1.0000,500000.00,0,,2026-07-29T08:56:08.917Z,,,,false
2187a5e0-e4d6-414f-b731-ac86e0987c95,87ecd4d4-b516-464a-810f-61a4c0adb7f1,c383dd94-afcf-4959-9418-743efb8f95e8,,,,7.0000,9999999.00,0,,2026-07-29T08:56:10.496Z,,,,false
9072a5c4-75db-4af4-b5a2-3600f0529419,1ad34e91-b306-430e-aca7-779cbf1964e9,c383dd94-afcf-4959-9418-743efb8f95e8,,,,10.0000,5000000.00,0,,2026-07-29T08:56:10.925Z,,,,false
abbe0578-8852-4f84-aea8-4ebd6da0fac6,090b350f-96b1-4a41-9e3c-bc6db21c5c76,c383dd94-afcf-4959-9418-743efb8f95e8,,,,10.0000,5000000.00,0,,2026-07-29T08:56:11.806Z,,,,false
891e4f88-41f1-4d08-9eee-7a72bc8cebc4,025defe6-3246-4714-b15d-8972a5f26167,c383dd94-afcf-4959-9418-743efb8f95e8,,,,10.0000,5000000.00,0,,2026-07-29T08:56:12.949Z,,,,false
86521469-d3fa-461a-9641-e7dbcf9378ac,71b5992f-0382-464d-8453-f555e1d7c24a,c383dd94-afcf-4959-9418-743efb8f95e8,,,,10.0000,5000000.00,0,,2026-07-29T08:56:13.628Z,,,,false
9e784b55-de28-410a-a8ef-8948161ce6d3,9f6c75b4-a2ae-4785-ad91-3349a9289f73,c383dd94-afcf-4959-9418-743efb8f95e8,,,,10.0000,5000000.00,0,,2026-07-29T08:56:14.107Z,,,,false
1e614f93-a748-48ec-a2eb-95c5fc6c90a0,d5a37d16-c389-45f6-bd21-8aae5b5f92c8,c383dd94-afcf-4959-9418-743efb8f95e8,,,,10.0000,5000000.00,0,,2026-07-29T08:56:15.588Z,,,,false
10cac988-7a86-4026-a5d4-2a701d44073c,0ff37392-5fbc-4811-b022-715bb2cb0af7,c383dd94-afcf-4959-9418-743efb8f95e8,,,,10.0000,5000000.00,0,,2026-07-29T08:56:16.440Z,,,,false
db46316f-3f61-4247-b1db-87a14acf4831,0ff37392-5fbc-4811-b022-715bb2cb0af7,c383dd94-afcf-4959-9418-743efb8f95e8,,,,5.0000,1000.00,0,,2026-07-29T08:56:17.246Z,,,,false
51225c97-abc7-4224-815c-69c2a64caa0f,eedbcdf7-95d7-4fbb-b9dd-d100a116c8df,c383dd94-afcf-4959-9418-743efb8f95e8,,,,1.0000,1000000.00,0,,2026-07-29T10:49:09.449Z,,,,false
5b12f73f-a6e9-416e-bd10-56c6146c8af5,eedbcdf7-95d7-4fbb-b9dd-d100a116c8df,c383dd94-afcf-4959-9418-743efb8f95e8,,,,1.0000,2500000.00,0,,2026-07-29T10:49:09.475Z,,,,false
baa427a8-23e6-4089-9515-e7f4a0581a6d,eedbcdf7-95d7-4fbb-b9dd-d100a116c8df,c383dd94-afcf-4959-9418-743efb8f95e8,,,,1.0000,500000.00,0,,2026-07-29T10:49:09.499Z,,,,false
835531b3-3338-4065-9d77-ce622a01de06,147d8532-c2f5-4fdc-8283-5db7f6a6964c,c383dd94-afcf-4959-9418-743efb8f95e8,,,,7.0000,9999999.00,0,,2026-07-29T10:49:10.536Z,,,,false
383968a1-c452-429a-9aff-5aa41fd04b0a,fb7793d6-f872-4b31-a1c1-d5fdc7e4ce83,c383dd94-afcf-4959-9418-743efb8f95e8,,,,10.0000,5000000.00,0,,2026-07-29T10:49:11.626Z,,,,false
bf5538cf-992d-4431-a752-3e0a6ed5b277,59b0dfd0-fd62-4913-9c77-d62a0842b6ec,c383dd94-afcf-4959-9418-743efb8f95e8,,,,10.0000,5000000.00,0,,2026-07-29T10:49:12.435Z,,,,false
8ef6aca3-968d-4037-bf4d-1535b74ae7d0,43455c13-6793-44a2-84dc-c5e6a123a8a2,c383dd94-afcf-4959-9418-743efb8f95e8,,,,10.0000,5000000.00,0,,2026-07-29T10:49:13.535Z,,,,false
6dfc595b-d74a-4b3d-9cc3-75bb3f7a716f,93270263-82c5-4abd-b6ca-121eb5f123d7,c383dd94-afcf-4959-9418-743efb8f95e8,,,,10.0000,5000000.00,0,,2026-07-29T10:49:14.171Z,,,,false
29aee73c-2558-49a6-ba45-8260aa995ac2,3b990f67-70c7-4e8f-a60d-20608095aace,c383dd94-afcf-4959-9418-743efb8f95e8,,,,10.0000,5000000.00,0,,2026-07-29T10:49:14.808Z,,,,false
eb8a76d4-1096-4098-8423-8fbb5261a6fc,ac472695-800a-4005-89b1-cfe388307ff0,c383dd94-afcf-4959-9418-743efb8f95e8,,,,10.0000,5000000.00,0,,2026-07-29T10:49:16.396Z,,,,false
1d77cb56-2f45-4c79-b88c-12bdd90514e8,9621b97c-2160-4f51-9b4b-0d18f6cc1b6a,c383dd94-afcf-4959-9418-743efb8f95e8,,,,10.0000,5000000.00,0,,2026-07-29T10:49:17.208Z,,,,false
19817fdb-bfd0-4d11-8c02-82f0d82d1bb3,9621b97c-2160-4f51-9b4b-0d18f6cc1b6a,c383dd94-afcf-4959-9418-743efb8f95e8,,,,5.0000,1000.00,0,,2026-07-29T10:49:17.942Z,,,,false
ff0c91e6-a93e-4d54-9ab2-7013384fb5e9,46c648ef-b10c-4a51-82a7-120ea25f8720,c383dd94-afcf-4959-9418-743efb8f95e8,,,,1.0000,1000000.00,0,,2026-07-29T11:51:33.651Z,,,,false
612aba12-0c56-433f-bdea-d39ae2f33945,46c648ef-b10c-4a51-82a7-120ea25f8720,c383dd94-afcf-4959-9418-743efb8f95e8,,,,1.0000,2500000.00,0,,2026-07-29T11:51:33.679Z,,,,false
634d1b06-6d95-4173-a274-c886cb2c11ea,46c648ef-b10c-4a51-82a7-120ea25f8720,c383dd94-afcf-4959-9418-743efb8f95e8,,,,1.0000,500000.00,0,,2026-07-29T11:51:33.704Z,,,,false
6b603e37-f2e0-4d8e-9afb-5ea94c90b85b,c9da1c92-9e81-4a3b-9eb5-d8be5cac9a5a,c383dd94-afcf-4959-9418-743efb8f95e8,,,,7.0000,9999999.00,0,,2026-07-29T11:51:34.485Z,,,,false
54e1306c-b439-4236-a590-484f45885156,6a714a4f-5ec4-4259-a6f2-a1031e0d6748,c383dd94-afcf-4959-9418-743efb8f95e8,,,,10.0000,5000000.00,0,,2026-07-29T11:51:34.908Z,,,,false
afc0cf92-f24a-40a6-9418-4d9a492b9cd8,62966455-def5-423d-8789-ed84d96129c6,c383dd94-afcf-4959-9418-743efb8f95e8,,,,10.0000,5000000.00,0,,2026-07-29T11:51:35.747Z,,,,false
f74cd108-4298-4621-addc-88d75cc15c58,be417f77-e8b0-4706-869f-edb2002a93bf,c383dd94-afcf-4959-9418-743efb8f95e8,,,,10.0000,5000000.00,0,,2026-07-29T11:51:37.003Z,,,,false
62abfc37-603c-46ff-a386-4e5a10185879,6615fcf5-fce4-4f4b-b076-670a06612a66,c383dd94-afcf-4959-9418-743efb8f95e8,,,,10.0000,5000000.00,0,,2026-07-29T11:51:38.044Z,,,,false
d376fcaf-a44f-4d3f-bc4e-9dba8f1e200e,5d0299d4-5b10-4f2c-9a8b-65e3cc32189b,c383dd94-afcf-4959-9418-743efb8f95e8,,,,10.0000,5000000.00,0,,2026-07-29T11:51:38.578Z,,,,false
95ec860e-9577-41b6-bc8e-098f4b5ff373,2d2d64e7-63a9-4d85-8bbd-60792c4b6811,c383dd94-afcf-4959-9418-743efb8f95e8,,,,10.0000,5000000.00,0,,2026-07-29T11:51:40.157Z,,,,false
a89fea65-e557-4a68-bfd0-ed0fc602df5d,2e2a22da-a6e1-4345-82e6-20c18c4a3e68,c383dd94-afcf-4959-9418-743efb8f95e8,,,,10.0000,5000000.00,0,,2026-07-29T11:51:41.082Z,,,,false
201f269e-bbeb-4afa-b292-61af8b14c526,2e2a22da-a6e1-4345-82e6-20c18c4a3e68,c383dd94-afcf-4959-9418-743efb8f95e8,,,,5.0000,1000.00,0,,2026-07-29T11:51:41.841Z,,,,false
2a891545-ac81-455a-a0b1-7ba79b81b1ef,6c713f8e-dbc0-429f-8183-ec303da8032d,c383dd94-afcf-4959-9418-743efb8f95e8,,,,1.0000,1000000.00,0,,2026-07-31T17:28:15.486Z,,,,false
786fb6b5-f2d7-489d-aaea-509c2bdd5907,6c713f8e-dbc0-429f-8183-ec303da8032d,c383dd94-afcf-4959-9418-743efb8f95e8,,,,1.0000,2500000.00,0,,2026-07-31T17:28:15.515Z,,,,false
aeaaaa2e-d6cb-44b7-bc10-27959dcf79c5,6c713f8e-dbc0-429f-8183-ec303da8032d,c383dd94-afcf-4959-9418-743efb8f95e8,,,,1.0000,500000.00,0,,2026-07-31T17:28:15.540Z,,,,false
a55c26ad-998a-4622-96db-615c27e41b12,98c9ca3a-87b6-461d-b5e6-b39aec291576,c383dd94-afcf-4959-9418-743efb8f95e8,,,,7.0000,9999999.00,0,,2026-07-31T17:28:16.249Z,,,,false
626f3b55-3f53-4a71-a5f0-bb76205052b7,67ac0dd8-a2eb-4eb7-a8c7-7440837b5572,c383dd94-afcf-4959-9418-743efb8f95e8,,,,10.0000,5000000.00,0,,2026-07-31T17:28:16.659Z,,,,false
01b42d67-948a-450c-80d4-cecbaf458913,fe3d8840-4e75-4326-a9dd-3ee6b8ee55f7,c383dd94-afcf-4959-9418-743efb8f95e8,,,,10.0000,5000000.00,0,,2026-07-31T17:28:17.392Z,,,,false
98a83784-3887-4408-9985-789e1e7e96c8,d3fce7e5-6938-4b15-8a34-480767c8f539,c383dd94-afcf-4959-9418-743efb8f95e8,,,,10.0000,5000000.00,0,,2026-07-31T17:28:18.478Z,,,,false
2136bd4c-ec16-4aa2-b4ee-80a35882a6d2,5b6c57ac-15ac-4236-a44d-b8ed788e41f7,c383dd94-afcf-4959-9418-743efb8f95e8,,,,10.0000,5000000.00,0,,2026-07-31T17:28:19.030Z,,,,false
a3c188dd-6535-4618-9bdb-5550d54ab24e,a60ea603-be7f-4202-98d3-993b9869aa78,c383dd94-afcf-4959-9418-743efb8f95e8,,,,10.0000,5000000.00,0,,2026-07-31T17:28:19.407Z,,,,false
fcfe34bd-94e2-4255-95bb-64e024dbd5bd,fa3ad556-317d-41c9-b662-7f426140f143,c383dd94-afcf-4959-9418-743efb8f95e8,,,,10.0000,5000000.00,0,,2026-07-31T17:28:20.826Z,,,,false
c7a24b84-b80c-4d32-ad21-4162e0852288,54726810-511e-4f23-8901-2c789e3f1080,c383dd94-afcf-4959-9418-743efb8f95e8,,,,10.0000,5000000.00,0,,2026-07-31T17:28:21.712Z,,,,false
c98f03ec-0d6b-4b97-8713-570773db3aa9,54726810-511e-4f23-8901-2c789e3f1080,c383dd94-afcf-4959-9418-743efb8f95e8,,,,5.0000,1000.00,0,,2026-07-31T17:28:22.470Z,,,,false
735f6670-6a48-4304-94a5-a6a268696373,7589f24c-40cd-4560-bdcb-8532ea7d75d3,c383dd94-afcf-4959-9418-743efb8f95e8,,,,1.0000,1000000.00,0,,2026-08-01T06:06:42.691Z,,,,false
a3861fce-7e46-42e7-a27d-6b07ec8faf88,7589f24c-40cd-4560-bdcb-8532ea7d75d3,c383dd94-afcf-4959-9418-743efb8f95e8,,,,1.0000,2500000.00,0,,2026-08-01T06:06:42.729Z,,,,false
f60043ca-3089-4f41-b4a8-23d9190a102b,7589f24c-40cd-4560-bdcb-8532ea7d75d3,c383dd94-afcf-4959-9418-743efb8f95e8,,,,1.0000,500000.00,0,,2026-08-01T06:06:42.754Z,,,,false
fde3687e-6c23-4bd4-b03b-128f4f57dd82,0e65cdce-e8e8-450e-9766-5f35378386e7,c383dd94-afcf-4959-9418-743efb8f95e8,,,,7.0000,9999999.00,0,,2026-08-01T06:06:44.356Z,,,,false
df604052-1552-40b8-9045-128a849f09b5,e9ba3328-015b-462f-9853-6899cf4ff7d3,c383dd94-afcf-4959-9418-743efb8f95e8,,,,10.0000,5000000.00,0,,2026-08-01T06:06:44.633Z,,,,false
77f9056d-0dfa-4088-8521-32405ef82af2,8f200aba-03b6-468c-a608-2b8e772dc91a,c383dd94-afcf-4959-9418-743efb8f95e8,,,,10.0000,5000000.00,0,,2026-08-01T06:06:45.087Z,,,,false
8b9269a0-b12c-47dd-8032-50645cb2fb19,e39fe34b-4367-4975-8f06-0bbae05facc9,c383dd94-afcf-4959-9418-743efb8f95e8,,,,10.0000,5000000.00,0,,2026-08-01T06:06:45.645Z,,,,false
046d542b-52fb-408e-8dab-783ed25b707b,a04da01f-2d8a-4416-8662-5ff68cf17d2c,c383dd94-afcf-4959-9418-743efb8f95e8,,,,10.0000,5000000.00,0,,2026-08-01T06:06:46.101Z,,,,false
6fb8b7de-70f6-4d26-b341-8482ea4456d7,7f765094-bbcf-4ea5-a3d2-deec426a549d,c383dd94-afcf-4959-9418-743efb8f95e8,,,,10.0000,5000000.00,0,,2026-08-01T06:06:46.417Z,,,,false
b32880d5-9c58-49e1-844f-66d39b348677,b31ebc56-1bad-46a5-b4ec-8dfae8594c43,c383dd94-afcf-4959-9418-743efb8f95e8,,,,10.0000,5000000.00,0,,2026-08-01T06:06:46.895Z,,,,false
3e070c10-1d7c-4c79-ab0b-a5e07cb1c178,b31ebc56-1bad-46a5-b4ec-8dfae8594c43,c383dd94-afcf-4959-9418-743efb8f95e8,,,,5.0000,1000.00,0,,2026-08-01T06:06:47.366Z,,,,false
57ee712f-201e-4712-b0a6-6b4b0593c1ba,68fb2889-894a-43e8-9763-f122216c28fc,c383dd94-afcf-4959-9418-743efb8f95e8,,,,1.0000,1000000.00,0,,2026-08-01T11:10:48.213Z,,,,false
4bac8cf7-179e-4200-ab9e-ad517c6e80c4,68fb2889-894a-43e8-9763-f122216c28fc,c383dd94-afcf-4959-9418-743efb8f95e8,,,,1.0000,2500000.00,0,,2026-08-01T11:10:48.241Z,,,,false
58b86488-35b7-423f-8dbf-b1e23f05c338,68fb2889-894a-43e8-9763-f122216c28fc,c383dd94-afcf-4959-9418-743efb8f95e8,,,,1.0000,500000.00,0,,2026-08-01T11:10:48.264Z,,,,false
7d9dda74-38ea-47f0-9f9b-7884bd95cf6e,6659a11f-b72a-4be2-9c46-ef2093da8fe0,c383dd94-afcf-4959-9418-743efb8f95e8,,,,7.0000,9999999.00,0,,2026-08-01T11:10:48.969Z,,,,false
10cccb59-5e8f-4936-9a78-2c38424d4865,8ac37bb7-ead7-45cd-bd9e-f4077bca00a8,c383dd94-afcf-4959-9418-743efb8f95e8,,,,10.0000,5000000.00,0,,2026-08-01T11:10:49.364Z,,,,false
7d482100-3aad-4d8b-9668-2501b2dde9f0,e9762c13-a522-4f5c-aa90-e4a2b1d6e8ba,c383dd94-afcf-4959-9418-743efb8f95e8,,,,10.0000,5000000.00,0,,2026-08-01T11:10:50.051Z,,,,false
ac6dd1fa-4136-466c-b43e-585f8e916608,ca9bc4c2-c508-47a4-8755-e9567f42db0e,c383dd94-afcf-4959-9418-743efb8f95e8,,,,10.0000,5000000.00,0,,2026-08-01T11:10:51.173Z,,,,false
929fa12c-66b1-456b-ba19-61f8f145f395,baba4cba-bf7d-411d-85eb-4ccc6bb147f0,c383dd94-afcf-4959-9418-743efb8f95e8,,,,10.0000,5000000.00,0,,2026-08-01T11:10:51.708Z,,,,false
853e9514-1287-4445-8fd0-cab914f5f436,86b115a5-d83c-4c3f-9477-d67bf278d2fb,c383dd94-afcf-4959-9418-743efb8f95e8,,,,10.0000,5000000.00,0,,2026-08-01T11:10:52.080Z,,,,false
30ad1e18-5891-47bf-892f-8ba8fc48b382,ffb4fb6d-ce8e-45fe-a17e-42d0b39aa69b,c383dd94-afcf-4959-9418-743efb8f95e8,,,,10.0000,5000000.00,0,,2026-08-01T11:10:53.400Z,,,,false
d2dd4b50-e1fd-401e-bf5c-5a2fa17a20e5,8f0588a7-bc04-4635-91da-2b24231104d3,c383dd94-afcf-4959-9418-743efb8f95e8,,,,10.0000,5000000.00,0,,2026-08-01T11:10:54.172Z,,,,false
0d58ca48-0c4f-4acd-bd8d-3d24d3d4ba66,8f0588a7-bc04-4635-91da-2b24231104d3,c383dd94-afcf-4959-9418-743efb8f95e8,,,,5.0000,1000.00,0,,2026-08-01T11:10:54.862Z,,,,false
4a46d479-12bf-4030-8eac-822cbd89fa04,0ff41728-1c1a-4091-9f0a-d81052e67e70,c383dd94-afcf-4959-9418-743efb8f95e8,,,,1.0000,1000000.00,0,,2026-08-01T05:41:06.059Z,,,,false
81de06ff-8595-46b4-a33e-172564c93153,0ff41728-1c1a-4091-9f0a-d81052e67e70,c383dd94-afcf-4959-9418-743efb8f95e8,,,,1.0000,2500000.00,0,,2026-08-01T05:41:06.084Z,,,,false
cbf6c198-007b-4814-b2dd-e551f3d1e503,0ff41728-1c1a-4091-9f0a-d81052e67e70,c383dd94-afcf-4959-9418-743efb8f95e8,,,,1.0000,500000.00,0,,2026-08-01T05:41:06.109Z,,,,false
79b9bf81-2f7d-498f-a1d7-c0d003329975,553c623f-1239-4ad5-8a77-d9f2c3c9caee,c383dd94-afcf-4959-9418-743efb8f95e8,,,,7.0000,9999999.00,0,,2026-08-01T05:41:06.738Z,,,,false
e68a8b37-a93a-4453-adf3-ad7b70064a31,2980d448-baca-47f0-9e82-b4111b1803fc,c383dd94-afcf-4959-9418-743efb8f95e8,,,,10.0000,5000000.00,0,,2026-08-01T05:41:07.162Z,,,,false
14f96513-de38-4fef-b1b5-f96a3987d7d7,4dc5cf9c-d620-4fbd-92ca-6ce75d6ab324,c383dd94-afcf-4959-9418-743efb8f95e8,,,,10.0000,5000000.00,0,,2026-08-01T05:41:07.900Z,,,,false
67d52fb2-e40e-47a3-afdf-aed0a971885f,053dfd8e-77c0-4e7e-8e52-07fa7d711cc6,c383dd94-afcf-4959-9418-743efb8f95e8,,,,10.0000,5000000.00,0,,2026-08-01T05:41:08.984Z,,,,false
0eb83928-607b-487c-af80-59815e335364,2b36d800-6947-4322-88a7-7486f80295ba,c383dd94-afcf-4959-9418-743efb8f95e8,,,,10.0000,5000000.00,0,,2026-08-01T05:41:09.600Z,,,,false
a72696a0-5627-42ab-9593-75c69fce6a29,e207a553-b3f3-4073-8e25-39ae604f43f6,c383dd94-afcf-4959-9418-743efb8f95e8,,,,10.0000,5000000.00,0,,2026-08-01T05:41:10.013Z,,,,false
0f273d12-13f5-43d6-b9d7-963b1737f120,0da2e907-c858-4666-ab85-97b5536b3629,c383dd94-afcf-4959-9418-743efb8f95e8,,,,10.0000,5000000.00,0,,2026-08-01T05:41:11.448Z,,,,false
32652968-159b-4210-8531-a01fba1037af,c4dbfbd9-c209-41b6-8366-ee10b08c7cb5,c383dd94-afcf-4959-9418-743efb8f95e8,,,,10.0000,5000000.00,0,,2026-08-01T05:41:12.271Z,,,,false
c1e1eb63-ab96-4b01-b798-bf8ccd6dbdef,c4dbfbd9-c209-41b6-8366-ee10b08c7cb5,c383dd94-afcf-4959-9418-743efb8f95e8,,,,5.0000,1000.00,0,,2026-08-01T05:41:13.046Z,,,,false
a2665b81-9cb5-49be-8a5a-52a205214cdd,57bff61f-eac9-4981-9e3d-590e76e40812,c383dd94-afcf-4959-9418-743efb8f95e8,,,,1.0000,1000000.00,0,,2026-08-01T06:09:35.912Z,,,,false
0f5e6071-404e-4cc7-a21e-b45b381c1210,57bff61f-eac9-4981-9e3d-590e76e40812,c383dd94-afcf-4959-9418-743efb8f95e8,,,,1.0000,2500000.00,0,,2026-08-01T06:09:35.944Z,,,,false
08db3a52-9709-49b6-a681-a99782b93fd5,57bff61f-eac9-4981-9e3d-590e76e40812,c383dd94-afcf-4959-9418-743efb8f95e8,,,,1.0000,500000.00,0,,2026-08-01T06:09:35.970Z,,,,false
971b5c01-8deb-4e1c-9b05-bdc153f0203e,634e2347-707b-4c06-8f4d-55ee9542ab3e,c383dd94-afcf-4959-9418-743efb8f95e8,,,,7.0000,9999999.00,0,,2026-08-01T06:09:37.102Z,,,,false
590cd1b0-703f-40ae-99ca-eb766142e4af,7dcb0a0c-4403-4927-abd6-0b7b9cd69533,c383dd94-afcf-4959-9418-743efb8f95e8,,,,10.0000,5000000.00,0,,2026-08-01T06:09:37.527Z,,,,false
14dc7d97-1aec-4292-ba20-91b4298c8bdb,65e35735-a983-4907-9208-9f05d331b3d1,c383dd94-afcf-4959-9418-743efb8f95e8,,,,10.0000,5000000.00,0,,2026-08-01T06:09:38.031Z,,,,false
af4d1736-737f-4809-95f9-4443c9c2fb68,f75a3e00-692a-41bd-b45b-918fc0290fc2,c383dd94-afcf-4959-9418-743efb8f95e8,,,,10.0000,5000000.00,0,,2026-08-01T06:09:38.682Z,,,,false
20fbfc53-c094-4f5f-9531-672532528ec9,abf917c8-98ac-4110-a0f6-9ab811df531e,c383dd94-afcf-4959-9418-743efb8f95e8,,,,10.0000,5000000.00,0,,2026-08-01T06:09:39.148Z,,,,false
c925b022-87ad-4467-a76f-40c853bb863b,d5e2580b-44b3-4941-b462-410be0b9f731,c383dd94-afcf-4959-9418-743efb8f95e8,,,,10.0000,5000000.00,0,,2026-08-01T06:09:39.521Z,,,,false
40934f30-1698-4689-82c2-bede07893c61,ac7448f6-1c78-429e-94f6-93c0c54b15a1,c383dd94-afcf-4959-9418-743efb8f95e8,,,,10.0000,5000000.00,0,,2026-08-01T06:09:40.065Z,,,,false
43ea598b-8f86-418a-885a-6890848cf5b4,ac7448f6-1c78-429e-94f6-93c0c54b15a1,c383dd94-afcf-4959-9418-743efb8f95e8,,,,5.0000,1000.00,0,,2026-08-01T06:09:40.565Z,,,,false
c9ad6ded-31ed-48af-8c6e-7c957088f481,02773e03-14e3-487c-acd2-f8907a55a572,c383dd94-afcf-4959-9418-743efb8f95e8,,,,1.0000,1000000.00,0,,2026-08-01T07:43:04.954Z,,,,false
1fbdc981-a98c-41c7-aef2-baf6bd6680bc,02773e03-14e3-487c-acd2-f8907a55a572,c383dd94-afcf-4959-9418-743efb8f95e8,,,,1.0000,2500000.00,0,,2026-08-01T07:43:04.987Z,,,,false
38f91590-c369-4984-aa25-6344a052f2c6,02773e03-14e3-487c-acd2-f8907a55a572,c383dd94-afcf-4959-9418-743efb8f95e8,,,,1.0000,500000.00,0,,2026-08-01T07:43:05.012Z,,,,false
fed509e5-6faf-4bf7-9c93-fbdc1f572b6d,91351ac8-9a33-44a7-be21-da1b142e7c1e,c383dd94-afcf-4959-9418-743efb8f95e8,,,,7.0000,9999999.00,0,,2026-08-01T07:43:05.733Z,,,,false
97c6eab1-fb81-4df9-bbea-9ba37f54263f,e63944a1-c54e-4cde-9ab3-042e30a37a0c,c383dd94-afcf-4959-9418-743efb8f95e8,,,,10.0000,5000000.00,0,,2026-08-01T07:43:06.147Z,,,,false
d112facd-3f2e-4dad-ac6c-dfcd745fa027,3f70ac56-dbb2-446b-8b91-5688343c43ea,c383dd94-afcf-4959-9418-743efb8f95e8,,,,10.0000,5000000.00,0,,2026-08-01T07:43:06.926Z,,,,false
abf9c521-3d65-4a10-af66-bbb1a18f0671,a7e7d255-4a9d-4957-8f36-350943946f65,c383dd94-afcf-4959-9418-743efb8f95e8,,,,10.0000,5000000.00,0,,2026-08-01T07:43:08.040Z,,,,false
d9221d5d-30d0-4670-b531-95bef19b3747,79b260fb-0fdf-48fd-81fa-8971d495cc62,c383dd94-afcf-4959-9418-743efb8f95e8,,,,10.0000,5000000.00,0,,2026-08-01T07:43:08.642Z,,,,false
72f5c0d4-de83-4c40-9f0e-1cc946069b78,8e55c99c-38d2-4f31-bb72-f5782c33bd0a,c383dd94-afcf-4959-9418-743efb8f95e8,,,,10.0000,5000000.00,0,,2026-08-01T07:43:09.048Z,,,,false
423d6d65-e6cb-4bd3-99ca-af29c8593863,89185604-4312-483d-b0fc-e8083546c38b,c383dd94-afcf-4959-9418-743efb8f95e8,,,,10.0000,5000000.00,0,,2026-08-01T07:43:10.700Z,,,,false
44ddd6e8-dbf1-4bbc-9bd6-099bad852138,c46adffa-6d50-4c9d-8317-268415b03e52,c383dd94-afcf-4959-9418-743efb8f95e8,,,,10.0000,5000000.00,0,,2026-08-01T07:43:12.245Z,,,,false
d93ada82-393c-46fa-86cf-8c63ac3e0c98,c46adffa-6d50-4c9d-8317-268415b03e52,c383dd94-afcf-4959-9418-743efb8f95e8,,,,5.0000,1000.00,0,,2026-08-01T07:43:13.101Z,,,,false
c38e3e2e-cadc-4392-af86-e6f9c2360305,1247b137-6bfc-4e64-9848-10096fd4b521,c383dd94-afcf-4959-9418-743efb8f95e8,,,,1.0000,1000000.00,0,,2026-08-01T16:58:52.274Z,,,,false
a31bb5d0-9e42-403c-8bf5-09056cb870b0,1247b137-6bfc-4e64-9848-10096fd4b521,c383dd94-afcf-4959-9418-743efb8f95e8,,,,1.0000,2500000.00,0,,2026-08-01T16:58:52.300Z,,,,false
db29d000-6c44-4057-bc5f-3814176c2971,1247b137-6bfc-4e64-9848-10096fd4b521,c383dd94-afcf-4959-9418-743efb8f95e8,,,,1.0000,500000.00,0,,2026-08-01T16:58:52.323Z,,,,false
1a93e2b7-74d2-4ea4-9c43-ce3a9581eea2,4b4fa22c-ce69-4086-9687-8bbd06586196,c383dd94-afcf-4959-9418-743efb8f95e8,,,,7.0000,9999999.00,0,,2026-08-01T16:58:54.166Z,,,,false
a70a84de-8df8-48bf-87f9-0f61b0e1d8bb,8c11ba55-9afe-4c2f-b307-ef11d6181418,c383dd94-afcf-4959-9418-743efb8f95e8,,,,10.0000,5000000.00,0,,2026-08-01T16:58:55.259Z,,,,false
0e9b95b2-d0b2-4e5d-861a-8b063d51f2c4,aa8bf8be-79ed-4d60-8650-5556442ba779,c383dd94-afcf-4959-9418-743efb8f95e8,,,,10.0000,5000000.00,0,,2026-08-01T16:58:56.274Z,,,,false
ad5df5a6-785e-42de-b74e-561e2ae5b305,9cc6071c-8967-4d23-b75f-64c9884bddbe,c383dd94-afcf-4959-9418-743efb8f95e8,,,,10.0000,5000000.00,0,,2026-08-01T16:58:57.291Z,,,,false
36f54fc9-5803-4f1d-9593-d7bcc0121879,999fc7c9-6742-4f67-afff-47efa9d4433f,c383dd94-afcf-4959-9418-743efb8f95e8,,,,10.0000,5000000.00,0,,2026-08-01T16:58:57.865Z,,,,false
9937adc7-0a39-43fe-9816-859d6f6aebde,dbd8e457-2dc8-454a-8fed-0e391dc74f04,c383dd94-afcf-4959-9418-743efb8f95e8,,,,10.0000,5000000.00,0,,2026-08-01T16:58:58.240Z,,,,false
939c9e89-a8f1-405d-906c-008602e1568c,2c973922-79ce-4e76-a4f3-4bc45be6e1b6,c383dd94-afcf-4959-9418-743efb8f95e8,,,,10.0000,5000000.00,0,,2026-08-01T16:58:59.682Z,,,,false
acc316e7-8ff8-40f4-afd0-b0c38fe36f12,1da671a1-0532-4105-b9eb-f10691e18903,c383dd94-afcf-4959-9418-743efb8f95e8,,,,10.0000,5000000.00,0,,2026-08-01T16:59:00.613Z,,,,false
990fde63-3e8d-47e7-83b8-2c80205e490a,1da671a1-0532-4105-b9eb-f10691e18903,c383dd94-afcf-4959-9418-743efb8f95e8,,,,5.0000,1000.00,0,,2026-08-01T16:59:01.382Z,,,,false
cbaa0271-2adb-4a04-a886-ab99853ad1cb,38896559-5694-44f5-b5d7-5b4832919937,c383dd94-afcf-4959-9418-743efb8f95e8,,,,1.0000,1000000.00,0,,2026-08-01T09:31:52.796Z,,,,false
968ea87f-0627-4e34-9e6e-8559ace329f3,38896559-5694-44f5-b5d7-5b4832919937,c383dd94-afcf-4959-9418-743efb8f95e8,,,,1.0000,2500000.00,0,,2026-08-01T09:31:52.825Z,,,,false
140e1400-0adf-481d-a439-e250c2d914d2,38896559-5694-44f5-b5d7-5b4832919937,c383dd94-afcf-4959-9418-743efb8f95e8,,,,1.0000,500000.00,0,,2026-08-01T09:31:52.849Z,,,,false
125a90fb-0eee-43ab-ae29-bbd037b98f2e,ded96771-a0ba-4b47-9eb8-5c074ca79cd2,c383dd94-afcf-4959-9418-743efb8f95e8,,,,7.0000,9999999.00,0,,2026-08-01T09:31:53.648Z,,,,false
20d725e1-0632-43f8-86c3-f74b5a11bd18,2d80aa52-66ca-42f2-bfe4-1cf57dd4ab06,c383dd94-afcf-4959-9418-743efb8f95e8,,,,10.0000,5000000.00,0,,2026-08-01T09:31:54.073Z,,,,false
704bee3a-41ba-41c7-9ab7-329eb9443af9,1e739a26-2af0-480f-921f-ea16cac07f11,c383dd94-afcf-4959-9418-743efb8f95e8,,,,10.0000,5000000.00,0,,2026-08-01T09:31:54.790Z,,,,false
8091dfa2-59d6-41de-bef6-72b29ae14b52,c11f7da5-5d0b-4ac0-9d05-66343571e67a,c383dd94-afcf-4959-9418-743efb8f95e8,,,,10.0000,5000000.00,0,,2026-08-01T09:31:55.841Z,,,,false
c7b1805d-9503-4f1c-afbb-32606c6de772,b89e393c-4761-4665-9e7a-82da94b5c3ab,c383dd94-afcf-4959-9418-743efb8f95e8,,,,10.0000,5000000.00,0,,2026-08-01T09:31:56.414Z,,,,false
91025c29-0219-4d2b-bc39-8b37a084961b,d99c34a4-e927-4251-9294-3cb1dc450ab1,c383dd94-afcf-4959-9418-743efb8f95e8,,,,10.0000,5000000.00,0,,2026-08-01T09:31:56.766Z,,,,false
0b34b004-9695-47cc-8571-fbd076337a33,f85e69b5-ac25-48f6-ae83-2958840f4023,c383dd94-afcf-4959-9418-743efb8f95e8,,,,10.0000,5000000.00,0,,2026-08-01T09:31:58.126Z,,,,false
4eb037bb-e761-49f5-84b8-abb8111536fe,a4e7cbf5-4718-4b13-9568-925d7b72721b,c383dd94-afcf-4959-9418-743efb8f95e8,,,,10.0000,5000000.00,0,,2026-08-01T09:31:58.860Z,,,,false
220bfa63-03ce-4022-8049-d60ac059b026,a4e7cbf5-4718-4b13-9568-925d7b72721b,c383dd94-afcf-4959-9418-743efb8f95e8,,,,5.0000,1000.00,0,,2026-08-01T09:31:59.660Z,,,,false
ba3688ae-fefe-4b75-bee5-427249fa2d8a,52c5db65-da2c-4859-98d0-e363d915ba70,c383dd94-afcf-4959-9418-743efb8f95e8,,,,1.0000,1000000.00,0,,2026-08-01T12:35:05.554Z,,,,false
4c14af98-149e-4cca-b043-c31d6f19cd24,52c5db65-da2c-4859-98d0-e363d915ba70,c383dd94-afcf-4959-9418-743efb8f95e8,,,,1.0000,2500000.00,0,,2026-08-01T12:35:05.580Z,,,,false
8eb66f73-a7b8-49cd-8d84-519ccc9d1478,52c5db65-da2c-4859-98d0-e363d915ba70,c383dd94-afcf-4959-9418-743efb8f95e8,,,,1.0000,500000.00,0,,2026-08-01T12:35:05.603Z,,,,false
feae4d52-e961-490c-bce7-4722c13b0ab2,b50d675b-1a82-47cb-a6c4-3a84277bb4e5,c383dd94-afcf-4959-9418-743efb8f95e8,,,,7.0000,9999999.00,0,,2026-08-01T12:35:06.380Z,,,,false
5d68e87c-25c7-4c77-9c32-51ee46aad0ae,b6abf69f-2a86-4b32-ac80-9ac74370a43c,c383dd94-afcf-4959-9418-743efb8f95e8,,,,10.0000,5000000.00,0,,2026-08-01T12:35:06.782Z,,,,false
9b844ef9-0def-4ad4-acfd-145f0b5dec8e,31ea188b-8d7c-4baf-9bb6-50b5641a3daf,c383dd94-afcf-4959-9418-743efb8f95e8,,,,10.0000,5000000.00,0,,2026-08-01T12:35:07.557Z,,,,false
aa18a4e4-b102-48a2-bd21-7a39a65e6a0b,128cc52d-2cef-4798-abe1-7ae4c7bf36ff,c383dd94-afcf-4959-9418-743efb8f95e8,,,,10.0000,5000000.00,0,,2026-08-01T12:35:08.610Z,,,,false
20d46aed-249a-48a5-b2e7-24d187c2b79d,d253fcd2-2440-4ba3-b930-294366c14b01,c383dd94-afcf-4959-9418-743efb8f95e8,,,,10.0000,5000000.00,0,,2026-08-01T12:35:09.143Z,,,,false
7cddd479-f1dc-45e4-ac0d-189ac0807ae2,3bb54da2-bf46-4a9e-a928-950ea5002aaa,c383dd94-afcf-4959-9418-743efb8f95e8,,,,10.0000,5000000.00,0,,2026-08-01T12:35:09.519Z,,,,false
ebb9edd1-37f0-4023-9f5b-8031ba93fbd6,120ae873-688e-400e-bdd3-d14c13053766,c383dd94-afcf-4959-9418-743efb8f95e8,,,,10.0000,5000000.00,0,,2026-08-01T12:35:10.900Z,,,,false
ab438c57-ddbc-48bd-a69f-604830ab09a7,4a7bfae7-a64d-41e8-a6a0-3640454112d6,c383dd94-afcf-4959-9418-743efb8f95e8,,,,10.0000,5000000.00,0,,2026-08-01T12:35:11.676Z,,,,false
47cb112a-4851-463f-8986-de66137df672,4a7bfae7-a64d-41e8-a6a0-3640454112d6,c383dd94-afcf-4959-9418-743efb8f95e8,,,,5.0000,1000.00,0,,2026-08-01T12:35:12.443Z,,,,false
bd45a31c-d9d5-4d12-a1a9-e42913c23c5a,b93614d0-67e2-4af2-9789-dec7e628cc2f,c383dd94-afcf-4959-9418-743efb8f95e8,,,,1.0000,1000000.00,0,,2026-08-01T12:58:42.278Z,,,,false
21d84348-b38a-4e2a-99b9-4fd143b2fe47,b93614d0-67e2-4af2-9789-dec7e628cc2f,c383dd94-afcf-4959-9418-743efb8f95e8,,,,1.0000,2500000.00,0,,2026-08-01T12:58:42.306Z,,,,false
fd1903a8-621f-4504-847c-6ce92e07b43f,b93614d0-67e2-4af2-9789-dec7e628cc2f,c383dd94-afcf-4959-9418-743efb8f95e8,,,,1.0000,500000.00,0,,2026-08-01T12:58:42.330Z,,,,false
a2392306-f57f-458a-9469-11e3c71a5881,4551ac0d-b1d0-4e45-b867-3f74604e2d90,c383dd94-afcf-4959-9418-743efb8f95e8,,,,7.0000,9999999.00,0,,2026-08-01T12:58:43.018Z,,,,false
084b4058-41c8-4e71-9413-0d36ac24462d,9d17c668-03bf-4be0-bcff-6249a7f77a38,c383dd94-afcf-4959-9418-743efb8f95e8,,,,10.0000,5000000.00,0,,2026-08-01T12:58:43.407Z,,,,false
9744799b-9e1b-4b2a-87fc-3b6e02c467e9,643e6c35-caae-4e87-a735-dbcf1ff43fb4,c383dd94-afcf-4959-9418-743efb8f95e8,,,,10.0000,5000000.00,0,,2026-08-01T12:58:44.138Z,,,,false
44bf7c6c-e350-4aed-aff3-0e438da51d16,b0c14afa-ce9e-4430-9917-30df34a9e69f,c383dd94-afcf-4959-9418-743efb8f95e8,,,,10.0000,5000000.00,0,,2026-08-01T12:58:45.316Z,,,,false
3dfa0c8a-7072-4b21-ba29-3fb21693b0f7,566c14e4-5c19-4dbe-9ca9-6d506fc9a2ae,c383dd94-afcf-4959-9418-743efb8f95e8,,,,10.0000,5000000.00,0,,2026-08-01T12:58:45.858Z,,,,false
81903e18-133c-4232-8427-471125151345,27106312-0639-44ac-a517-522e94b877dd,c383dd94-afcf-4959-9418-743efb8f95e8,,,,10.0000,5000000.00,0,,2026-08-01T12:58:46.291Z,,,,false
c34ac10b-1a88-4d6a-81ba-5fb21c33e228,228217c9-72e6-4a92-920a-fa3c0e9f7def,c383dd94-afcf-4959-9418-743efb8f95e8,,,,10.0000,5000000.00,0,,2026-08-01T12:58:47.780Z,,,,false
f9cc4e7b-8112-4893-88d4-dd777f8d7146,be8f8813-2c4b-409d-81c4-a01fde925b66,c383dd94-afcf-4959-9418-743efb8f95e8,,,,10.0000,5000000.00,0,,2026-08-01T12:58:48.592Z,,,,false
3b867681-4bd7-4a66-b9da-cdedb51ef259,be8f8813-2c4b-409d-81c4-a01fde925b66,c383dd94-afcf-4959-9418-743efb8f95e8,,,,5.0000,1000.00,0,,2026-08-01T12:58:49.349Z,,,,false
c055ce06-25e3-405c-a8d1-bb8c3d6528a7,2b9b5990-f5a4-4862-bc95-fe6436b9890b,c383dd94-afcf-4959-9418-743efb8f95e8,,,,1.0000,1000000.00,0,,2026-08-01T14:01:58.470Z,,,,false
c4769e02-ce29-4290-aa86-1d931b0d7a47,2b9b5990-f5a4-4862-bc95-fe6436b9890b,c383dd94-afcf-4959-9418-743efb8f95e8,,,,1.0000,2500000.00,0,,2026-08-01T14:01:58.496Z,,,,false
8a5907d4-0f70-4e0f-a6c7-c3407d7a4799,2b9b5990-f5a4-4862-bc95-fe6436b9890b,c383dd94-afcf-4959-9418-743efb8f95e8,,,,1.0000,500000.00,0,,2026-08-01T14:01:58.527Z,,,,false
b261bf92-9c18-4340-9e8e-4eb75bc701b6,0858c310-b07e-49f8-acf9-1499afde6916,c383dd94-afcf-4959-9418-743efb8f95e8,,,,7.0000,9999999.00,0,,2026-08-01T14:01:59.343Z,,,,false
a4ce3121-d435-442a-a605-f83491f56ffb,a13ee894-61dd-49a3-aedf-01bb8d1fe630,c383dd94-afcf-4959-9418-743efb8f95e8,,,,10.0000,5000000.00,0,,2026-08-01T14:01:59.846Z,,,,false
349ab67d-d393-4594-9572-535c91fd82e3,acd4b7de-52a9-44fe-a886-9181b477295c,c383dd94-afcf-4959-9418-743efb8f95e8,,,,10.0000,5000000.00,0,,2026-08-01T14:02:00.738Z,,,,false
d13bc832-96b5-419d-b32a-ba43dce43e4c,cc7eb1b1-5366-4a7b-a865-c58f16f6bd61,c383dd94-afcf-4959-9418-743efb8f95e8,,,,10.0000,5000000.00,0,,2026-08-01T14:02:02.021Z,,,,false
3c517e46-85f0-48dd-8149-4403111cc6d9,be83ed46-ea9a-4c4b-8664-003edba44b2e,c383dd94-afcf-4959-9418-743efb8f95e8,,,,10.0000,5000000.00,0,,2026-08-01T14:02:02.705Z,,,,false
7bf69d19-7538-40d8-8b51-a229081aa924,0cd58817-5d6e-465d-8332-eecc8dfc83dd,c383dd94-afcf-4959-9418-743efb8f95e8,,,,10.0000,5000000.00,0,,2026-08-01T14:02:03.124Z,,,,false
5b9e90a2-110f-418f-b7d4-cb1fb565bbaa,2df3fd5e-5d95-4ddb-80da-94e2e19ef5e5,c383dd94-afcf-4959-9418-743efb8f95e8,,,,10.0000,5000000.00,0,,2026-08-01T14:02:04.881Z,,,,false
c37dd0b3-35f2-452e-9884-c0db69e1c496,fe2e3dbe-862e-4cbc-b37a-5c9944fc0fc5,c383dd94-afcf-4959-9418-743efb8f95e8,,,,10.0000,5000000.00,0,,2026-08-01T14:02:05.750Z,,,,false
f2e341bd-cad7-4300-92ed-5e2dfe166a8e,fe2e3dbe-862e-4cbc-b37a-5c9944fc0fc5,c383dd94-afcf-4959-9418-743efb8f95e8,,,,5.0000,1000.00,0,,2026-08-01T14:02:06.580Z,,,,false
661d6a22-27b3-420a-825b-cabf67b4fe83,6fbabb3e-6932-47d8-b884-1ecd7298fdb1,c383dd94-afcf-4959-9418-743efb8f95e8,,,,1.0000,1000000.00,0,,2026-08-01T16:16:13.122Z,,,,false
66eed3a4-de59-4261-a46a-606c5a312340,6fbabb3e-6932-47d8-b884-1ecd7298fdb1,c383dd94-afcf-4959-9418-743efb8f95e8,,,,1.0000,2500000.00,0,,2026-08-01T16:16:13.149Z,,,,false
0b1bdb8c-5f44-4a38-83c2-a044c6b69716,6fbabb3e-6932-47d8-b884-1ecd7298fdb1,c383dd94-afcf-4959-9418-743efb8f95e8,,,,1.0000,500000.00,0,,2026-08-01T16:16:13.170Z,,,,false
e1a743fb-5d59-43ee-9706-ef03ba8092d5,92fb6e52-4aed-432b-82b2-0ddd229bbfe7,c383dd94-afcf-4959-9418-743efb8f95e8,,,,7.0000,9999999.00,0,,2026-08-01T16:16:14.003Z,,,,false
468e0740-e9ae-44f3-9891-cd8a8bd94862,27551730-ba69-40e7-9f65-d6fd8b5211ee,c383dd94-afcf-4959-9418-743efb8f95e8,,,,10.0000,5000000.00,0,,2026-08-01T16:16:14.432Z,,,,false
2fa3fa1c-7d68-4876-b417-cf90a651015d,2f62c0eb-f894-48a8-b204-ca510cdc0ef9,c383dd94-afcf-4959-9418-743efb8f95e8,,,,10.0000,5000000.00,0,,2026-08-01T16:16:15.211Z,,,,false
3de0404c-a601-4ca1-8e4e-5ba265f62a68,cb1f97fb-8bf0-4b78-8fa5-46b61ae77e4d,c383dd94-afcf-4959-9418-743efb8f95e8,,,,10.0000,5000000.00,0,,2026-08-01T16:16:16.308Z,,,,false
4656bef7-937b-4f92-a444-bf197f8c08fd,3691dc9a-72f8-4955-ba36-1a0102f25c41,c383dd94-afcf-4959-9418-743efb8f95e8,,,,10.0000,5000000.00,0,,2026-08-01T16:16:16.877Z,,,,false
9953f846-f2b0-4783-89fc-c6ea7bed6a0d,5a6a3a05-2f1e-44ab-8f29-955af714d92b,c383dd94-afcf-4959-9418-743efb8f95e8,,,,10.0000,5000000.00,0,,2026-08-01T16:16:17.241Z,,,,false
4bbbcd24-cfe4-475b-80c9-5585c82b0d1a,e05c0d8d-b016-4971-81bb-a78da7fabd3e,c383dd94-afcf-4959-9418-743efb8f95e8,,,,10.0000,5000000.00,0,,2026-08-01T16:16:18.657Z,,,,false
a7dc8cf8-5010-425c-9990-39dea22886af,2cc230b8-c82b-4681-9755-03948ab5430f,c383dd94-afcf-4959-9418-743efb8f95e8,,,,10.0000,5000000.00,0,,2026-08-01T16:16:19.472Z,,,,false
e3eae675-b795-4004-a9f3-c67685a4fd7d,2cc230b8-c82b-4681-9755-03948ab5430f,c383dd94-afcf-4959-9418-743efb8f95e8,,,,5.0000,1000.00,0,,2026-08-01T16:16:20.284Z,,,,false
a45938d8-02e1-48ef-8d2e-2b15211eea9b,2ea28e1a-884e-4b66-92ba-0b8cf5f1154b,c383dd94-afcf-4959-9418-743efb8f95e8,,,,1.0000,1000000.00,0,,2026-07-31T17:40:51.531Z,,,,false
01ecb644-ca45-431f-8cab-ec267892abf1,2ea28e1a-884e-4b66-92ba-0b8cf5f1154b,c383dd94-afcf-4959-9418-743efb8f95e8,,,,1.0000,2500000.00,0,,2026-07-31T17:40:51.554Z,,,,false
048c6aec-3a49-4f47-b61c-f3d5d9913319,2ea28e1a-884e-4b66-92ba-0b8cf5f1154b,c383dd94-afcf-4959-9418-743efb8f95e8,,,,1.0000,500000.00,0,,2026-07-31T17:40:51.576Z,,,,false
4f52c5eb-8199-4b8f-8a4b-e4954e5361ee,8a49bad3-be85-42eb-8969-c5187ced02f3,c383dd94-afcf-4959-9418-743efb8f95e8,,,,7.0000,9999999.00,0,,2026-07-31T17:40:52.260Z,,,,false
cc935ef4-1aa2-439d-a825-c8dc3a5bc6b3,267418f4-1272-4b7e-94e0-7f04fefc34fd,c383dd94-afcf-4959-9418-743efb8f95e8,,,,10.0000,5000000.00,0,,2026-07-31T17:40:52.631Z,,,,false
b0eb82ea-19c2-41a2-82be-d24d245b1c81,afadf978-d1d4-4f45-af5d-47a24b663054,c383dd94-afcf-4959-9418-743efb8f95e8,,,,10.0000,5000000.00,0,,2026-07-31T17:40:53.783Z,,,,false
a634cad4-61f5-4ee9-9bbc-20ada2039d8c,a9a43c0d-cb2c-4760-9398-b1cb9f45b24e,c383dd94-afcf-4959-9418-743efb8f95e8,,,,10.0000,5000000.00,0,,2026-07-31T17:40:54.979Z,,,,false
cb10a63c-e95a-48e0-a5a4-5e1384569142,e33a7a35-f465-4fb1-87ba-e70ee43bdc16,c383dd94-afcf-4959-9418-743efb8f95e8,,,,10.0000,5000000.00,0,,2026-07-31T17:40:55.553Z,,,,false
83704230-64fe-45d0-bc10-36ad34a5caed,8f02b402-0cb3-44d4-8242-8e1d920df5b4,c383dd94-afcf-4959-9418-743efb8f95e8,,,,10.0000,5000000.00,0,,2026-07-31T17:40:55.909Z,,,,false
709fd42d-b274-403d-8209-487a27190188,51c96b69-8197-4c16-bab4-d67e02601588,c383dd94-afcf-4959-9418-743efb8f95e8,,,,10.0000,5000000.00,0,,2026-07-31T17:40:57.312Z,,,,false
e11c20f9-c603-4156-95a9-8630ae8d28fb,0b8a3810-3b89-4c8c-87fb-d69279341204,c383dd94-afcf-4959-9418-743efb8f95e8,,,,10.0000,5000000.00,0,,2026-07-31T17:40:58.106Z,,,,false
3a6ca4c8-252e-4311-9348-3fe3ae2404b0,0b8a3810-3b89-4c8c-87fb-d69279341204,c383dd94-afcf-4959-9418-743efb8f95e8,,,,5.0000,1000.00,0,,2026-07-31T17:40:58.818Z,,,,false
39a384b2-ef86-4bdb-bec8-db28ca6cce97,b67ea3fc-f5c2-4a68-8e41-92530ac434d3,c383dd94-afcf-4959-9418-743efb8f95e8,,,,1.0000,1000000.00,0,,2026-08-01T06:16:25.714Z,,,,false
a0cf14fa-bb86-4c5d-8f87-2688f72718c2,b67ea3fc-f5c2-4a68-8e41-92530ac434d3,c383dd94-afcf-4959-9418-743efb8f95e8,,,,1.0000,2500000.00,0,,2026-08-01T06:16:25.743Z,,,,false
b5b95a48-3f40-406f-86dd-bba72e2ba74b,b67ea3fc-f5c2-4a68-8e41-92530ac434d3,c383dd94-afcf-4959-9418-743efb8f95e8,,,,1.0000,500000.00,0,,2026-08-01T06:16:25.767Z,,,,false
2084c6fc-a141-4444-86a7-4d25f9877ab5,deaba369-22f0-4aa8-8ae3-06b43100e9eb,c383dd94-afcf-4959-9418-743efb8f95e8,,,,7.0000,9999999.00,0,,2026-08-01T06:16:26.457Z,,,,false
10c8358d-715d-4571-ac7e-4f24f092ba79,57846e1f-58e2-478c-870a-92eb56bab739,c383dd94-afcf-4959-9418-743efb8f95e8,,,,10.0000,5000000.00,0,,2026-08-01T06:16:26.834Z,,,,false
44caa9ad-bf32-45a3-b0ef-8f3a016d738a,03118e2f-a51f-47aa-8655-291c159c0b66,c383dd94-afcf-4959-9418-743efb8f95e8,,,,10.0000,5000000.00,0,,2026-08-01T06:16:27.539Z,,,,false
edc740c5-5607-4409-9c4c-d5691af0a0f4,1d62fdec-1b6c-4b27-bc5a-b63e3c9546dc,c383dd94-afcf-4959-9418-743efb8f95e8,,,,10.0000,5000000.00,0,,2026-08-01T06:16:28.584Z,,,,false
65aa7b92-81a0-42bb-873f-e4d109dc567b,0f78d8da-2035-401c-879f-f6b7346db669,c383dd94-afcf-4959-9418-743efb8f95e8,,,,10.0000,5000000.00,0,,2026-08-01T06:16:29.110Z,,,,false
76664ea5-6f72-48bc-8c78-d12ddae1bcb7,eb87958f-d3d7-4e83-bcc0-75da4cb449a3,c383dd94-afcf-4959-9418-743efb8f95e8,,,,10.0000,5000000.00,0,,2026-08-01T06:16:29.526Z,,,,false
7de6064c-d06c-468e-acb5-71b083a7a3b8,14648cc3-77a5-4a9d-983b-a72b90798f9c,c383dd94-afcf-4959-9418-743efb8f95e8,,,,10.0000,5000000.00,0,,2026-08-01T06:16:30.994Z,,,,false
975022ff-b421-40a5-8690-7fd7923d8b79,c7f3d835-770e-497e-b1e0-c3fb021583ed,c383dd94-afcf-4959-9418-743efb8f95e8,,,,10.0000,5000000.00,0,,2026-08-01T06:16:31.914Z,,,,false
a31bab25-bf2e-4fc2-a0b3-3a6376da3e89,c7f3d835-770e-497e-b1e0-c3fb021583ed,c383dd94-afcf-4959-9418-743efb8f95e8,,,,5.0000,1000.00,0,,2026-08-01T06:16:32.647Z,,,,false
d777e943-01e8-4add-9dab-8a8f8bc40b1b,57c893f4-d7a6-4338-b4d7-f879548008ab,c383dd94-afcf-4959-9418-743efb8f95e8,,,,1.0000,1000000.00,0,,2026-08-01T05:44:14.121Z,,,,false
b6de9464-bd5e-489b-9885-82bbbd06461d,57c893f4-d7a6-4338-b4d7-f879548008ab,c383dd94-afcf-4959-9418-743efb8f95e8,,,,1.0000,2500000.00,0,,2026-08-01T05:44:14.144Z,,,,false
6063e94a-5bc3-45c2-b76e-9470b0d4e142,57c893f4-d7a6-4338-b4d7-f879548008ab,c383dd94-afcf-4959-9418-743efb8f95e8,,,,1.0000,500000.00,0,,2026-08-01T05:44:14.166Z,,,,false
a2e24048-3c42-40ad-aa95-58942ee05770,b7dd4267-2e05-4e6e-9429-21d7b5308935,c383dd94-afcf-4959-9418-743efb8f95e8,,,,7.0000,9999999.00,0,,2026-08-01T05:44:15.042Z,,,,false
7be23ae3-c136-4986-bc42-0064417897cc,1cef428d-9f13-4723-a0f9-7a130bba8095,c383dd94-afcf-4959-9418-743efb8f95e8,,,,10.0000,5000000.00,0,,2026-08-01T05:44:15.447Z,,,,false
e336e96c-a087-47c9-a24e-790cba20ed20,1c82912e-2e4c-4bf3-bfc9-a2a3a0e7c522,c383dd94-afcf-4959-9418-743efb8f95e8,,,,10.0000,5000000.00,0,,2026-08-01T05:44:16.382Z,,,,false
afedf38d-1d35-4ea1-a39b-c41ba3e033c7,f030ca07-c493-4c42-8f9e-07b11bffcadb,c383dd94-afcf-4959-9418-743efb8f95e8,,,,10.0000,5000000.00,0,,2026-08-01T05:44:17.544Z,,,,false
cdc44a46-dc81-418a-858d-f4b962013205,a6c3f61e-c291-4c19-b640-41193a7099f1,c383dd94-afcf-4959-9418-743efb8f95e8,,,,10.0000,5000000.00,0,,2026-08-01T05:44:18.066Z,,,,false
418b6f19-a628-4fbd-8731-86b3020d56c2,5710b74e-8435-4e95-939e-7125553dd79f,c383dd94-afcf-4959-9418-743efb8f95e8,,,,10.0000,5000000.00,0,,2026-08-01T05:44:18.730Z,,,,false
d660e921-752a-450b-9279-0ceee821c57d,83b0b6b0-c059-4682-9f58-770f7d67448d,c383dd94-afcf-4959-9418-743efb8f95e8,,,,10.0000,5000000.00,0,,2026-08-01T05:44:20.511Z,,,,false
eb72d9ac-3519-493d-b274-01110c4401ad,d36c4dcc-5ce8-49cd-b451-968d82314771,c383dd94-afcf-4959-9418-743efb8f95e8,,,,10.0000,5000000.00,0,,2026-08-01T05:44:21.387Z,,,,false
6ce1f086-5c6f-4ccb-8961-8dfb7e914904,d36c4dcc-5ce8-49cd-b451-968d82314771,c383dd94-afcf-4959-9418-743efb8f95e8,,,,5.0000,1000.00,0,,2026-08-01T05:44:22.114Z,,,,false
a4ca97f5-ef1b-4d47-9561-4602f329b1ac,f6125332-3f32-46a4-a0d1-a03828321bd3,c383dd94-afcf-4959-9418-743efb8f95e8,,,,1.0000,1000000.00,0,,2026-08-01T11:42:55.576Z,,,,false
2025c964-4467-446e-8640-fabed0251284,f6125332-3f32-46a4-a0d1-a03828321bd3,c383dd94-afcf-4959-9418-743efb8f95e8,,,,1.0000,2500000.00,0,,2026-08-01T11:42:55.604Z,,,,false
b90d4896-1fd9-4670-8584-5aad4fe7a5b3,f6125332-3f32-46a4-a0d1-a03828321bd3,c383dd94-afcf-4959-9418-743efb8f95e8,,,,1.0000,500000.00,0,,2026-08-01T11:42:55.630Z,,,,false
a7f52dbf-44eb-4c61-8aea-e850018d83aa,ddac4576-edac-42d1-805f-4d1bcfef493c,c383dd94-afcf-4959-9418-743efb8f95e8,,,,7.0000,9999999.00,0,,2026-08-01T11:42:56.309Z,,,,false
ede0fa5f-c146-47e6-b258-f913903ccc25,129437c9-1607-4e28-a0cd-fbb5bcc7be9a,c383dd94-afcf-4959-9418-743efb8f95e8,,,,10.0000,5000000.00,0,,2026-08-01T11:42:56.688Z,,,,false
b0751abe-871f-498a-b71b-a779af588533,8ba4086c-7e24-4433-9c1f-016abca9b9d1,c383dd94-afcf-4959-9418-743efb8f95e8,,,,10.0000,5000000.00,0,,2026-08-01T11:42:57.397Z,,,,false
28e17b7f-0842-4079-a15a-8330ecc4fd41,e8fb94a3-6dba-483e-b35c-3dba3beec97b,c383dd94-afcf-4959-9418-743efb8f95e8,,,,10.0000,5000000.00,0,,2026-08-01T11:42:58.443Z,,,,false
16818430-c176-426b-8052-8862ec089c3a,f84e8396-82fc-475a-984b-9d0f978fdfa8,c383dd94-afcf-4959-9418-743efb8f95e8,,,,10.0000,5000000.00,0,,2026-08-01T11:42:59.065Z,,,,false
7444f84a-4b40-4dfb-99e5-ebba3560db03,42e59a98-3dca-4864-bb05-80035efa1aff,c383dd94-afcf-4959-9418-743efb8f95e8,,,,10.0000,5000000.00,0,,2026-08-01T11:42:59.464Z,,,,false
76aa6ff5-528a-4fe6-b744-e4f8de4ef1b8,f59690d6-830c-4a8c-8953-88777ba9c64a,c383dd94-afcf-4959-9418-743efb8f95e8,,,,10.0000,5000000.00,0,,2026-08-01T11:43:00.799Z,,,,false
1d1c758c-0c9d-4e73-a240-37a8ee21ac81,d91e2385-e7b8-408c-b78a-a16330e68f9d,c383dd94-afcf-4959-9418-743efb8f95e8,,,,10.0000,5000000.00,0,,2026-08-01T11:43:01.542Z,,,,false
30c6b899-d8ba-4829-a67a-61e0cff4602e,d91e2385-e7b8-408c-b78a-a16330e68f9d,c383dd94-afcf-4959-9418-743efb8f95e8,,,,5.0000,1000.00,0,,2026-08-01T11:43:02.251Z,,,,false
979c58c1-8ff4-45ad-af96-04b0e2647455,e516a86d-1fca-40b3-b255-0903bc907d6c,c383dd94-afcf-4959-9418-743efb8f95e8,,,,1.0000,1000000.00,0,,2026-08-01T06:19:48.111Z,,,,false
ef51f2fe-ebcb-4c7d-9268-a8e80f70b956,e516a86d-1fca-40b3-b255-0903bc907d6c,c383dd94-afcf-4959-9418-743efb8f95e8,,,,1.0000,2500000.00,0,,2026-08-01T06:19:48.136Z,,,,false
52206926-b917-4afc-9c9c-278f6eaf3f5b,e516a86d-1fca-40b3-b255-0903bc907d6c,c383dd94-afcf-4959-9418-743efb8f95e8,,,,1.0000,500000.00,0,,2026-08-01T06:19:48.160Z,,,,false
912549a9-ebc3-409f-9f60-d85a89d62e09,018351da-ec6c-42b5-9f8d-4a41c1dc0266,c383dd94-afcf-4959-9418-743efb8f95e8,,,,7.0000,9999999.00,0,,2026-08-01T06:19:49.026Z,,,,false
ee39151f-36c5-43c5-8c04-0c56994046ff,a2cd2c65-790c-42c1-96ab-9aaa513ca108,c383dd94-afcf-4959-9418-743efb8f95e8,,,,10.0000,5000000.00,0,,2026-08-01T06:19:49.522Z,,,,false
dd2d7971-e358-473a-916b-f341166b353f,343d0c4d-3ce0-4163-bfd3-735664efe4d8,c383dd94-afcf-4959-9418-743efb8f95e8,,,,10.0000,5000000.00,0,,2026-08-01T06:19:50.299Z,,,,false
8860bad1-78cf-4862-8f99-4f1dc374634d,b683d153-5b52-4097-be75-b5d88acf5696,c383dd94-afcf-4959-9418-743efb8f95e8,,,,10.0000,5000000.00,0,,2026-08-01T06:19:51.314Z,,,,false
66269a1c-2fb3-4639-8f01-ca74af52d022,cda80eb6-b7ea-4c8a-be11-2ba7512f036b,c383dd94-afcf-4959-9418-743efb8f95e8,,,,10.0000,5000000.00,0,,2026-08-01T06:19:51.842Z,,,,false
92405d2a-f025-4310-821b-a0bf606cdf2d,0840f0c8-70cd-4e0c-b41b-90f1afca938a,c383dd94-afcf-4959-9418-743efb8f95e8,,,,10.0000,5000000.00,0,,2026-08-01T06:19:52.228Z,,,,false
a6f64bf9-d866-45e1-8219-a6edb3b4a17b,3721dfcc-5025-4a2b-8987-d2575a0a5cf0,c383dd94-afcf-4959-9418-743efb8f95e8,,,,10.0000,5000000.00,0,,2026-08-01T06:19:53.570Z,,,,false
fdc652a5-64a2-4047-ba9a-5c3fbb193807,071bcf3b-ab22-468b-aaad-dcfe5a0c1648,c383dd94-afcf-4959-9418-743efb8f95e8,,,,10.0000,5000000.00,0,,2026-08-01T06:19:54.323Z,,,,false
92f962c0-331d-4d1a-9e9c-afa4229723b2,071bcf3b-ab22-468b-aaad-dcfe5a0c1648,c383dd94-afcf-4959-9418-743efb8f95e8,,,,5.0000,1000.00,0,,2026-08-01T06:19:55.066Z,,,,false
32bd9a65-c601-4318-91c9-d9a0e5125b9b,1a4ba4e7-f5c4-4d46-be9e-a59d72d2c048,c383dd94-afcf-4959-9418-743efb8f95e8,,,,1.0000,1000000.00,0,,2026-07-31T17:47:44.377Z,,,,false
92584fa8-18ee-4632-9fca-690205becdea,1a4ba4e7-f5c4-4d46-be9e-a59d72d2c048,c383dd94-afcf-4959-9418-743efb8f95e8,,,,1.0000,2500000.00,0,,2026-07-31T17:47:44.402Z,,,,false
4b4c90fe-91a9-49ca-a537-672c60aaf14c,1a4ba4e7-f5c4-4d46-be9e-a59d72d2c048,c383dd94-afcf-4959-9418-743efb8f95e8,,,,1.0000,500000.00,0,,2026-07-31T17:47:44.426Z,,,,false
4dcb9937-5e43-4d0e-83e1-f28a4397db9b,ecfacca7-e6fe-41a5-a160-680c1f257ba2,c383dd94-afcf-4959-9418-743efb8f95e8,,,,7.0000,9999999.00,0,,2026-07-31T17:47:45.247Z,,,,false
c224a5e5-ef75-4731-a6c2-c1c450b577ff,42b290ef-2f46-4c89-8217-204dba2fc8e2,c383dd94-afcf-4959-9418-743efb8f95e8,,,,10.0000,5000000.00,0,,2026-07-31T17:47:45.640Z,,,,false
54ba1125-3b2a-498a-8f30-9d7ff7cb5ec5,35f43229-8367-4777-be09-e4486c58d162,c383dd94-afcf-4959-9418-743efb8f95e8,,,,10.0000,5000000.00,0,,2026-07-31T17:47:46.377Z,,,,false
ece7d950-c1a4-495c-a39a-0ff18eb08cbe,42de41ef-3fe6-4ae9-9808-32be0392b1a0,c383dd94-afcf-4959-9418-743efb8f95e8,,,,10.0000,5000000.00,0,,2026-07-31T17:47:47.531Z,,,,false
13d5acfe-834d-4231-a8d5-027bf39cf1a4,518c6fb0-27b9-439e-bbbf-2066775e6919,c383dd94-afcf-4959-9418-743efb8f95e8,,,,10.0000,5000000.00,0,,2026-07-31T17:47:48.108Z,,,,false
383e1c2f-af46-4437-9b45-c3fa8ea6df4e,6da9c263-6dfe-4ada-84ec-aedbfe094e89,c383dd94-afcf-4959-9418-743efb8f95e8,,,,10.0000,5000000.00,0,,2026-07-31T17:47:48.462Z,,,,false
82f56136-f509-49de-b1d4-e12ca1ab9d05,609a5c6a-a499-446b-87f3-26e361bc5f52,c383dd94-afcf-4959-9418-743efb8f95e8,,,,10.0000,5000000.00,0,,2026-07-31T17:47:49.816Z,,,,false
10e850fe-2857-4112-825d-5d04299998e1,94c8918f-541b-4383-84cd-16062fa105b0,c383dd94-afcf-4959-9418-743efb8f95e8,,,,10.0000,5000000.00,0,,2026-07-31T17:47:50.521Z,,,,false
608fb13d-5716-41c8-9c4b-b017019f3714,94c8918f-541b-4383-84cd-16062fa105b0,c383dd94-afcf-4959-9418-743efb8f95e8,,,,5.0000,1000.00,0,,2026-07-31T17:47:51.198Z,,,,false
4aa44dd1-6dbc-4d50-9e51-a4fad7f8a569,02dc653f-af24-40de-b847-0bc66fca0243,c383dd94-afcf-4959-9418-743efb8f95e8,,,,1.0000,1000000.00,0,,2026-08-01T08:04:17.446Z,,,,false
846a34c9-2117-444a-aa70-2e0729b53783,02dc653f-af24-40de-b847-0bc66fca0243,c383dd94-afcf-4959-9418-743efb8f95e8,,,,1.0000,2500000.00,0,,2026-08-01T08:04:17.471Z,,,,false
e4c997a7-608e-4f4b-82ad-551a91c85536,02dc653f-af24-40de-b847-0bc66fca0243,c383dd94-afcf-4959-9418-743efb8f95e8,,,,1.0000,500000.00,0,,2026-08-01T08:04:17.494Z,,,,false
0b83255d-c7ce-4c96-a54d-9d7a834ee8cc,6aa7f11a-ab56-4d3a-acc7-f5f78b0d28f7,c383dd94-afcf-4959-9418-743efb8f95e8,,,,7.0000,9999999.00,0,,2026-08-01T08:04:18.244Z,,,,false
a078883c-d512-45d7-b048-76f4edb0ebdd,68d9fa04-1b3d-4ca5-afb5-f809c4ba549e,c383dd94-afcf-4959-9418-743efb8f95e8,,,,10.0000,5000000.00,0,,2026-08-01T08:04:18.677Z,,,,false
1b798fe0-7134-428e-aced-32df9ae79b99,d60d3936-7957-439c-a2bc-1b19921b2e80,c383dd94-afcf-4959-9418-743efb8f95e8,,,,10.0000,5000000.00,0,,2026-08-01T08:04:19.460Z,,,,false
1e1f44f1-8be0-484e-b891-d415385da300,335aa326-545b-43d4-b1c8-20e6b77b1eb9,c383dd94-afcf-4959-9418-743efb8f95e8,,,,10.0000,5000000.00,0,,2026-08-01T08:04:20.671Z,,,,false
b703f342-3ced-4251-a8bc-d123d8fd0304,80b1dc1e-2d2d-413c-a45d-d0e0d3c51a4c,c383dd94-afcf-4959-9418-743efb8f95e8,,,,10.0000,5000000.00,0,,2026-08-01T08:04:21.298Z,,,,false
954dd8a1-4e3a-4d29-accc-0718c21e9365,d231134b-31cd-445a-a000-c4867f928a28,c383dd94-afcf-4959-9418-743efb8f95e8,,,,10.0000,5000000.00,0,,2026-08-01T08:04:21.698Z,,,,false
6e83b939-c31d-4b6d-a803-098888ce91fb,6653c984-878d-49f7-8ba3-2a50023662fd,c383dd94-afcf-4959-9418-743efb8f95e8,,,,10.0000,5000000.00,0,,2026-08-01T08:04:23.073Z,,,,false
af4ec6c4-6d0e-4126-9a80-fb1845fd0a00,b38d0684-1de7-44fc-8b15-fc58d2508e82,c383dd94-afcf-4959-9418-743efb8f95e8,,,,10.0000,5000000.00,0,,2026-08-01T08:04:23.869Z,,,,false
f3b683b6-7970-4da9-b7a7-27ffd7e4341c,b38d0684-1de7-44fc-8b15-fc58d2508e82,c383dd94-afcf-4959-9418-743efb8f95e8,,,,5.0000,1000.00,0,,2026-08-01T08:04:24.692Z,,,,false
92e23ac0-c0d0-4248-897e-8eed3b4f1d50,b1072062-4dce-40f5-9593-f0559dd9452f,c383dd94-afcf-4959-9418-743efb8f95e8,,,,1.0000,1000000.00,0,,2026-08-01T09:41:13.536Z,,,,false
cd0d07fd-a43d-4e10-9fd2-9dc66ae9b0ed,b1072062-4dce-40f5-9593-f0559dd9452f,c383dd94-afcf-4959-9418-743efb8f95e8,,,,1.0000,2500000.00,0,,2026-08-01T09:41:13.564Z,,,,false
1e6da357-0eaf-428f-8b6d-a764851e6002,b1072062-4dce-40f5-9593-f0559dd9452f,c383dd94-afcf-4959-9418-743efb8f95e8,,,,1.0000,500000.00,0,,2026-08-01T09:41:13.590Z,,,,false
b7e4d5a4-fb9f-46a5-bcab-d3355ccc25cf,a62bc246-239a-440a-9f57-850796ffebef,c383dd94-afcf-4959-9418-743efb8f95e8,,,,7.0000,9999999.00,0,,2026-08-01T09:41:14.311Z,,,,false
8e8ef7dd-d19d-466d-ba15-903fd50cc0cc,e4950099-3c5c-492d-9c42-b812409fb860,c383dd94-afcf-4959-9418-743efb8f95e8,,,,10.0000,5000000.00,0,,2026-08-01T09:41:14.671Z,,,,false
b06cf8c2-b588-4bec-8a44-4bbc1053ff3c,cf77b87a-5bc8-4b1a-ab54-6406d8811532,c383dd94-afcf-4959-9418-743efb8f95e8,,,,10.0000,5000000.00,0,,2026-08-01T09:41:15.364Z,,,,false
76292952-e1bd-4c75-b95a-501ade9551d1,4861f0f9-66ea-44e6-9ed9-2d89be465181,c383dd94-afcf-4959-9418-743efb8f95e8,,,,10.0000,5000000.00,0,,2026-08-01T09:41:16.536Z,,,,false
e0924d2d-4b87-4a56-b921-db7fb719d6bb,e0aba744-2a3d-43ef-b32f-cd48672c1ac2,c383dd94-afcf-4959-9418-743efb8f95e8,,,,10.0000,5000000.00,0,,2026-08-01T09:41:17.119Z,,,,false
d0dde61e-f385-4ca9-b647-62a9704ac1fe,1405ac9c-c583-411e-be96-8aa7e5fa35a8,c383dd94-afcf-4959-9418-743efb8f95e8,,,,10.0000,5000000.00,0,,2026-08-01T09:41:17.488Z,,,,false
6701eb00-cbbb-48b4-9c82-cc84d2060f15,2863a0fc-e9ac-41e4-8b00-e653f3e04cce,c383dd94-afcf-4959-9418-743efb8f95e8,,,,10.0000,5000000.00,0,,2026-08-01T09:41:18.842Z,,,,false
8021ee73-7be6-4f02-a9a3-88254a27ca0d,67ff39da-4bf5-4505-a561-e9fd499ac0a6,c383dd94-afcf-4959-9418-743efb8f95e8,,,,10.0000,5000000.00,0,,2026-08-01T09:41:19.631Z,,,,false
788d36ec-64ac-4383-add8-0b1c9f4e6fa7,67ff39da-4bf5-4505-a561-e9fd499ac0a6,c383dd94-afcf-4959-9418-743efb8f95e8,,,,5.0000,1000.00,0,,2026-08-01T09:41:20.360Z,,,,false
7fbb9ef9-af13-470c-98b7-3a8695ecb6e2,7db88d5d-b6b6-424f-916e-96dc82c6b945,c383dd94-afcf-4959-9418-743efb8f95e8,,,,1.0000,1000000.00,0,,2026-08-01T12:38:22.499Z,,,,false
783f5e4d-3046-4345-894e-f6d8ebce71ef,7db88d5d-b6b6-424f-916e-96dc82c6b945,c383dd94-afcf-4959-9418-743efb8f95e8,,,,1.0000,2500000.00,0,,2026-08-01T12:38:22.524Z,,,,false
cd8bbb7b-015b-4bae-bb70-ef7258b674c2,7db88d5d-b6b6-424f-916e-96dc82c6b945,c383dd94-afcf-4959-9418-743efb8f95e8,,,,1.0000,500000.00,0,,2026-08-01T12:38:22.548Z,,,,false
84b85836-7cc6-4efe-9282-51c9060a6da2,13c02891-78d1-4457-b537-cdaa519b6290,c383dd94-afcf-4959-9418-743efb8f95e8,,,,7.0000,9999999.00,0,,2026-08-01T12:38:23.363Z,,,,false
c14df736-6dc9-4d6e-be1a-924fcb737fa0,f7e2f8a9-a93d-457f-8d5a-c951714dc546,c383dd94-afcf-4959-9418-743efb8f95e8,,,,10.0000,5000000.00,0,,2026-08-01T12:38:23.780Z,,,,false
dde33fff-f6b9-40fd-a88f-3bb8bff4c897,745762a0-39c8-437f-b923-ee55d715f4d7,c383dd94-afcf-4959-9418-743efb8f95e8,,,,10.0000,5000000.00,0,,2026-08-01T12:38:24.633Z,,,,false
39726196-fe12-4d36-8104-01c2a73f6bd9,7800462c-ab4d-47e4-bd17-ca7028ab5177,c383dd94-afcf-4959-9418-743efb8f95e8,,,,10.0000,5000000.00,0,,2026-08-01T12:38:25.857Z,,,,false
c962c43f-6171-4387-bcfe-52f57b3757cf,8bce83b9-9dc5-435c-a000-18eedec378e6,c383dd94-afcf-4959-9418-743efb8f95e8,,,,10.0000,5000000.00,0,,2026-08-01T12:38:26.489Z,,,,false
35f4852e-1cbf-4357-8898-163cedf49331,b573ab5d-66c6-4907-bbcb-4e3e17e3ea65,c383dd94-afcf-4959-9418-743efb8f95e8,,,,10.0000,5000000.00,0,,2026-08-01T12:38:26.874Z,,,,false
a6c92843-8bdf-4fcb-9ffc-4a48b67021d9,199c17bd-ac9a-4c56-bbbf-100b78160fa7,c383dd94-afcf-4959-9418-743efb8f95e8,,,,10.0000,5000000.00,0,,2026-08-01T12:38:28.246Z,,,,false
ccc1c34c-ce80-4683-bd8d-9c773e8493d8,018db602-4922-4919-a665-72d139504014,c383dd94-afcf-4959-9418-743efb8f95e8,,,,10.0000,5000000.00,0,,2026-08-01T12:38:29.238Z,,,,false
0d885afb-dfea-4fd1-ba4d-0f27a34c7f7f,018db602-4922-4919-a665-72d139504014,c383dd94-afcf-4959-9418-743efb8f95e8,,,,5.0000,1000.00,0,,2026-08-01T12:38:29.930Z,,,,false
4d8f445e-9d6e-4e4f-9db1-54e1d823ddf2,070b1d67-8888-46bc-af53-8dfa19f3dc38,c383dd94-afcf-4959-9418-743efb8f95e8,,,,1.0000,1000000.00,0,,2026-08-01T13:02:11.227Z,,,,false
53a9bffd-9aa4-4c6e-8b67-e1ff50d91ec8,070b1d67-8888-46bc-af53-8dfa19f3dc38,c383dd94-afcf-4959-9418-743efb8f95e8,,,,1.0000,2500000.00,0,,2026-08-01T13:02:11.257Z,,,,false
e5555de0-547e-440b-b60f-ca1462d07dff,070b1d67-8888-46bc-af53-8dfa19f3dc38,c383dd94-afcf-4959-9418-743efb8f95e8,,,,1.0000,500000.00,0,,2026-08-01T13:02:11.282Z,,,,false
0d27df85-614e-4c7e-b094-439a1e450b7d,f554ee08-18a0-43e1-a4f9-2053bdddd721,c383dd94-afcf-4959-9418-743efb8f95e8,,,,7.0000,9999999.00,0,,2026-08-01T13:02:12.070Z,,,,false
05717d20-bb75-4efb-a8d6-c13ae748080f,787511d6-617e-4522-8b65-c8a03d1c66e6,c383dd94-afcf-4959-9418-743efb8f95e8,,,,10.0000,5000000.00,0,,2026-08-01T13:02:12.506Z,,,,false
6f22354a-fcb2-409a-a671-7d8b3d9c4f85,7792f9c9-e54c-45c5-9b6e-83170c2a0629,c383dd94-afcf-4959-9418-743efb8f95e8,,,,10.0000,5000000.00,0,,2026-08-01T13:02:13.316Z,,,,false
d19887d7-e510-4d47-b969-52e989ead142,c89ceb25-dcb3-4d03-a980-f49f27496aca,c383dd94-afcf-4959-9418-743efb8f95e8,,,,10.0000,5000000.00,0,,2026-08-01T13:02:14.392Z,,,,false
7a85fde6-7736-4d40-9753-1669bdd09878,26abf768-5225-4fb6-bf47-163463dabac8,c383dd94-afcf-4959-9418-743efb8f95e8,,,,10.0000,5000000.00,0,,2026-08-01T13:02:14.963Z,,,,false
85eba123-d2ad-42f4-a32c-1fd9be5ec8df,f38b7cee-9f7a-4985-a798-9c36ca9f76b3,c383dd94-afcf-4959-9418-743efb8f95e8,,,,10.0000,5000000.00,0,,2026-08-01T13:02:15.385Z,,,,false
9f6e6a8f-fe88-47f4-bf8e-b1d68c0a6fcd,a8d3a650-4d9d-472c-b4d0-4be6e82f5b1c,c383dd94-afcf-4959-9418-743efb8f95e8,,,,10.0000,5000000.00,0,,2026-08-01T13:02:16.780Z,,,,false
957d2f92-48ea-44a4-a0b2-222a5f6cb566,e8a736be-81b8-40c4-afb8-c854092c145f,c383dd94-afcf-4959-9418-743efb8f95e8,,,,10.0000,5000000.00,0,,2026-08-01T13:02:17.619Z,,,,false
4e40ae4a-728b-414b-b029-b819c2c3d3f3,e8a736be-81b8-40c4-afb8-c854092c145f,c383dd94-afcf-4959-9418-743efb8f95e8,,,,5.0000,1000.00,0,,2026-08-01T13:02:18.394Z,,,,false
1b4f7bba-29a1-4b10-8c8f-2bd141973e5e,c5fae03f-5312-4876-ae0d-37dba369bc2d,c383dd94-afcf-4959-9418-743efb8f95e8,,,,1.0000,1000000.00,0,,2026-08-01T14:22:46.704Z,,,,false
bd858fa6-c9f0-45f5-bda4-d2ac4a36db4a,c5fae03f-5312-4876-ae0d-37dba369bc2d,c383dd94-afcf-4959-9418-743efb8f95e8,,,,1.0000,2500000.00,0,,2026-08-01T14:22:46.734Z,,,,false
a006ceed-cf90-45d9-bb32-4216cf4a7fb9,c5fae03f-5312-4876-ae0d-37dba369bc2d,c383dd94-afcf-4959-9418-743efb8f95e8,,,,1.0000,500000.00,0,,2026-08-01T14:22:46.758Z,,,,false
28db7ad5-203a-44f2-af4a-b6a8ac0fe491,675de1be-1248-4407-b984-0a2de646c84b,c383dd94-afcf-4959-9418-743efb8f95e8,,,,7.0000,9999999.00,0,,2026-08-01T14:22:47.647Z,,,,false
bc8b4f67-f13e-4a0d-b5b1-a9f62ad1708f,27d9634f-c5bc-4dd6-b9a2-7a3cc9e39066,c383dd94-afcf-4959-9418-743efb8f95e8,,,,10.0000,5000000.00,0,,2026-08-01T14:22:48.119Z,,,,false
39f175ec-dc5e-4849-bade-583e1fba8524,ce4092be-2bd3-4674-867d-73e219d31021,c383dd94-afcf-4959-9418-743efb8f95e8,,,,10.0000,5000000.00,0,,2026-08-01T14:22:48.934Z,,,,false
75dccb6a-bc34-4e15-bc76-7e07c5009108,9034a395-3bc3-4f2a-ae61-3a4efc6919c4,c383dd94-afcf-4959-9418-743efb8f95e8,,,,10.0000,5000000.00,0,,2026-08-01T14:22:50.174Z,,,,false
629965a2-943f-427f-bdc6-34d30a250d58,5b4ff3ea-951a-48ad-bc3b-3dfa70b07ec9,c383dd94-afcf-4959-9418-743efb8f95e8,,,,10.0000,5000000.00,0,,2026-08-01T14:22:50.772Z,,,,false
16dea329-ecad-4fe8-8624-fb33a1ad41ca,73a2e620-49a9-4826-b608-1e70382ceaca,c383dd94-afcf-4959-9418-743efb8f95e8,,,,10.0000,5000000.00,0,,2026-08-01T14:22:51.233Z,,,,false
3dae94f9-1d50-4234-9989-eb9ad5ba1555,d4243402-795f-4f6d-9d79-3ae32f1be6c4,c383dd94-afcf-4959-9418-743efb8f95e8,,,,10.0000,5000000.00,0,,2026-08-01T14:22:52.808Z,,,,false
518d33ff-a1b8-4c7f-83c5-a178f31a06c6,1ae4b657-5197-4b93-b16a-407b64528292,c383dd94-afcf-4959-9418-743efb8f95e8,,,,10.0000,5000000.00,0,,2026-08-01T14:22:53.663Z,,,,false
be3eca48-6c3e-4fdc-9b4f-6287ff409dc9,1ae4b657-5197-4b93-b16a-407b64528292,c383dd94-afcf-4959-9418-743efb8f95e8,,,,5.0000,1000.00,0,,2026-08-01T14:22:54.415Z,,,,false
9774d8a8-3160-4932-bbe5-f386bd9fac0f,f015fab0-55bb-46df-952a-759730706178,c383dd94-afcf-4959-9418-743efb8f95e8,,,,1.0000,1000000.00,0,,2026-08-01T08:31:26.778Z,,,,false
7c0763b1-90d4-4dae-8783-8a5bcbd99d82,f015fab0-55bb-46df-952a-759730706178,c383dd94-afcf-4959-9418-743efb8f95e8,,,,1.0000,2500000.00,0,,2026-08-01T08:31:26.801Z,,,,false
76d1b9eb-355f-4a94-bc49-e8c282871f03,f015fab0-55bb-46df-952a-759730706178,c383dd94-afcf-4959-9418-743efb8f95e8,,,,1.0000,500000.00,0,,2026-08-01T08:31:26.824Z,,,,false
61636f18-889d-4e9c-bdfd-062d8cf4d917,11ab9139-3ad1-4091-87e6-c822f0fadf92,c383dd94-afcf-4959-9418-743efb8f95e8,,,,7.0000,9999999.00,0,,2026-08-01T08:31:27.805Z,,,,false
35c93654-2cee-4f20-82ce-0e990d6e69e0,c8dfae93-ac40-457e-aff6-20761ec2e140,c383dd94-afcf-4959-9418-743efb8f95e8,,,,10.0000,5000000.00,0,,2026-08-01T08:31:28.236Z,,,,false
63da1f98-3633-4f50-b78f-8710d4da153c,1380d10d-7ebb-468e-a98f-db1e2ae60b5b,c383dd94-afcf-4959-9418-743efb8f95e8,,,,10.0000,5000000.00,0,,2026-08-01T08:31:28.999Z,,,,false
48352ece-bf03-4d1d-9037-185e16d0b3ca,9006ef90-8c15-4486-ae39-8aa00f69fdd4,c383dd94-afcf-4959-9418-743efb8f95e8,,,,10.0000,5000000.00,0,,2026-08-01T08:31:30.151Z,,,,false
11ac1926-e38e-45c7-a85e-797e691315cf,91a7eaf8-22c8-4562-a379-5d3f7cbf8291,c383dd94-afcf-4959-9418-743efb8f95e8,,,,10.0000,5000000.00,0,,2026-08-01T08:31:30.686Z,,,,false
b504af32-82ac-41c8-9800-8ec0eeead109,4ba7ccda-6369-4e53-bf0d-beb8d29c40a2,c383dd94-afcf-4959-9418-743efb8f95e8,,,,10.0000,5000000.00,0,,2026-08-01T08:31:31.100Z,,,,false
5d4f0b3f-db18-449b-8e07-dda875c49c77,f7350f31-6068-4daa-a62b-3b0377f76e53,c383dd94-afcf-4959-9418-743efb8f95e8,,,,10.0000,5000000.00,0,,2026-08-01T08:31:32.542Z,,,,false
c61b3db7-5205-4e35-9f15-586a24e75aee,971a6637-78c0-4b2d-8314-4e9723f5f73c,c383dd94-afcf-4959-9418-743efb8f95e8,,,,10.0000,5000000.00,0,,2026-08-01T08:31:33.416Z,,,,false
1f2323ba-bb0a-47d1-824e-83ef6d9c76d3,971a6637-78c0-4b2d-8314-4e9723f5f73c,c383dd94-afcf-4959-9418-743efb8f95e8,,,,5.0000,1000.00,0,,2026-08-01T08:31:34.154Z,,,,false
e01e1f08-12bb-43b3-9cac-368c801db73d,c8806081-d3e1-4d48-88cb-3408e1c86cd2,c383dd94-afcf-4959-9418-743efb8f95e8,,,,1.0000,1000000.00,0,,2026-08-01T12:08:51.512Z,,,,false
e1299a1d-5b36-4842-bca5-16d2354251a7,c8806081-d3e1-4d48-88cb-3408e1c86cd2,c383dd94-afcf-4959-9418-743efb8f95e8,,,,1.0000,2500000.00,0,,2026-08-01T12:08:51.540Z,,,,false
28aa4c34-549e-4fac-90e8-5ebce28991fd,c8806081-d3e1-4d48-88cb-3408e1c86cd2,c383dd94-afcf-4959-9418-743efb8f95e8,,,,1.0000,500000.00,0,,2026-08-01T12:08:51.563Z,,,,false
21b10892-fc2c-4763-90e8-95e529ea4fdc,2a9fd14a-39cf-4103-b93d-88ea05224a27,c383dd94-afcf-4959-9418-743efb8f95e8,,,,7.0000,9999999.00,0,,2026-08-01T12:08:52.330Z,,,,false
6c6db2cc-ce7f-40f6-9d1e-8b8824e1fefa,da0933b4-3611-43ef-8cc8-5b44c9b4c569,c383dd94-afcf-4959-9418-743efb8f95e8,,,,10.0000,5000000.00,0,,2026-08-01T12:08:52.750Z,,,,false
62527b8a-edaf-4bb5-94f5-75dba91187f5,8b25a13c-fa74-42c2-ad85-b4d852615b6e,c383dd94-afcf-4959-9418-743efb8f95e8,,,,10.0000,5000000.00,0,,2026-08-01T12:08:53.520Z,,,,false
943198c3-a821-4b33-96bd-52da30ba597b,c656e33a-3dea-47ec-a05c-24ffcf0bb248,c383dd94-afcf-4959-9418-743efb8f95e8,,,,10.0000,5000000.00,0,,2026-08-01T12:08:54.710Z,,,,false
8f53bd61-fdbd-42cd-b911-7a14f71baabb,b8cad436-ad99-48ae-a376-d6e7856018a4,c383dd94-afcf-4959-9418-743efb8f95e8,,,,10.0000,5000000.00,0,,2026-08-01T12:08:55.284Z,,,,false
31e42546-7fe8-483d-a483-eb34b0bbe305,94f3504f-5fd9-4405-8ce1-2fbd431a082f,c383dd94-afcf-4959-9418-743efb8f95e8,,,,10.0000,5000000.00,0,,2026-08-01T12:08:55.635Z,,,,false
d88db901-3b2f-4cb1-badc-a3e4a30c7f78,4cbaac4f-1868-42df-96bf-ed0e8385f3ec,c383dd94-afcf-4959-9418-743efb8f95e8,,,,10.0000,5000000.00,0,,2026-08-01T12:08:56.960Z,,,,false
6694d9c7-6238-4961-8454-f818066d7a87,175fc7ad-7329-49d0-a183-b5f8b62ac43f,c383dd94-afcf-4959-9418-743efb8f95e8,,,,10.0000,5000000.00,0,,2026-08-01T12:08:57.706Z,,,,false
23deb82d-c8a8-4180-885b-d245229f6975,175fc7ad-7329-49d0-a183-b5f8b62ac43f,c383dd94-afcf-4959-9418-743efb8f95e8,,,,5.0000,1000.00,0,,2026-08-01T12:08:58.462Z,,,,false
ea696511-7fb6-4944-83f4-05c25d203d07,0627bef3-402f-40c8-b674-1a8a3e19e65f,c383dd94-afcf-4959-9418-743efb8f95e8,,,,1.0000,1000000.00,0,,2026-08-01T16:22:56.160Z,,,,false
43d0e13e-a246-4193-a7ec-acee922d1df8,0627bef3-402f-40c8-b674-1a8a3e19e65f,c383dd94-afcf-4959-9418-743efb8f95e8,,,,1.0000,2500000.00,0,,2026-08-01T16:22:56.187Z,,,,false
0c0abfb2-e662-42f6-a89d-3c65befd3e21,0627bef3-402f-40c8-b674-1a8a3e19e65f,c383dd94-afcf-4959-9418-743efb8f95e8,,,,1.0000,500000.00,0,,2026-08-01T16:22:56.211Z,,,,false
eeefc51b-a6f8-4f5b-b2ae-afdb94c3990f,9f741da2-d450-4638-a29f-2dfbd04d8a15,c383dd94-afcf-4959-9418-743efb8f95e8,,,,7.0000,9999999.00,0,,2026-08-01T16:22:56.982Z,,,,false
9a840d4e-07af-41e7-9a0e-d685b0b8849a,6602b0a7-b922-47cb-83c3-659a7a37e76f,c383dd94-afcf-4959-9418-743efb8f95e8,,,,10.0000,5000000.00,0,,2026-08-01T16:22:57.419Z,,,,false
927f0d18-c7b0-443d-b1f7-e2e12d841313,ba4a1f2e-c5bd-49c3-b457-78592a7d7f1c,c383dd94-afcf-4959-9418-743efb8f95e8,,,,10.0000,5000000.00,0,,2026-08-01T16:22:58.163Z,,,,false
db227fd7-51ab-461c-bad7-015cde0aca3a,579f66db-e148-4aa0-80bd-ce5ea0a0bc52,c383dd94-afcf-4959-9418-743efb8f95e8,,,,10.0000,5000000.00,0,,2026-08-01T16:22:59.326Z,,,,false
654bef3e-a0ec-49c3-9ba9-ff7d5fa43275,10c85427-bce3-4855-b34a-bbabb7e28a3b,c383dd94-afcf-4959-9418-743efb8f95e8,,,,10.0000,5000000.00,0,,2026-08-01T16:22:59.870Z,,,,false
cc4e4078-ae3c-4a6f-b578-485ffa26c453,b892cd67-bca7-4fe8-9e9d-7848f5d336d8,c383dd94-afcf-4959-9418-743efb8f95e8,,,,10.0000,5000000.00,0,,2026-08-01T16:23:00.307Z,,,,false
5b047e76-65cb-415e-8e34-c49db9f9eabb,a0b6f1ff-f59b-4355-b414-1c145cadb11c,c383dd94-afcf-4959-9418-743efb8f95e8,,,,10.0000,5000000.00,0,,2026-08-01T16:23:01.715Z,,,,false
5dfe2ef2-54dc-47bd-8c37-6ec2870b4be6,fcba4d22-2bc6-4455-a2f0-92b3a688c041,c383dd94-afcf-4959-9418-743efb8f95e8,,,,10.0000,5000000.00,0,,2026-08-01T16:23:02.480Z,,,,false
92e7b9f4-8c4e-4ad1-aef7-ba8b07fd2c50,fcba4d22-2bc6-4455-a2f0-92b3a688c041,c383dd94-afcf-4959-9418-743efb8f95e8,,,,5.0000,1000.00,0,,2026-08-01T16:23:03.237Z,,,,false
44280688-7ffc-4a42-a93c-1f1094e33ee0,a2cf8c5d-fe50-4185-984a-4f7959dfd33b,c383dd94-afcf-4959-9418-743efb8f95e8,,,,1.0000,1000000.00,0,,2026-07-31T17:50:40.798Z,,,,false
45ca5765-2d3b-43d8-9d2c-5a69be137435,a2cf8c5d-fe50-4185-984a-4f7959dfd33b,c383dd94-afcf-4959-9418-743efb8f95e8,,,,1.0000,2500000.00,0,,2026-07-31T17:50:40.825Z,,,,false
eca53a41-1c3d-4159-9a4f-7e09848e0dc7,a2cf8c5d-fe50-4185-984a-4f7959dfd33b,c383dd94-afcf-4959-9418-743efb8f95e8,,,,1.0000,500000.00,0,,2026-07-31T17:50:40.847Z,,,,false
d0185e7d-c949-4e60-baed-045a4386a541,f3b8c022-6b02-496e-88b8-ca0fb3e74e5f,c383dd94-afcf-4959-9418-743efb8f95e8,,,,7.0000,9999999.00,0,,2026-07-31T17:50:41.497Z,,,,false
8587b15f-148c-45d9-982a-5b51cb7eea6e,465c933d-07f9-40da-8881-aebc0203d0c8,c383dd94-afcf-4959-9418-743efb8f95e8,,,,10.0000,5000000.00,0,,2026-07-31T17:50:41.901Z,,,,false
2d360cb4-6176-4216-8830-0bef9fa05ac8,e35fda6a-c6d6-49ca-89f2-c33f8f7db922,c383dd94-afcf-4959-9418-743efb8f95e8,,,,10.0000,5000000.00,0,,2026-07-31T17:50:42.564Z,,,,false
5ffb4eb1-7f0a-4447-8c9d-8bb7267f5cf8,3305c723-f8c5-42b4-aaf6-803a74b9f1ad,c383dd94-afcf-4959-9418-743efb8f95e8,,,,10.0000,5000000.00,0,,2026-07-31T17:50:43.496Z,,,,false
da739c05-4909-452f-89ef-1bcf7fae0aea,b59cfe16-8c65-4c00-b203-d4d6383d5b7b,c383dd94-afcf-4959-9418-743efb8f95e8,,,,10.0000,5000000.00,0,,2026-07-31T17:50:44.032Z,,,,false
a5fdefc1-8d6c-41a7-8816-fc6219af9019,96787514-b413-415e-b426-74e43a393996,c383dd94-afcf-4959-9418-743efb8f95e8,,,,10.0000,5000000.00,0,,2026-07-31T17:50:44.418Z,,,,false
8e7a73aa-3d00-426d-a8dd-6cff0cd56400,17205846-a6a1-4ff6-9d9c-1357342fa53f,c383dd94-afcf-4959-9418-743efb8f95e8,,,,10.0000,5000000.00,0,,2026-07-31T17:50:45.684Z,,,,false
6ff8be68-9f7a-4d68-90f2-eef83b6cca14,22a4927e-3a9f-4110-a6ec-5ad1eb4c912b,c383dd94-afcf-4959-9418-743efb8f95e8,,,,10.0000,5000000.00,0,,2026-07-31T17:50:46.403Z,,,,false
54363a48-fade-424c-829e-cf6af282cfb2,22a4927e-3a9f-4110-a6ec-5ad1eb4c912b,c383dd94-afcf-4959-9418-743efb8f95e8,,,,5.0000,1000.00,0,,2026-07-31T17:50:47.095Z,,,,false
46f9788d-900b-4eb7-8aed-b9a418f7c1dc,d241e748-2091-4348-86f7-e54f644eaa15,c383dd94-afcf-4959-9418-743efb8f95e8,,,,1.0000,1000000.00,0,,2026-08-01T05:47:36.816Z,,,,false
f53d6a33-1e61-42d2-97cd-fbfdde67ddba,d241e748-2091-4348-86f7-e54f644eaa15,c383dd94-afcf-4959-9418-743efb8f95e8,,,,1.0000,2500000.00,0,,2026-08-01T05:47:36.847Z,,,,false
0747452c-11df-4f0c-88c3-ad8740538905,d241e748-2091-4348-86f7-e54f644eaa15,c383dd94-afcf-4959-9418-743efb8f95e8,,,,1.0000,500000.00,0,,2026-08-01T05:47:36.872Z,,,,false
e3c0c853-68ab-4433-b914-ccdb30484b7a,bf8ed660-8c19-4c90-9fd8-5bb2bf3af9ce,c383dd94-afcf-4959-9418-743efb8f95e8,,,,7.0000,9999999.00,0,,2026-08-01T05:47:37.546Z,,,,false
fb5a8bd3-ac58-486a-9878-adb4b94865cc,820d1be0-730f-470a-90bb-68ed970044c6,c383dd94-afcf-4959-9418-743efb8f95e8,,,,10.0000,5000000.00,0,,2026-08-01T05:47:37.913Z,,,,false
469e6796-7738-4835-9cc2-4080ce75d5b4,bac8bfa6-e2ff-46a9-8c9a-aeaa6b72fabd,c383dd94-afcf-4959-9418-743efb8f95e8,,,,10.0000,5000000.00,0,,2026-08-01T05:47:38.558Z,,,,false
2070b826-07d2-4c30-8c95-66687e88b644,02017b7a-c27d-4c17-8469-757598e87ec5,c383dd94-afcf-4959-9418-743efb8f95e8,,,,10.0000,5000000.00,0,,2026-08-01T05:47:39.621Z,,,,false
34f98397-3880-41bc-9828-ec41c094e5d5,82a17dc1-58fb-4fcd-be78-122ec7eba663,c383dd94-afcf-4959-9418-743efb8f95e8,,,,10.0000,5000000.00,0,,2026-08-01T05:47:40.149Z,,,,false
977ba127-8146-4058-b481-cc52ae14027f,93e44ee0-ea7f-4829-8600-009a44c4ccbe,c383dd94-afcf-4959-9418-743efb8f95e8,,,,10.0000,5000000.00,0,,2026-08-01T05:47:40.506Z,,,,false
2dc696aa-4bcd-4066-a107-dd65cdb87a5d,fd2a868e-9d20-40e3-8ccf-047aeefd275d,c383dd94-afcf-4959-9418-743efb8f95e8,,,,10.0000,5000000.00,0,,2026-08-01T05:47:42.010Z,,,,false
97b02cb0-ce92-4ea7-b97c-ac52f1fb95b2,fabdba64-fb08-45cf-9da1-52103fb8e563,c383dd94-afcf-4959-9418-743efb8f95e8,,,,10.0000,5000000.00,0,,2026-08-01T05:47:42.797Z,,,,false
82069638-c54d-4d9d-9a3b-63bd444c3865,fabdba64-fb08-45cf-9da1-52103fb8e563,c383dd94-afcf-4959-9418-743efb8f95e8,,,,5.0000,1000.00,0,,2026-08-01T05:47:43.518Z,,,,false
540a6266-5599-4e7c-8c6e-317a9303d240,fd96cfaf-a88c-407d-b674-b51b715dc5d5,c383dd94-afcf-4959-9418-743efb8f95e8,,,,1.0000,1000000.00,0,,2026-08-01T07:32:25.854Z,,,,false
5eda2d54-b6eb-47ca-bf75-55859392e641,fd96cfaf-a88c-407d-b674-b51b715dc5d5,c383dd94-afcf-4959-9418-743efb8f95e8,,,,1.0000,2500000.00,0,,2026-08-01T07:32:25.880Z,,,,false
904971c3-3c17-4256-91e4-27e02d7ad146,fd96cfaf-a88c-407d-b674-b51b715dc5d5,c383dd94-afcf-4959-9418-743efb8f95e8,,,,1.0000,500000.00,0,,2026-08-01T07:32:25.902Z,,,,false
a26597e9-9186-4519-aeb9-1a43cf6fb05c,b7fea327-a586-4db4-88dc-ffb35a14d5d3,c383dd94-afcf-4959-9418-743efb8f95e8,,,,7.0000,9999999.00,0,,2026-08-01T07:32:26.760Z,,,,false
c00e8f41-8e8f-4386-8199-69ea3510dcfa,859d2bb9-e031-4889-9853-b9aa327ab618,c383dd94-afcf-4959-9418-743efb8f95e8,,,,10.0000,5000000.00,0,,2026-08-01T07:32:27.188Z,,,,false
41eae199-6292-4c08-b28e-d2bfdd064f84,d12617ab-bbb0-4d8f-abbc-8f15dea88e9f,c383dd94-afcf-4959-9418-743efb8f95e8,,,,10.0000,5000000.00,0,,2026-08-01T07:32:28.019Z,,,,false
ee3ee938-8958-45a1-a12d-7920486112ab,3f425013-f885-4d49-a55b-cfb3e699e204,c383dd94-afcf-4959-9418-743efb8f95e8,,,,10.0000,5000000.00,0,,2026-08-01T07:32:29.123Z,,,,false
94d87fd4-922f-43ff-add7-af1042bfb727,0a6e036f-dbbe-40f7-aeb1-72db840c714e,c383dd94-afcf-4959-9418-743efb8f95e8,,,,10.0000,5000000.00,0,,2026-08-01T07:32:29.691Z,,,,false
d2571bbf-265f-4a5f-a3fb-fd93c5f8eac7,9de902ae-51ce-4f74-844b-852bb53f3744,c383dd94-afcf-4959-9418-743efb8f95e8,,,,10.0000,5000000.00,0,,2026-08-01T07:32:30.140Z,,,,false
9b26aaa8-d96c-48a3-837d-ca5ac3999d3d,93e5e6a5-263b-4721-8e1c-dad38bafc04e,c383dd94-afcf-4959-9418-743efb8f95e8,,,,10.0000,5000000.00,0,,2026-08-01T07:32:31.491Z,,,,false
e9cc64f0-43fe-4299-89c2-f758a2230614,ff5a7b34-532c-4e91-a126-f3e309e5db66,c383dd94-afcf-4959-9418-743efb8f95e8,,,,10.0000,5000000.00,0,,2026-08-01T07:32:32.228Z,,,,false
6024b1fc-d1ee-44d2-a9f7-6fdb749213fd,ff5a7b34-532c-4e91-a126-f3e309e5db66,c383dd94-afcf-4959-9418-743efb8f95e8,,,,5.0000,1000.00,0,,2026-08-01T07:32:33.017Z,,,,false
9b7e9b1c-7bdb-4442-88bb-4de037e6f6ac,13497123-019f-4484-a9de-3e6f267f9440,c383dd94-afcf-4959-9418-743efb8f95e8,,,,1.0000,1000000.00,0,,2026-08-01T16:09:25.326Z,,,,false
1d03f42a-700a-4a8c-bc75-a4043a1c5fdd,13497123-019f-4484-a9de-3e6f267f9440,c383dd94-afcf-4959-9418-743efb8f95e8,,,,1.0000,2500000.00,0,,2026-08-01T16:09:25.354Z,,,,false
2f9c4607-8979-4e2c-a344-76d04f96f5b7,13497123-019f-4484-a9de-3e6f267f9440,c383dd94-afcf-4959-9418-743efb8f95e8,,,,1.0000,500000.00,0,,2026-08-01T16:09:25.378Z,,,,false
3b75b1df-45ae-40b9-8b2b-bcafa9eadfeb,ca7be316-bc56-4fa9-9ef5-555623df4f55,c383dd94-afcf-4959-9418-743efb8f95e8,,,,7.0000,9999999.00,0,,2026-08-01T16:09:26.145Z,,,,false
3e646801-f7d1-4f69-88ab-e27093563aa3,b6b2a827-5d32-491e-bbb4-1958cd76eb48,c383dd94-afcf-4959-9418-743efb8f95e8,,,,10.0000,5000000.00,0,,2026-08-01T16:09:26.562Z,,,,false
e18acc8e-d6db-4d7b-b785-59bd6092c945,37e39487-6daa-43cd-98ab-bae6c92a55d8,c383dd94-afcf-4959-9418-743efb8f95e8,,,,10.0000,5000000.00,0,,2026-08-01T16:09:27.345Z,,,,false
96f534c5-b440-4d07-b4a9-a604dbea6e31,c6e2371b-b5a4-40d2-a8f8-599fff700702,c383dd94-afcf-4959-9418-743efb8f95e8,,,,10.0000,5000000.00,0,,2026-08-01T16:09:28.431Z,,,,false
bfd9c3e0-8b9a-4f44-865f-ab0ec8886f3b,517db79f-51d3-4368-8000-a170588d92d7,c383dd94-afcf-4959-9418-743efb8f95e8,,,,10.0000,5000000.00,0,,2026-08-01T16:09:28.991Z,,,,false
9a4dc61f-1d55-4dc9-9781-976ba4405497,7869686e-e8f7-48ec-9f95-ba4f0e1ed6d9,c383dd94-afcf-4959-9418-743efb8f95e8,,,,10.0000,5000000.00,0,,2026-08-01T16:09:29.503Z,,,,false
7ff2075a-8048-42d4-8190-c44144ae3bdd,b31f201e-4bf0-4081-a56b-b967f47153f8,c383dd94-afcf-4959-9418-743efb8f95e8,,,,10.0000,5000000.00,0,,2026-08-01T16:09:30.960Z,,,,false
01413ba1-364e-46ed-90b8-dc198e74449d,7c393479-573b-45bd-b892-273c7d16599d,c383dd94-afcf-4959-9418-743efb8f95e8,,,,10.0000,5000000.00,0,,2026-08-01T16:09:31.807Z,,,,false
d2a15138-fe62-4083-a6aa-f60f8ddbdfc1,7c393479-573b-45bd-b892-273c7d16599d,c383dd94-afcf-4959-9418-743efb8f95e8,,,,5.0000,1000.00,0,,2026-08-01T16:09:32.534Z,,,,false
1f17f8d5-8eb0-4d5e-919d-f5615eda8d94,b37f4f82-5dca-4a68-8d7d-b72614f7c44d,c383dd94-afcf-4959-9418-743efb8f95e8,,,,1.0000,1000000.00,0,,2026-08-01T09:59:43.298Z,,,,false
67e5b943-053d-4314-b265-901aaf402376,b37f4f82-5dca-4a68-8d7d-b72614f7c44d,c383dd94-afcf-4959-9418-743efb8f95e8,,,,1.0000,2500000.00,0,,2026-08-01T09:59:43.327Z,,,,false
cce73661-356d-4f39-a1b2-9e101bf226c8,b37f4f82-5dca-4a68-8d7d-b72614f7c44d,c383dd94-afcf-4959-9418-743efb8f95e8,,,,1.0000,500000.00,0,,2026-08-01T09:59:43.350Z,,,,false
50bd7427-966a-443f-9336-3d5c3442c9b4,f141e3ef-02ae-44f3-a228-4caea2583b78,c383dd94-afcf-4959-9418-743efb8f95e8,,,,7.0000,9999999.00,0,,2026-08-01T09:59:44.086Z,,,,false
516edcb5-2367-4c67-b5e8-89a85904efca,826b7d97-0ef6-4ed3-95e4-b5560d37d9e0,c383dd94-afcf-4959-9418-743efb8f95e8,,,,10.0000,5000000.00,0,,2026-08-01T09:59:44.460Z,,,,false
2ed38aa0-5390-4ce1-936c-acfea357f319,aef93b8a-8e1c-49a4-b936-dc70615efa09,c383dd94-afcf-4959-9418-743efb8f95e8,,,,10.0000,5000000.00,0,,2026-08-01T09:59:45.196Z,,,,false
1c11487c-fc58-4c0d-b363-6b78132b952e,4a94a91b-d9f1-4e60-92fd-1147ddb361fd,c383dd94-afcf-4959-9418-743efb8f95e8,,,,10.0000,5000000.00,0,,2026-08-01T09:59:46.238Z,,,,false
e9fe8602-e6ba-4290-a0db-f7df43de3765,8264355e-a3da-4169-8d4c-caeac35069f8,c383dd94-afcf-4959-9418-743efb8f95e8,,,,10.0000,5000000.00,0,,2026-08-01T09:59:46.839Z,,,,false
21e3e121-59e0-48a3-9b17-c2969c7dd77c,26d82759-0d7f-4bcb-a598-404179cc1459,c383dd94-afcf-4959-9418-743efb8f95e8,,,,10.0000,5000000.00,0,,2026-08-01T09:59:47.221Z,,,,false
1a67e876-5491-4c7e-a749-ad7b392d6984,557b7f4f-f451-477e-a344-04f1027a1e6c,c383dd94-afcf-4959-9418-743efb8f95e8,,,,10.0000,5000000.00,0,,2026-08-01T09:59:48.673Z,,,,false
d5b8db9e-d20e-48d5-8d15-855577e1a23c,04878333-a9ac-4dd6-a3c6-c4f0b0159bb1,c383dd94-afcf-4959-9418-743efb8f95e8,,,,10.0000,5000000.00,0,,2026-08-01T09:59:49.456Z,,,,false
a790b991-f70a-42d8-b499-aadd7a094e23,04878333-a9ac-4dd6-a3c6-c4f0b0159bb1,c383dd94-afcf-4959-9418-743efb8f95e8,,,,5.0000,1000.00,0,,2026-08-01T09:59:50.248Z,,,,false
471a1201-f2d2-452d-aa3b-ec3b32e662a9,c5837a32-ca70-4c18-b0a9-186bc6eb1fcd,c383dd94-afcf-4959-9418-743efb8f95e8,,,,1.0000,1000000.00,0,,2026-08-01T12:41:32.135Z,,,,false
64ff6cdc-7b75-44e6-b795-ec24df224d46,c5837a32-ca70-4c18-b0a9-186bc6eb1fcd,c383dd94-afcf-4959-9418-743efb8f95e8,,,,1.0000,2500000.00,0,,2026-08-01T12:41:32.160Z,,,,false
81caad26-269d-43b0-890f-92f0ef7e18b4,c5837a32-ca70-4c18-b0a9-186bc6eb1fcd,c383dd94-afcf-4959-9418-743efb8f95e8,,,,1.0000,500000.00,0,,2026-08-01T12:41:32.182Z,,,,false
73dddec6-9be6-41f7-9d17-517fbba1d6aa,55772356-0783-4151-985f-3a8305e7155e,c383dd94-afcf-4959-9418-743efb8f95e8,,,,7.0000,9999999.00,0,,2026-08-01T12:41:32.931Z,,,,false
e384fb38-71b9-49c0-b6bb-9c331793cfa4,cc32237d-6068-4877-8e2d-91eccd46a6ae,c383dd94-afcf-4959-9418-743efb8f95e8,,,,10.0000,5000000.00,0,,2026-08-01T12:41:33.357Z,,,,false
a8333b4d-0a0f-4482-a31d-91a0882c57d4,12511614-eb33-4e94-9e1d-2319b0bd9fa7,c383dd94-afcf-4959-9418-743efb8f95e8,,,,10.0000,5000000.00,0,,2026-08-01T12:41:34.081Z,,,,false
821b2447-654e-48c6-b7da-e0ea0c942f8f,ff217bee-5da5-473f-aefe-cb9dab8627ea,c383dd94-afcf-4959-9418-743efb8f95e8,,,,10.0000,5000000.00,0,,2026-08-01T12:41:35.147Z,,,,false
9fcf47ce-3053-44fd-815f-4e7d3922c8e5,299e0f8c-027c-4691-815b-261a305ee545,c383dd94-afcf-4959-9418-743efb8f95e8,,,,10.0000,5000000.00,0,,2026-08-01T12:41:35.754Z,,,,false
fa55d9ca-2522-4e13-bba4-fb4bb23e9583,94abf066-0568-422c-ae9e-0cc022f61da9,c383dd94-afcf-4959-9418-743efb8f95e8,,,,10.0000,5000000.00,0,,2026-08-01T12:41:36.159Z,,,,false
15e26346-5283-4577-9951-3a4e87b392ab,6034d0fc-115c-42fc-a10a-6fecf234046b,c383dd94-afcf-4959-9418-743efb8f95e8,,,,10.0000,5000000.00,0,,2026-08-01T12:41:37.434Z,,,,false
d0e6fd86-1cdd-4f2e-a846-aff35b62c571,018f29d9-fbcd-4676-8181-b8a682fca2f1,c383dd94-afcf-4959-9418-743efb8f95e8,,,,10.0000,5000000.00,0,,2026-08-01T12:41:38.184Z,,,,false
28fe3ee3-ab5e-4584-9f8a-a6732ab8ad5e,018f29d9-fbcd-4676-8181-b8a682fca2f1,c383dd94-afcf-4959-9418-743efb8f95e8,,,,5.0000,1000.00,0,,2026-08-01T12:41:38.912Z,,,,false
b93c3740-c566-4875-8172-b02aaf52a3f5,244ada06-2fe0-4dd5-9f00-ef8060529376,c383dd94-afcf-4959-9418-743efb8f95e8,,,,1.0000,1000000.00,0,,2026-08-01T13:15:57.666Z,,,,false
b4559198-ae8e-462f-961e-47b6e71f17be,244ada06-2fe0-4dd5-9f00-ef8060529376,c383dd94-afcf-4959-9418-743efb8f95e8,,,,1.0000,2500000.00,0,,2026-08-01T13:15:57.692Z,,,,false
3af8e3ec-4132-4839-a54c-c938b92507e6,244ada06-2fe0-4dd5-9f00-ef8060529376,c383dd94-afcf-4959-9418-743efb8f95e8,,,,1.0000,500000.00,0,,2026-08-01T13:15:57.715Z,,,,false
c82a6c53-b910-40c8-b9d3-cc9b6f67c60a,b616384f-aea2-48c4-b2f6-6b9009802e2b,c383dd94-afcf-4959-9418-743efb8f95e8,,,,7.0000,9999999.00,0,,2026-08-01T13:15:58.546Z,,,,false
7ae9d1b3-0bb8-4f44-9324-230fa959268e,7a9a1539-9617-44eb-8f56-4f45926784b3,c383dd94-afcf-4959-9418-743efb8f95e8,,,,10.0000,5000000.00,0,,2026-08-01T13:15:58.980Z,,,,false
e2d77cf5-7477-42da-8431-2d08182de581,222aeed9-4727-4118-9fca-a00bcaf6e444,c383dd94-afcf-4959-9418-743efb8f95e8,,,,10.0000,5000000.00,0,,2026-08-01T13:15:59.758Z,,,,false
8cbf038f-2acc-4a2b-9639-46d7ef9d1aaa,0a845bef-e3bb-4322-b4e2-80b5a32185a6,c383dd94-afcf-4959-9418-743efb8f95e8,,,,10.0000,5000000.00,0,,2026-08-01T13:16:00.951Z,,,,false
277c248e-f5ed-4938-aec7-7db5333617b7,7b69c33a-9a56-4f7b-9f45-0b67e6413253,c383dd94-afcf-4959-9418-743efb8f95e8,,,,10.0000,5000000.00,0,,2026-08-01T13:16:01.517Z,,,,false
b6f57e16-3080-4af7-ace5-d3fe27387268,d29c3087-22a5-4a46-8485-0ebcfee807e2,c383dd94-afcf-4959-9418-743efb8f95e8,,,,10.0000,5000000.00,0,,2026-08-01T13:16:01.969Z,,,,false
7e6fc067-08c9-4a4c-8a35-565272c7552b,09c58068-16e1-4dd8-aa31-015e48ae6e4e,c383dd94-afcf-4959-9418-743efb8f95e8,,,,10.0000,5000000.00,0,,2026-08-01T13:16:03.429Z,,,,false
43f4f784-f2ac-4ec6-ae85-ec090eb911bf,c56d7da2-b73c-427d-af3e-d8ed8c2a31bb,c383dd94-afcf-4959-9418-743efb8f95e8,,,,10.0000,5000000.00,0,,2026-08-01T13:16:04.290Z,,,,false
31c00407-e057-456a-a30e-232870b75922,c56d7da2-b73c-427d-af3e-d8ed8c2a31bb,c383dd94-afcf-4959-9418-743efb8f95e8,,,,5.0000,1000.00,0,,2026-08-01T13:16:05.108Z,,,,false
2a27e872-3d5f-44f8-bc65-2c495433d996,cb1a091d-e1c3-4b3f-931a-5f1c32061fd6,c383dd94-afcf-4959-9418-743efb8f95e8,,,,1.0000,1000000.00,0,,2026-07-29T12:44:00.055Z,,,,false
5a16fcf7-4078-4612-8d11-162a1f52f407,cb1a091d-e1c3-4b3f-931a-5f1c32061fd6,c383dd94-afcf-4959-9418-743efb8f95e8,,,,1.0000,2500000.00,0,,2026-07-29T12:44:00.095Z,,,,false
8308c0b7-3009-49a3-8eb0-b8f62f5fd1dc,cb1a091d-e1c3-4b3f-931a-5f1c32061fd6,c383dd94-afcf-4959-9418-743efb8f95e8,,,,1.0000,500000.00,0,,2026-07-29T12:44:00.118Z,,,,false
43c22484-c2a5-4749-a5c7-f41d61631670,d974e73a-1e84-4c4d-a9d8-b48029153c5b,c383dd94-afcf-4959-9418-743efb8f95e8,,,,7.0000,9999999.00,0,,2026-07-29T12:44:01.155Z,,,,false
bc372146-1073-4860-b111-9f2116081b43,f484bfab-ed93-4992-8c51-014b46a84281,c383dd94-afcf-4959-9418-743efb8f95e8,,,,10.0000,5000000.00,0,,2026-07-29T12:44:01.715Z,,,,false
0dd7a4a7-f107-42dd-8c63-f8b7fd2b0032,62e17139-d4bc-4c8d-a932-eb3506a4a391,c383dd94-afcf-4959-9418-743efb8f95e8,,,,10.0000,5000000.00,0,,2026-07-29T12:44:02.905Z,,,,false
f345b38a-52c2-40ce-b774-fdba15d3e09e,493c6d75-4582-47b6-853b-8128d70a8251,c383dd94-afcf-4959-9418-743efb8f95e8,,,,10.0000,5000000.00,0,,2026-07-29T12:44:04.087Z,,,,false
2a19493d-a5cd-4356-b6c8-5c18c4596b33,839bc5c0-8b64-45c7-b585-e2ae358dda09,c383dd94-afcf-4959-9418-743efb8f95e8,,,,10.0000,5000000.00,0,,2026-07-29T12:44:04.776Z,,,,false
4f92ca44-6136-4406-ab24-03fd616c810c,e44cd8c6-e8ac-4c53-ac81-afc677c6b0de,c383dd94-afcf-4959-9418-743efb8f95e8,,,,10.0000,5000000.00,0,,2026-07-29T12:44:05.169Z,,,,false
8ad9ddfd-6272-45d0-8624-516bba02d4ac,e4024895-a05e-48fd-8579-7ae71a083e4b,c383dd94-afcf-4959-9418-743efb8f95e8,,,,10.0000,5000000.00,0,,2026-07-29T12:44:07.511Z,,,,false
77b2d77b-7f4b-40c4-8dad-f6f438ea3516,ba054866-1965-4e54-9cb7-c89f265679bf,c383dd94-afcf-4959-9418-743efb8f95e8,,,,10.0000,5000000.00,0,,2026-07-29T12:44:08.490Z,,,,false
dc1f16e4-7544-4974-8290-3f14a6bd380d,ba054866-1965-4e54-9cb7-c89f265679bf,c383dd94-afcf-4959-9418-743efb8f95e8,,,,5.0000,1000.00,0,,2026-07-29T12:44:09.482Z,,,,false
edcdab14-55ec-4c43-939d-d3ab58019904,734bd7bf-b090-46ea-ad1a-9415f6d979bd,c383dd94-afcf-4959-9418-743efb8f95e8,,,,1.0000,1000000.00,0,,2026-08-01T12:29:36.127Z,,,,false
ba854468-ce94-4e6c-94ae-e1e11a4ba7d1,734bd7bf-b090-46ea-ad1a-9415f6d979bd,c383dd94-afcf-4959-9418-743efb8f95e8,,,,1.0000,2500000.00,0,,2026-08-01T12:29:36.154Z,,,,false
acb826cb-d119-49b4-b194-2e4191fe613a,734bd7bf-b090-46ea-ad1a-9415f6d979bd,c383dd94-afcf-4959-9418-743efb8f95e8,,,,1.0000,500000.00,0,,2026-08-01T12:29:36.179Z,,,,false
ff45aa0f-31cd-4ff5-89c4-576d886990fb,605428b4-85c1-4e25-860f-55067f2d1d39,c383dd94-afcf-4959-9418-743efb8f95e8,,,,1.0000,1000000.00,0,,2026-07-29T13:17:31.394Z,,,,false
eda92ea6-fc8a-4bac-be7b-b1dc8b2ca01b,605428b4-85c1-4e25-860f-55067f2d1d39,c383dd94-afcf-4959-9418-743efb8f95e8,,,,1.0000,2500000.00,0,,2026-07-29T13:17:31.439Z,,,,false
589e576a-9ee2-4fce-8819-c6a2edb5c51f,605428b4-85c1-4e25-860f-55067f2d1d39,c383dd94-afcf-4959-9418-743efb8f95e8,,,,1.0000,500000.00,0,,2026-07-29T13:17:31.465Z,,,,false
ee3fa57e-bb86-444c-ba9e-6b4c7f8e366b,c35bbe8d-50a9-4326-b94b-48b44c504a18,c383dd94-afcf-4959-9418-743efb8f95e8,,,,7.0000,9999999.00,0,,2026-07-29T13:17:33.326Z,,,,false
7e5b73dd-2bcd-4478-b653-4cd774938d34,764d0967-a340-4129-8041-b5afb47094df,c383dd94-afcf-4959-9418-743efb8f95e8,,,,10.0000,5000000.00,0,,2026-07-29T13:17:33.897Z,,,,false
0aeb4e3c-203a-4484-9597-c2a8684d594f,b593b24f-49c9-4912-b212-53fb4d07b27e,c383dd94-afcf-4959-9418-743efb8f95e8,,,,10.0000,5000000.00,0,,2026-07-29T13:17:34.946Z,,,,false
cf264973-345f-44e2-86ba-80f6ce93d436,d03e2d75-d06c-4e7a-aa22-20405f537628,c383dd94-afcf-4959-9418-743efb8f95e8,,,,10.0000,5000000.00,0,,2026-07-29T13:17:36.398Z,,,,false
97d41000-3c57-4e21-8f61-9a263efbd877,1a575f08-31b4-4853-8d33-651f2394263c,c383dd94-afcf-4959-9418-743efb8f95e8,,,,10.0000,5000000.00,0,,2026-07-29T13:17:37.159Z,,,,false
61c9448c-14ec-4d40-a915-eebbb919b103,7b648927-cb26-47bd-bed8-620a8b72f643,c383dd94-afcf-4959-9418-743efb8f95e8,,,,10.0000,5000000.00,0,,2026-07-29T13:17:37.631Z,,,,false
b2b2705f-e9bc-4933-98fc-a61afdc9b67c,891f1b4e-53f8-4947-9ccf-e745b6af2b9a,c383dd94-afcf-4959-9418-743efb8f95e8,,,,10.0000,5000000.00,0,,2026-07-29T13:17:39.698Z,,,,false
9b2f6bcc-4d6c-47d9-875e-26a911e14da9,b7de397a-f825-4cb0-bf84-541eabab92a6,c383dd94-afcf-4959-9418-743efb8f95e8,,,,10.0000,5000000.00,0,,2026-07-29T13:17:40.870Z,,,,false
1b3fa5ae-dff4-4d43-9e41-15abd336b629,b7de397a-f825-4cb0-bf84-541eabab92a6,c383dd94-afcf-4959-9418-743efb8f95e8,,,,5.0000,1000.00,0,,2026-07-29T13:17:41.994Z,,,,false
9cef9721-0ed3-4504-9902-04095414cf91,b4d5bc40-5858-427a-b380-87d3777a5145,c383dd94-afcf-4959-9418-743efb8f95e8,,,,7.0000,9999999.00,0,,2026-08-01T12:29:36.986Z,,,,false
f7403515-43df-4683-9c7b-f0092d16b58c,f6577203-d5ce-4f51-8121-ed65218c96f4,c383dd94-afcf-4959-9418-743efb8f95e8,,,,10.0000,5000000.00,0,,2026-08-01T12:29:37.440Z,,,,false
bb40d7e4-900f-444d-91a5-b41a0f0360ae,d7c62003-56bc-4f6a-9d06-2d69391ecbdc,c383dd94-afcf-4959-9418-743efb8f95e8,,,,10.0000,5000000.00,0,,2026-08-01T12:29:38.255Z,,,,false
4c9598b2-ac5e-4741-b2a1-f7b2bf1c8980,06fb075f-61c4-4e11-8b69-793709812898,c383dd94-afcf-4959-9418-743efb8f95e8,,,,10.0000,5000000.00,0,,2026-08-01T12:29:39.327Z,,,,false
d779c578-73cb-4521-aad8-37c212f0d422,1b241657-a02e-4a27-960e-9c86b4ff2514,c383dd94-afcf-4959-9418-743efb8f95e8,,,,10.0000,5000000.00,0,,2026-08-01T12:29:39.911Z,,,,false
9ade861b-b101-4a47-b382-a99754c8c6e4,b92fbe33-d2eb-43dc-a282-5a83e847393a,c383dd94-afcf-4959-9418-743efb8f95e8,,,,10.0000,5000000.00,0,,2026-08-01T12:29:40.331Z,,,,false
fe4c7a81-8b10-4a15-85ec-95e5fd6811ab,ce748023-5c2f-4d86-b780-643ffd9faae5,c383dd94-afcf-4959-9418-743efb8f95e8,,,,10.0000,5000000.00,0,,2026-08-01T12:29:41.648Z,,,,false
2efce159-ca2d-4cd8-a42f-b620961942d7,0c0f0552-0245-4fdf-8b1f-eeee7ea92937,c383dd94-afcf-4959-9418-743efb8f95e8,,,,10.0000,5000000.00,0,,2026-08-01T12:29:42.412Z,,,,false
bf5f04a1-2d79-45eb-8eb4-e3cfb319863a,0c0f0552-0245-4fdf-8b1f-eeee7ea92937,c383dd94-afcf-4959-9418-743efb8f95e8,,,,5.0000,1000.00,0,,2026-08-01T12:29:43.137Z,,,,false
8f524770-28f0-4f9b-9fcc-a57e2d2218f0,f061376f-af94-4ef8-9cf1-5b834298392a,c383dd94-afcf-4959-9418-743efb8f95e8,,,,1.0000,1000000.00,0,,2026-07-29T13:20:53.426Z,,,,false
31efd2ea-a6bd-4bb3-8274-b16d7e3ddc51,f061376f-af94-4ef8-9cf1-5b834298392a,c383dd94-afcf-4959-9418-743efb8f95e8,,,,1.0000,2500000.00,0,,2026-07-29T13:20:53.464Z,,,,false
89a15314-e21b-4bc5-bdd5-dd012b7b8d4c,f061376f-af94-4ef8-9cf1-5b834298392a,c383dd94-afcf-4959-9418-743efb8f95e8,,,,1.0000,500000.00,0,,2026-07-29T13:20:53.488Z,,,,false
e0a7b7a6-1189-4358-a313-4ca30918e272,19461426-e22b-4496-ada8-fa84193ce48a,c383dd94-afcf-4959-9418-743efb8f95e8,,,,7.0000,9999999.00,0,,2026-07-29T13:20:54.733Z,,,,false
ce7da0d9-1fd1-428a-83e8-ea59bc3595f6,54e0f2f5-d405-41f6-ae82-3a381ab0b8b3,c383dd94-afcf-4959-9418-743efb8f95e8,,,,10.0000,5000000.00,0,,2026-07-29T13:20:55.229Z,,,,false
1a036ccc-4a6c-4b81-951d-056b2ed0cabe,413725cd-1ddb-42de-97cb-18b99a38888e,c383dd94-afcf-4959-9418-743efb8f95e8,,,,10.0000,5000000.00,0,,2026-07-29T13:20:56.158Z,,,,false
b5e87f9f-45ca-48d4-866c-63313dd5a5e7,190cf0dd-0b69-4a55-8fc4-0bbb3a2f6a99,c383dd94-afcf-4959-9418-743efb8f95e8,,,,10.0000,5000000.00,0,,2026-07-29T13:20:57.693Z,,,,false
cda76638-76f7-484e-b835-60954950fead,70ed1fab-36a6-4a0d-8cf9-98f796d99c78,c383dd94-afcf-4959-9418-743efb8f95e8,,,,10.0000,5000000.00,0,,2026-07-29T13:20:58.473Z,,,,false
0df061e1-f78d-468b-8736-3d61b890c14c,d23aeae3-bb7f-4338-8ad7-2aae3a71272b,c383dd94-afcf-4959-9418-743efb8f95e8,,,,10.0000,5000000.00,0,,2026-07-29T13:20:58.946Z,,,,false
5891daae-f624-4126-ac0b-739448950c65,faf5a208-f22e-4661-8fc1-30bcb07ebf28,c383dd94-afcf-4959-9418-743efb8f95e8,,,,10.0000,5000000.00,0,,2026-07-29T13:21:00.794Z,,,,false
659875be-402e-407c-b165-c81c39c1e221,88d75526-77a1-4a13-8527-db6623c7a81b,c383dd94-afcf-4959-9418-743efb8f95e8,,,,10.0000,5000000.00,0,,2026-07-29T13:21:01.935Z,,,,false
fd3cb2e8-69de-41eb-85cc-248c98fb9cd2,88d75526-77a1-4a13-8527-db6623c7a81b,c383dd94-afcf-4959-9418-743efb8f95e8,,,,5.0000,1000.00,0,,2026-07-29T13:21:02.846Z,,,,false
75da1ba6-d427-4d17-8b34-ffb742d720ea,32ba2335-ca1c-4bff-bddd-8ec9559bc483,c383dd94-afcf-4959-9418-743efb8f95e8,,,,1.0000,1000000.00,0,,2026-07-29T13:24:18.560Z,,,,false
8e0cb246-6df8-445b-92af-3a233bf9d998,32ba2335-ca1c-4bff-bddd-8ec9559bc483,c383dd94-afcf-4959-9418-743efb8f95e8,,,,1.0000,2500000.00,0,,2026-07-29T13:24:18.595Z,,,,false
03b85510-1fff-4e34-84f4-616e55845ecb,32ba2335-ca1c-4bff-bddd-8ec9559bc483,c383dd94-afcf-4959-9418-743efb8f95e8,,,,1.0000,500000.00,0,,2026-07-29T13:24:18.617Z,,,,false
85d5ba4a-fd5c-418e-96ca-c52ea2cdd229,2813a1b0-0435-4824-a353-602b0bd2957d,c383dd94-afcf-4959-9418-743efb8f95e8,,,,7.0000,9999999.00,0,,2026-07-29T13:24:19.639Z,,,,false
cfa3af38-47a1-4465-ad59-c6609dbdcef7,a7e23d82-90a8-426c-8662-641f85cdd990,c383dd94-afcf-4959-9418-743efb8f95e8,,,,10.0000,5000000.00,0,,2026-07-29T13:24:20.212Z,,,,false
474ada7b-498b-4a40-a9e5-3bf18ebffedb,6b6d6ec6-e4da-4456-bf2e-b4695da4a559,c383dd94-afcf-4959-9418-743efb8f95e8,,,,10.0000,5000000.00,0,,2026-07-29T13:24:21.271Z,,,,false
25e9d200-6431-4972-b8bb-e6fa0b9592aa,09d3102c-443b-42ab-a525-2af52224de6b,c383dd94-afcf-4959-9418-743efb8f95e8,,,,10.0000,5000000.00,0,,2026-07-29T13:24:22.475Z,,,,false
3e40c12b-8fbe-4a71-ac3a-2fabae47f561,043e6d7b-076a-4062-a5df-0f3c2f917247,c383dd94-afcf-4959-9418-743efb8f95e8,,,,10.0000,5000000.00,0,,2026-07-29T13:24:23.223Z,,,,false
b4dd36da-c645-46b1-b84e-eedca7fc7265,6b9be766-dcab-450c-aa51-2fb2d474a520,c383dd94-afcf-4959-9418-743efb8f95e8,,,,10.0000,5000000.00,0,,2026-07-29T13:24:23.654Z,,,,false
bb2b73d9-531b-44e5-a8fb-8bac6501edbc,c7871dc0-764a-4f4f-9f15-5e665b1dd937,c383dd94-afcf-4959-9418-743efb8f95e8,,,,10.0000,5000000.00,0,,2026-07-29T13:24:25.430Z,,,,false
24250990-1274-498c-a6fe-f58af7dc85a1,8c8081ee-c6cd-454d-b85d-c87ca492bd04,c383dd94-afcf-4959-9418-743efb8f95e8,,,,10.0000,5000000.00,0,,2026-07-29T13:24:26.691Z,,,,false
f4fc2d6d-6a6a-4397-a041-5d095b847ad8,8c8081ee-c6cd-454d-b85d-c87ca492bd04,c383dd94-afcf-4959-9418-743efb8f95e8,,,,5.0000,1000.00,0,,2026-07-29T13:24:27.580Z,,,,false
739aa624-4935-4d0e-8aab-c2fb90d44c7d,eaad75f8-ff4f-4f11-901d-24583e23eaf2,c383dd94-afcf-4959-9418-743efb8f95e8,,,,1.0000,1000000.00,0,,2026-07-29T13:27:20.564Z,,,,false
23cd2e61-27d1-4694-9c45-4f6dc8357935,eaad75f8-ff4f-4f11-901d-24583e23eaf2,c383dd94-afcf-4959-9418-743efb8f95e8,,,,1.0000,2500000.00,0,,2026-07-29T13:27:20.606Z,,,,false
8cfa23df-c3df-44b5-b401-727eb43c8290,eaad75f8-ff4f-4f11-901d-24583e23eaf2,c383dd94-afcf-4959-9418-743efb8f95e8,,,,1.0000,500000.00,0,,2026-07-29T13:27:20.632Z,,,,false
13fd6844-04dd-4fcb-8b9c-22fe69863627,cf9038db-6877-4f7e-9908-561c1b18f81c,c383dd94-afcf-4959-9418-743efb8f95e8,,,,7.0000,9999999.00,0,,2026-07-29T13:27:21.495Z,,,,false
a120b57a-62dd-4aff-8882-a4d80995e6ca,bc7c226d-25b4-4758-901b-adeb81a3b68b,c383dd94-afcf-4959-9418-743efb8f95e8,,,,10.0000,5000000.00,0,,2026-07-29T13:27:21.927Z,,,,false
9e726e6a-4da9-4d63-be00-46f1dd2be2c2,bc85e84f-81cc-473a-886b-8c975b70607a,c383dd94-afcf-4959-9418-743efb8f95e8,,,,10.0000,5000000.00,0,,2026-07-29T13:27:22.809Z,,,,false
176198fa-52ad-4418-a8f4-d70a8bdced4c,aeacc044-49a1-4e87-bc12-fc13a83a26ef,c383dd94-afcf-4959-9418-743efb8f95e8,,,,10.0000,5000000.00,0,,2026-07-29T13:27:24.197Z,,,,false
f79a5096-f9f0-4c05-8dda-6ad240c4acd9,bbad3642-236d-40f4-8ac9-a06a3596234d,c383dd94-afcf-4959-9418-743efb8f95e8,,,,10.0000,5000000.00,0,,2026-07-29T13:27:24.926Z,,,,false
b1a751b6-0af0-4628-9857-d36bb59251c8,8bf57e34-9981-4078-86d7-4185c934ef4f,c383dd94-afcf-4959-9418-743efb8f95e8,,,,10.0000,5000000.00,0,,2026-07-29T13:27:25.474Z,,,,false
d1801b1c-275d-452d-9eea-7d7e90762b67,b755aa45-b983-486e-9800-b757f4df4fce,c383dd94-afcf-4959-9418-743efb8f95e8,,,,10.0000,5000000.00,0,,2026-07-29T13:27:27.332Z,,,,false
6a75362f-ec0a-46d7-b85a-75079d51bb3d,24002762-f8c5-412b-b3db-352f9b9d63d0,c383dd94-afcf-4959-9418-743efb8f95e8,,,,10.0000,5000000.00,0,,2026-07-29T13:27:28.531Z,,,,false
6c7d71a1-9121-4581-a1ab-d3f458df441f,24002762-f8c5-412b-b3db-352f9b9d63d0,c383dd94-afcf-4959-9418-743efb8f95e8,,,,5.0000,1000.00,0,,2026-07-29T13:27:29.466Z,,,,false
860c93a7-751b-4fd9-9c01-5c176e52c0ce,fc71c06f-9a55-492b-bd9a-d61d0afc14f3,c383dd94-afcf-4959-9418-743efb8f95e8,,,,1.0000,1000000.00,0,,2026-08-01T08:35:30.334Z,,,,false
18701ead-5370-44fb-936b-0de24f173d46,fc71c06f-9a55-492b-bd9a-d61d0afc14f3,c383dd94-afcf-4959-9418-743efb8f95e8,,,,1.0000,2500000.00,0,,2026-08-01T08:35:30.362Z,,,,false
d0e51225-e0ad-4094-ac3c-f1bd03c8faaa,fc71c06f-9a55-492b-bd9a-d61d0afc14f3,c383dd94-afcf-4959-9418-743efb8f95e8,,,,1.0000,500000.00,0,,2026-08-01T08:35:30.387Z,,,,false
4e77da6e-5197-4bfc-a804-4cccd162e91f,e6abd78d-33cd-459c-b109-4cb36f71e7fc,c383dd94-afcf-4959-9418-743efb8f95e8,,,,7.0000,9999999.00,0,,2026-08-01T08:35:31.179Z,,,,false
9f6c1b03-e0b2-49c8-a53a-61323b5d2ae3,9c91a861-1279-41d3-8954-f3036c126f56,c383dd94-afcf-4959-9418-743efb8f95e8,,,,10.0000,5000000.00,0,,2026-08-01T08:35:31.603Z,,,,false
47f93784-ee28-4ac5-a931-084eb42eec04,e813d69c-4603-40d3-beb3-b7a7fcbd223e,c383dd94-afcf-4959-9418-743efb8f95e8,,,,1.0000,1000000.00,0,,2026-07-29T14:45:13.782Z,,,,false
fd397c45-a434-482a-a66a-a3f6bf3c4154,e813d69c-4603-40d3-beb3-b7a7fcbd223e,c383dd94-afcf-4959-9418-743efb8f95e8,,,,1.0000,2500000.00,0,,2026-07-29T14:45:13.829Z,,,,false
bb288c75-ea7e-47d6-ac8d-f2e0a51f9328,e813d69c-4603-40d3-beb3-b7a7fcbd223e,c383dd94-afcf-4959-9418-743efb8f95e8,,,,1.0000,500000.00,0,,2026-07-29T14:45:13.854Z,,,,false
b51c2ce4-3a51-4c30-9d97-51c6deb17f5c,9b77a856-d07f-4264-ba33-6501be4b8c99,c383dd94-afcf-4959-9418-743efb8f95e8,,,,7.0000,9999999.00,0,,2026-07-29T14:45:15.623Z,,,,false
f1ca4ec1-75f4-4fa5-985b-547cca6ac32e,6308429c-e7df-4a7c-99dd-1a273908859f,c383dd94-afcf-4959-9418-743efb8f95e8,,,,10.0000,5000000.00,0,,2026-07-29T14:45:16.149Z,,,,false
956b7ad2-2fcb-4ab2-a234-33955a24d500,c987f887-bef7-4599-a2a6-4182c8205a53,c383dd94-afcf-4959-9418-743efb8f95e8,,,,10.0000,5000000.00,0,,2026-07-29T14:45:17.145Z,,,,false
97b79af4-879a-49ca-8ec4-9077f03378f7,e7054b2b-e5fd-4fb5-a116-a6b406c6aab5,c383dd94-afcf-4959-9418-743efb8f95e8,,,,10.0000,5000000.00,0,,2026-07-29T14:45:18.597Z,,,,false
8ebd2c60-889d-42e8-9d38-d30fa45fc04f,29d551df-6455-400e-8e5f-08616affcec5,c383dd94-afcf-4959-9418-743efb8f95e8,,,,10.0000,5000000.00,0,,2026-07-29T14:45:19.403Z,,,,false
1c80ea33-a79f-4887-9f4b-6ca23119acb0,15dd5bbf-2fdf-4a2b-bbc0-7d2ed7970127,c383dd94-afcf-4959-9418-743efb8f95e8,,,,10.0000,5000000.00,0,,2026-07-29T14:45:19.883Z,,,,false
5ffa00a8-7c04-41a6-84fe-55b27d40b979,9fcd68e4-1fdd-45d3-aeb8-59c392242bdf,c383dd94-afcf-4959-9418-743efb8f95e8,,,,10.0000,5000000.00,0,,2026-07-29T14:45:21.613Z,,,,false
d85e6458-d231-4281-b21e-0a6e4da92eab,fe458613-12e4-426c-a85f-e6ab81915d74,c383dd94-afcf-4959-9418-743efb8f95e8,,,,10.0000,5000000.00,0,,2026-07-29T14:45:22.954Z,,,,false
98fd08f1-0e43-4b76-9b80-999244382750,fe458613-12e4-426c-a85f-e6ab81915d74,c383dd94-afcf-4959-9418-743efb8f95e8,,,,5.0000,1000.00,0,,2026-07-29T14:45:23.929Z,,,,false
4001fd42-70d9-42e3-9559-082ce18377f4,f7edf8ce-7ca2-444a-9156-8d03a45abcd7,c383dd94-afcf-4959-9418-743efb8f95e8,,,,10.0000,5000000.00,0,,2026-08-01T08:35:32.365Z,,,,false
ad698143-d661-4ed1-8cb3-e9c887e368c4,357fbcc2-7abb-4f36-9aba-ea9bfada8247,c383dd94-afcf-4959-9418-743efb8f95e8,,,,10.0000,5000000.00,0,,2026-08-01T08:35:33.457Z,,,,false
9e31c749-d591-4e1a-9b6f-83d9458529c6,ef7406df-f5cb-4eeb-9084-031778ef2958,c383dd94-afcf-4959-9418-743efb8f95e8,,,,10.0000,5000000.00,0,,2026-08-01T08:35:34.014Z,,,,false
d67ab70f-3823-4998-b4bb-bbebf1ae359b,a443502f-f676-49a2-8ca0-41da30d22466,c383dd94-afcf-4959-9418-743efb8f95e8,,,,10.0000,5000000.00,0,,2026-08-01T08:35:34.388Z,,,,false
9cb5d2b9-16e9-40dc-a585-ff6c3e9a42d7,71ee516d-20ae-46cf-84b1-acbdd0040ac8,c383dd94-afcf-4959-9418-743efb8f95e8,,,,1.0000,1000000.00,0,,2026-07-29T15:27:49.311Z,,,,false
7f6ddb91-1dbb-41a4-a0b9-038e2669acbb,71ee516d-20ae-46cf-84b1-acbdd0040ac8,c383dd94-afcf-4959-9418-743efb8f95e8,,,,1.0000,2500000.00,0,,2026-07-29T15:27:49.344Z,,,,false
0a2dd9e9-65d4-492d-a3c7-51ca1951ced6,71ee516d-20ae-46cf-84b1-acbdd0040ac8,c383dd94-afcf-4959-9418-743efb8f95e8,,,,1.0000,500000.00,0,,2026-07-29T15:27:49.368Z,,,,false
f91956a7-f7c9-482c-82ed-4a7f41a42f8d,38a8bcbc-7206-4606-ac56-45e65bd5cf31,c383dd94-afcf-4959-9418-743efb8f95e8,,,,7.0000,9999999.00,0,,2026-07-29T15:27:51.949Z,,,,false
2ba9ce5e-8afa-4739-88d4-45fb4247d291,7cf99420-d813-41a6-b7db-0b0a1d7b661c,c383dd94-afcf-4959-9418-743efb8f95e8,,,,10.0000,5000000.00,0,,2026-07-29T15:27:52.413Z,,,,false
0f9352df-fc68-4710-9b5f-19f133fcc962,7a5980c2-14cf-4f54-9b4b-bfa271670802,c383dd94-afcf-4959-9418-743efb8f95e8,,,,10.0000,5000000.00,0,,2026-07-29T15:27:53.238Z,,,,false
f10619bc-ecbd-4e7c-8248-3a3fbfcdf3f7,be23c6ec-6b52-4d4c-9868-eacf03c561d1,c383dd94-afcf-4959-9418-743efb8f95e8,,,,10.0000,5000000.00,0,,2026-07-29T15:27:54.533Z,,,,false
d3c2e75d-0ae6-4ac1-9341-92bf4a01fb0b,9b3570a1-72ff-49ba-8d91-83674d6815bf,c383dd94-afcf-4959-9418-743efb8f95e8,,,,10.0000,5000000.00,0,,2026-07-29T15:27:55.108Z,,,,false
9526767f-5203-43e2-959c-55ca70d1126b,31102079-29c1-482f-aa67-da1094e48285,c383dd94-afcf-4959-9418-743efb8f95e8,,,,10.0000,5000000.00,0,,2026-07-29T15:27:55.574Z,,,,false
d78aadfd-503d-4740-a773-17f156d5e4f5,99f43c53-ad87-4130-adcf-5da86f69862f,c383dd94-afcf-4959-9418-743efb8f95e8,,,,10.0000,5000000.00,0,,2026-07-29T15:27:56.973Z,,,,false
5fc7801a-9905-4f04-8479-4d141578e17a,2574dc13-508b-4348-b087-96e564526ffd,c383dd94-afcf-4959-9418-743efb8f95e8,,,,10.0000,5000000.00,0,,2026-07-29T15:27:57.921Z,,,,false
93814eac-fc9d-4c75-9eda-8d0e2c09a556,2574dc13-508b-4348-b087-96e564526ffd,c383dd94-afcf-4959-9418-743efb8f95e8,,,,5.0000,1000.00,0,,2026-07-29T15:27:58.713Z,,,,false
2819ee78-10e4-46cd-b623-4f7e80fe6a24,e5505f72-6ccd-488c-a513-c421da89b3c3,c383dd94-afcf-4959-9418-743efb8f95e8,,,,1.0000,1000000.00,0,,2026-07-29T15:43:33.910Z,,,,false
393efc27-803c-4e3b-9ae9-796a9df837f7,e5505f72-6ccd-488c-a513-c421da89b3c3,c383dd94-afcf-4959-9418-743efb8f95e8,,,,1.0000,2500000.00,0,,2026-07-29T15:43:33.948Z,,,,false
fe4b2778-4326-4514-a04e-c3c373579dec,e5505f72-6ccd-488c-a513-c421da89b3c3,c383dd94-afcf-4959-9418-743efb8f95e8,,,,1.0000,500000.00,0,,2026-07-29T15:43:33.972Z,,,,false
d95a7667-50e0-4d44-9f2b-7cd80bf63d50,b38d8a38-7e57-4edb-aed7-a4c9c5100e60,c383dd94-afcf-4959-9418-743efb8f95e8,,,,7.0000,9999999.00,0,,2026-07-29T15:43:35.482Z,,,,false
3c423eff-449a-4662-bef5-d6dbd3927c2c,e25506be-d6fe-4119-a964-f4e7c8e7ea45,c383dd94-afcf-4959-9418-743efb8f95e8,,,,10.0000,5000000.00,0,,2026-07-29T15:43:35.926Z,,,,false
5b0a0a98-aaa2-4d20-93ce-892e20edd835,d6c7318f-2fe9-478e-8e3d-1fdce223679c,c383dd94-afcf-4959-9418-743efb8f95e8,,,,10.0000,5000000.00,0,,2026-07-29T15:43:36.712Z,,,,false
b180fe5f-4da3-4f2a-82eb-5f684c5d40f6,3ecbfc6d-3775-4e09-905b-7d0a17749bce,c383dd94-afcf-4959-9418-743efb8f95e8,,,,10.0000,5000000.00,0,,2026-07-29T15:43:37.874Z,,,,false
a7b090a1-5067-4339-b908-2a4e6023c8e7,83bc0984-9f02-4745-aa75-ce433ada63cf,c383dd94-afcf-4959-9418-743efb8f95e8,,,,10.0000,5000000.00,0,,2026-07-29T15:43:38.504Z,,,,false
95bf5610-fb37-46be-b6bd-e5705641a84c,0adda334-e58c-479f-804b-53149a93f583,c383dd94-afcf-4959-9418-743efb8f95e8,,,,10.0000,5000000.00,0,,2026-07-29T15:43:38.931Z,,,,false
76029185-5b51-438e-9888-eaa1c57e9722,e27cdfeb-3e94-44c2-89ed-f40ac64a96b0,c383dd94-afcf-4959-9418-743efb8f95e8,,,,10.0000,5000000.00,0,,2026-07-29T15:43:40.472Z,,,,false
8938c094-dea7-48a1-a2b2-3d2bfacedc87,b7af9dce-84d7-40ff-9ffc-a201fd4285c6,c383dd94-afcf-4959-9418-743efb8f95e8,,,,10.0000,5000000.00,0,,2026-07-29T15:43:41.402Z,,,,false
44c2e0f9-2223-4102-8242-d6465e173c78,b7af9dce-84d7-40ff-9ffc-a201fd4285c6,c383dd94-afcf-4959-9418-743efb8f95e8,,,,5.0000,1000.00,0,,2026-07-29T15:43:42.334Z,,,,false
fe7cbd8a-2e77-4505-858d-18eeb22bc041,48df0450-e38f-460f-8669-5ece03dbe663,c383dd94-afcf-4959-9418-743efb8f95e8,,,,1.0000,1000000.00,0,,2026-07-29T16:24:19.567Z,,,,false
4acc5fc9-0c13-4357-bb1a-c23833dd128d,48df0450-e38f-460f-8669-5ece03dbe663,c383dd94-afcf-4959-9418-743efb8f95e8,,,,1.0000,2500000.00,0,,2026-07-29T16:24:19.614Z,,,,false
a3939709-ea24-4f38-b020-5871e419fc60,48df0450-e38f-460f-8669-5ece03dbe663,c383dd94-afcf-4959-9418-743efb8f95e8,,,,1.0000,500000.00,0,,2026-07-29T16:24:19.640Z,,,,false
73640bae-9057-4899-96bd-acb6345dab44,ef5d0733-04d1-4cc4-b7f7-9ba55fa15b23,c383dd94-afcf-4959-9418-743efb8f95e8,,,,7.0000,9999999.00,0,,2026-07-29T16:24:22.401Z,,,,false
ef174a77-8ef8-41b4-a0ae-1d3d07a757af,45f6a05b-7a4a-47b5-903a-c23406d1c60e,c383dd94-afcf-4959-9418-743efb8f95e8,,,,10.0000,5000000.00,0,,2026-07-29T16:24:22.805Z,,,,false
a570e7ff-4d5d-4eaa-b0a7-c25716053f78,32f6d019-ed65-4ae9-927c-6915b4812189,c383dd94-afcf-4959-9418-743efb8f95e8,,,,10.0000,5000000.00,0,,2026-07-29T16:24:23.756Z,,,,false
09d73ac9-0a53-462a-be6f-af4e41a01b7b,168e7ce2-e363-4e0a-9162-14bfb4d9d091,c383dd94-afcf-4959-9418-743efb8f95e8,,,,10.0000,5000000.00,0,,2026-07-29T16:24:25.476Z,,,,false
66981ceb-2ece-480d-a76b-ed347771b1ff,a15e86de-a2cc-4b50-8fc6-d9b2f50afb96,c383dd94-afcf-4959-9418-743efb8f95e8,,,,10.0000,5000000.00,0,,2026-07-29T16:24:26.148Z,,,,false
7df83f54-fb68-4dd0-9626-37e8b0496fd6,a14509e5-7c61-4f06-96f1-fcfa337bb137,c383dd94-afcf-4959-9418-743efb8f95e8,,,,10.0000,5000000.00,0,,2026-07-29T16:24:26.638Z,,,,false
22936e3a-35c3-4c73-bd09-09db800ae1a0,bf4ce54a-5c87-40ad-bd51-d2f48925cde9,c383dd94-afcf-4959-9418-743efb8f95e8,,,,10.0000,5000000.00,0,,2026-07-29T16:24:28.194Z,,,,false
48a3c751-0974-4015-ab4b-d5dfa2dffb70,f8d1ecb1-a6d9-4ce3-b1c3-1b96e7b0e181,c383dd94-afcf-4959-9418-743efb8f95e8,,,,10.0000,5000000.00,0,,2026-07-29T16:24:29.107Z,,,,false
d2d4cfc5-9b1b-4a21-9ded-3c9b9cfb5363,f8d1ecb1-a6d9-4ce3-b1c3-1b96e7b0e181,c383dd94-afcf-4959-9418-743efb8f95e8,,,,5.0000,1000.00,0,,2026-07-29T16:24:29.913Z,,,,false
2b30d983-b016-49e3-9213-cbd3146d897c,46c4601d-7f85-4804-a72f-ba7ae7fb7f43,c383dd94-afcf-4959-9418-743efb8f95e8,,,,1.0000,1000000.00,0,,2026-07-29T16:52:48.224Z,,,,false
714c14d5-d68e-406d-8e3b-6d21ac79536f,46c4601d-7f85-4804-a72f-ba7ae7fb7f43,c383dd94-afcf-4959-9418-743efb8f95e8,,,,1.0000,2500000.00,0,,2026-07-29T16:52:48.266Z,,,,false
9b6a36c6-1736-49c0-9857-609a5e9c2b24,46c4601d-7f85-4804-a72f-ba7ae7fb7f43,c383dd94-afcf-4959-9418-743efb8f95e8,,,,1.0000,500000.00,0,,2026-07-29T16:52:48.291Z,,,,false
bd23a9db-259c-46ee-9381-99662e237b88,8f0a143d-6845-4aac-9ea1-af58bef664ce,c383dd94-afcf-4959-9418-743efb8f95e8,,,,7.0000,9999999.00,0,,2026-07-29T16:52:49.788Z,,,,false
10ad4e94-2642-4820-bbac-280e04539386,3c9d839a-ebb0-42f1-b66a-a0c9245c92b0,c383dd94-afcf-4959-9418-743efb8f95e8,,,,10.0000,5000000.00,0,,2026-07-29T16:52:50.168Z,,,,false
3693e231-c39e-4402-823b-bdce3da944f3,e11e5511-18ff-43cd-a285-1ad2264c512c,c383dd94-afcf-4959-9418-743efb8f95e8,,,,10.0000,5000000.00,0,,2026-07-29T16:52:51.063Z,,,,false
4eccc824-1ae0-42f4-a015-4d65bcb4e8c0,e01e0741-92c9-4cdc-9e91-a6f6088e468f,c383dd94-afcf-4959-9418-743efb8f95e8,,,,10.0000,5000000.00,0,,2026-07-29T16:52:52.046Z,,,,false
96e8049f-e11c-4277-b486-b018dd7e007a,847b2419-be1d-4011-9ff3-bd0209d60d93,c383dd94-afcf-4959-9418-743efb8f95e8,,,,10.0000,5000000.00,0,,2026-07-29T16:52:52.621Z,,,,false
f6c02b6a-b7f3-4d6c-bfcb-fadd2108e49b,7e0c8aeb-bad1-4c20-8bfc-758b32516669,c383dd94-afcf-4959-9418-743efb8f95e8,,,,10.0000,5000000.00,0,,2026-07-29T16:52:53.010Z,,,,false
a5f6ef17-1c71-4abf-9676-bfc199f6ead1,ee66dc7a-c0e2-43e2-91a4-dc1574d2919f,c383dd94-afcf-4959-9418-743efb8f95e8,,,,10.0000,5000000.00,0,,2026-07-29T16:52:54.440Z,,,,false
69bbef64-8538-4866-a27e-38fa44b1f784,11c1b177-7770-460a-9b5f-dc58fae64a98,c383dd94-afcf-4959-9418-743efb8f95e8,,,,10.0000,5000000.00,0,,2026-07-29T16:52:55.230Z,,,,false
3eb4dc8a-3946-48b3-a7ed-ebba223adffd,11c1b177-7770-460a-9b5f-dc58fae64a98,c383dd94-afcf-4959-9418-743efb8f95e8,,,,5.0000,1000.00,0,,2026-07-29T16:52:55.877Z,,,,false
a51b1e4c-2b0b-42a2-b296-a5ac7b2a5ed7,66653fc1-f89b-4807-8c35-dc44f7007f38,c383dd94-afcf-4959-9418-743efb8f95e8,,,,1.0000,1000000.00,0,,2026-08-01T04:25:51.358Z,,,,false
e78a62ad-d5d5-47dd-9e77-2dcba0f7b64c,66653fc1-f89b-4807-8c35-dc44f7007f38,c383dd94-afcf-4959-9418-743efb8f95e8,,,,1.0000,2500000.00,0,,2026-08-01T04:25:51.386Z,,,,false
4ffca0fc-8348-477b-b8ec-847a33b4c54f,66653fc1-f89b-4807-8c35-dc44f7007f38,c383dd94-afcf-4959-9418-743efb8f95e8,,,,1.0000,500000.00,0,,2026-08-01T04:25:51.411Z,,,,false
aa1767a3-4fc5-4348-8715-cc84c47ea254,33b36c73-b354-4788-8f41-e9221d772a2f,c383dd94-afcf-4959-9418-743efb8f95e8,,,,7.0000,9999999.00,0,,2026-08-01T04:25:52.054Z,,,,false
38617969-4778-4a87-9349-bbf45024429b,d7c1988e-08fe-4b87-90d6-d3e79efe6c07,c383dd94-afcf-4959-9418-743efb8f95e8,,,,10.0000,5000000.00,0,,2026-08-01T04:25:52.457Z,,,,false
de9bff9f-cc74-42b2-a618-1c436db24d0d,980ea457-a41d-4606-bd12-bdc786c7af96,c383dd94-afcf-4959-9418-743efb8f95e8,,,,10.0000,5000000.00,0,,2026-08-01T04:25:53.170Z,,,,false
c3ff3acb-ec35-4fc2-bbb9-32b28c29044e,2072952c-57c0-4fc9-bef7-c79b263b4eed,c383dd94-afcf-4959-9418-743efb8f95e8,,,,10.0000,5000000.00,0,,2026-08-01T04:25:54.415Z,,,,false
f5cf97f1-d541-4a3a-aca5-28eb9d356449,9c0459ff-b24e-48d5-aa72-189fb0df3052,c383dd94-afcf-4959-9418-743efb8f95e8,,,,10.0000,5000000.00,0,,2026-08-01T04:25:55.034Z,,,,false
5be5cb82-9539-46f0-97a5-f64b872adf73,a7fcf835-9999-4de5-bc72-3903a427242c,c383dd94-afcf-4959-9418-743efb8f95e8,,,,10.0000,5000000.00,0,,2026-08-01T04:25:55.488Z,,,,false
16287954-4e24-4a44-8368-1ed999e100b6,fadb4e8b-04e4-47df-a9f8-127d7e8e2165,c383dd94-afcf-4959-9418-743efb8f95e8,,,,1.0000,1000000.00,0,,2026-07-29T18:00:55.957Z,,,,false
d92c0cc7-c8b8-4de9-8862-798a191e7f9a,fadb4e8b-04e4-47df-a9f8-127d7e8e2165,c383dd94-afcf-4959-9418-743efb8f95e8,,,,1.0000,2500000.00,0,,2026-07-29T18:00:55.998Z,,,,false
ed4337bf-8a9e-493a-b5e0-7b08f97ec3b3,fadb4e8b-04e4-47df-a9f8-127d7e8e2165,c383dd94-afcf-4959-9418-743efb8f95e8,,,,1.0000,500000.00,0,,2026-07-29T18:00:56.023Z,,,,false
f1784b66-3be3-4f67-81a3-1e59e77ce995,d93f1375-2d9b-4d2b-a6b6-7c66a02de23e,c383dd94-afcf-4959-9418-743efb8f95e8,,,,7.0000,9999999.00,0,,2026-07-29T18:00:57.485Z,,,,false
84349c8f-900c-4630-9136-329c6668b6aa,d8cf1d0d-385f-4ca9-b406-e65d630c8db7,c383dd94-afcf-4959-9418-743efb8f95e8,,,,10.0000,5000000.00,0,,2026-07-29T18:00:57.859Z,,,,false
c53fb96d-1b82-4e8a-ab76-11e4c8067c6a,d4c711f4-fac9-4752-8fc8-3d408e6e7f22,c383dd94-afcf-4959-9418-743efb8f95e8,,,,10.0000,5000000.00,0,,2026-07-29T18:00:58.614Z,,,,false
d6441ba8-6472-4c08-9a21-ec49563c700e,705b27fd-8b88-4f66-919e-6b2a95a8aadf,c383dd94-afcf-4959-9418-743efb8f95e8,,,,10.0000,5000000.00,0,,2026-07-29T18:00:59.646Z,,,,false
c233318b-4b0b-4d33-892a-df64c32efb3a,fb4c9c7a-a1bf-4b41-8319-72c1549bf018,c383dd94-afcf-4959-9418-743efb8f95e8,,,,10.0000,5000000.00,0,,2026-07-29T18:01:00.242Z,,,,false
e3728a31-1844-4b3c-bb10-3b80e01b5666,b483d5cf-afd8-4705-8c28-10ee1b919911,c383dd94-afcf-4959-9418-743efb8f95e8,,,,10.0000,5000000.00,0,,2026-07-29T18:01:00.678Z,,,,false
507156d6-88e8-4536-b274-61a2e098abe5,8c009528-41b7-414d-b494-3277d8ef9451,c383dd94-afcf-4959-9418-743efb8f95e8,,,,10.0000,5000000.00,0,,2026-07-29T18:01:02.070Z,,,,false
abf4293f-1670-4d4f-9fbe-da7992665046,453518ea-f7f7-4b2f-b1fb-59a8983e5fbc,c383dd94-afcf-4959-9418-743efb8f95e8,,,,10.0000,5000000.00,0,,2026-07-29T18:01:02.813Z,,,,false
1bd02ac1-086a-420a-85a8-cd136fa426b5,453518ea-f7f7-4b2f-b1fb-59a8983e5fbc,c383dd94-afcf-4959-9418-743efb8f95e8,,,,5.0000,1000.00,0,,2026-07-29T18:01:03.514Z,,,,false
ecd18a36-26dd-4929-bef5-217bddecd604,aca430b4-8b05-4f9a-b8c8-7610f68df609,c383dd94-afcf-4959-9418-743efb8f95e8,,,,10.0000,5000000.00,0,,2026-08-01T04:25:56.918Z,,,,false
b1f158aa-f54f-4ee3-bc8c-dde81cbfac7d,44699309-7e63-452d-ad89-defcc55ea163,c383dd94-afcf-4959-9418-743efb8f95e8,,,,10.0000,5000000.00,0,,2026-08-01T04:25:57.697Z,,,,false
04b0262e-1065-476c-9adf-efd63f21585f,44699309-7e63-452d-ad89-defcc55ea163,c383dd94-afcf-4959-9418-743efb8f95e8,,,,5.0000,1000.00,0,,2026-08-01T04:25:58.409Z,,,,false
eb2a9512-4e47-44a6-943a-520f10fa6a82,371bbc8e-9201-4130-ae71-e5471a1b7d03,c383dd94-afcf-4959-9418-743efb8f95e8,,,,1.0000,1000000.00,0,,2026-08-01T05:50:09.353Z,,,,false
e3d94462-4e6b-4c3b-ad2d-90109ad30b1c,371bbc8e-9201-4130-ae71-e5471a1b7d03,c383dd94-afcf-4959-9418-743efb8f95e8,,,,1.0000,2500000.00,0,,2026-08-01T05:50:09.378Z,,,,false
0590439d-e1bf-43d8-856d-2af3f0b5afec,371bbc8e-9201-4130-ae71-e5471a1b7d03,c383dd94-afcf-4959-9418-743efb8f95e8,,,,1.0000,500000.00,0,,2026-08-01T05:50:09.399Z,,,,false
5ac11361-1182-4d32-84a6-8f585899de88,f623ecc4-391d-4288-82ab-f01b0d072a61,c383dd94-afcf-4959-9418-743efb8f95e8,,,,7.0000,9999999.00,0,,2026-08-01T05:50:10.077Z,,,,false
5fe825ee-7b6d-430a-9f93-56f4087c38d7,76dfa210-5a25-4051-9a11-b70dc9586c66,c383dd94-afcf-4959-9418-743efb8f95e8,,,,1.0000,1000000.00,0,,2026-07-29T18:35:19.109Z,,,,false
f9e1f260-54d4-4e27-b55f-12c6305a3bee,76dfa210-5a25-4051-9a11-b70dc9586c66,c383dd94-afcf-4959-9418-743efb8f95e8,,,,1.0000,2500000.00,0,,2026-07-29T18:35:19.148Z,,,,false
ee3d3e50-0a39-4468-bbd0-dec3c7673184,76dfa210-5a25-4051-9a11-b70dc9586c66,c383dd94-afcf-4959-9418-743efb8f95e8,,,,1.0000,500000.00,0,,2026-07-29T18:35:19.172Z,,,,false
6910c263-d23a-4a7d-b370-a9b391f7045a,d28dbc86-df8e-4c3a-b345-a3773633f7f0,c383dd94-afcf-4959-9418-743efb8f95e8,,,,7.0000,9999999.00,0,,2026-07-29T18:35:20.032Z,,,,false
7fdc8ee9-201d-4df4-a84d-34b61c88dd8f,73d11edf-f43d-4b67-a00d-58e938ca89c5,c383dd94-afcf-4959-9418-743efb8f95e8,,,,10.0000,5000000.00,0,,2026-07-29T18:35:20.394Z,,,,false
9411d13f-1853-401c-9ac9-d6911efb1600,bb873fef-d4cf-4ddc-85f2-9e2a4a5816cd,c383dd94-afcf-4959-9418-743efb8f95e8,,,,10.0000,5000000.00,0,,2026-07-29T18:35:21.147Z,,,,false
8fe385ee-f317-46a8-a225-1666ccc6e3ca,e97a7d06-c39f-4b2e-a9ae-ddf6f38286b4,c383dd94-afcf-4959-9418-743efb8f95e8,,,,10.0000,5000000.00,0,,2026-07-29T18:35:22.162Z,,,,false
2c2e16f3-f7c7-4edf-8529-486a729e9870,898dae05-a204-45e9-83fd-37c1c63ceaae,c383dd94-afcf-4959-9418-743efb8f95e8,,,,10.0000,5000000.00,0,,2026-07-29T18:35:22.682Z,,,,false
04bb691a-cd76-4597-b633-461c35281bb0,8917f7dd-f7ec-4bf1-979b-dd4baabb36ce,c383dd94-afcf-4959-9418-743efb8f95e8,,,,10.0000,5000000.00,0,,2026-07-29T18:35:23.087Z,,,,false
2115d71b-6f8e-4dca-8e5d-5f25aa0a76a3,74413a12-d282-40d3-bd4a-0ebc66a8e33c,c383dd94-afcf-4959-9418-743efb8f95e8,,,,10.0000,5000000.00,0,,2026-07-29T18:35:24.321Z,,,,false
c7e9d0ae-4266-4433-8a90-f23cc28e7530,6393f3d0-5115-492a-a83a-00cf6c6bbed7,c383dd94-afcf-4959-9418-743efb8f95e8,,,,10.0000,5000000.00,0,,2026-07-29T18:35:25.132Z,,,,false
46eb94b5-f7e5-40e8-9e32-3f22a85ce712,6393f3d0-5115-492a-a83a-00cf6c6bbed7,c383dd94-afcf-4959-9418-743efb8f95e8,,,,5.0000,1000.00,0,,2026-07-29T18:35:25.870Z,,,,false
f40fe262-25cd-4831-9bfd-8e538e7bb962,91262e29-d3ba-4dbe-86d2-dbabd25eaa04,c383dd94-afcf-4959-9418-743efb8f95e8,,,,10.0000,5000000.00,0,,2026-08-01T05:50:10.462Z,,,,false
4b3658b8-7c84-43fd-8e68-5c76d001a0d8,ef6d2381-c5e1-455f-ab01-ec5e26e91fa4,c383dd94-afcf-4959-9418-743efb8f95e8,,,,10.0000,5000000.00,0,,2026-08-01T05:50:11.216Z,,,,false
cac58a4f-e87d-4c42-b910-30f148c30cbb,e628224e-e72a-4bfe-a5f5-f4ccc3c8dd8f,c383dd94-afcf-4959-9418-743efb8f95e8,,,,10.0000,5000000.00,0,,2026-08-01T05:50:12.310Z,,,,false
9ae43fcc-3ec6-4b52-ab84-24715da00e69,72679657-5990-4f40-8753-e24249d5ee35,c383dd94-afcf-4959-9418-743efb8f95e8,,,,10.0000,5000000.00,0,,2026-08-01T05:50:12.864Z,,,,false
26466a31-84f9-4115-bf15-53b2da76506c,b3381a55-2e34-47bb-b665-2ab335e98ea9,c383dd94-afcf-4959-9418-743efb8f95e8,,,,10.0000,5000000.00,0,,2026-08-01T05:50:13.247Z,,,,false
4b1cd94c-919d-42b8-a804-17500a0aa0ae,99f944b4-a580-4522-bed2-7b52ddda108f,c383dd94-afcf-4959-9418-743efb8f95e8,,,,10.0000,5000000.00,0,,2026-08-01T05:50:14.921Z,,,,false
19110d13-5fce-464c-a2f4-80f46c73d930,6a975d30-7179-4fba-ade5-c1b9190022f3,c383dd94-afcf-4959-9418-743efb8f95e8,,,,10.0000,5000000.00,0,,2026-08-01T05:50:15.712Z,,,,false
06de0c06-ab4f-49bb-953e-af93b14c75ea,6a975d30-7179-4fba-ade5-c1b9190022f3,c383dd94-afcf-4959-9418-743efb8f95e8,,,,5.0000,1000.00,0,,2026-08-01T05:50:16.679Z,,,,false
4cbf53b4-bcbd-44b7-9e8c-79e64f584773,0b9025c3-be17-44dd-ba16-e967962f3f2a,c383dd94-afcf-4959-9418-743efb8f95e8,,,,10.0000,5000000.00,0,,2026-08-01T08:35:35.723Z,,,,false
5b182f7f-9d10-47d5-8bbb-c9474e096e09,65aa6494-fd1a-4602-9918-ad0bcd93b470,c383dd94-afcf-4959-9418-743efb8f95e8,,,,10.0000,5000000.00,0,,2026-08-01T08:35:36.502Z,,,,false
89ee59e0-f660-422b-9973-0d2e017bd70d,65aa6494-fd1a-4602-9918-ad0bcd93b470,c383dd94-afcf-4959-9418-743efb8f95e8,,,,5.0000,1000.00,0,,2026-08-01T08:35:37.185Z,,,,false
2e947452-8726-4b5c-b7ef-142bb9ac143c,da57c689-769b-40a3-8464-76f2ddb6e30d,c383dd94-afcf-4959-9418-743efb8f95e8,,,,1.0000,1000000.00,0,,2026-07-30T16:12:03.511Z,,,,false
ca75ab39-ac3c-447b-907a-4827571af664,da57c689-769b-40a3-8464-76f2ddb6e30d,c383dd94-afcf-4959-9418-743efb8f95e8,,,,1.0000,2500000.00,0,,2026-07-30T16:12:03.536Z,,,,false
efb4da75-2ba8-432b-9d92-d3ce0395ff70,da57c689-769b-40a3-8464-76f2ddb6e30d,c383dd94-afcf-4959-9418-743efb8f95e8,,,,1.0000,500000.00,0,,2026-07-30T16:12:03.558Z,,,,false
5fe4bf0d-7376-4001-ade7-ec4fe7322d80,c9a1af2e-980c-4667-9384-71b49431931a,c383dd94-afcf-4959-9418-743efb8f95e8,,,,7.0000,9999999.00,0,,2026-07-30T16:12:04.447Z,,,,false
4c5ec4f6-7007-4d50-81bb-4b89debc779a,aef9d8e2-d429-4cd2-945b-9c751f9cbfb9,c383dd94-afcf-4959-9418-743efb8f95e8,,,,10.0000,5000000.00,0,,2026-07-30T16:12:04.874Z,,,,false
67814b46-ce65-42a1-8f50-ece3c559fd60,8a8c399b-a1ab-4398-b93c-e4258d6c5357,c383dd94-afcf-4959-9418-743efb8f95e8,,,,10.0000,5000000.00,0,,2026-07-30T16:12:05.710Z,,,,false
ebc814c2-c984-4529-bab9-505a805a72fa,38d9cd1f-2f6b-42c0-8d4d-d1ca669f04ef,c383dd94-afcf-4959-9418-743efb8f95e8,,,,10.0000,5000000.00,0,,2026-07-30T16:12:06.814Z,,,,false
94cc3e3c-ea15-48b4-b54a-bed3689b16d4,0d02687c-51bf-4f46-8c3e-70eeccd13448,c383dd94-afcf-4959-9418-743efb8f95e8,,,,10.0000,5000000.00,0,,2026-07-30T16:12:07.429Z,,,,false
7cf88488-7345-4e1d-aef7-7561f202e986,75a6d73f-aa5f-4461-88b8-319fbd0787bb,c383dd94-afcf-4959-9418-743efb8f95e8,,,,10.0000,5000000.00,0,,2026-07-30T16:12:07.875Z,,,,false
7b8c8f28-a215-4600-8bb6-3d9f6de9ae5e,6c3c79a2-512f-493d-84ee-ce27e17a1841,c383dd94-afcf-4959-9418-743efb8f95e8,,,,10.0000,5000000.00,0,,2026-07-30T16:12:09.425Z,,,,false
b6f59793-c7d5-4410-8136-0f5b97174add,63249506-57c3-464d-9ee0-ff110711ab52,c383dd94-afcf-4959-9418-743efb8f95e8,,,,10.0000,5000000.00,0,,2026-07-30T16:12:10.253Z,,,,false
25fa990f-5333-4e3a-bc8c-15ed9b45cc5c,63249506-57c3-464d-9ee0-ff110711ab52,c383dd94-afcf-4959-9418-743efb8f95e8,,,,5.0000,1000.00,0,,2026-07-30T16:12:10.962Z,,,,false
d3f8dd67-9f9a-442d-a20d-d2f70e6b5cc9,f2661e28-b017-418f-a5e3-b124e2218dba,c383dd94-afcf-4959-9418-743efb8f95e8,,,,1.0000,1000000.00,0,,2026-08-01T10:57:11.874Z,,,,false
d0e9fc95-c8ac-48f2-8f4b-613baa0382a3,f2661e28-b017-418f-a5e3-b124e2218dba,c383dd94-afcf-4959-9418-743efb8f95e8,,,,1.0000,2500000.00,0,,2026-08-01T10:57:11.898Z,,,,false
ef1f736a-7acf-4292-bcca-f123d86031fc,f2661e28-b017-418f-a5e3-b124e2218dba,c383dd94-afcf-4959-9418-743efb8f95e8,,,,1.0000,500000.00,0,,2026-08-01T10:57:11.920Z,,,,false
736719de-fa69-4bac-9943-77ec0eecda07,41f83c73-6198-4ec4-99ec-b9b445ed7865,c383dd94-afcf-4959-9418-743efb8f95e8,,,,7.0000,9999999.00,0,,2026-08-01T10:57:12.544Z,,,,false
6fc20dc0-b104-4628-931f-60a272c7db68,1aa96aca-f47e-4874-b034-a3a70119a86f,c383dd94-afcf-4959-9418-743efb8f95e8,,,,10.0000,5000000.00,0,,2026-08-01T10:57:12.937Z,,,,false
64d33ac2-d1cd-4bf2-a8ba-cbe138dae948,ec83b310-2b9c-4f15-ab6c-d36439a9fdf0,c383dd94-afcf-4959-9418-743efb8f95e8,,,,10.0000,5000000.00,0,,2026-08-01T10:57:13.678Z,,,,false
dbd40eee-b7c6-4170-91fe-4f629174a187,a9ac4803-5906-4190-a8d7-d462c516164a,c383dd94-afcf-4959-9418-743efb8f95e8,,,,10.0000,5000000.00,0,,2026-08-01T10:57:14.842Z,,,,false
2d9ff0aa-5c9a-46e8-8ea0-461411fcaef7,bc1d0058-7f1c-4a2d-89e7-f489c5be4adb,c383dd94-afcf-4959-9418-743efb8f95e8,,,,10.0000,5000000.00,0,,2026-08-01T10:57:15.477Z,,,,false
e07c0e38-594e-4687-9185-1f4116a933b3,f8cf1b00-91c2-437b-9cce-b979e88fade7,c383dd94-afcf-4959-9418-743efb8f95e8,,,,1.0000,1000000.00,0,,2026-07-30T18:10:40.503Z,,,,false
92027d6e-4e43-48d3-a3e6-5bc82eebf267,f8cf1b00-91c2-437b-9cce-b979e88fade7,c383dd94-afcf-4959-9418-743efb8f95e8,,,,1.0000,2500000.00,0,,2026-07-30T18:10:40.533Z,,,,false
01ff1df6-2e51-403e-9f76-0fc9fe10849f,f8cf1b00-91c2-437b-9cce-b979e88fade7,c383dd94-afcf-4959-9418-743efb8f95e8,,,,1.0000,500000.00,0,,2026-07-30T18:10:40.565Z,,,,false
33029364-df1b-45ea-959f-27e15f912818,8501d200-447b-420f-90e0-d6b7e9591501,c383dd94-afcf-4959-9418-743efb8f95e8,,,,7.0000,9999999.00,0,,2026-07-30T18:10:41.270Z,,,,false
6ece5707-9081-46be-8e75-75a8b8cfff4c,a56c39b2-a6ee-4ebf-8e77-24597a1da15a,c383dd94-afcf-4959-9418-743efb8f95e8,,,,10.0000,5000000.00,0,,2026-07-30T18:10:41.655Z,,,,false
591a87de-69c3-4410-b6eb-4898084294f0,169cd0fd-1a98-4a69-af29-a604843acf48,c383dd94-afcf-4959-9418-743efb8f95e8,,,,10.0000,5000000.00,0,,2026-07-30T18:10:42.346Z,,,,false
3d73f310-6807-4325-9055-2020e76701b3,63081703-e9b3-4290-86ac-52e0c0c80446,c383dd94-afcf-4959-9418-743efb8f95e8,,,,10.0000,5000000.00,0,,2026-07-30T18:10:43.455Z,,,,false
eb8e4665-b3c7-4667-8075-171f92546a3f,6103aba5-9760-45bc-88ad-cec23ce55b4d,c383dd94-afcf-4959-9418-743efb8f95e8,,,,10.0000,5000000.00,0,,2026-07-30T18:10:43.997Z,,,,false
2b3a420c-1cdc-45ba-a991-73b38ec8a9d6,f71d904e-16f8-4be8-a3a0-0f35e6e195a1,c383dd94-afcf-4959-9418-743efb8f95e8,,,,10.0000,5000000.00,0,,2026-07-30T18:10:44.413Z,,,,false
d8683357-fd69-4b60-ab8f-d9e7e5115d72,15a15f93-41e9-4919-a05f-2913b616d346,c383dd94-afcf-4959-9418-743efb8f95e8,,,,10.0000,5000000.00,0,,2026-07-30T18:10:45.952Z,,,,false
e842f5e7-bc56-4c82-835a-ee7d80f06de7,f8e5edf6-eaa3-4462-8b9c-c65e336757b5,c383dd94-afcf-4959-9418-743efb8f95e8,,,,10.0000,5000000.00,0,,2026-07-30T18:10:46.780Z,,,,false
b84ef4ca-1650-4d6d-9bb4-9126843d71b0,f8e5edf6-eaa3-4462-8b9c-c65e336757b5,c383dd94-afcf-4959-9418-743efb8f95e8,,,,5.0000,1000.00,0,,2026-07-30T18:10:47.529Z,,,,false
dda563ea-08a2-4ec4-bcfa-16a20a7705d3,3dbc263d-6bfa-4f2b-9391-4981bac47783,c383dd94-afcf-4959-9418-743efb8f95e8,,,,10.0000,5000000.00,0,,2026-08-01T10:57:15.821Z,,,,false
0d8869cb-5487-4fb5-9229-8b5cd4751f9a,d945f8bc-0a8d-483d-8c10-aab102c34be6,c383dd94-afcf-4959-9418-743efb8f95e8,,,,1.0000,1000000.00,0,,2026-07-30T18:15:22.701Z,,,,false
a3eebf56-2b14-4c71-b0c2-99ee3cdfc87f,d945f8bc-0a8d-483d-8c10-aab102c34be6,c383dd94-afcf-4959-9418-743efb8f95e8,,,,1.0000,2500000.00,0,,2026-07-30T18:15:22.727Z,,,,false
c3f313e1-7f83-4c72-835c-7155e0c8431b,d945f8bc-0a8d-483d-8c10-aab102c34be6,c383dd94-afcf-4959-9418-743efb8f95e8,,,,1.0000,500000.00,0,,2026-07-30T18:15:22.749Z,,,,false
93da6b83-334b-46a9-96fa-f881c0c7fe0e,b308b5d6-dc55-4ee3-93f4-ad53056c31e1,c383dd94-afcf-4959-9418-743efb8f95e8,,,,7.0000,9999999.00,0,,2026-07-30T18:15:23.387Z,,,,false
f2b76002-2ae2-4d35-942a-2b5324dfaf0a,fd6cb5ca-4fb9-4063-ab74-f7e22e52def6,c383dd94-afcf-4959-9418-743efb8f95e8,,,,10.0000,5000000.00,0,,2026-07-30T18:15:23.760Z,,,,false
2a846eb9-1612-4cfa-b73d-2ca9088f22e0,35748e96-163f-4b61-8238-34a22c5142dd,c383dd94-afcf-4959-9418-743efb8f95e8,,,,10.0000,5000000.00,0,,2026-07-30T18:15:24.428Z,,,,false
af56c6f9-75f9-4512-86a2-50e0712d0979,c997ced3-b604-44d1-bc30-e95ae109b8fd,c383dd94-afcf-4959-9418-743efb8f95e8,,,,10.0000,5000000.00,0,,2026-07-30T18:15:25.493Z,,,,false
f6a10893-d8f2-4c52-95b3-a8c22a3385a2,ab5b4f30-3702-4a3d-bfa8-73a912e1c958,c383dd94-afcf-4959-9418-743efb8f95e8,,,,10.0000,5000000.00,0,,2026-07-30T18:15:26.032Z,,,,false
4756c48e-34d0-4a3f-bfdb-bad15c82e25d,31dce749-4157-4ac5-a322-3eab6eb5f470,c383dd94-afcf-4959-9418-743efb8f95e8,,,,10.0000,5000000.00,0,,2026-07-30T18:15:26.409Z,,,,false
a095920c-837b-40a2-9436-282a79ae0fad,41ea16a0-873e-43e3-af2c-784788bb1898,c383dd94-afcf-4959-9418-743efb8f95e8,,,,10.0000,5000000.00,0,,2026-07-30T18:15:27.718Z,,,,false
a7fc4f6c-4b44-4fa5-92f1-b30a27c94a19,3263da7a-fc46-4db8-a6ed-d1734a2604f1,c383dd94-afcf-4959-9418-743efb8f95e8,,,,10.0000,5000000.00,0,,2026-07-30T18:15:28.506Z,,,,false
5b23adbe-9185-4352-9bf8-9ca3b60a1390,3263da7a-fc46-4db8-a6ed-d1734a2604f1,c383dd94-afcf-4959-9418-743efb8f95e8,,,,5.0000,1000.00,0,,2026-07-30T18:15:29.201Z,,,,false
aee99335-5b6a-46d0-b303-626435e43855,6051ad75-de0f-4a6c-936a-1e9b1f5458a4,c383dd94-afcf-4959-9418-743efb8f95e8,,,,1.0000,1000000.00,0,,2026-07-30T19:36:28.712Z,,,,false
fd2d798b-e4a0-424d-98af-6f310430d489,6051ad75-de0f-4a6c-936a-1e9b1f5458a4,c383dd94-afcf-4959-9418-743efb8f95e8,,,,1.0000,2500000.00,0,,2026-07-30T19:36:28.739Z,,,,false
e7f2293a-a270-4ade-ab1a-f1f562ad0ae8,6051ad75-de0f-4a6c-936a-1e9b1f5458a4,c383dd94-afcf-4959-9418-743efb8f95e8,,,,1.0000,500000.00,0,,2026-07-30T19:36:28.761Z,,,,false
83795326-f7a6-4270-8065-f66f06f52e35,aeff1448-0e7a-4d12-bc71-99a11d75f1a8,c383dd94-afcf-4959-9418-743efb8f95e8,,,,7.0000,9999999.00,0,,2026-07-30T19:36:29.393Z,,,,false
82d5364d-4a27-428d-a099-0c98f3bb9b0c,851086c1-9011-4142-9abf-f3feaeb455d4,c383dd94-afcf-4959-9418-743efb8f95e8,,,,10.0000,5000000.00,0,,2026-07-30T19:36:29.748Z,,,,false
9dbca71e-48d8-44c7-9327-e5c312b2d291,ad7defc3-16de-4cc8-921a-2257f341beeb,c383dd94-afcf-4959-9418-743efb8f95e8,,,,10.0000,5000000.00,0,,2026-07-30T19:36:30.476Z,,,,false
85c81576-9f4b-4a84-a5f5-0d1d33d76515,0f654fe9-0f0e-47da-a529-084dcf340975,c383dd94-afcf-4959-9418-743efb8f95e8,,,,10.0000,5000000.00,0,,2026-07-30T19:36:31.502Z,,,,false
86804f9e-cb8c-4cd2-9891-f8f1869c7ff5,a3e2f501-2661-48c9-8f40-ed5852c93701,c383dd94-afcf-4959-9418-743efb8f95e8,,,,10.0000,5000000.00,0,,2026-07-30T19:36:31.990Z,,,,false
338ba36b-e4a3-4070-b069-1953e4b584c2,14c9c31d-031d-4900-a440-97e65106ac63,c383dd94-afcf-4959-9418-743efb8f95e8,,,,10.0000,5000000.00,0,,2026-07-30T19:36:32.315Z,,,,false
d301c4fe-5a1e-46e7-8465-eb7512bc27ac,47f6c475-7e56-486a-8499-582f5e94d5f1,c383dd94-afcf-4959-9418-743efb8f95e8,,,,10.0000,5000000.00,0,,2026-07-30T19:36:33.557Z,,,,false
bd495a74-9f7f-4971-a2fc-c3aa54683b5d,79d12f4f-16d3-4a2b-bd81-e5cf5700b5a8,c383dd94-afcf-4959-9418-743efb8f95e8,,,,10.0000,5000000.00,0,,2026-07-30T19:36:34.274Z,,,,false
b48022c9-8f16-4315-99c0-5380507e1813,79d12f4f-16d3-4a2b-bd81-e5cf5700b5a8,c383dd94-afcf-4959-9418-743efb8f95e8,,,,5.0000,1000.00,0,,2026-07-30T19:36:34.914Z,,,,false
7cbfb141-a7aa-4028-9f02-1fd92544da14,ca43dbd8-c4a9-4f43-a821-906e26e5ffaa,c383dd94-afcf-4959-9418-743efb8f95e8,,,,1.0000,1000000.00,0,,2026-07-30T20:06:37.392Z,,,,false
fa6aee8d-c06b-4147-87da-30878f9d57f5,ca43dbd8-c4a9-4f43-a821-906e26e5ffaa,c383dd94-afcf-4959-9418-743efb8f95e8,,,,1.0000,2500000.00,0,,2026-07-30T20:06:37.419Z,,,,false
c768b93a-6b81-4db0-a32a-bc7558ec91a9,ca43dbd8-c4a9-4f43-a821-906e26e5ffaa,c383dd94-afcf-4959-9418-743efb8f95e8,,,,1.0000,500000.00,0,,2026-07-30T20:06:37.444Z,,,,false
aafa9316-6140-4707-8e78-44d6de6e7cef,ac941113-e4bc-47a9-b983-df92c906b307,c383dd94-afcf-4959-9418-743efb8f95e8,,,,7.0000,9999999.00,0,,2026-07-30T20:06:38.077Z,,,,false
492c4c10-9b30-4cb6-af5c-f4f3aadbb8cb,9cc9f610-4265-49a5-9e37-bcbf60d1af69,c383dd94-afcf-4959-9418-743efb8f95e8,,,,10.0000,5000000.00,0,,2026-07-30T20:06:38.430Z,,,,false
7d7239cf-287a-42ef-b941-d59000ea76c6,60a1dd62-2675-4928-a482-4e4007e5a7bc,c383dd94-afcf-4959-9418-743efb8f95e8,,,,10.0000,5000000.00,0,,2026-07-30T20:06:39.075Z,,,,false
4d0cfd80-84bc-45cd-93ab-022423565de2,1d83dc3c-ef64-46a6-ab6f-65f3b27ccfa3,c383dd94-afcf-4959-9418-743efb8f95e8,,,,10.0000,5000000.00,0,,2026-07-30T20:06:40.054Z,,,,false
2c7ec81c-902e-45c2-bec3-73286dd127e9,e3e033ee-018a-4fbf-854b-f47d7ad1c7a7,c383dd94-afcf-4959-9418-743efb8f95e8,,,,10.0000,5000000.00,0,,2026-07-30T20:06:40.691Z,,,,false
b76f6870-071e-49fe-b99f-5d91e17281b4,a7842528-d678-4733-912a-7677f4610298,c383dd94-afcf-4959-9418-743efb8f95e8,,,,10.0000,5000000.00,0,,2026-07-30T20:06:41.051Z,,,,false
65017c95-91c8-4962-82c3-7d8b4b45553d,03b27951-f51f-4e0e-88c7-8fafb7b36070,c383dd94-afcf-4959-9418-743efb8f95e8,,,,10.0000,5000000.00,0,,2026-07-30T20:06:42.286Z,,,,false
9fb80902-313a-4f81-afa2-16a5ead934c1,0b3237d5-4c78-4bdb-b099-f4c2886a9d6c,c383dd94-afcf-4959-9418-743efb8f95e8,,,,10.0000,5000000.00,0,,2026-07-30T20:06:43.055Z,,,,false
b2481a0d-0cb2-43e9-abf6-f1692b159f72,0b3237d5-4c78-4bdb-b099-f4c2886a9d6c,c383dd94-afcf-4959-9418-743efb8f95e8,,,,5.0000,1000.00,0,,2026-07-30T20:06:43.678Z,,,,false
a9086a35-edd7-4f72-b7e1-08145a3c14fc,cf18db2c-738e-4c40-8bf1-5ac685dbfff6,c383dd94-afcf-4959-9418-743efb8f95e8,,,,10.0000,5000000.00,0,,2026-08-01T10:57:17.153Z,,,,false
711c384f-8a08-4352-a3e1-8b77927377cd,540e5891-32de-474d-80bc-ac0bbb76c580,c383dd94-afcf-4959-9418-743efb8f95e8,,,,10.0000,5000000.00,0,,2026-08-01T10:57:18.028Z,,,,false
d4c99e8d-eeff-4290-971d-a053f7f3d2d8,540e5891-32de-474d-80bc-ac0bbb76c580,c383dd94-afcf-4959-9418-743efb8f95e8,,,,5.0000,1000.00,0,,2026-08-01T10:57:18.789Z,,,,false
b2ff617e-e77c-4645-baba-8e7f196b5026,db09d794-d0c4-44b8-937f-012d4cbbbc1d,52a95db5-8ea8-4579-a062-054341c337bb,d81288bf-f815-4599-87e6-d5c42f91969d,,,230.0000,20056000.00,0,,2026-07-31T05:24:56.137Z,2026-07-30T17:00:00.000Z,,"{""hsp"":{""hspRaw"":87120,""rounding"":{""mode"":""up"",""step"":100},""bukAmount"":7920,""subtotalD"":79200,""hspRounded"":87200,""bukFraction"":0.1,""groupTotals"":{""alat"":0,""bahan"":0,""tenaga"":79200}},""prices"":[{""amount"":100000,""sumber"":""price_book"",""location"":null,""coefficient"":0.66,""resource_id"":""0e820874-e7d9-466f-ae5b-c1c30b6b394c"",""resource_code"":""AHSP-PEKERJA"",""effective_date"":""2026-01-01"",""override_reason"":null,""matched_location"":false,""price_book_entry_id"":""cee52f94-10c5-46f1-9f2f-f8c4a8f420a2""},{""amount"":200000,""sumber"":""price_book"",""location"":null,""coefficient"":0.066,""resource_id"":""2debabc9-ad43-4e45-88af-abff517c4319"",""resource_code"":""AHSP-MANDOR"",""effective_date"":""2026-01-01"",""override_reason"":null,""matched_location"":false,""price_book_entry_id"":""bb96039a-da59-4eb8-8616-302cb1716e79""}]}",true
be91e8ac-953f-4007-b388-8a0c96e09148,40995f68-2c07-41c7-a623-eb547cd03368,c383dd94-afcf-4959-9418-743efb8f95e8,,,,1.0000,1000000.00,0,,2026-07-31T11:49:22.205Z,,,,false
71b44f12-059d-4c03-ba86-6ca9006e63ab,40995f68-2c07-41c7-a623-eb547cd03368,c383dd94-afcf-4959-9418-743efb8f95e8,,,,1.0000,2500000.00,0,,2026-07-31T11:49:22.229Z,,,,false
f9adf88d-89b0-4527-b919-264ba2ccea1c,40995f68-2c07-41c7-a623-eb547cd03368,c383dd94-afcf-4959-9418-743efb8f95e8,,,,1.0000,500000.00,0,,2026-07-31T11:49:22.253Z,,,,false
27d170e4-0551-49b8-9c63-c5fb230a1046,ca057d08-778f-4317-950f-ffcc6202740a,c383dd94-afcf-4959-9418-743efb8f95e8,,,,7.0000,9999999.00,0,,2026-07-31T11:49:23.006Z,,,,false
fd3dd8bc-7f9f-4c74-a329-a46955b87df1,6fa1eb4c-ca2b-49cd-907e-825fb280c2ce,c383dd94-afcf-4959-9418-743efb8f95e8,,,,10.0000,5000000.00,0,,2026-07-31T11:49:23.399Z,,,,false
f783dc9e-e496-43a7-80b8-90886bd0dd55,6cf70c55-eb74-4435-831d-1c0567230e6d,c383dd94-afcf-4959-9418-743efb8f95e8,,,,10.0000,5000000.00,0,,2026-07-31T11:49:24.189Z,,,,false
bc685634-fe0d-48ef-82ae-f6f69dca45ae,1d7bbf11-c46f-4f14-986f-da1059a475b1,c383dd94-afcf-4959-9418-743efb8f95e8,,,,10.0000,5000000.00,0,,2026-07-31T11:49:25.220Z,,,,false
63817f8c-d52c-4e5f-ba3c-cdc690452f22,b49eaae9-3ba2-4023-b35e-ab58e76ca6bb,c383dd94-afcf-4959-9418-743efb8f95e8,,,,10.0000,5000000.00,0,,2026-07-31T11:49:25.775Z,,,,false
45efe38e-7433-46bb-94ac-38f1e8d9f832,fcca6a80-9d7a-48c7-8979-8a841b43fe1c,c383dd94-afcf-4959-9418-743efb8f95e8,,,,10.0000,5000000.00,0,,2026-07-31T11:49:26.284Z,,,,false
5c1aa8db-7cf7-4b4e-a262-d7123a503bb9,52f7bc15-383a-4769-9620-aa94502dbd4b,c383dd94-afcf-4959-9418-743efb8f95e8,,,,10.0000,5000000.00,0,,2026-07-31T11:49:27.830Z,,,,false
c8d4a403-eb45-487b-9cfe-8f89bba75b8e,0accbbe7-5c8e-426f-ad72-0d5fc62ae2f2,c383dd94-afcf-4959-9418-743efb8f95e8,,,,10.0000,5000000.00,0,,2026-07-31T11:49:28.713Z,,,,false
466f167d-849b-439c-ae5f-f9da1a9e2677,0accbbe7-5c8e-426f-ad72-0d5fc62ae2f2,c383dd94-afcf-4959-9418-743efb8f95e8,,,,5.0000,1000.00,0,,2026-07-31T11:49:29.700Z,,,,false
c2bde8db-8deb-46a8-8076-a9c9e08df829,55a81572-f391-4ef7-8b6a-b5e96a55051e,c383dd94-afcf-4959-9418-743efb8f95e8,,,,1.0000,1000000.00,0,,2026-07-31T12:17:12.808Z,,,,false
ef8fdc1d-56a8-471e-b12f-273f430cde9d,55a81572-f391-4ef7-8b6a-b5e96a55051e,c383dd94-afcf-4959-9418-743efb8f95e8,,,,1.0000,2500000.00,0,,2026-07-31T12:17:12.837Z,,,,false
8c1e8146-ab30-408b-8f53-a621c4f5dcf4,55a81572-f391-4ef7-8b6a-b5e96a55051e,c383dd94-afcf-4959-9418-743efb8f95e8,,,,1.0000,500000.00,0,,2026-07-31T12:17:12.862Z,,,,false
90fc4f4d-3cd9-467f-afa7-95283b721865,5a7992f0-1fe5-4da3-bd12-30d9c443febc,c383dd94-afcf-4959-9418-743efb8f95e8,,,,7.0000,9999999.00,0,,2026-07-31T12:17:13.603Z,,,,false
8cf5eb5c-c61c-4274-bb34-c41eee40f8ce,e9d39b0b-265c-470f-9f89-e23b983e04e8,c383dd94-afcf-4959-9418-743efb8f95e8,,,,10.0000,5000000.00,0,,2026-07-31T12:17:14.015Z,,,,false
2e5091ab-db64-4694-bf9f-1718fe0da3ac,d0b7320b-10d3-47f8-96e4-8cba1ade3009,c383dd94-afcf-4959-9418-743efb8f95e8,,,,10.0000,5000000.00,0,,2026-07-31T12:17:14.814Z,,,,false
9bec77dd-ceec-4d20-b611-c3ec24ef1d50,4b4032fc-2c9f-4354-97e4-618a91ef8ffd,c383dd94-afcf-4959-9418-743efb8f95e8,,,,10.0000,5000000.00,0,,2026-07-31T12:17:16.076Z,,,,false
d6860ed4-cda8-408c-81bb-543a80a3ab41,1dde0ec7-ffcb-449f-9556-cb305401cd35,c383dd94-afcf-4959-9418-743efb8f95e8,,,,10.0000,5000000.00,0,,2026-07-31T12:17:16.728Z,,,,false
9a43eefe-2fd5-4d67-bdf3-3c525f8a3fe1,6249ded5-b0cf-4c6e-86e4-ea9eb2cdb7cc,c383dd94-afcf-4959-9418-743efb8f95e8,,,,10.0000,5000000.00,0,,2026-07-31T12:17:17.227Z,,,,false
0f98cba6-ca6b-4340-99de-fba50e052a73,3a88ca33-a74b-4f67-af64-7ebbe47f5783,c383dd94-afcf-4959-9418-743efb8f95e8,,,,10.0000,5000000.00,0,,2026-07-31T12:17:18.747Z,,,,false
1129c4c5-5dee-4fc8-93c3-c2372c15f642,6c25c593-8b5d-4e74-9168-c42e6166d2d3,c383dd94-afcf-4959-9418-743efb8f95e8,,,,10.0000,5000000.00,0,,2026-07-31T12:17:19.594Z,,,,false
f5dc80c8-84f0-47ef-83e3-b4a9054ac814,6c25c593-8b5d-4e74-9168-c42e6166d2d3,c383dd94-afcf-4959-9418-743efb8f95e8,,,,5.0000,1000.00,0,,2026-07-31T12:17:20.342Z,,,,false
5825ea50-1416-44ef-acfc-3ecc326984b1,ac9ace10-74ed-4446-8d42-f3f20b0fa5b2,c383dd94-afcf-4959-9418-743efb8f95e8,,,,1.0000,1000000.00,0,,2026-07-31T12:24:11.323Z,,,,false
80609a8a-6a3e-4778-be92-eac8488bcc78,ac9ace10-74ed-4446-8d42-f3f20b0fa5b2,c383dd94-afcf-4959-9418-743efb8f95e8,,,,1.0000,2500000.00,0,,2026-07-31T12:24:11.348Z,,,,false
70bab5ef-a4fd-468d-9656-836754496f41,ac9ace10-74ed-4446-8d42-f3f20b0fa5b2,c383dd94-afcf-4959-9418-743efb8f95e8,,,,1.0000,500000.00,0,,2026-07-31T12:24:11.372Z,,,,false
e171594b-dcd6-4d35-85b0-d5633964b6a4,3b99b4bc-c18e-4fa1-a6d2-2b8739545abd,c383dd94-afcf-4959-9418-743efb8f95e8,,,,7.0000,9999999.00,0,,2026-07-31T12:24:12.439Z,,,,false
aff839fd-f573-4004-a3e7-466c44c4adb7,96b77443-dff6-4950-87c8-981bbf5f38c5,c383dd94-afcf-4959-9418-743efb8f95e8,,,,10.0000,5000000.00,0,,2026-07-31T12:24:12.906Z,,,,false
b62a71bd-a440-422f-8737-db1642102ba5,d921db46-49c9-45fc-95e9-396be66693b6,c383dd94-afcf-4959-9418-743efb8f95e8,,,,10.0000,5000000.00,0,,2026-07-31T12:24:13.824Z,,,,false
07effde0-ce6a-4a3d-b8d9-6091210ce22f,d26ce577-65d0-4e64-b004-9b131ad957f2,c383dd94-afcf-4959-9418-743efb8f95e8,,,,10.0000,5000000.00,0,,2026-07-31T12:24:15.111Z,,,,false
2a545395-0178-4907-a27a-4dfed9d58a2c,4325d86c-4acc-4515-84e9-2deaeb1a01d1,c383dd94-afcf-4959-9418-743efb8f95e8,,,,10.0000,5000000.00,0,,2026-07-31T12:24:15.698Z,,,,false
d62a55e7-b364-4565-8b91-41e8bfe2e205,b0ed6f1e-5fb2-4f59-b803-29edc7d4d99e,c383dd94-afcf-4959-9418-743efb8f95e8,,,,10.0000,5000000.00,0,,2026-07-31T12:24:16.090Z,,,,false
9219a5dc-9ac8-466a-ab1b-19a91b32cb25,de10bad9-7c50-44be-8c57-ca794574a0bc,c383dd94-afcf-4959-9418-743efb8f95e8,,,,10.0000,5000000.00,0,,2026-07-31T12:24:17.663Z,,,,false
2ea55c8e-9b13-49aa-ad20-973bcbb01f89,e1b2dace-7079-49e5-a5f9-16d55a06d9f4,c383dd94-afcf-4959-9418-743efb8f95e8,,,,10.0000,5000000.00,0,,2026-07-31T12:24:18.459Z,,,,false
cdce51b9-6646-493c-ac97-eaca424ee12a,e1b2dace-7079-49e5-a5f9-16d55a06d9f4,c383dd94-afcf-4959-9418-743efb8f95e8,,,,5.0000,1000.00,0,,2026-07-31T12:24:19.271Z,,,,false
339a8b50-ba9f-40ba-b2cd-5294c28e9b3e,9aae62b1-a576-4eb8-9c9c-87afba91ba98,c383dd94-afcf-4959-9418-743efb8f95e8,,,,1.0000,1000000.00,0,,2026-07-31T12:46:56.859Z,,,,false
39f0de9f-7714-4f33-ac0c-a32ce96de863,9aae62b1-a576-4eb8-9c9c-87afba91ba98,c383dd94-afcf-4959-9418-743efb8f95e8,,,,1.0000,2500000.00,0,,2026-07-31T12:46:56.883Z,,,,false
5108c46a-4887-4ebb-a5a2-641fcbe1f72a,9aae62b1-a576-4eb8-9c9c-87afba91ba98,c383dd94-afcf-4959-9418-743efb8f95e8,,,,1.0000,500000.00,0,,2026-07-31T12:46:56.904Z,,,,false
f4411d13-e861-4361-a285-3fa2190217ec,4ff99123-8c23-463e-897a-7a281189276f,c383dd94-afcf-4959-9418-743efb8f95e8,,,,7.0000,9999999.00,0,,2026-07-31T12:46:57.678Z,,,,false
f2aa31a6-7b1c-4a49-9e30-fc0be6139828,660e3c8a-465a-4584-9995-e4a6221c2c35,c383dd94-afcf-4959-9418-743efb8f95e8,,,,10.0000,5000000.00,0,,2026-07-31T12:46:58.132Z,,,,false
ad639624-9d71-4446-be84-3586366f340c,659399ae-eecb-476a-ab5e-a18b10e80bd4,c383dd94-afcf-4959-9418-743efb8f95e8,,,,10.0000,5000000.00,0,,2026-07-31T12:46:59.092Z,,,,false
01fdb3a2-5e69-45a3-bba6-78f6e3fe62ad,aa419e69-8e8f-44a7-b2e9-75a312945c6b,c383dd94-afcf-4959-9418-743efb8f95e8,,,,10.0000,5000000.00,0,,2026-07-31T12:47:00.595Z,,,,false
ceefb907-e514-4a7a-b66c-316dd0e314ca,4e597537-9559-4250-9a8f-d081f70d0d47,c383dd94-afcf-4959-9418-743efb8f95e8,,,,10.0000,5000000.00,0,,2026-07-31T12:47:01.314Z,,,,false
df717b5e-d97b-4663-aa4b-1dbed1c5a7dd,ee255564-2dbb-4466-bf31-119da9666b78,c383dd94-afcf-4959-9418-743efb8f95e8,,,,10.0000,5000000.00,0,,2026-07-31T12:47:01.995Z,,,,false
ab0f85f7-bbbe-41a2-8c77-07d49b60beef,bab05274-abad-4b0c-9f7e-aa9c5c31c0c7,c383dd94-afcf-4959-9418-743efb8f95e8,,,,10.0000,5000000.00,0,,2026-07-31T12:47:03.952Z,,,,false
82af8faa-cfd1-4ea2-b5b4-e4bb3c541202,e79edb9b-15af-427f-8264-ac0dcdd6c126,c383dd94-afcf-4959-9418-743efb8f95e8,,,,10.0000,5000000.00,0,,2026-07-31T12:47:04.855Z,,,,false
cd405cfc-a0c9-4b26-b791-7eb88212fcfe,e79edb9b-15af-427f-8264-ac0dcdd6c126,c383dd94-afcf-4959-9418-743efb8f95e8,,,,5.0000,1000.00,0,,2026-07-31T12:47:05.834Z,,,,false
c3005bf4-c74e-46ec-a454-2f7623887706,6f86750a-8908-411c-8edf-60096aeeb5c5,c383dd94-afcf-4959-9418-743efb8f95e8,,,,1.0000,1000000.00,0,,2026-07-31T13:07:46.010Z,,,,false
740f239e-7eb1-4dc0-946b-9a0535139464,6f86750a-8908-411c-8edf-60096aeeb5c5,c383dd94-afcf-4959-9418-743efb8f95e8,,,,1.0000,2500000.00,0,,2026-07-31T13:07:46.038Z,,,,false
bee043ba-78c8-4d06-958c-633fd794feca,6f86750a-8908-411c-8edf-60096aeeb5c5,c383dd94-afcf-4959-9418-743efb8f95e8,,,,1.0000,500000.00,0,,2026-07-31T13:07:46.063Z,,,,false
a2cc317a-b423-4d47-b279-5a2c0e8adeb5,b388370a-9db9-46ae-93e3-acebb7c80423,c383dd94-afcf-4959-9418-743efb8f95e8,,,,7.0000,9999999.00,0,,2026-07-31T13:07:47.039Z,,,,false
54004786-ddc4-4570-aa5f-8edeacda1a1b,c3f25709-5bf7-498d-9004-0ef2502f0526,c383dd94-afcf-4959-9418-743efb8f95e8,,,,10.0000,5000000.00,0,,2026-07-31T13:07:47.607Z,,,,false
94b0cfe7-bd3e-40bd-86a8-691e6d851010,e04342d1-201d-4f54-bb1e-cab3ec408978,c383dd94-afcf-4959-9418-743efb8f95e8,,,,10.0000,5000000.00,0,,2026-07-31T13:07:48.556Z,,,,false
a92bf79d-fc9a-46c9-9470-a60c8741c2b5,68c5a22c-d9ef-4c44-a637-a78d1e784856,c383dd94-afcf-4959-9418-743efb8f95e8,,,,10.0000,5000000.00,0,,2026-07-31T13:07:50.183Z,,,,false
ea771f0b-7a14-498f-bfdd-92e51bbf268d,d80aa27d-e0b4-40e6-84c0-7e1c0935e8bd,c383dd94-afcf-4959-9418-743efb8f95e8,,,,10.0000,5000000.00,0,,2026-07-31T13:07:50.908Z,,,,false
0aed44d1-4d8e-4a38-8ceb-799e593baab7,cd3b98b4-20f9-47aa-af43-20640d43e659,c383dd94-afcf-4959-9418-743efb8f95e8,,,,10.0000,5000000.00,0,,2026-07-31T13:07:51.367Z,,,,false
2c70ca2b-96a9-4e85-addc-2f755068c827,b9380eed-a7e1-4f64-9ad6-f90bf8c12a26,c383dd94-afcf-4959-9418-743efb8f95e8,,,,10.0000,5000000.00,0,,2026-07-31T13:07:53.048Z,,,,false
ea2993b2-0073-43db-8ba6-8ef24df82bfd,edbe6cd1-b8c4-411d-ac11-ae7febcfd55d,c383dd94-afcf-4959-9418-743efb8f95e8,,,,10.0000,5000000.00,0,,2026-07-31T13:07:54.084Z,,,,false
d819d9d3-f6d2-4ac1-9a80-919e30775e79,edbe6cd1-b8c4-411d-ac11-ae7febcfd55d,c383dd94-afcf-4959-9418-743efb8f95e8,,,,5.0000,1000.00,0,,2026-07-31T13:07:55.131Z,,,,false
96870f3f-f324-4013-85fb-a218906618fe,bb935c62-f0fa-4bbc-8be7-4c0d8c44fafd,c383dd94-afcf-4959-9418-743efb8f95e8,,,,1.0000,1000000.00,0,,2026-07-31T13:44:03.335Z,,,,false
9c7f3b86-dd98-4b32-9dec-aee4e3bb482d,bb935c62-f0fa-4bbc-8be7-4c0d8c44fafd,c383dd94-afcf-4959-9418-743efb8f95e8,,,,1.0000,2500000.00,0,,2026-07-31T13:44:03.363Z,,,,false
7036bbb6-346d-4095-b547-44c4d3bc1641,bb935c62-f0fa-4bbc-8be7-4c0d8c44fafd,c383dd94-afcf-4959-9418-743efb8f95e8,,,,1.0000,500000.00,0,,2026-07-31T13:44:03.386Z,,,,false
7e50033a-78d8-4fdd-881d-82b7d74f68d8,4f15d1ef-8171-4c5b-91ec-c299c5bc2909,c383dd94-afcf-4959-9418-743efb8f95e8,,,,7.0000,9999999.00,0,,2026-07-31T13:44:04.253Z,,,,false
33cd9312-0e5f-4879-b1b1-42742bfef711,8b6b9442-278e-4237-8e3b-4d0c0b17989e,c383dd94-afcf-4959-9418-743efb8f95e8,,,,10.0000,5000000.00,0,,2026-07-31T13:44:04.703Z,,,,false
5922298e-2952-4c11-9985-4e4d300b671d,e7fae91c-6ab9-42bf-8ab6-f1622bec7497,c383dd94-afcf-4959-9418-743efb8f95e8,,,,10.0000,5000000.00,0,,2026-07-31T13:44:05.902Z,,,,false
24012a44-03d9-4105-a4dd-4360359bc2f1,5b4b7902-4d0d-4090-8242-6edb10872114,c383dd94-afcf-4959-9418-743efb8f95e8,,,,10.0000,5000000.00,0,,2026-07-31T13:44:07.041Z,,,,false
89726d1c-04f9-4580-a808-1a139d9e0d4a,83815efb-6343-4358-ae10-6ceae69b9c83,c383dd94-afcf-4959-9418-743efb8f95e8,,,,10.0000,5000000.00,0,,2026-07-31T13:44:07.670Z,,,,false
141cbb75-d675-4e46-a1ec-9acf6cedbff6,a5ca99b6-db8f-4987-9b00-a907f4199a36,c383dd94-afcf-4959-9418-743efb8f95e8,,,,10.0000,5000000.00,0,,2026-07-31T13:44:08.142Z,,,,false
b2b34395-bf37-47f6-b898-64a00bf1b3b6,dac66956-ec91-45df-b9ad-7f39590307e2,c383dd94-afcf-4959-9418-743efb8f95e8,,,,10.0000,5000000.00,0,,2026-07-31T13:44:09.779Z,,,,false
47f2417e-2a81-4d4f-b047-4b36c3ac4a4c,3df7e37e-560f-4a4c-89a1-5d7933db5a7a,c383dd94-afcf-4959-9418-743efb8f95e8,,,,10.0000,5000000.00,0,,2026-07-31T13:44:10.782Z,,,,false
b51052a2-950d-4c5e-b01c-489b3379fa6d,3df7e37e-560f-4a4c-89a1-5d7933db5a7a,c383dd94-afcf-4959-9418-743efb8f95e8,,,,5.0000,1000.00,0,,2026-07-31T13:44:11.660Z,,,,false
66027f2d-11f5-4eb5-a81a-93d41909108d,1736ef7e-e983-4661-a907-fe453eb21f8d,c383dd94-afcf-4959-9418-743efb8f95e8,,,,1.0000,1000000.00,0,,2026-08-01T04:34:02.564Z,,,,false
76f1423d-31dd-41b0-8872-829953dfff35,1736ef7e-e983-4661-a907-fe453eb21f8d,c383dd94-afcf-4959-9418-743efb8f95e8,,,,1.0000,2500000.00,0,,2026-08-01T04:34:02.589Z,,,,false
c4c91986-2564-4988-8315-e7a08dbb91e3,1736ef7e-e983-4661-a907-fe453eb21f8d,c383dd94-afcf-4959-9418-743efb8f95e8,,,,1.0000,500000.00,0,,2026-08-01T04:34:02.611Z,,,,false
746e3115-b65f-414a-bc14-c52aebe9f8b7,fe34dfa5-22fd-4b06-b54b-eb51225eb119,c383dd94-afcf-4959-9418-743efb8f95e8,,,,1.0000,1000000.00,0,,2026-07-31T14:43:04.033Z,,,,false
4d7d3df3-6ee8-4099-808e-354f075e192d,fe34dfa5-22fd-4b06-b54b-eb51225eb119,c383dd94-afcf-4959-9418-743efb8f95e8,,,,1.0000,2500000.00,0,,2026-07-31T14:43:04.061Z,,,,false
7c78ecbd-839d-4331-98c2-5091be33078b,fe34dfa5-22fd-4b06-b54b-eb51225eb119,c383dd94-afcf-4959-9418-743efb8f95e8,,,,1.0000,500000.00,0,,2026-07-31T14:43:04.084Z,,,,false
6e327be9-3b5b-4a7c-8df9-c7121994a053,7f71cce6-98a8-4698-9b24-132ed2744f1d,c383dd94-afcf-4959-9418-743efb8f95e8,,,,7.0000,9999999.00,0,,2026-07-31T14:43:04.836Z,,,,false
8b4a5ad7-5d93-4c1b-a760-46f9a6848bf8,fc4cddc5-c6f2-4be3-86b7-d1560015be68,c383dd94-afcf-4959-9418-743efb8f95e8,,,,10.0000,5000000.00,0,,2026-07-31T14:43:05.245Z,,,,false
c90388a8-8766-4cf2-ab5a-2338f00d53a0,1c12f9ef-2a6c-44e7-989f-3fcaddf2c51e,c383dd94-afcf-4959-9418-743efb8f95e8,,,,10.0000,5000000.00,0,,2026-07-31T14:43:06.883Z,,,,false
6511ff7c-f6a6-43b5-9d34-d06f9974b1fd,6daea61e-9a81-4b28-9396-e727a448310a,c383dd94-afcf-4959-9418-743efb8f95e8,,,,10.0000,5000000.00,0,,2026-07-31T14:43:08.108Z,,,,false
658c0b2b-1ef9-4355-ba8b-a425ec0b09bc,dfb0cd8d-8141-4ee5-bb88-b9c47acf15e4,c383dd94-afcf-4959-9418-743efb8f95e8,,,,10.0000,5000000.00,0,,2026-07-31T14:43:08.733Z,,,,false
3d4b76f3-7fac-4080-9185-ef58a05de64d,2b2e516e-c206-4f7d-8c00-b5d25eff6f9d,c383dd94-afcf-4959-9418-743efb8f95e8,,,,10.0000,5000000.00,0,,2026-07-31T14:43:09.220Z,,,,false
5fa6f273-4a76-4841-849a-c9146a57135a,7dfce7c9-87e4-4e1e-892a-c204480c5ad8,c383dd94-afcf-4959-9418-743efb8f95e8,,,,10.0000,5000000.00,0,,2026-07-31T14:43:10.970Z,,,,false
58d82438-a31c-437f-bf6f-84f1cc845302,2831ff81-f3b9-4aa6-9f38-14c080c13545,c383dd94-afcf-4959-9418-743efb8f95e8,,,,10.0000,5000000.00,0,,2026-07-31T14:43:11.817Z,,,,false
b6d4a256-449e-48f3-8557-cd901c769ba3,2831ff81-f3b9-4aa6-9f38-14c080c13545,c383dd94-afcf-4959-9418-743efb8f95e8,,,,5.0000,1000.00,0,,2026-07-31T14:43:12.625Z,,,,false
e32fe3d3-b3e8-4909-9c2c-6cb850d57d70,4b21d3f2-afdb-4960-b498-d7fc6beca344,c383dd94-afcf-4959-9418-743efb8f95e8,,,,7.0000,9999999.00,0,,2026-08-01T04:34:03.427Z,,,,false
f27e8864-7ec8-493e-8b98-04efed4923d4,a40f7c32-cd3c-42c4-9fd8-f7ac6fbdafcb,c383dd94-afcf-4959-9418-743efb8f95e8,,,,10.0000,5000000.00,0,,2026-08-01T04:34:03.942Z,,,,false
122714bc-6a46-40f2-b39a-d13ac83c5ec9,dda13334-c92e-4215-9b8c-43460335fcc0,c383dd94-afcf-4959-9418-743efb8f95e8,,,,10.0000,5000000.00,0,,2026-08-01T04:34:04.686Z,,,,false
251029ca-919b-41ce-b436-bbab33af1e5e,4d1561ec-792e-4bbe-be21-32f34ab5eaaa,c383dd94-afcf-4959-9418-743efb8f95e8,,,,10.0000,5000000.00,0,,2026-08-01T04:34:05.751Z,,,,false
e38459d9-7777-47ce-98f9-744b02180a64,9ac0f889-e7f8-41ee-8041-f4e8824e8328,c383dd94-afcf-4959-9418-743efb8f95e8,,,,10.0000,5000000.00,0,,2026-08-01T04:34:06.285Z,,,,false
ce1bd9e5-b9ad-42f6-a959-6464231079b8,87df5c92-3788-4a13-8ca9-0fe0a58e701a,c383dd94-afcf-4959-9418-743efb8f95e8,,,,10.0000,5000000.00,0,,2026-08-01T04:34:06.638Z,,,,false
184e9534-688f-4dd7-87fb-1ed7ecf97459,679393db-ceea-4266-9ef1-dd866e8403fe,c383dd94-afcf-4959-9418-743efb8f95e8,,,,10.0000,5000000.00,0,,2026-08-01T04:34:07.925Z,,,,false
5761843a-71cb-45bf-860b-c8d1964808bb,099292b6-afc1-4619-a3af-ae4f5131c0d1,c383dd94-afcf-4959-9418-743efb8f95e8,,,,10.0000,5000000.00,0,,2026-08-01T04:34:08.834Z,,,,false
8e056616-bf4d-4239-8833-79535906cd79,099292b6-afc1-4619-a3af-ae4f5131c0d1,c383dd94-afcf-4959-9418-743efb8f95e8,,,,5.0000,1000.00,0,,2026-08-01T04:34:09.596Z,,,,false
90970306-03b1-42e8-8ed5-011b9abf1009,1e88ee6f-d506-42e8-a477-e56297f63a5a,c383dd94-afcf-4959-9418-743efb8f95e8,,,,1.0000,1000000.00,0,,2026-07-31T14:46:13.428Z,,,,false
a6232055-76d2-4e31-b2fb-e085b417ab8f,1e88ee6f-d506-42e8-a477-e56297f63a5a,c383dd94-afcf-4959-9418-743efb8f95e8,,,,1.0000,2500000.00,0,,2026-07-31T14:46:13.457Z,,,,false
77070691-b55e-46ce-9fe9-53b58fb02598,1e88ee6f-d506-42e8-a477-e56297f63a5a,c383dd94-afcf-4959-9418-743efb8f95e8,,,,1.0000,500000.00,0,,2026-07-31T14:46:13.481Z,,,,false
2719aa93-9b21-4c1f-8a8e-4b7a47800611,a8ca4052-b1b1-4620-88fc-01abddfb9a45,c383dd94-afcf-4959-9418-743efb8f95e8,,,,7.0000,9999999.00,0,,2026-07-31T14:46:14.322Z,,,,false
04f604b0-a874-49d8-ab04-ac40aab15103,c2ab2e18-6ce3-4eb6-a9a8-3aa172ac70be,c383dd94-afcf-4959-9418-743efb8f95e8,,,,10.0000,5000000.00,0,,2026-07-31T14:46:14.782Z,,,,false
35245187-eca1-4ec0-adb0-3dc02d973c6b,f17a624d-7b73-46c8-bb4a-3cfdca84f226,c383dd94-afcf-4959-9418-743efb8f95e8,,,,10.0000,5000000.00,0,,2026-07-31T14:46:15.600Z,,,,false
49f20359-7782-417e-b9a3-b8a4bb0ec2a8,b8a8b1ed-142f-4feb-a92e-de6e5cd64b02,c383dd94-afcf-4959-9418-743efb8f95e8,,,,10.0000,5000000.00,0,,2026-07-31T14:46:16.850Z,,,,false
fcaa924c-a311-427e-8953-d4ffc6a4805c,5581aeef-213d-46f8-b50d-a0946fec8eb9,c383dd94-afcf-4959-9418-743efb8f95e8,,,,10.0000,5000000.00,0,,2026-07-31T14:46:17.451Z,,,,false
60b2f9ad-d7e5-473d-bac6-ea78c6aa4833,b1800464-d55f-4418-bd88-aa243de24d36,c383dd94-afcf-4959-9418-743efb8f95e8,,,,10.0000,5000000.00,0,,2026-07-31T14:46:17.888Z,,,,false
725d3118-f6fa-4ce9-8942-bf1364623d44,a683563b-a073-4617-8152-85e2bbab8850,c383dd94-afcf-4959-9418-743efb8f95e8,,,,10.0000,5000000.00,0,,2026-07-31T14:46:19.306Z,,,,false
84003ba7-8643-4e62-8496-97b10d83b205,e3078437-a86d-4233-8ccf-2ed884a7e924,c383dd94-afcf-4959-9418-743efb8f95e8,,,,10.0000,5000000.00,0,,2026-07-31T14:46:20.251Z,,,,false
bf28d173-04e3-4a50-b0bb-15ee1cda5f8b,e3078437-a86d-4233-8ccf-2ed884a7e924,c383dd94-afcf-4959-9418-743efb8f95e8,,,,5.0000,1000.00,0,,2026-07-31T14:46:21.043Z,,,,false
39b71e5d-cf53-4754-8c22-b0fcb888a983,cfab1613-56e0-4d25-a4ad-e997511d6f06,c383dd94-afcf-4959-9418-743efb8f95e8,,,,1.0000,1000000.00,0,,2026-08-01T07:38:43.186Z,,,,false
a3ff7c85-c4a0-48ac-8600-a2e633654401,cfab1613-56e0-4d25-a4ad-e997511d6f06,c383dd94-afcf-4959-9418-743efb8f95e8,,,,1.0000,2500000.00,0,,2026-08-01T07:38:43.210Z,,,,false
dbe7a26e-1f43-4d91-8729-197e5bc966a1,cfab1613-56e0-4d25-a4ad-e997511d6f06,c383dd94-afcf-4959-9418-743efb8f95e8,,,,1.0000,500000.00,0,,2026-08-01T07:38:43.234Z,,,,false
8677f976-4990-40f9-b267-35597a0f7d0c,588bfdb0-24c4-4e74-8624-ee7c2fa8f95c,c383dd94-afcf-4959-9418-743efb8f95e8,,,,7.0000,9999999.00,0,,2026-08-01T07:38:43.917Z,,,,false
b626ed08-7be1-4bdf-89a9-47d693862f41,ff8192dc-8238-42ed-9ad5-f868fa80db6b,c383dd94-afcf-4959-9418-743efb8f95e8,,,,1.0000,1000000.00,0,,2026-07-31T14:49:14.864Z,,,,false
01a7d64c-2b47-488a-92ed-dc2b92de2772,ff8192dc-8238-42ed-9ad5-f868fa80db6b,c383dd94-afcf-4959-9418-743efb8f95e8,,,,1.0000,2500000.00,0,,2026-07-31T14:49:14.887Z,,,,false
1e21e6ee-4c01-4305-9012-8a35fd6a6879,ff8192dc-8238-42ed-9ad5-f868fa80db6b,c383dd94-afcf-4959-9418-743efb8f95e8,,,,1.0000,500000.00,0,,2026-07-31T14:49:14.910Z,,,,false
fa7a5ca1-5b0b-42c7-8354-702be76ee765,5423cce1-9727-40af-b8c8-c348773bd197,c383dd94-afcf-4959-9418-743efb8f95e8,,,,7.0000,9999999.00,0,,2026-07-31T14:49:15.644Z,,,,false
d5c73d41-6b02-43a3-90b0-da596f812bc6,b9323aad-835f-45da-a1f8-d64e2330350d,c383dd94-afcf-4959-9418-743efb8f95e8,,,,10.0000,5000000.00,0,,2026-07-31T14:49:16.053Z,,,,false
7cc96e1c-9270-484c-b55d-1e01eedad808,4a81dce9-d9f7-40fb-9ea8-b7b3c2b47a94,c383dd94-afcf-4959-9418-743efb8f95e8,,,,10.0000,5000000.00,0,,2026-07-31T14:49:16.797Z,,,,false
73d81cd3-ce33-403a-beb6-1896bab2df67,76249004-7c66-496d-82d5-5b6318aff933,c383dd94-afcf-4959-9418-743efb8f95e8,,,,10.0000,5000000.00,0,,2026-07-31T14:49:18.143Z,,,,false
d62b89c9-e3d8-4104-93e3-8c10a92c9279,7f2b7f2c-a1d7-4b13-8e5f-0d3a7bdfaecd,c383dd94-afcf-4959-9418-743efb8f95e8,,,,10.0000,5000000.00,0,,2026-07-31T14:49:18.726Z,,,,false
7635f63d-eb21-4cc3-a452-cb8852b91cab,690cb868-6fd3-4310-9a83-2c8815179188,c383dd94-afcf-4959-9418-743efb8f95e8,,,,10.0000,5000000.00,0,,2026-07-31T14:49:19.178Z,,,,false
e8e25b7a-33fa-4f55-8ff9-7aa65aeb3587,d5d4697e-7e02-4a21-b38a-e8d7ec7adfe7,c383dd94-afcf-4959-9418-743efb8f95e8,,,,10.0000,5000000.00,0,,2026-07-31T14:49:20.699Z,,,,false
430e93c4-ab89-42bc-8f5a-c57aa53f4bb3,88ada859-e001-41b4-8f3f-73bf8ee886b8,c383dd94-afcf-4959-9418-743efb8f95e8,,,,10.0000,5000000.00,0,,2026-07-31T14:49:21.616Z,,,,false
fba5b822-f357-4427-b41d-8a4dea52ca2c,88ada859-e001-41b4-8f3f-73bf8ee886b8,c383dd94-afcf-4959-9418-743efb8f95e8,,,,5.0000,1000.00,0,,2026-07-31T14:49:22.419Z,,,,false
66e50d1c-90d0-4217-b539-aff53a5dc973,1afe6fdc-9b6f-46cd-8db2-68f77e76fdcb,c383dd94-afcf-4959-9418-743efb8f95e8,,,,10.0000,5000000.00,0,,2026-08-01T07:38:44.327Z,,,,false
c9e2d27e-1031-4bd1-ad7d-1af2dc81df3d,4d181eb8-4d25-4ccc-981c-5185f8d26818,c383dd94-afcf-4959-9418-743efb8f95e8,,,,10.0000,5000000.00,0,,2026-08-01T07:38:45.179Z,,,,false
b58555db-b7b5-4ebb-a4e2-a16b9b37d804,0c846e88-2c83-46a8-8553-40cef0979e9b,c383dd94-afcf-4959-9418-743efb8f95e8,,,,10.0000,5000000.00,0,,2026-08-01T07:38:46.228Z,,,,false
076feaf7-2276-4dfd-9f47-d3a447432695,8094fd24-cb51-4c5e-bdf1-8a79ffc5d091,c383dd94-afcf-4959-9418-743efb8f95e8,,,,10.0000,5000000.00,0,,2026-08-01T07:38:46.789Z,,,,false
52db495e-bede-4a3a-b786-9bd70d73342f,5f107813-7aca-40cc-8786-9019f8931d01,c383dd94-afcf-4959-9418-743efb8f95e8,,,,10.0000,5000000.00,0,,2026-08-01T07:38:47.199Z,,,,false
72957bd4-885b-4f41-952c-5e8a70711022,0e05c2c1-01a3-4a68-a5a0-3275fe21f8df,c383dd94-afcf-4959-9418-743efb8f95e8,,,,1.0000,1000000.00,0,,2026-07-31T14:52:21.581Z,,,,false
a750c707-ac57-4fe7-9b2b-3994543d6a13,0e05c2c1-01a3-4a68-a5a0-3275fe21f8df,c383dd94-afcf-4959-9418-743efb8f95e8,,,,1.0000,2500000.00,0,,2026-07-31T14:52:21.606Z,,,,false
b733e32c-e297-4cb6-959b-e45e4df636df,0e05c2c1-01a3-4a68-a5a0-3275fe21f8df,c383dd94-afcf-4959-9418-743efb8f95e8,,,,1.0000,500000.00,0,,2026-07-31T14:52:21.630Z,,,,false
6cd3c8b6-c0cc-4dda-90fd-fb8d15048a54,b51449c6-fb61-4e3d-a0ed-46be2e04abcd,c383dd94-afcf-4959-9418-743efb8f95e8,,,,7.0000,9999999.00,0,,2026-07-31T14:52:22.310Z,,,,false
96a01372-7713-4ebc-a7e2-d2ec080f22a8,17527dd4-7152-4db9-8e45-ba32f9233a8a,c383dd94-afcf-4959-9418-743efb8f95e8,,,,10.0000,5000000.00,0,,2026-07-31T14:52:22.708Z,,,,false
ddbe57b2-b076-4481-bf2f-2a1403089757,75a5e477-4c9b-43eb-b63b-e9a5e424ef37,c383dd94-afcf-4959-9418-743efb8f95e8,,,,10.0000,5000000.00,0,,2026-07-31T14:52:23.479Z,,,,false
dc6c32c6-4bae-4ad2-8bc4-7314d72f5791,15eeb15e-868d-4341-9467-83fab7740cb4,c383dd94-afcf-4959-9418-743efb8f95e8,,,,10.0000,5000000.00,0,,2026-07-31T14:52:24.848Z,,,,false
009b4265-692d-4474-a08a-8b6899c2de3e,538a73ea-5303-48dd-af54-b241ab3dc331,c383dd94-afcf-4959-9418-743efb8f95e8,,,,10.0000,5000000.00,0,,2026-07-31T14:52:25.576Z,,,,false
ae15515c-382c-4a28-9859-6877f705456c,5299b21f-eb0a-49d3-ae09-e40e1c8b0e53,c383dd94-afcf-4959-9418-743efb8f95e8,,,,10.0000,5000000.00,0,,2026-07-31T14:52:26.012Z,,,,false
132b3556-4e0b-45e3-a625-1cb1dacd74c9,cd2e06b1-dc3b-4650-8486-be4e11699ed4,c383dd94-afcf-4959-9418-743efb8f95e8,,,,10.0000,5000000.00,0,,2026-07-31T14:52:27.580Z,,,,false
09c4b8f3-c9cb-414f-b63b-b32b7c373527,f358a014-1372-49f1-bef8-260a2b0bff06,c383dd94-afcf-4959-9418-743efb8f95e8,,,,10.0000,5000000.00,0,,2026-07-31T14:52:28.478Z,,,,false
1e9c6d63-0ad7-496f-ae3e-2e5640ac7bd2,f358a014-1372-49f1-bef8-260a2b0bff06,c383dd94-afcf-4959-9418-743efb8f95e8,,,,5.0000,1000.00,0,,2026-07-31T14:52:29.227Z,,,,false
5cc517f3-d088-41da-abce-7b300729d694,8fd3236d-3ef8-4b27-9e2c-02ce03c1351c,c383dd94-afcf-4959-9418-743efb8f95e8,,,,1.0000,1000000.00,0,,2026-07-31T15:18:43.534Z,,,,false
8b613118-c66f-4ba0-b836-233f184364f7,8fd3236d-3ef8-4b27-9e2c-02ce03c1351c,c383dd94-afcf-4959-9418-743efb8f95e8,,,,1.0000,2500000.00,0,,2026-07-31T15:18:43.562Z,,,,false
6abbb961-3309-4da2-81a8-2c973d09fe53,8fd3236d-3ef8-4b27-9e2c-02ce03c1351c,c383dd94-afcf-4959-9418-743efb8f95e8,,,,1.0000,500000.00,0,,2026-07-31T15:18:43.587Z,,,,false
61d17a5b-2b89-461c-81a3-cbbba764d5d0,41ade44d-dfe5-4cd5-97a8-ed42af2659fe,c383dd94-afcf-4959-9418-743efb8f95e8,,,,7.0000,9999999.00,0,,2026-07-31T15:18:44.414Z,,,,false
4a84c424-a731-42b5-a6ff-7b2efca143f4,c19f1b0d-34e0-47ef-aae1-dd2593bcd8d3,c383dd94-afcf-4959-9418-743efb8f95e8,,,,10.0000,5000000.00,0,,2026-07-31T15:18:44.931Z,,,,false
0d73065e-3427-4b62-9b34-c9f46d651f41,9866cde8-d219-4601-bc32-32d9d314a156,c383dd94-afcf-4959-9418-743efb8f95e8,,,,10.0000,5000000.00,0,,2026-07-31T15:18:45.821Z,,,,false
6c1071db-5ff2-484b-9178-02dfc2c85183,9e6310e6-16cb-48c6-aff9-4e39f598b165,c383dd94-afcf-4959-9418-743efb8f95e8,,,,10.0000,5000000.00,0,,2026-07-31T15:18:47.201Z,,,,false
f22c0aa5-a5a5-4a90-b297-a046a2c3b1d8,cee3bdb9-674e-46ee-9fdc-f1866be71c28,c383dd94-afcf-4959-9418-743efb8f95e8,,,,10.0000,5000000.00,0,,2026-07-31T15:18:47.897Z,,,,false
bc5bb212-93c6-4185-8202-b83fae5d5a15,0dd86836-5b11-4133-a009-56c53bcdd229,c383dd94-afcf-4959-9418-743efb8f95e8,,,,10.0000,5000000.00,0,,2026-07-31T15:18:48.313Z,,,,false
15cd1f49-9adf-441f-aa7a-a36c22ab7a86,e7f5f939-c029-4156-baf0-6c5fb5f0dbf8,c383dd94-afcf-4959-9418-743efb8f95e8,,,,10.0000,5000000.00,0,,2026-07-31T15:18:50.198Z,,,,false
c5ff56f7-5006-4e71-a99f-4f97fb5f31ef,a49002d3-9404-4527-b11f-0e6cb992f0a8,c383dd94-afcf-4959-9418-743efb8f95e8,,,,10.0000,5000000.00,0,,2026-07-31T15:18:51.131Z,,,,false
821d10bb-0df4-41c8-92e9-18a6da4960a5,a49002d3-9404-4527-b11f-0e6cb992f0a8,c383dd94-afcf-4959-9418-743efb8f95e8,,,,5.0000,1000.00,0,,2026-07-31T15:18:52.085Z,,,,false
6bf238f9-5683-44d7-9d7f-3e4e95114693,4c9928af-ac77-49a6-8a48-24bc1faa3b3a,c383dd94-afcf-4959-9418-743efb8f95e8,,,,1.0000,1000000.00,0,,2026-08-01T05:53:00.363Z,,,,false
834970f0-a791-4586-ac25-b834ccc945a7,4c9928af-ac77-49a6-8a48-24bc1faa3b3a,c383dd94-afcf-4959-9418-743efb8f95e8,,,,1.0000,2500000.00,0,,2026-08-01T05:53:00.400Z,,,,false
1840abd8-c85a-44b1-9143-27a7a5301658,4c9928af-ac77-49a6-8a48-24bc1faa3b3a,c383dd94-afcf-4959-9418-743efb8f95e8,,,,1.0000,500000.00,0,,2026-08-01T05:53:00.423Z,,,,false
65eab1b4-c7de-4460-82bb-76889f4f4b38,6ef7c546-1c4f-4211-9821-c9b949fe3f0f,c383dd94-afcf-4959-9418-743efb8f95e8,,,,7.0000,9999999.00,0,,2026-08-01T05:53:01.073Z,,,,false
5f88401b-7cb5-4a92-b707-268eea47b1ba,efb1ad2e-ac19-404f-b47f-a2601edcc1c6,c383dd94-afcf-4959-9418-743efb8f95e8,,,,10.0000,5000000.00,0,,2026-08-01T05:53:01.508Z,,,,false
84abab19-7436-4801-a13c-c8eb175f9d4d,f9c12d54-0d43-4aa4-8bae-5167046748b3,c383dd94-afcf-4959-9418-743efb8f95e8,,,,10.0000,5000000.00,0,,2026-08-01T05:53:02.230Z,,,,false
ab5f5ac1-4743-486f-9212-b313e6cccc0b,9ac7c0af-9bdb-4d19-92a2-0e0961840202,c383dd94-afcf-4959-9418-743efb8f95e8,,,,10.0000,5000000.00,0,,2026-08-01T05:53:03.290Z,,,,false
6a3a1ced-b13b-42c8-adc7-8cc0668ef2db,96f9cd18-dcb3-44bd-b241-883bb8a870f3,c383dd94-afcf-4959-9418-743efb8f95e8,,,,10.0000,5000000.00,0,,2026-08-01T05:53:03.867Z,,,,false
bd3be3c5-9492-4934-a30a-2567cd210f89,f083855d-b38e-4774-bb0d-5d28008d52f7,c383dd94-afcf-4959-9418-743efb8f95e8,,,,10.0000,5000000.00,0,,2026-08-01T05:53:04.245Z,,,,false
55a86f1c-258d-4145-9b33-a0faa84ea3ea,47474e2e-543f-4ac3-8422-aef3e5b54d21,c383dd94-afcf-4959-9418-743efb8f95e8,,,,1.0000,1000000.00,0,,2026-07-31T15:25:21.639Z,,,,false
35435a84-7c1f-413d-b8fe-3e49b5e118d0,47474e2e-543f-4ac3-8422-aef3e5b54d21,c383dd94-afcf-4959-9418-743efb8f95e8,,,,1.0000,2500000.00,0,,2026-07-31T15:25:21.663Z,,,,false
0aa2c3c3-4642-47b8-b512-6c74e13b5416,47474e2e-543f-4ac3-8422-aef3e5b54d21,c383dd94-afcf-4959-9418-743efb8f95e8,,,,1.0000,500000.00,0,,2026-07-31T15:25:21.686Z,,,,false
c12e0314-ea84-459e-815e-22d5b02d5a9f,4e8f5624-d69f-4ae6-ba6c-17f84961b510,c383dd94-afcf-4959-9418-743efb8f95e8,,,,7.0000,9999999.00,0,,2026-07-31T15:25:22.438Z,,,,false
5eecf474-5e0a-40d4-ad60-edf1405838a2,61efa42a-f583-4c2c-91b5-78c0eb469f15,c383dd94-afcf-4959-9418-743efb8f95e8,,,,10.0000,5000000.00,0,,2026-07-31T15:25:22.890Z,,,,false
514f3937-693f-49cb-8cb3-9ebd7ba2d301,c6ddac4b-3f35-4151-8cfa-212f09bb09f7,c383dd94-afcf-4959-9418-743efb8f95e8,,,,10.0000,5000000.00,0,,2026-07-31T15:25:23.676Z,,,,false
c0a78f82-3553-450c-835c-54988a7cbfed,713d818f-1741-4199-8c59-a6335ecf93b9,c383dd94-afcf-4959-9418-743efb8f95e8,,,,10.0000,5000000.00,0,,2026-07-31T15:25:25.015Z,,,,false
8a8089a4-5bb9-4a2c-8e4e-134cde6a890a,a6938a1d-57ff-4708-b700-f7df8cbf30a4,c383dd94-afcf-4959-9418-743efb8f95e8,,,,10.0000,5000000.00,0,,2026-07-31T15:25:25.870Z,,,,false
67e6e40f-9f72-445e-a5e6-c6c067d300c0,74881568-7e39-4c6f-86f0-b761f86dc6df,c383dd94-afcf-4959-9418-743efb8f95e8,,,,10.0000,5000000.00,0,,2026-07-31T15:25:26.315Z,,,,false
1ae7d81a-f938-4b0a-8dd1-6dac78788cb1,02c9a188-bbe7-4529-95fc-8d06bbe711f0,c383dd94-afcf-4959-9418-743efb8f95e8,,,,10.0000,5000000.00,0,,2026-07-31T15:25:27.894Z,,,,false
9c0bf0c9-f91a-4327-b3c4-3eef1b3e034d,a67318fd-4ef4-474b-b92f-ad2b024ab8f6,c383dd94-afcf-4959-9418-743efb8f95e8,,,,10.0000,5000000.00,0,,2026-07-31T15:25:28.836Z,,,,false
022640db-2e97-4796-a7bf-0dad7de50c7a,a67318fd-4ef4-474b-b92f-ad2b024ab8f6,c383dd94-afcf-4959-9418-743efb8f95e8,,,,5.0000,1000.00,0,,2026-07-31T15:25:29.791Z,,,,false
25db374c-9dbe-47c9-b8ce-cfd74ce9dbbf,d86c0f5b-b662-404d-b811-0646d146704e,c383dd94-afcf-4959-9418-743efb8f95e8,,,,10.0000,5000000.00,0,,2026-08-01T05:53:05.845Z,,,,false
267b97bf-3e31-49cf-ba3e-971f442866d6,2a0944c9-9bea-41c4-a40e-c0a7d23a3958,c383dd94-afcf-4959-9418-743efb8f95e8,,,,10.0000,5000000.00,0,,2026-08-01T05:53:06.641Z,,,,false
d1908a04-cf4d-4547-a14d-40adcf8d522b,2a0944c9-9bea-41c4-a40e-c0a7d23a3958,c383dd94-afcf-4959-9418-743efb8f95e8,,,,5.0000,1000.00,0,,2026-08-01T05:53:07.386Z,,,,false
d07a1bf7-9eb0-4b16-abd0-4ba8b2512a82,419300fe-3cd5-44a9-b2b2-73dd7b99023e,c383dd94-afcf-4959-9418-743efb8f95e8,,,,10.0000,5000000.00,0,,2026-08-01T07:38:48.589Z,,,,false
02b83df1-d45a-448a-98e6-7857527ad422,93be3862-a7ae-4fc0-8520-bee436e95614,c383dd94-afcf-4959-9418-743efb8f95e8,,,,1.0000,1000000.00,0,,2026-07-31T16:00:56.586Z,,,,false
776498fc-0b59-4546-955f-7247b08fb15e,93be3862-a7ae-4fc0-8520-bee436e95614,c383dd94-afcf-4959-9418-743efb8f95e8,,,,1.0000,2500000.00,0,,2026-07-31T16:00:56.622Z,,,,false
4e256947-3578-4ebc-9611-befea6f28d2f,93be3862-a7ae-4fc0-8520-bee436e95614,c383dd94-afcf-4959-9418-743efb8f95e8,,,,1.0000,500000.00,0,,2026-07-31T16:00:56.646Z,,,,false
32d0c81d-75cc-4baf-8779-29fa5c6097b3,06289ce5-3e61-48fd-903e-c6f0174082f6,c383dd94-afcf-4959-9418-743efb8f95e8,,,,7.0000,9999999.00,0,,2026-07-31T16:00:57.451Z,,,,false
c5bca269-1df9-4d9a-87b2-41250ce6f193,0a46707b-f605-494d-8db2-99da1e8a15bb,c383dd94-afcf-4959-9418-743efb8f95e8,,,,10.0000,5000000.00,0,,2026-07-31T16:00:57.997Z,,,,false
29f020ca-a032-4b6d-94b1-b6d3d74c2b21,2de62834-fefd-4459-ac9a-3393c93276a6,c383dd94-afcf-4959-9418-743efb8f95e8,,,,10.0000,5000000.00,0,,2026-07-31T16:00:58.880Z,,,,false
e52e9078-cbbb-46bc-89a9-57593d61fdb5,74cb9155-1e61-41e4-9ef8-7f438141d19c,c383dd94-afcf-4959-9418-743efb8f95e8,,,,10.0000,5000000.00,0,,2026-07-31T16:01:00.367Z,,,,false
f19323ad-2712-4fbd-a5b8-1cd0f31fe275,663d7d0a-235c-4c64-b7cb-086cbbeed67a,c383dd94-afcf-4959-9418-743efb8f95e8,,,,10.0000,5000000.00,0,,2026-07-31T16:01:01.146Z,,,,false
f95b8de0-3a8c-4a26-9cc2-849a9cf10237,e957cff5-85c2-4578-a67c-c896f1532689,c383dd94-afcf-4959-9418-743efb8f95e8,,,,10.0000,5000000.00,0,,2026-07-31T16:01:01.603Z,,,,false
9cfc2385-4fed-474c-884d-950228d93c38,7a2fd881-75a5-424d-bf0f-6eb5a011dfd8,c383dd94-afcf-4959-9418-743efb8f95e8,,,,10.0000,5000000.00,0,,2026-07-31T16:01:03.058Z,,,,false
e7f9d2be-3038-4c8d-ac02-2535687211d1,8ee19ac8-4f53-49c9-86cb-6407ca7a4116,c383dd94-afcf-4959-9418-743efb8f95e8,,,,10.0000,5000000.00,0,,2026-07-31T16:01:04.389Z,,,,false
3bd658d9-0ff1-48bf-a9e4-43e2ebca36ae,8ee19ac8-4f53-49c9-86cb-6407ca7a4116,c383dd94-afcf-4959-9418-743efb8f95e8,,,,5.0000,1000.00,0,,2026-07-31T16:01:05.272Z,,,,false
0222c0a7-4873-458b-bffa-2af90ef761bb,95f3895f-829a-455e-bf40-5fabfb3c24bd,c383dd94-afcf-4959-9418-743efb8f95e8,,,,10.0000,5000000.00,0,,2026-08-01T07:38:49.433Z,,,,false
35859815-4c22-43d6-b2cf-e8bf8c132a92,95f3895f-829a-455e-bf40-5fabfb3c24bd,c383dd94-afcf-4959-9418-743efb8f95e8,,,,5.0000,1000.00,0,,2026-08-01T07:38:50.179Z,,,,false
b71f2bc1-db7d-42dd-afb9-ba4617f55010,deea1883-d0e9-49df-9b57-5b3c40ded010,c383dd94-afcf-4959-9418-743efb8f95e8,,,,1.0000,1000000.00,0,,2026-08-01T09:18:59.581Z,,,,false
c8089c6d-2d5d-4db3-a78f-a5a19a02cdc4,deea1883-d0e9-49df-9b57-5b3c40ded010,c383dd94-afcf-4959-9418-743efb8f95e8,,,,1.0000,2500000.00,0,,2026-08-01T09:18:59.613Z,,,,false
7f1c8e4f-bb6a-4c87-92eb-91f09afa0639,deea1883-d0e9-49df-9b57-5b3c40ded010,c383dd94-afcf-4959-9418-743efb8f95e8,,,,1.0000,500000.00,0,,2026-08-01T09:18:59.639Z,,,,false
db482d4e-31f0-4c51-bd98-ab4faed98609,1298eeb5-9039-4fee-8edf-192fc7f178fc,c383dd94-afcf-4959-9418-743efb8f95e8,,,,1.0000,1000000.00,0,,2026-07-31T16:04:06.263Z,,,,false
3f193b91-96e5-4c3e-9894-35fc1b692768,1298eeb5-9039-4fee-8edf-192fc7f178fc,c383dd94-afcf-4959-9418-743efb8f95e8,,,,1.0000,2500000.00,0,,2026-07-31T16:04:06.287Z,,,,false
91ea16c2-5236-488f-8baa-56e5574e1664,1298eeb5-9039-4fee-8edf-192fc7f178fc,c383dd94-afcf-4959-9418-743efb8f95e8,,,,1.0000,500000.00,0,,2026-07-31T16:04:06.311Z,,,,false
6bc06bf3-fd48-459e-93c5-375c2cae05ce,e99587be-0472-490f-8ce5-da6d69f9a621,c383dd94-afcf-4959-9418-743efb8f95e8,,,,7.0000,9999999.00,0,,2026-07-31T16:04:07.136Z,,,,false
d6e17625-7976-4d01-b5dd-8ec332d63459,e77d7513-07d8-4e54-ad3a-d7fc8109e870,c383dd94-afcf-4959-9418-743efb8f95e8,,,,10.0000,5000000.00,0,,2026-07-31T16:04:07.561Z,,,,false
4a0f45d2-c7e6-4578-9d79-1e139b15873a,b03c53b1-4b0c-4725-a85f-16b599b6272f,c383dd94-afcf-4959-9418-743efb8f95e8,,,,10.0000,5000000.00,0,,2026-07-31T16:04:08.386Z,,,,false
c3948080-dfb1-4c23-9de7-6bee1b6129bd,9e3afcdd-f42d-46ce-a751-474c78a8b70d,c383dd94-afcf-4959-9418-743efb8f95e8,,,,10.0000,5000000.00,0,,2026-07-31T16:04:09.691Z,,,,false
aef0c023-71ec-4cf0-91b1-4d665d53e162,c6e87d4f-1e92-4dfe-95c9-3b3d46ddbda6,c383dd94-afcf-4959-9418-743efb8f95e8,,,,10.0000,5000000.00,0,,2026-07-31T16:04:10.387Z,,,,false
93618ac2-005c-4e2a-88c4-d33b8148374b,9b99f172-904c-4bc3-9873-683838d1d88d,c383dd94-afcf-4959-9418-743efb8f95e8,,,,10.0000,5000000.00,0,,2026-07-31T16:04:10.803Z,,,,false
d3a88679-0cc7-4eaf-b700-66bbaad9d31b,9e32a3ee-00af-4c9e-bfdd-62048f88707d,c383dd94-afcf-4959-9418-743efb8f95e8,,,,10.0000,5000000.00,0,,2026-07-31T16:04:12.344Z,,,,false
6961ff1a-1f00-4ea5-b0cb-ec84d61ea439,fa32b4e4-d1cc-4a14-a620-ad19462b2aa6,c383dd94-afcf-4959-9418-743efb8f95e8,,,,10.0000,5000000.00,0,,2026-07-31T16:04:13.199Z,,,,false
bd9161f8-e657-4bd2-8df4-39d36716658c,fa32b4e4-d1cc-4a14-a620-ad19462b2aa6,c383dd94-afcf-4959-9418-743efb8f95e8,,,,5.0000,1000.00,0,,2026-07-31T16:04:13.958Z,,,,false
844b2522-e786-4565-80fe-6c971ca8dac4,73799457-4fa0-4cd7-9753-c89795454978,c383dd94-afcf-4959-9418-743efb8f95e8,,,,7.0000,9999999.00,0,,2026-08-01T09:19:00.415Z,,,,false
40154bc4-8a6d-4d09-9826-9075a8708d53,5278d0a1-c2a6-4001-8d45-ce543d479cc4,c383dd94-afcf-4959-9418-743efb8f95e8,,,,10.0000,5000000.00,0,,2026-08-01T09:19:00.806Z,,,,false
86acc93b-97f3-492c-8e64-4e804b000929,e734fb85-21a7-4e83-ba65-265a2574aa00,c383dd94-afcf-4959-9418-743efb8f95e8,,,,10.0000,5000000.00,0,,2026-08-01T09:19:01.526Z,,,,false
0441b46e-77a5-4a84-82ab-3b0ac4a2f986,9de2b8f4-bbc5-4b64-8b21-d32c615536f1,c383dd94-afcf-4959-9418-743efb8f95e8,,,,1.0000,1000000.00,0,,2026-07-31T16:08:07.989Z,,,,false
5972550b-22e1-4b92-9963-f9a7ef3ae632,9de2b8f4-bbc5-4b64-8b21-d32c615536f1,c383dd94-afcf-4959-9418-743efb8f95e8,,,,1.0000,2500000.00,0,,2026-07-31T16:08:08.014Z,,,,false
cbadc9f8-721d-47c1-9376-2d56556889ae,9de2b8f4-bbc5-4b64-8b21-d32c615536f1,c383dd94-afcf-4959-9418-743efb8f95e8,,,,1.0000,500000.00,0,,2026-07-31T16:08:08.038Z,,,,false
35d3905f-4014-4eaa-a6bc-51accd8876a0,04a25e6a-99d0-44d4-9c97-3335a81bb875,c383dd94-afcf-4959-9418-743efb8f95e8,,,,7.0000,9999999.00,0,,2026-07-31T16:08:08.894Z,,,,false
599da5fa-2ba4-4d31-866c-99dd5027f019,a978c6d3-6e8e-4c58-bf80-53bf32ed014c,c383dd94-afcf-4959-9418-743efb8f95e8,,,,10.0000,5000000.00,0,,2026-07-31T16:08:09.339Z,,,,false
6fe92220-1a92-4c83-9e8a-da513a58e44b,24a0de57-5503-481d-acbd-79ea8f801be2,c383dd94-afcf-4959-9418-743efb8f95e8,,,,10.0000,5000000.00,0,,2026-07-31T16:08:10.224Z,,,,false
c0df4185-e59a-431c-bebf-fa12f3bdbfb0,05ebb3c0-9ab7-477c-bf32-a51c7dad4b0a,c383dd94-afcf-4959-9418-743efb8f95e8,,,,10.0000,5000000.00,0,,2026-07-31T16:08:11.332Z,,,,false
37da7bbb-07f1-4621-bc7f-098740f9418f,897c7fe5-9295-4667-a014-f718774e20b8,c383dd94-afcf-4959-9418-743efb8f95e8,,,,10.0000,5000000.00,0,,2026-07-31T16:08:11.952Z,,,,false
685781c7-b2cb-4b47-a3ba-16a70292d6cb,d1591751-2f73-4572-9990-84e3b295c43a,c383dd94-afcf-4959-9418-743efb8f95e8,,,,10.0000,5000000.00,0,,2026-07-31T16:08:12.352Z,,,,false
99123610-63d3-4195-bc4f-88b59c922665,1253823a-4937-4a44-9b48-a4ba5c566bcf,c383dd94-afcf-4959-9418-743efb8f95e8,,,,10.0000,5000000.00,0,,2026-07-31T16:08:13.947Z,,,,false
e0f9a8e4-d574-403f-a6fe-19b8c0ef5993,0878c401-3d58-4ce2-9bb4-8623f8fd08a8,c383dd94-afcf-4959-9418-743efb8f95e8,,,,10.0000,5000000.00,0,,2026-07-31T16:08:14.767Z,,,,false
1637df4d-fea1-44e3-a0f3-e6b11da05dbe,0878c401-3d58-4ce2-9bb4-8623f8fd08a8,c383dd94-afcf-4959-9418-743efb8f95e8,,,,5.0000,1000.00,0,,2026-07-31T16:08:15.537Z,,,,false
9db371ab-0982-4280-8366-5f6518183ece,b6119c9e-c091-4058-be27-8f8c68e79aa2,c383dd94-afcf-4959-9418-743efb8f95e8,,,,10.0000,5000000.00,0,,2026-08-01T09:19:02.522Z,,,,false
dbb00506-9eeb-4bbf-aff5-1d06a58c30d0,69651a91-5879-4891-92aa-82a89992c61d,c383dd94-afcf-4959-9418-743efb8f95e8,,,,10.0000,5000000.00,0,,2026-08-01T09:19:03.084Z,,,,false
eb9e4801-443c-4615-8dd1-ab0b174a2ea0,c45b48cc-5361-461e-9ba8-b3b44ce82264,c383dd94-afcf-4959-9418-743efb8f95e8,,,,10.0000,5000000.00,0,,2026-08-01T09:19:03.538Z,,,,false
611fee6f-ab81-401d-aeca-d384df09d581,f8c6c65e-d4c7-46e0-b5c6-db2a1ffaf030,c383dd94-afcf-4959-9418-743efb8f95e8,,,,10.0000,5000000.00,0,,2026-08-01T09:19:05.047Z,,,,false
a6f317e0-a409-4b59-bc2d-01c10c9e7bdd,d16a799e-5763-4e15-9985-00d2401da24b,c383dd94-afcf-4959-9418-743efb8f95e8,,,,10.0000,5000000.00,0,,2026-08-01T09:19:05.885Z,,,,false
985e0ac9-ddc1-433d-a5f7-3d8bb34d791a,d16a799e-5763-4e15-9985-00d2401da24b,c383dd94-afcf-4959-9418-743efb8f95e8,,,,5.0000,1000.00,0,,2026-08-01T09:19:06.556Z,,,,false
3c6e183c-5c63-4a2c-99ca-dcc17ee0ea1b,93216dd0-9bdf-408b-8058-df2617bae624,c383dd94-afcf-4959-9418-743efb8f95e8,,,,1.0000,1000000.00,0,,2026-07-31T16:16:44.569Z,,,,false
2544f853-4236-4f6e-8c27-52a3dbe4c786,93216dd0-9bdf-408b-8058-df2617bae624,c383dd94-afcf-4959-9418-743efb8f95e8,,,,1.0000,2500000.00,0,,2026-07-31T16:16:44.598Z,,,,false
c309cfc3-900c-408b-ac94-89ca957656b9,93216dd0-9bdf-408b-8058-df2617bae624,c383dd94-afcf-4959-9418-743efb8f95e8,,,,1.0000,500000.00,0,,2026-07-31T16:16:44.623Z,,,,false
ee4b5f10-9dcf-4354-ba20-8d43032e42d7,4c612bcb-3cd6-43be-b616-6982fb9dabde,c383dd94-afcf-4959-9418-743efb8f95e8,,,,7.0000,9999999.00,0,,2026-07-31T16:16:45.421Z,,,,false
7139195f-44dd-4597-8483-28d6b68f8a63,0f523e24-ccb3-41d6-90cd-8fdbb891f262,c383dd94-afcf-4959-9418-743efb8f95e8,,,,10.0000,5000000.00,0,,2026-07-31T16:16:45.906Z,,,,false
b1cb2042-4d28-4fb8-98d1-ca63e487be8f,333f8f72-b92f-4859-92c3-bb02334ce350,c383dd94-afcf-4959-9418-743efb8f95e8,,,,10.0000,5000000.00,0,,2026-07-31T16:16:46.682Z,,,,false
67b5cb99-2b9c-4b2b-b6b5-76c7d38a08cf,f0efbffe-94aa-427b-a2ca-d8a9a9228bf9,c383dd94-afcf-4959-9418-743efb8f95e8,,,,10.0000,5000000.00,0,,2026-07-31T16:16:47.861Z,,,,false
d22041a1-0ce6-4beb-bda3-7d9cef02496c,c70b715b-9c3b-49d3-b7b7-52779fa3afac,c383dd94-afcf-4959-9418-743efb8f95e8,,,,10.0000,5000000.00,0,,2026-07-31T16:16:48.486Z,,,,false
590a7b66-c37c-431d-9521-247d9cc4ab95,cd336ec6-4b59-4ca4-9a31-7ecda41227e1,c383dd94-afcf-4959-9418-743efb8f95e8,,,,10.0000,5000000.00,0,,2026-07-31T16:16:48.896Z,,,,false
8ec0f670-71a4-4e11-b024-9009d501a2fc,506e784e-ce53-40b4-82ce-9ddf03b8ab16,c383dd94-afcf-4959-9418-743efb8f95e8,,,,10.0000,5000000.00,0,,2026-07-31T16:16:50.395Z,,,,false
3d6cbf15-1fea-4bb7-986f-9031b4a01607,2cb89304-5881-4595-be9e-53b39c75f6ba,c383dd94-afcf-4959-9418-743efb8f95e8,,,,10.0000,5000000.00,0,,2026-07-31T16:16:51.236Z,,,,false
7d287ee0-9d85-4bc3-aa95-e3a20ff21dc8,2cb89304-5881-4595-be9e-53b39c75f6ba,c383dd94-afcf-4959-9418-743efb8f95e8,,,,5.0000,1000.00,0,,2026-07-31T16:16:51.962Z,,,,false
6017d1e4-eb44-481e-9b0c-92e9f819bf05,682189a0-a98c-41f1-8432-da29e373c363,c383dd94-afcf-4959-9418-743efb8f95e8,,,,1.0000,1000000.00,0,,2026-08-01T16:29:40.230Z,,,,false
b36e2733-1ea1-46be-ad10-66588db5415d,682189a0-a98c-41f1-8432-da29e373c363,c383dd94-afcf-4959-9418-743efb8f95e8,,,,1.0000,2500000.00,0,,2026-08-01T16:29:40.254Z,,,,false
0be8de94-be8a-45a7-bdc2-e61efff66697,682189a0-a98c-41f1-8432-da29e373c363,c383dd94-afcf-4959-9418-743efb8f95e8,,,,1.0000,500000.00,0,,2026-08-01T16:29:40.276Z,,,,false
a34c1c71-172d-4b2e-9efa-f196c8c03f07,588b856e-7455-4847-9efc-715a48acd3f2,c383dd94-afcf-4959-9418-743efb8f95e8,,,,7.0000,9999999.00,0,,2026-08-01T16:29:41.106Z,,,,false
e4e8b63d-fb06-4a5b-9adb-4dfe6c0b0af5,ac7bef54-6264-4c40-abb7-f79e1c9b9da5,c383dd94-afcf-4959-9418-743efb8f95e8,,,,10.0000,5000000.00,0,,2026-08-01T16:29:41.532Z,,,,false
2d068631-3595-41c4-a4b3-cb643de7b5b3,ba5eafd9-98b0-42be-82f5-691fd28d51a3,c383dd94-afcf-4959-9418-743efb8f95e8,,,,10.0000,5000000.00,0,,2026-08-01T16:29:42.214Z,,,,false
53a85ef5-7505-4479-8424-b1bfed484f94,f7413d07-ce92-4bb4-9b88-f30144e36b0b,c383dd94-afcf-4959-9418-743efb8f95e8,,,,10.0000,5000000.00,0,,2026-08-01T16:29:43.264Z,,,,false
9396871b-2dd5-49e1-af35-8bc5038480ed,bf4b860d-f3ec-4442-bc01-56867348f08b,c383dd94-afcf-4959-9418-743efb8f95e8,,,,10.0000,5000000.00,0,,2026-08-01T16:29:43.841Z,,,,false
c9c4a7f2-0be5-4e41-8a13-7d665d9d24fe,10db32b1-48fc-4d27-be37-419255ca18fb,c383dd94-afcf-4959-9418-743efb8f95e8,,,,10.0000,5000000.00,0,,2026-08-01T16:29:44.286Z,,,,false
bda13025-4643-428e-ab90-cdf4713062dd,06bb2dfb-520e-49b2-a6de-b96790c6a14f,c383dd94-afcf-4959-9418-743efb8f95e8,,,,1.0000,1000000.00,0,,2026-07-31T16:19:54.795Z,,,,false
0e514997-9d7e-4d03-ae62-6bfdd95da183,06bb2dfb-520e-49b2-a6de-b96790c6a14f,c383dd94-afcf-4959-9418-743efb8f95e8,,,,1.0000,2500000.00,0,,2026-07-31T16:19:54.828Z,,,,false
aff279bb-7f02-47e6-abf0-6a3bdcc5d6cf,06bb2dfb-520e-49b2-a6de-b96790c6a14f,c383dd94-afcf-4959-9418-743efb8f95e8,,,,1.0000,500000.00,0,,2026-07-31T16:19:54.869Z,,,,false
b6e1bc96-e8e7-421e-99f1-6c5401fdbe5a,bdf4e954-a758-417b-9091-097d11591d56,c383dd94-afcf-4959-9418-743efb8f95e8,,,,7.0000,9999999.00,0,,2026-07-31T16:19:55.605Z,,,,false
b37be3c0-81d7-4ec2-9177-2837b6db9b13,b6a009d6-2ab7-45df-a1e7-a51817fc4b8c,c383dd94-afcf-4959-9418-743efb8f95e8,,,,10.0000,5000000.00,0,,2026-07-31T16:19:56.036Z,,,,false
1f86e6d8-6f4f-42d5-be75-11b6762480b1,1a0072d8-e6a1-4910-9921-50b419a446b0,c383dd94-afcf-4959-9418-743efb8f95e8,,,,10.0000,5000000.00,0,,2026-07-31T16:19:56.885Z,,,,false
21663fb7-50fe-4237-aaee-dcbef76fbcee,c117cb1e-c3b4-4605-a351-cd0bd6be7c51,c383dd94-afcf-4959-9418-743efb8f95e8,,,,10.0000,5000000.00,0,,2026-07-31T16:19:58.457Z,,,,false
86cb4d71-64ab-435c-98fa-329e0deb170f,122709be-70dd-4153-bf2a-b59a19b84b92,c383dd94-afcf-4959-9418-743efb8f95e8,,,,10.0000,5000000.00,0,,2026-07-31T16:19:59.131Z,,,,false
888e72d6-f035-48cc-8d63-c7cba9efb35d,164f0649-94da-46a6-ba5e-27abcd7d01da,c383dd94-afcf-4959-9418-743efb8f95e8,,,,10.0000,5000000.00,0,,2026-07-31T16:19:59.548Z,,,,false
aed11279-b560-42b9-a2d4-5d616f78b96a,48a7cc2c-9e2f-437f-954a-7e7871de894c,c383dd94-afcf-4959-9418-743efb8f95e8,,,,10.0000,5000000.00,0,,2026-07-31T16:20:01.206Z,,,,false
0a92b313-bd9b-4afc-8ea5-5c421e2dab2a,711f07a6-20bf-452b-947a-5b59d42862c4,c383dd94-afcf-4959-9418-743efb8f95e8,,,,10.0000,5000000.00,0,,2026-07-31T16:20:02.123Z,,,,false
24f56cb5-f56e-4ec4-b759-17860d1f64f5,711f07a6-20bf-452b-947a-5b59d42862c4,c383dd94-afcf-4959-9418-743efb8f95e8,,,,5.0000,1000.00,0,,2026-07-31T16:20:02.930Z,,,,false
57fd63a3-b6c9-496b-b6b4-16cff7100fc9,8a68f9d9-5c9e-49ab-a267-020cbda405ee,c383dd94-afcf-4959-9418-743efb8f95e8,,,,10.0000,5000000.00,0,,2026-08-01T16:29:45.913Z,,,,false
950d3958-c830-4486-a5cf-fbdb0a0413f6,29051a81-1a89-4993-90f6-b72ad7995ce6,c383dd94-afcf-4959-9418-743efb8f95e8,,,,10.0000,5000000.00,0,,2026-08-01T16:29:46.819Z,,,,false
c7772147-f9bc-405e-90d8-ab62c26acb65,29051a81-1a89-4993-90f6-b72ad7995ce6,c383dd94-afcf-4959-9418-743efb8f95e8,,,,5.0000,1000.00,0,,2026-08-01T16:29:47.549Z,,,,false
b4479a07-4829-4214-affb-5ea8d71fbead,ef59d7fd-7aa7-4955-8401-9106c01bf41c,c383dd94-afcf-4959-9418-743efb8f95e8,,,,1.0000,1000000.00,0,,2026-07-31T16:23:01.908Z,,,,false
cb14dd86-a282-4b19-b89b-618b3f1d8b78,ef59d7fd-7aa7-4955-8401-9106c01bf41c,c383dd94-afcf-4959-9418-743efb8f95e8,,,,1.0000,2500000.00,0,,2026-07-31T16:23:01.934Z,,,,false
bab15f1e-9951-4ba9-bf5b-bb4929eb877c,ef59d7fd-7aa7-4955-8401-9106c01bf41c,c383dd94-afcf-4959-9418-743efb8f95e8,,,,1.0000,500000.00,0,,2026-07-31T16:23:01.957Z,,,,false
258cb6e9-210e-4952-9bdf-cab5fd70ac2a,671402c8-4e41-4718-8c3a-032ee51ad3e9,c383dd94-afcf-4959-9418-743efb8f95e8,,,,7.0000,9999999.00,0,,2026-07-31T16:23:02.772Z,,,,false
2cc01ff2-0595-4a84-b4e4-a062f8d9c101,0f1fd086-3af1-4b46-9ceb-04691260c3dd,c383dd94-afcf-4959-9418-743efb8f95e8,,,,10.0000,5000000.00,0,,2026-07-31T16:23:03.254Z,,,,false
3389e753-e451-4153-bc00-9a21dae582b4,34138916-a78b-4e2e-a2cb-1b87a9917f84,c383dd94-afcf-4959-9418-743efb8f95e8,,,,10.0000,5000000.00,0,,2026-07-31T16:23:04.017Z,,,,false
2aca47ee-9cdb-4605-9139-fd43e5b41319,e8622b70-2bd7-4586-946b-71b21e52af93,c383dd94-afcf-4959-9418-743efb8f95e8,,,,10.0000,5000000.00,0,,2026-07-31T16:23:05.166Z,,,,false
9e02d879-cb0c-4734-92e8-b9caa46cd4f2,575350b6-9176-4507-a615-be0ff05da50a,c383dd94-afcf-4959-9418-743efb8f95e8,,,,10.0000,5000000.00,0,,2026-07-31T16:23:05.738Z,,,,false
ff47b12d-bebe-4e38-8e02-12c8e4bf6cff,27832355-80b0-4d1d-b282-a6cc2dd2c9e3,c383dd94-afcf-4959-9418-743efb8f95e8,,,,10.0000,5000000.00,0,,2026-07-31T16:23:06.186Z,,,,false
dc9e7308-91a5-411d-9f2a-f0b908da6588,f3eaa3b1-5aaa-4ee4-be52-0d8197aba744,c383dd94-afcf-4959-9418-743efb8f95e8,,,,10.0000,5000000.00,0,,2026-07-31T16:23:07.728Z,,,,false
3cd9f266-813b-462a-9e32-243a60e77690,0a9fd3f7-a1e3-40f9-9e19-e6acd7b6ded9,c383dd94-afcf-4959-9418-743efb8f95e8,,,,10.0000,5000000.00,0,,2026-07-31T16:23:08.548Z,,,,false
f80dbcdd-c65d-4f79-bd46-17c1dd66574c,0a9fd3f7-a1e3-40f9-9e19-e6acd7b6ded9,c383dd94-afcf-4959-9418-743efb8f95e8,,,,5.0000,1000.00,0,,2026-07-31T16:23:09.396Z,,,,false
d32c0f8b-141c-48a3-8660-35a680e7fda5,93c24c53-5de2-4133-b572-edcb9a15917d,c383dd94-afcf-4959-9418-743efb8f95e8,,,,1.0000,1000000.00,0,,2026-07-31T16:26:07.140Z,,,,false
a5d20a8c-b4a5-463d-bf6a-c9261ba929da,93c24c53-5de2-4133-b572-edcb9a15917d,c383dd94-afcf-4959-9418-743efb8f95e8,,,,1.0000,2500000.00,0,,2026-07-31T16:26:07.167Z,,,,false
c8e88f22-841a-4cbd-bcc3-12bb214cb2fe,93c24c53-5de2-4133-b572-edcb9a15917d,c383dd94-afcf-4959-9418-743efb8f95e8,,,,1.0000,500000.00,0,,2026-07-31T16:26:07.191Z,,,,false
c4d9cf61-1e88-422f-abdf-c0c248bb6526,d10f0df1-28a0-4613-93ce-a2639fbeb520,c383dd94-afcf-4959-9418-743efb8f95e8,,,,7.0000,9999999.00,0,,2026-07-31T16:26:07.985Z,,,,false
a3af5b51-777e-40fd-b7db-0a856d9c6c47,ba85a625-7895-4f31-9342-0a8d13d972a7,c383dd94-afcf-4959-9418-743efb8f95e8,,,,10.0000,5000000.00,0,,2026-07-31T16:26:08.419Z,,,,false
411df89e-ec18-457e-a097-f78fb802354a,e24de9b6-2e2b-49a3-a637-47c216065c9c,c383dd94-afcf-4959-9418-743efb8f95e8,,,,10.0000,5000000.00,0,,2026-07-31T16:26:09.306Z,,,,false
00bf90dc-2aa9-4792-a276-a938cfb0c67f,80e3207e-1370-436f-808f-c810b1c158b6,c383dd94-afcf-4959-9418-743efb8f95e8,,,,10.0000,5000000.00,0,,2026-07-31T16:26:10.517Z,,,,false
620b32aa-99b7-436c-b571-06e4e66bfd96,f19d8cdc-fccd-4267-b6db-ecce6905f6d8,c383dd94-afcf-4959-9418-743efb8f95e8,,,,10.0000,5000000.00,0,,2026-07-31T16:26:11.162Z,,,,false
c681fa6b-8a90-4bdd-a9f4-6c12e053905c,0523a058-2e81-4f05-8f0e-dc847410d973,c383dd94-afcf-4959-9418-743efb8f95e8,,,,10.0000,5000000.00,0,,2026-07-31T16:26:11.580Z,,,,false
7df44638-0c8f-4ab8-86d0-8b2ac6d16f15,78837366-d50b-45cc-9534-155768a03d45,c383dd94-afcf-4959-9418-743efb8f95e8,,,,10.0000,5000000.00,0,,2026-07-31T16:26:13.044Z,,,,false
3cb22d5e-986d-415f-8294-59f267510a2b,774d5ca2-c8d8-4ee4-b9c2-55b07b69baf5,c383dd94-afcf-4959-9418-743efb8f95e8,,,,10.0000,5000000.00,0,,2026-07-31T16:26:13.897Z,,,,false
cff1d74d-5faa-40af-847d-e71cff3dd5bb,774d5ca2-c8d8-4ee4-b9c2-55b07b69baf5,c383dd94-afcf-4959-9418-743efb8f95e8,,,,5.0000,1000.00,0,,2026-07-31T16:26:14.671Z,,,,false
ba41ceff-a2de-4ac4-9603-c8cd126a97c1,0802fdc1-6a35-4683-b3b4-6787e95ace3b,c383dd94-afcf-4959-9418-743efb8f95e8,,,,1.0000,1000000.00,0,,2026-07-31T16:39:01.480Z,,,,false
783c495d-5d63-492b-871b-e09258ebe944,0802fdc1-6a35-4683-b3b4-6787e95ace3b,c383dd94-afcf-4959-9418-743efb8f95e8,,,,1.0000,2500000.00,0,,2026-07-31T16:39:01.519Z,,,,false
3329f4c3-4f42-4394-a491-9e13dde4c00f,0802fdc1-6a35-4683-b3b4-6787e95ace3b,c383dd94-afcf-4959-9418-743efb8f95e8,,,,1.0000,500000.00,0,,2026-07-31T16:39:01.543Z,,,,false
d594ab37-864c-4d29-a134-867421f11f95,3a64075f-0d8e-415a-9fde-28a11a07992c,c383dd94-afcf-4959-9418-743efb8f95e8,,,,7.0000,9999999.00,0,,2026-07-31T16:39:02.304Z,,,,false
1e440cdb-620a-435f-a42f-b42d6211dd31,11f6807e-7fdc-453c-81e8-d315b0b21501,c383dd94-afcf-4959-9418-743efb8f95e8,,,,10.0000,5000000.00,0,,2026-07-31T16:39:02.704Z,,,,false
d7ce7936-08a5-4c91-b828-8c4bdc3ee115,b154846b-b46b-4d50-a657-837aafdbcc91,c383dd94-afcf-4959-9418-743efb8f95e8,,,,10.0000,5000000.00,0,,2026-07-31T16:39:03.576Z,,,,false
33f08423-2389-4fbd-8efd-3d7cdfa57c26,3888fc03-d73e-4bd1-8e41-1f0ab0443718,c383dd94-afcf-4959-9418-743efb8f95e8,,,,10.0000,5000000.00,0,,2026-07-31T16:39:04.666Z,,,,false
079a6d78-d80f-4f1a-ae3d-634b1848795a,013f3baa-1302-481c-a439-fee99ee3a4f9,c383dd94-afcf-4959-9418-743efb8f95e8,,,,10.0000,5000000.00,0,,2026-07-31T16:39:05.262Z,,,,false
0bc2c0e4-0e7f-4ba7-95b6-7a34dbe53cfe,353d4862-40d3-4512-9001-0a2ff09378f9,c383dd94-afcf-4959-9418-743efb8f95e8,,,,10.0000,5000000.00,0,,2026-07-31T16:39:05.693Z,,,,false
4683c406-088c-447d-b1aa-a10820d1775e,deb6eb19-df0e-496c-92f9-37ad0b9df9a2,c383dd94-afcf-4959-9418-743efb8f95e8,,,,10.0000,5000000.00,0,,2026-07-31T16:39:07.210Z,,,,false
c2b6261e-a038-4a9a-ab82-d0da9655cdc9,0637f273-1474-4d00-80a3-7fc4e74ca91d,c383dd94-afcf-4959-9418-743efb8f95e8,,,,10.0000,5000000.00,0,,2026-07-31T16:39:07.987Z,,,,false
a9a80c51-eca7-4a95-b65f-2fb88385e564,0637f273-1474-4d00-80a3-7fc4e74ca91d,c383dd94-afcf-4959-9418-743efb8f95e8,,,,5.0000,1000.00,0,,2026-07-31T16:39:08.767Z,,,,false
8a23fdea-7189-451c-9ab2-61b9b6cde8af,6d81b8aa-5067-4c12-b7a1-bcefe42bd7d3,c383dd94-afcf-4959-9418-743efb8f95e8,,,,1.0000,1000000.00,0,,2026-07-31T16:47:41.781Z,,,,false
211ea8f6-1899-42ac-bed8-763237c587f6,6d81b8aa-5067-4c12-b7a1-bcefe42bd7d3,c383dd94-afcf-4959-9418-743efb8f95e8,,,,1.0000,2500000.00,0,,2026-07-31T16:47:41.808Z,,,,false
ce2578dd-410a-4476-85dc-71fdfa2c1e1e,6d81b8aa-5067-4c12-b7a1-bcefe42bd7d3,c383dd94-afcf-4959-9418-743efb8f95e8,,,,1.0000,500000.00,0,,2026-07-31T16:47:41.830Z,,,,false
fc77678e-5ebd-4847-96dc-8a6875f980f9,5adec399-b516-4ed9-ae85-ab9c533a6a5e,c383dd94-afcf-4959-9418-743efb8f95e8,,,,7.0000,9999999.00,0,,2026-07-31T16:47:42.613Z,,,,false
82e95b55-fbf8-4e9e-ac10-afbbb7e8dad3,77d363b5-6824-4240-99db-68f470eea177,c383dd94-afcf-4959-9418-743efb8f95e8,,,,10.0000,5000000.00,0,,2026-07-31T16:47:43.037Z,,,,false
a58343e4-3b58-4c37-adc2-1a6bf98bd1b0,088e1dde-22bc-4811-ab0b-2c83c9741d22,c383dd94-afcf-4959-9418-743efb8f95e8,,,,10.0000,5000000.00,0,,2026-07-31T16:47:43.734Z,,,,false
775113bd-f48d-4f01-857e-ead981a071e2,c50f923d-d83e-41a3-a280-b562fa086455,c383dd94-afcf-4959-9418-743efb8f95e8,,,,10.0000,5000000.00,0,,2026-07-31T16:47:44.724Z,,,,false
f010597a-5331-4788-bedc-cfa4be84d65e,eae36439-cfba-44cb-83b7-9bb77e8e6263,c383dd94-afcf-4959-9418-743efb8f95e8,,,,10.0000,5000000.00,0,,2026-07-31T16:47:45.303Z,,,,false
609f1fbc-83fa-4f72-a8db-7121ead643dc,b0327252-2a20-4730-81a4-d002839fb33d,c383dd94-afcf-4959-9418-743efb8f95e8,,,,10.0000,5000000.00,0,,2026-07-31T16:47:45.701Z,,,,false
d6651b41-3fdb-4a02-99d3-3b570bfe8410,7d025666-5331-466c-a4f9-092c341fc22a,c383dd94-afcf-4959-9418-743efb8f95e8,,,,10.0000,5000000.00,0,,2026-07-31T16:47:47.157Z,,,,false
84fd2d0e-2b99-4415-b1dc-3151dc9b667d,ccd84ce3-7795-47f9-90ad-a78be5238c80,c383dd94-afcf-4959-9418-743efb8f95e8,,,,10.0000,5000000.00,0,,2026-07-31T16:47:47.967Z,,,,false
55882b4a-6212-4cb6-a97f-bba422a8319e,ccd84ce3-7795-47f9-90ad-a78be5238c80,c383dd94-afcf-4959-9418-743efb8f95e8,,,,5.0000,1000.00,0,,2026-07-31T16:47:48.730Z,,,,false
8069d792-7a5a-46fa-8dbc-7c32df068bec,456cbee5-ae68-47df-a51f-a5757b691fcf,c383dd94-afcf-4959-9418-743efb8f95e8,,,,1.0000,1000000.00,0,,2026-07-31T16:52:44.186Z,,,,false
5e7bfb6c-b85d-4275-bb34-c70d930cb094,456cbee5-ae68-47df-a51f-a5757b691fcf,c383dd94-afcf-4959-9418-743efb8f95e8,,,,1.0000,2500000.00,0,,2026-07-31T16:52:44.209Z,,,,false
8e4e61b0-b192-4d29-9a43-4713e01691d8,456cbee5-ae68-47df-a51f-a5757b691fcf,c383dd94-afcf-4959-9418-743efb8f95e8,,,,1.0000,500000.00,0,,2026-07-31T16:52:44.229Z,,,,false
13c46f3b-f237-407f-946c-4bb69da08f83,9e0a771b-9fe4-45c5-ac52-4e858b6305fd,c383dd94-afcf-4959-9418-743efb8f95e8,,,,7.0000,9999999.00,0,,2026-07-31T16:52:45.041Z,,,,false
dac09b84-e6ce-459a-ba0e-43d553155699,f0b2434d-b5a5-42c0-b6da-a982fdb6dddf,c383dd94-afcf-4959-9418-743efb8f95e8,,,,10.0000,5000000.00,0,,2026-07-31T16:52:45.480Z,,,,false
5f324fbf-3bec-4e74-b2f8-6daedc5056b5,1f3e5b83-5c4b-4d40-a260-0e734a8ae145,c383dd94-afcf-4959-9418-743efb8f95e8,,,,10.0000,5000000.00,0,,2026-07-31T16:52:46.239Z,,,,false
9625036f-3139-4846-8fb8-a9cb8603b48f,6ccf419f-a53c-4312-9f2e-9bc1fd1f3bce,c383dd94-afcf-4959-9418-743efb8f95e8,,,,10.0000,5000000.00,0,,2026-07-31T16:52:47.325Z,,,,false
2a910289-caef-474b-8b55-c5a01cb175f2,bf237b7a-8026-4639-b7fc-ac7652021276,c383dd94-afcf-4959-9418-743efb8f95e8,,,,10.0000,5000000.00,0,,2026-07-31T16:52:47.898Z,,,,false
46440478-4151-4fd1-abe1-03eed04a2341,4d707b49-d64e-4259-9395-63b844a92ef2,c383dd94-afcf-4959-9418-743efb8f95e8,,,,10.0000,5000000.00,0,,2026-07-31T16:52:48.262Z,,,,false
915f4d70-0409-4d7c-b340-cbf72371dcbd,84f43b40-6b33-4589-ba2a-c711494674e4,c383dd94-afcf-4959-9418-743efb8f95e8,,,,10.0000,5000000.00,0,,2026-07-31T16:52:49.571Z,,,,false
0a6b198d-717e-48bc-afc8-6d7519f66b43,97feb939-df3f-4fde-9ae0-d3a1f41b1664,c383dd94-afcf-4959-9418-743efb8f95e8,,,,10.0000,5000000.00,0,,2026-07-31T16:52:50.334Z,,,,false
7ff93e8e-e1d4-4788-93ce-14ea052d5b72,97feb939-df3f-4fde-9ae0-d3a1f41b1664,c383dd94-afcf-4959-9418-743efb8f95e8,,,,5.0000,1000.00,0,,2026-07-31T16:52:51.027Z,,,,false
4e167d2a-8749-42e5-97f5-dd9011f59ff2,89c30dfd-dabc-4c17-8d79-ec008d15151d,c383dd94-afcf-4959-9418-743efb8f95e8,,,,1.0000,1000000.00,0,,2026-08-01T05:29:28.125Z,,,,false
137f50b3-b719-488f-a8b6-45f519fd26b6,89c30dfd-dabc-4c17-8d79-ec008d15151d,c383dd94-afcf-4959-9418-743efb8f95e8,,,,1.0000,2500000.00,0,,2026-08-01T05:29:28.153Z,,,,false
3cdf91d2-20fa-4af0-b68f-6c6d57b23d7a,89c30dfd-dabc-4c17-8d79-ec008d15151d,c383dd94-afcf-4959-9418-743efb8f95e8,,,,1.0000,500000.00,0,,2026-08-01T05:29:28.179Z,,,,false
326385ec-0aed-456a-acb7-cca6a9b3e1a8,329da908-298f-48a4-8a05-cac9983b0d8b,c383dd94-afcf-4959-9418-743efb8f95e8,,,,7.0000,9999999.00,0,,2026-08-01T05:29:28.942Z,,,,false
4a6cfe5e-be4e-492f-b498-4436011d3287,c4eb9e70-bff6-4520-81e7-6b325986a13d,c383dd94-afcf-4959-9418-743efb8f95e8,,,,10.0000,5000000.00,0,,2026-08-01T05:29:29.359Z,,,,false
b7bc714b-db20-423c-bde7-e605c9849fa8,9054ccdc-36c3-416c-8637-209f2999d6f5,c383dd94-afcf-4959-9418-743efb8f95e8,,,,10.0000,5000000.00,0,,2026-08-01T05:29:30.104Z,,,,false
e7d0cb12-1df0-460e-84bf-d5645f4c46c6,14a0528c-0b7e-44c9-9beb-4cc9dce928e7,c383dd94-afcf-4959-9418-743efb8f95e8,,,,1.0000,1000000.00,0,,2026-07-31T17:06:37.396Z,,,,false
613235da-d9c6-45d2-a94b-3fc289aa4d0d,14a0528c-0b7e-44c9-9beb-4cc9dce928e7,c383dd94-afcf-4959-9418-743efb8f95e8,,,,1.0000,2500000.00,0,,2026-07-31T17:06:37.421Z,,,,false
2c946c2d-66e8-40dd-b092-15005ce45536,14a0528c-0b7e-44c9-9beb-4cc9dce928e7,c383dd94-afcf-4959-9418-743efb8f95e8,,,,1.0000,500000.00,0,,2026-07-31T17:06:37.445Z,,,,false
22303679-95a2-420c-9d50-916aa4d102c1,7099d114-02f9-42ba-a529-489db8925e2f,c383dd94-afcf-4959-9418-743efb8f95e8,,,,7.0000,9999999.00,0,,2026-07-31T17:06:38.181Z,,,,false
ab4ace1b-ae7c-42a0-8f88-ad413d73b578,5313b61a-4ef5-411a-83d7-f7970dea2302,c383dd94-afcf-4959-9418-743efb8f95e8,,,,10.0000,5000000.00,0,,2026-07-31T17:06:38.569Z,,,,false
b65be6fd-919f-406c-956e-4ee858fc9982,5a3ce9c4-8bec-4fa7-a399-964f5240608c,c383dd94-afcf-4959-9418-743efb8f95e8,,,,10.0000,5000000.00,0,,2026-07-31T17:06:39.396Z,,,,false
ef25cf90-b2cd-4ff8-97ef-2dcd33ab267e,ce7d6174-8e22-42f8-b754-d90acb51108f,c383dd94-afcf-4959-9418-743efb8f95e8,,,,10.0000,5000000.00,0,,2026-07-31T17:06:40.531Z,,,,false
176b3823-2981-4157-9055-28861a874481,2abdba82-8157-48b9-a37d-aceb4e0ee8dd,c383dd94-afcf-4959-9418-743efb8f95e8,,,,10.0000,5000000.00,0,,2026-07-31T17:06:41.076Z,,,,false
70fa0447-df78-4d34-a15a-a714650b6f03,570ae843-b84f-4b8c-84e5-8828d9d928cd,c383dd94-afcf-4959-9418-743efb8f95e8,,,,10.0000,5000000.00,0,,2026-07-31T17:06:41.480Z,,,,false
e3c62280-da0d-4d66-a0ea-830e95085917,3728b53a-30f3-4977-b06f-ebd011d16570,c383dd94-afcf-4959-9418-743efb8f95e8,,,,10.0000,5000000.00,0,,2026-07-31T17:06:42.858Z,,,,false
07d2b53a-be41-4ce9-b782-471a1314e52c,18a476fe-cd78-4997-a34b-0c5b1e9fcb1b,c383dd94-afcf-4959-9418-743efb8f95e8,,,,10.0000,5000000.00,0,,2026-07-31T17:06:43.615Z,,,,false
4931b42f-68fd-42b1-88b7-eac356527d55,18a476fe-cd78-4997-a34b-0c5b1e9fcb1b,c383dd94-afcf-4959-9418-743efb8f95e8,,,,5.0000,1000.00,0,,2026-07-31T17:06:44.336Z,,,,false
a6e9d23f-0411-456e-9bc3-76af37afb9c9,1a2a979c-527b-460f-a6b5-ccc83cde8976,c383dd94-afcf-4959-9418-743efb8f95e8,,,,10.0000,5000000.00,0,,2026-08-01T05:29:31.221Z,,,,false
a1809596-c40b-4c2e-8f10-1ee5612f00b3,61167f6d-9249-4117-9284-291500f9492f,c383dd94-afcf-4959-9418-743efb8f95e8,,,,10.0000,5000000.00,0,,2026-08-01T05:29:31.764Z,,,,false
827e20d9-90fd-430e-a9ea-809dfb24ff70,66eb7ff0-c8f3-47aa-8f88-5ebf6017251e,c383dd94-afcf-4959-9418-743efb8f95e8,,,,10.0000,5000000.00,0,,2026-08-01T05:29:32.144Z,,,,false
f20f0452-0e6e-4c12-85b2-dd80c406d7da,8876a150-ee4e-4250-bc9b-a0d6d77f9aa6,c383dd94-afcf-4959-9418-743efb8f95e8,,,,10.0000,5000000.00,0,,2026-08-01T05:29:33.511Z,,,,false
349046c0-5239-4f5d-b051-5c547c8e06ba,ea90eb3f-2e55-4449-9935-81517e329a72,c383dd94-afcf-4959-9418-743efb8f95e8,,,,10.0000,5000000.00,0,,2026-08-01T05:29:34.260Z,,,,false
a57e6ebb-60b9-4baa-95dd-d483c8e5832a,ea90eb3f-2e55-4449-9935-81517e329a72,c383dd94-afcf-4959-9418-743efb8f95e8,,,,5.0000,1000.00,0,,2026-08-01T05:29:34.987Z,,,,false
4cc6e62a-208b-4616-9f00-84192cc4e2d8,a27d93ed-afbd-434e-801c-f6d32ab9ea25,c383dd94-afcf-4959-9418-743efb8f95e8,,,,1.0000,1000000.00,0,,2026-07-31T17:09:36.902Z,,,,false
f21e6265-939c-4862-bcfe-527b1adbd17b,a27d93ed-afbd-434e-801c-f6d32ab9ea25,c383dd94-afcf-4959-9418-743efb8f95e8,,,,1.0000,2500000.00,0,,2026-07-31T17:09:36.929Z,,,,false
f9fc62dd-c993-4423-be9b-d1883c41cbc9,a27d93ed-afbd-434e-801c-f6d32ab9ea25,c383dd94-afcf-4959-9418-743efb8f95e8,,,,1.0000,500000.00,0,,2026-07-31T17:09:36.954Z,,,,false
87ea23e2-fd72-450a-b10b-85a1027236f6,c519ecd7-4bd2-4a89-b27f-a13b895557f6,c383dd94-afcf-4959-9418-743efb8f95e8,,,,7.0000,9999999.00,0,,2026-07-31T17:09:37.715Z,,,,false
20381ad1-f0c6-46dc-a217-f97f34cfea19,84838fb8-481e-4412-9162-a5037866ba20,c383dd94-afcf-4959-9418-743efb8f95e8,,,,10.0000,5000000.00,0,,2026-07-31T17:09:38.125Z,,,,false
ef473594-80ef-4f5c-b318-d163833c81dd,d590cd5a-aa80-4b2e-81ee-dc2528fc033f,c383dd94-afcf-4959-9418-743efb8f95e8,,,,10.0000,5000000.00,0,,2026-07-31T17:09:38.837Z,,,,false
4b34bf0e-edef-42ee-9fd6-ee284f801954,a5f992b3-eacc-4c7f-90a5-89dd004870be,c383dd94-afcf-4959-9418-743efb8f95e8,,,,10.0000,5000000.00,0,,2026-07-31T17:09:39.906Z,,,,false
f844ba9d-f3d8-4fc5-b4f1-bd41d57cf469,6c6f88c7-060a-44d9-bc14-8c500d317867,c383dd94-afcf-4959-9418-743efb8f95e8,,,,10.0000,5000000.00,0,,2026-07-31T17:09:40.434Z,,,,false
1489278f-b6e5-42d2-b728-b3d6ef172c7c,3de0aeb3-2100-4623-b6ca-5fabd19244bc,c383dd94-afcf-4959-9418-743efb8f95e8,,,,10.0000,5000000.00,0,,2026-07-31T17:09:40.825Z,,,,false
8afd4e1e-5781-48ff-a5ef-472bd44a5762,6debc354-bcad-478d-a882-379adb169d1d,c383dd94-afcf-4959-9418-743efb8f95e8,,,,10.0000,5000000.00,0,,2026-07-31T17:09:42.554Z,,,,false
c325565a-fa1f-44f2-9fc0-11c8160a922d,faeabd38-cf5a-4ade-b811-684c9ebb2f5e,c383dd94-afcf-4959-9418-743efb8f95e8,,,,10.0000,5000000.00,0,,2026-07-31T17:09:43.361Z,,,,false
24af19b6-1eb3-4dde-827a-79bdf6e2ad3f,faeabd38-cf5a-4ade-b811-684c9ebb2f5e,c383dd94-afcf-4959-9418-743efb8f95e8,,,,5.0000,1000.00,0,,2026-07-31T17:09:44.243Z,,,,false
9a7832f3-ecd3-4439-a0ae-5b5e089ff7c4,cf703ea8-656d-465a-a50d-97310737ccb9,c383dd94-afcf-4959-9418-743efb8f95e8,,,,1.0000,1000000.00,0,,2026-07-31T17:13:33.812Z,,,,false
7a1d6cf5-d15e-4544-8822-ea7be8de997c,cf703ea8-656d-465a-a50d-97310737ccb9,c383dd94-afcf-4959-9418-743efb8f95e8,,,,1.0000,2500000.00,0,,2026-07-31T17:13:33.838Z,,,,false
de9d3ba6-ec98-4703-93fb-df8e863f66ca,cf703ea8-656d-465a-a50d-97310737ccb9,c383dd94-afcf-4959-9418-743efb8f95e8,,,,1.0000,500000.00,0,,2026-07-31T17:13:33.861Z,,,,false
7a72e562-420f-4c1a-a7cd-a641772484de,bdc0ef5f-29c9-4922-abf3-2d8046635445,c383dd94-afcf-4959-9418-743efb8f95e8,,,,7.0000,9999999.00,0,,2026-07-31T17:13:34.541Z,,,,false
14a7513b-a75e-4f64-abcf-ac3e1cb64416,5a8c12e7-d9c9-4948-8a23-4664a8661145,c383dd94-afcf-4959-9418-743efb8f95e8,,,,10.0000,5000000.00,0,,2026-07-31T17:13:34.939Z,,,,false
975625f9-b63a-463e-bc57-ee294e0aea83,01b06694-15c0-4564-8050-de29ea57b727,c383dd94-afcf-4959-9418-743efb8f95e8,,,,10.0000,5000000.00,0,,2026-07-31T17:13:35.693Z,,,,false
90f8955a-1792-4035-a1af-c1c4e5acff98,e40dfbe5-d82a-48a0-b1f9-ece50145d99b,c383dd94-afcf-4959-9418-743efb8f95e8,,,,10.0000,5000000.00,0,,2026-07-31T17:13:36.984Z,,,,false
3ad3f4af-1777-4158-8fc4-ad28e782f60a,dce1c018-19c2-4721-9d46-66fa537630df,c383dd94-afcf-4959-9418-743efb8f95e8,,,,10.0000,5000000.00,0,,2026-07-31T17:13:37.563Z,,,,false
5ddc2a27-fd02-4388-bae2-8a27e384ec0b,b185d55b-3b70-40f4-86af-ae5c3dbc68af,c383dd94-afcf-4959-9418-743efb8f95e8,,,,10.0000,5000000.00,0,,2026-07-31T17:13:37.923Z,,,,false
9186543d-1156-414c-a4b5-a139b11dbaf6,170be249-c880-4638-92eb-7997ee744633,c383dd94-afcf-4959-9418-743efb8f95e8,,,,10.0000,5000000.00,0,,2026-07-31T17:13:39.246Z,,,,false
5bbf53bd-8316-4d41-a42a-4ec3d6ae1eeb,6484415f-b774-4dca-9157-5d5de9eaf0fb,c383dd94-afcf-4959-9418-743efb8f95e8,,,,10.0000,5000000.00,0,,2026-07-31T17:13:40.002Z,,,,false
9da6bdfd-8288-43a0-9704-5ec88262ffc8,6484415f-b774-4dca-9157-5d5de9eaf0fb,c383dd94-afcf-4959-9418-743efb8f95e8,,,,5.0000,1000.00,0,,2026-07-31T17:13:40.805Z,,,,false
