id,lesson_id,target_type,resource_id,cost_code_id,proposed_value,currency,created_record_id,created_at
43e56d13-f0bb-4e60-9eaa-a083cf85142d,e13dcf26-3806-43c1-886b-20b9bcab2057,productivity,fcb0d33d-9cfd-4a26-a4d7-12e0ed0ddfcb,dc460eb5-bbc3-409e-896d-8846e0b3d243,0.4200,IDR,,2026-07-25T10:07:50.084Z
12fcfbf3-f867-405b-86c0-4fd002282f97,23a5b4dd-cb66-4631-9955-25840a8ecbb1,productivity,fcb0d33d-9cfd-4a26-a4d7-12e0ed0ddfcb,dc460eb5-bbc3-409e-896d-8846e0b3d243,0.4200,IDR,4d5b93b5-8a20-44df-becc-2aba3a7a8969,2026-07-25T10:07:58.828Z
20f71b3f-8c9f-4e96-a945-2e39c015555c,3c5a77f6-3adc-4ebf-96c2-62b07545386a,price_book,fcb0d33d-9cfd-4a26-a4d7-12e0ed0ddfcb,,175000.0000,IDR,9b843ee7-8909-4253-9cc2-e2bef6b78ed2,2026-07-25T10:07:59.573Z
3758efb3-08ad-4c15-ad9b-669647e6d034,7ba118d2-e470-4568-829a-eafa9fdd795c,productivity,fcb0d33d-9cfd-4a26-a4d7-12e0ed0ddfcb,dc460eb5-bbc3-409e-896d-8846e0b3d243,0.4200,IDR,,2026-07-25T10:08:00.250Z
d5c6a25d-ae3a-4cc9-a971-5fa8130c6dde,523a69b7-0600-4a8b-91b0-f8a6d7441c05,productivity,5b9c5662-70e9-471b-b234-3ff42e83520f,5d489f53-b3c9-4997-8b4e-ef9c23007aff,0.4200,IDR,,2026-07-25T10:08:09.439Z
0585fa64-ad19-438c-bf27-646d934aadb6,b2c9373f-f23b-4591-9eb2-88d869c6fa31,productivity,5b9c5662-70e9-471b-b234-3ff42e83520f,5d489f53-b3c9-4997-8b4e-ef9c23007aff,0.4200,IDR,31ab9d14-e1f4-46d8-a067-fab048dc8f5d,2026-07-25T10:08:10.006Z
8c16e943-1364-4a85-89e7-db748f1dad42,266e4476-42ba-41ba-814a-8a11b604d1cf,price_book,5b9c5662-70e9-471b-b234-3ff42e83520f,,175000.0000,IDR,845a4b4e-faae-4a7a-a5e7-524590338966,2026-07-25T10:08:10.790Z
20d887d0-410b-4b5c-aa50-a34bfa30ee90,2a054e3a-4287-48e9-b1d1-06cdb133a0e6,productivity,5b9c5662-70e9-471b-b234-3ff42e83520f,5d489f53-b3c9-4997-8b4e-ef9c23007aff,0.4200,IDR,,2026-07-25T10:08:11.426Z
8921246f-3cb0-444c-aa35-3aea1c1af2a7,d9e6e4a1-a22a-4919-9f35-7705c987ab9c,productivity,feb52a30-f536-475e-bd14-1798d9685640,9913a4bf-0d6e-4ee5-92e6-1d9b4f49ca43,0.4200,IDR,,2026-07-25T10:09:40.810Z
34fcf3a8-34be-43c0-993c-362e75d4d5aa,feb9a9d2-841d-4a38-8188-7280cf275fd2,productivity,feb52a30-f536-475e-bd14-1798d9685640,9913a4bf-0d6e-4ee5-92e6-1d9b4f49ca43,0.4200,IDR,8dbc3bd3-edc0-4508-afd9-ada969ffcdbe,2026-07-25T10:09:41.909Z
7111f9cf-f271-4cad-92de-f7002b2343e8,f84063f3-5519-471f-bf85-b7f39e7c9950,productivity,feb52a30-f536-475e-bd14-1798d9685640,75f86e70-8655-4ef2-8e86-20b5fdb4dc7d,0.4200,IDR,7127b147-ec0a-473b-9ac3-b78060d53f18,2026-07-25T10:09:42.638Z
ffcf277c-441f-4922-9125-4a8d1b8f064f,7e9c672e-990e-4c86-95e4-2874b45b9d19,price_book,feb52a30-f536-475e-bd14-1798d9685640,,175000.0000,IDR,a3e22af3-b88b-42c8-a487-ac633f065d05,2026-07-25T10:09:43.317Z
eb1d393b-36ae-4529-81ad-30b5e6c2ee52,81fed47b-987d-4c5e-8842-867fdd0c29e9,productivity,feb52a30-f536-475e-bd14-1798d9685640,9913a4bf-0d6e-4ee5-92e6-1d9b4f49ca43,0.4200,IDR,,2026-07-25T10:09:43.914Z
3703551a-5e09-4ec9-821d-c7314130a586,283ae60b-7908-448d-8a03-3fc249edd04c,productivity,3887ef0d-85b5-4dde-a49e-5c2d9d3bcf79,39a8d1c0-c07f-4f90-8b3e-b097c4451546,0.4200,IDR,,2026-07-25T10:09:56.509Z
6e48b136-3f4e-4438-b6bb-3109d60e498f,1925f61c-8bfb-4116-8b77-9ad701dad2f1,productivity,3887ef0d-85b5-4dde-a49e-5c2d9d3bcf79,39a8d1c0-c07f-4f90-8b3e-b097c4451546,0.4200,IDR,55b89d2e-6aa1-49c8-a1eb-fb2a63dbe151,2026-07-25T10:09:57.243Z
211621d9-5be2-4848-a6b5-31cf1c770111,6231d9d2-a9ef-4ff6-ad4a-14ff11cd5509,productivity,3887ef0d-85b5-4dde-a49e-5c2d9d3bcf79,50c0bfce-ed1c-4657-82dc-95bb0ecbae65,0.4200,IDR,eee3a31d-acf8-4931-b84c-2e759af5f917,2026-07-25T10:09:57.985Z
9eccfba3-7c69-4794-8a24-39f94ebf0459,3e3ad4c4-7868-456b-bc3a-4efaa247b1f1,price_book,3887ef0d-85b5-4dde-a49e-5c2d9d3bcf79,,175000.0000,IDR,3f213156-d143-4ff3-913a-5c53bc433106,2026-07-25T10:09:58.616Z
d4568663-b7a1-4d36-8ee1-71bdba89b120,b6b4301a-c68b-4846-b56a-c8fa97310985,productivity,3887ef0d-85b5-4dde-a49e-5c2d9d3bcf79,39a8d1c0-c07f-4f90-8b3e-b097c4451546,0.4200,IDR,,2026-07-25T10:09:59.394Z
5cf0e4be-9871-44dd-affc-afca77958f75,f87516ec-ba4e-4eb1-989f-be9d2e602ba8,productivity,65a95d01-c783-4042-8994-73219114ac3a,89da4860-8235-46c4-8e3a-d3fed313204b,0.4200,IDR,,2026-07-25T10:10:01.606Z
13aa721d-185f-4a2b-a8b7-87579ae3991c,40958a43-aaab-4a94-82bc-6e120cb8fe15,productivity,65a95d01-c783-4042-8994-73219114ac3a,89da4860-8235-46c4-8e3a-d3fed313204b,0.4200,IDR,,2026-07-25T10:10:02.156Z
acba8231-4e67-421c-853f-29ce4dc58e0c,9264a468-18e6-426c-a746-6f8087569fb6,productivity,65a95d01-c783-4042-8994-73219114ac3a,9fe17142-b77a-42b3-a929-a14af095915c,0.4200,IDR,,2026-07-25T10:10:02.796Z
f983e980-35de-4847-ba04-0ffde9e9cbdc,1449e46b-801c-48e1-aabe-365132a5a421,price_book,65a95d01-c783-4042-8994-73219114ac3a,,175000.0000,IDR,,2026-07-25T10:10:03.420Z
57b11209-8a31-4440-8096-99d1c06f8126,d08b81b6-f335-4ad3-8d44-d881faf05570,productivity,65a95d01-c783-4042-8994-73219114ac3a,89da4860-8235-46c4-8e3a-d3fed313204b,0.4200,IDR,,2026-07-25T10:10:03.999Z
7c0dc5e2-f637-4d86-a572-8dd528952a06,a6d9699e-4989-4ad8-bac0-3276e7c5a04e,productivity,7c873c1d-f510-453c-b3ec-37903677e630,5d6d2596-f4af-4407-bf25-958be62999f0,0.4200,IDR,,2026-07-25T10:11:36.740Z
8b436a69-25e5-4394-89be-6184c067a55b,8cd8c8c4-8c27-4a11-8115-edba7325ac9f,productivity,7c873c1d-f510-453c-b3ec-37903677e630,5d6d2596-f4af-4407-bf25-958be62999f0,0.4200,IDR,83b3ef48-01d3-4a7b-b9b6-6b22ead793e0,2026-07-25T10:11:37.348Z
8dda791b-3b1e-4f4c-b54c-468966ba3159,30dbb08a-7050-404e-9e8b-8d8552a00056,productivity,7c873c1d-f510-453c-b3ec-37903677e630,850e6a7f-56e3-4255-bf12-b703b73af852,0.4200,IDR,1fe6b4d1-3164-4784-86d2-33b7ab66911d,2026-07-25T10:11:38.084Z
0db82507-63e1-4792-9540-1019dc4c758a,f2274aed-a912-4aac-895d-c2b5bc55fb67,price_book,7c873c1d-f510-453c-b3ec-37903677e630,,175000.0000,IDR,3a295443-6e0b-44a9-9734-54d06d0c2753,2026-07-25T10:11:38.685Z
7a35d96e-d598-4710-8a3b-4db21972c00d,a2bebd9f-8dc8-4076-a3d6-6345abf0266e,productivity,7c873c1d-f510-453c-b3ec-37903677e630,5d6d2596-f4af-4407-bf25-958be62999f0,0.4200,IDR,,2026-07-25T10:11:39.287Z
041f1d2b-a42d-4b07-a47b-d28a336cf826,a54786db-f5fa-4195-b1b6-ede29dfa20e7,productivity,fa25f2aa-2ad4-418d-8f2d-89ff51f632a8,27ba651d-5b38-4555-9bcc-688335cf2353,0.4200,IDR,,2026-07-25T10:16:43.272Z
9599b2ff-a1a8-41c1-9b5f-f6926bdc702b,a9c4ed8a-ae08-4f8d-9243-53431ba6cf76,productivity,fa25f2aa-2ad4-418d-8f2d-89ff51f632a8,27ba651d-5b38-4555-9bcc-688335cf2353,0.4200,IDR,d4880fc1-5c46-4dba-bdb2-f8b932aa8bfe,2026-07-25T10:16:46.325Z
ecb8d6c5-3d43-4560-9071-6efa04ca4417,6c159f5c-29a5-4e27-b1c5-0dff71537b6f,productivity,fa25f2aa-2ad4-418d-8f2d-89ff51f632a8,337d9d68-27c4-4707-ac9f-d9e75c3404ee,0.4200,IDR,39d74416-66d1-4279-b47f-78ac9749f584,2026-07-25T10:16:52.421Z
217f0c13-072a-43d6-b90b-727e84d71ae5,5bc277af-4eac-4238-a9ba-f79f0a48011c,price_book,fa25f2aa-2ad4-418d-8f2d-89ff51f632a8,,175000.0000,IDR,b6ca7511-e5f9-4bfa-bb89-4b28500b78b6,2026-07-25T10:16:57.138Z
8f15f74b-b566-459d-896d-f492f35df383,347ebcdb-4524-4787-b461-97a44dff0eff,productivity,fa25f2aa-2ad4-418d-8f2d-89ff51f632a8,27ba651d-5b38-4555-9bcc-688335cf2353,0.4200,IDR,,2026-07-25T10:17:01.854Z
b0acde99-3e32-4a28-9f41-0d5e004dd89e,c9ff962c-eb97-4665-a57d-cd35d9f7310f,productivity,a5d011a1-6bbc-4012-a5a7-1e3369fc4155,52eaa417-6d89-4dce-9782-295babbab080,0.4200,IDR,,2026-07-25T10:26:31.801Z
3cf4c28d-d76f-427e-9910-60f904b03937,4a9fbe5d-aef2-405c-be4c-abf1fb575122,productivity,a5d011a1-6bbc-4012-a5a7-1e3369fc4155,52eaa417-6d89-4dce-9782-295babbab080,0.4200,IDR,c9030405-ee4b-4653-97f5-d3d81e0f11f1,2026-07-25T10:26:34.928Z
11312f80-8bb8-407a-a55b-ba72ae59a0e1,e5e6d13d-d7d7-4d3c-a7a6-d6020cc23fa7,productivity,a5d011a1-6bbc-4012-a5a7-1e3369fc4155,0980d59c-7009-47c7-a004-eae070081792,0.4200,IDR,63b25ea1-ac26-4097-88a1-1b348638369a,2026-07-25T10:26:40.951Z
88ae4a75-93f9-44ee-a24d-756a28815645,9a8ce8e6-37b9-4a2a-bd7d-a4f5dff5f439,price_book,a5d011a1-6bbc-4012-a5a7-1e3369fc4155,,175000.0000,IDR,98af2887-8f1b-4354-9814-8136af713c85,2026-07-25T10:26:45.596Z
b6de8ed7-aa1c-4712-aa1f-a07028221937,eae583cb-a1da-4c49-b90d-f3a413ab75c5,productivity,a5d011a1-6bbc-4012-a5a7-1e3369fc4155,52eaa417-6d89-4dce-9782-295babbab080,0.4200,IDR,,2026-07-25T10:26:50.240Z
79a6071c-713c-4513-b71c-ed4b85aa8e36,ee8c409a-c1f8-49eb-b279-85dbcb4a678f,productivity,cd7bd564-d16f-4757-bd34-674709740edc,0f46a267-1e16-4864-9e50-3d18f1be2c4f,0.4200,IDR,,2026-07-25T13:28:53.452Z
0bce575f-fb1f-4aca-8e02-d26fde574e82,60960f15-2d76-4c06-a6b6-1f601e3c35f9,productivity,cd7bd564-d16f-4757-bd34-674709740edc,0f46a267-1e16-4864-9e50-3d18f1be2c4f,0.4200,IDR,944d16c8-e8b2-4e96-8da1-7e281658ed18,2026-07-25T13:28:54.085Z
ee552f36-d655-4b50-93e4-e15bfb3a7c07,faf55866-9367-4c52-9143-f4ed8ea2977d,productivity,cd7bd564-d16f-4757-bd34-674709740edc,d00c0f38-8755-4060-9c88-d7c7e346a148,0.4200,IDR,0fb8e919-3c34-423d-ac47-f7c4453f07d9,2026-07-25T13:28:54.868Z
d70b20d4-0f7e-49ae-88a2-4cc88529fac2,5af7383e-13d4-44d3-a985-8067c5ac262f,price_book,cd7bd564-d16f-4757-bd34-674709740edc,,175000.0000,IDR,828b03ef-3e3e-4bd9-adc9-316c438c38e2,2026-07-25T13:28:55.547Z
e12d9391-0775-44d3-a384-ead8267764a3,5dd83770-31ca-4f0e-afc2-21d116600524,productivity,cd7bd564-d16f-4757-bd34-674709740edc,0f46a267-1e16-4864-9e50-3d18f1be2c4f,0.4200,IDR,,2026-07-25T13:28:56.218Z
1d88654e-7909-4455-8696-1bf3d6e0a6b2,00cdf1ef-5ed2-4f24-9c68-23bcbf81a245,productivity,4246aa04-d9c2-4d5e-a01d-6bae4cea6ed2,61254607-77d7-4c7f-8754-7cf6302019c6,0.4200,IDR,,2026-07-25T13:40:13.444Z
5f481961-4aa6-4ab1-b33b-09b5e7817de1,c6656e8a-d17e-481e-b29a-9e6c387d25f3,productivity,4246aa04-d9c2-4d5e-a01d-6bae4cea6ed2,61254607-77d7-4c7f-8754-7cf6302019c6,0.4200,IDR,5fb5d6f4-49f0-47d3-83fb-146701071cac,2026-07-25T13:40:16.393Z
79be02cc-b8ef-4505-9083-be1189da66e1,04418e2e-5df5-48e0-b1d0-c39ddc51f9cf,productivity,4246aa04-d9c2-4d5e-a01d-6bae4cea6ed2,eee02589-ea5d-46e6-b683-98c668bb2107,0.4200,IDR,15dd54f0-944d-49ba-bd39-57f466cba22e,2026-07-25T13:40:22.293Z
1cbbdc87-dc07-4647-8fc6-3dac2a661758,e23e247f-6500-417c-aa23-9d79b36b1901,price_book,4246aa04-d9c2-4d5e-a01d-6bae4cea6ed2,,175000.0000,IDR,caa35940-a1c7-41e7-bdce-63816a2ca64b,2026-07-25T13:40:26.971Z
f1539fac-4bb0-4f03-8500-ef61cf7d2187,8b2bd857-d56a-44ed-b1ae-ef534ee10523,productivity,4246aa04-d9c2-4d5e-a01d-6bae4cea6ed2,61254607-77d7-4c7f-8754-7cf6302019c6,0.4200,IDR,,2026-07-25T13:40:31.619Z
efa09e42-1f9a-4ab1-a31a-03c1818cc722,de0df138-a0b3-499b-9ea4-d38a53dd0fee,productivity,9b2cecf2-60d3-400f-a154-e0e0f30aeaf0,b84a7dbc-ec71-4a4f-91cc-e8afe91b854d,0.4200,IDR,,2026-07-25T13:55:21.747Z
fd0b7939-66c9-41e4-854f-f31ea9af7c6f,91bc941d-c01b-4652-9b25-d187d301f1bf,productivity,9b2cecf2-60d3-400f-a154-e0e0f30aeaf0,b84a7dbc-ec71-4a4f-91cc-e8afe91b854d,0.4200,IDR,259a6a99-056e-49b9-86c9-bfc7ae03e13c,2026-07-25T13:55:25.277Z
e8b4b13a-f122-4762-867d-ad866552fb32,76a8b0d4-ae11-42e3-9437-1f6067daec76,productivity,9b2cecf2-60d3-400f-a154-e0e0f30aeaf0,a441180c-85de-4bae-a196-6b22b14f909f,0.4200,IDR,f4da731b-8d68-4a6c-8067-bfbfe501bcd4,2026-07-25T13:55:30.252Z
160917dd-8de6-4c08-ad20-ff2af2d3e297,7c347cf0-b921-4449-a09e-f106a741dec1,price_book,9b2cecf2-60d3-400f-a154-e0e0f30aeaf0,,175000.0000,IDR,357241d8-22e5-4650-89bc-17bda31ae8b6,2026-07-25T13:55:34.262Z
679aad32-0fe1-412a-8e18-6bdde7f95df8,526f5163-b82d-4fb4-9464-85636c40271c,productivity,9b2cecf2-60d3-400f-a154-e0e0f30aeaf0,b84a7dbc-ec71-4a4f-91cc-e8afe91b854d,0.4200,IDR,,2026-07-25T13:55:38.679Z
a9e47a7a-a7e3-4325-b0e7-1d1b5620f6d7,bd196fdb-c246-4e4b-ae1a-b63d0d479b98,productivity,9e1fce5b-8f7c-4d1e-9c28-8ea68e6179e4,b02a7f4d-0aab-4173-8263-61d79a5aca3d,0.4200,IDR,,2026-07-25T14:08:50.982Z
f86d0b06-c282-4e02-a968-b2f850e45af0,3a0400e3-b244-4068-8799-ecd2d2393e72,productivity,9e1fce5b-8f7c-4d1e-9c28-8ea68e6179e4,b02a7f4d-0aab-4173-8263-61d79a5aca3d,0.4200,IDR,02bd635a-6c7d-4d71-8e1d-420a4f5d76fc,2026-07-25T14:08:54.635Z
72f4efa6-b00e-4e2a-8eb6-499e2598158f,46fdeb12-d54e-4188-ad64-d33a50f23606,productivity,9e1fce5b-8f7c-4d1e-9c28-8ea68e6179e4,7c7e3c84-ce8d-4c93-b096-6c52454ad039,0.4200,IDR,604e3680-627d-4386-98fd-b2614b21ddc0,2026-07-25T14:09:00.419Z
fa7aecf8-f287-4fa6-a27a-bb809f2f9717,18c107b6-55fa-4f0a-ab21-1c4549dcd35e,price_book,9e1fce5b-8f7c-4d1e-9c28-8ea68e6179e4,,175000.0000,IDR,fbc416fb-8e7c-4fff-a2d4-560f44f90a34,2026-07-25T14:09:05.257Z
269a6cab-f4e9-469b-8ff4-79122d49767a,033a9e2c-a2d6-4d31-8748-059aa5415d8b,productivity,9e1fce5b-8f7c-4d1e-9c28-8ea68e6179e4,b02a7f4d-0aab-4173-8263-61d79a5aca3d,0.4200,IDR,,2026-07-25T14:09:10.106Z
b612558d-5589-498d-8c22-28c2793f3f38,9479930f-a817-4c85-a3d4-5d2672660ad7,productivity,498d3a48-6be3-489b-b90b-0cb55e69502d,4857b4bc-dcdf-45b6-a023-62ac86e7340b,0.4200,IDR,,2026-07-25T14:16:16.846Z
79cdd410-45bc-4ee7-b91c-92f64aca2885,5334ae58-6e13-418d-84de-dedd7ef96946,productivity,498d3a48-6be3-489b-b90b-0cb55e69502d,4857b4bc-dcdf-45b6-a023-62ac86e7340b,0.4200,IDR,de34b3c9-3bf5-4ad8-ab57-4d8de1da76a4,2026-07-25T14:16:19.737Z
18cefe98-3554-426e-b7e7-37ca3f030545,b95d0ae3-eef7-4ac3-8981-19308dc45b87,productivity,498d3a48-6be3-489b-b90b-0cb55e69502d,71759a1f-92a3-4c94-98a8-8252295d193a,0.4200,IDR,9308810b-d2a6-404c-9e64-d9ccce53bab9,2026-07-25T14:16:25.617Z
8c38a39d-473b-45a0-a77b-10ace497c95a,6151b9a9-9806-43eb-995d-28cba6aea608,price_book,498d3a48-6be3-489b-b90b-0cb55e69502d,,175000.0000,IDR,8d872f0f-9967-46a9-b1ed-d6859f9aca44,2026-07-25T14:16:30.112Z
954b91e3-673d-41dc-ae48-95e0ef538112,9dcda624-5ca5-4d0d-bb2c-0d093853c9fc,productivity,498d3a48-6be3-489b-b90b-0cb55e69502d,4857b4bc-dcdf-45b6-a023-62ac86e7340b,0.4200,IDR,,2026-07-25T14:16:34.602Z
a4fece3e-48eb-42bd-ad40-a1db5aecd6e0,ad42b558-e271-480c-8310-6dc35276cd39,productivity,35300198-e224-44d8-8ff7-bb094997377f,b9c7451d-f2f4-4855-805c-27d34166f231,0.4200,IDR,,2026-07-25T14:24:22.245Z
01951dab-62a4-47c8-8709-b0cd5d90dc78,845023f9-75e8-439b-a496-86770e79a7a1,productivity,35300198-e224-44d8-8ff7-bb094997377f,b9c7451d-f2f4-4855-805c-27d34166f231,0.4200,IDR,6dab09b6-ac76-4900-87dc-fe8b5970a740,2026-07-25T14:24:24.795Z
de8db19c-81cd-48f0-99e7-2bc32ca2bca3,7a09664d-68ea-455f-be20-328dc597349a,productivity,35300198-e224-44d8-8ff7-bb094997377f,955792ef-fc68-4821-96dd-664493257431,0.4200,IDR,2caefcde-9cfc-4dcb-b67c-2bcc390ceb92,2026-07-25T14:24:29.611Z
e72f1061-d871-40e1-839e-9e53ac115093,adcccc0d-395a-4866-85a1-b4231f08a163,price_book,35300198-e224-44d8-8ff7-bb094997377f,,175000.0000,IDR,7dd71a91-5e4a-4211-babc-eab5636710e1,2026-07-25T14:24:33.448Z
db11a0fd-d9a4-4af8-a2aa-a2eb3bc2ae06,5df44635-1b59-4f7f-bf67-7cd035aefe1e,productivity,35300198-e224-44d8-8ff7-bb094997377f,b9c7451d-f2f4-4855-805c-27d34166f231,0.4200,IDR,,2026-07-25T14:24:37.278Z
e3ec04cd-502c-41ba-98ed-6285235fc204,55fc3d6d-b6d8-48ef-9db3-eec7e39e6dc2,productivity,ac92ddd0-e1a9-4b21-90db-ab0937120240,65206a80-596b-4aac-ad89-604eed9b9f46,0.4200,IDR,,2026-07-25T15:01:20.613Z
d2502a15-ce94-433c-a19f-7c1a745cc6a0,6f058739-0caf-48c5-9a99-8dee9e87714c,productivity,ac92ddd0-e1a9-4b21-90db-ab0937120240,65206a80-596b-4aac-ad89-604eed9b9f46,0.4200,IDR,13d6277c-b62b-4aa0-b8cb-e2b4e1e1523b,2026-07-25T15:01:25.306Z
f5a4e557-499c-45f4-9940-eea0aadc38e2,af0cb46d-09e8-45ea-8fee-2dee1aab45b3,productivity,ac92ddd0-e1a9-4b21-90db-ab0937120240,d0123490-a39d-4b46-ba45-126c154b54df,0.4200,IDR,0664024d-526c-4112-8671-43ed6817ee51,2026-07-25T15:01:34.711Z
82f46975-0a8a-4313-b2a6-6fe0733d5f89,8e60ead1-739a-4a3a-837f-573b50b76b11,price_book,ac92ddd0-e1a9-4b21-90db-ab0937120240,,175000.0000,IDR,be81130c-2fc5-42b1-83f8-6dc3b5f14e1b,2026-07-25T15:01:41.658Z
5d5b35ec-3c46-43e8-a1aa-681f446d9721,e5c55560-5497-4f5e-b95d-fa2cdaee9527,productivity,ac92ddd0-e1a9-4b21-90db-ab0937120240,65206a80-596b-4aac-ad89-604eed9b9f46,0.4200,IDR,,2026-07-25T15:01:46.914Z
65968e06-db63-4bea-bfa2-e90002a6b2c9,b57394d9-5fe0-4ed2-9f1b-8c9447eb8fad,productivity,e513932b-84c1-4485-a93d-04b03e7643ca,2ab6c788-0f79-45e9-95de-7296e47cba07,0.4200,IDR,,2026-07-25T15:36:00.509Z
02587a1a-ab0e-421c-92a5-3ed1a02d49fc,5d1cd483-caf6-4a11-a284-6aaf8a9d2cd7,productivity,e513932b-84c1-4485-a93d-04b03e7643ca,2ab6c788-0f79-45e9-95de-7296e47cba07,0.4200,IDR,1bdd8773-7b92-431b-b138-b3434b9202b8,2026-07-25T15:36:03.870Z
732b2107-89ec-425d-afc1-80e0e749471e,e594ac41-ca56-467b-8427-0ef0567e79c3,productivity,e513932b-84c1-4485-a93d-04b03e7643ca,ae95427a-76be-42d7-b72a-32b0342c359a,0.4200,IDR,80b1ea6f-31a6-4515-b177-3381b4b7c87e,2026-07-25T15:36:07.942Z
2556dff8-cf37-4af5-911f-8e2df691d05a,b1b74b07-82f3-4545-9ee2-431f6cf1054f,price_book,e513932b-84c1-4485-a93d-04b03e7643ca,,175000.0000,IDR,,2026-07-25T15:36:11.762Z
fa2d30fb-2b84-40ff-bc23-d5223626ade9,7633a300-364f-45d1-8856-6a766297ec27,productivity,8ca7ac1c-970b-4832-bf1e-3097131ad29d,b65460bb-4bc5-4ce2-a6f6-f74d1769c7f4,0.4200,IDR,,2026-07-25T15:36:15.619Z
df6e6018-6ac4-4949-a35c-0bbab918263e,e3f0f619-7f9c-4178-a8de-8def99b3fa54,productivity,4dab63a0-8897-4b53-a143-2eef95d81dc0,48089876-5acc-4c9d-a779-e5f2d95841c9,0.4200,IDR,,2026-07-25T15:59:53.955Z
fe2d3214-63f5-4d9e-a7ed-2b1cae1cb828,144264b8-af1a-4e5d-bc51-c41fa36a2711,productivity,4dab63a0-8897-4b53-a143-2eef95d81dc0,48089876-5acc-4c9d-a779-e5f2d95841c9,0.4200,IDR,bfd6fcba-8eb5-41ac-899a-e1ab5b03dce0,2026-07-25T15:59:56.806Z
2f375289-aca8-4639-a3de-d78ad03545f8,4b8c6cee-4f74-46eb-98d1-282ba767d22d,productivity,4dab63a0-8897-4b53-a143-2eef95d81dc0,0b88a7e6-d8b1-4102-9928-c036c8194f27,0.4200,IDR,e1335c3b-055d-428c-b63a-70601b6fd51f,2026-07-25T16:00:02.046Z
23d5a9dd-fa13-4982-b6d5-4f0bc7def0fd,d1eb8b11-d18c-4af3-a9cf-0704cb0844b2,price_book,4dab63a0-8897-4b53-a143-2eef95d81dc0,,175000.0000,IDR,,2026-07-25T16:00:06.640Z
81099538-f3a1-4a60-846f-5d5fda317a7c,64732dbd-55ff-453f-bc49-11a8404e5d71,productivity,2107a836-bad9-4c3a-915b-0e0b03d8fe82,81be6726-dd93-4d8c-8b38-9593c253fc56,0.4200,IDR,,2026-07-25T16:00:11.123Z
98daeab3-6622-400d-99b8-638da725141d,61ea9123-d9b1-4188-90d2-a772cbf90a42,productivity,48c658ce-fe19-4848-b70a-b42a79763365,426a49e8-68e5-46f6-a4a1-71d401ad2b8b,0.4200,IDR,,2026-07-25T16:05:41.850Z
fa6bc97a-85cc-449d-9fc5-2b075bb46d68,f8797f41-3991-46e2-8a83-6f368165a9e4,productivity,48c658ce-fe19-4848-b70a-b42a79763365,426a49e8-68e5-46f6-a4a1-71d401ad2b8b,0.4200,IDR,69990c5b-ac9a-4631-b61f-cf6d9dcf0d77,2026-07-25T16:05:44.557Z
88c86561-b505-45eb-847f-397681f84f87,0d5ac2a6-5520-4088-a883-a749c7cb4c0a,productivity,48c658ce-fe19-4848-b70a-b42a79763365,04384e38-102d-47bc-883b-a04b552b410c,0.4200,IDR,e35b1255-26db-4d9c-bb09-78af312799fe,2026-07-25T16:05:49.322Z
71a96a87-d472-43e4-b400-3a2b3e7aacdf,926fd4f5-2dba-418b-a882-5d95f5d0cb34,price_book,48c658ce-fe19-4848-b70a-b42a79763365,,175000.0000,IDR,8baf605b-1418-4f36-a33f-9235c9c21dc2,2026-07-25T16:05:53.672Z
9e176eaf-5199-4de0-a3e8-2593bc63c8a5,d83463b6-1a9a-417d-a573-47c95cf7e664,productivity,48c658ce-fe19-4848-b70a-b42a79763365,426a49e8-68e5-46f6-a4a1-71d401ad2b8b,0.4200,IDR,,2026-07-25T16:05:57.520Z
ef988a24-d0d3-429a-b769-03d624d79048,7963124b-a7ae-43e9-b88a-4a3d2b0960a7,productivity,91805d39-e826-4ee5-b86c-e270da53a126,a1f554db-6f04-4081-bba4-c34a37e0d5d3,0.4200,IDR,,2026-07-25T17:19:57.286Z
598baabc-ef3f-4cfe-a256-c072306835cc,008f34d6-852d-4d93-91e1-d62b1dfdb37e,productivity,91805d39-e826-4ee5-b86c-e270da53a126,a1f554db-6f04-4081-bba4-c34a37e0d5d3,0.4200,IDR,5e0322cd-fa84-4200-a31b-afaa617a0791,2026-07-25T17:19:57.871Z
cd0027f8-f912-40d5-9ee8-24aa5f6d4c98,0337a98c-36ea-45db-854b-8b0fcb71bfb0,productivity,91805d39-e826-4ee5-b86c-e270da53a126,791f78c8-e290-4935-87a9-918c90e0b507,0.4200,IDR,9f86a82a-1daa-4bd5-a022-d5ab99a193d9,2026-07-25T17:19:58.626Z
ffa9e8b1-523c-47c2-a69f-644115a56f3e,6e4e24cb-bead-4790-991b-c929cc783755,price_book,91805d39-e826-4ee5-b86c-e270da53a126,,175000.0000,IDR,a5910aec-9834-4af5-8155-dc4dce7d8f61,2026-07-25T17:19:59.290Z
18ca8cc0-e1b0-436a-bef7-7a35ff214937,e2c6f66e-4396-41af-a677-37a60e33635f,productivity,91805d39-e826-4ee5-b86c-e270da53a126,a1f554db-6f04-4081-bba4-c34a37e0d5d3,0.4200,IDR,,2026-07-25T17:19:59.900Z
e4e9f269-3a78-40eb-86ef-a890d4397df1,16a21a59-e167-45da-8b5d-dc66fcca4cb9,productivity,109cff16-a6d6-4d9a-a0d8-59b4ab12d404,0bf4c133-a98d-4445-b005-00a0554221c9,0.4200,IDR,,2026-07-25T17:24:51.290Z
6d28e90d-55e6-455d-94f8-1417ea86c36f,890bb0cb-e982-4076-9b53-52ef3db85a1f,productivity,109cff16-a6d6-4d9a-a0d8-59b4ab12d404,0bf4c133-a98d-4445-b005-00a0554221c9,0.4200,IDR,64b2087c-eb9e-45e5-b35f-6a5c0d4b0b3b,2026-07-25T17:24:54.302Z
d3f7e000-f02f-406a-8f0d-b5fdf37ad0b5,537354cc-f8ac-4c53-86a9-d812e68fcc14,productivity,109cff16-a6d6-4d9a-a0d8-59b4ab12d404,46ef0e53-4a69-4d9f-b37e-0606d6b55939,0.4200,IDR,80873eb0-4d31-4879-9d12-edff7c6acd69,2026-07-25T17:25:01.575Z
59616a2f-05fb-4fec-b2ff-1c71df7ef861,d5dcc924-623b-4109-bb20-d0a13efd978e,price_book,109cff16-a6d6-4d9a-a0d8-59b4ab12d404,,175000.0000,IDR,49c82663-688d-4023-b856-eed48100dbc2,2026-07-25T17:25:07.493Z
17b0ea47-2117-468c-a48f-2a68938f0147,f2fd736d-8ce7-48de-9b4d-047ebb1d7c1d,productivity,109cff16-a6d6-4d9a-a0d8-59b4ab12d404,0bf4c133-a98d-4445-b005-00a0554221c9,0.4200,IDR,,2026-07-25T17:25:12.407Z
56ae6116-7804-42ff-ba87-94d4b444fee7,3337015c-008f-4a02-9dec-c1dcdebc1757,productivity,14acf1cc-0e2a-4753-95f6-37d88ce619d6,d2ed5385-22a4-4a6a-9bf9-2b6d122548b0,0.4200,IDR,,2026-07-25T17:35:51.529Z
c29b706f-6d42-40ac-926c-7fceb424ab46,c10d7413-afdf-410a-a3f4-679ff58bab1c,productivity,14acf1cc-0e2a-4753-95f6-37d88ce619d6,d2ed5385-22a4-4a6a-9bf9-2b6d122548b0,0.4200,IDR,1328dd06-6f22-4d2b-8005-5b554e287a75,2026-07-25T17:35:54.637Z
f0d1f52f-82f7-474d-9cf9-a004b4185b28,99d6579f-620e-4fe0-a9ca-b8f6a8adf0bb,productivity,14acf1cc-0e2a-4753-95f6-37d88ce619d6,0b532f5c-788f-463d-ac8e-d681d213ab06,0.4200,IDR,730ba48f-18ed-4205-9ba7-01d7e3594f0b,2026-07-25T17:36:01.016Z
af67865a-6e46-485d-a954-7c04e6523a68,ff395659-481f-49e7-9e2f-da080e7c08be,price_book,14acf1cc-0e2a-4753-95f6-37d88ce619d6,,175000.0000,IDR,94b09322-8fda-4420-8e38-0b6b474336b8,2026-07-25T17:36:06.887Z
c1fd598c-8f12-42d0-a153-2b1afa2a6de5,ce9f2910-cd5d-4b63-8926-291224eca9af,productivity,14acf1cc-0e2a-4753-95f6-37d88ce619d6,d2ed5385-22a4-4a6a-9bf9-2b6d122548b0,0.4200,IDR,,2026-07-25T17:36:11.633Z
426f1b09-1e79-425b-a4b7-14506cea8a3d,6a07d8cd-0157-4a07-9180-3a4f33034448,productivity,056680f1-91bd-4ef3-b64d-e3f559ed5860,3fd96e81-e078-4ffc-ae50-a21202fbcbd8,0.4200,IDR,,2026-07-25T18:10:20.723Z
dc9b2c2a-2ff7-4551-adf9-b34aa109edbc,8548cebf-8c11-4775-821e-dc804268450d,productivity,056680f1-91bd-4ef3-b64d-e3f559ed5860,3fd96e81-e078-4ffc-ae50-a21202fbcbd8,0.4200,IDR,49b172d0-e4f8-4492-a4da-7d3edecb3c6a,2026-07-25T18:10:23.568Z
22a6413c-ea4a-40d7-b55d-b94f4b7fe27a,aa994d29-132f-414d-b49f-fff3f55fde61,productivity,056680f1-91bd-4ef3-b64d-e3f559ed5860,238405f1-85a8-4f71-9240-7bf07c9916b1,0.4200,IDR,44b6d3d5-a877-4aa6-a372-94c24b0478ef,2026-07-25T18:10:28.684Z
35d401fb-0dc6-4012-b7a4-91c2d5b03274,2e9fe444-81da-449a-9360-746db3c974c3,price_book,056680f1-91bd-4ef3-b64d-e3f559ed5860,,175000.0000,IDR,a92fb77c-c2f2-4364-9603-8d84a2a79afd,2026-07-25T18:10:33.153Z
74a34aab-149c-4ff1-98dc-9dd54bd17fda,91a8cd08-bcc3-4fc8-aa31-d73ac7045310,productivity,056680f1-91bd-4ef3-b64d-e3f559ed5860,3fd96e81-e078-4ffc-ae50-a21202fbcbd8,0.4200,IDR,,2026-07-25T18:10:37.594Z
514c92e5-eac5-4bb2-9ce2-f04e10ecaae9,db168e93-87b3-4c04-a2a1-cb2e67950668,productivity,2c2f08d9-6d04-4e35-baaa-3777d7b83fe1,94fadf15-f0c3-4953-b04c-ba01ed357b5a,0.4200,IDR,,2026-07-25T18:18:53.469Z
fa0b8cff-a527-47e1-86b1-c798b5425e43,b29641e3-298c-413a-b5de-b6d10d6a9a54,productivity,2c2f08d9-6d04-4e35-baaa-3777d7b83fe1,94fadf15-f0c3-4953-b04c-ba01ed357b5a,0.4200,IDR,270ca42a-697d-4f6f-9f21-2fbce084a4a8,2026-07-25T18:18:57.499Z
5f004239-9022-4046-86f7-62ba4549c691,a3af10ad-ed00-4e47-9b95-c478e2673504,productivity,2c2f08d9-6d04-4e35-baaa-3777d7b83fe1,74a56306-02ee-4f9d-a43c-48684846e45e,0.4200,IDR,19b1fc7d-7847-4957-a637-74d6ffafcc8d,2026-07-25T18:19:01.945Z
221ba7d8-fbe0-4358-ad29-9913082116e6,b410e7d0-075a-4d4d-891c-9942abf686fc,price_book,2c2f08d9-6d04-4e35-baaa-3777d7b83fe1,,175000.0000,IDR,895149bf-1165-4d72-9bb5-520bd97c4116,2026-07-25T18:19:05.742Z
f80934f9-8f47-4aa2-bf69-d06e005ad304,7a5afa58-28c5-49e7-b0f7-84cecfe0b80f,productivity,2c2f08d9-6d04-4e35-baaa-3777d7b83fe1,94fadf15-f0c3-4953-b04c-ba01ed357b5a,0.4200,IDR,,2026-07-25T18:19:09.444Z
9de25acc-288b-4b80-8a82-f1ac837c4d79,e2d1241f-ceb1-4a24-96b1-2de44e35d76e,productivity,d181f89e-4b45-4d56-92f1-10f5e5c67711,9bdc59dc-c5fd-4c2e-840a-ecaaeb7bf017,0.4200,IDR,,2026-07-25T19:21:46.589Z
645cd8f3-412f-4421-992d-dcb4b3b1071f,e16104fc-bfd3-4d53-9c85-e9082f2197a2,productivity,d181f89e-4b45-4d56-92f1-10f5e5c67711,9bdc59dc-c5fd-4c2e-840a-ecaaeb7bf017,0.4200,IDR,0f27ed7b-decf-4041-908f-008198a86276,2026-07-25T19:21:51.113Z
477478fb-78e8-4610-9c38-a8661abe82cc,411fb4ee-3c3c-4839-b8b3-2b3823c7f774,productivity,d181f89e-4b45-4d56-92f1-10f5e5c67711,beb269f9-3bd1-422b-8bf0-143a73fe5f85,0.4200,IDR,78465bec-6521-4506-9d56-a1ef2b7717f8,2026-07-25T19:21:58.402Z
4f34222d-33e6-4ae9-8b1e-3853e186c5fa,5a056e5e-a467-402b-83d0-fc3d0da530bc,price_book,d181f89e-4b45-4d56-92f1-10f5e5c67711,,175000.0000,IDR,590ea64e-8f65-42c8-b142-642df8c40d7f,2026-07-25T19:22:04.083Z
0cecd207-f406-46a8-be35-f92ed3c0cdce,f9f2bdec-a394-41b4-8d56-faca2502ab82,productivity,d181f89e-4b45-4d56-92f1-10f5e5c67711,9bdc59dc-c5fd-4c2e-840a-ecaaeb7bf017,0.4200,IDR,,2026-07-25T19:22:09.271Z
010a8e33-6c45-4c01-bf34-3e7d5b642953,0c8eaa0c-5186-45c5-af83-e9ccd505a28e,productivity,d33f4322-009d-41f7-9a78-b311b276aea7,72ab191f-da67-48cd-98f6-9c679a0a5b56,0.4200,IDR,,2026-07-25T19:31:58.236Z
20156e71-1038-473f-8c36-7a447cf02606,fd7b3330-61b3-4f1a-842c-f3c0366ea8b7,productivity,d33f4322-009d-41f7-9a78-b311b276aea7,72ab191f-da67-48cd-98f6-9c679a0a5b56,0.4200,IDR,b4c48123-4dcc-4f9e-99c5-10c6e2a748b4,2026-07-25T19:32:01.307Z
3fe5e91f-bec6-4ae6-a837-3a4df8ab689d,bf6ca0ef-61d5-434a-8746-cf5cd493e0a5,productivity,d33f4322-009d-41f7-9a78-b311b276aea7,9b252b03-d8b0-4a0f-a9b1-6db43ae2d21f,0.4200,IDR,591cc27b-e0a5-41e0-a5bd-a32d88a2269d,2026-07-25T19:32:08.496Z
7922875d-58c3-4fc5-af08-1470e59e5b29,e0ef49ff-794e-47cf-8dbb-a80a7a8a0dda,price_book,d33f4322-009d-41f7-9a78-b311b276aea7,,175000.0000,IDR,55286df3-3e94-4e99-ae85-afcc3f0214c2,2026-07-25T19:32:13.164Z
be486976-7860-42cf-adc4-8bbb03404e5b,7bdffd59-5aff-44c0-ad76-33b39d78ac46,productivity,d33f4322-009d-41f7-9a78-b311b276aea7,72ab191f-da67-48cd-98f6-9c679a0a5b56,0.4200,IDR,,2026-07-25T19:32:17.865Z
629932e3-19ab-4cd1-8ea4-c98742f9f471,023e40ee-166b-4769-a762-7608144408fb,productivity,0c71bfc6-0d5a-4fa9-8b16-28100e740f18,e2f55dae-3bab-45b5-bfc6-55dbf1a651af,0.4200,IDR,,2026-07-25T20:12:08.135Z
b1b1bf55-6056-456d-9862-81fa9a40e5ca,801ed056-c245-4c57-86ec-445f533a60c4,productivity,0c71bfc6-0d5a-4fa9-8b16-28100e740f18,e2f55dae-3bab-45b5-bfc6-55dbf1a651af,0.4200,IDR,6de51bf6-38c0-4d28-af45-d637e7ab6747,2026-07-25T20:12:11.088Z
19f7f166-9b55-45a8-9e71-e017bc73bbcb,7d4b53d6-001b-4bdf-8bc4-91412383f7c6,productivity,0c71bfc6-0d5a-4fa9-8b16-28100e740f18,f893ea14-b2fe-47cb-9ba1-ef1ee2d1b7fd,0.4200,IDR,4b37b35b-0fcc-4ba3-98c1-af451f57ad11,2026-07-25T20:12:16.569Z
64b41227-7cd0-457d-b42d-24f944b96239,b21776e1-07bd-437a-b501-dacaea104922,price_book,0c71bfc6-0d5a-4fa9-8b16-28100e740f18,,175000.0000,IDR,79138027-937d-4776-8560-5d7891ef9cd3,2026-07-25T20:12:21.115Z
509e8569-c802-4680-819a-636113a24120,b321d708-70f3-481b-afb7-31b678c8e6b6,productivity,0c71bfc6-0d5a-4fa9-8b16-28100e740f18,e2f55dae-3bab-45b5-bfc6-55dbf1a651af,0.4200,IDR,,2026-07-25T20:12:25.757Z
e3e15c66-7e40-4327-a0ff-51070283028b,630a721a-ab91-4582-b8b6-fb60e9b5ca1c,productivity,d8e5c907-2ecd-495b-abdc-2eb45c4ae446,50e86cf9-0d11-445a-915f-fb1540d7b778,0.4200,IDR,,2026-07-25T20:21:49.236Z
92543796-9913-4e7e-ad6b-a9b0419ebb80,d5b48232-d6a5-4ada-baa1-bbb91fbe31fd,productivity,d8e5c907-2ecd-495b-abdc-2eb45c4ae446,50e86cf9-0d11-445a-915f-fb1540d7b778,0.4200,IDR,0fe6887f-00ed-40eb-a68b-ae59403908f5,2026-07-25T20:21:51.674Z
b6ffd5e8-f5b1-4814-85e7-33dfc772fad7,1d4857f4-9972-45c4-95e2-4b5b3aef15ca,productivity,d8e5c907-2ecd-495b-abdc-2eb45c4ae446,f2986eda-af3b-4352-b15d-d0652eba6f52,0.4200,IDR,051fa19d-55d3-4d00-8742-7cc7262923ce,2026-07-25T20:21:56.111Z
4d2c58cb-ea62-447c-8ce3-e7d8bdc95c28,f101fbb8-145b-4e8e-be37-12dc4f8a7bfc,price_book,d8e5c907-2ecd-495b-abdc-2eb45c4ae446,,175000.0000,IDR,dbc8455d-1ec7-4418-9716-b9fd2a3d4974,2026-07-25T20:22:00.183Z
a20d2755-4ef8-4a86-9bd0-a68ccb69c301,972bb464-3c7a-4d60-a14f-43c079e2601c,productivity,d8e5c907-2ecd-495b-abdc-2eb45c4ae446,50e86cf9-0d11-445a-915f-fb1540d7b778,0.4200,IDR,,2026-07-25T20:22:04.170Z
d10ea3b2-7a82-4c8a-98c7-022cc1b6bdf8,61c399ba-fbbe-46ab-9390-bdcf85ce1985,productivity,843e18d8-af44-411a-86dc-f4090eb2edff,fd892e9d-b7fe-4250-83b4-3b3b25f263ae,0.4200,IDR,,2026-07-25T20:49:30.798Z
2c8edcab-a44a-4ae2-952f-96766b419e56,543f1505-147e-4338-a07b-73ac784a847b,productivity,843e18d8-af44-411a-86dc-f4090eb2edff,fd892e9d-b7fe-4250-83b4-3b3b25f263ae,0.4200,IDR,aa36d7ac-dfee-43fa-b32c-cc3af751c161,2026-07-25T20:49:33.176Z
8bc3dc3c-142d-4d6c-aaa4-2558f9fd57eb,43563811-423f-495f-b5c9-c3c4b4b7d8d1,productivity,843e18d8-af44-411a-86dc-f4090eb2edff,4069c635-36f4-4469-803e-7fd41dcc1243,0.4200,IDR,d279eba8-f3b0-4c28-be67-8b958703dfc7,2026-07-25T20:49:37.370Z
1d863083-d3d9-4d0a-95a7-bb0c4239586a,4f3ea322-4367-4983-9eb6-ff91693e7240,price_book,843e18d8-af44-411a-86dc-f4090eb2edff,,175000.0000,IDR,f046b806-6727-43b7-8f7d-f02ca23bf83b,2026-07-25T20:49:40.857Z
5fb1ecb2-0632-4707-8c78-6103061ccda3,9492679d-9421-40e6-a20f-c88d0071ba12,productivity,843e18d8-af44-411a-86dc-f4090eb2edff,fd892e9d-b7fe-4250-83b4-3b3b25f263ae,0.4200,IDR,,2026-07-25T20:49:44.368Z
2efa565e-a02d-45ca-b61f-dac2f204cb41,c61fbed9-79c4-46b8-a86b-9e51aa6fa24c,productivity,cd6bc764-b690-4aa1-be5a-2fc4cced6db0,af122506-c234-452d-a2bf-410c509f6d12,0.4200,IDR,,2026-07-25T20:57:33.640Z
04d0e3ce-a80b-49ab-871f-2b4ee4ebe4e4,1fd7af47-6de0-49b9-ac68-c54d27a0a993,productivity,cd6bc764-b690-4aa1-be5a-2fc4cced6db0,af122506-c234-452d-a2bf-410c509f6d12,0.4200,IDR,7e4e96b8-d027-4817-b5be-0d1ae06450d7,2026-07-25T20:57:36.057Z
11825a6d-1950-4749-9aec-7b8a5473ba37,933ddb7c-e7d9-4cc1-9406-05ed58a43dfb,productivity,cd6bc764-b690-4aa1-be5a-2fc4cced6db0,6dd182c3-2f2e-4198-b668-0de9488b7015,0.4200,IDR,1341e307-788d-49f1-b6e2-cb2389c37162,2026-07-25T20:57:40.346Z
9d6a3f54-f9a1-47f4-abd8-7512c8c09315,552621ba-93b8-4820-a20c-04ef6608b783,price_book,cd6bc764-b690-4aa1-be5a-2fc4cced6db0,,175000.0000,IDR,d8586134-0f3d-45ef-b759-5daf678581b9,2026-07-25T20:57:43.921Z
bad88526-c690-4703-83e4-8a3a66a7d2b5,f0775b31-e190-4eeb-ac19-4ac192564538,productivity,cd6bc764-b690-4aa1-be5a-2fc4cced6db0,af122506-c234-452d-a2bf-410c509f6d12,0.4200,IDR,,2026-07-25T20:57:47.472Z
c3f7397d-15fe-4f95-8e7e-6b1d934142c1,3a9ae00d-904e-4aed-9bb5-13da0dee30ab,productivity,71fe5780-f3d4-4cbf-8f40-2c3e59370216,fad31b53-d5ae-418e-86ca-2416a16b669e,0.4200,IDR,,2026-07-25T21:05:39.210Z
e72bd057-3060-48cd-a8ff-f34834abf19f,3b5f50e3-f60f-4d99-b6e2-aed342d3641b,productivity,71fe5780-f3d4-4cbf-8f40-2c3e59370216,fad31b53-d5ae-418e-86ca-2416a16b669e,0.4200,IDR,6165cd62-4b51-41b0-9180-5791f647492d,2026-07-25T21:05:41.804Z
81c7a09e-74ab-4aad-b921-ce1546116dfe,9f50f127-0475-4dca-b8b8-f8043f438b68,productivity,71fe5780-f3d4-4cbf-8f40-2c3e59370216,0a1e2080-3a44-4b4d-b5c8-0d49c379f7c8,0.4200,IDR,93865f46-92ce-435b-801b-a820fffaccb4,2026-07-25T21:05:46.365Z
19b622ec-b9f4-46f0-9591-0ce07179a8fe,a83bb3f6-44c4-4572-bb57-82695902da43,price_book,71fe5780-f3d4-4cbf-8f40-2c3e59370216,,175000.0000,IDR,6f906d39-34bb-43e6-ab88-80750afe2438,2026-07-25T21:05:49.776Z
7249d5d9-cb66-41bb-b1ea-3a2e7e87e3a4,bb8c77c8-38fb-46c4-a570-601162bc0449,productivity,71fe5780-f3d4-4cbf-8f40-2c3e59370216,fad31b53-d5ae-418e-86ca-2416a16b669e,0.4200,IDR,,2026-07-25T21:05:53.586Z
1bc7e4d6-f2e3-42fe-bd4f-cd82e2cc2817,3bbe7d32-710d-43e1-b063-f4181e172b22,productivity,8c0068a9-007a-4be9-8ee5-9f5fafddac51,a691660f-4822-4213-b540-8e2fd32251ae,0.4200,IDR,,2026-07-26T20:09:03.965Z
d8f255d3-d2c3-45ea-9b8d-22f86a7a5682,3b4153a8-1400-48a8-843b-62a8fc06d601,productivity,8c0068a9-007a-4be9-8ee5-9f5fafddac51,a691660f-4822-4213-b540-8e2fd32251ae,0.4200,IDR,1a2661c5-2cff-45ef-a34f-d78a3c8dcc31,2026-07-26T20:09:04.492Z
ced040cc-f75c-435b-b624-b7b33c723cde,1b655a19-5b10-441a-a0b6-fd56e2759003,productivity,8c0068a9-007a-4be9-8ee5-9f5fafddac51,5c9562a1-823e-4c0e-b93d-be10aac3c528,0.4200,IDR,e55a8904-25af-43b2-92ff-8e016fbe7e97,2026-07-26T20:09:05.179Z
168cad34-7af7-4a53-a011-17de5c2f9822,f2248010-c65a-44b2-8d07-af87123576b7,price_book,8c0068a9-007a-4be9-8ee5-9f5fafddac51,,175000.0000,IDR,0671f44f-6991-472f-a17e-961365402bb2,2026-07-26T20:09:05.773Z
4e9e8f66-0286-4af9-8172-e80a1d64d7b8,51006019-de2a-44dc-a4b3-7164ba11079c,productivity,8c0068a9-007a-4be9-8ee5-9f5fafddac51,a691660f-4822-4213-b540-8e2fd32251ae,0.4200,IDR,,2026-07-26T20:09:06.334Z
eddbeeb4-89dc-4576-bfaf-498549540c5d,3a07911a-cbc1-453f-b6af-6ab6d9990b2c,productivity,218fe188-410e-479a-ba47-03c1773ab33e,43706a09-af89-47fd-a72f-725f66f7da8c,0.4200,IDR,,2026-07-28T16:28:19.825Z
4476c1d1-2452-4d4b-b57d-417c264233ee,deadd033-388a-420e-972e-35eef907754c,productivity,218fe188-410e-479a-ba47-03c1773ab33e,43706a09-af89-47fd-a72f-725f66f7da8c,0.4200,IDR,1b1ebbcf-2c68-42d4-a6c7-c71c21dff714,2026-07-28T16:28:20.550Z
d3d362ce-b3ee-4cda-9b11-508cc7e2c58a,1cddf0dc-f2cf-45eb-bd76-04c4021f5ff1,productivity,218fe188-410e-479a-ba47-03c1773ab33e,4793df3d-f4ee-4fc1-8061-55a4ccb889d6,0.4200,IDR,ed97d4f3-0b91-47f7-9ed0-c084237620f1,2026-07-28T16:28:21.430Z
d9ca550d-aa91-4263-97fd-543b8974e0d3,09b9031c-0ffb-4574-b872-0331c24bcb4d,price_book,218fe188-410e-479a-ba47-03c1773ab33e,,175000.0000,IDR,827e2671-2793-45f8-b603-1a939253a64b,2026-07-28T16:28:22.161Z
55b05a79-a758-44a2-8408-8de3c3d5c8f0,d1110b8e-8d1a-471c-80cf-dbf58eadf43a,productivity,218fe188-410e-479a-ba47-03c1773ab33e,43706a09-af89-47fd-a72f-725f66f7da8c,0.4200,IDR,,2026-07-28T16:28:22.904Z
e266a4cd-1379-40a6-b1d0-3a49b1e6636e,5bfcffda-b74f-4331-9fb3-38a54b6d2534,productivity,06ea3761-7f75-44fc-8bf9-fae20248bdde,7cc16936-1408-44c1-8c94-ac2d412f0fee,0.4200,IDR,,2026-07-28T19:23:07.986Z
b15cc837-cab5-4a5a-ae83-1984321820bd,06f030cf-b463-4523-97c0-96f0438598d5,productivity,06ea3761-7f75-44fc-8bf9-fae20248bdde,7cc16936-1408-44c1-8c94-ac2d412f0fee,0.4200,IDR,fd881d80-771d-4539-9167-d58f097e44a5,2026-07-28T19:23:08.559Z
209506e3-d927-4590-9f69-bed11a611b48,397f3bd1-da85-4cbe-be03-1019d5fabd76,productivity,06ea3761-7f75-44fc-8bf9-fae20248bdde,00c2ff8f-c9d3-4c03-9608-e4d40552df16,0.4200,IDR,41a52bfa-8c8f-454d-bfd5-15db1f595e4c,2026-07-28T19:23:09.323Z
b2387662-5c37-45a7-9929-525c9896fc55,301486a6-53b4-4d15-9823-cb125039a1af,price_book,06ea3761-7f75-44fc-8bf9-fae20248bdde,,175000.0000,IDR,600e7585-f078-44d3-a144-c781c50a1c71,2026-07-28T19:23:09.973Z
119b8183-f96b-4963-ae37-888b7ee7aee2,475a70a2-7ce4-4657-944d-a85e110c8583,productivity,06ea3761-7f75-44fc-8bf9-fae20248bdde,7cc16936-1408-44c1-8c94-ac2d412f0fee,0.4200,IDR,,2026-07-28T19:23:10.630Z
5e95faaf-5c7a-47d3-a8da-d3df0db8132a,e79daa97-0f38-4f3e-8279-a21e7bbc14b6,productivity,7f130025-c273-4401-8a02-3a2ab4d7123b,dd1a9426-84a0-408d-913c-903774c6e373,0.4200,IDR,,2026-07-28T19:25:42.778Z
20d3e30b-a938-4d66-9b77-022af40a9048,e005b2f7-ef0e-440e-bad6-ba451adc61b1,productivity,7f130025-c273-4401-8a02-3a2ab4d7123b,dd1a9426-84a0-408d-913c-903774c6e373,0.4200,IDR,03278d23-743f-4768-a0b4-eee33ef51cbf,2026-07-28T19:25:43.323Z
8b837b34-b106-40d1-ace2-2a73d794db49,5d035dd3-de51-484e-b44a-1b61b2920bca,productivity,7f130025-c273-4401-8a02-3a2ab4d7123b,5b25fc30-3721-4076-9082-4f1db4aef17c,0.4200,IDR,08693a18-c9d8-4043-8d38-b57c8a8f696d,2026-07-28T19:25:44.222Z
5695beef-f274-4f6d-8bcc-b447829958e9,57139749-5cac-4498-9fb4-05ee1b80fa45,price_book,7f130025-c273-4401-8a02-3a2ab4d7123b,,175000.0000,IDR,d2a28758-5913-4573-ad7f-42632301ca71,2026-07-28T19:25:44.848Z
835a6833-0adf-44e5-b4a5-8f2e963d5b9e,366c275a-bdb9-4d61-a5b6-bc4d986b98d4,productivity,7f130025-c273-4401-8a02-3a2ab4d7123b,dd1a9426-84a0-408d-913c-903774c6e373,0.4200,IDR,,2026-07-28T19:25:45.475Z
729a70c0-5547-4451-b0ae-391b824a40b2,323f9a4c-e8c1-4183-9e42-33bb9fd86457,productivity,724a61f0-c68d-4845-b60a-26ce853ca6bc,9de6af2a-2b30-4b0f-afd0-9ce978ae1170,0.4200,IDR,,2026-07-28T19:29:10.675Z
700b9626-10ce-4ee8-96ba-53339661fd1c,853a4b4a-112c-4c5f-840c-eb7be1ab70c8,productivity,724a61f0-c68d-4845-b60a-26ce853ca6bc,9de6af2a-2b30-4b0f-afd0-9ce978ae1170,0.4200,IDR,5967392c-43be-4761-8035-6161d2038295,2026-07-28T19:29:11.239Z
96d3b636-1962-460a-9f55-8de9343564fa,04cf990f-187e-41a7-9ca8-c364e9e2e98b,productivity,724a61f0-c68d-4845-b60a-26ce853ca6bc,e57d9278-8638-4d39-a786-9554c183fa2e,0.4200,IDR,ab982444-e7c3-4757-b2c4-303aff8a45f6,2026-07-28T19:29:11.987Z
00df589a-5265-424e-8c13-4b21ef465993,408969e2-955f-4cdc-83bd-6cdc19953b03,price_book,724a61f0-c68d-4845-b60a-26ce853ca6bc,,175000.0000,IDR,a4fd03c2-fd2b-438f-ad65-3c47e0acf80b,2026-07-28T19:29:12.653Z
40c0a271-a6be-40dd-9c5b-25280d702e29,9ecc2de4-2d20-4f62-9b39-c9f2fc976636,productivity,724a61f0-c68d-4845-b60a-26ce853ca6bc,9de6af2a-2b30-4b0f-afd0-9ce978ae1170,0.4200,IDR,,2026-07-28T19:29:13.298Z
3c487a78-d3ad-45bb-acef-3961de47d14e,c30cbe02-fa08-47be-85c1-e59fae009ea6,productivity,ed54c8bb-1668-492d-91df-01093970e943,91557168-83d6-4a4c-a1c9-a5042e67d49f,0.4200,IDR,,2026-07-28T19:33:41.201Z
6a6ef1d4-5a1a-4ad8-a898-c4dca6e11ae0,a0237d54-382e-4b4c-a7b5-96a3673fd056,productivity,ed54c8bb-1668-492d-91df-01093970e943,91557168-83d6-4a4c-a1c9-a5042e67d49f,0.4200,IDR,b83b3ec7-08ee-4efa-bcd6-54be4c54f4ee,2026-07-28T19:33:41.752Z
eb78995d-dce8-4e38-9cfe-46a8eda255ff,3b0502e6-8ba4-48ee-8633-f6ea6c9c613f,productivity,ed54c8bb-1668-492d-91df-01093970e943,c7fe6162-08b0-490b-87ad-74fc53acf823,0.4200,IDR,47078588-76f4-41e4-be23-0ee676d7d7dd,2026-07-28T19:33:42.511Z
f3e731e9-75b3-4810-ad56-fcee632e1da8,1301d759-1928-4ed4-baf2-a73873e02179,price_book,ed54c8bb-1668-492d-91df-01093970e943,,175000.0000,IDR,3632e5c3-5858-4063-a057-cc38c58a6f4c,2026-07-28T19:33:43.141Z
488a6440-de39-4111-b057-5d6092dcca32,3851263c-1a68-409f-95be-e54631415c70,productivity,ed54c8bb-1668-492d-91df-01093970e943,91557168-83d6-4a4c-a1c9-a5042e67d49f,0.4200,IDR,,2026-07-28T19:33:43.763Z
5e1488b1-f3d6-408b-ac2a-e8685bbfa6f4,43702915-4f07-4f28-93ec-60ce5c9e5399,productivity,b0edaaf6-39d1-42f5-a1e1-afd6f55bb8be,3c6f8559-7db4-4411-b96b-cd5798441104,0.4200,IDR,,2026-07-28T19:41:26.401Z
521f6b25-4f9b-44b4-888f-6222d8f11965,1209279f-092b-4fc5-bc27-589a65ee42c1,productivity,b0edaaf6-39d1-42f5-a1e1-afd6f55bb8be,3c6f8559-7db4-4411-b96b-cd5798441104,0.4200,IDR,deb9662f-2637-4611-bbf9-f9d8679b95d4,2026-07-28T19:41:26.987Z
894f7295-0668-489b-8da8-881fd564f8e5,59872a89-d321-4988-96cb-c78d84bea0be,productivity,b0edaaf6-39d1-42f5-a1e1-afd6f55bb8be,66c25d03-eb9c-49f1-ba18-b7efb03c5925,0.4200,IDR,9db925ab-67c1-4aa1-9bf2-45f6faccb49e,2026-07-28T19:41:27.732Z
22a1f175-20b3-4ffd-a435-8c9ecba33bfe,16e88e5b-dc18-4fc7-acf0-51e913b096da,price_book,b0edaaf6-39d1-42f5-a1e1-afd6f55bb8be,,175000.0000,IDR,f9adbfac-a6b2-40a7-abf1-1c0be29f33d9,2026-07-28T19:41:28.392Z
7a4fa6d5-d1bd-44b2-8ceb-5c3373cc9972,4ebc2664-b170-4ac5-8536-b15545897dcc,productivity,b0edaaf6-39d1-42f5-a1e1-afd6f55bb8be,3c6f8559-7db4-4411-b96b-cd5798441104,0.4200,IDR,,2026-07-28T19:41:29.032Z
430e6369-b505-44a8-bcae-5e5e30500675,1cc14328-6dd9-47a6-8f9e-3f3ea441cb76,productivity,cf41b8f2-1856-4f68-9e2d-5adf413da456,79f2e9ee-b901-4683-b262-e96fdcc1907f,0.4200,IDR,,2026-07-28T19:58:13.737Z
f50cb7fa-7d73-46ec-9975-bb54c5064ffe,a2028044-2eee-4bf2-9c25-441bd862a7c3,productivity,cf41b8f2-1856-4f68-9e2d-5adf413da456,79f2e9ee-b901-4683-b262-e96fdcc1907f,0.4200,IDR,544f9827-d901-45c7-a464-a737b8365cad,2026-07-28T19:58:14.277Z
ce90157a-c2fe-46c0-a985-84c4133b4a15,7ef75ce3-9382-4b3c-91f1-c517e52a7077,productivity,cf41b8f2-1856-4f68-9e2d-5adf413da456,52c74f7d-3890-4c62-ba00-54f9b0c35215,0.4200,IDR,31ea4211-4238-4f9e-abba-4d6351695762,2026-07-28T19:58:15.000Z
c2034e64-ae35-46f7-81ce-3e93f238c0a3,e0d1a43b-48d6-43aa-bb58-76ff08ac666b,price_book,cf41b8f2-1856-4f68-9e2d-5adf413da456,,175000.0000,IDR,bafc4fd1-621a-4394-b4ed-783bd619fbe6,2026-07-28T19:58:15.649Z
aa97189a-9dc3-4656-bb3f-9b24f19b7636,4e1fc4fd-a6fd-4c96-9f82-810e2394dea4,productivity,cf41b8f2-1856-4f68-9e2d-5adf413da456,79f2e9ee-b901-4683-b262-e96fdcc1907f,0.4200,IDR,,2026-07-28T19:58:16.260Z
805a3eae-f23d-4f0e-a795-fe39383c3e43,dcb1e674-97fb-4826-b914-8e2ec8ee6f90,productivity,d90a4061-3ca8-46c3-9107-975404e0f2de,26e3d8c9-6f77-4419-90ff-e991e39ddb72,0.4200,IDR,,2026-07-28T20:02:14.993Z
97355a7d-441c-49fe-b6c8-6bb1f8cedd93,fd1be7ef-f0b5-4dae-ab1c-41433c6d2d4b,productivity,d90a4061-3ca8-46c3-9107-975404e0f2de,26e3d8c9-6f77-4419-90ff-e991e39ddb72,0.4200,IDR,791ba866-c437-4983-a0d0-c306daefc1b4,2026-07-28T20:02:15.601Z
97bd297b-7b95-4a15-9882-466293cc8891,d1490517-ffa7-4650-9146-5c6d92f5e16f,productivity,d90a4061-3ca8-46c3-9107-975404e0f2de,72205628-ea24-4dcc-9aa7-ec43cf3440ee,0.4200,IDR,91a82931-d08e-430f-8c2d-ccb4fba40a86,2026-07-28T20:02:16.408Z
adfb54dd-b8e3-424a-a1a9-af90fb516882,8265e0b7-98ff-4301-a8a1-ed8f837be300,price_book,d90a4061-3ca8-46c3-9107-975404e0f2de,,175000.0000,IDR,fc102de2-b9a9-48f3-8c5e-37981458c40e,2026-07-28T20:02:17.047Z
dcae0b9a-c4f2-43ca-ad0f-214b5d5c1bc5,02f2249e-7611-485d-a64b-9fc2f56ea619,productivity,d90a4061-3ca8-46c3-9107-975404e0f2de,26e3d8c9-6f77-4419-90ff-e991e39ddb72,0.4200,IDR,,2026-07-28T20:02:17.727Z
32cd4c66-6e08-40a4-9d4e-cb56f81e693d,71b63e12-2b65-489c-a7db-3bb0bad1a234,productivity,34960053-8c0e-44fe-b140-08727d0ad464,ca2f4f84-2e5e-4b9a-bf02-e8c241a0bf51,0.4200,IDR,,2026-07-28T20:08:12.917Z
e7c8eb07-9e28-4367-8ebf-74d4afa4ed1d,9be0a120-d54d-447c-8ac5-b5829f1e162f,productivity,34960053-8c0e-44fe-b140-08727d0ad464,ca2f4f84-2e5e-4b9a-bf02-e8c241a0bf51,0.4200,IDR,c231e7f8-6bed-472f-8cce-6090641cc289,2026-07-28T20:08:13.473Z
9546a691-aafc-4aef-9398-6652db8452c5,be60f4b3-7c54-4bd5-b353-0fbd069e39dc,productivity,34960053-8c0e-44fe-b140-08727d0ad464,716212ae-4266-41e0-a775-84d8a52fa15a,0.4200,IDR,33e6fa95-f75d-4934-9409-3da6777ec62b,2026-07-28T20:08:14.212Z
4cb67c0e-c2c8-41ba-a387-14507411bb59,ce75aa28-fb98-41f4-b309-e0d67a76a85f,price_book,34960053-8c0e-44fe-b140-08727d0ad464,,175000.0000,IDR,3d0e6220-b552-4b89-8b9b-ac354283d36a,2026-07-28T20:08:14.852Z
2341446c-c166-42f4-8d15-3c47c3dedde1,b27afdbf-4e7b-4508-a08c-5b5de9d8183c,productivity,34960053-8c0e-44fe-b140-08727d0ad464,ca2f4f84-2e5e-4b9a-bf02-e8c241a0bf51,0.4200,IDR,,2026-07-28T20:08:15.542Z
c9b4695a-e227-40c4-b470-76f0dbdedfb7,78118e6d-15dd-4d8b-8c13-f5c69469207e,productivity,31e85dd1-e8ae-4dd0-90a7-71ccc6d2fa33,dd66cf99-714f-4410-be57-697a6f86036a,0.4200,IDR,,2026-07-28T20:12:11.054Z
9fc85eca-b00f-4bfc-a176-7890a8914224,7c494995-a367-4557-9fc5-44f007a59431,productivity,31e85dd1-e8ae-4dd0-90a7-71ccc6d2fa33,dd66cf99-714f-4410-be57-697a6f86036a,0.4200,IDR,2794e339-ebe5-4a87-98c4-614357f28350,2026-07-28T20:12:11.620Z
200960cd-2fd5-4f0d-9b83-4740ad6273ef,1ac20e01-e33b-4e68-af1f-c135251d0c46,productivity,31e85dd1-e8ae-4dd0-90a7-71ccc6d2fa33,494af201-9851-4635-a7dc-7bac1bb99dbf,0.4200,IDR,42ae423c-a254-4b1b-8107-333c95e8be31,2026-07-28T20:12:12.384Z
830130d4-efca-452d-8a05-b3c7c4cb80cf,2b6f970e-c59b-4d77-995c-f63e99c0332d,price_book,31e85dd1-e8ae-4dd0-90a7-71ccc6d2fa33,,175000.0000,IDR,954e5c3f-c2fa-413f-833d-fd9811f7e2f6,2026-07-28T20:12:13.054Z
0417b9f8-15f0-4ce4-a40c-b0c41b0deea2,df44075e-6806-42d1-b5b0-058614cb8521,productivity,31e85dd1-e8ae-4dd0-90a7-71ccc6d2fa33,dd66cf99-714f-4410-be57-697a6f86036a,0.4200,IDR,,2026-07-28T20:12:13.686Z
91c36a55-1e75-4c93-9895-7d21c277a1d2,2f1daf6f-4a03-447b-a5aa-5b450af2c035,productivity,6f8d44a2-96b0-4b39-a212-d08517e2d522,89b2f570-ff81-4364-8696-508cf0c19aa9,0.4200,IDR,,2026-07-28T20:16:17.430Z
39b7cf2a-b9e7-4e4e-a5fe-de29658473b2,b78564ea-3591-4700-8fb9-5c0f86c1b921,productivity,6f8d44a2-96b0-4b39-a212-d08517e2d522,89b2f570-ff81-4364-8696-508cf0c19aa9,0.4200,IDR,d354ff1a-f740-4656-842f-56e1d02391eb,2026-07-28T20:16:18.009Z
8576a6af-9230-4439-a9a7-a078e215ce31,ddd8a9fb-99d2-4b7e-9469-c08567ef737a,productivity,6f8d44a2-96b0-4b39-a212-d08517e2d522,51fb2d1d-c5d2-497c-a0ab-d1ed37bb20bd,0.4200,IDR,d07cd171-70d2-4fd1-8b3e-db438992f4d4,2026-07-28T20:16:18.763Z
d4bcb3f6-a3af-4b06-8987-90c98154a731,e4cf8da3-6c3d-484a-b483-77e46101b627,price_book,6f8d44a2-96b0-4b39-a212-d08517e2d522,,175000.0000,IDR,79e7263e-44b2-4bc4-abf9-077f0b932977,2026-07-28T20:16:19.403Z
cb714138-5b00-4dde-93a0-01b1d2b02d51,e966e615-357f-4734-bf3b-4b6b9056e10c,productivity,6f8d44a2-96b0-4b39-a212-d08517e2d522,89b2f570-ff81-4364-8696-508cf0c19aa9,0.4200,IDR,,2026-07-28T20:16:20.029Z
b7c15e9e-da1c-4a26-ad65-c5ca6975356a,45d26cd0-d607-4a43-b53c-f34480ab499d,productivity,e7e7c065-7032-40ac-9c10-c4288ba73705,57d0ac30-fbd2-48b7-8f4d-d19099506f2e,0.4200,IDR,,2026-07-28T20:36:21.144Z
1828df7a-9210-472f-bdaf-692cfd1b7e15,3cf0d577-c0c8-41fd-8ec9-642fbd6f099f,productivity,e7e7c065-7032-40ac-9c10-c4288ba73705,57d0ac30-fbd2-48b7-8f4d-d19099506f2e,0.4200,IDR,5640b4d0-33aa-45be-ad43-5bac0fbf94bd,2026-07-28T20:36:21.716Z
ca1c4a1f-ca5c-4530-914a-ff03e9f34849,eb82859b-77e2-4a78-b7c9-881e723129e2,productivity,e7e7c065-7032-40ac-9c10-c4288ba73705,a413a63e-42d4-4f47-9602-2ce3a4aadb10,0.4200,IDR,091501ba-e329-4937-86fe-b0e31c4cf127,2026-07-28T20:36:22.527Z
1345aba7-2ee1-42c5-9a0b-517259e632b5,71727d5f-3754-4060-b1ad-1559201f5063,price_book,e7e7c065-7032-40ac-9c10-c4288ba73705,,175000.0000,IDR,5241bec6-848a-43ef-8971-62db0e27c963,2026-07-28T20:36:23.156Z
b8e13c3b-5446-481c-a04d-e4b9bf85e569,f6d10e72-981f-4f3e-b520-c9a8dda83465,productivity,e7e7c065-7032-40ac-9c10-c4288ba73705,57d0ac30-fbd2-48b7-8f4d-d19099506f2e,0.4200,IDR,,2026-07-28T20:36:23.778Z
bd13626a-515d-4294-a450-b1287a163d3a,c9a54642-b11a-49a1-a039-a5cfefdebcbf,productivity,444329da-1853-47ba-9bbb-e52e9e125c8f,5d3658c3-3614-4fa7-a578-0447b48dbd00,0.4200,IDR,,2026-07-28T20:41:25.314Z
59f8ca38-05f9-40c2-a208-2a08b655ea11,5ae0405a-2668-4022-931a-a9712d702980,productivity,444329da-1853-47ba-9bbb-e52e9e125c8f,5d3658c3-3614-4fa7-a578-0447b48dbd00,0.4200,IDR,697578f0-8f7b-4a5d-a2e5-4b8a7babe25f,2026-07-28T20:41:25.890Z
5d77eb00-f3ba-4ebf-80ab-afa3386bf8ad,e838be76-2951-41d2-af7d-9d488e372780,productivity,444329da-1853-47ba-9bbb-e52e9e125c8f,6c719699-b795-4a8f-975f-2ae3ae962a0b,0.4200,IDR,0bb6d931-c4e3-42e2-91c7-49c8ed0bfd57,2026-07-28T20:41:26.610Z
5a75fa1a-0eb6-48fc-900b-98547f27a086,b73f094c-4108-45ae-8244-d35632c245f8,price_book,444329da-1853-47ba-9bbb-e52e9e125c8f,,175000.0000,IDR,6eead2c4-4c0e-41ae-ab7c-5781e2a86f33,2026-07-28T20:41:27.243Z
af61368f-2299-41bf-a677-f20a93899e16,5d42beba-aa9d-49a6-b524-08401541dd31,productivity,444329da-1853-47ba-9bbb-e52e9e125c8f,5d3658c3-3614-4fa7-a578-0447b48dbd00,0.4200,IDR,,2026-07-28T20:41:27.900Z
7c42a176-6bc3-43be-b802-8bab0ee296c8,e4d96a58-7712-456f-828e-7bee3704cbf3,productivity,68c8f44b-fee6-462e-a024-15cd823492d5,6ace2ae6-4ee7-4434-9c50-73db92cf26f8,0.4200,IDR,,2026-07-28T20:45:22.123Z
2d187096-8a42-43c8-b059-bea3c030a69a,5f68289a-324d-4e54-a27f-48a0f3d2095a,productivity,68c8f44b-fee6-462e-a024-15cd823492d5,6ace2ae6-4ee7-4434-9c50-73db92cf26f8,0.4200,IDR,e927e4e2-5629-459c-a4cc-05333fb0ac6d,2026-07-28T20:45:22.741Z
148bc061-c17f-4957-9537-8a9248120944,de8e01cd-e447-439a-a03a-e0173a4e00a2,productivity,68c8f44b-fee6-462e-a024-15cd823492d5,d88d8d8f-0e17-49d1-ba5c-0d024231de82,0.4200,IDR,b3cc6629-ebc4-4576-9734-21576da24e48,2026-07-28T20:45:23.559Z
c6b9a906-96a4-413f-bc9c-fbdc535fd1df,4e62e8b1-2397-483b-a15d-5b578af76cc5,price_book,68c8f44b-fee6-462e-a024-15cd823492d5,,175000.0000,IDR,471eca9a-4045-4099-9ce5-e3f72d575e84,2026-07-28T20:45:24.245Z
05422584-7237-4982-af13-0f7aa1a081e5,911b8ee6-7614-48e0-bccf-e701a2a0d2e8,productivity,68c8f44b-fee6-462e-a024-15cd823492d5,6ace2ae6-4ee7-4434-9c50-73db92cf26f8,0.4200,IDR,,2026-07-28T20:45:24.975Z
87073e7c-0c81-426a-b349-c0f8fd37493e,9f631387-5d01-4758-9257-c41ce812631b,productivity,2544f0d6-8eaa-4ded-8881-dc666ca8950e,9861c520-8304-49a7-827c-9bbd95bcb07c,0.4200,IDR,,2026-07-28T20:53:31.768Z
63caa19a-6d88-41ec-9e5a-fdb0863bf93c,248c7190-71c2-4476-a462-db1c97765a43,productivity,2544f0d6-8eaa-4ded-8881-dc666ca8950e,9861c520-8304-49a7-827c-9bbd95bcb07c,0.4200,IDR,6414b2a0-9847-4489-9a34-af8cdc56a519,2026-07-28T20:53:32.357Z
e05d3975-ba1b-4524-8e97-876f63eac5c2,790bbf7e-ba17-4c5a-bc44-1256df20c4f7,productivity,2544f0d6-8eaa-4ded-8881-dc666ca8950e,46f4cc29-f3b8-478f-ae43-d666b011a5af,0.4200,IDR,95193e92-b908-4038-9bc3-5e5f0a16a446,2026-07-28T20:53:33.166Z
850bc839-ebb6-417e-a62e-6b1dbae874f6,b4e7c144-d4d7-4d8b-b81f-56f153443746,price_book,2544f0d6-8eaa-4ded-8881-dc666ca8950e,,175000.0000,IDR,af8f7b3b-4ba1-47e2-bdf4-f0a83573995c,2026-07-28T20:53:33.833Z
2d336d5e-dab5-468c-9640-94fb28320fa5,24945102-aea2-4ca3-951d-97e823c210f1,productivity,2544f0d6-8eaa-4ded-8881-dc666ca8950e,9861c520-8304-49a7-827c-9bbd95bcb07c,0.4200,IDR,,2026-07-28T20:53:34.490Z
0d9c31f0-49a4-472a-b3f7-801be0152da6,3e81266c-6e2b-4327-9821-01e66278cd4c,productivity,e6ff11f8-5a01-4a44-a5a3-dd9bfa465626,2758ce9b-cca7-48d6-9171-2d544a818bec,0.4200,IDR,,2026-07-28T20:56:16.932Z
52b510df-5715-422b-9eb4-b80c61aa6444,bea4e4cb-7dca-4c15-8d0f-4b1a373bed1d,productivity,e6ff11f8-5a01-4a44-a5a3-dd9bfa465626,2758ce9b-cca7-48d6-9171-2d544a818bec,0.4200,IDR,79895a32-a963-4e7b-b572-ac5ef53ae3dd,2026-07-28T20:56:17.509Z
b653ca09-6cf1-440c-a129-a93693ed1e71,5fc3bcb2-9f6a-4a77-8ccb-f3f41079b7f0,productivity,e6ff11f8-5a01-4a44-a5a3-dd9bfa465626,b8945fc7-5de1-4c0e-b450-395e3a27b6ab,0.4200,IDR,01fdf9d2-cb1a-4e81-bec2-080c7966e0cf,2026-07-28T20:56:18.245Z
8095cdcd-c59e-4dd6-98d1-2632c8cf040e,2e52e3e7-b8c7-4d48-a84d-d76cf5c1a320,price_book,e6ff11f8-5a01-4a44-a5a3-dd9bfa465626,,175000.0000,IDR,1087ddf9-53a0-4df7-9a48-8c221653db95,2026-07-28T20:56:18.867Z
270ac9a9-bd92-4760-b1cb-a578647e6743,16d19fce-668c-44f8-86fb-77eb9183a9e6,productivity,e6ff11f8-5a01-4a44-a5a3-dd9bfa465626,2758ce9b-cca7-48d6-9171-2d544a818bec,0.4200,IDR,,2026-07-28T20:56:19.489Z
eea5e5c4-1b29-4a30-b8b0-0d800b5dda56,9992e0f7-84b6-4f44-a481-1b8284396aac,productivity,236998f7-8f8a-4c61-a503-ccb73de14127,98a22e66-fbbf-44ef-83c9-d2fd03f5b7df,0.4200,IDR,,2026-07-28T21:00:42.103Z
e4d960c2-c201-4cad-a19a-cf717d59b4b9,e7f10eed-1d34-42b7-9ccb-381bea753a7c,productivity,236998f7-8f8a-4c61-a503-ccb73de14127,98a22e66-fbbf-44ef-83c9-d2fd03f5b7df,0.4200,IDR,83fcc6a1-5851-4986-a739-25d3e9368b47,2026-07-28T21:00:42.644Z
5200db1e-e954-47aa-b3fb-34d587dcb50e,ea1b337c-44b0-4f63-8db0-512954b96611,productivity,236998f7-8f8a-4c61-a503-ccb73de14127,1532574e-c32c-45fc-b201-a58cd184bd57,0.4200,IDR,12590ed2-f8e8-47e5-9202-73f84d376abd,2026-07-28T21:00:43.383Z
3b885afe-2885-49ea-8938-9f27dd459835,62aadf01-551d-4d95-8830-ccc3af449b0d,price_book,236998f7-8f8a-4c61-a503-ccb73de14127,,175000.0000,IDR,08fdc309-b850-4d83-95a4-f2ee2844a072,2026-07-28T21:00:43.987Z
bcbb6e2e-ae01-4b61-a011-afa7da7a2143,a5420477-fc6b-4da4-aac4-882a61c59a49,productivity,236998f7-8f8a-4c61-a503-ccb73de14127,98a22e66-fbbf-44ef-83c9-d2fd03f5b7df,0.4200,IDR,,2026-07-28T21:00:44.585Z
b8eb5030-3e73-4e41-8b0c-8fec13870501,9d8e7e49-6f24-4c33-b1a0-310c4938b035,productivity,229bb8ad-d191-4e26-995d-b6adb71a196e,a1cafe2f-c89f-4bd7-867d-e13795bdea9b,0.4200,IDR,,2026-07-28T21:05:43.058Z
7876c336-1409-4563-966b-3895c3fe8d22,04377ede-6216-4d03-9325-9a1f1938fe50,productivity,229bb8ad-d191-4e26-995d-b6adb71a196e,a1cafe2f-c89f-4bd7-867d-e13795bdea9b,0.4200,IDR,5dcebed5-1e51-40af-a1df-579283e5fc52,2026-07-28T21:05:43.654Z
b0884a76-e295-4911-aab4-ffa53b2d20b9,2de7d470-40f4-43db-b40d-6d15f382cb33,productivity,229bb8ad-d191-4e26-995d-b6adb71a196e,64e1bec7-2222-499b-8b09-8f298626218c,0.4200,IDR,0879558e-b6d3-4aee-93c3-a306c5100426,2026-07-28T21:05:44.452Z
72bab5fc-199f-472f-8a4e-d54a87930ca1,8e0bfab1-5a00-498c-8291-3c432013c812,price_book,229bb8ad-d191-4e26-995d-b6adb71a196e,,175000.0000,IDR,2bfcf647-1ff6-4e4a-a5e4-d87ed2bf8e67,2026-07-28T21:05:45.140Z
669341c7-fcdf-4653-bee2-3d5cb49dfc04,8ae3216d-8aaf-4963-9e51-5e6ddca30b19,productivity,229bb8ad-d191-4e26-995d-b6adb71a196e,a1cafe2f-c89f-4bd7-867d-e13795bdea9b,0.4200,IDR,,2026-07-28T21:05:45.821Z
fe1c952b-ffed-4be2-b122-75083d24499a,e76567dc-e49f-4824-85ba-0823cdd1c0ce,productivity,58e9f01a-6889-4c64-8c35-7a2432532d55,6d7d8ca4-ee36-41f2-9da1-f7ffe6242c66,0.4200,IDR,,2026-07-28T21:13:22.080Z
57926369-d183-44ff-89af-158415660ea7,c49c40d0-1317-4613-8ccc-cde8039590d9,productivity,58e9f01a-6889-4c64-8c35-7a2432532d55,6d7d8ca4-ee36-41f2-9da1-f7ffe6242c66,0.4200,IDR,f8770d97-8c2a-4c55-a30d-cad8fa3a1bde,2026-07-28T21:13:22.646Z
df7ba046-1ce5-49a1-b00a-4108119cee2a,1c9a7215-3d6e-49b9-8c43-6c40552f1e53,productivity,58e9f01a-6889-4c64-8c35-7a2432532d55,b2d3fae7-32ef-4f2b-afef-1d13c20b4a3d,0.4200,IDR,ceed42f6-ebd3-4997-a060-51d989c1f360,2026-07-28T21:13:23.367Z
884d2ed7-25ce-4fc3-8281-054f5444e405,5fee92c2-3553-413d-829a-4470a49b3011,price_book,58e9f01a-6889-4c64-8c35-7a2432532d55,,175000.0000,IDR,bd610965-e01b-4729-9803-dd6c85d32459,2026-07-28T21:13:23.962Z
7d440e5a-0ba0-4313-83c9-d38493bdfdf1,29e6bfd2-1071-40d8-8006-24b10a654644,productivity,58e9f01a-6889-4c64-8c35-7a2432532d55,6d7d8ca4-ee36-41f2-9da1-f7ffe6242c66,0.4200,IDR,,2026-07-28T21:13:24.576Z
983768c8-dad5-4aba-b61e-486c158ba1b6,5175d8c6-8e0c-4e71-a34a-31918495b23b,productivity,2f564beb-7f2d-4ba8-95bf-85a9b0cf771d,e270109a-77c6-4bc1-aa74-bd0fc2605500,0.4200,IDR,,2026-07-28T21:15:55.733Z
f1848bf9-cd9f-40f5-af5c-0d82b582d7fc,d16cd107-9011-4089-83f7-b5056eeb8eaf,productivity,2f564beb-7f2d-4ba8-95bf-85a9b0cf771d,e270109a-77c6-4bc1-aa74-bd0fc2605500,0.4200,IDR,69a358f3-aeae-4c2e-b47f-2d4469ef69fa,2026-07-28T21:15:56.264Z
00015902-0eca-44a1-84e9-00b3939b1433,ba4f4967-c4be-49e4-b8a0-f39cf241b69b,productivity,2f564beb-7f2d-4ba8-95bf-85a9b0cf771d,37f4ee0c-647e-45b5-a94b-be197ca1bae3,0.4200,IDR,c681102c-860d-4c5d-b9fc-28b177949357,2026-07-28T21:15:56.955Z
986de8e0-b556-41bc-ae16-78cc8cea9af4,d16d5d09-6708-4a3b-99e8-0d313d2f52f9,price_book,2f564beb-7f2d-4ba8-95bf-85a9b0cf771d,,175000.0000,IDR,c3dfaea5-1f32-4483-8d51-e688d27ed47d,2026-07-28T21:15:57.546Z
47cd21c2-6d57-4a72-a08a-fa5c0f2a255d,b9f7df03-f21c-40c2-95ca-5388ae28d23e,productivity,2f564beb-7f2d-4ba8-95bf-85a9b0cf771d,e270109a-77c6-4bc1-aa74-bd0fc2605500,0.4200,IDR,,2026-07-28T21:15:58.130Z
ab692619-448a-4c2e-a0a6-cc8706e48df7,2e13c6ff-8592-496f-be14-90bc5c21d495,productivity,dcc5964b-2c8f-43a1-84df-83d4b969f1de,67eab5ff-9565-495b-a0c2-33ce9828e1d6,0.4200,IDR,,2026-07-28T21:19:09.894Z
dc0c2a7a-c807-4f80-8c55-63dddb613602,623eebe9-8243-4e8c-9feb-6447cde77531,productivity,dcc5964b-2c8f-43a1-84df-83d4b969f1de,67eab5ff-9565-495b-a0c2-33ce9828e1d6,0.4200,IDR,b274e774-2809-43f6-823c-6954c4450ae3,2026-07-28T21:19:10.500Z
ea509c11-22e5-46a0-8c89-a7a0a9963da7,ea98f26e-a83b-4c92-a305-f5271627fccf,productivity,dcc5964b-2c8f-43a1-84df-83d4b969f1de,92c78810-7d9e-450b-a04b-904833614e38,0.4200,IDR,1076739e-738c-49f2-8305-8ae35b8d5e03,2026-07-28T21:19:11.307Z
92253a8f-7f48-46c4-9b38-a967b7b0d1b2,5a0d9073-555a-421e-9602-7f8ec4b4be04,price_book,dcc5964b-2c8f-43a1-84df-83d4b969f1de,,175000.0000,IDR,028094e3-f686-420b-a779-2b6e332d5e4a,2026-07-28T21:19:11.990Z
a30d4adc-a138-4b3b-973d-30c52f96d9be,1bdcafee-96c4-4871-bfec-78a5ad03da99,productivity,dcc5964b-2c8f-43a1-84df-83d4b969f1de,67eab5ff-9565-495b-a0c2-33ce9828e1d6,0.4200,IDR,,2026-07-28T21:19:12.686Z
00562909-7271-4bfc-8287-5752331ac5d8,3304a788-2c4f-4c68-962e-50f7aa9713c4,productivity,05961c82-cecc-495e-bac5-8cac45b7ac55,56740aad-fe9b-4c4f-b075-15f1857ca707,0.4200,IDR,,2026-07-28T21:24:45.639Z
ec1fd292-af2a-402c-9321-f8d483ee9869,aee797f8-3857-4c84-b2b0-a21ad493e6f8,productivity,05961c82-cecc-495e-bac5-8cac45b7ac55,56740aad-fe9b-4c4f-b075-15f1857ca707,0.4200,IDR,aa0d0d7d-be3b-4eb2-8074-17548bbaf240,2026-07-28T21:24:46.232Z
c6b6e969-6729-448c-8cec-b2d8d628ac7f,b0c1ae28-4861-4186-8177-965328fc78ea,productivity,05961c82-cecc-495e-bac5-8cac45b7ac55,52f9a080-633d-4d58-a752-9e261a044dd4,0.4200,IDR,9d969c51-f62c-4060-869c-e63e11940675,2026-07-28T21:24:46.931Z
bc7dacb9-3f35-408d-9864-1bab5a648815,b9b9d430-5c78-4282-8404-29643d3ab19d,price_book,05961c82-cecc-495e-bac5-8cac45b7ac55,,175000.0000,IDR,9466f862-3a90-4e1f-9278-bc69d626909a,2026-07-28T21:24:47.562Z
b7cdad69-099d-4586-86e5-4b534a4ca64e,66a7d8f0-3a6b-42b5-b70d-956e43814da1,productivity,05961c82-cecc-495e-bac5-8cac45b7ac55,56740aad-fe9b-4c4f-b075-15f1857ca707,0.4200,IDR,,2026-07-28T21:24:48.168Z
a0439b93-2487-4ccc-a6aa-d5a71e5b9629,46c5058d-1c06-4e64-a413-b9022ef354d3,productivity,ab7980ad-ab11-4383-80f9-0e0acdc00fe5,7e3e1729-5a23-43f7-9c4b-3742bc23cc16,0.4200,IDR,,2026-07-28T21:27:28.828Z
e098c479-84d7-4517-b30d-a4dc1493a847,7d5db946-053f-4228-816f-dee594b924d5,productivity,ab7980ad-ab11-4383-80f9-0e0acdc00fe5,7e3e1729-5a23-43f7-9c4b-3742bc23cc16,0.4200,IDR,5e6d994e-4765-474e-9e6b-29ff58e117fa,2026-07-28T21:27:29.387Z
faef9593-c308-439d-aeed-3323d760ae79,cbf0e2e6-7b50-4dee-ac93-98e746d8d81a,productivity,ab7980ad-ab11-4383-80f9-0e0acdc00fe5,69342cf2-293d-4b9c-824b-4a0287a00956,0.4200,IDR,c518ee95-36c2-411d-81df-19d5920c5a84,2026-07-28T21:27:30.148Z
6e03e4c0-d667-431f-80b3-3daf07b22b77,3b35e6d1-429f-44e0-82db-27cbd43909af,price_book,ab7980ad-ab11-4383-80f9-0e0acdc00fe5,,175000.0000,IDR,20aa65ee-04a3-4382-9ef0-cc3265c4473d,2026-07-28T21:27:30.809Z
23891b8c-b3a8-4cbf-addb-3df43b41158d,4a37e4dd-832f-4487-82f7-a567e1c64fad,productivity,ab7980ad-ab11-4383-80f9-0e0acdc00fe5,7e3e1729-5a23-43f7-9c4b-3742bc23cc16,0.4200,IDR,,2026-07-28T21:27:31.429Z
ca0da104-4f84-408f-b4dc-357b5706979c,a32f9f6c-1529-4623-bf26-27a76b9e7b7e,productivity,cd76775d-6f36-4905-a74e-d6bdea7a110b,12824084-5a30-4d1e-abf4-81e82594a123,0.4200,IDR,,2026-07-28T21:30:42.962Z
81c5e4d7-0b9f-48be-b353-37a363c9569b,13cf421e-c0b8-40cc-b583-6313f9c0830f,productivity,cd76775d-6f36-4905-a74e-d6bdea7a110b,12824084-5a30-4d1e-abf4-81e82594a123,0.4200,IDR,fd52273d-4685-4196-9baa-442a66515459,2026-07-28T21:30:43.571Z
6e2e86c8-3586-4a0e-a135-0b96e118341a,e9823d56-0cad-437f-a1c1-915090cec391,productivity,cd76775d-6f36-4905-a74e-d6bdea7a110b,a16b004d-dde6-4c24-b1f2-b0ab7caa5742,0.4200,IDR,c381c18b-b832-4b49-9edd-07b37e220f32,2026-07-28T21:30:44.368Z
4f76c96e-359c-4b2f-93b7-6819ceee23be,507d20e5-89bc-4a6f-aed3-f753d2b63234,price_book,cd76775d-6f36-4905-a74e-d6bdea7a110b,,175000.0000,IDR,41b2572b-717c-4e9d-87e8-99f08ad73b01,2026-07-28T21:30:45.056Z
e9e5ec3d-6faa-4f23-b97a-9f6b87b909d1,49f22bc7-8044-4d10-badf-e90150353bbf,productivity,cd76775d-6f36-4905-a74e-d6bdea7a110b,12824084-5a30-4d1e-abf4-81e82594a123,0.4200,IDR,,2026-07-28T21:30:45.768Z
f57ca20c-cc60-4c2f-84b9-16f9446ae3df,01eb1b45-db32-4e04-a582-7b3d0e2e0a58,productivity,77e9357f-8935-41b3-9842-af71bb2576ad,f1038f91-07f9-44e1-806f-3ca5978c0246,0.4200,IDR,,2026-07-28T21:51:54.061Z
09ae649d-f176-4958-aaaf-c541df16cfe7,d4da0572-6ea8-4484-b946-66d5d7fd6226,productivity,77e9357f-8935-41b3-9842-af71bb2576ad,f1038f91-07f9-44e1-806f-3ca5978c0246,0.4200,IDR,5680f4f1-7355-4cbf-bad0-b812559db246,2026-07-28T21:51:54.604Z
ad5eb071-3c3f-4158-bda0-0f6629fb9f2e,8c512c24-86da-450a-b9ea-2fe6de9159b9,productivity,77e9357f-8935-41b3-9842-af71bb2576ad,041915b2-3d92-4574-a586-cd41bbd6c332,0.4200,IDR,eb00bbc8-6e0a-4a38-a900-7288f7f23f77,2026-07-28T21:51:55.320Z
03321977-7ee2-4386-8705-9af2e21ef866,f035a75d-31aa-4954-aef4-01bcc6a13397,price_book,77e9357f-8935-41b3-9842-af71bb2576ad,,175000.0000,IDR,39824e7c-bb84-4730-adf3-ec3e4e56a2d2,2026-07-28T21:51:55.924Z
bc9b7fca-1f06-431e-8e52-d8b8980665cc,77ed60f8-4a12-40f1-8990-51ed7f086d41,productivity,77e9357f-8935-41b3-9842-af71bb2576ad,f1038f91-07f9-44e1-806f-3ca5978c0246,0.4200,IDR,,2026-07-28T21:51:56.535Z
c4c81aaf-ad04-4e95-921f-7dcdc0441964,a2653e9b-1346-4640-a487-4afbbf66ddf0,productivity,ff0e007f-1e91-431d-8eb1-d02d817c304e,c542df01-e931-4583-9f59-5a23462696bc,0.4200,IDR,,2026-07-28T21:57:04.478Z
7715f58b-9d25-42ec-a2d7-169db16fbf89,555da0e4-c2b4-45ac-b038-a9360d48cd17,productivity,ff0e007f-1e91-431d-8eb1-d02d817c304e,c542df01-e931-4583-9f59-5a23462696bc,0.4200,IDR,0d9d6a4c-bfb3-4ae4-b01b-a4ff2a3dac1a,2026-07-28T21:57:05.020Z
87c512ec-0568-465d-9c21-8bd9364956ad,ecb8a961-72b1-4b21-a4c5-aae9cf26d285,productivity,ff0e007f-1e91-431d-8eb1-d02d817c304e,46b7e698-db5d-43db-bcc1-5e9c1f6eb86a,0.4200,IDR,34651c7a-45fc-4a19-bbb9-6390d5d43b7e,2026-07-28T21:57:05.760Z
1fd85de2-3a05-447d-8f12-ab65a97194b6,14d601cf-ab82-4505-b1f3-34322455e08c,price_book,ff0e007f-1e91-431d-8eb1-d02d817c304e,,175000.0000,IDR,dd101d4e-ae81-4a27-88f6-5fbb2ba84920,2026-07-28T21:57:06.404Z
4d96449d-bb86-42ee-8bb7-48c03e9845dd,21cce247-9123-49b9-962c-d37c89bb6162,productivity,ff0e007f-1e91-431d-8eb1-d02d817c304e,c542df01-e931-4583-9f59-5a23462696bc,0.4200,IDR,,2026-07-28T21:57:07.016Z
f25f5cd7-29b5-4e15-af6d-03a5c47f5db0,dd77ec30-88b9-4a53-bb06-7396c8a74a28,productivity,eca557e6-8b8b-4a8a-a98b-297f166e6d7e,46d56f1c-0995-4220-90fe-5b2e161a883f,0.4200,IDR,,2026-07-29T03:17:40.997Z
14c07260-a738-4081-9d5e-9155579fe383,d05e9be3-b645-4ef0-b6cc-58e74707e127,productivity,eca557e6-8b8b-4a8a-a98b-297f166e6d7e,46d56f1c-0995-4220-90fe-5b2e161a883f,0.4200,IDR,19dd02c9-80da-4299-bfdc-f34133358eec,2026-07-29T03:17:41.629Z
ea9ca203-4d57-40fa-b638-dc7d36c4ac72,6271c6dc-2788-44b0-80be-5804762c5991,productivity,eca557e6-8b8b-4a8a-a98b-297f166e6d7e,d267dc59-bb3b-4b8f-9dda-7ee7d8443e26,0.4200,IDR,ff7f397b-68c7-41b5-912b-eed1d0a0ced5,2026-07-29T03:17:42.382Z
17670b1f-aad9-4e73-92ed-9e5dea344add,9f3169bc-951a-4849-ad54-7afc6f8c614f,price_book,eca557e6-8b8b-4a8a-a98b-297f166e6d7e,,175000.0000,IDR,add90639-65ac-4e54-9243-f3cca556ff5a,2026-07-29T03:17:43.163Z
617b3205-52aa-4686-a61e-93d3b31ea8ef,04c83821-2070-4915-a643-d77a67f0c2f0,productivity,eca557e6-8b8b-4a8a-a98b-297f166e6d7e,46d56f1c-0995-4220-90fe-5b2e161a883f,0.4200,IDR,,2026-07-29T03:17:43.835Z
864b8ac9-deaf-4aa8-b79f-e19203880d45,2525ebab-2c66-4dff-a29c-1710b39fbdd2,productivity,1182acda-4636-4874-b505-5b1998e5b1ce,a79c2ee8-01b9-4d0c-909f-5ec5e40db0b6,0.4200,IDR,,2026-07-29T03:27:41.435Z
8fe72407-c99d-44e2-8377-c7a42135b476,6acb8e0c-21bd-4cc7-8242-8ca40074a0c6,productivity,1182acda-4636-4874-b505-5b1998e5b1ce,a79c2ee8-01b9-4d0c-909f-5ec5e40db0b6,0.4200,IDR,1ac2c00e-9f0a-462b-bfb4-92734e77a44e,2026-07-29T03:27:42.032Z
1b7d6243-6884-43d4-99ca-82005f5ba179,8ecf5ae6-d36e-484f-a05a-f87a7cbeefac,productivity,1182acda-4636-4874-b505-5b1998e5b1ce,1c30b5cb-c6b7-4212-ba4c-e719de539870,0.4200,IDR,487197a2-15f2-4191-a27b-c295dcd92299,2026-07-29T03:27:42.894Z
61ba18c3-859f-4820-bd4e-1caa76cd3427,7dbbd1e8-9170-4f1d-b241-a8d691ddf7aa,price_book,1182acda-4636-4874-b505-5b1998e5b1ce,,175000.0000,IDR,36a7e416-9f10-4f36-a894-cb2cc4874eb9,2026-07-29T03:27:43.592Z
e86252aa-aa48-44e5-97c5-ed4825fd3e88,48d97eb7-1a6d-4359-bf18-4c5c0769a990,productivity,1182acda-4636-4874-b505-5b1998e5b1ce,a79c2ee8-01b9-4d0c-909f-5ec5e40db0b6,0.4200,IDR,,2026-07-29T03:27:44.300Z
2ca1bd45-7895-4b23-a91d-dba8e65faf62,b3545f2c-be7c-40fb-8ee8-95451bf70222,productivity,fc95e36a-379c-4eb0-bc79-e96b534cae9c,3e0bbf98-08d6-412a-b4eb-6a1fc8262984,0.4200,IDR,,2026-07-29T03:32:08.021Z
30faeb2a-6366-4cb5-8271-0587feb8c56f,495eddfd-af11-4b48-ac60-d0344951a8b2,productivity,fc95e36a-379c-4eb0-bc79-e96b534cae9c,3e0bbf98-08d6-412a-b4eb-6a1fc8262984,0.4200,IDR,b4abe31a-87b7-4058-97f6-bb0e184912ce,2026-07-29T03:32:08.655Z
8cde1572-534a-4fae-87a3-e91b4875bb29,c395d6c8-074b-4d3d-8205-d2450adf11d4,productivity,fc95e36a-379c-4eb0-bc79-e96b534cae9c,aaff1d50-0b85-4724-a109-261bccc162d9,0.4200,IDR,96047518-de37-4bc7-b697-5321d76a479b,2026-07-29T03:32:09.481Z
b1d63487-a676-4035-ada4-58c8d08fa6e5,c8fb1179-55c5-49a7-9562-f8553063f444,price_book,fc95e36a-379c-4eb0-bc79-e96b534cae9c,,175000.0000,IDR,73f93437-518f-4f53-b117-a2138b929edc,2026-07-29T03:32:10.222Z
c8dd1ac9-21ce-43c4-83a9-db2a7746f153,10a97dbc-77d2-4680-a3f5-723ff4e573ec,productivity,fc95e36a-379c-4eb0-bc79-e96b534cae9c,3e0bbf98-08d6-412a-b4eb-6a1fc8262984,0.4200,IDR,,2026-07-29T03:32:10.918Z
006c403e-a1a4-44f9-8d56-e9e8740e5fb9,9714c0bb-e9f3-4f3f-93fc-1e65012ccea1,productivity,def6b641-873a-44cf-bc69-230c75865bff,77f3e238-7a68-4ede-9c5d-4306a3a152a7,0.4200,IDR,,2026-07-29T03:34:42.598Z
cb36f063-cec9-4dd7-a029-12962cd863f9,b5bb45eb-bb53-49bb-a861-b590ca82d5b7,productivity,def6b641-873a-44cf-bc69-230c75865bff,77f3e238-7a68-4ede-9c5d-4306a3a152a7,0.4200,IDR,5ff1096e-2ded-4985-9219-a60f24bf7f2f,2026-07-29T03:34:43.194Z
bbb221a8-5ec6-481f-9b05-64d2a7d860d4,6de8138c-bf3e-4fd9-a892-897802b52a00,productivity,def6b641-873a-44cf-bc69-230c75865bff,b74064f8-3e17-4bb5-9fc3-6315ceaf6895,0.4200,IDR,faa1ae02-9520-46d1-ba28-c6931e355f5b,2026-07-29T03:34:43.996Z
26fa752c-4bb8-4a62-a094-9f6953773f04,2abf3d52-5967-4fe3-b977-52459541d52a,price_book,def6b641-873a-44cf-bc69-230c75865bff,,175000.0000,IDR,df10a02c-657d-4ecd-8f4b-ec525c172367,2026-07-29T03:34:44.680Z
efd12c3d-eff7-4d24-838f-ac60cbae9c9d,1c4b78b4-0c91-4ff6-b7dd-7ded9552b22e,productivity,def6b641-873a-44cf-bc69-230c75865bff,77f3e238-7a68-4ede-9c5d-4306a3a152a7,0.4200,IDR,,2026-07-29T03:34:45.407Z
d324ded2-b6dc-4b93-bf4b-b4fee0742fa3,ddbbe402-8e33-4bd3-8ee9-60109616064e,productivity,1ec58bdb-fc2c-42cf-b8d1-ab4f0b791f8c,f1fe7e7a-427c-4bd2-8172-c36a45cef455,0.4200,IDR,,2026-07-29T03:37:31.947Z
28186af0-819c-4a2e-b07a-cc8d418a8912,7855f10a-a161-4d28-907b-90c12c1d34c6,productivity,1ec58bdb-fc2c-42cf-b8d1-ab4f0b791f8c,f1fe7e7a-427c-4bd2-8172-c36a45cef455,0.4200,IDR,66f82a9f-973b-4875-9c0c-263f45a818ad,2026-07-29T03:37:32.554Z
156e588a-da04-4a84-870d-915d8d1e6af3,fa395cde-3f52-4218-a578-c18727477027,productivity,1ec58bdb-fc2c-42cf-b8d1-ab4f0b791f8c,e01d330f-f355-45ad-9fe9-3bbd527749ae,0.4200,IDR,e66022df-f563-4e28-9c70-52ee772eabca,2026-07-29T03:37:33.360Z
c8590afa-6ac4-4061-8973-c20af1f53ce8,abf0fe25-cc71-4f23-981c-91e3213188bb,price_book,1ec58bdb-fc2c-42cf-b8d1-ab4f0b791f8c,,175000.0000,IDR,dc7e339e-0711-4b3a-815b-02572e1cee98,2026-07-29T03:37:34.065Z
2cd7b7c5-90bc-433d-943c-98f48899bf13,c5024704-88b7-4e81-8ca8-1e9f912499e8,productivity,1ec58bdb-fc2c-42cf-b8d1-ab4f0b791f8c,f1fe7e7a-427c-4bd2-8172-c36a45cef455,0.4200,IDR,,2026-07-29T03:37:34.735Z
432f3a20-018f-49c5-a3ba-1273fa65496a,d397b27b-6495-4ba4-883d-97c5d13b8abd,productivity,100e1472-6daf-419d-ae51-6dfd0238ea71,4300a2a7-bce0-49f7-9882-4045caec094f,0.4200,IDR,,2026-07-29T03:40:04.315Z
af76118e-f534-4b2e-a4c2-52a105f9baf9,758b200a-6a9e-4240-a931-f257a53eb6c3,productivity,100e1472-6daf-419d-ae51-6dfd0238ea71,4300a2a7-bce0-49f7-9882-4045caec094f,0.4200,IDR,9b17aa3e-f36f-4ccf-86e9-d1d59f161005,2026-07-29T03:40:05.070Z
b78b45f1-4002-48fd-86ac-7d1bf6bfa4bf,eb71a170-12cc-49f6-91ad-dd5c5386f77d,productivity,100e1472-6daf-419d-ae51-6dfd0238ea71,5beeefec-c411-4788-b115-37aa64147ae3,0.4200,IDR,0167d2f2-4c83-4cb5-bfdc-b5a5284093a5,2026-07-29T03:40:05.904Z
8f75c0db-4d5a-4026-b708-ebe04e6d87b0,1eb16e10-03e1-4927-a13c-9afc04ca85ba,price_book,100e1472-6daf-419d-ae51-6dfd0238ea71,,175000.0000,IDR,dfbf6586-c078-4e53-82d3-8424a206b0c2,2026-07-29T03:40:06.581Z
62fc02f6-edea-47d0-917f-f213e953c912,afb8ea1b-3209-4eca-b9f1-1cc5fb548406,productivity,100e1472-6daf-419d-ae51-6dfd0238ea71,4300a2a7-bce0-49f7-9882-4045caec094f,0.4200,IDR,,2026-07-29T03:40:07.321Z
1a9af894-deb2-4d25-8904-d35fdae969f8,bc812d9f-9b11-4ef5-b198-d1d460283465,productivity,188c1934-4f13-48ff-9f7a-64741c7547db,e45039d0-1b0b-48fb-bbef-1826356d9e92,0.4200,IDR,,2026-07-29T03:45:16.525Z
49cbcca2-fc66-48cd-a9e6-ba7cca2c49e5,a9994089-1ae7-478a-80d1-8c3927718fba,productivity,188c1934-4f13-48ff-9f7a-64741c7547db,e45039d0-1b0b-48fb-bbef-1826356d9e92,0.4200,IDR,5ec3ac6a-0dda-4b04-9043-0762909053c4,2026-07-29T03:45:17.227Z
4e9510b7-a83d-4545-ae69-dd8c63b0654b,1a652085-a836-475d-863a-c328f97d9831,productivity,188c1934-4f13-48ff-9f7a-64741c7547db,990fcdc9-5375-4cb8-b458-f0473512726a,0.4200,IDR,25ac9201-6be7-43d6-ae54-9e6eb58c8952,2026-07-29T03:45:18.197Z
014f085b-2ccf-4052-b871-9faa4b25b0e4,5875d704-6314-49ee-9915-c1d0135964eb,price_book,188c1934-4f13-48ff-9f7a-64741c7547db,,175000.0000,IDR,be1ade90-9a9c-48cc-b7e9-7946763e0bf9,2026-07-29T03:45:19.114Z
a5304295-84ca-4add-8726-40a36112b918,64d3e9f3-e882-40b6-b752-d5dfed447a63,productivity,188c1934-4f13-48ff-9f7a-64741c7547db,e45039d0-1b0b-48fb-bbef-1826356d9e92,0.4200,IDR,,2026-07-29T03:45:19.997Z
d941c781-7599-4a5f-8832-0545063a1587,242840bf-746b-45f8-8d64-4bd23f77bd2a,productivity,90bd51b1-e9f9-4574-ad42-45a470042a70,bd304862-3b17-4f70-9378-ca6b36309cf7,0.4200,IDR,,2026-07-29T03:50:57.471Z
d15812ad-3d53-496e-b2b6-9643023316f8,50d56944-d2c6-41fe-a54f-ec66df585bf5,productivity,90bd51b1-e9f9-4574-ad42-45a470042a70,bd304862-3b17-4f70-9378-ca6b36309cf7,0.4200,IDR,a3ffd626-1283-425c-89b6-fcec1fe88532,2026-07-29T03:50:58.182Z
db1651a1-51ab-4c12-a1a2-5795a93bbee6,82e52a54-4f86-4596-8ef4-cebc002d7abc,productivity,90bd51b1-e9f9-4574-ad42-45a470042a70,8c4e5546-af23-48df-885c-d8aa4150ef8f,0.4200,IDR,c9909f85-4f7f-4c42-9eda-dcfbed0d27df,2026-07-29T03:50:59.185Z
79e6061b-9e67-41fe-8f0a-d4f4a369e206,1a47f934-b254-4076-bb29-00cb69017765,price_book,90bd51b1-e9f9-4574-ad42-45a470042a70,,175000.0000,IDR,57037a97-a954-4810-949e-a1cc3ad0b0e4,2026-07-29T03:51:00.007Z
f1c9fba5-fcdf-47c8-83d1-b2c1c2b5636d,26bd938f-f917-41b9-8da6-32388c5afed8,productivity,90bd51b1-e9f9-4574-ad42-45a470042a70,bd304862-3b17-4f70-9378-ca6b36309cf7,0.4200,IDR,,2026-07-29T03:51:00.874Z
86b504ad-74a5-490a-b989-2a41ed75c200,943c48a1-ec43-474a-8bf5-388986fb2777,productivity,873ce3a9-a696-4321-9a56-1f8a87d1914b,55bc4647-029a-47dc-b951-eb0333264bf6,0.4200,IDR,,2026-07-29T03:54:45.623Z
cfc0ac11-4023-47d8-a61f-10d463d12d85,339641b4-d7a5-40b5-9303-8cd943539816,productivity,873ce3a9-a696-4321-9a56-1f8a87d1914b,55bc4647-029a-47dc-b951-eb0333264bf6,0.4200,IDR,48297cea-adb1-433a-bd9f-f291cc6fc331,2026-07-29T03:54:46.240Z
0ff01b9b-cdff-4902-85f8-5108b8e16533,7ef457ec-e335-403a-b3ae-e70279638195,productivity,873ce3a9-a696-4321-9a56-1f8a87d1914b,b36ec3ff-9feb-4a9c-aa18-3be27ae796b3,0.4200,IDR,33a7ea25-553d-4c0f-88c3-6d91f4c7dd51,2026-07-29T03:54:47.129Z
7f880330-5d7f-49cc-b1a3-9bac25fd6634,259af98f-3469-4eb1-9d1e-56c31e53ab32,price_book,873ce3a9-a696-4321-9a56-1f8a87d1914b,,175000.0000,IDR,761de330-fa71-48ab-a356-2836b09234c1,2026-07-29T03:54:47.861Z
f4e498d4-a9f1-431d-87b8-a0abbb2efa17,11c1850b-fffb-4057-8c3b-a907053ef3d5,productivity,873ce3a9-a696-4321-9a56-1f8a87d1914b,55bc4647-029a-47dc-b951-eb0333264bf6,0.4200,IDR,,2026-07-29T03:54:48.652Z
84376f7f-9875-4c3a-b139-61926772ab33,e6b0821f-b8b7-4460-a6d0-7e61654718c1,productivity,c1e8ce72-620b-477c-abce-5a4063045747,baa778ba-1920-475c-a098-bda6b1594f26,0.4200,IDR,,2026-07-29T03:57:24.432Z
51ab90cc-858c-4d5e-aac1-6b44da08504a,58e9da55-f973-401e-b161-92d261bfdb8a,productivity,c1e8ce72-620b-477c-abce-5a4063045747,baa778ba-1920-475c-a098-bda6b1594f26,0.4200,IDR,a2dab596-e528-4569-b2f3-22ae15afadc8,2026-07-29T03:57:25.103Z
8461d416-7cf8-4f8c-a5fd-f1e657fb6bb4,8b991d95-883a-4ac3-83dd-a5d9d4303e7d,productivity,c1e8ce72-620b-477c-abce-5a4063045747,9b2baeaa-a4aa-4a31-a3f7-a0e8904c7481,0.4200,IDR,a0079952-e651-4c49-aaa9-f6c37888b56e,2026-07-29T03:57:25.949Z
6751ecd4-1a52-4b57-84c8-9cf0578953b9,fde2318d-cde5-4724-92d2-d2a7c6887f11,price_book,c1e8ce72-620b-477c-abce-5a4063045747,,175000.0000,IDR,fee24bb2-1773-4951-987f-15bc1714d564,2026-07-29T03:57:26.760Z
dff36785-e57d-4885-b6cf-9fe9dc26ed08,74b9daf9-9514-4587-a40c-9056eeabb7f6,productivity,c1e8ce72-620b-477c-abce-5a4063045747,baa778ba-1920-475c-a098-bda6b1594f26,0.4200,IDR,,2026-07-29T03:57:27.509Z
23fb489b-551c-4ea2-bbb5-c39ac19c3e96,fca5e302-03bd-40b2-a92c-73e7d6e3ba38,productivity,e255ce5b-000f-4782-a9d4-1a3c68c5c83b,c0d94372-2494-46ec-b7b5-e45a6aa10c80,0.4200,IDR,,2026-07-29T04:00:00.252Z
4d33ba2f-ce3e-4f6f-838f-d9fa25e4b553,5b9103f6-eaee-4e89-ab90-ea26be0bf6b6,productivity,e255ce5b-000f-4782-a9d4-1a3c68c5c83b,c0d94372-2494-46ec-b7b5-e45a6aa10c80,0.4200,IDR,7dda1561-9124-4f2c-aab1-71caebf7b088,2026-07-29T04:00:00.959Z
8304bc47-765b-47ce-8c19-fa9ba2a3a1df,b0367270-5897-43aa-82b5-a020ce5094e6,productivity,e255ce5b-000f-4782-a9d4-1a3c68c5c83b,23b30055-7efb-4911-b789-3bf5cd87c29f,0.4200,IDR,8ad68741-bf64-48d5-80dc-7d8187e05fe8,2026-07-29T04:00:01.927Z
e12636a9-2adb-4513-b416-d8dc14923567,532b2ade-e352-4bd1-8d25-63248e3e9a7d,price_book,e255ce5b-000f-4782-a9d4-1a3c68c5c83b,,175000.0000,IDR,af7e5ad3-a7a8-4a66-b93e-d7e4621570a8,2026-07-29T04:00:02.877Z
3af21821-761d-42bd-88a1-f2613a92bb38,c3cef805-42a1-43aa-9dfe-6d41014dffce,productivity,e255ce5b-000f-4782-a9d4-1a3c68c5c83b,c0d94372-2494-46ec-b7b5-e45a6aa10c80,0.4200,IDR,,2026-07-29T04:00:03.698Z
030aff89-2d3e-45e3-b093-1b20c79a8a97,f08ef1a1-6f7a-4b38-911e-7455682393d3,productivity,42854553-28cb-415d-b13e-1990076b9daf,2108b589-9311-4a9f-8c8f-09010b9f7ba3,0.4200,IDR,,2026-07-29T04:02:52.514Z
0ca742d4-b22f-4360-aade-46e70b38edeb,210688f0-41a2-44fb-aedc-6dbc3f32820c,productivity,42854553-28cb-415d-b13e-1990076b9daf,2108b589-9311-4a9f-8c8f-09010b9f7ba3,0.4200,IDR,9f3c8cfa-5bd8-4551-9a9e-6b2cbcfa090d,2026-07-29T04:02:53.176Z
5f428a96-559f-4f4a-95d7-51cf98fddb24,b40236e8-546a-46b3-b70e-a5db9f27684c,productivity,42854553-28cb-415d-b13e-1990076b9daf,7f6178db-41a2-4d9f-b999-9d86933145ac,0.4200,IDR,6c7f7f0d-1a95-421a-9a5a-62f704a6ff2b,2026-07-29T04:02:54.038Z
a22eb1f8-ff44-46d1-8079-676fad8bc4b5,a76ed320-6306-4b9e-aef5-a97207f57433,price_book,42854553-28cb-415d-b13e-1990076b9daf,,175000.0000,IDR,78b345e8-db60-4285-bb82-9bce9c516b90,2026-07-29T04:02:54.775Z
2281f78a-78ad-4d88-bb82-228aa4d018c0,5ff2f2e4-b164-42f3-9ad0-de4b9adced49,productivity,42854553-28cb-415d-b13e-1990076b9daf,2108b589-9311-4a9f-8c8f-09010b9f7ba3,0.4200,IDR,,2026-07-29T04:02:55.573Z
522cf719-d796-4416-8d95-84a275c5f232,b0539d40-bd0b-46dd-8f65-a492b7a4aeb3,productivity,e8dae341-1589-4290-bcec-7c1b8936e7a3,a24a8f44-693f-4d6a-8514-36baf3d0af28,0.4200,IDR,,2026-07-29T04:23:23.579Z
57790fa5-9c93-42bd-8457-65155776f647,dd39d9af-557c-4f9a-96a3-f7fa6959bb74,productivity,e8dae341-1589-4290-bcec-7c1b8936e7a3,a24a8f44-693f-4d6a-8514-36baf3d0af28,0.4200,IDR,fe805715-3529-46f7-9b3d-161c5adf6a35,2026-07-29T04:23:24.353Z
d735c84c-f840-47b0-b310-eeda19f9fc14,5ee8ec5f-b779-4844-b649-36ec59d62232,productivity,e8dae341-1589-4290-bcec-7c1b8936e7a3,9e9b8798-4eb2-4df7-aafe-00121e176a49,0.4200,IDR,561b1236-192b-4802-b4a1-a72d1e7df79a,2026-07-29T04:23:25.342Z
cfaf4373-8817-49c8-90cc-a7387b2b3c6b,42be9f8f-44a5-4e30-b859-875f96fb0dfe,price_book,e8dae341-1589-4290-bcec-7c1b8936e7a3,,175000.0000,IDR,4ca6085a-5faf-43b2-917c-11f11a88eea4,2026-07-29T04:23:26.131Z
f1fe5b1c-ba8c-41a8-9368-9201e5bd46bc,43232174-c2d7-490e-9b90-796e7c784d27,productivity,e8dae341-1589-4290-bcec-7c1b8936e7a3,a24a8f44-693f-4d6a-8514-36baf3d0af28,0.4200,IDR,,2026-07-29T04:23:26.909Z
1a7c2ff4-a8a4-41e3-95f7-3cfc36199e02,6c83583d-2008-46fc-a1a7-53be588cab09,productivity,24a32f3f-f050-4b94-b09c-a9d71c615a6c,f15dc166-768d-4476-8b9f-9705a12661ef,0.4200,IDR,,2026-07-29T04:26:02.069Z
a6d6cb12-5aa7-43fd-a7a6-76dca7f667a3,bce35250-7e98-4e6c-ba76-dd274d742710,productivity,24a32f3f-f050-4b94-b09c-a9d71c615a6c,f15dc166-768d-4476-8b9f-9705a12661ef,0.4200,IDR,f0507052-da7d-44c6-bbcd-15624fb5085b,2026-07-29T04:26:02.716Z
b665170a-adbf-41c5-b222-eee865e7bbeb,16efe523-a79c-4f4c-953b-605ba44e94f8,productivity,24a32f3f-f050-4b94-b09c-a9d71c615a6c,630e1153-9ac9-4e86-8ffd-0aceaabe3a97,0.4200,IDR,aa0dbaa6-20c9-4b0f-97a8-38f0e363d30a,2026-07-29T04:26:03.636Z
31d97ce2-c3da-421d-bc12-3da416485a5e,2fedf811-7209-4937-bcf0-a09fc30d05ea,price_book,24a32f3f-f050-4b94-b09c-a9d71c615a6c,,175000.0000,IDR,9ea314e7-00ec-4c74-b5ff-44cc81587da3,2026-07-29T04:26:04.394Z
5e59c8d0-291e-4022-b0f6-800d818f1c78,d7013bac-177f-4e41-a77c-4fab64de4481,productivity,24a32f3f-f050-4b94-b09c-a9d71c615a6c,f15dc166-768d-4476-8b9f-9705a12661ef,0.4200,IDR,,2026-07-29T04:26:05.189Z
2c62edf6-436a-45e6-8971-897a96d78621,dedfff8b-a2f9-44f9-8042-4373fc987e72,productivity,30d2248b-ec91-489a-885c-8229dc728c55,bb12c521-5deb-4f1a-b235-f70c7d184304,0.4200,IDR,,2026-07-29T04:32:06.712Z
f7cca511-3760-43b7-b636-7c2ecd0392c4,75bf03e7-7a12-4694-ab78-65b8f3708add,productivity,30d2248b-ec91-489a-885c-8229dc728c55,bb12c521-5deb-4f1a-b235-f70c7d184304,0.4200,IDR,f3553e09-6a28-4a31-921f-21a5768dc0b1,2026-07-29T04:32:07.395Z
571ff1e5-7591-4a1a-bed2-6d65bad652fc,437d2e80-5869-4813-8d48-c983a3982036,productivity,30d2248b-ec91-489a-885c-8229dc728c55,59e17427-6d26-4c24-aa1d-4c1dcd57a081,0.4200,IDR,541f5e5a-9814-4405-b919-5c8144d6cc3b,2026-07-29T04:32:08.370Z
0525c6f3-2ac8-4a86-93fe-393020ac718b,0dc9f25a-1bc1-4153-8644-d6378327779d,price_book,30d2248b-ec91-489a-885c-8229dc728c55,,175000.0000,IDR,9459566b-9866-48d5-9c92-dc98a229303d,2026-07-29T04:32:09.157Z
5f5025a8-23fb-417b-9674-45cf7c1ad4f9,89cf7de5-9a76-4241-b273-e6133f1c7205,productivity,30d2248b-ec91-489a-885c-8229dc728c55,bb12c521-5deb-4f1a-b235-f70c7d184304,0.4200,IDR,,2026-07-29T04:32:10.011Z
0de72900-4111-4615-bff6-2b6496d8fdfe,2bbb0e0c-116a-4f91-a59f-6adf24d8ccd0,productivity,0fe73127-06e2-4895-8441-053a00aca151,041391aa-cacf-49a1-8811-6b83d740a43d,0.4200,IDR,,2026-07-29T04:37:15.332Z
228fe913-1e88-49a6-b8c8-48a9bc80a8b8,bb572c59-539c-40a7-a213-030e5eeb75d0,productivity,0fe73127-06e2-4895-8441-053a00aca151,041391aa-cacf-49a1-8811-6b83d740a43d,0.4200,IDR,36764ac0-91bf-4cb6-9e1a-74ce1f855386,2026-07-29T04:37:16.125Z
67f28bcc-1fb6-4244-bc4a-c6bbe65c09c7,bab76045-e7a2-46c3-8f4f-5f5ddf8441ec,productivity,0fe73127-06e2-4895-8441-053a00aca151,94e8a40c-033d-40a0-be6c-3db2df04b90e,0.4200,IDR,6c3e0513-146c-4af6-a5dd-e5a09301ba4d,2026-07-29T04:37:17.147Z
88c1bbf7-7109-4be6-9576-2bf1c11ae747,0c3582e5-05c8-4bdd-8eb7-e0f17c4a33de,price_book,0fe73127-06e2-4895-8441-053a00aca151,,175000.0000,IDR,f116befd-3b20-4cc5-b1c1-aa47f974bc3b,2026-07-29T04:37:17.988Z
2be009d0-39f2-4cb3-9e34-2338722937ac,f90ff782-46bd-4048-8384-aaa147362fe7,productivity,0fe73127-06e2-4895-8441-053a00aca151,041391aa-cacf-49a1-8811-6b83d740a43d,0.4200,IDR,,2026-07-29T04:37:18.847Z
7f312659-ad3f-411a-b0be-f15e349c213e,d3d355e4-c8c7-4c7f-8c35-56c8cd36d8c8,productivity,7c92e98b-5677-48ed-9212-715b0847eda2,6966483a-4733-436d-a825-dd252750bc0f,0.4200,IDR,,2026-07-29T04:39:51.145Z
14fffefa-03f0-41d9-9430-381001a25b06,c753e19e-0b38-4bd7-b86d-e39994043f6e,productivity,7c92e98b-5677-48ed-9212-715b0847eda2,6966483a-4733-436d-a825-dd252750bc0f,0.4200,IDR,d23df112-ea51-467c-9c20-aae77dd7e028,2026-07-29T04:39:51.779Z
d7dab20e-51b4-480b-b05e-e4100d1c031d,03285bff-d219-4b2a-a9c7-fabf19f47ead,productivity,7c92e98b-5677-48ed-9212-715b0847eda2,7646438b-53bc-4b2e-a06c-1af976e54138,0.4200,IDR,f1d4ebd0-9178-49d0-a5e2-dea14a958ba3,2026-07-29T04:39:52.630Z
ca17992e-90ad-40ab-a665-f893d45c02b8,b6a4b859-19fc-45fd-b02a-4a3f81c62e42,price_book,7c92e98b-5677-48ed-9212-715b0847eda2,,175000.0000,IDR,e905862f-3a89-4bd6-be82-d137853e1abe,2026-07-29T04:39:53.431Z
49176a63-f58c-4987-a09a-5b86fafd654d,8f6f3a83-9433-4d07-84d8-4963a0d50353,productivity,7c92e98b-5677-48ed-9212-715b0847eda2,6966483a-4733-436d-a825-dd252750bc0f,0.4200,IDR,,2026-07-29T04:39:54.235Z
8a354a46-db06-4cd6-bf3d-bceafe5d4429,48440365-e9d5-482c-ae26-fd5f78dd3f64,productivity,a4e2a6ff-9466-42cc-b4a2-6467864a33a7,6d9b3a13-a64d-49da-951b-ff7de92f776e,0.4200,IDR,,2026-07-29T04:43:03.846Z
6cb31b30-7a53-4222-bc9d-e899091d8be8,42422166-6299-4f97-882a-0bcfb40a497f,productivity,a4e2a6ff-9466-42cc-b4a2-6467864a33a7,6d9b3a13-a64d-49da-951b-ff7de92f776e,0.4200,IDR,38bb0ccd-07ff-4a1a-9a44-9226aef4fb1d,2026-07-29T04:43:04.514Z
a113cfb6-eced-4763-8a4c-835f1f65aef8,061e7e0e-96d6-4852-81f7-3529688ef55f,productivity,a4e2a6ff-9466-42cc-b4a2-6467864a33a7,d3866689-5b7d-4ade-af27-2cbfb12dc7b9,0.4200,IDR,90eb24a1-7649-43da-9a8a-2f3556c4bea7,2026-07-29T04:43:05.557Z
b03b6743-f8d2-46b7-ad29-40321414d9b8,65fc406c-1997-4b2c-9480-e4116b779be0,price_book,a4e2a6ff-9466-42cc-b4a2-6467864a33a7,,175000.0000,IDR,9e46b155-17d2-406a-92aa-6b6573b49134,2026-07-29T04:43:06.328Z
cc74f8e1-9cb0-4e54-ade0-fdf900f785e2,40ae8a4c-9fe5-4286-a0b6-d6ed7fd811bc,productivity,a4e2a6ff-9466-42cc-b4a2-6467864a33a7,6d9b3a13-a64d-49da-951b-ff7de92f776e,0.4200,IDR,,2026-07-29T04:43:07.153Z
9fb716af-4377-4c00-97d9-14caf8a73a51,c6307c07-fda0-46ef-864c-579595f9ff7f,productivity,8741f009-fe1d-4bdb-a0b0-9ab4a8299d7e,cebbbc0c-6c6c-4a23-b667-cbaf0957ed2b,0.4200,IDR,,2026-07-29T04:55:35.745Z
6517e288-203a-41fa-97b9-65fb9283fbbb,73799c77-c33c-432f-87a8-22331f7b6b7b,productivity,8741f009-fe1d-4bdb-a0b0-9ab4a8299d7e,cebbbc0c-6c6c-4a23-b667-cbaf0957ed2b,0.4200,IDR,438a18f8-2104-4b5d-a92d-7a064584158a,2026-07-29T04:55:36.518Z
69b1906b-9b17-45f5-a5ab-ef6b4dada5c7,bb27120d-9fa3-4f5d-9904-2ec283824437,productivity,8741f009-fe1d-4bdb-a0b0-9ab4a8299d7e,92d43fc7-12ce-4b84-97ab-2cbb2aa0d63a,0.4200,IDR,f03871f8-4f3f-4fd0-b9a4-3a9e59fd4137,2026-07-29T04:55:37.700Z
66cb84a6-6b05-4c1f-81f1-cb2071cd242e,78706a32-d690-4f70-b93f-effa71a93e63,price_book,8741f009-fe1d-4bdb-a0b0-9ab4a8299d7e,,175000.0000,IDR,362c02fa-41b3-4005-abbc-1f22dc0c68f7,2026-07-29T04:55:38.602Z
28070203-0fc8-4c4b-bd19-f0c45ba1c0c9,9b6fa6a2-79ba-48b5-8f86-9991a9a7904a,productivity,8741f009-fe1d-4bdb-a0b0-9ab4a8299d7e,cebbbc0c-6c6c-4a23-b667-cbaf0957ed2b,0.4200,IDR,,2026-07-29T04:55:39.547Z
0a564e59-5988-4600-a286-c44fb9213e7d,c724a928-548b-4b1f-851b-dad47138ab79,productivity,cc8d296c-1ed9-49a5-8909-f9c3bb8dbc01,5e1dd9d1-6c68-422f-815e-68ebb641648c,0.4200,IDR,,2026-07-29T05:00:00.685Z
762714eb-5f48-4d87-aeea-942e22a45e44,ba36f7d7-04ce-4af3-8dce-8ebd2098dd21,productivity,cc8d296c-1ed9-49a5-8909-f9c3bb8dbc01,5e1dd9d1-6c68-422f-815e-68ebb641648c,0.4200,IDR,c2844abb-49d7-46d3-a2ac-92235fe5931b,2026-07-29T05:00:02.827Z
6a3691d7-e194-46a4-80ff-14fc40f899a7,4b2add94-38b8-4eb1-bea2-8db06905a79d,productivity,cc8d296c-1ed9-49a5-8909-f9c3bb8dbc01,348229bf-742a-4519-ba0b-3f8b74823446,0.4200,IDR,401ca860-911d-4dac-9fbe-68d897dde7cc,2026-07-29T05:00:03.962Z
73ca229a-bd5a-4de2-9818-5dd5eadade84,504499ac-6ed9-47ba-b650-7afee1fed44d,price_book,cc8d296c-1ed9-49a5-8909-f9c3bb8dbc01,,175000.0000,IDR,b54c5674-a37c-47d4-8831-48c6e054880e,2026-07-29T05:00:04.895Z
6129259f-44a0-4380-9a06-fbd1acb5d36a,010ea6d0-dfcd-440f-8a58-3cda992b4c7c,productivity,cc8d296c-1ed9-49a5-8909-f9c3bb8dbc01,5e1dd9d1-6c68-422f-815e-68ebb641648c,0.4200,IDR,,2026-07-29T05:00:05.814Z
7dccae7d-4604-427a-818f-602afe9ecb38,dbd86ecc-2e4c-4c9e-80e1-b4230c62e608,productivity,da6547a2-7d80-4059-8b7f-b89120eb7995,5511e7f2-ebef-4e9a-833a-f307cc2a0662,0.4200,IDR,,2026-07-29T05:04:37.152Z
b6faaf04-a65c-49a6-844e-6903807cd9a5,466cc040-865b-4d2e-b24b-bbffff88ee32,productivity,da6547a2-7d80-4059-8b7f-b89120eb7995,5511e7f2-ebef-4e9a-833a-f307cc2a0662,0.4200,IDR,be53012d-ddc0-4e22-bb22-e3b9a40238fe,2026-07-29T05:04:37.832Z
61204c4d-329d-4e22-bd1b-a88be3cc480f,3341b45d-6607-43f4-8635-1160d17202aa,productivity,da6547a2-7d80-4059-8b7f-b89120eb7995,00a21d12-2313-4b8c-a69c-30d7f7b31adc,0.4200,IDR,87c60ce4-8656-43df-9153-9970ee9185dc,2026-07-29T05:04:38.751Z
ec759e00-fcd4-4b52-acf1-857fa7ed0407,e5a47880-dc97-49f7-9ede-ed4538d852f2,price_book,da6547a2-7d80-4059-8b7f-b89120eb7995,,175000.0000,IDR,14df1359-c9eb-4488-bbab-4aca7d28af2d,2026-07-29T05:04:39.638Z
26a59768-5c7c-4dc6-91a9-704dee2f0a87,ac6958a9-58fd-4e55-82b0-4a6bb20b0e6e,productivity,da6547a2-7d80-4059-8b7f-b89120eb7995,5511e7f2-ebef-4e9a-833a-f307cc2a0662,0.4200,IDR,,2026-07-29T05:04:40.401Z
4ad0678e-3a01-4b76-a6f7-d6824326f497,bb55abcd-a30a-4e41-8252-1aa930e0c268,productivity,1034401d-17fa-4540-8ae4-a474d1863804,160e9c07-62eb-4a92-857d-250a72348f55,0.4200,IDR,,2026-07-29T05:08:35.596Z
da4e0432-ff89-4556-9b9f-8efc2ae0c545,974f2a7a-023f-4c2c-8a50-9ab72cf2b221,productivity,1034401d-17fa-4540-8ae4-a474d1863804,160e9c07-62eb-4a92-857d-250a72348f55,0.4200,IDR,64652c1e-1c59-4b8e-9821-a9bd75b9753c,2026-07-29T05:08:36.381Z
1716cfd0-4d7f-4d96-83dc-1d525d43d1e2,773849b7-139f-4e66-81c8-c68b7cc72b0f,productivity,1034401d-17fa-4540-8ae4-a474d1863804,891b08ac-644b-410a-92e7-504e16944e15,0.4200,IDR,e13f9628-8d5f-4785-877a-ac1d0d59581b,2026-07-29T05:08:37.400Z
887077cd-980a-4c8d-b230-6ef564ac771a,d143bebc-011b-49b0-8a4f-298df9a25f74,price_book,1034401d-17fa-4540-8ae4-a474d1863804,,175000.0000,IDR,7d5ebc93-9db3-4c9e-bce0-8b0399d5e96b,2026-07-29T05:08:38.310Z
4ea77cc6-3803-47ce-a8b3-128f9f6bb11b,eac95218-38e5-4dc3-91ee-4463546f706b,productivity,1034401d-17fa-4540-8ae4-a474d1863804,160e9c07-62eb-4a92-857d-250a72348f55,0.4200,IDR,,2026-07-29T05:08:39.148Z
72c49b91-7cb8-4014-aa03-59f647c52c23,a750822a-6225-46d3-86d3-c11cb3e4550c,productivity,2d32ac28-3c09-49ab-852b-073e48c94d57,7cc55b6f-4969-4409-9e79-565ae050e20e,0.4200,IDR,,2026-07-29T05:24:20.050Z
836c7f86-aa4e-4c3c-b294-e8cec92e67ac,b4a0bd57-1abd-4509-98fd-c81441a79567,productivity,2d32ac28-3c09-49ab-852b-073e48c94d57,7cc55b6f-4969-4409-9e79-565ae050e20e,0.4200,IDR,adc0b35d-713a-4d67-bb5e-e3b264ea14fd,2026-07-29T05:24:20.783Z
c8bf8d79-71a2-47de-915f-7cb52948d069,8ee81e6e-801a-49da-83ad-2b04dd878b9e,productivity,2d32ac28-3c09-49ab-852b-073e48c94d57,1c247fa3-cffc-4aa5-99ee-1f874147d294,0.4200,IDR,5cbada09-ad57-411a-bd39-238ff9924c4f,2026-07-29T05:24:21.686Z
6d9df10a-8593-46ee-bab3-759969144511,7766630f-2344-4b5d-89be-2e97e73d4c31,price_book,2d32ac28-3c09-49ab-852b-073e48c94d57,,175000.0000,IDR,ac57eb10-5d8f-4d71-83c6-1953dc55b498,2026-07-29T05:24:22.630Z
e49c6c2a-b3e7-4f4b-a710-5a3fb182779a,a85fc61b-cd9e-4b46-be46-fb1440d4a550,productivity,2d32ac28-3c09-49ab-852b-073e48c94d57,7cc55b6f-4969-4409-9e79-565ae050e20e,0.4200,IDR,,2026-07-29T05:24:23.481Z
2cd7e6b2-2b4a-43a7-8b18-31e255564cec,3a321fbf-9639-442c-a57a-7e32296e38e3,productivity,26b7fa64-6e81-4071-9e08-408293b454a7,66924e9f-1223-40f7-86d3-f81fa743d5a6,0.4200,IDR,,2026-07-29T06:15:21.032Z
ded2088d-cec3-4d2b-a863-77c0d849801d,76284317-2263-47a8-9deb-b703eee095c0,productivity,26b7fa64-6e81-4071-9e08-408293b454a7,66924e9f-1223-40f7-86d3-f81fa743d5a6,0.4200,IDR,53502576-2628-4258-a7e0-2c88d571ed81,2026-07-29T06:15:21.822Z
6e372044-a0d5-4260-af2e-525b2eabc5fa,dbdb3687-3848-44f4-8df4-16cb5f307bd1,productivity,26b7fa64-6e81-4071-9e08-408293b454a7,afabb6c2-8625-4d61-aca5-0d915a7b57d5,0.4200,IDR,2b8b8f5b-c70b-4bcb-b05f-aada432c87b2,2026-07-29T06:15:22.926Z
86edf4ef-d836-4d00-994a-04640f5dd9da,73a1f72c-30dd-483a-976a-b32feee45de2,price_book,26b7fa64-6e81-4071-9e08-408293b454a7,,175000.0000,IDR,a440c983-3ff7-48da-a1d6-02df1c43b94a,2026-07-29T06:15:24.046Z
55029c2b-919c-491c-9714-f2ca457e8d29,e986c793-b86e-4b03-88ec-b2dc59ff89f6,productivity,26b7fa64-6e81-4071-9e08-408293b454a7,66924e9f-1223-40f7-86d3-f81fa743d5a6,0.4200,IDR,,2026-07-29T06:15:24.995Z
ce382a00-74d4-40e8-8c52-330944117c28,f5986f87-224f-4844-876e-b4fb9fc7823b,productivity,a68b514e-34c3-41f7-99f7-5a5900425454,f79afe5d-bd87-4b87-bf25-4bd874a764d5,0.4200,IDR,,2026-07-29T06:27:55.621Z
2fc4f40a-0415-4626-8d2e-155588ee35ca,8a4d1d6b-2ee0-4153-b684-0094b767c20e,productivity,a68b514e-34c3-41f7-99f7-5a5900425454,f79afe5d-bd87-4b87-bf25-4bd874a764d5,0.4200,IDR,5f1e263b-414a-43fe-9ae5-300448b6a2c9,2026-07-29T06:27:56.341Z
bd792b37-cb0d-461c-981f-2f294c7bc19c,0bf4a749-62eb-49be-b0fb-5e6faf07aa94,productivity,a68b514e-34c3-41f7-99f7-5a5900425454,4b7846be-9b0e-43cb-801d-924ccd1e3cfb,0.4200,IDR,eb02c579-2e1d-45e8-a595-5db617f54cc2,2026-07-29T06:27:57.333Z
db208167-bcca-44e7-8ea4-9be1f72a1f69,0be744e0-c89e-4760-aa3d-fd8565bf19ca,price_book,a68b514e-34c3-41f7-99f7-5a5900425454,,175000.0000,IDR,1de6133e-9886-45b4-b03c-93b1c259cee9,2026-07-29T06:27:58.215Z
f3926049-1ee0-4db1-bbc5-264a74df4059,9cfaa8bd-304a-4b26-8382-cc4083b60dc9,productivity,a68b514e-34c3-41f7-99f7-5a5900425454,f79afe5d-bd87-4b87-bf25-4bd874a764d5,0.4200,IDR,,2026-07-29T06:27:59.109Z
156b71d2-342c-4c56-b247-dcf0a2bf749a,53202738-c3db-491e-b872-83b5095fa05b,productivity,a0a4b5df-32fa-432c-a2a9-325aaa3e1fb3,73452608-ecb3-4c67-ad5d-b722bdd07e76,0.4200,IDR,,2026-07-29T06:34:24.948Z
5fa7658a-d662-49d1-9112-6a46fb927ee7,fe4ca05b-3000-43c1-acc9-bb05de9165aa,productivity,a0a4b5df-32fa-432c-a2a9-325aaa3e1fb3,73452608-ecb3-4c67-ad5d-b722bdd07e76,0.4200,IDR,b4f5e2e7-b7de-42da-855c-0c458ac364e4,2026-07-29T06:34:25.726Z
05c395f4-17c8-409e-b0cb-4bffe3463ae0,2150eed3-2315-4919-95ab-fb893e6db61f,productivity,a0a4b5df-32fa-432c-a2a9-325aaa3e1fb3,0bdcf54f-ed6c-4bc9-9b50-c22b2e186f4d,0.4200,IDR,87bdb73f-631e-4dc6-8bb0-487d734eb0cb,2026-07-29T06:34:26.905Z
d2839cab-8e16-4e9a-9f8b-03ac666e124a,cfc00eea-af32-4e70-9b3b-a798a5dbb13c,price_book,a0a4b5df-32fa-432c-a2a9-325aaa3e1fb3,,175000.0000,IDR,66244578-e585-4de8-b6ee-323462292a0e,2026-07-29T06:34:27.856Z
a5bfa699-e27a-4190-a041-86059c150f89,94532ed2-e709-46fb-9196-af0ce17293ba,productivity,a0a4b5df-32fa-432c-a2a9-325aaa3e1fb3,73452608-ecb3-4c67-ad5d-b722bdd07e76,0.4200,IDR,,2026-07-29T06:34:28.809Z
fdf56e39-1650-4083-b584-e86670f1fc81,62993013-e6c5-464f-a63b-83321e501541,productivity,3a84f707-c211-40a6-92ac-3b5f647bc581,7ec22b9a-0af1-4ac1-a0af-7f80a8b27d5c,0.4200,IDR,,2026-07-29T06:50:28.475Z
fa2555cd-4ed6-4904-94c1-b21cebbf9ba0,086e0d12-39b7-4c19-bbf1-37eefbfd03a1,productivity,3a84f707-c211-40a6-92ac-3b5f647bc581,7ec22b9a-0af1-4ac1-a0af-7f80a8b27d5c,0.4200,IDR,feae18bc-24df-43b1-8c09-aebfc002bb1a,2026-07-29T06:50:29.312Z
635ed48a-cbeb-4496-8b71-3323933ed732,7e2f57cf-b779-4696-82fe-d66c3bbd15ab,productivity,3a84f707-c211-40a6-92ac-3b5f647bc581,24d10b36-31dd-4094-980d-b3d8f503aab7,0.4200,IDR,e0500d57-2359-42db-8ef1-8f568bd724e6,2026-07-29T06:50:30.389Z
0b73dd9d-22a2-4e2c-8616-46f09662e3ee,b65c8701-c7b5-4ea7-bfa5-ff59cc414df2,price_book,3a84f707-c211-40a6-92ac-3b5f647bc581,,175000.0000,IDR,7f2fa2cc-0b9b-460b-9a91-c66fec548185,2026-07-29T06:50:31.293Z
755ebd1d-cd96-4447-b5f1-1bac3d3be36b,e11745f4-0d69-45a0-a969-7b43d9b8405c,productivity,3a84f707-c211-40a6-92ac-3b5f647bc581,7ec22b9a-0af1-4ac1-a0af-7f80a8b27d5c,0.4200,IDR,,2026-07-29T06:50:32.228Z
d3ddd96a-5612-440b-8d3f-344202fd5eb9,52f3a3e3-6794-4abd-a18f-6ac1bf5e6af8,productivity,8e1c786b-bbae-432c-8acb-f2169feff841,9bc9d95c-79c8-4c59-9177-b218707b2e22,0.4200,IDR,,2026-07-29T06:59:05.326Z
2f725f7a-da30-4fd2-b3a0-0938c2291740,c75f6644-4c88-45ec-8baa-79ee30b929df,productivity,8e1c786b-bbae-432c-8acb-f2169feff841,9bc9d95c-79c8-4c59-9177-b218707b2e22,0.4200,IDR,4acb6e04-e27a-4719-8c66-dfa0d0d5a0ef,2026-07-29T06:59:06.056Z
1c4f4222-6d54-40d6-b3d9-df71375e85ef,1abe13ab-e1b6-4a44-84df-eb1bbe9e1961,productivity,8e1c786b-bbae-432c-8acb-f2169feff841,7b6199a6-4eb5-4263-8121-216e55000b0e,0.4200,IDR,3706153e-56ea-4483-abcf-476ef09c9b37,2026-07-29T06:59:07.052Z
e16603c2-83e8-4a03-b916-0ac024ce025d,f98e1cdc-669d-4c4f-b270-873887c64347,price_book,8e1c786b-bbae-432c-8acb-f2169feff841,,175000.0000,IDR,e2e53559-83cc-466c-83cf-4e8121f9f214,2026-07-29T06:59:08.041Z
84b32f4e-c596-4f84-9e06-ddb6b1c0af4c,b725079c-4d65-4beb-9abd-1afd413f80ea,productivity,8e1c786b-bbae-432c-8acb-f2169feff841,9bc9d95c-79c8-4c59-9177-b218707b2e22,0.4200,IDR,,2026-07-29T06:59:08.942Z
087736f9-b94c-468c-8150-1722f3927f5f,6ecd2a9a-220d-4798-a3be-a7c4cd09c640,productivity,268ce9e7-39b0-4a59-b4a4-d55d733552d2,e4d24ef8-00f1-42cc-9db4-40d8065a41a4,0.4200,IDR,,2026-07-29T07:05:17.210Z
e67789ec-bd8f-4a2b-91c7-bcbdcdec9ac6,81987ec3-8b23-43ae-85e3-8a3603db8d7f,productivity,268ce9e7-39b0-4a59-b4a4-d55d733552d2,e4d24ef8-00f1-42cc-9db4-40d8065a41a4,0.4200,IDR,a3933ce9-3d53-4030-962e-4701c7d256f2,2026-07-29T07:05:17.918Z
1aa94358-3523-445e-9f15-5c73d2f463d2,b1bc2970-9553-42e1-b37c-c8088e52a86c,productivity,268ce9e7-39b0-4a59-b4a4-d55d733552d2,991b9ed1-d78a-47f7-a510-c3f635e50d86,0.4200,IDR,372f0bf2-c3be-48e0-823d-234bb2c79bbb,2026-07-29T07:05:18.988Z
ae4383dd-2ba3-4d7a-9f8d-a1f07c55ce89,cbfc4c51-fa58-499f-833d-1a91dea39ae5,price_book,268ce9e7-39b0-4a59-b4a4-d55d733552d2,,175000.0000,IDR,c6083169-6b84-4425-bba2-46ba94aab95d,2026-07-29T07:05:19.834Z
582d4c02-c326-4e47-9730-b63ba2adc689,7a6a5d19-7474-4f53-a208-a9137997770a,productivity,268ce9e7-39b0-4a59-b4a4-d55d733552d2,e4d24ef8-00f1-42cc-9db4-40d8065a41a4,0.4200,IDR,,2026-07-29T07:05:20.726Z
8f7bd864-27c2-4830-b796-3216a3275dfd,e47c5e83-1330-45c9-9911-8f6a5b9460c0,productivity,fb56c886-9d33-4c03-b963-94fe74074914,29e47949-9c3a-4c23-b98b-b498552dc00a,0.4200,IDR,,2026-07-29T07:29:10.795Z
3cadfe0c-b7ae-4112-954d-fd29bcc0e9ef,cb7d7c44-1be0-43d6-b215-73df03eb406b,productivity,fb56c886-9d33-4c03-b963-94fe74074914,29e47949-9c3a-4c23-b98b-b498552dc00a,0.4200,IDR,b718f60d-b72d-42b9-b76e-c54f7fe7d084,2026-07-29T07:29:11.750Z
ed7fcf6f-6173-4540-81d9-cf150f2d5cde,5e0d007e-b0eb-405a-9511-f1f29ef59e5a,productivity,fb56c886-9d33-4c03-b963-94fe74074914,4ccb2dee-a618-457f-a53a-27d14f36b7ac,0.4200,IDR,cff37ea1-b1d6-4b62-95f1-5b608db5e049,2026-07-29T07:29:12.906Z
8b97ac85-a15e-4cea-b2cf-16964cb72665,a1a295f1-7313-4126-9c8f-7888cc70ff8a,price_book,fb56c886-9d33-4c03-b963-94fe74074914,,175000.0000,IDR,a1ab84ab-8a81-46b3-b769-9a8801895d9e,2026-07-29T07:29:14.202Z
830df182-6bfd-4493-be5d-c10ed7e5a175,468573ed-2df6-4d0f-8a1f-18f1fe511174,productivity,fb56c886-9d33-4c03-b963-94fe74074914,29e47949-9c3a-4c23-b98b-b498552dc00a,0.4200,IDR,,2026-07-29T07:29:15.148Z
22515617-b2b8-44a4-b61e-0a91c2193fe5,9c57c7ad-6402-4e81-81d4-261ce91da026,productivity,b9dd9a76-85ea-489e-ab02-275f23bcb26e,3b6d3e1f-4972-4b15-9872-b05b2e0fad12,0.4200,IDR,,2026-07-29T07:49:35.749Z
db71962a-8e4e-4007-be94-76f4237f7fb0,43c14312-f7fa-46b6-822f-73e8bc0516c0,productivity,b9dd9a76-85ea-489e-ab02-275f23bcb26e,3b6d3e1f-4972-4b15-9872-b05b2e0fad12,0.4200,IDR,764406d9-2f47-48fc-869c-be1f2b2252ce,2026-07-29T07:49:36.536Z
59de1370-25af-41fe-b255-234f268a1778,2b5cac36-48e9-4e98-952a-688f1ef46da6,productivity,b9dd9a76-85ea-489e-ab02-275f23bcb26e,04e14490-ffd9-4b8f-afef-6ae83a4a9c31,0.4200,IDR,715297c3-93f0-4c8c-b232-c7b610045281,2026-07-29T07:49:37.544Z
3ccbf626-3519-4091-9a01-17a936df5660,12fd725d-ad29-4159-9494-31a1cc8ff74a,price_book,b9dd9a76-85ea-489e-ab02-275f23bcb26e,,175000.0000,IDR,959485aa-e61b-4dca-bc1d-5f666f3524c2,2026-07-29T07:49:38.435Z
6ed1fba7-23eb-4e56-b743-91bbb0b3e52e,bac15046-54e3-4af1-8b36-6ec957f5cdea,productivity,b9dd9a76-85ea-489e-ab02-275f23bcb26e,3b6d3e1f-4972-4b15-9872-b05b2e0fad12,0.4200,IDR,,2026-07-29T07:49:39.439Z
e4662da0-20cb-498a-873d-cf193f4ca2db,9f890af1-6241-484f-a147-54fd32aef182,productivity,89dca7b3-7f88-4b6e-a942-93087c9b7980,d4d288e6-ca56-420a-8bee-da3df6a1f5f3,0.4200,IDR,,2026-07-29T08:41:45.337Z
181b9259-cd19-46d5-bfe4-2c192f961cff,c0ea4782-f1d5-44dc-ba60-45efb6108834,productivity,89dca7b3-7f88-4b6e-a942-93087c9b7980,d4d288e6-ca56-420a-8bee-da3df6a1f5f3,0.4200,IDR,ccf0b11f-dbc9-44ce-8cad-f9b4a0ec5424,2026-07-29T08:41:46.049Z
6e6ea8fa-4c3d-4063-8a68-68e0a4d65f00,ec61c830-aa68-4487-a32a-0393d72f3fd7,productivity,89dca7b3-7f88-4b6e-a942-93087c9b7980,57c3d725-fdc6-4b1a-8838-b1aa121a3059,0.4200,IDR,7d011ed3-daa9-4ebd-a36e-0261d6d81011,2026-07-29T08:41:47.101Z
65bc92de-d0dd-40ce-806c-3b6345e232f1,45f6312e-9c7b-428e-93f6-55841f8581cb,price_book,89dca7b3-7f88-4b6e-a942-93087c9b7980,,175000.0000,IDR,c677a726-ff7d-4d68-a496-1e6905310ffe,2026-07-29T08:41:47.951Z
c466955b-3770-495d-9b74-87e8aab741f4,a5853409-a44b-46a7-9c37-17578138991e,productivity,89dca7b3-7f88-4b6e-a942-93087c9b7980,d4d288e6-ca56-420a-8bee-da3df6a1f5f3,0.4200,IDR,,2026-07-29T08:41:48.859Z
b2a57a0f-5454-4dfd-9d66-36f2298a77d3,c61c757a-7a95-4200-a642-d0998a8a6749,productivity,0426ba10-475a-49b8-aeb9-3f374f92b459,e41266a3-4892-4cbd-bbaf-6c7ba907725a,0.4200,IDR,,2026-07-29T08:56:41.772Z
c3c0fe83-6dd6-4566-ba51-4bf1d63b67af,0106caf8-bf03-4dbc-b7e6-0fda63d80065,productivity,0426ba10-475a-49b8-aeb9-3f374f92b459,e41266a3-4892-4cbd-bbaf-6c7ba907725a,0.4200,IDR,14ba7061-3a93-4992-bd07-c1ab7a82e635,2026-07-29T08:56:42.541Z
b29dbf01-45a1-4b16-bb05-bde8b4d594c1,977a2417-e3dd-4c6f-9bc2-8d4c71081c96,productivity,0426ba10-475a-49b8-aeb9-3f374f92b459,5ef26787-1323-449f-b3c6-8f6f5208d7b4,0.4200,IDR,52dda236-f0a6-41c5-a43b-b69f3a896fda,2026-07-29T08:56:43.623Z
becfbf05-be4d-4e5f-8d05-9f48d9f138a5,603628e6-28a0-4999-89a6-c9bdd0fde552,price_book,0426ba10-475a-49b8-aeb9-3f374f92b459,,175000.0000,IDR,7bedb143-307f-4913-8e72-5c979a1a3235,2026-07-29T08:56:44.513Z
8e957170-3017-466b-bf6e-c708743cf5a6,23100a9c-b192-4e18-8d56-957dd125dcad,productivity,0426ba10-475a-49b8-aeb9-3f374f92b459,e41266a3-4892-4cbd-bbaf-6c7ba907725a,0.4200,IDR,,2026-07-29T08:56:45.464Z
f52abdd7-fddc-4149-b0a2-1779e310cd98,5e24c96d-38af-48ef-bb78-02c29bad2996,productivity,f7602b65-3f79-4a0a-a1ab-2099a6e81b43,9e1e80f1-fe77-49cb-a6d2-3efc7c91b7e0,0.4200,IDR,,2026-07-29T09:22:46.552Z
6224de55-47ac-48b4-919f-7a038820abaa,7b87c328-f0af-44f0-ae70-373f5e5c8709,productivity,f7602b65-3f79-4a0a-a1ab-2099a6e81b43,9e1e80f1-fe77-49cb-a6d2-3efc7c91b7e0,0.4200,IDR,116b8c91-2828-4703-99b2-8a63c4994f04,2026-07-29T09:22:47.327Z
ecd47e35-85a9-49aa-923a-9c63ab2e2abd,aae29162-06ab-4e0b-b7fe-cb6f64e7a361,productivity,f7602b65-3f79-4a0a-a1ab-2099a6e81b43,8e2144f2-269c-4a0c-b219-443fb575ce55,0.4200,IDR,70d91c24-4ca7-40d2-8ee2-4e95a19c70ed,2026-07-29T09:22:48.362Z
5a08f839-ac3a-4188-bbef-dc286461be4f,2ed6c42d-966d-4b91-bb39-4c1b5b962bc7,price_book,f7602b65-3f79-4a0a-a1ab-2099a6e81b43,,175000.0000,IDR,1f1e4f83-5a81-4098-88b6-60cff58e8894,2026-07-29T09:22:49.213Z
302b5619-e9aa-4938-8ded-06aa02a80233,f42bbf17-dadc-48cd-99b1-3811503e6419,productivity,f7602b65-3f79-4a0a-a1ab-2099a6e81b43,9e1e80f1-fe77-49cb-a6d2-3efc7c91b7e0,0.4200,IDR,,2026-07-29T09:22:50.353Z
b3feac3b-78a3-4ec5-8e81-a2592fd7c2e7,85a63452-bb5c-40b6-81ef-438711a568fa,productivity,6243e0ea-0edf-4be0-84f6-d990314261e0,9c108b74-2752-495f-af87-b4d5efdedde4,0.4200,IDR,,2026-07-29T09:50:41.904Z
1822c830-d457-4525-a979-1ad489e4811b,61fa08a3-38b5-4b95-9c59-6c4e3e72b72f,productivity,6243e0ea-0edf-4be0-84f6-d990314261e0,9c108b74-2752-495f-af87-b4d5efdedde4,0.4200,IDR,cd66ec65-46c8-4dc4-ab4d-ca0cb3f490c0,2026-07-29T09:50:42.692Z
cb3cfb50-d2e4-422d-9746-11bcbd44ce92,84a81320-f21e-4bcd-84e9-4bf69d81f220,productivity,6243e0ea-0edf-4be0-84f6-d990314261e0,c13764d3-8a84-4cec-858b-9f039f8959f7,0.4200,IDR,aaefa7c5-2cea-4d76-9686-5c171c3b5c83,2026-07-29T09:50:43.654Z
3b748fe8-5a6e-49d5-bf27-e9d36df25a21,70776b6b-17df-4401-b949-7802001f321b,price_book,6243e0ea-0edf-4be0-84f6-d990314261e0,,175000.0000,IDR,4fa4a653-4a0b-4067-9855-0c9df6f21c8e,2026-07-29T09:50:44.599Z
539889dd-3b4b-435a-b719-04ceddc3d1f8,2e8a8be9-ed67-4838-9b2d-a0d716526362,productivity,6243e0ea-0edf-4be0-84f6-d990314261e0,9c108b74-2752-495f-af87-b4d5efdedde4,0.4200,IDR,,2026-07-29T09:50:45.493Z
321b4377-b03c-48c0-a12f-5af520987a55,f7b4ce2b-19fb-4849-af99-93e6fac75b1b,productivity,d59d473d-cfc8-4b78-8e07-1bc0901750d0,17c0ec71-f974-423c-8fdd-01993b889954,0.4200,IDR,,2026-07-29T09:54:29.563Z
f881d1e1-1f09-406d-9eb3-17770e5212c9,bcbc84a1-ef3c-45ac-8d41-3929708e7238,productivity,d59d473d-cfc8-4b78-8e07-1bc0901750d0,17c0ec71-f974-423c-8fdd-01993b889954,0.4200,IDR,90d849fd-9788-4098-8566-25e2e3e53393,2026-07-29T09:54:30.284Z
bf80bcba-5332-4891-904c-0cab8155e1c5,490ed8b9-b19f-49b4-8244-8b89329ac528,productivity,d59d473d-cfc8-4b78-8e07-1bc0901750d0,76416b62-c599-4de7-ab62-81e3cb92657a,0.4200,IDR,efaef8d6-97d7-4ce1-8acb-8a7713f07070,2026-07-29T09:54:31.327Z
3a4c4508-2b57-4f14-9a02-345a1bd73185,bc26362d-447b-4631-9e15-2985ba4c2d33,price_book,d59d473d-cfc8-4b78-8e07-1bc0901750d0,,175000.0000,IDR,67b3bbd2-3e15-49a4-a49d-7a2cb2f18392,2026-07-29T09:54:32.264Z
504f9006-ad46-421b-822c-b2eba0a22226,e3ad8d90-a185-42e7-81c7-0d883a15d790,productivity,d59d473d-cfc8-4b78-8e07-1bc0901750d0,17c0ec71-f974-423c-8fdd-01993b889954,0.4200,IDR,,2026-07-29T09:54:33.177Z
7b3ac040-2da9-407b-8d01-6e14766f46ab,6b8ecd9f-bbe8-4aaf-bdeb-255bb8c60631,productivity,670faf14-88dd-4a1e-b51c-f4a88dcb9840,09b843f8-a51c-4745-907f-2310763d9c7c,0.4200,IDR,,2026-07-29T10:44:54.034Z
9f88d3c8-e49c-40da-a7b9-43559ee38b7e,f24d821b-6430-45ad-abce-4b27dbe80f60,productivity,670faf14-88dd-4a1e-b51c-f4a88dcb9840,09b843f8-a51c-4745-907f-2310763d9c7c,0.4200,IDR,ccc656d1-71ac-4513-afb9-929af363400b,2026-07-29T10:44:54.836Z
fdc13c14-4684-4aec-84c9-824f377f3cc1,c9811f14-8b28-4e11-9cb7-1bb4c969dadd,productivity,670faf14-88dd-4a1e-b51c-f4a88dcb9840,01596574-7edf-4c66-9ec2-7e41a4584dfc,0.4200,IDR,f92e9967-4b53-41a3-8f5a-a0e49f91e708,2026-07-29T10:44:55.938Z
d987a439-a26c-4e59-bf5b-d0d364cf0b64,ed3882f2-91f5-44e0-9561-11014ea40a00,price_book,670faf14-88dd-4a1e-b51c-f4a88dcb9840,,175000.0000,IDR,c5b58f4a-9e01-422c-9e84-47899e3bf61d,2026-07-29T10:44:56.850Z
c81ba57d-7fac-4e23-9e7f-c629d251f03e,4c500146-342f-4d66-9f3a-91a080da90f2,productivity,670faf14-88dd-4a1e-b51c-f4a88dcb9840,09b843f8-a51c-4745-907f-2310763d9c7c,0.4200,IDR,,2026-07-29T10:44:57.782Z
df4b5ada-1927-4cc5-ae9d-b2180e4dbda0,e02c77d8-e55f-43a1-9c57-10ca3d56cced,productivity,48331ebb-e6e6-4195-9c38-6a827ac478ac,22098317-4d60-49ef-89b7-46ca64cdfaa2,0.4200,IDR,,2026-07-29T10:49:31.817Z
751799db-f0a5-4099-8164-33b33b97abd3,175e83ee-4dd7-411d-a19b-6f9959afe0e2,productivity,48331ebb-e6e6-4195-9c38-6a827ac478ac,22098317-4d60-49ef-89b7-46ca64cdfaa2,0.4200,IDR,a755fe91-4ff9-427a-b329-22fd8a3ce444,2026-07-29T10:49:32.524Z
7ed8db8a-ae0d-4d45-b88a-73b80fcd0387,1abdea90-3941-48b3-a9bb-5d53c1c92e9f,productivity,48331ebb-e6e6-4195-9c38-6a827ac478ac,0cfd26f2-a281-486c-b4ef-49803054936c,0.4200,IDR,f2e9d8ed-5f93-45d4-b76a-cd9e77db4a20,2026-07-29T10:49:33.505Z
1d01ee14-f809-4131-a7ea-968a571c7e07,0acd8967-8ee6-4833-9e37-e78278ef8e7b,price_book,48331ebb-e6e6-4195-9c38-6a827ac478ac,,175000.0000,IDR,63161379-74c1-4da4-9ce7-33dbd9bd2c28,2026-07-29T10:49:34.402Z
208e909b-c3fa-4106-8804-9985d48bdc41,c38215e0-2af0-46e9-98a1-69108138652a,productivity,48331ebb-e6e6-4195-9c38-6a827ac478ac,22098317-4d60-49ef-89b7-46ca64cdfaa2,0.4200,IDR,,2026-07-29T10:49:35.424Z
99eb55df-514f-4a46-bbd5-0a3b0a402326,309b464f-6205-4097-837f-d3f2378f1ae1,productivity,223d60dc-e27c-4bf8-b938-0ad8b3df4d6a,872d4508-f5ec-4231-99d3-0846156af0b9,0.4200,IDR,,2026-07-29T11:28:00.679Z
1e4ed818-0f45-45ad-b6fa-09bcb345b653,bd090db5-d1ad-4aec-a5a8-5c8848a66ba8,productivity,223d60dc-e27c-4bf8-b938-0ad8b3df4d6a,872d4508-f5ec-4231-99d3-0846156af0b9,0.4200,IDR,84fe0c1e-45af-4197-9df2-d9cd3d7b5228,2026-07-29T11:28:01.447Z
3b7143a0-a49a-4cca-8ab5-6bf92b105f82,08142c1c-58d4-4c26-b3d5-9758d77f004d,productivity,223d60dc-e27c-4bf8-b938-0ad8b3df4d6a,bbaa9ebe-f14a-42de-8580-d6f74e37cc83,0.4200,IDR,efb52739-d083-43a7-b143-c5b4b96adfe0,2026-07-29T11:28:02.503Z
598a6e63-cfb4-4736-b67c-5b00d7139123,487cb0f8-4e1e-41e7-ace0-cf8e706a0dfc,price_book,223d60dc-e27c-4bf8-b938-0ad8b3df4d6a,,175000.0000,IDR,6e931042-b0af-425f-9fa5-9d2fc33ee728,2026-07-29T11:28:03.359Z
8fd860b6-7e07-4a43-8b3e-167f8cf38398,943f1b39-0b6e-40ca-ac5e-7696dd87004a,productivity,223d60dc-e27c-4bf8-b938-0ad8b3df4d6a,872d4508-f5ec-4231-99d3-0846156af0b9,0.4200,IDR,,2026-07-29T11:28:04.159Z
ea1b4e5d-0e39-4a26-932c-80a5a267b2d2,a1c74d28-9290-4fe0-a2aa-185c5edf3f2e,productivity,543c927a-2a21-40ae-bccb-7d46aaae4c8a,bf68ca5d-01e9-4c28-8ac6-778dd820681c,0.4200,IDR,,2026-07-29T11:31:52.835Z
278c60f5-1c9a-4629-9bf5-bef64b702d6d,b93516e7-ce7d-4aa2-95ec-9433eb734cfe,productivity,543c927a-2a21-40ae-bccb-7d46aaae4c8a,bf68ca5d-01e9-4c28-8ac6-778dd820681c,0.4200,IDR,7fb32fe9-3ae0-44a2-85e1-e99b32bd1842,2026-07-29T11:31:53.722Z
5a2b7ce3-063d-4cc4-ba06-a5298d49ac5e,539d0ffb-b41e-46ab-827a-98b35fdeb98f,productivity,543c927a-2a21-40ae-bccb-7d46aaae4c8a,d3ecd20a-6c5b-4c48-bfee-e2233f807d2e,0.4200,IDR,8d796a19-c526-4cd5-a2b2-407c4d4aeb17,2026-07-29T11:31:54.676Z
fc561514-1a7b-4a73-bfcd-904fd98e68be,532eed1d-52b4-4840-a612-2575ebbb1a8a,price_book,543c927a-2a21-40ae-bccb-7d46aaae4c8a,,175000.0000,IDR,c34cd888-7ea5-44ae-9abb-249f3a5c5b65,2026-07-29T11:31:55.474Z
8d0928f9-a716-43f4-81da-edf6479b7892,43e5a35b-d0f4-4445-a8c7-c3f6812d46bc,productivity,543c927a-2a21-40ae-bccb-7d46aaae4c8a,bf68ca5d-01e9-4c28-8ac6-778dd820681c,0.4200,IDR,,2026-07-29T11:31:56.297Z
1033cb50-852b-4a85-a04f-74b3f5a0d367,0b51ff98-a184-41af-8bd2-79ae21fd9fa9,productivity,8a5a0a0a-5d54-4ae8-8082-1b3f18144587,07befc14-fd0f-45d0-94a4-50985d5f752c,0.4200,IDR,,2026-07-29T11:52:10.631Z
9c00a649-497f-452e-9df6-78985e3967b1,808b1995-de58-42ba-a083-28c3c7945586,productivity,8a5a0a0a-5d54-4ae8-8082-1b3f18144587,07befc14-fd0f-45d0-94a4-50985d5f752c,0.4200,IDR,1cf2b0d4-1a0f-46d9-b2fb-e4b0bc637169,2026-07-29T11:52:11.450Z
02ee563b-13e3-48f0-9a7e-7e39ee5e0e93,54868d41-1c47-48e5-a8c5-efdc2ee55e8d,productivity,8a5a0a0a-5d54-4ae8-8082-1b3f18144587,4f0d97cc-1508-4c13-916d-523a61310489,0.4200,IDR,65fe437c-c972-4f10-97cd-07f0afa2b6e4,2026-07-29T11:52:12.520Z
9386b666-9320-4ecd-a208-83f2b1153fe1,a6874aea-03b8-4a83-9a94-e7c464ecea21,price_book,8a5a0a0a-5d54-4ae8-8082-1b3f18144587,,175000.0000,IDR,ca4cd3de-ad9d-4d2f-92dc-c5856ac29936,2026-07-29T11:52:13.403Z
ed96c84a-36aa-4a52-985a-41be24a65310,c19bf081-934a-473c-963b-5430a2f5217d,productivity,8a5a0a0a-5d54-4ae8-8082-1b3f18144587,07befc14-fd0f-45d0-94a4-50985d5f752c,0.4200,IDR,,2026-07-29T11:52:14.227Z
9aef3396-db63-4918-8fd7-8ffce0bdf204,e7be8039-08c9-4acd-a182-5a8cf7dbf98f,productivity,2899d15f-8a37-4969-ac85-89f65202205c,75f09698-a27c-45b5-bc50-8f7b437b545c,0.4200,IDR,,2026-07-29T12:44:30.423Z
4c449a49-422e-4f17-89e6-68c4f92e3b21,3beccd7b-a7e5-45c7-b3e4-bfaae12a66e9,productivity,2899d15f-8a37-4969-ac85-89f65202205c,75f09698-a27c-45b5-bc50-8f7b437b545c,0.4200,IDR,5b199fb1-a5ab-4a52-b154-ab69d3f3a48b,2026-07-29T12:44:31.199Z
9aca8fb9-a0ec-421b-b1de-5c29abdb5579,9c30e6b7-e45f-45ec-a139-2aa2ec76a419,productivity,2899d15f-8a37-4969-ac85-89f65202205c,d78b2b18-91f9-4d1d-8d38-0ef049f00920,0.4200,IDR,eb322be7-b342-4a90-8f55-3a2b5d2c6698,2026-07-29T12:44:32.355Z
da363f00-d002-4107-8b06-d6d31d41f8d8,9c03aef1-8ece-4190-beeb-5b5931482766,price_book,2899d15f-8a37-4969-ac85-89f65202205c,,175000.0000,IDR,5db7954a-9a75-491a-965e-cf35e0e52b87,2026-07-29T12:44:33.296Z
734fba69-86b6-4c9c-b915-24a8e4c95954,e211b1c5-def9-4782-b087-a7ceeaceb14d,productivity,2899d15f-8a37-4969-ac85-89f65202205c,75f09698-a27c-45b5-bc50-8f7b437b545c,0.4200,IDR,,2026-07-29T12:44:34.160Z
41e9fc64-e86f-4548-9aa9-ff8d60419f1c,d5be7ad2-da96-4a0f-a42f-546bbb913b48,productivity,964eed7c-c095-4cd8-bd64-f3dcc98d7d0c,954f8bee-4c7d-45c1-b068-76d8f3913e2a,0.4200,IDR,,2026-07-29T13:18:07.937Z
785e3d12-f01f-4004-b6be-b845c098cf0b,35ed3fa1-a6a1-473c-b12c-33ac8617ae0d,productivity,964eed7c-c095-4cd8-bd64-f3dcc98d7d0c,954f8bee-4c7d-45c1-b068-76d8f3913e2a,0.4200,IDR,52928ea7-b02d-41f5-8de2-5f634d88b3c5,2026-07-29T13:18:08.804Z
4050e218-2882-4133-a55d-9c94b9b9c6f4,5e4b456f-e70d-4c08-9878-f9979cc5b0d6,productivity,964eed7c-c095-4cd8-bd64-f3dcc98d7d0c,26197267-a2b6-4148-b5bc-60a9a99e02c1,0.4200,IDR,2ebea28a-dee9-4a02-a4fd-ddfdaefddef5,2026-07-29T13:18:10.013Z
fa4c1409-b7f6-496b-a8c6-cb6fa2f97d77,ecde895f-1dea-4c93-b493-362c0062f310,price_book,964eed7c-c095-4cd8-bd64-f3dcc98d7d0c,,175000.0000,IDR,c03c81f0-e5d7-4015-a990-56c52c654edf,2026-07-29T13:18:11.156Z
35587602-1318-41ec-9ad7-e1aa3b5cc554,256c4ee6-4928-4b1b-85f1-3e36fc4e6085,productivity,964eed7c-c095-4cd8-bd64-f3dcc98d7d0c,954f8bee-4c7d-45c1-b068-76d8f3913e2a,0.4200,IDR,,2026-07-29T13:18:12.317Z
29042546-958d-4b9a-abac-57971a3f7bd0,d8cbd2bd-cc5e-4cbe-8edf-433e4057090c,productivity,408ae480-a4cb-42bd-8023-55c1e484295d,63d0e835-7faf-41d9-a0b4-927cf690b457,0.4200,IDR,,2026-07-29T13:21:14.312Z
59320b8a-a8d1-457f-aa8d-e8ae18b7137d,33a26f87-1b0f-4557-a2a4-360798776d30,productivity,408ae480-a4cb-42bd-8023-55c1e484295d,63d0e835-7faf-41d9-a0b4-927cf690b457,0.4200,IDR,d888775b-6cf2-4de1-bad5-325ad91b4628,2026-07-29T13:21:15.144Z
4f080dec-c965-41be-b12f-94b56bdb7d55,c68014f2-e43b-41c3-927c-e865d05e40f2,productivity,408ae480-a4cb-42bd-8023-55c1e484295d,fd6485da-e0d3-49f0-9bb8-6d5dd79b8eb1,0.4200,IDR,3efc6233-3c62-4c88-bdb0-dd9f40e8d0a3,2026-07-29T13:21:16.295Z
6a231bea-fe0c-47c3-961f-cf3027be8f35,5cfcfac7-793b-4fa8-a6b8-3e6eef721467,price_book,408ae480-a4cb-42bd-8023-55c1e484295d,,175000.0000,IDR,77e55da5-8d9d-438d-8fc2-3177d6f55735,2026-07-29T13:21:17.337Z
5101017a-379c-4a84-8cba-af6450e8d5d5,25d4fac8-8690-4c46-82b9-570cb74c9f66,productivity,408ae480-a4cb-42bd-8023-55c1e484295d,63d0e835-7faf-41d9-a0b4-927cf690b457,0.4200,IDR,,2026-07-29T13:21:18.306Z
491f995b-84f8-4a7f-97ba-527e650e4a7e,d34ccfa6-fa80-4833-a5e6-4bf5b36db9d5,productivity,ddb25165-767e-444f-b744-55c6549daed4,44b7a6af-d680-4a77-ac12-2fd16ac23be8,0.4200,IDR,,2026-07-29T13:24:48.727Z
80ea9f34-34f1-4fc8-a410-0927eee119f8,d1ad08fa-7179-438d-8a87-554987cb6335,productivity,ddb25165-767e-444f-b744-55c6549daed4,44b7a6af-d680-4a77-ac12-2fd16ac23be8,0.4200,IDR,e5bcecba-be41-49f2-a40a-fc43b3b36940,2026-07-29T13:24:49.523Z
a12a783e-875e-430d-b5b1-506ef7d69027,71fd3b82-0c37-46f6-aced-7213dabefe08,productivity,ddb25165-767e-444f-b744-55c6549daed4,1286f9da-1f1b-4df1-8c6e-7893b5061ffd,0.4200,IDR,bc782ba6-5371-42d1-894e-c6983ae8b73f,2026-07-29T13:24:50.622Z
37a7da4b-92dc-4634-ab61-38225b9158e8,975c24f2-3ccc-4bb5-b09f-d6a2e2a84d74,price_book,ddb25165-767e-444f-b744-55c6549daed4,,175000.0000,IDR,15662afa-89db-4b19-9ffd-1b9aaa349fb7,2026-07-29T13:24:51.566Z
c3437b06-6511-4108-8c82-7257becec05f,4259b629-6e9c-446c-95d7-44c999b05e08,productivity,ddb25165-767e-444f-b744-55c6549daed4,44b7a6af-d680-4a77-ac12-2fd16ac23be8,0.4200,IDR,,2026-07-29T13:24:52.562Z
ad00f371-cc33-4787-9a99-cd387297405e,96af181f-e34c-400e-a2f3-34f4a929d7c8,productivity,82080ab8-3db7-4cbc-817f-336539eda409,757b67be-8d63-4396-9e03-c7bd68439011,0.4200,IDR,,2026-07-29T13:28:01.177Z
1c74be98-213a-410f-9e67-f77cebfa18c2,f0c2bbbf-816f-4912-9038-e2dda733da2d,productivity,82080ab8-3db7-4cbc-817f-336539eda409,757b67be-8d63-4396-9e03-c7bd68439011,0.4200,IDR,bdfbfc34-4337-4f3a-a30f-720351932fa4,2026-07-29T13:28:02.110Z
01fd0472-0af2-4214-96ff-2e522516c6dd,ff66da4d-226c-4c62-8afc-8f759e064b47,productivity,82080ab8-3db7-4cbc-817f-336539eda409,f45c0e97-5ae7-41ae-9b48-7e3c13158c73,0.4200,IDR,0eb3456a-14a9-4fc7-ac4a-4bb1b05ef274,2026-07-29T13:28:03.148Z
2f0ff152-0a4e-4b3e-9f46-b41dece398a1,28974440-c6b0-4561-ad59-7f5875d03a4f,price_book,82080ab8-3db7-4cbc-817f-336539eda409,,175000.0000,IDR,3488b65a-76da-4721-9127-2b33c808f311,2026-07-29T13:28:04.126Z
b4cbbe20-6bf9-4dbc-9a58-e531e6aceb23,4346c943-2a7c-4910-9312-1ae57522eab9,productivity,82080ab8-3db7-4cbc-817f-336539eda409,757b67be-8d63-4396-9e03-c7bd68439011,0.4200,IDR,,2026-07-29T13:28:05.106Z
e33cb666-0fbd-49a9-99e5-a1bb2eb7e889,8d0f1080-cd7e-4a91-8672-338596b87500,productivity,d21361a9-efdc-457c-9bbc-6989fdb2dc3c,cbeccd30-486b-4946-aaad-00623f74b61a,0.4200,IDR,,2026-07-29T14:45:52.817Z
af704668-fe0a-4209-94ee-74a1733a7e34,fd3d7426-a472-4f5d-9e56-b59125815f60,productivity,d21361a9-efdc-457c-9bbc-6989fdb2dc3c,cbeccd30-486b-4946-aaad-00623f74b61a,0.4200,IDR,7d9ed899-10b3-4d28-8477-e5e272283d67,2026-07-29T14:45:53.664Z
46fc77fc-70c8-47d6-ad7a-f32077828943,14c3ba21-41a4-4c4f-8f62-cd136081b0f4,productivity,d21361a9-efdc-457c-9bbc-6989fdb2dc3c,65057d0d-7283-4ec5-93ab-59a3e137ff8f,0.4200,IDR,65f441ef-5380-4a3f-91e3-399099716c5f,2026-07-29T14:45:54.898Z
eed76fa1-ddf8-4e92-8a86-0b6eeaf84d90,8d566113-377e-47ba-a8bc-4885b597a6c7,price_book,d21361a9-efdc-457c-9bbc-6989fdb2dc3c,,175000.0000,IDR,1a3f56a4-c911-4816-8131-142ceae00d23,2026-07-29T14:45:55.911Z
77d4d756-b0ab-41a6-84be-ebf1d2a45a7d,d209fb2e-e68d-490c-9c35-307f170ba6d2,productivity,d21361a9-efdc-457c-9bbc-6989fdb2dc3c,cbeccd30-486b-4946-aaad-00623f74b61a,0.4200,IDR,,2026-07-29T14:45:56.926Z
d7ea9f3c-e38e-4c59-a747-acfd50e5ff51,8c602cfd-a6d6-41db-9dfd-a54c0ce08cc9,productivity,9c32dd52-7792-4f47-9be3-23be4e3d89f4,b783e423-91d3-4f69-99cc-e563c2bf048b,0.4200,IDR,,2026-07-29T15:28:21.858Z
0260eb41-996b-4d6a-b02e-d7e839e41a27,ade4af0f-1e3b-49c0-bded-7ae825168c7b,productivity,9c32dd52-7792-4f47-9be3-23be4e3d89f4,b783e423-91d3-4f69-99cc-e563c2bf048b,0.4200,IDR,adffc9ca-a3fb-412e-bb9c-3900847a0755,2026-07-29T15:28:22.563Z
1e720f72-8108-40a0-a176-e1dc61ed9ab4,33d189f4-cf68-41b2-8e6c-059515865529,productivity,9c32dd52-7792-4f47-9be3-23be4e3d89f4,443d7bdb-7695-4f50-b463-bf076d782c11,0.4200,IDR,81c9e1b9-bc95-458c-a3f3-25013ebb569d,2026-07-29T15:28:23.645Z
50c66e4e-880b-4c0c-9825-c4f66f202911,ec56dee8-6b35-4c32-a9c0-338f9987b210,price_book,9c32dd52-7792-4f47-9be3-23be4e3d89f4,,175000.0000,IDR,b2fd95b3-f3ff-4803-b15f-8af9dded19ee,2026-07-29T15:28:24.513Z
9c11ccc5-d0ac-4595-a919-dd7cc3e0bc0a,5d685690-439c-4056-8f27-babb26d7aa1a,productivity,9c32dd52-7792-4f47-9be3-23be4e3d89f4,b783e423-91d3-4f69-99cc-e563c2bf048b,0.4200,IDR,,2026-07-29T15:28:25.433Z
101846d6-7e26-4126-ae01-0d7b3efc5cea,ba08ec1e-11d8-4d66-a9d5-a2929791d98d,productivity,d44405f8-7ae8-4b8a-a6f4-fef4d525e669,7de648d5-1695-4da7-9bac-7fd50de9488b,0.4200,IDR,,2026-07-29T15:43:56.446Z
102b47ae-ae60-4d3e-9ac6-bc7f1c6c10b5,82806e38-9ed6-478b-8715-b35108827d1d,productivity,d44405f8-7ae8-4b8a-a6f4-fef4d525e669,7de648d5-1695-4da7-9bac-7fd50de9488b,0.4200,IDR,af2d3038-7357-4d24-9d07-012232174ce9,2026-07-29T15:43:57.121Z
640b7e86-1d69-49aa-bcf0-f25b11718731,bc939b53-1f0b-4cfa-b1a4-b161fe827291,productivity,d44405f8-7ae8-4b8a-a6f4-fef4d525e669,febc21b7-98fe-48a3-a0a5-eaf08ad8c6ab,0.4200,IDR,f2155792-8004-4cb0-aabf-15932486ac02,2026-07-29T15:43:58.099Z
77e762f1-9daa-451b-b230-670119999866,868b8711-be06-4350-948a-fe287ae70f0d,price_book,d44405f8-7ae8-4b8a-a6f4-fef4d525e669,,175000.0000,IDR,8af8b543-5fab-4d58-9e23-2f15516e08b8,2026-07-29T15:43:58.912Z
f6ebbafd-bc6f-462e-86a1-9bd887b0f72f,68d2754a-6d8a-4739-bc51-926b6eccfbcc,productivity,d44405f8-7ae8-4b8a-a6f4-fef4d525e669,7de648d5-1695-4da7-9bac-7fd50de9488b,0.4200,IDR,,2026-07-29T15:43:59.745Z
3bd63cfb-e30a-4550-bb10-38963f8ea6be,1ef8c680-95ea-47be-b390-6763705373e3,productivity,0804c896-cb03-4cd5-8744-1715d2b34464,065ada63-d4fc-4268-aa39-3afda8bfab2f,0.4200,IDR,,2026-07-29T16:24:59.084Z
636ecdf7-82bb-4e62-a52b-a6fb509a582b,0ce13c04-8a52-4d35-9ad2-dcdb0ab3e062,productivity,0804c896-cb03-4cd5-8744-1715d2b34464,065ada63-d4fc-4268-aa39-3afda8bfab2f,0.4200,IDR,e1a26a3a-d5da-4a1a-ba78-da07c300d46f,2026-07-29T16:24:59.902Z
00db8df7-f4ef-4a6f-b745-0dfa32c25966,07a80195-4df3-41da-85f4-ce6fc958a24f,productivity,0804c896-cb03-4cd5-8744-1715d2b34464,562677bb-9656-4736-9394-7491e7c7c00b,0.4200,IDR,1415c3d8-28f6-4f8a-a6e1-ae1cb94dc6f6,2026-07-29T16:25:01.046Z
89ce66a4-be39-4cfe-bf52-0079997d850b,4025b3a2-ce4f-4882-9a4c-0555121c7289,price_book,0804c896-cb03-4cd5-8744-1715d2b34464,,175000.0000,IDR,1c305177-b514-4836-865d-67e59f76623e,2026-07-29T16:25:02.019Z
b1a0fdfd-8891-46ee-86b5-77091b46e495,2270b6ac-4c1c-46c6-9970-5d1c688ee02f,productivity,0804c896-cb03-4cd5-8744-1715d2b34464,065ada63-d4fc-4268-aa39-3afda8bfab2f,0.4200,IDR,,2026-07-29T16:25:02.932Z
019cdd3c-80ba-424b-90f6-e3b05008a8c1,24038d4b-ae04-4c53-9274-e08274f27dda,productivity,f9416c4b-4e69-4fac-a746-1b8e236bbea0,6626592c-f900-4410-abab-10204757a653,0.4200,IDR,,2026-07-29T16:53:08.671Z
65643e0c-6827-4deb-9a7c-ee87d542d1dc,fb4083ef-5b32-4143-ac27-8501dfe6a5aa,productivity,f9416c4b-4e69-4fac-a746-1b8e236bbea0,6626592c-f900-4410-abab-10204757a653,0.4200,IDR,851fd750-7de4-4313-bc88-5f2ff91310f8,2026-07-29T16:53:09.386Z
a20813bc-2143-4b2d-a0ed-153e47f2a7c5,a52e8f63-c6a0-4093-a49d-4dcf2216df03,productivity,f9416c4b-4e69-4fac-a746-1b8e236bbea0,7dfce053-51f8-4c5b-a2ea-734ee59761a6,0.4200,IDR,3d00817a-bece-4eb2-acd2-72876c685b80,2026-07-29T16:53:10.341Z
ac800b8f-6e7d-4bdd-a7da-c0677a7abac8,beb7e352-9b24-4181-a3b1-75c16078385a,price_book,f9416c4b-4e69-4fac-a746-1b8e236bbea0,,175000.0000,IDR,1c9b5a84-c497-48c7-9c17-917eae762a27,2026-07-29T16:53:11.097Z
871e89d4-c853-4ef6-bdbd-bab94ed99920,ae98c0c6-edb1-4f1f-ad6c-b1538c0280c6,productivity,f9416c4b-4e69-4fac-a746-1b8e236bbea0,6626592c-f900-4410-abab-10204757a653,0.4200,IDR,,2026-07-29T16:53:11.879Z
5c3c5386-ec1b-4bbf-9fda-a0efd772f823,46a39a17-e9a0-446a-929a-5666d672999b,productivity,f8bcf669-d8fd-46d1-bf74-701c53bd71f2,5e64577d-ecd4-422e-90f4-7d06ec7f5129,0.4200,IDR,,2026-07-29T18:01:20.485Z
4006c8af-5c9a-498c-882e-fc34ba566d66,3dd10ba6-f6a4-42c9-9500-6145b52943da,productivity,f8bcf669-d8fd-46d1-bf74-701c53bd71f2,5e64577d-ecd4-422e-90f4-7d06ec7f5129,0.4200,IDR,f7c0fb4d-63c3-4a39-88c9-fa724b72b002,2026-07-29T18:01:21.286Z
274739f8-3dc3-470b-bb61-c8afe8dbb94f,1ddb5ed4-e1e2-4ba4-b6d6-395b380c631d,productivity,f8bcf669-d8fd-46d1-bf74-701c53bd71f2,5dc43908-47ed-4adf-a00e-be4bd48ff8b5,0.4200,IDR,305ef030-1c06-448e-ab5b-3e4a38dc6b80,2026-07-29T18:01:22.298Z
9095b42f-c43f-433d-af11-938a2767c190,b62bf7ef-6ee6-4dd3-a190-1037abab5b52,price_book,f8bcf669-d8fd-46d1-bf74-701c53bd71f2,,175000.0000,IDR,ab35a836-884f-4ff4-aacf-325ef56b79c1,2026-07-29T18:01:23.166Z
71878c7f-1a9b-44cd-a849-cc05b01c1ea4,a9fe11df-02ff-4887-8759-3d9cd0d699a2,productivity,f8bcf669-d8fd-46d1-bf74-701c53bd71f2,5e64577d-ecd4-422e-90f4-7d06ec7f5129,0.4200,IDR,,2026-07-29T18:01:24.014Z
54053111-e29b-4b6c-a493-04d76806776d,34e82814-34bd-4df6-85bd-bb7e4a4da19f,productivity,c9276556-7d92-4097-92dd-9ff2e4b07bc1,912e384d-f2fd-4e78-be6d-38d9bd878a0b,0.4200,IDR,,2026-07-29T18:35:43.560Z
3685cb64-372d-4447-989e-d7c61f082b22,6929d45a-479a-4857-b162-6ab9b178d55d,productivity,c9276556-7d92-4097-92dd-9ff2e4b07bc1,912e384d-f2fd-4e78-be6d-38d9bd878a0b,0.4200,IDR,ce712717-38f8-4826-a1dc-ce6b02546e3d,2026-07-29T18:35:44.218Z
070122e1-5ddb-48d5-96ef-6a9aa52b6afb,abb25720-134b-4a9a-a818-b83acc9a1e40,productivity,c9276556-7d92-4097-92dd-9ff2e4b07bc1,de402b40-b80d-4fb9-a207-5bd2a91a100b,0.4200,IDR,a247ad93-22c0-4964-9cb0-e1b7770ed241,2026-07-29T18:35:45.060Z
d3774d12-0b77-4253-acd4-c899e92e33c8,cd4e1e9f-ccad-483d-bff0-03e7e4dbe9e9,price_book,c9276556-7d92-4097-92dd-9ff2e4b07bc1,,175000.0000,IDR,7cf061aa-ae95-4cbf-831a-11b437bbdcb5,2026-07-29T18:35:45.807Z
6dcf2a91-d25e-456d-b620-7f3f2d9e0cdd,042bf7fd-f719-457a-818a-22e6cdc10d14,productivity,c9276556-7d92-4097-92dd-9ff2e4b07bc1,912e384d-f2fd-4e78-be6d-38d9bd878a0b,0.4200,IDR,,2026-07-29T18:35:46.548Z
17a427ee-9353-4daf-a7ac-46237de42518,291edac3-ba4f-4a2a-bc98-8ad2dddd7fad,productivity,cb312d8a-fe45-42a1-82a5-c5ee8010ba2a,4ecc3b9a-090a-48fe-941e-b5dc3f875d04,0.4200,IDR,,2026-07-30T16:12:34.503Z
6c843c0f-c3e6-4309-8da7-9608e872e315,56ef235a-5984-4de9-9023-7550133ecf23,productivity,cb312d8a-fe45-42a1-82a5-c5ee8010ba2a,4ecc3b9a-090a-48fe-941e-b5dc3f875d04,0.4200,IDR,1ec432a6-4824-4650-8b74-2ca3b4a3a55e,2026-07-30T16:12:35.393Z
a0b2f6e0-65c5-4ffa-95b2-4c49b13997d8,a39d350e-8e7c-4993-a4b7-005c9929784f,productivity,cb312d8a-fe45-42a1-82a5-c5ee8010ba2a,8068f984-8b63-4c38-bc7f-eceec48afea6,0.4200,IDR,60db460a-b3e2-4452-aa37-cd5bd813b349,2026-07-30T16:12:36.386Z
bc24d541-4eca-4f7d-9dc9-c7fe813560bc,1ad7b417-b8f4-4f23-ba3e-37ca03cfc228,price_book,cb312d8a-fe45-42a1-82a5-c5ee8010ba2a,,175000.0000,IDR,5ce5690e-4d94-4988-ae22-a3ac0950fd93,2026-07-30T16:12:37.305Z
effce91c-4ab8-4ca1-b22c-4a4527bff2a0,c2918470-d337-4b8c-88eb-6c6b10a4fbbd,productivity,cb312d8a-fe45-42a1-82a5-c5ee8010ba2a,4ecc3b9a-090a-48fe-941e-b5dc3f875d04,0.4200,IDR,,2026-07-30T16:12:38.174Z
812943d4-c28e-45fe-8314-6c6483ae6650,3081e7ac-fd34-4710-ad6b-6fe818b446cb,productivity,cbb7cd91-0041-432b-b5fe-d76ae701519e,da05da07-493c-4d3e-955a-e9753bc90a9f,0.4200,IDR,,2026-07-30T18:11:05.075Z
65aef8d3-6418-45db-932d-6a292085f59f,02845a39-b625-48c6-ad7e-8fdfaed6b6be,productivity,cbb7cd91-0041-432b-b5fe-d76ae701519e,da05da07-493c-4d3e-955a-e9753bc90a9f,0.4200,IDR,492d3da1-e520-4efc-98d9-ab46760b6942,2026-07-30T18:11:05.720Z
478c11b7-2ccf-4741-b987-45210c1b2e01,aef68245-4964-4377-8728-b52005420c91,productivity,cbb7cd91-0041-432b-b5fe-d76ae701519e,f874dd58-14a8-4c38-8a99-7fdc6dbc3919,0.4200,IDR,0a589f58-faff-44ea-96d2-b7cfbccf9c80,2026-07-30T18:11:06.587Z
872b95e3-6b6a-42c3-a698-82dffd4c2c69,2bffaeb1-9070-4d80-a1ab-81f620389614,price_book,cbb7cd91-0041-432b-b5fe-d76ae701519e,,175000.0000,IDR,5a0c51e2-2838-4838-a5f6-96e195b2d886,2026-07-30T18:11:07.352Z
68c9b178-ffe6-4692-8b74-487b5c42323e,69fb7788-8934-4026-afba-e344526da970,productivity,cbb7cd91-0041-432b-b5fe-d76ae701519e,da05da07-493c-4d3e-955a-e9753bc90a9f,0.4200,IDR,,2026-07-30T18:11:08.128Z
eca8ce79-f7f2-4636-bd53-989cf93762d3,356b70c6-4f9b-4512-80d5-34f378a9d8c3,productivity,73053078-3469-4539-9ecf-4ac8247f9742,02515215-1976-4885-a6b3-c6485aa1e068,0.4200,IDR,,2026-07-30T18:15:51.177Z
b19ac5ba-692e-4320-8ac2-efd47460ff6d,62afc070-f028-4f7b-aaf0-272113f998c9,productivity,73053078-3469-4539-9ecf-4ac8247f9742,02515215-1976-4885-a6b3-c6485aa1e068,0.4200,IDR,7832bd54-3980-4300-9fd7-9a3723562c16,2026-07-30T18:15:51.797Z
7f701aba-ce6d-4d40-9550-567ff3211c0c,679a317d-6612-4757-a43a-367f68608fd6,productivity,73053078-3469-4539-9ecf-4ac8247f9742,7b743a55-5400-40c5-bda1-ce8d3101365b,0.4200,IDR,efaf7d2e-dc80-4f7d-b9d9-7fc29b418f87,2026-07-30T18:15:52.643Z
b407e6e5-a0bc-4c26-96dc-c1a963852035,ba270209-99e5-44f9-a902-3135994b3d37,price_book,73053078-3469-4539-9ecf-4ac8247f9742,,175000.0000,IDR,5594ec92-6c00-4636-b297-98e0418eb7b2,2026-07-30T18:15:53.383Z
045cfb09-cbb0-4d07-85ca-b36a2e3174e7,880f98c4-0085-4908-817a-c269ccb5e4ce,productivity,73053078-3469-4539-9ecf-4ac8247f9742,02515215-1976-4885-a6b3-c6485aa1e068,0.4200,IDR,,2026-07-30T18:15:54.115Z
1b43470f-e5db-496f-ae1d-436f1612afa3,36e52dc2-99c3-4fcc-bf96-fe1c70bba7e4,productivity,f96a10de-acc4-4da6-9542-207a1304043f,ef18bf80-79c6-414a-9bc4-93c331b67380,0.4200,IDR,,2026-07-30T19:36:54.732Z
731ff8cc-39c2-48bc-9719-186a9ad30e9e,920eb4be-9902-44ce-b45c-d865889548f9,productivity,f96a10de-acc4-4da6-9542-207a1304043f,ef18bf80-79c6-414a-9bc4-93c331b67380,0.4200,IDR,cb83ce3b-9e75-4e50-94df-cfcfd4461425,2026-07-30T19:36:55.313Z
6e4249ca-b563-4dcd-ae25-b3c08f571ccd,6802259b-e5ca-414c-a5f8-58dd82f0f083,productivity,f96a10de-acc4-4da6-9542-207a1304043f,080e7235-e4ae-4f33-a9b4-8498d3e8dc76,0.4200,IDR,a9f16020-9389-4162-9895-e7f0ec3a148c,2026-07-30T19:36:56.124Z
9745003c-435d-46d9-a9e2-0e501007eda0,b03e09ea-68c1-4ae5-9072-fb081005b630,price_book,f96a10de-acc4-4da6-9542-207a1304043f,,175000.0000,IDR,3bcc0dc8-df26-456d-ba19-06253de07a68,2026-07-30T19:36:56.819Z
53db9610-44ca-48fc-974e-75088a018d13,f86596e4-99ec-4c39-bac2-1ed8d86fd0f8,productivity,f96a10de-acc4-4da6-9542-207a1304043f,ef18bf80-79c6-414a-9bc4-93c331b67380,0.4200,IDR,,2026-07-30T19:36:57.503Z
2e5a97de-1478-4f7b-9815-8743af750938,866b7628-7f97-4151-9166-2817eb98e708,productivity,cb5b8ea6-7a10-4089-b0b2-fde8efe9afdc,f4d49356-c15f-4307-9246-f3c47dc198ea,0.4200,IDR,,2026-07-30T20:07:03.695Z
d5da00db-6380-41ba-9164-4b49ec0aca6b,4d352b90-8079-4063-ad4c-6374cef97bd8,productivity,cb5b8ea6-7a10-4089-b0b2-fde8efe9afdc,f4d49356-c15f-4307-9246-f3c47dc198ea,0.4200,IDR,b584aa11-946c-456b-8851-e15a1265b162,2026-07-30T20:07:04.310Z
060a1e36-4fbd-4764-bdf0-3cc78c0585e8,53080027-0e85-482c-9c76-a301389c26bc,productivity,cb5b8ea6-7a10-4089-b0b2-fde8efe9afdc,5fea5c51-cee4-455a-b32d-0ac1f4be977a,0.4200,IDR,249ec47c-f691-4d1d-8571-30503cf213a6,2026-07-30T20:07:05.088Z
92d6065c-fbf4-4bed-8246-7720dc6aa36c,a9c40bb9-4df5-427d-95bc-f7ac335779cd,price_book,cb5b8ea6-7a10-4089-b0b2-fde8efe9afdc,,175000.0000,IDR,1d438410-07bb-46e8-9b72-36d3927a8995,2026-07-30T20:07:05.756Z
0882da58-cec3-4e7d-81a1-f2db9c826258,1942cdb6-6648-424c-9e05-8a118134b174,productivity,cb5b8ea6-7a10-4089-b0b2-fde8efe9afdc,f4d49356-c15f-4307-9246-f3c47dc198ea,0.4200,IDR,,2026-07-30T20:07:06.439Z
c416c6ae-b79e-449f-b262-5127883537b1,130440a1-efd9-44c0-b3eb-b8e834c7e569,productivity,c333753d-83ae-446a-9b4d-15fdd32c3658,24335108-d994-4f3a-b264-8296ff79a251,0.4200,IDR,,2026-07-31T11:49:52.871Z
5eff27b3-d130-41ab-897c-781a7044e20a,6506289c-eb9b-428d-b01a-113066691dcb,productivity,c333753d-83ae-446a-9b4d-15fdd32c3658,24335108-d994-4f3a-b264-8296ff79a251,0.4200,IDR,12f045e2-9535-4fcc-95c3-fdf7897a438a,2026-07-31T11:49:53.520Z
d5a41f2d-09c3-451b-bb34-39859b606e47,1c960696-e53d-4b37-b9e3-d958d248f2a4,productivity,c333753d-83ae-446a-9b4d-15fdd32c3658,3c7952a9-75b1-46ea-be4f-0e8e67a1fc22,0.4200,IDR,a321f72d-8f38-480f-828b-50cd8499c46d,2026-07-31T11:49:54.476Z
de16b69a-0781-416d-998d-d0d8686acc7a,b4386cb2-9f43-4145-857c-289b55429428,price_book,c333753d-83ae-446a-9b4d-15fdd32c3658,,175000.0000,IDR,29b47549-0a08-451c-8aae-f5aada748619,2026-07-31T11:49:55.286Z
ffd5a802-f3a5-4865-a256-7cd11885f956,6da74ed5-de6b-4fc9-8ba8-7623efa792d6,productivity,c333753d-83ae-446a-9b4d-15fdd32c3658,24335108-d994-4f3a-b264-8296ff79a251,0.4200,IDR,,2026-07-31T11:49:56.168Z
b6aa0d7d-0d4c-4150-a86a-90acae87e6b3,45375e8b-ce2b-4047-8905-f9368abaec95,productivity,d1d7e570-54f7-4259-86e3-87268f05169f,2af1b487-0ca0-4444-bb89-dd6e92ac5ab6,0.4200,IDR,,2026-07-31T12:17:50.363Z
6a1ffd66-9a30-4914-8e9d-77ab7ab379d4,5f36fbb9-4920-4f99-8305-3529774911d1,productivity,d1d7e570-54f7-4259-86e3-87268f05169f,2af1b487-0ca0-4444-bb89-dd6e92ac5ab6,0.4200,IDR,99633ff7-fbf1-40de-a35d-25805306d118,2026-07-31T12:17:51.059Z
9e69fd84-25d2-4d58-aa71-82482aa64234,a7f9a6eb-f7fe-4371-8511-e3937df4d6e2,productivity,d1d7e570-54f7-4259-86e3-87268f05169f,3338287e-b573-466c-8340-f64941994045,0.4200,IDR,fded03da-0a24-4fb6-a05b-87f2e9151274,2026-07-31T12:17:52.010Z
5e31b832-bc84-4492-9b24-8c578be23e65,6b0583b9-466e-45df-aa70-3ad7974b7d29,price_book,d1d7e570-54f7-4259-86e3-87268f05169f,,175000.0000,IDR,3d505bbd-9c1e-42c1-8ede-32de8c22809b,2026-07-31T12:17:52.793Z
ef243042-b6d0-45d5-bd29-524e3abad107,38e3a33a-25e6-4acb-a090-51b6bb001337,productivity,d1d7e570-54f7-4259-86e3-87268f05169f,2af1b487-0ca0-4444-bb89-dd6e92ac5ab6,0.4200,IDR,,2026-07-31T12:17:53.634Z
8d0d8259-5c99-4196-9be0-5bbf03c34f5a,2eec0289-5752-469a-9d2c-18eec41bafc8,productivity,3b2eef9c-b94c-4557-a847-9d5bc1b630b2,39d9e0b9-bb29-4eef-b72e-d282c1241042,0.4200,IDR,,2026-07-31T12:24:51.267Z
a4c3298b-89b1-4eaf-b351-d2fcfdaf9aed,cdf37a2c-ea8d-44ef-b943-0b4e8e898f20,productivity,3b2eef9c-b94c-4557-a847-9d5bc1b630b2,39d9e0b9-bb29-4eef-b72e-d282c1241042,0.4200,IDR,8adb7768-803a-41ad-af9e-a5931670bfaa,2026-07-31T12:24:52.079Z
690e30e4-08df-4d0e-a5cb-0ed9d7204b29,83b96dba-eb79-4556-9b54-3af1d1ea6d63,productivity,3b2eef9c-b94c-4557-a847-9d5bc1b630b2,78e13fab-3948-4c00-80c8-1cfbdecc7b3f,0.4200,IDR,3d19efbc-ec76-4dfd-9081-544d6e0ca98c,2026-07-31T12:24:53.067Z
4cbdca93-fb52-4475-88ce-bf78646d92ee,54e2c22a-b2d4-40b1-b0eb-6ae8644f468f,price_book,3b2eef9c-b94c-4557-a847-9d5bc1b630b2,,175000.0000,IDR,489b22f0-b8ed-4cd2-a169-e415a6eb7dd8,2026-07-31T12:24:53.891Z
50358bf2-e13f-44bb-ae82-63cfef17ce07,dd28be28-8dd3-4fae-9f21-8b0159c83019,productivity,3b2eef9c-b94c-4557-a847-9d5bc1b630b2,39d9e0b9-bb29-4eef-b72e-d282c1241042,0.4200,IDR,,2026-07-31T12:24:54.727Z
98606eeb-cf20-4acf-85e4-57cf4a4c2894,e228e4ca-5f96-4c31-9871-50071aacd5f2,productivity,d9813f28-f0f3-46df-be32-7bf0bfe164e6,86be04d3-e353-41e9-84f1-a2b00155501b,0.4200,IDR,,2026-07-31T12:47:31.102Z
b2b8ade8-6b67-49af-bbc4-f9316dba3e51,928eecc0-b88e-4a30-9ac0-5e3905cb0a41,productivity,d9813f28-f0f3-46df-be32-7bf0bfe164e6,86be04d3-e353-41e9-84f1-a2b00155501b,0.4200,IDR,7df555e7-de80-40e0-b56e-1cdd2bd78e67,2026-07-31T12:47:32.348Z
0694cbb8-30be-4bff-817e-a1f9bd9d3a24,08c3edf8-e5f5-4337-a9f1-f727070c3904,productivity,d9813f28-f0f3-46df-be32-7bf0bfe164e6,84c4211a-9723-44d1-9a62-ae70eb7c65b4,0.4200,IDR,e61da870-4892-4c54-9f47-85e2134d48f2,2026-07-31T12:47:33.787Z
a98340bd-eb6c-4c6c-8c9e-327ac753946c,7072bbca-021c-4bf9-b9ec-28d0ba2f6251,price_book,d9813f28-f0f3-46df-be32-7bf0bfe164e6,,175000.0000,IDR,62f1e6b8-1951-488b-acfc-0f814273f717,2026-07-31T12:47:35.171Z
371225c7-74e3-43c6-8a98-b0ea13a7f858,3d819400-63e2-4e74-81cf-392993776400,productivity,d9813f28-f0f3-46df-be32-7bf0bfe164e6,86be04d3-e353-41e9-84f1-a2b00155501b,0.4200,IDR,,2026-07-31T12:47:36.536Z
e2a93359-7258-42fc-b4ee-3a4a9d43fb45,d3a052da-0536-4315-b52f-63b7e598845d,productivity,f36df7bd-05ca-42e3-b4c2-a81761768eca,0c52746c-44df-42b3-b94f-7ad46d84fe15,0.4200,IDR,,2026-07-31T13:08:04.897Z
9fad6c8f-eaff-4c9a-affe-ff812eb4ec38,aa359b87-756c-48ab-aef5-9c38490b04e5,productivity,f36df7bd-05ca-42e3-b4c2-a81761768eca,0c52746c-44df-42b3-b94f-7ad46d84fe15,0.4200,IDR,3eb18e49-d3f3-4977-b0ff-c5472d62d84c,2026-07-31T13:08:05.663Z
cfcf11cf-d724-4cd3-9904-34e9b24f912d,3ef8a918-c21f-4201-93ce-aa0d3664df27,productivity,f36df7bd-05ca-42e3-b4c2-a81761768eca,a3952945-1ce2-432f-82c3-e4626e77d7bd,0.4200,IDR,2cef29a9-a825-4e29-b61e-8a5872afc8cd,2026-07-31T13:08:06.769Z
d1b77822-df44-442e-a680-dc6f53db2952,7b3ad4cb-68a5-4c27-a057-0101bd2b88c0,price_book,f36df7bd-05ca-42e3-b4c2-a81761768eca,,175000.0000,IDR,b3bf6136-18bb-449e-9a8d-43b09a151a85,2026-07-31T13:08:07.744Z
54d21b5e-f29d-411c-bc0a-0cbba1faeaf0,1cd10204-1b5a-4425-80f0-399d1c4d54b1,productivity,f36df7bd-05ca-42e3-b4c2-a81761768eca,0c52746c-44df-42b3-b94f-7ad46d84fe15,0.4200,IDR,,2026-07-31T13:08:08.673Z
8ee41bf1-947f-4ecf-b960-b2493a91f094,c82cb70a-8f1b-4a9c-b54c-e72b0e9f4b48,productivity,0c0429a1-3334-454f-aae9-1e19e86dea12,82109578-0563-4a39-a381-08be74cf38a1,0.4200,IDR,,2026-07-31T13:44:52.295Z
fb2267ad-4d67-42ad-9502-346a38f5114b,edcbe082-f388-4ffb-a232-43f643354d69,productivity,0c0429a1-3334-454f-aae9-1e19e86dea12,82109578-0563-4a39-a381-08be74cf38a1,0.4200,IDR,52028863-b9f3-458b-b536-5a43fedaf4bf,2026-07-31T13:44:53.134Z
410c90c7-fda0-4084-a027-804a0162db03,3c627c84-a7d6-4cba-9775-b09705d5ccca,productivity,0c0429a1-3334-454f-aae9-1e19e86dea12,80cd69d2-8295-4701-a204-6de3111abe42,0.4200,IDR,888b8810-737f-430e-9eb3-04c9848957de,2026-07-31T13:44:54.227Z
a86af97e-23ad-46c4-bf65-491d32030525,c00c4c32-7ba4-4366-8d58-8084f6b0cdb0,price_book,0c0429a1-3334-454f-aae9-1e19e86dea12,,175000.0000,IDR,13c7a308-8865-4bd4-9110-d5505f8da5e3,2026-07-31T13:44:55.249Z
ecd81b89-199e-471b-b362-b7f8d92b5c71,497a5ab3-3f05-4582-8659-b8351dfffc39,productivity,0c0429a1-3334-454f-aae9-1e19e86dea12,82109578-0563-4a39-a381-08be74cf38a1,0.4200,IDR,,2026-07-31T13:44:56.286Z
c7bd7c34-defc-43c6-9d61-4d6a6f333161,6fc11976-68c1-4db1-8d77-b233182c0431,productivity,9e9883f9-ec8d-4348-a4e9-26bdcb64ec3a,f3b650a0-4473-4eb1-bebd-0cf9c07118fa,0.4200,IDR,,2026-07-31T14:43:37.753Z
de29143c-3348-43ca-ac53-6e7d29d72c1b,027fdca0-e912-41ca-bde9-d9956d760195,productivity,9e9883f9-ec8d-4348-a4e9-26bdcb64ec3a,f3b650a0-4473-4eb1-bebd-0cf9c07118fa,0.4200,IDR,38d06b54-572d-4091-a817-635c8f7429fc,2026-07-31T14:43:38.502Z
eedadbc5-dd2e-476e-9184-c3c3f0b15b65,559f7dc6-d077-45b1-af58-4697b1e4cb62,productivity,9e9883f9-ec8d-4348-a4e9-26bdcb64ec3a,a80260d3-1ae1-4818-9c01-0dcc8e05a9a4,0.4200,IDR,f02a686f-8c37-4327-8e56-190e8d50e4ea,2026-07-31T14:43:39.573Z
ed595418-9b21-4b8e-b932-77507de33976,581bd50e-7cf2-4ec6-bab8-835937186f54,price_book,9e9883f9-ec8d-4348-a4e9-26bdcb64ec3a,,175000.0000,IDR,5ba69830-cabe-4973-aed7-7e18b3cfe0f2,2026-07-31T14:43:40.409Z
06311116-facf-4226-b11c-ae89d21d6529,aa6a3d26-4b27-492d-bb32-f70f39c5b2af,productivity,9e9883f9-ec8d-4348-a4e9-26bdcb64ec3a,f3b650a0-4473-4eb1-bebd-0cf9c07118fa,0.4200,IDR,,2026-07-31T14:43:41.285Z
7d951196-f0b8-4559-b687-25d69329ce80,abc8acbd-bb39-4d33-a368-bc46076fd756,productivity,868d25d7-4196-44ff-b31d-f462be453a1d,ec7fbd5e-fc1a-410a-84d6-f49329d5eca9,0.4200,IDR,,2026-07-31T14:46:45.642Z
389b6435-e4bd-401a-ac0f-41fdc4ab2b26,4c3e00fd-73a9-4d44-8d1a-fd7284e33629,productivity,868d25d7-4196-44ff-b31d-f462be453a1d,ec7fbd5e-fc1a-410a-84d6-f49329d5eca9,0.4200,IDR,f5de5e4c-b5f8-4a6a-8693-edb69b4b9556,2026-07-31T14:46:46.379Z
713278f3-8d8c-476a-8cc3-38d3229f0caa,29ee05cf-5318-4808-83a7-f7285f4f21ac,productivity,868d25d7-4196-44ff-b31d-f462be453a1d,f122da46-28cd-45d0-a12d-e548b04f3089,0.4200,IDR,ac6509d9-cb00-4c43-b603-f32f19057c77,2026-07-31T14:46:47.386Z
63898c1d-80db-495b-a274-8631e8d5aeb1,44f74fea-7aca-4284-b2d3-39bd3826a890,price_book,868d25d7-4196-44ff-b31d-f462be453a1d,,175000.0000,IDR,1df3f217-1993-4fc1-b5e9-a0d82c770f3d,2026-07-31T14:46:48.353Z
9bebe871-055d-4da9-aedf-922cc7d635cb,2aa2e38e-894a-4187-913e-5b703221c256,productivity,868d25d7-4196-44ff-b31d-f462be453a1d,ec7fbd5e-fc1a-410a-84d6-f49329d5eca9,0.4200,IDR,,2026-07-31T14:46:49.229Z
c53976ab-0994-43f9-8022-32543e688e0c,2b4649f4-f0ff-43e5-baaf-a508b7f392cc,productivity,a8923a8f-5896-4318-994e-5aa641630337,03bcc98d-2a04-4c2a-8d11-e9df306a61eb,0.4200,IDR,,2026-07-31T14:49:42.269Z
5bdb791a-b77e-4a57-b518-cd13353f1fa2,1cc5cb9d-e215-4313-aadd-3ae8a9bc47a8,productivity,a8923a8f-5896-4318-994e-5aa641630337,03bcc98d-2a04-4c2a-8d11-e9df306a61eb,0.4200,IDR,47788af2-9996-4ff0-ac3a-8672535260e9,2026-07-31T14:49:43.036Z
edf99383-97a5-4f78-86ea-086aa78827ac,42286b9f-dbcf-4173-9156-38f8cd5748aa,productivity,a8923a8f-5896-4318-994e-5aa641630337,7a94c5a0-0e56-4f60-8edf-af60ad2f35f1,0.4200,IDR,15c152e2-36fd-409f-b7fd-1db0aab038a4,2026-07-31T14:49:43.997Z
0de19ad9-d945-45a1-bdb7-eea673315fbb,6af7a469-74d0-4d19-82af-92d1a633e8be,price_book,a8923a8f-5896-4318-994e-5aa641630337,,175000.0000,IDR,7c2aba76-945d-44cc-8b2b-05d91c08ce54,2026-07-31T14:49:44.836Z
90f37f6f-5b27-4b27-bee9-d13d2d78c4a5,4367e01e-a9d1-410d-ace9-0e9367055692,productivity,a8923a8f-5896-4318-994e-5aa641630337,03bcc98d-2a04-4c2a-8d11-e9df306a61eb,0.4200,IDR,,2026-07-31T14:49:45.765Z
3e1ccaba-1ec3-4679-ac77-f41bf9a217b3,7c451e14-d847-4f82-b931-6343fe9efb1f,productivity,3896a2da-2fc1-4239-b419-a6d9942e5687,9049b47b-4e57-4fb5-ba24-afc9dbb03188,0.4200,IDR,,2026-07-31T14:52:57.929Z
28cad998-fc56-4760-bfd4-9075d1cbdd22,51791627-b0f8-4d62-a904-aa141ec2da12,productivity,3896a2da-2fc1-4239-b419-a6d9942e5687,9049b47b-4e57-4fb5-ba24-afc9dbb03188,0.4200,IDR,500aaa36-47f0-41a2-952d-bfdb0c47b9fa,2026-07-31T14:52:58.656Z
f5cadd1b-c8d3-4ca8-bcd0-235bc7253f41,a4d2f81b-7ce8-4e87-91d4-76e6ddbaa71f,productivity,3896a2da-2fc1-4239-b419-a6d9942e5687,4cb56cad-ac08-48e2-b0ef-aa8d99b69774,0.4200,IDR,48cd3c3a-2cca-45e1-af31-c811fdd94715,2026-07-31T14:52:59.688Z
f7c79cc7-e1d7-453a-9a17-0f7c1f31a9fa,c24b5b28-db29-4221-93ee-1f45ef790638,price_book,3896a2da-2fc1-4239-b419-a6d9942e5687,,175000.0000,IDR,4c1b92fc-8ef7-46e6-915d-5c9c469a3763,2026-07-31T14:53:00.578Z
f5732f9c-44f0-40aa-89bc-72ed102e6e58,fb2b4ceb-b02d-4987-ab4f-60e5e0a6366e,productivity,3896a2da-2fc1-4239-b419-a6d9942e5687,9049b47b-4e57-4fb5-ba24-afc9dbb03188,0.4200,IDR,,2026-07-31T14:53:01.440Z
dc3b527b-b510-4573-8a18-857b22dc9795,8d2f990f-146b-4f5d-8018-f9a01b338fbc,productivity,eaa6e308-251c-48f0-80aa-73dfbd42b8ff,1c3c5732-9b96-475e-b654-e7850b350718,0.4200,IDR,,2026-07-31T15:19:22.692Z
0f4a200a-4fe6-4ee5-86d8-bbe65bf2bdb0,51b7d4d9-a171-4138-8b77-1b98ab776709,productivity,eaa6e308-251c-48f0-80aa-73dfbd42b8ff,1c3c5732-9b96-475e-b654-e7850b350718,0.4200,IDR,c3c7b24f-8b7a-4966-8e4c-0343bfcdee36,2026-07-31T15:19:23.420Z
f39fb4ae-ba54-4a44-a58d-5c1b6677c358,c603119b-48ad-4113-b0c8-c2ee68a6cbe9,productivity,eaa6e308-251c-48f0-80aa-73dfbd42b8ff,3d8b38df-89de-4380-9426-c8e4ebbd9008,0.4200,IDR,52ae4f46-a58a-4c0a-9442-21950ebd4c86,2026-07-31T15:19:24.386Z
13e61730-8a9a-4246-9471-3ff1fbe0107a,82071577-1d9c-4374-9f4a-23848b3a0cc9,price_book,eaa6e308-251c-48f0-80aa-73dfbd42b8ff,,175000.0000,IDR,95d0cb7f-8708-487d-9488-8398978cf862,2026-07-31T15:19:25.285Z
856546e8-7459-4c3d-94ba-b66ee421890c,da9f9915-238a-46a3-8dd4-922a5a2b1351,productivity,eaa6e308-251c-48f0-80aa-73dfbd42b8ff,1c3c5732-9b96-475e-b654-e7850b350718,0.4200,IDR,,2026-07-31T15:19:26.170Z
4868aa65-8444-450f-91ea-6fdc086e393a,22365ca6-1c14-488d-947f-7bc929809fab,productivity,b98a5c88-c4f4-45bb-9a42-910f4a2a894d,53dba1b4-e066-428f-95c8-48fc3b6bc6cf,0.4200,IDR,,2026-07-31T15:26:00.367Z
7ba14638-0e58-4bb3-8509-caf084c6bb07,a9e29bc9-52b8-4eb0-b1e8-582b3ff6c90a,productivity,b98a5c88-c4f4-45bb-9a42-910f4a2a894d,53dba1b4-e066-428f-95c8-48fc3b6bc6cf,0.4200,IDR,92c2db33-42aa-4ca5-8be2-e6a0a590e844,2026-07-31T15:26:01.121Z
a0361082-c160-40cc-9ff6-2725ee687527,dc0239ce-89eb-4e60-9e43-95cc329170d7,productivity,b98a5c88-c4f4-45bb-9a42-910f4a2a894d,fdc98874-abb1-43b1-909c-c6387af0c6b1,0.4200,IDR,b5315bff-be69-4732-970f-914277c9c52e,2026-07-31T15:26:02.186Z
9fbec49a-aff0-47c9-80bc-c610e03f84d0,88b0b79d-5c7f-4b28-bd7d-cf2117a41976,price_book,b98a5c88-c4f4-45bb-9a42-910f4a2a894d,,175000.0000,IDR,c1f7c35b-48a9-46a1-8baf-975b0d33549e,2026-07-31T15:26:03.082Z
000ac70e-0456-4a99-9e83-999f742f87f3,4eea0793-709f-4ce1-b58a-f442a2c35108,productivity,b98a5c88-c4f4-45bb-9a42-910f4a2a894d,53dba1b4-e066-428f-95c8-48fc3b6bc6cf,0.4200,IDR,,2026-07-31T15:26:03.944Z
bda27a47-1900-4a8f-8f18-39793847a0f5,e62c758a-9696-4013-b5a0-bcda924c925f,productivity,4c078fc1-d24a-47bf-8847-b389dedc1521,af4663a3-6c18-46d3-8106-b3ea74204a0d,0.4200,IDR,,2026-07-31T16:01:29.825Z
b8a21a80-5103-43ee-851b-bf4a2710ee16,c8928402-ad34-4838-9ebb-9c93312f84fe,productivity,4c078fc1-d24a-47bf-8847-b389dedc1521,af4663a3-6c18-46d3-8106-b3ea74204a0d,0.4200,IDR,37863488-c123-4d1a-9b34-2170d3214efc,2026-07-31T16:01:30.592Z
f5a737a8-faca-47e9-a88e-5a2152a00bca,24a43409-1739-40bc-8619-7364cb5328c1,productivity,4c078fc1-d24a-47bf-8847-b389dedc1521,6b10d94f-c345-4eaa-9ba5-9ba8f5dc4e7e,0.4200,IDR,6926459c-340b-48af-9a80-449a37318e06,2026-07-31T16:01:31.586Z
23bd9ed1-421f-4af8-b8c6-fbbe331bbcd3,bc3c98a4-44d1-4e1f-8c1e-207e91b99ace,price_book,4c078fc1-d24a-47bf-8847-b389dedc1521,,175000.0000,IDR,ff66ba8c-96f3-4c47-8a63-9adbaf8eaf85,2026-07-31T16:01:32.515Z
ea6156fd-3c17-4aee-a69b-e0f7605fea9e,1bda3b03-6cab-4bec-aa73-ef6c24a4416a,productivity,4c078fc1-d24a-47bf-8847-b389dedc1521,af4663a3-6c18-46d3-8106-b3ea74204a0d,0.4200,IDR,,2026-07-31T16:01:33.730Z
68610fa7-a86d-4547-9295-e8c9eacf1048,e3b134a7-bade-4587-b056-bf021c697778,productivity,1eb7dde6-ac76-45fc-a703-c2dcdebf8ffb,17619e81-a74e-4a6b-8c02-418eef929dc1,0.4200,IDR,,2026-07-31T16:04:27.216Z
c7fbe41a-09a8-48de-873f-4ec053d7c0ff,cabf2bf8-ed3c-4cdd-93ea-004bf491c3f1,productivity,1eb7dde6-ac76-45fc-a703-c2dcdebf8ffb,17619e81-a74e-4a6b-8c02-418eef929dc1,0.4200,IDR,5accdda3-2374-44f7-9eb7-1adb4b0e8e8b,2026-07-31T16:04:27.948Z
06c79b7a-48ef-43aa-8998-2ef8fe2096d7,f98263f9-c355-4a2e-b9ca-c8a0d27841d4,productivity,1eb7dde6-ac76-45fc-a703-c2dcdebf8ffb,7514cb55-9d7d-437f-a06b-4e584ce48d9d,0.4200,IDR,eede7a6f-b76a-4d5b-a3ac-241098e42e4a,2026-07-31T16:04:29.050Z
99a72051-2002-4eb0-b351-05650d1285c3,e488bd03-cff3-4f46-8928-5630f99c39e1,price_book,1eb7dde6-ac76-45fc-a703-c2dcdebf8ffb,,175000.0000,IDR,8e9c27dd-bdcc-40c3-9d0a-d5d6cead2ad8,2026-07-31T16:04:29.968Z
d4c2f962-8eba-4912-9b61-8866c9d88889,26d93000-61b7-48db-b653-2da44a8247a0,productivity,1eb7dde6-ac76-45fc-a703-c2dcdebf8ffb,17619e81-a74e-4a6b-8c02-418eef929dc1,0.4200,IDR,,2026-07-31T16:04:30.808Z
fe90bd78-0020-4074-8ebf-55a292612bf0,c80fde47-80fb-4ba6-b4f0-7874ff748b66,productivity,63324b5d-dd60-4d48-ab7f-b825f521d728,2fdefe59-e92c-4f6d-b420-4402911eb425,0.4200,IDR,,2026-07-31T16:08:35.868Z
1b002848-df36-42f9-9116-f5c81b5591e3,89625200-63b7-4854-b910-fad27f388848,productivity,63324b5d-dd60-4d48-ab7f-b825f521d728,2fdefe59-e92c-4f6d-b420-4402911eb425,0.4200,IDR,a8a3f4cf-4f6a-4713-9c4f-7bce380480b6,2026-07-31T16:08:36.625Z
c807f8a6-7cf8-4d43-a8cb-8f5c393fe612,28fdcba5-cc10-4828-ba53-8d1daaa04ff7,productivity,63324b5d-dd60-4d48-ab7f-b825f521d728,a442e3dd-e96b-4ab7-a263-10e2de080acd,0.4200,IDR,e659eaf3-d7cd-49ed-8b3b-d04d053b6efa,2026-07-31T16:08:37.614Z
b39e1dca-97cc-4e3f-b649-2d7bb2c7172f,837e86d6-314c-4eb1-ac4f-cb5f44caa0cf,price_book,63324b5d-dd60-4d48-ab7f-b825f521d728,,175000.0000,IDR,0b9e6f12-8d3e-4c1d-aa27-aa49f5022ab8,2026-07-31T16:08:38.462Z
2cb99f4f-0ac2-45fc-929a-4c7ca0f498ba,896117e1-0b41-412a-987f-4376ae58250f,productivity,63324b5d-dd60-4d48-ab7f-b825f521d728,2fdefe59-e92c-4f6d-b420-4402911eb425,0.4200,IDR,,2026-07-31T16:08:39.368Z
34c4f40d-8e26-4b3c-a0e2-0da4def274ce,fa37751f-3122-444f-945a-6aeeed87bf4b,productivity,29778783-3973-48ac-aefb-ad19d29dd19e,86e53ae1-872c-4110-90f0-0394b0529c1e,0.4200,IDR,,2026-07-31T16:17:15.628Z
d7e8797f-6df7-42f6-8aa6-a9d840944d8e,4b02a380-e6d0-42d5-9cea-e37336dfd1c6,productivity,29778783-3973-48ac-aefb-ad19d29dd19e,86e53ae1-872c-4110-90f0-0394b0529c1e,0.4200,IDR,240090f2-91ba-401a-a3a2-408b6a4bda6b,2026-07-31T16:17:16.382Z
f4424779-f6da-4d11-be00-0910635d2e72,05f5e31f-819e-4adf-b4c9-a7abaaa2ec4a,productivity,29778783-3973-48ac-aefb-ad19d29dd19e,f36ed82a-073f-4e93-9965-5d00d0517d0e,0.4200,IDR,b09c845e-78c5-46c3-a571-1199b627ff9f,2026-07-31T16:17:17.378Z
415c369e-27a8-41bf-8380-62cf5348d019,6fddd726-a345-4088-a2ca-850c51a762ac,price_book,29778783-3973-48ac-aefb-ad19d29dd19e,,175000.0000,IDR,69a10cfd-72ee-4e92-8792-d0711aca17ee,2026-07-31T16:17:18.263Z
f3c25e5b-b903-4123-a56d-7c22ca94e470,876609a2-edfe-4370-80c6-fff7bc61f675,productivity,29778783-3973-48ac-aefb-ad19d29dd19e,86e53ae1-872c-4110-90f0-0394b0529c1e,0.4200,IDR,,2026-07-31T16:17:19.156Z
8f3cb884-ec87-4f9e-b599-e634a2453284,7d5b2ca6-1bc5-4eb9-918f-4d977443d82a,productivity,bfcde994-d758-4ee7-b606-450616970110,a56b432c-0a2d-483e-9e2e-8c641162376d,0.4200,IDR,,2026-07-31T16:20:34.081Z
8fce1df6-46e8-47f8-8ab5-a6644016fafd,5f03eaf5-7ba4-40e4-ab49-a6bd63bbc965,productivity,bfcde994-d758-4ee7-b606-450616970110,a56b432c-0a2d-483e-9e2e-8c641162376d,0.4200,IDR,6269c77c-3f9b-4f3c-a97b-5ade5877eb16,2026-07-31T16:20:34.840Z
2afcd28a-2adc-47c3-b2c1-fa3cbb2e0b8f,18898703-f7ed-4cfd-a481-d74a631106c0,productivity,bfcde994-d758-4ee7-b606-450616970110,cc3b0c76-9880-4d11-8bd5-aeb945f2f6c9,0.4200,IDR,ba9ae705-4d02-413d-bacf-a064cba1f022,2026-07-31T16:20:35.913Z
de1c9593-e8c3-4b10-92e3-b493ed2edb61,ad7411d4-7bc7-4868-93fc-a94ec4faf2d0,price_book,bfcde994-d758-4ee7-b606-450616970110,,175000.0000,IDR,3286a3c0-c749-4069-96fe-a4507ceb94ca,2026-07-31T16:20:36.734Z
ba89ad3c-31e3-4b0f-85a2-6aeea80b400f,3a915fb3-67cc-4f4c-a788-d9931e22b65d,productivity,bfcde994-d758-4ee7-b606-450616970110,a56b432c-0a2d-483e-9e2e-8c641162376d,0.4200,IDR,,2026-07-31T16:20:37.600Z
a4749eab-052f-4b31-91b8-72c7cc0225b4,fecd9a70-2969-40f2-9914-35cfc07eda28,productivity,4f72aa8c-14a0-4b2e-ab8f-9dfc5a1d6ebf,fdc145a8-69e2-42fd-94b9-bb6bf524a9a1,0.4200,IDR,,2026-07-31T16:23:37.450Z
d5c7df73-ba40-4d89-90f5-b59dee1f260d,f952c964-fb6d-4ff0-ade7-fff6401d1446,productivity,4f72aa8c-14a0-4b2e-ab8f-9dfc5a1d6ebf,fdc145a8-69e2-42fd-94b9-bb6bf524a9a1,0.4200,IDR,6142be96-38ee-4bf7-b634-5db34c6bbbc6,2026-07-31T16:23:38.159Z
cf293762-3c6b-4de9-83d8-d25968ebe964,9dfe4c28-d503-4d5a-9ccd-6c08b3f83324,productivity,4f72aa8c-14a0-4b2e-ab8f-9dfc5a1d6ebf,c73dfcc3-79be-4075-a440-eb64a703bfcc,0.4200,IDR,6a269382-31ad-4186-98e9-fe7630282c6f,2026-07-31T16:23:39.085Z
60df192d-f84d-4e51-bca9-159ace2e0bdd,a4ce90fc-d72a-4111-bd35-7d3547503140,price_book,4f72aa8c-14a0-4b2e-ab8f-9dfc5a1d6ebf,,175000.0000,IDR,492cbac4-9146-4fbe-96e2-c10357ea750b,2026-07-31T16:23:39.873Z
c3d543ce-4f3d-47be-bc09-ccb06c03c048,93ab9b5d-305a-46c5-8d0b-eddc3adc5620,productivity,4f72aa8c-14a0-4b2e-ab8f-9dfc5a1d6ebf,fdc145a8-69e2-42fd-94b9-bb6bf524a9a1,0.4200,IDR,,2026-07-31T16:23:40.662Z
ea3bb02d-782c-41cb-b8ed-985b29b8f7be,84002756-1895-42b2-8a03-57194e6f26e5,productivity,1ad8b428-d4ea-451c-82b1-8a8dbe4a0711,8eac1c6c-aaeb-42b5-87c0-51311c898918,0.4200,IDR,,2026-07-31T16:26:43.579Z
0e246f6d-5bea-42e7-9b7e-b752bc39d604,e94b2c53-2a8b-450f-9135-4d51a537d24f,productivity,1ad8b428-d4ea-451c-82b1-8a8dbe4a0711,8eac1c6c-aaeb-42b5-87c0-51311c898918,0.4200,IDR,71d154c0-e689-44e2-8a46-43112def52dc,2026-07-31T16:26:44.316Z
28711ff5-fe42-4638-a2b5-cb015132b925,f8e4551f-7156-4e2e-94ef-0423b8a60a73,productivity,1ad8b428-d4ea-451c-82b1-8a8dbe4a0711,d343ebf7-dbd5-46e2-96a0-6e3b76531fcc,0.4200,IDR,108e0a44-67ea-437e-8ab8-60bbc7708550,2026-07-31T16:26:45.304Z
1a9822d6-eeae-4e46-9cd9-1c2e88559c04,70ee4aa3-c75e-4785-8d85-c8cdee730deb,price_book,1ad8b428-d4ea-451c-82b1-8a8dbe4a0711,,175000.0000,IDR,007bd67f-fe7b-4f19-b5a3-38c769c1559a,2026-07-31T16:26:46.151Z
5e105e24-6683-4b99-b19b-ec24e77c4fb0,0aecf4b1-064d-4e5d-8600-459526040d0e,productivity,1ad8b428-d4ea-451c-82b1-8a8dbe4a0711,8eac1c6c-aaeb-42b5-87c0-51311c898918,0.4200,IDR,,2026-07-31T16:26:46.999Z
14c1ce10-6eb9-44c9-bc4a-97b0dca20d8f,c347bdca-3909-4cf3-9dcc-b3b13963f153,productivity,6bb2bbbb-456c-475b-8b74-9979165e83db,8bb19759-a674-4b9c-813b-2de6a1387bda,0.4200,IDR,,2026-07-31T16:39:32.714Z
bcd3d509-012e-4a16-9d93-892913820c12,a685045f-0fa0-4bf7-8b8f-75f5910a0f4d,productivity,6bb2bbbb-456c-475b-8b74-9979165e83db,8bb19759-a674-4b9c-813b-2de6a1387bda,0.4200,IDR,accb8e47-d710-45e3-8c50-f7357ee3e873,2026-07-31T16:39:33.434Z
28102bfb-4206-4749-b589-9bfaeb234dbd,66a5e20b-fbe0-4991-a971-2e7b3c52015d,productivity,6bb2bbbb-456c-475b-8b74-9979165e83db,ea4c18bb-9164-47c3-85f0-85660f348814,0.4200,IDR,e6bfade6-fcae-4c06-aef6-3fa72f8415bc,2026-07-31T16:39:34.372Z
d28e866c-b98c-462f-8b10-e5b624b1f4e0,ad47e62c-a90e-4ebf-acaa-5c1848b8e6ee,price_book,6bb2bbbb-456c-475b-8b74-9979165e83db,,175000.0000,IDR,28118805-a631-476f-9ee1-cea6cdec34b1,2026-07-31T16:39:35.173Z
7c5791ca-c017-47d9-8e88-f5eb87f7a622,fb547021-fdf0-4c7b-a606-960676672bbb,productivity,6bb2bbbb-456c-475b-8b74-9979165e83db,8bb19759-a674-4b9c-813b-2de6a1387bda,0.4200,IDR,,2026-07-31T16:39:35.974Z
9b7e83d6-c0e2-48a5-920e-237121306210,cfef0da6-07d9-41d2-91a3-81af241aff9e,productivity,4619f86f-7066-4f5b-9ac2-6eec775f8b73,51e96d32-c494-4f9f-a016-0684444bf03e,0.4200,IDR,,2026-07-31T16:48:12.007Z
b91ccaad-71cc-4665-8e08-2676b53998c6,4dda0415-65dd-4fca-ac77-0507d88b4a8c,productivity,4619f86f-7066-4f5b-9ac2-6eec775f8b73,51e96d32-c494-4f9f-a016-0684444bf03e,0.4200,IDR,4d27b4c0-a549-4279-9c09-0f3fb558777e,2026-07-31T16:48:12.677Z
1d12e89c-ac9d-435a-aa0c-1552d9bafd04,81ee2cdf-b9ea-4d95-81b6-f7731b17410a,productivity,4619f86f-7066-4f5b-9ac2-6eec775f8b73,26dbe27a-9907-407a-9188-0ab691309b26,0.4200,IDR,57e03f5c-d0be-42d1-9ee8-9a3abb7475da,2026-07-31T16:48:13.564Z
ecd77c2c-27b4-4aa7-bf7b-c7972bbd7bb4,c659a8ba-2292-475a-805f-fff8f8788418,price_book,4619f86f-7066-4f5b-9ac2-6eec775f8b73,,175000.0000,IDR,796a4f07-f3e7-4220-86c2-4d471f62b3c8,2026-07-31T16:48:14.353Z
98e66eb4-8f10-443b-80e5-66b07a3a8744,39794ce5-02a9-49bc-9933-be38bf9ef537,productivity,4619f86f-7066-4f5b-9ac2-6eec775f8b73,51e96d32-c494-4f9f-a016-0684444bf03e,0.4200,IDR,,2026-07-31T16:48:15.180Z
b75c8fcf-7c49-41fa-8745-9949c5080440,9b81d6f3-68e0-49f5-a995-88e9cd6439a6,productivity,14d356fd-888b-4cb2-ae11-8e104cfbaf3d,4c29b165-722b-4004-b19d-0a09270748cd,0.4200,IDR,,2026-07-31T16:53:14.027Z
9e9d88b9-59f1-475c-9b1d-c74338ed177d,ebbfc592-38d2-4508-b284-83cdd46a0afd,productivity,14d356fd-888b-4cb2-ae11-8e104cfbaf3d,4c29b165-722b-4004-b19d-0a09270748cd,0.4200,IDR,5c549170-e91e-423b-a5de-d45e4c720ef3,2026-07-31T16:53:14.674Z
5c4ecc98-ea85-454b-b2a7-cb245edb9267,826957a3-1a3a-4700-bd2c-36b36962e261,productivity,14d356fd-888b-4cb2-ae11-8e104cfbaf3d,0083042d-adf2-447f-b890-9ebaf4984342,0.4200,IDR,94b28d06-d351-4e7f-9961-fb332f2c9598,2026-07-31T16:53:15.577Z
c3888c77-1230-4927-bd64-b93fbf44c3e8,019ce71e-7716-4532-8024-349732eaf606,price_book,14d356fd-888b-4cb2-ae11-8e104cfbaf3d,,175000.0000,IDR,6fe09ad0-90e1-4086-ab75-1b54d509b285,2026-07-31T16:53:16.364Z
e9fe3e9c-fd79-485d-9ee6-01595aa72c81,1a0eda76-5a0f-42e3-8c6c-ab57e1a7225c,productivity,14d356fd-888b-4cb2-ae11-8e104cfbaf3d,4c29b165-722b-4004-b19d-0a09270748cd,0.4200,IDR,,2026-07-31T16:53:17.157Z
f8702956-50fa-49bf-a7af-ce283e45ae47,c18cbce9-72d6-4da9-81dc-bedc774a945b,productivity,6671eba4-4948-4f52-9121-d9aad900a0cc,8e96660c-0efc-4fa9-930e-d4ccf57b119f,0.4200,IDR,,2026-07-31T17:07:07.538Z
42fb6fa3-4332-4102-a849-8630bf99584d,d62862b6-d979-4d16-9f32-9a0d36956ad6,productivity,6671eba4-4948-4f52-9121-d9aad900a0cc,8e96660c-0efc-4fa9-930e-d4ccf57b119f,0.4200,IDR,ead4526e-0851-4b22-9d2b-5b6ff46603f1,2026-07-31T17:07:08.299Z
09b731a2-6eaf-4b6a-97ff-54a6cf2f29fa,a9efbebd-18c2-42a9-b398-42eeac21bac5,productivity,6671eba4-4948-4f52-9121-d9aad900a0cc,8032db95-40e8-460a-ae5f-ea1b857a5782,0.4200,IDR,1d7ba3ef-4505-46e4-81c7-611291f4bf0c,2026-07-31T17:07:09.329Z
303c66fa-d7ac-483c-8960-fdf5f48d0823,243ee7a5-7381-44a2-99c3-d11388635f10,price_book,6671eba4-4948-4f52-9121-d9aad900a0cc,,175000.0000,IDR,107d128a-244b-4e74-94d2-d48ec03d01e5,2026-07-31T17:07:10.252Z
331832e0-ad94-486b-8fc8-200320cdb822,9e6b45e7-0eca-49f6-be69-139ba52310ea,productivity,6671eba4-4948-4f52-9121-d9aad900a0cc,8e96660c-0efc-4fa9-930e-d4ccf57b119f,0.4200,IDR,,2026-07-31T17:07:11.175Z
cb285391-8baa-4f55-8378-1c069bb40d94,61b42542-99f3-449d-a967-3f8c824ce810,productivity,6875dbc0-3fae-4c89-97ac-911d98c107ec,f4e43461-215a-4aee-b633-6fd61e7ae163,0.4200,IDR,,2026-07-31T17:10:02.090Z
f8f24f3d-09ca-4042-a284-ea104e9b5795,f87f5d3b-d88b-4711-a6c0-59dee0ccc6fa,productivity,6875dbc0-3fae-4c89-97ac-911d98c107ec,f4e43461-215a-4aee-b633-6fd61e7ae163,0.4200,IDR,6aa6f951-f1ec-4389-8cf6-e6fa947ad707,2026-07-31T17:10:02.829Z
d54cb28e-acc1-4f66-ad99-51388cc2976c,db4b7bd1-57e2-4e6c-a16b-87d85a360b7d,productivity,6875dbc0-3fae-4c89-97ac-911d98c107ec,345daf06-7e08-4e3c-9384-2c2f5ee29579,0.4200,IDR,ac654cbb-d88c-4b0c-9d63-e5ea07719aab,2026-07-31T17:10:03.799Z
a1157cee-b9b3-423d-b2eb-b8d8500a6cfb,4bff1396-3d10-4b5d-91f7-62853152e4d7,price_book,6875dbc0-3fae-4c89-97ac-911d98c107ec,,175000.0000,IDR,32f9fd2c-4848-4421-8b59-c43ee36dcef9,2026-07-31T17:10:04.597Z
ce561805-fe49-4c04-b18d-9715bf80b259,5af8474d-0d91-4160-b13f-2cb82ed99ffa,productivity,6875dbc0-3fae-4c89-97ac-911d98c107ec,f4e43461-215a-4aee-b633-6fd61e7ae163,0.4200,IDR,,2026-07-31T17:10:05.499Z
4815bfca-c668-4e45-8385-bc29fe37dad2,2d9cfae8-2ec8-4989-b64c-fb80a0e8ba60,productivity,14c6ae82-9d0e-42e2-8ea7-3b551f61471b,9297be5f-a7e6-4585-83f1-a722400067d2,0.4200,IDR,,2026-07-31T17:14:08.994Z
adc75e8a-91e5-463f-8c69-038f9bad604e,61c11e2b-6e0e-4836-a435-b13bac838fde,productivity,14c6ae82-9d0e-42e2-8ea7-3b551f61471b,9297be5f-a7e6-4585-83f1-a722400067d2,0.4200,IDR,ee781ac1-4862-4a0d-8d1d-d1dd1e6c1b05,2026-07-31T17:14:09.960Z
e393667d-7dbe-4b89-9ab6-63f6dd2e1703,6c1093bd-904f-447d-b32c-2d610f46c214,productivity,14c6ae82-9d0e-42e2-8ea7-3b551f61471b,4d3196b3-dd70-4fb6-b613-50e29fa36ad4,0.4200,IDR,467dd852-3ce6-4a04-b4e0-187236d45da9,2026-07-31T17:14:10.891Z
ba27e8bb-4e89-42d6-842e-f3a1f2805c31,d8acea3c-6202-4332-a69f-06d015b38ea2,price_book,14c6ae82-9d0e-42e2-8ea7-3b551f61471b,,175000.0000,IDR,b54f5910-06f8-4720-bbf7-ea0680d6534f,2026-07-31T17:14:11.745Z
09279906-32a0-4e74-b90d-ffd3a68a6271,7677bb23-a1e8-497d-a269-dac107c56716,productivity,14c6ae82-9d0e-42e2-8ea7-3b551f61471b,9297be5f-a7e6-4585-83f1-a722400067d2,0.4200,IDR,,2026-07-31T17:14:12.551Z
813b809d-60eb-4881-bb7f-c4eff40952db,9b1eeb4a-12bb-4125-84e1-48a9f813c565,productivity,fe1a61ca-5301-4211-9494-c10df335bc32,bebff5bd-1b0d-4380-a44f-59f6cc646682,0.4200,IDR,,2026-07-31T17:28:40.602Z
0261a19a-67ec-48fb-a585-74d22e38b49b,8c7ffad3-98f5-477c-bc33-4aa8efbae817,productivity,fe1a61ca-5301-4211-9494-c10df335bc32,bebff5bd-1b0d-4380-a44f-59f6cc646682,0.4200,IDR,c364481d-f9d8-4953-bc32-27d4156aaf87,2026-07-31T17:28:41.678Z
ba80a107-a274-43f6-9f55-4fc1ba343e64,b9bdf94b-e1b9-4fa0-97a8-ab4a108ecadd,productivity,fe1a61ca-5301-4211-9494-c10df335bc32,65b70f02-6489-4652-959e-6fabf85c06df,0.4200,IDR,b97fa1cc-d8e8-4c51-9776-ae7bc250c1d2,2026-07-31T17:28:44.522Z
eb6e8545-7f43-4fe3-b177-2f1386f6b363,7e998cb4-390e-4c3d-8064-e91ac7793915,price_book,fe1a61ca-5301-4211-9494-c10df335bc32,,175000.0000,IDR,ea0a26d1-5bcc-4f1c-adb5-8c9f9b8efe47,2026-07-31T17:28:45.350Z
88ff2915-b935-422d-8c23-61fe87140ad9,71fc28bc-ef5e-4a6d-a880-854967f0f220,productivity,fe1a61ca-5301-4211-9494-c10df335bc32,bebff5bd-1b0d-4380-a44f-59f6cc646682,0.4200,IDR,,2026-07-31T17:28:46.181Z
2f1b7265-0cec-4eac-9026-282c596625cb,83cb91a1-31cf-42dd-8759-2d344c356d90,productivity,a4a79e07-9a97-4b40-9bf6-c6fa49a26868,e754353d-bbdd-471e-ac17-7743230735a9,0.4200,IDR,,2026-07-31T17:40:59.845Z
33942c8c-952c-4107-b140-26fd0ca8da66,1dd0b729-3dd0-442b-b668-c864a144ed89,productivity,a4a79e07-9a97-4b40-9bf6-c6fa49a26868,e754353d-bbdd-471e-ac17-7743230735a9,0.4200,IDR,a5085a90-bb78-4bfe-b3da-434a551dba25,2026-07-31T17:41:00.640Z
250ef32f-229b-4b90-b695-f540ca2ec14c,15d3e125-864d-4b25-9fd0-c651136f8ff8,productivity,a4a79e07-9a97-4b40-9bf6-c6fa49a26868,eb132d46-9e1c-48a8-a890-7d64193dfdb3,0.4200,IDR,129dfb54-457d-48fe-9bb7-f56c26636ef8,2026-07-31T17:41:01.642Z
80c58af5-4e94-4ccb-acb6-7f4899d0f216,a3ce2ef0-dec6-47c0-ae6b-a3f64d7fb18a,price_book,a4a79e07-9a97-4b40-9bf6-c6fa49a26868,,175000.0000,IDR,8a99f071-02bf-4553-abea-1e960e488d3e,2026-07-31T17:41:02.463Z
bd513a77-e11d-4c52-ae47-23c7c1ef9325,9cfd26ab-e95a-4b22-949f-8f28f9922e78,productivity,a4a79e07-9a97-4b40-9bf6-c6fa49a26868,e754353d-bbdd-471e-ac17-7743230735a9,0.4200,IDR,,2026-07-31T17:41:03.348Z
666f895f-5971-4955-920e-a7b3cc6500ee,d4585ed0-b906-4aa6-88f4-6b85541ae7c2,productivity,cd7ccd72-f98c-4964-93ab-96338ecc8304,507e1a19-94ca-48a3-8818-31f292b1c54c,0.4200,IDR,,2026-07-31T17:47:58.567Z
0eda49ee-646e-42df-887d-7b4eb68ecf22,7ab7dae4-f10b-40a2-b55b-a6971653909d,productivity,cd7ccd72-f98c-4964-93ab-96338ecc8304,507e1a19-94ca-48a3-8818-31f292b1c54c,0.4200,IDR,e0ee82fb-3d02-4979-bcc4-e566b4e7e28b,2026-07-31T17:47:59.746Z
6b925bdc-eabd-4a06-b8f8-308125375e9b,fcea501f-a28a-4dd8-908c-661457f07b2b,productivity,cd7ccd72-f98c-4964-93ab-96338ecc8304,e2b531e7-e053-40b5-91a6-e1dbe5f8f3dc,0.4200,IDR,3ebd32b7-1f44-4352-9c33-8689fe2570d7,2026-07-31T17:48:00.845Z
816c16ad-9ba3-4789-84e6-086b2205fd59,3ad9d879-b2c2-4827-9a01-bbd150584dd6,price_book,cd7ccd72-f98c-4964-93ab-96338ecc8304,,175000.0000,IDR,22cd3071-bc23-4639-a5f8-f56a0060ad93,2026-07-31T17:48:01.736Z
3c06d9e3-e48c-4268-bc59-7c6b181e4c49,b73e7025-5e73-4572-900e-196bd85337fd,productivity,cd7ccd72-f98c-4964-93ab-96338ecc8304,507e1a19-94ca-48a3-8818-31f292b1c54c,0.4200,IDR,,2026-07-31T17:48:02.639Z
c664a2b9-d115-497e-8c21-2baa32c7d1b8,e157a8bd-37ef-460d-9ca8-f6570be5d2bc,productivity,e39e82f8-9259-4426-9c63-db0ecc85351f,04998ea6-24ba-4f83-89fb-48d974ad8835,0.4200,IDR,,2026-07-31T17:50:54.036Z
7e1e2a0c-0d4c-4006-833b-10bc7c4dd4d8,0c6dbf40-10b5-45a7-bafd-347356cdc411,productivity,e39e82f8-9259-4426-9c63-db0ecc85351f,04998ea6-24ba-4f83-89fb-48d974ad8835,0.4200,IDR,1cfa8062-8ff6-4f74-ae84-ce485b6bded8,2026-07-31T17:50:54.739Z
5104e8bd-289d-4a53-a2c5-9c9d366a12d4,8d4eceee-b29c-49f4-b240-371263cb7842,productivity,e39e82f8-9259-4426-9c63-db0ecc85351f,9c022558-5aeb-4719-b6c5-6b127bd426cc,0.4200,IDR,4a44ef45-e251-4b74-84b3-9209ddcc805e,2026-07-31T17:50:55.800Z
2c5d2433-8079-451d-ba19-fff9a0e7309f,09ca40e3-e90e-4efe-9fc3-7798c51fbeb1,price_book,e39e82f8-9259-4426-9c63-db0ecc85351f,,175000.0000,IDR,98e6026c-b9de-4c86-9d0d-6cc6da89c912,2026-07-31T17:50:56.592Z
7ac92659-b76e-454a-ba2b-a8a68d65d0aa,a3e89e04-22de-442a-abe6-52dcb9622f63,productivity,e39e82f8-9259-4426-9c63-db0ecc85351f,04998ea6-24ba-4f83-89fb-48d974ad8835,0.4200,IDR,,2026-07-31T17:50:57.331Z
a259451f-8743-4d11-b6fa-55d7a01364bb,12e03d8e-8b88-4722-9918-cf0bd82d5954,productivity,093b432a-af63-4eda-9be3-96cdafe63e36,7361be4d-398a-4109-9a94-b546ff92ebb1,0.4200,IDR,,2026-08-01T04:26:22.056Z
aa689ef1-5c5c-4406-a07a-2a1a096de507,5da4b0ed-9390-41bc-9331-aa77bf52ba34,productivity,093b432a-af63-4eda-9be3-96cdafe63e36,7361be4d-398a-4109-9a94-b546ff92ebb1,0.4200,IDR,72dac361-e13d-47f6-9d5b-c256d04ac870,2026-08-01T04:26:22.672Z
25ca60ed-fb96-4a55-9efc-380d1b168e6e,e4ff7116-c214-4e57-98e1-75dce9fc0816,productivity,093b432a-af63-4eda-9be3-96cdafe63e36,92b5fdb2-d6c9-45d1-9272-a01b46d852d4,0.4200,IDR,fa82d0be-ce9f-449d-a67f-591d12705014,2026-08-01T04:26:23.572Z
cf586787-0779-40b8-819d-32e2d7cc4943,f487dd9a-0952-46d4-b048-0a6adfdcf6cf,price_book,093b432a-af63-4eda-9be3-96cdafe63e36,,175000.0000,IDR,9ce4888a-1874-4420-bb83-e4081560e53b,2026-08-01T04:26:24.272Z
4ac7e884-ad22-4e7e-aa3d-f48ac3c297fc,cc8da032-d198-4912-971e-8206fd7b297f,productivity,093b432a-af63-4eda-9be3-96cdafe63e36,7361be4d-398a-4109-9a94-b546ff92ebb1,0.4200,IDR,,2026-08-01T04:26:24.993Z
3702fd32-95fe-41de-b60b-5cfbca559982,672ab4ac-d76b-46da-add5-ba92fe81c583,productivity,c9aa5b38-f3de-43fa-9c4a-7b6030b7186d,7a002dff-32b7-4a1e-92b7-365e899890cd,0.4200,IDR,,2026-08-01T04:34:31.444Z
10a2dc68-c5d7-4c56-bd4e-b262d5f1e643,ec71f055-bc0a-490a-8113-b3b25b59c619,productivity,c9aa5b38-f3de-43fa-9c4a-7b6030b7186d,7a002dff-32b7-4a1e-92b7-365e899890cd,0.4200,IDR,48cedab0-e0a1-427c-849a-45f6578248b8,2026-08-01T04:34:32.088Z
a80afcd6-e9e6-43b9-842a-ddb51446ec90,51fe1fa4-1e17-44dd-b2f1-dda3062a0941,productivity,c9aa5b38-f3de-43fa-9c4a-7b6030b7186d,fea0aafb-6607-47d6-a4a8-b5014ef4abde,0.4200,IDR,95dfe497-4afc-42d1-9d26-fe17fe50de78,2026-08-01T04:34:32.980Z
8a469bea-f6d3-4fcf-a5c5-6c1e25959789,489b3988-48da-42d9-93bf-131e4dc57748,price_book,c9aa5b38-f3de-43fa-9c4a-7b6030b7186d,,175000.0000,IDR,0ed7c7b3-a4de-4ae1-916f-db413a8c32f7,2026-08-01T04:34:33.783Z
6e72be62-540a-417b-bc14-d988f95db534,48fe5704-5124-4c63-8a30-6f4cd3bca915,productivity,c9aa5b38-f3de-43fa-9c4a-7b6030b7186d,7a002dff-32b7-4a1e-92b7-365e899890cd,0.4200,IDR,,2026-08-01T04:34:34.536Z
c51379db-2ed4-4dcb-8cbf-078c9ce49425,01a0cf47-ad6f-4778-8345-25c5fe35131b,productivity,6c7a887a-b4c7-4dc4-b94f-890f1025b5e2,ba68dd53-b8f2-4faf-a676-cbb34cad7dfc,0.4200,IDR,,2026-08-01T05:29:57.935Z
02ade1fa-bf3e-4318-b4df-adda49c9e797,66a03cf9-fec8-4c3c-b897-7a3d8da2d0f1,productivity,6c7a887a-b4c7-4dc4-b94f-890f1025b5e2,ba68dd53-b8f2-4faf-a676-cbb34cad7dfc,0.4200,IDR,6d20e272-c906-4175-8da9-f2362dc2f977,2026-08-01T05:29:58.773Z
976ad9c2-7c60-4c27-aa3e-7906e3d38a6b,31567950-0b58-41ba-af82-1ba13c4917d6,productivity,6c7a887a-b4c7-4dc4-b94f-890f1025b5e2,246674e5-a6a0-488f-953e-86c9b17e6bb3,0.4200,IDR,eab50792-e9d8-4fa4-ab30-65bcc69b4521,2026-08-01T05:29:59.779Z
b1d71fa8-18c7-42f3-901a-b3afb3799301,99411a9a-e9d9-4744-9389-acbeccfd7539,price_book,6c7a887a-b4c7-4dc4-b94f-890f1025b5e2,,175000.0000,IDR,31ba66f7-549a-41eb-8bec-6f5e9ffd123a,2026-08-01T05:30:00.795Z
617b7f91-6a1a-472c-9b43-42cbbeee2dcb,6c2be572-358c-40fa-a928-eb1f820ea843,productivity,6c7a887a-b4c7-4dc4-b94f-890f1025b5e2,ba68dd53-b8f2-4faf-a676-cbb34cad7dfc,0.4200,IDR,,2026-08-01T05:30:01.833Z
32026c0c-4874-4043-992c-3da835571b77,141d15ad-c7d4-4679-94f0-561479478300,productivity,aabdaed9-f2a9-42ad-9102-73461257cfa8,73dffdf9-8d4b-4f71-bae7-ee0653d5145e,0.4200,IDR,,2026-08-01T05:41:20.970Z
3d156d0a-3c9c-4d07-b89d-4435d4a7584c,4c85fcb8-8977-4f26-bd30-9453403e25e9,productivity,aabdaed9-f2a9-42ad-9102-73461257cfa8,73dffdf9-8d4b-4f71-bae7-ee0653d5145e,0.4200,IDR,38ea89b7-69ff-46a8-914d-8e1a846cd56a,2026-08-01T05:41:21.704Z
7d83131f-7455-4b97-8cfa-fd3b6ff06fb5,8890578b-f3e7-4531-8667-9d3cb6208132,productivity,aabdaed9-f2a9-42ad-9102-73461257cfa8,8214bdad-f1d5-4f6a-ac9d-b0964b682ab9,0.4200,IDR,cbf035f9-94a5-4bb0-8d3b-dc4753733da0,2026-08-01T05:41:22.600Z
c353e5c7-19fc-4ade-9bd3-0646eb6b6c85,20b7ec09-4eaa-4aa0-a941-6b6e964708cd,price_book,aabdaed9-f2a9-42ad-9102-73461257cfa8,,175000.0000,IDR,abc2bfe0-9d0f-43c4-a211-64574590d539,2026-08-01T05:41:23.637Z
e10a90e1-dc46-452c-899a-332faa4a3e8b,1d2a919e-4451-49d3-bc67-a9e28cf506cd,productivity,aabdaed9-f2a9-42ad-9102-73461257cfa8,73dffdf9-8d4b-4f71-bae7-ee0653d5145e,0.4200,IDR,,2026-08-01T05:41:24.429Z
de3c1a34-9d94-4e7f-a1ba-524a7ba59766,26e9ac7b-efe9-4085-9b95-2856bba9a263,productivity,2cad655b-8721-48d4-970b-3f76db685742,4e42e3eb-f93a-4abd-ab59-7d09aa6f7e17,0.4200,IDR,,2026-08-01T05:44:36.019Z
a0ae7de7-03c3-45d5-8e83-829aa98efd6d,82ebb784-b9e6-4ec2-af25-000fcf98177b,productivity,2cad655b-8721-48d4-970b-3f76db685742,4e42e3eb-f93a-4abd-ab59-7d09aa6f7e17,0.4200,IDR,85ac1f80-ece7-4f55-b3e3-9991b653b9ac,2026-08-01T05:44:36.752Z
697086b7-0acb-429d-a5cd-6d88a665b546,0fb30e0e-8bff-4d94-bb8b-0f35bb288d65,productivity,2cad655b-8721-48d4-970b-3f76db685742,d189a433-50ed-4c2f-97a6-f9769162def5,0.4200,IDR,9eb13a9d-14ef-4d1a-b919-ceab02835cd4,2026-08-01T05:44:37.777Z
da260002-2b83-4522-a6a9-568750d16fec,d96c3c1c-7dee-43e3-9465-caea95f3e542,price_book,2cad655b-8721-48d4-970b-3f76db685742,,175000.0000,IDR,33e90890-12f9-402d-8062-dfe22d7ebdee,2026-08-01T05:44:38.639Z
d03b95e8-2098-46fc-a333-3d8a8a359996,6619081f-eef2-4a42-a0cb-82593539c29b,productivity,2cad655b-8721-48d4-970b-3f76db685742,4e42e3eb-f93a-4abd-ab59-7d09aa6f7e17,0.4200,IDR,,2026-08-01T05:44:39.512Z
4998eca6-5d29-4f7d-8599-62e6e71bbd83,a445f1f4-d572-4fcc-bf92-3b89ce028292,productivity,6282d093-2668-418a-9fd8-9b94e757fce0,11375bab-0cd7-448c-b56b-441463db8110,0.4200,IDR,,2026-08-01T05:48:00.444Z
86d22023-0ded-4bf6-91fb-97d0b58d63a0,8113b237-6209-4793-b526-684d9c4e3ccb,productivity,6282d093-2668-418a-9fd8-9b94e757fce0,11375bab-0cd7-448c-b56b-441463db8110,0.4200,IDR,5b3cfba3-a5d5-423f-a5d9-f1595c408e9b,2026-08-01T05:48:01.092Z
6eb533a8-dea4-4dd3-8130-5e7d5a5f3149,8a9def5a-94a7-4b04-8ea8-3f7c01b0430a,productivity,6282d093-2668-418a-9fd8-9b94e757fce0,24fe3a75-82ff-4bed-b2b6-a4edfba89bca,0.4200,IDR,dce50f07-cbaa-443e-b439-31f907ae2368,2026-08-01T05:48:01.984Z
0383e7ae-84b2-4a72-83af-2e32e631e73c,92d90faf-c3af-469c-a382-b7047cfe60ae,price_book,6282d093-2668-418a-9fd8-9b94e757fce0,,175000.0000,IDR,bf0ad282-bb6a-4704-9291-fee0a9ce2777,2026-08-01T05:48:02.752Z
18128f46-42e6-4117-9753-3671cabe37a2,cb8b6dde-b200-4e79-beb1-aef77ff86075,productivity,6282d093-2668-418a-9fd8-9b94e757fce0,11375bab-0cd7-448c-b56b-441463db8110,0.4200,IDR,,2026-08-01T05:48:03.532Z
8e189c1c-856b-4ba7-8452-5ae7a4778d86,17bb961f-c2dd-4597-a4e5-80860eeb2e85,productivity,a14023f5-d156-4138-b358-cdd31d70b2a0,da649f84-a74e-4974-8229-f5dfd6d0f54d,0.4200,IDR,,2026-08-01T05:50:35.992Z
b8f4500c-6d99-48dc-b4a0-0731d628aca2,aedcbdbc-0c02-444c-b492-f4069c6d9804,productivity,a14023f5-d156-4138-b358-cdd31d70b2a0,da649f84-a74e-4974-8229-f5dfd6d0f54d,0.4200,IDR,6988e43e-27e8-4fb7-8b37-8d71060948a2,2026-08-01T05:50:36.753Z
59fd15b3-1de4-4e9c-b0c2-dd97882b56b8,c83cadbb-ab25-4ec3-9967-ff135e1f65a8,productivity,a14023f5-d156-4138-b358-cdd31d70b2a0,9c6ad820-d23d-4a6e-86b4-b15040593cc0,0.4200,IDR,d83dcb8f-6a04-4819-99c9-7fef0cc32a84,2026-08-01T05:50:37.719Z
88095765-f54d-45c0-b859-901b38dc0d9b,70d72423-8b7b-4d06-8d0e-573b2075c75a,price_book,a14023f5-d156-4138-b358-cdd31d70b2a0,,175000.0000,IDR,96eeda4d-422e-4085-8f32-ef9eef0d841e,2026-08-01T05:50:38.530Z
044749cf-0492-4d75-820a-1fa9719093d5,1ec94095-2d0a-4e11-97ea-288d531c49db,productivity,a14023f5-d156-4138-b358-cdd31d70b2a0,da649f84-a74e-4974-8229-f5dfd6d0f54d,0.4200,IDR,,2026-08-01T05:50:39.323Z
395e74e1-e8c8-457e-ba38-87dd852bc103,28be8aea-902b-4513-bdfa-a9b1d0d19728,productivity,1230e033-0052-42ce-bb7f-3a82e65d91a3,3fc67617-1b58-41d8-8651-2a6449db1f80,0.4200,IDR,,2026-08-01T05:53:40.509Z
87155b62-5be7-4dd6-8d6f-cff91c91bb7c,b1b20247-9593-49a5-a354-083c8b352667,productivity,1230e033-0052-42ce-bb7f-3a82e65d91a3,3fc67617-1b58-41d8-8651-2a6449db1f80,0.4200,IDR,15b18846-581e-443b-9840-78382effb35c,2026-08-01T05:53:41.232Z
c7f2e435-2055-4a45-8d27-188520df95d2,cb03d410-e351-4f73-aad9-40624524edd5,productivity,1230e033-0052-42ce-bb7f-3a82e65d91a3,705d5b61-e588-434e-82e7-3aa95baf2037,0.4200,IDR,8f463e76-a1f2-42b9-8240-a325795165c8,2026-08-01T05:53:42.157Z
1d7123c2-5088-4503-91a1-8d9fbeeb29c4,068fc237-f893-4d53-b498-bf03fe53d01f,price_book,1230e033-0052-42ce-bb7f-3a82e65d91a3,,175000.0000,IDR,2103b932-0458-44b8-8aed-6b01c015c4b0,2026-08-01T05:53:42.950Z
915507a0-fd06-471b-8192-b6c8f5c6a833,45a77adc-a1e0-414b-b1bc-8d7f82e609fb,productivity,1230e033-0052-42ce-bb7f-3a82e65d91a3,3fc67617-1b58-41d8-8651-2a6449db1f80,0.4200,IDR,,2026-08-01T05:53:43.685Z
91c62e1d-986c-4cfd-893b-18e9d21265f4,c52a16d9-f1e9-4b39-8080-b6818b7b78ca,productivity,62df7dc4-8df9-4ea3-bf29-4c32f0ce5d57,221a21cb-fe24-4538-927e-676387668741,0.4200,IDR,,2026-08-01T06:07:02.845Z
d2db9eb5-c4e0-40cc-9d84-25c47bd79509,d5fd2f4f-0a0f-41e1-b997-9518ec76efba,productivity,62df7dc4-8df9-4ea3-bf29-4c32f0ce5d57,221a21cb-fe24-4538-927e-676387668741,0.4200,IDR,,2026-08-01T06:07:03.521Z
9cf806aa-68c3-486c-abee-e473804fd0cf,15f79b8d-11e9-4c02-a865-a523f99c629d,productivity,62df7dc4-8df9-4ea3-bf29-4c32f0ce5d57,b514467f-c51b-4023-b117-be8efb17814a,0.4200,IDR,,2026-08-01T06:07:04.056Z
b291f32e-8e26-4094-b18c-cbbdc370d1b1,452a1819-f815-42ec-949b-c7fa87e3bbd1,price_book,62df7dc4-8df9-4ea3-bf29-4c32f0ce5d57,,175000.0000,IDR,,2026-08-01T06:07:04.553Z
7e14fac9-633c-43a3-84f4-8491c0402414,7960f364-b130-4091-bfff-9fd4e494525f,productivity,62df7dc4-8df9-4ea3-bf29-4c32f0ce5d57,221a21cb-fe24-4538-927e-676387668741,0.4200,IDR,,2026-08-01T06:07:05.028Z
389c76db-4c20-4144-87ba-b316ebcc34fb,77c40a74-bc7f-48b8-8392-6f03650c6a30,productivity,4f53defa-a080-4198-9f40-10c95bb755c0,c5140ad4-9484-4c5a-900c-71b3502a9244,0.4200,IDR,,2026-08-01T06:09:41.644Z
92b80288-111a-4110-88e9-3579d5aee40c,ad682938-c78b-45bf-997f-ac44ec8044df,productivity,4f53defa-a080-4198-9f40-10c95bb755c0,c5140ad4-9484-4c5a-900c-71b3502a9244,0.4200,IDR,,2026-08-01T06:09:42.219Z
f2f01367-8870-4b75-9986-f4920dc25c12,9d75ce6a-e8a3-47dc-8f91-7284f1b4563e,productivity,4f53defa-a080-4198-9f40-10c95bb755c0,a0d5b63b-c677-4bde-983e-8e30cec2ce14,0.4200,IDR,,2026-08-01T06:09:42.667Z
89ad253d-d233-4396-aeed-bfc0b8b5300a,c601adb8-6d47-457e-b6d8-57ef91d67d52,price_book,4f53defa-a080-4198-9f40-10c95bb755c0,,175000.0000,IDR,,2026-08-01T06:09:43.095Z
e621a5a3-32b8-4680-9a17-e944c573c70f,578b8a03-4054-4f5f-a8bf-379d2f8e4965,productivity,4f53defa-a080-4198-9f40-10c95bb755c0,c5140ad4-9484-4c5a-900c-71b3502a9244,0.4200,IDR,,2026-08-01T06:09:43.507Z
17a76e9a-6e75-4863-951a-b049afdf8395,baabb7da-5a94-4269-bfa8-c5a166472a1c,productivity,15f38da6-4090-433c-9be6-3c36d0b799be,cf41cd26-ec66-40c9-9da9-0e128bbcc896,0.4200,IDR,,2026-08-01T06:16:04.665Z
7ef8d60c-8388-41c0-9299-6dfdf3cae5d4,ae0423a1-7102-44c1-9f7b-9dfec1f1b5a2,productivity,15f38da6-4090-433c-9be6-3c36d0b799be,cf41cd26-ec66-40c9-9da9-0e128bbcc896,0.4200,IDR,eed12995-88b1-4b04-b701-ec6ae91a58f6,2026-08-01T06:16:05.384Z
1c2b9032-6c42-4a25-a771-cf5cb770e7d5,6a45bb24-5d00-4e50-adad-64909ff1613d,productivity,15f38da6-4090-433c-9be6-3c36d0b799be,1d25e90f-2606-4856-a5eb-4f2174c96499,0.4200,IDR,ff132390-99c8-4791-ade8-7dd564be86a6,2026-08-01T06:16:06.378Z
921841d1-003a-424f-81ed-c6147293a35f,f6a853b7-5889-4ff0-befa-ff7321b8e735,price_book,15f38da6-4090-433c-9be6-3c36d0b799be,,175000.0000,IDR,4119a5e0-7fe1-4305-a937-d8b4e33e6306,2026-08-01T06:16:07.314Z
3ab2311e-8fdc-43f1-af06-881498aa37ed,0c671dd5-2fe9-461d-a276-9e397447d30c,productivity,15f38da6-4090-433c-9be6-3c36d0b799be,cf41cd26-ec66-40c9-9da9-0e128bbcc896,0.4200,IDR,,2026-08-01T06:16:08.235Z
dd84b8de-cfac-4279-ae9e-f453c1801660,6d37813d-22d9-47d3-a174-246054a088c7,productivity,de904fcf-8ef3-44b6-b964-d21028a9d9cc,704ded9c-4f4d-4d2f-bb9c-2a8451f7f44f,0.4200,IDR,,2026-08-01T06:20:08.076Z
55506d87-9b23-498d-835c-59a85f3b1cac,d32e4c5e-cd7a-436d-ab92-1e9dacff9753,productivity,de904fcf-8ef3-44b6-b964-d21028a9d9cc,704ded9c-4f4d-4d2f-bb9c-2a8451f7f44f,0.4200,IDR,7213c736-ae7f-4eae-992d-f926c58251d8,2026-08-01T06:20:08.788Z
15ee0476-d5fd-4afb-8751-a2088927ee68,37e058c9-2cae-49f5-be03-80a7f0a2e8de,productivity,de904fcf-8ef3-44b6-b964-d21028a9d9cc,1a10c5aa-5f31-4d69-95dc-139d7f28017a,0.4200,IDR,d9980920-7ba4-4d8e-a908-690eeed68f96,2026-08-01T06:20:09.751Z
c7109b11-c69f-46d2-9c4e-8a2fb99596a7,0006ab4d-0b0e-4afd-acab-15bc625a0bb7,price_book,de904fcf-8ef3-44b6-b964-d21028a9d9cc,,175000.0000,IDR,ad6f8505-c22b-43f2-9450-46fd4b278621,2026-08-01T06:20:10.574Z
fc8821f9-afd9-4205-bac0-f064db3fc7dd,93284140-b97b-4aaf-b7f8-884ab150f5ac,productivity,de904fcf-8ef3-44b6-b964-d21028a9d9cc,704ded9c-4f4d-4d2f-bb9c-2a8451f7f44f,0.4200,IDR,,2026-08-01T06:20:11.410Z
5ee37920-c942-43b1-9cc0-e3307543f12f,ad16dc17-f446-454f-8935-cc92fcbee451,productivity,3b2d58ea-e454-45df-ac85-4f5b5a8961a6,ff278953-1f3c-41a3-a765-9dc5f835d261,0.4200,IDR,,2026-08-01T07:32:55.479Z
1261988a-5b58-4145-9284-252ffd54f79b,cb783b34-5d6f-413a-b4b4-f9de7391b1ce,productivity,3b2d58ea-e454-45df-ac85-4f5b5a8961a6,ff278953-1f3c-41a3-a765-9dc5f835d261,0.4200,IDR,f30a50c1-8b36-497f-af84-decc9a8154cf,2026-08-01T07:32:56.220Z
93919eb4-4722-49b3-8f12-501eed46fae8,cf1c8661-13a5-4f63-b98e-ff98273286ff,productivity,3b2d58ea-e454-45df-ac85-4f5b5a8961a6,7cae552f-1c45-4188-8abc-8e1cba3c0e58,0.4200,IDR,b5268b31-9747-4c8a-ba35-0f3d85df67d1,2026-08-01T07:32:57.300Z
c769b54a-7db8-4b3b-8c65-4ef15d6404e9,fe5dc307-f3ea-471a-8cad-6eeeb42ee7b6,price_book,3b2d58ea-e454-45df-ac85-4f5b5a8961a6,,175000.0000,IDR,25726bf5-7575-4a38-98f4-f7b04adeb0a7,2026-08-01T07:32:58.162Z
0fb83cd7-aeca-47d6-8d8c-367f9c82a00d,9051440a-970f-47eb-94f4-f4c0fddac2a4,productivity,3b2d58ea-e454-45df-ac85-4f5b5a8961a6,ff278953-1f3c-41a3-a765-9dc5f835d261,0.4200,IDR,,2026-08-01T07:32:59.096Z
a6f24d97-b3e6-4230-ad5d-0228dbf9d7ae,f61b94c4-85e1-404c-9f4a-fb14741e7b13,productivity,2ab2d303-c13b-4845-8665-c3ccb45d24d3,293514db-3f6c-453b-8fb1-504ae53b7280,0.4200,IDR,,2026-08-01T07:39:02.360Z
4bb00642-3fe7-411f-87fb-4d76dcd6ce44,2284cb7d-d4dc-45ba-b79e-68cdb1256329,productivity,2ab2d303-c13b-4845-8665-c3ccb45d24d3,293514db-3f6c-453b-8fb1-504ae53b7280,0.4200,IDR,20151a30-7df4-4312-9ef8-334732f4f3f0,2026-08-01T07:39:02.991Z
55f94047-7bb1-40b9-a87f-451a7140fa98,bdcccc7a-a407-4c2c-93c8-9f72a6e5ac0e,productivity,2ab2d303-c13b-4845-8665-c3ccb45d24d3,0cf4d5e9-1d0b-481b-85c9-4dbe1a356e2a,0.4200,IDR,2b194c37-06d2-4490-b7fd-8b71ea6c64b5,2026-08-01T07:39:03.926Z
140f9651-32c2-467f-ae69-eb0b48d14bd6,f623da43-ffab-4edd-84c6-eecaaafdbd15,price_book,2ab2d303-c13b-4845-8665-c3ccb45d24d3,,175000.0000,IDR,c1394121-5840-475a-875f-967725f8a5fb,2026-08-01T07:39:04.704Z
5b452d19-04c4-43b3-b371-15b962daa806,64e4a589-067c-4c8a-90b3-5c0f213b7578,productivity,2ab2d303-c13b-4845-8665-c3ccb45d24d3,293514db-3f6c-453b-8fb1-504ae53b7280,0.4200,IDR,,2026-08-01T07:39:05.490Z
47aec40f-4089-44a8-8293-fbe609b1a804,da5de84b-1695-429c-ba61-4934c6e232d4,productivity,66524df7-d365-476c-80b9-802a73459d1b,ae43ebd5-19b0-40cd-8173-76b8cc146052,0.4200,IDR,,2026-08-01T07:43:37.802Z
54911a7d-b97a-471c-af25-27e8ee9d11b3,d0271bd3-bab2-4b54-b0a0-f92ecbf8df0a,productivity,66524df7-d365-476c-80b9-802a73459d1b,ae43ebd5-19b0-40cd-8173-76b8cc146052,0.4200,IDR,3d42c406-c8d8-4621-860f-0325f6a9113b,2026-08-01T07:43:38.475Z
1471a569-991b-46ab-8cb5-03422acb3491,b078092e-7ae2-49b8-9fe8-d4d079f4b573,productivity,66524df7-d365-476c-80b9-802a73459d1b,f3b05d33-f6ea-4bdc-aba6-d4df88f64f7b,0.4200,IDR,8c1433d9-2640-40e3-89a5-e35c0951a27f,2026-08-01T07:43:39.361Z
54859c3d-c215-4089-86ad-3720648e86f6,594aac5d-d629-412a-811d-7f03e58c4b4e,price_book,66524df7-d365-476c-80b9-802a73459d1b,,175000.0000,IDR,6ab726e4-b4b0-42ac-ba3d-1596ee56af53,2026-08-01T07:43:40.107Z
30fb8a18-a98b-4eda-8795-5110ad396e3d,6c0bde95-ad58-40ce-91af-9e07158b809e,productivity,66524df7-d365-476c-80b9-802a73459d1b,ae43ebd5-19b0-40cd-8173-76b8cc146052,0.4200,IDR,,2026-08-01T07:43:40.916Z
dc8065cd-6386-4e18-b319-f50408eb560e,df095831-ae0b-47fa-a333-88bb4a664ff0,productivity,6908d696-c15a-4a42-8db3-2a60621e506b,7745487d-1f15-4414-b057-5b46f07488e9,0.4200,IDR,,2026-08-01T08:04:46.880Z
f874d787-ba1a-493a-943a-a5194cc6a53e,5acc3852-2ab7-49b6-a1e6-b72ee3b6e7d1,productivity,6908d696-c15a-4a42-8db3-2a60621e506b,7745487d-1f15-4414-b057-5b46f07488e9,0.4200,IDR,98f84e64-929d-403b-9932-b6819da058b9,2026-08-01T08:04:47.570Z
75b6e92a-7289-4fe3-bb85-f54b38da59ea,8911745e-cad6-4245-91d3-9b7f458f18b5,productivity,6908d696-c15a-4a42-8db3-2a60621e506b,5df8f637-939c-44d4-a459-f1ad9d3037ec,0.4200,IDR,8e052c94-deaa-476c-9030-6490c2cdc776,2026-08-01T08:04:48.463Z
952a1c11-6094-4a32-989f-a78c10878cc0,7bffdba0-5e4a-42c4-afd1-e01c7f74c4e7,price_book,6908d696-c15a-4a42-8db3-2a60621e506b,,175000.0000,IDR,a5cba515-903a-42c2-9655-8756432833d2,2026-08-01T08:04:49.222Z
bd9cef71-df82-4a72-aa97-5c2a676f48ab,85e1a836-e2da-44b8-a1cd-cc8d55bf158e,productivity,6908d696-c15a-4a42-8db3-2a60621e506b,7745487d-1f15-4414-b057-5b46f07488e9,0.4200,IDR,,2026-08-01T08:04:50.027Z
47ba4bed-4f20-49d0-b6a6-e8054468f3b4,decc4e1f-f870-49ad-93d0-89f6220ad5f0,productivity,290ef0df-c9fe-4c8d-b153-e3b03b621dcf,8e8ced7f-c679-441a-bb99-d46b013adb75,0.4200,IDR,,2026-08-01T08:31:56.045Z
603c4f13-1724-4310-bbe5-1d90f433f309,3ac73762-34ce-46cf-878b-627e5dcc8a82,productivity,290ef0df-c9fe-4c8d-b153-e3b03b621dcf,8e8ced7f-c679-441a-bb99-d46b013adb75,0.4200,IDR,8900d1a5-4f93-45c0-bfc7-9a6920b39879,2026-08-01T08:31:56.681Z
4bf3097d-8cda-4bba-98d0-1f095a8439a2,611612ef-e72d-420f-bca8-3339e1964c82,productivity,290ef0df-c9fe-4c8d-b153-e3b03b621dcf,223ad10c-326e-448d-8237-dd3f5197c357,0.4200,IDR,73af431f-fa53-4bca-b1a8-1bbefe9b922f,2026-08-01T08:31:57.595Z
fea01438-5e85-4a2e-9d47-497e98e4675a,7d0022c8-ded4-41f3-ae94-4fe9d94465b3,price_book,290ef0df-c9fe-4c8d-b153-e3b03b621dcf,,175000.0000,IDR,6a367fd1-af49-4633-9b3c-00182fff89af,2026-08-01T08:31:58.489Z
34d3b83d-3f19-4de3-810a-6697c0019ef6,90d0172b-4006-4862-b4d4-e5ccb245fbf8,productivity,290ef0df-c9fe-4c8d-b153-e3b03b621dcf,8e8ced7f-c679-441a-bb99-d46b013adb75,0.4200,IDR,,2026-08-01T08:31:59.302Z
107babb4-306f-4171-b2ec-d6740c959632,2c0a9c2b-0a7f-48ec-aec3-895fe83f6248,productivity,e78175f6-f39f-4b05-ab3e-02652e995f10,82d69239-054f-4ba9-b58a-a496aeffd850,0.4200,IDR,,2026-08-01T08:35:59.126Z
24b90c14-4d91-4595-99fa-2d761f8d0c0b,195d15f4-78b2-4d1f-b997-2d308215c360,productivity,e78175f6-f39f-4b05-ab3e-02652e995f10,82d69239-054f-4ba9-b58a-a496aeffd850,0.4200,IDR,4513314d-4fdb-4ce1-8651-7c9111d2ffe2,2026-08-01T08:35:59.829Z
ad54e0f5-719b-4c9c-8193-1057bcb2c74a,e39260dd-e151-4f37-b469-60035ac8aeae,productivity,e78175f6-f39f-4b05-ab3e-02652e995f10,8870e93d-8f87-4860-b1ff-c29bb62f02c9,0.4200,IDR,1b669a14-cf19-42bd-abe7-efff58841695,2026-08-01T08:36:00.817Z
1b3f7e55-b101-47d6-81f6-a4737ef7c826,9c1bfb52-2a76-4bbb-8899-cc03943dc515,price_book,e78175f6-f39f-4b05-ab3e-02652e995f10,,175000.0000,IDR,5498b55a-b7e0-4acb-abab-b1ef94ab2b7f,2026-08-01T08:36:01.580Z
95ef9b73-1600-48f4-8e2d-5f1b451db33b,daeef9ad-398f-4c32-b851-37662a787585,productivity,e78175f6-f39f-4b05-ab3e-02652e995f10,82d69239-054f-4ba9-b58a-a496aeffd850,0.4200,IDR,,2026-08-01T08:36:02.389Z
b2633015-eeb8-4c5a-911c-70abfdcacd01,6a9a6eac-adac-48c8-8985-63ecd9a834e7,productivity,47f7c983-ff64-461a-abc7-d03cb8fac249,910693aa-6648-4e3c-99f9-68fca997c3f3,0.4200,IDR,,2026-08-01T09:19:24.676Z
db80faff-d39b-421c-a64c-ea740fe9843a,f72ddd76-37e3-4494-8220-258dcc7f41dc,productivity,47f7c983-ff64-461a-abc7-d03cb8fac249,910693aa-6648-4e3c-99f9-68fca997c3f3,0.4200,IDR,bedf4839-db30-4183-8cdf-b5233b712cfe,2026-08-01T09:19:25.331Z
0211805d-4647-45f2-bb28-742450db1e0c,ef24164b-8576-436f-880f-842c83e25fb4,productivity,47f7c983-ff64-461a-abc7-d03cb8fac249,2e2a48db-bbbc-45da-af7e-448321df300a,0.4200,IDR,693d42d3-850c-44a8-a026-1ded52d27602,2026-08-01T09:19:26.226Z
563fcef3-ed22-4be5-9457-0db12601131b,eecc2173-0ae2-4f5c-b511-e521e427c20b,price_book,47f7c983-ff64-461a-abc7-d03cb8fac249,,175000.0000,IDR,1c2f8533-0db7-491e-a5ec-ef282a8005d0,2026-08-01T09:19:27.075Z
1ed9d83e-f842-4bc0-ad69-9d05bb151ee1,9cf4163b-6480-4cd0-b980-9fff30b2422d,productivity,47f7c983-ff64-461a-abc7-d03cb8fac249,910693aa-6648-4e3c-99f9-68fca997c3f3,0.4200,IDR,,2026-08-01T09:19:27.889Z
ef0a492f-fb32-4b0a-8c9a-52f3935886b1,217702f5-5b09-4037-93af-6d1e0a75859f,productivity,06bc36d9-b563-453f-b0dd-913cc34db105,17d3b509-865c-4705-bd88-74a2bf67e570,0.4200,IDR,,2026-08-01T09:32:22.317Z
bfe0d1c4-882c-4cb8-985f-eaabf5bf3864,b367c958-ba20-4f1c-9fa1-1968ea37f205,productivity,06bc36d9-b563-453f-b0dd-913cc34db105,17d3b509-865c-4705-bd88-74a2bf67e570,0.4200,IDR,b0255b90-af2f-40f0-adef-85ba19536b2a,2026-08-01T09:32:22.967Z
5180981b-a652-4340-9893-f43c738f7c9f,701dcbaa-5afb-4805-9347-4597bccca2d2,productivity,06bc36d9-b563-453f-b0dd-913cc34db105,3e6e81e4-174d-4f3d-9c79-e1f873135752,0.4200,IDR,bf87d3b7-2d4e-498d-98e6-4bb0b58fc312,2026-08-01T09:32:23.837Z
88df0865-6813-4ff0-95b5-cd828b11a6c8,11f71df0-4e55-49bb-ba81-6f9d47cb39d6,price_book,06bc36d9-b563-453f-b0dd-913cc34db105,,175000.0000,IDR,96f5f729-739e-419c-bae3-32527e6908ea,2026-08-01T09:32:24.613Z
cfee5f74-3652-4a89-be19-7321a50b83b0,b1e72fb8-776c-4bb6-9a96-4e931a3a86db,productivity,06bc36d9-b563-453f-b0dd-913cc34db105,17d3b509-865c-4705-bd88-74a2bf67e570,0.4200,IDR,,2026-08-01T09:32:25.359Z
35aa032d-3a4c-4eab-aba5-d5e0d9150fff,2e07cc03-4051-42c5-ae07-ac35c11fa4f6,productivity,ed471c65-5579-420b-a934-19fb464c6184,060bd91d-fc52-41ff-ae32-8574ce2c5ff3,0.4200,IDR,,2026-08-01T09:41:47.186Z
1b2a9795-a983-4ab6-95b3-59b0c7291b43,c172fcb6-d878-4404-b19b-2287594899af,productivity,ed471c65-5579-420b-a934-19fb464c6184,060bd91d-fc52-41ff-ae32-8574ce2c5ff3,0.4200,IDR,d17ec121-7b8d-4a67-9e76-7d5b069bfca9,2026-08-01T09:41:47.832Z
f0494e55-5049-48ce-bfc8-34f19bde4041,28c81ebd-eca1-4ebe-ac5c-a2d482dd6177,productivity,ed471c65-5579-420b-a934-19fb464c6184,b962b754-2909-471e-8161-f7330c072ee3,0.4200,IDR,b6d6b3fe-842d-470f-8e57-85da37c1b19c,2026-08-01T09:41:48.718Z
10954379-e1c3-41ff-95a3-d0237a708f9a,dd4c954f-b3d3-42b3-a509-c27342f8e42b,price_book,ed471c65-5579-420b-a934-19fb464c6184,,175000.0000,IDR,09c0ed7e-eb0b-4106-9aee-ccdd793e2a1b,2026-08-01T09:41:49.494Z
6c2d720c-bd0f-4a5a-84a9-fed3463d0a09,b0397c1f-45a6-4519-b781-654c0406dfe8,productivity,ed471c65-5579-420b-a934-19fb464c6184,060bd91d-fc52-41ff-ae32-8574ce2c5ff3,0.4200,IDR,,2026-08-01T09:41:50.343Z
9aedb505-163d-40aa-a861-e6a13b4a15ca,5b5540fd-3729-48ca-b9c5-845e27d9043c,productivity,6f451e2d-7fe4-4040-9fee-515e90e05b92,ef53ea0b-24e5-4e78-8fcd-9983a8eb1fa3,0.4200,IDR,,2026-08-01T10:00:12.634Z
c5452f0c-f005-440f-83ef-5f49d36da45e,8062ae73-fe21-4d66-b423-c103f8bd197c,productivity,6f451e2d-7fe4-4040-9fee-515e90e05b92,ef53ea0b-24e5-4e78-8fcd-9983a8eb1fa3,0.4200,IDR,def1b3ea-c1ef-41ec-b8f1-05b5fee310c5,2026-08-01T10:00:13.350Z
599db32b-af0e-4f2b-9f86-d140c1171181,18d48eb4-cb6e-467f-9630-86f3280c85a7,productivity,6f451e2d-7fe4-4040-9fee-515e90e05b92,20340f53-947f-43df-abbf-5a14e580286f,0.4200,IDR,fea087df-253d-4e1d-89d8-84ad8e07b918,2026-08-01T10:00:14.357Z
2cc9516d-729c-4a75-aade-e223ecce07c5,ef6f5c2c-8532-4127-b494-86ac87a25378,price_book,6f451e2d-7fe4-4040-9fee-515e90e05b92,,175000.0000,IDR,aa5cb613-0320-4673-a7fd-6fed4b3ddaa9,2026-08-01T10:00:15.176Z
11da579b-ac5c-4330-8196-ba41dad66cea,7f19db61-25be-4d4e-aeec-1242d922736c,productivity,6f451e2d-7fe4-4040-9fee-515e90e05b92,ef53ea0b-24e5-4e78-8fcd-9983a8eb1fa3,0.4200,IDR,,2026-08-01T10:00:16.030Z
9c93504a-ca4a-4760-8f7f-f79e89c654db,d8c28c26-63d9-4aef-ba53-b3443d148f62,productivity,b7c8eca9-e1ae-4d7c-87b7-acdd18baf029,85a872ed-928f-44f1-8549-5b28c700c409,0.4200,IDR,,2026-08-01T10:57:35.644Z
5a1ae0e4-9e18-4e25-b37e-b21237850268,69d5e233-8a65-49c8-9500-3a4bf34e0e29,productivity,b7c8eca9-e1ae-4d7c-87b7-acdd18baf029,85a872ed-928f-44f1-8549-5b28c700c409,0.4200,IDR,4a26be3a-453c-4da1-8da8-59f376b721ce,2026-08-01T10:57:36.325Z
289db7d2-8c49-46ca-a305-47821edc4508,7f01f058-1e19-4c0e-9c75-16191bce6f1a,productivity,b7c8eca9-e1ae-4d7c-87b7-acdd18baf029,5d226070-a144-45c3-b9a0-d4dabfe7a600,0.4200,IDR,c729f95c-97af-4bda-9748-f6276b3032a2,2026-08-01T10:57:37.270Z
179a346d-f5a2-44e1-a071-0154a910cd06,c31b154f-afa7-4d96-adc5-7e0b52bbe701,price_book,b7c8eca9-e1ae-4d7c-87b7-acdd18baf029,,175000.0000,IDR,629e7958-03b3-4b96-80aa-46696e7e1055,2026-08-01T10:57:38.031Z
e468a841-c2d4-440e-be85-f08bf9d92b75,66694bcf-8e14-4262-9871-eb41b9a6206f,productivity,b7c8eca9-e1ae-4d7c-87b7-acdd18baf029,85a872ed-928f-44f1-8549-5b28c700c409,0.4200,IDR,,2026-08-01T10:57:38.838Z
cdaeec9a-f171-40f3-9f48-0ccfb24b2f65,67ab0072-9711-4b84-b827-3b9a7e9254bc,productivity,ddd3d018-b4bd-42be-99bd-76c3c2071ce3,420cf4e7-0e71-414e-8bae-d13eb9acc0d8,0.4200,IDR,,2026-08-01T11:11:16.893Z
fec00f43-d9bf-4576-afbf-6517208504f8,ef7335d0-0382-4667-913c-0cfb08521d39,productivity,ddd3d018-b4bd-42be-99bd-76c3c2071ce3,420cf4e7-0e71-414e-8bae-d13eb9acc0d8,0.4200,IDR,79d8e181-9372-4ddb-a845-3fd589a23a46,2026-08-01T11:11:17.588Z
4fb8d1ae-8625-4679-80c6-b64b2e45c916,9366965f-ae9a-4e16-a2a8-398cef1c7d48,productivity,ddd3d018-b4bd-42be-99bd-76c3c2071ce3,c93e5d43-7446-4372-95fc-c28017b5ce8e,0.4200,IDR,92d6a14b-9b2e-4799-964b-b067eb746b4e,2026-08-01T11:11:18.520Z
e182bea6-c1d1-461a-98fc-ff823c55b684,ed6dfde6-4c02-47cc-a8b4-1244f38ed749,price_book,ddd3d018-b4bd-42be-99bd-76c3c2071ce3,,175000.0000,IDR,06bdb38d-d162-441e-a49f-1245423214fb,2026-08-01T11:11:19.279Z
1944ef36-d4d7-41f1-8ae7-a5cd5735b3bf,b4e7326a-93b8-4d2e-9c86-7390a1b48683,productivity,ddd3d018-b4bd-42be-99bd-76c3c2071ce3,420cf4e7-0e71-414e-8bae-d13eb9acc0d8,0.4200,IDR,,2026-08-01T11:11:20.058Z
a7f78fc2-da80-48d5-a661-6a66464d30c1,be9a58b5-a635-42c1-be04-ce4ba54ee6b0,productivity,eb3750ec-6605-4754-9141-d4a4c7a05375,bf76863a-8cd5-43d9-bac2-322a15985eaf,0.4200,IDR,,2026-08-01T11:43:20.810Z
8c2bce48-a870-4ebc-97b6-dba106163fe4,67d68f3d-a723-426c-9a6a-d228857be6df,productivity,eb3750ec-6605-4754-9141-d4a4c7a05375,bf76863a-8cd5-43d9-bac2-322a15985eaf,0.4200,IDR,36b83db5-8875-480e-b514-9277b226ab8f,2026-08-01T11:43:21.512Z
6f38130d-835f-4de6-80a8-8e22cd1fac0e,d1258b1b-72b3-4732-bd94-aac93592af01,productivity,eb3750ec-6605-4754-9141-d4a4c7a05375,ee8c4656-b21b-4880-8134-12a76473a734,0.4200,IDR,31dd8a6f-7c20-4243-bb49-e5dcf9e412e7,2026-08-01T11:43:22.375Z
5764f156-dc4e-4a6b-9926-bcfab51060b7,e1f42ae2-8235-4ba7-b6ce-ccc886ae83b0,price_book,eb3750ec-6605-4754-9141-d4a4c7a05375,,175000.0000,IDR,9234cbd0-f32d-4c4e-a6f6-d63d0320873b,2026-08-01T11:43:23.206Z
7161365d-8771-4351-9a98-917e0c3e56d6,c15cfce4-c455-4f93-8e0a-1331f0f84d33,productivity,eb3750ec-6605-4754-9141-d4a4c7a05375,bf76863a-8cd5-43d9-bac2-322a15985eaf,0.4200,IDR,,2026-08-01T11:43:23.998Z
72bf0e35-f736-4a48-a7ce-70f42673d586,f3541de0-e7f2-4714-87d8-12e982f53ccb,productivity,8f0f29d6-c6e4-486f-a770-6cc6eb482833,06542bbf-11cc-4f65-a8c7-209f8b850c7a,0.4200,IDR,,2026-08-01T12:09:16.661Z
f33d11cd-56c6-46e4-9a7b-4a79bf904038,22353a33-68ae-45ab-b762-49800edfd42d,productivity,8f0f29d6-c6e4-486f-a770-6cc6eb482833,06542bbf-11cc-4f65-a8c7-209f8b850c7a,0.4200,IDR,eb05e72b-80f4-4f01-aeb9-4d2dc1b871c3,2026-08-01T12:09:17.352Z
df932a62-18f0-422f-9d82-845df94bf7dc,5f8e2ffe-be29-44a2-9739-6cbdfeef3749,productivity,8f0f29d6-c6e4-486f-a770-6cc6eb482833,6cb2c6d1-8c0f-49e7-9e8f-bb63ef0c3885,0.4200,IDR,8313c245-9316-4def-b3e0-1c49a65e6f57,2026-08-01T12:09:18.268Z
396d0406-aefb-459b-ad4f-810f6ad5715e,2437e0b3-9b91-4c27-a3fc-44f50d86a570,price_book,8f0f29d6-c6e4-486f-a770-6cc6eb482833,,175000.0000,IDR,ee054cc8-8f7f-4823-acbb-fa72a64fdff8,2026-08-01T12:09:19.062Z
110d15a8-d19e-48e8-a34d-cc4f7e9d8e84,112f8b24-45cf-4b80-af6c-0f5d57dc07e5,productivity,8f0f29d6-c6e4-486f-a770-6cc6eb482833,06542bbf-11cc-4f65-a8c7-209f8b850c7a,0.4200,IDR,,2026-08-01T12:09:20.067Z
51c6c031-8405-45c6-865a-5553c286bf31,39256bed-cb88-4083-8cfd-f786e0053d6b,productivity,d27ebe14-f84b-499a-95dc-327daca32572,42a51d75-9a57-442c-a356-3696ccdbdfcf,0.4200,IDR,,2026-08-01T12:30:00.584Z
6f22ad6a-e558-4224-918e-6062a1f86a1a,ae52afac-ccbe-47e5-86be-6e9f8aad16a3,productivity,d27ebe14-f84b-499a-95dc-327daca32572,42a51d75-9a57-442c-a356-3696ccdbdfcf,0.4200,IDR,ff6823c4-ee02-4a46-80c1-4abc2849f39e,2026-08-01T12:30:01.314Z
3e3cf79a-7c15-4735-826a-64666b4714eb,058bf29a-30b5-43d6-bcab-15015dc02899,productivity,d27ebe14-f84b-499a-95dc-327daca32572,4e06c4a4-d6bc-4eda-9736-6fc0a9c9cc4d,0.4200,IDR,cc6e692e-cd41-49bc-a05c-6d4e8b47cada,2026-08-01T12:30:02.245Z
48aefed0-34b8-4f5b-83ae-f05015ddf021,5958d745-0a9c-4933-8ba8-69e86fa030ca,price_book,d27ebe14-f84b-499a-95dc-327daca32572,,175000.0000,IDR,a4a1a9c8-77cd-4e8a-a1b5-6f3ac3c725e7,2026-08-01T12:30:03.032Z
5fcd7a97-7f3a-434b-8b96-7b6658f10a2a,dede7887-8c32-4817-88cc-3da768361a30,productivity,d27ebe14-f84b-499a-95dc-327daca32572,42a51d75-9a57-442c-a356-3696ccdbdfcf,0.4200,IDR,,2026-08-01T12:30:03.874Z
835527dc-aeb3-4a91-8877-ce7e801f363f,3a526803-b56e-46b5-9100-83fd340ab8e3,productivity,f54c077c-24ac-47a4-aae9-471f9076d562,b4eb51a3-10f2-4d49-aaa3-7f7139300045,0.4200,IDR,,2026-08-01T12:35:35.704Z
2f8e4ad4-7dab-4ebf-8ecc-6e0ebfc6896e,66b43100-10f0-4f5a-9fd5-b1e4bead7297,productivity,f54c077c-24ac-47a4-aae9-471f9076d562,b4eb51a3-10f2-4d49-aaa3-7f7139300045,0.4200,IDR,3b0e9d69-654e-44e3-abd2-18a90af9afae,2026-08-01T12:35:36.426Z
86d3212e-abe3-4fe2-bcb0-8b3fc1957935,08bb9bc3-a872-4d1b-a198-e48d1a4a96aa,productivity,f54c077c-24ac-47a4-aae9-471f9076d562,a396754d-d310-402f-864d-20ccb9cae6d9,0.4200,IDR,5b3d8e3a-9d5d-4ed3-bfd3-b602860d4539,2026-08-01T12:35:37.439Z
31ed5810-5d72-46a7-a159-5043116d761e,7b9dd33e-4217-4bda-af16-d46ad5e15667,price_book,f54c077c-24ac-47a4-aae9-471f9076d562,,175000.0000,IDR,603952b2-ee64-4459-953f-50054f5ffd9b,2026-08-01T12:35:38.379Z
2079281a-ff2c-4fba-b8bf-63930045ac96,f10c207e-b9b5-41dc-a4ee-7156a9e5c103,productivity,f54c077c-24ac-47a4-aae9-471f9076d562,b4eb51a3-10f2-4d49-aaa3-7f7139300045,0.4200,IDR,,2026-08-01T12:35:39.201Z
fc8f242b-51c7-4489-9233-a010455e8392,98e3980e-e79c-4d3c-9b29-e7bbe7e56cf3,productivity,10857954-6231-4405-a340-998b87741af8,88026b44-47ce-47f7-a53f-2a485106f886,0.4200,IDR,,2026-08-01T12:38:48.752Z
a3f8b188-c6a9-4b30-8876-afd0200222d6,76e17ab5-56c7-4464-b3ff-65caa2936287,productivity,10857954-6231-4405-a340-998b87741af8,88026b44-47ce-47f7-a53f-2a485106f886,0.4200,IDR,727b8485-63aa-409d-9cdc-07704410aa95,2026-08-01T12:38:49.449Z
7e19eb49-ac68-4889-8861-07fd7c29882e,03336c15-c61a-42db-aba2-826a763ca007,productivity,10857954-6231-4405-a340-998b87741af8,6eeb4b3a-c037-4117-8fdf-8ec4cefbed0b,0.4200,IDR,66f46a5c-7c67-4274-a6ff-ee74f71fad98,2026-08-01T12:38:50.358Z
22f8802c-e76e-413b-beb0-16a08414498e,4cc972dd-41fc-4faf-8875-67f40d398ace,price_book,10857954-6231-4405-a340-998b87741af8,,175000.0000,IDR,c8d1417b-b73e-47a5-a186-163c99959e3a,2026-08-01T12:38:51.156Z
7cb2444f-b438-42ab-80ef-73f986fa5372,ab36b158-a857-4861-9abc-9c00c191c1c5,productivity,10857954-6231-4405-a340-998b87741af8,88026b44-47ce-47f7-a53f-2a485106f886,0.4200,IDR,,2026-08-01T12:38:51.924Z
11638e39-ddbe-411f-be7f-4a42e8e55ca8,c516d309-c5ca-4725-a433-72838dc3000e,productivity,45ad7e93-ec4a-4af7-a326-2c1ea8360018,8d6cee0c-8e1f-49ab-8cdd-946b89fe1623,0.4200,IDR,,2026-08-01T12:42:08.188Z
3cb66e88-fe22-4518-afe0-64b75e8b7acb,149b2545-c5a0-4bd2-afc0-c954c81bf772,productivity,45ad7e93-ec4a-4af7-a326-2c1ea8360018,8d6cee0c-8e1f-49ab-8cdd-946b89fe1623,0.4200,IDR,aae368c6-f456-47a4-95d7-078e22f06282,2026-08-01T12:42:09.002Z
79bc38a5-749a-44e6-b474-fddf31ef6d61,bb1f0927-c5e8-4faf-8b29-a2f8a59e65a2,productivity,45ad7e93-ec4a-4af7-a326-2c1ea8360018,cc04d661-7a45-4877-85d9-3b5cbead1f5d,0.4200,IDR,a0621359-1f0e-4c63-8300-73d66244f4e8,2026-08-01T12:42:10.016Z
8bb888f9-16e5-4cb0-84b2-a0dabc7c7009,dd1d503b-6668-4621-8a82-b7d2a697b028,price_book,45ad7e93-ec4a-4af7-a326-2c1ea8360018,,175000.0000,IDR,4e7be897-9a2b-488a-9a76-0f436f99e36d,2026-08-01T12:42:10.819Z
19bf7a0d-cda7-41dd-8cec-0c9a0156aaea,14b5e8c4-34bc-44db-9799-21bbf547d394,productivity,45ad7e93-ec4a-4af7-a326-2c1ea8360018,8d6cee0c-8e1f-49ab-8cdd-946b89fe1623,0.4200,IDR,,2026-08-01T12:42:11.744Z
5ffcd776-44a2-4aa6-8f17-54fda22cbb41,a7d846b6-e958-4696-8317-e4a7f7e70f9b,productivity,f4cfa32e-c2bf-4287-b2cf-2adef990de42,dfa4c739-6162-495e-82b8-fa307b8c2f29,0.4200,IDR,,2026-08-01T12:59:16.391Z
be5ab930-4e8b-47f8-86c2-1a7e9627647f,9d87b66b-25e5-4358-8f31-a630c195f580,productivity,f4cfa32e-c2bf-4287-b2cf-2adef990de42,dfa4c739-6162-495e-82b8-fa307b8c2f29,0.4200,IDR,7bf5ac0f-906d-491d-87b3-c86ac4dc5bc6,2026-08-01T12:59:17.056Z
a96e1225-08e5-4c6a-9519-25e9c8b9a719,2a594d1a-101b-4ad7-9df1-aaa15cf41335,productivity,f4cfa32e-c2bf-4287-b2cf-2adef990de42,a8762058-1631-4f30-aa0d-23bb8da976ed,0.4200,IDR,9c1755e6-11a9-4220-8db8-e9eda59be19d,2026-08-01T12:59:17.997Z
76de84b6-665a-4d4d-a2d7-a9f968ca0649,8f4e6557-aaad-4816-8b75-9be539e73a44,price_book,f4cfa32e-c2bf-4287-b2cf-2adef990de42,,175000.0000,IDR,c843b59a-f8b3-4190-89fd-3ac4622cf25d,2026-08-01T12:59:18.791Z
1585abfc-51c7-44fc-bf3b-29d667eb8ae5,6c31ad6f-b259-4487-8842-ee4d207f05e3,productivity,f4cfa32e-c2bf-4287-b2cf-2adef990de42,dfa4c739-6162-495e-82b8-fa307b8c2f29,0.4200,IDR,,2026-08-01T12:59:19.635Z
b2a7db97-3640-4711-9caf-8c1aa53e930e,620eec5b-6847-41fb-8a57-d4a448b06f37,productivity,2aa82b63-bfa8-4978-9534-6b9725d08216,0194e852-a46d-4f73-b68c-71662a5ab6a8,0.4200,IDR,,2026-08-01T13:02:40.551Z
e6ed84ea-76d9-4f31-ba5a-c470819aa613,19fd4cae-5d3a-4743-85e4-24ce22effec7,productivity,2aa82b63-bfa8-4978-9534-6b9725d08216,0194e852-a46d-4f73-b68c-71662a5ab6a8,0.4200,IDR,dbfda2cf-86b4-4a17-a113-51a330924481,2026-08-01T13:02:41.265Z
39f8447c-4bfa-4e14-ae13-e671c8917ebf,379b5198-b805-47ab-823a-495115d42488,productivity,2aa82b63-bfa8-4978-9534-6b9725d08216,20cc9b89-47d6-49ee-a543-9c52f2c37916,0.4200,IDR,22ba5831-f107-4fee-a581-f9f4f4f63910,2026-08-01T13:02:42.235Z
d2a437d0-71a5-4a9d-ad91-1467c0fca212,816616af-467e-4dc6-95fd-a53c622f495f,price_book,2aa82b63-bfa8-4978-9534-6b9725d08216,,175000.0000,IDR,0a3ee037-5518-4aee-bbbe-2e05abdb7b8a,2026-08-01T13:02:43.077Z
331c8f77-fc40-400c-972a-0bcd755c590c,61dd7322-2a3f-4a8b-aead-198aff83546c,productivity,2aa82b63-bfa8-4978-9534-6b9725d08216,0194e852-a46d-4f73-b68c-71662a5ab6a8,0.4200,IDR,,2026-08-01T13:02:43.859Z
d09b6fd7-bbec-48a6-afd9-8a8cc6c1a544,1e5b9167-e6be-4181-bbcf-c2e2eb536174,productivity,7e878d40-b546-42dd-87f9-8b19aa997a9d,9fba9597-961f-4c90-816a-e3eb5bbd1cb9,0.4200,IDR,,2026-08-01T13:16:29.318Z
434a32ae-4986-4367-9352-34699f0752e2,a4ffb654-8eca-468b-be7d-3e9d6f9bd278,productivity,7e878d40-b546-42dd-87f9-8b19aa997a9d,9fba9597-961f-4c90-816a-e3eb5bbd1cb9,0.4200,IDR,4e3c82b3-0bb6-4051-b227-b30f49122f5c,2026-08-01T13:16:30.279Z
633fd256-1e44-4d1a-b3e5-c5220ebed095,c01060a2-7a44-4b66-8445-240ec463f925,productivity,7e878d40-b546-42dd-87f9-8b19aa997a9d,be07728c-3bab-42e4-918f-94e9a355c161,0.4200,IDR,3254259c-3987-455e-b79e-9af87fffd69d,2026-08-01T13:16:31.246Z
547e097e-e062-401f-bfdc-c844bf7a4060,8b709312-b5ff-4b72-ac3e-7e172361d1cc,price_book,7e878d40-b546-42dd-87f9-8b19aa997a9d,,175000.0000,IDR,4305d152-aaac-49c0-95e7-195bc6bd2f1f,2026-08-01T13:16:32.116Z
ba303dc6-9bda-45f9-9049-b804bc76f58d,d7f42d1c-3df0-473b-be43-7791d3ceb189,productivity,7e878d40-b546-42dd-87f9-8b19aa997a9d,9fba9597-961f-4c90-816a-e3eb5bbd1cb9,0.4200,IDR,,2026-08-01T13:16:33.035Z
8221c5a2-b25f-4732-82a8-76b0da0ca10d,a304860f-0bbd-4884-bb66-8fa5bf22116a,productivity,6da97db0-c0e5-40b2-ae77-ecbdd5cda7ac,b3f95c94-f126-4195-8bb9-f95e09b00330,0.4200,IDR,,2026-08-01T14:02:20.688Z
c183e01c-71dd-4334-b4a6-68ac399f5505,e939b2dd-442c-467f-9512-b72b6724232f,productivity,6da97db0-c0e5-40b2-ae77-ecbdd5cda7ac,b3f95c94-f126-4195-8bb9-f95e09b00330,0.4200,IDR,314bbb29-686a-4e5b-8583-92f6c23d968f,2026-08-01T14:02:21.453Z
a6339b22-8d4f-4019-ae1c-3f3401f33bd4,5a8ade97-d614-476b-998c-e6b204505bcd,productivity,6da97db0-c0e5-40b2-ae77-ecbdd5cda7ac,3984f1ac-7c0b-4950-afd0-69732b5123f4,0.4200,IDR,0e74675c-c831-444f-afa4-7185c9cb2e9b,2026-08-01T14:02:22.446Z
1ebc9c54-2eb7-437c-8e9d-c1605b80b019,bcef102d-f37c-4377-802f-0e9ff52e4b40,price_book,6da97db0-c0e5-40b2-ae77-ecbdd5cda7ac,,175000.0000,IDR,2996973a-9c90-4e86-b938-3515b236635e,2026-08-01T14:02:23.506Z
ae7048f7-6f43-4c7e-b416-7a55772ea706,fed87f6d-80eb-4f2e-bb03-b89160123b98,productivity,6da97db0-c0e5-40b2-ae77-ecbdd5cda7ac,b3f95c94-f126-4195-8bb9-f95e09b00330,0.4200,IDR,,2026-08-01T14:02:24.553Z
242851ee-cb26-4413-9e70-218b768f1376,a6682801-41bc-4a88-b965-64138d44d555,productivity,d5d211d5-2832-407c-bf1e-441cd1543057,8082ec1e-b844-499b-b82c-ccda98636f82,0.4200,IDR,,2026-08-01T14:23:02.555Z
5a2a010b-93bb-45db-be12-2e3087ef866b,058f1e56-fe53-4827-bef2-d37dc6498186,productivity,d5d211d5-2832-407c-bf1e-441cd1543057,8082ec1e-b844-499b-b82c-ccda98636f82,0.4200,IDR,e7888e08-0305-46ef-9224-2e9eb6754459,2026-08-01T14:23:03.320Z
e822c0da-c559-4922-a266-0c3a8353c83f,c90738eb-7927-4663-b87c-442d2317c7f3,productivity,d5d211d5-2832-407c-bf1e-441cd1543057,4742f279-22ff-4265-afec-6524e85357fe,0.4200,IDR,4d333ce9-4c28-4172-ab30-015cec81d2a6,2026-08-01T14:23:04.245Z
bc14e658-1dbb-4f31-b42a-e74ba1dbf116,ebd4c40e-cae8-4b34-9ac2-0c313c2c6435,price_book,d5d211d5-2832-407c-bf1e-441cd1543057,,175000.0000,IDR,49448e9b-2a85-4ff5-ab37-3c42a168bce2,2026-08-01T14:23:05.090Z
b711e797-7cb5-4844-9de1-8da6f12b84bc,3bca89a2-06d0-40fa-a137-1a34d4c21476,productivity,d5d211d5-2832-407c-bf1e-441cd1543057,8082ec1e-b844-499b-b82c-ccda98636f82,0.4200,IDR,,2026-08-01T14:23:06.038Z
ee72ee75-776b-44e7-958f-df034f92d5b2,1d058455-0e42-4ffb-b0d9-760842b31e65,productivity,460899fc-5697-4290-9b36-4d120f3ebe9c,cd16ce33-ced9-4c9e-8e86-b5a7d3c739f6,0.4200,IDR,,2026-08-01T16:10:07.265Z
940ad587-3492-4166-acb5-c712da5b0e4b,4f372da4-7ecf-4d55-a71b-7e74dfa299c6,productivity,460899fc-5697-4290-9b36-4d120f3ebe9c,cd16ce33-ced9-4c9e-8e86-b5a7d3c739f6,0.4200,IDR,d3ae0c52-e296-4b47-b4e9-4bbadc0e0951,2026-08-01T16:10:08.107Z
799862f1-9eda-4095-85e9-f1e48ce40a92,57daa6f9-7571-482b-8052-1704640811c3,productivity,460899fc-5697-4290-9b36-4d120f3ebe9c,36d22745-b01f-4c6a-ac14-33c1b7632277,0.4200,IDR,7a8ab0e3-fbcc-433d-87c7-85b7e16186fe,2026-08-01T16:10:09.340Z
6db2791d-c345-466c-92c3-08c3e3fe954e,98e75b67-bbd6-41c8-baa2-1b828e97979f,price_book,460899fc-5697-4290-9b36-4d120f3ebe9c,,175000.0000,IDR,800478cd-a333-4ed9-b1da-67790b088c27,2026-08-01T16:10:10.296Z
9a368000-a038-4e6c-83e9-5c1b36573c61,1ca07bb8-17a8-4980-8255-342c0643a56e,productivity,460899fc-5697-4290-9b36-4d120f3ebe9c,cd16ce33-ced9-4c9e-8e86-b5a7d3c739f6,0.4200,IDR,,2026-08-01T16:10:11.225Z
32bf22fc-0d27-4763-abe1-e178cf81ec8e,7dffc636-e074-4ba5-8cfe-3120d9576afd,productivity,6841bdc1-ca4f-4264-824c-c249fb8521a7,c8b85505-68eb-4f73-bdaa-9536bf7f80bb,0.4200,IDR,,2026-08-01T16:16:35.517Z
f7927846-a3db-4627-ac68-901cff109d2e,9d7b0726-244b-425f-bcf9-62afb827991c,productivity,6841bdc1-ca4f-4264-824c-c249fb8521a7,c8b85505-68eb-4f73-bdaa-9536bf7f80bb,0.4200,IDR,aad0cc4c-fff9-4b52-a9ce-abb1beed3f0b,2026-08-01T16:16:36.378Z
6be34984-5380-4c91-929e-4a895a68464f,26e8cf88-20ff-4927-8719-2d52c9998ed3,productivity,6841bdc1-ca4f-4264-824c-c249fb8521a7,a002e4ef-6198-4a8e-b276-7a4256a4e8a5,0.4200,IDR,8adfedff-86dc-4869-8c65-0b16b3fdaafe,2026-08-01T16:16:37.889Z
e9d4cd62-0d64-4a23-97ec-3cdb44181b54,799deb6f-1cb8-40d0-acb2-a29cf8795be5,price_book,6841bdc1-ca4f-4264-824c-c249fb8521a7,,175000.0000,IDR,bad9748a-0870-4d56-958d-2cbef3cee3ef,2026-08-01T16:16:38.856Z
18a90435-cddf-43ba-b81f-56c9b49113ce,0febf280-67b6-4abc-bbd0-785481c6cd4d,productivity,6841bdc1-ca4f-4264-824c-c249fb8521a7,c8b85505-68eb-4f73-bdaa-9536bf7f80bb,0.4200,IDR,,2026-08-01T16:16:39.822Z
50675a51-0fc2-4f0e-b674-622bce875d28,ac7c47a4-ac32-41d1-a7b2-63feddf110d9,productivity,491731a5-69dd-457a-9f14-7f0321dea42d,8f432dbb-d2a1-4703-8760-612e54571715,0.4200,IDR,,2026-08-01T16:23:21.836Z
999ed91c-06d0-436b-8b58-edaac9a24644,9b808b5c-58e5-485e-8d95-5945f942ac61,productivity,491731a5-69dd-457a-9f14-7f0321dea42d,8f432dbb-d2a1-4703-8760-612e54571715,0.4200,IDR,12e4b0e2-11d4-43cc-b17a-4c9480f75abb,2026-08-01T16:23:22.510Z
7bc93abe-0b72-4de5-99a6-0eae977311f7,8b6d5aa6-450e-482f-8dfa-bbad0ccad29e,productivity,491731a5-69dd-457a-9f14-7f0321dea42d,7f7277f0-ffcb-4d49-9ed6-c2d12242c4e8,0.4200,IDR,b5e3544a-ae28-4f2d-9100-02763d6b339b,2026-08-01T16:23:23.427Z
ef34e0d4-c265-4a64-abc4-099e77fe4225,914c8a71-e4f0-465e-9b34-d6f7e23c66fb,price_book,491731a5-69dd-457a-9f14-7f0321dea42d,,175000.0000,IDR,b07ab74b-c6e5-4d78-bb5e-84f1618afba5,2026-08-01T16:23:24.243Z
530e3431-bb69-4242-bd7f-4e1d9dd4dec1,ce302eb7-afc1-427f-808f-05a4fab28298,productivity,491731a5-69dd-457a-9f14-7f0321dea42d,8f432dbb-d2a1-4703-8760-612e54571715,0.4200,IDR,,2026-08-01T16:23:25.043Z
c5d3bfae-e0f5-4682-b387-0de997fdb2af,9d3d691b-4dfd-4b44-8ef5-78310a23362a,productivity,9fbd1eb4-7e9c-4677-bb7f-d63af678d0ec,0cdb59ce-36ea-4b33-95bc-113ea2317bf9,0.4200,IDR,,2026-08-01T16:30:30.834Z
959f70a4-cd82-4cb8-84b7-10d60c5691ce,2cd3ba5c-5b1d-477b-a491-5376e9597d36,productivity,9fbd1eb4-7e9c-4677-bb7f-d63af678d0ec,0cdb59ce-36ea-4b33-95bc-113ea2317bf9,0.4200,IDR,b78c60d0-d4ae-4e37-b6c5-bc40304b6825,2026-08-01T16:30:31.808Z
d1dc29ef-e86e-42c6-8b85-7c321d935afe,0933067a-41c5-4a63-a276-6193a216e50e,productivity,9fbd1eb4-7e9c-4677-bb7f-d63af678d0ec,1854ba92-947a-43cc-8022-9c273f881686,0.4200,IDR,4dd68042-f4c0-4916-ac87-53180f4bf24f,2026-08-01T16:30:33.583Z
151e7290-7bab-4bfa-b06b-0e5a5921f846,090d546a-283f-4fc8-9031-061cf3f7fa07,price_book,9fbd1eb4-7e9c-4677-bb7f-d63af678d0ec,,175000.0000,IDR,3fafeaab-aaef-4786-a252-2173d4ba6d83,2026-08-01T16:30:34.587Z
a6356f8f-5daf-4ed5-9320-bf31a165ccbe,a8c13e4f-96aa-404a-99a9-bdd381b4312d,productivity,9fbd1eb4-7e9c-4677-bb7f-d63af678d0ec,0cdb59ce-36ea-4b33-95bc-113ea2317bf9,0.4200,IDR,,2026-08-01T16:30:35.436Z
f3b7a38d-b5e6-4c7e-aad3-6dca914b0620,3424c474-ef61-4c44-a34f-6b2887b81177,productivity,ef136e36-6a3b-4566-b585-38db9b95b18f,d8d33533-3f4e-4a05-9a00-bcadbe1d204a,0.4200,IDR,,2026-08-01T16:56:43.908Z
7b9b3e5a-e171-4558-92bf-d6656283b111,d216a12d-588d-4f2a-ad2c-b33ae1e36529,productivity,ef136e36-6a3b-4566-b585-38db9b95b18f,d8d33533-3f4e-4a05-9a00-bcadbe1d204a,0.4200,IDR,1fb6ba19-4c08-4ec2-a5e7-1ef3626d8434,2026-08-01T16:56:46.245Z
2ce10e60-5b0e-4df9-99f7-e69b8bf7c9fd,34352b52-11f2-4493-a85a-1bb60bdb5879,productivity,ef136e36-6a3b-4566-b585-38db9b95b18f,d3d41395-945c-4aec-bea2-e8f651363be3,0.4200,IDR,d2ed8b8f-31d9-43c0-8539-475c52122533,2026-08-01T16:56:47.964Z
078bf714-5ad6-49b3-a095-c9e68a98a0da,897f7486-1e99-4ed9-9519-1e0ff3fa41e8,price_book,ef136e36-6a3b-4566-b585-38db9b95b18f,,175000.0000,IDR,5945499e-885b-4e6b-8008-f3433b8737cc,2026-08-01T16:56:48.997Z
c8da5be6-ffe5-4fa1-9334-1d753063d8cc,780a12ba-d1e7-4cc4-9dd7-c8a3ae749c58,productivity,ef136e36-6a3b-4566-b585-38db9b95b18f,d8d33533-3f4e-4a05-9a00-bcadbe1d204a,0.4200,IDR,,2026-08-01T16:56:49.887Z
f60634f8-4677-41ea-8e9e-d95818f83613,81fe28ff-7c19-460d-a7ab-4c0ae1fa9aca,productivity,bf3ea96f-4902-4684-93b2-917e4d14afe0,003068f9-35b4-4f4f-8ffb-7b7aa89c7939,0.4200,IDR,,2026-08-01T16:57:12.974Z
1e65a284-4dbd-4492-8fd5-acdff3000248,399dd433-1950-433f-b560-d1a36dc71933,productivity,bf3ea96f-4902-4684-93b2-917e4d14afe0,003068f9-35b4-4f4f-8ffb-7b7aa89c7939,0.4200,IDR,3fa5163a-a6bf-44de-8cf9-eaf3c7020dbc,2026-08-01T16:57:13.667Z
f33e8d15-33e7-40d0-abab-1cc856e50540,f8309791-415b-4dd1-973b-7e8be459ae76,productivity,bf3ea96f-4902-4684-93b2-917e4d14afe0,257e0742-98e7-4e39-949c-fb0eb9078dc4,0.4200,IDR,2106f4e5-eb18-40a8-981e-c1dca4a44430,2026-08-01T16:57:14.534Z
277a5168-220f-430a-86c3-ff8e24ed6e14,f6a16f7f-af40-48f0-ba15-57d67cac1b99,price_book,bf3ea96f-4902-4684-93b2-917e4d14afe0,,175000.0000,IDR,7e10fcc9-30cb-44b0-954a-b6876486adbd,2026-08-01T16:57:15.318Z
00d5e9bc-f407-4dd0-a491-b6ff728bcfdc,de7588fb-069a-4595-a168-7a9301c39512,productivity,bf3ea96f-4902-4684-93b2-917e4d14afe0,003068f9-35b4-4f4f-8ffb-7b7aa89c7939,0.4200,IDR,,2026-08-01T16:57:16.265Z
956d8836-8183-4f72-8c21-1e1b3e86cb13,36d8904c-5705-4031-8e25-5648afc4c4e3,productivity,ecea1518-f4f8-4d98-81be-68f2e5cb2981,8e8293b5-1be0-4fb1-b5a4-4375d8d245d1,0.4200,IDR,,2026-08-01T16:59:24.132Z
915e1e2d-2e28-4007-88c3-0f1ffd3f5c6d,884b37a3-d841-414c-bcdb-f56e9462f2c1,productivity,ecea1518-f4f8-4d98-81be-68f2e5cb2981,8e8293b5-1be0-4fb1-b5a4-4375d8d245d1,0.4200,IDR,38a4c9eb-8b05-4f85-a09e-559261208574,2026-08-01T16:59:24.901Z
1bcfda5a-7749-4669-b12b-de550f13a736,abe4d07a-fbd0-4101-8595-d27407b2797e,productivity,ecea1518-f4f8-4d98-81be-68f2e5cb2981,e6646d53-1958-407c-9d54-0d62a7452262,0.4200,IDR,35387f37-2065-4060-afbc-b8b2f6922950,2026-08-01T16:59:25.780Z
d91c85e4-8691-4187-a985-d2fa24f0b52d,5a761139-94cc-46a3-bb6c-847e721d63c0,price_book,ecea1518-f4f8-4d98-81be-68f2e5cb2981,,175000.0000,IDR,cddb2af8-7b87-4118-a443-a1d0544d4292,2026-08-01T16:59:26.641Z
bb1c3faa-e302-48ae-8141-9620a7bccec6,bfb8c773-c124-4959-a7ab-0c1f103a1011,productivity,ecea1518-f4f8-4d98-81be-68f2e5cb2981,8e8293b5-1be0-4fb1-b5a4-4375d8d245d1,0.4200,IDR,,2026-08-01T16:59:27.424Z
8c8f5f2e-0422-4650-b0f7-29b447192088,ecb40a31-bbdc-4fb9-a680-710d1c3a380f,productivity,acacd951-5b22-4e46-a2e8-9d29e053e9af,64cd628e-a680-4ef1-8658-f93f31b22dba,0.4200,IDR,,2026-08-01T17:14:34.616Z
5e5591f4-03b3-4974-80d4-091bf145dcd4,87f942ed-7b33-4d7d-ab6b-c396567efed8,productivity,acacd951-5b22-4e46-a2e8-9d29e053e9af,64cd628e-a680-4ef1-8658-f93f31b22dba,0.4200,IDR,e00faaab-f210-4e03-95d5-a8c3eeb2babe,2026-08-01T17:14:35.395Z
c7d8009b-1180-46eb-9035-3144888b87b2,e12b24b7-1ba7-402f-9891-6bac4fddc7e1,productivity,acacd951-5b22-4e46-a2e8-9d29e053e9af,1b7adfb1-ab5e-450d-bcc1-2e1009ca4d6c,0.4200,IDR,ef1698bb-c09b-455b-9f27-8ff45ff12e81,2026-08-01T17:14:36.391Z
22475140-d044-4d80-b030-be803c0d28e8,7c5b41cb-b3b6-4625-91fa-b04908fddbe9,price_book,acacd951-5b22-4e46-a2e8-9d29e053e9af,,175000.0000,IDR,255a2688-c57a-46a3-b332-f8bd382fefb4,2026-08-01T17:14:37.295Z
e0a9b13c-1cd6-479f-ab08-5b9da7636a50,896b52fc-492b-44d8-95f5-c3b3c11b0671,productivity,acacd951-5b22-4e46-a2e8-9d29e053e9af,64cd628e-a680-4ef1-8658-f93f31b22dba,0.4200,IDR,,2026-08-01T17:14:38.149Z
f5e9776d-3849-4242-9ca1-b6f2a3da918a,6d074f00-0c26-472f-8b4d-d152ed76efe9,productivity,df29382a-ebe9-4977-9590-f5b48fccd92a,81502728-26d5-4597-a84e-c8657407074f,0.4200,IDR,,2026-08-01T17:19:39.202Z
33565b08-2992-435e-b478-ecb010d1b0e8,d78eed02-6ada-4ea4-b350-4821c9e8d81d,productivity,df29382a-ebe9-4977-9590-f5b48fccd92a,81502728-26d5-4597-a84e-c8657407074f,0.4200,IDR,10edae31-5aed-47d2-99df-6ecb126ac045,2026-08-01T17:19:39.935Z
1152c150-bc05-4a24-8388-061bb478707a,658a2e84-bf70-4d4d-8820-1354bdcabfc2,productivity,df29382a-ebe9-4977-9590-f5b48fccd92a,8be9ea05-de79-4909-ab0d-f1f42556642c,0.4200,IDR,e2b65992-f46d-4b3a-bed6-117567c0f807,2026-08-01T17:19:40.827Z
53a8170e-7faa-4f6b-ba98-f4d7383d0b6d,6c57e2c8-765e-4edd-80b2-0cda9581e826,price_book,df29382a-ebe9-4977-9590-f5b48fccd92a,,175000.0000,IDR,4734dd7e-4db9-4264-a44d-ef1bfc1bddd1,2026-08-01T17:19:41.628Z
e4a6e693-b6d9-4b32-84ef-9c8d6b7a0602,f91be960-ab19-4a93-abe0-c5ca586368cc,productivity,df29382a-ebe9-4977-9590-f5b48fccd92a,81502728-26d5-4597-a84e-c8657407074f,0.4200,IDR,,2026-08-01T17:19:42.435Z
73af6bea-e2f8-4df1-98cb-b7193c2f3c47,4f60bd59-0d1d-4bdb-acdb-d6f02998dbfb,productivity,9db54e91-edd7-4e62-8940-6cc7a7764ef6,703c079f-013b-43a7-8294-05d815ee64fd,0.4200,IDR,,2026-08-01T17:23:11.388Z
9a075acb-440f-4f2d-b9eb-b7ac9dd8d69c,9a8a08bf-5873-49f5-95ea-400c6290c5ae,productivity,9db54e91-edd7-4e62-8940-6cc7a7764ef6,703c079f-013b-43a7-8294-05d815ee64fd,0.4200,IDR,a103fd1e-ecfc-415b-9d4d-95df2d0ae9a8,2026-08-01T17:23:12.143Z
de2c08bf-48d6-4e83-957e-5f9d7f98e97f,2c887d13-c108-4b3f-b790-696bb08ba994,productivity,9db54e91-edd7-4e62-8940-6cc7a7764ef6,db513c1d-1b45-4d6e-964c-210fc09e158e,0.4200,IDR,87c155be-b59a-4a0b-aff5-a2f0628dabe7,2026-08-01T17:23:13.098Z
430ace56-ecbc-4cf6-b7a4-2c4461624733,fe50c758-f534-4757-b4c5-b67e70fe4da1,price_book,9db54e91-edd7-4e62-8940-6cc7a7764ef6,,175000.0000,IDR,bb48fe3b-1318-4dfa-bec4-3231a0513b35,2026-08-01T17:23:13.899Z
1ccab182-f42e-4fe7-abff-18d2b02ff306,ed157993-c238-4ae4-934e-2643b027c3dc,productivity,9db54e91-edd7-4e62-8940-6cc7a7764ef6,703c079f-013b-43a7-8294-05d815ee64fd,0.4200,IDR,,2026-08-01T17:23:14.690Z
467fa80e-2ec3-44bc-9c0c-49fdd911c573,dacb96b1-720b-4ab6-bb3d-7bdc693377cd,productivity,e0bd7e12-0568-4d8c-9abc-6619feb06055,d577a48d-13ca-4768-87b2-8455ea8dae60,0.4200,IDR,,2026-08-01T20:20:12.914Z
0f949f73-fb63-4cd2-b746-d5a3fe64f479,f638ef1b-454d-4c6b-86cf-9718b9e0ae07,productivity,e0bd7e12-0568-4d8c-9abc-6619feb06055,d577a48d-13ca-4768-87b2-8455ea8dae60,0.4200,IDR,41e4180b-512a-41c9-acf4-6d0338282dbd,2026-08-01T20:20:13.542Z
0b463b70-ad7e-4a43-b2c0-73e07b12e9f2,22b9407c-f04b-44ae-8b0c-490a7f7ead40,productivity,e0bd7e12-0568-4d8c-9abc-6619feb06055,f1e92a65-570f-4362-855a-c8880449d904,0.4200,IDR,e42be3a0-4c29-4eac-b1d0-e1b29fa696ef,2026-08-01T20:20:14.388Z
1e751466-bbca-4087-834e-1ff22a6dd2d3,00436ceb-7cf5-42a3-b366-088558799adf,price_book,e0bd7e12-0568-4d8c-9abc-6619feb06055,,175000.0000,IDR,06c605d3-dee3-4ed5-a2cd-90efc15e147d,2026-08-01T20:20:15.114Z
38b0e2ae-e61d-4242-8165-58f7a97f0270,887baee5-075f-48ad-aebe-6249bd10cc4f,productivity,e0bd7e12-0568-4d8c-9abc-6619feb06055,d577a48d-13ca-4768-87b2-8455ea8dae60,0.4200,IDR,,2026-08-01T20:20:15.871Z
fd34c369-8b7b-4acc-96a5-63dc74fdf275,e5d17c9b-8401-4b03-97ab-39decbb40c37,productivity,c1e8e4bd-5c1f-4ad1-8cbf-97e6c1c9710f,b8575e72-592b-4588-a29d-71e80027c4c7,0.4200,IDR,,2026-08-01T20:26:59.671Z
549dc90d-5262-42cf-b8d9-f71691bb7d1c,25411f59-28f6-4471-9c99-8e88f6074f2a,productivity,c1e8e4bd-5c1f-4ad1-8cbf-97e6c1c9710f,b8575e72-592b-4588-a29d-71e80027c4c7,0.4200,IDR,4bd7d528-cdf4-45b6-9b39-24105c6f32d9,2026-08-01T20:27:00.268Z
176b5388-a16b-4deb-952d-02f09db29bc1,118f39a5-0b1b-4465-b93b-8c4acba5d6c1,productivity,c1e8e4bd-5c1f-4ad1-8cbf-97e6c1c9710f,42021702-4900-4e13-b377-514888d19c90,0.4200,IDR,6be91e4f-2e4f-4c10-9066-1bfe4048fe3e,2026-08-01T20:27:01.082Z
f8737b31-52b0-49d6-b046-8614fd7c22dd,abcb1356-5866-4de1-9931-a17033331c5c,price_book,c1e8e4bd-5c1f-4ad1-8cbf-97e6c1c9710f,,175000.0000,IDR,385669a7-267c-405c-9040-97620d63ae76,2026-08-01T20:27:01.791Z
4ab74deb-f73b-4f6c-ad98-c2546d699456,dcd347f2-f810-4028-9b77-9426f0da19c7,productivity,c1e8e4bd-5c1f-4ad1-8cbf-97e6c1c9710f,b8575e72-592b-4588-a29d-71e80027c4c7,0.4200,IDR,,2026-08-01T20:27:02.490Z
6af2381b-5426-4cf0-ae88-3459dcc47da5,dd9117c3-aea2-43d9-9ae1-d05007a45fc8,productivity,da3ab4ea-353b-4f74-a2c9-f76634181715,ac376330-85c4-41f0-8566-ac344c95236e,0.4200,IDR,,2026-08-01T20:41:26.511Z
81b0e50c-3680-4319-887f-07701a95400b,34c90479-d4d1-430a-9734-04ed1af2ce19,productivity,da3ab4ea-353b-4f74-a2c9-f76634181715,ac376330-85c4-41f0-8566-ac344c95236e,0.4200,IDR,f0f9d0ce-d46e-4364-839c-f5c3c2531008,2026-08-01T20:41:27.116Z
9d302e54-b543-4943-8a98-597840c13eee,c8f290d8-c547-46e1-90d2-47d8a91eb220,productivity,da3ab4ea-353b-4f74-a2c9-f76634181715,e9f4e54f-ae4b-4c6b-bf15-ef2582bc8937,0.4200,IDR,8a8bf822-ee1a-41f8-8429-4fbb6ffa6065,2026-08-01T20:41:27.931Z
c3752cae-5a60-453b-9e80-3d8e65a93405,7769f980-bde2-4c32-a163-8cc2556edec0,price_book,da3ab4ea-353b-4f74-a2c9-f76634181715,,175000.0000,IDR,4c9cfe42-b328-486a-bd77-d0ac8655d90b,2026-08-01T20:41:28.611Z
46dc637e-689d-4d08-843d-1ed0636ad24d,21f48bf0-d9e6-434f-81a7-7d65f7e3c131,productivity,da3ab4ea-353b-4f74-a2c9-f76634181715,ac376330-85c4-41f0-8566-ac344c95236e,0.4200,IDR,,2026-08-01T20:41:29.314Z
4bf46735-ca90-48b0-9cb1-4379a0e72f52,fd444a24-1b69-4aff-a9a5-670ba9b155e4,productivity,c5484d97-ab24-4c17-83da-1b1ef7d7b253,6631bb24-d9e0-4486-aa30-38e516ec9db2,0.4200,IDR,,2026-08-01T20:45:32.002Z
cd6faa40-fa27-49ca-8bd2-f3733f175e79,9bc303a5-922e-4724-aea9-a78e8bc6360e,productivity,c5484d97-ab24-4c17-83da-1b1ef7d7b253,6631bb24-d9e0-4486-aa30-38e516ec9db2,0.4200,IDR,a2bd9e8a-f1b9-4511-9543-9ad9b36f3f87,2026-08-01T20:45:32.666Z
2c413a41-2549-4ca4-8563-6dcf234576df,ae8fd537-e92f-40b6-bd70-59767853a0a4,productivity,c5484d97-ab24-4c17-83da-1b1ef7d7b253,e7bae515-78d1-4052-b4b4-4c2c2f01b8fb,0.4200,IDR,c75e117e-27ea-4e4c-b930-176794d44e78,2026-08-01T20:45:33.556Z
f9d63b40-39c0-4b32-9d2e-5f4099d59196,0bbe5112-5a1b-42be-89ed-12ca3cba2b6a,price_book,c5484d97-ab24-4c17-83da-1b1ef7d7b253,,175000.0000,IDR,a6ae3966-9c18-4106-b1b2-e6ad2c98ec6b,2026-08-01T20:45:34.320Z
2d4e8ad9-b649-45cb-ba9b-bbea04074229,1d0e1377-01f1-4f65-9b92-90913747aa41,productivity,c5484d97-ab24-4c17-83da-1b1ef7d7b253,6631bb24-d9e0-4486-aa30-38e516ec9db2,0.4200,IDR,,2026-08-01T20:45:35.103Z
951bb71a-657e-42f9-bbec-62c7989c59fb,117fdf95-4e14-45cd-b4b8-85fabe53e2ad,productivity,89be4f48-da58-49d0-9397-1800e16b871e,f995e5a6-5cc2-40ad-81cb-c2c1ffaf7885,0.4200,IDR,,2026-08-01T21:01:36.365Z
2aeb198b-1c84-40a7-bc8a-9548f86f6ed0,02292c86-e036-4c4d-b7a9-da92cd0d54f1,productivity,89be4f48-da58-49d0-9397-1800e16b871e,f995e5a6-5cc2-40ad-81cb-c2c1ffaf7885,0.4200,IDR,22d67af6-8f20-42a4-9086-cac36774cf11,2026-08-01T21:01:36.953Z
962173d2-b484-464c-9ddb-756164b54d49,0dac6c04-6d5b-49db-b596-9cd0a283d336,productivity,89be4f48-da58-49d0-9397-1800e16b871e,2032b66f-2d35-4c1b-8cd0-aba817f63046,0.4200,IDR,7dd06fef-ad7e-41be-9e98-22f1ba414571,2026-08-01T21:01:37.742Z
9319e35a-71fe-42a7-8763-da7b0c9bab7a,7e69a2ff-2796-47b7-8004-e87e45f8f0df,price_book,89be4f48-da58-49d0-9397-1800e16b871e,,175000.0000,IDR,e2f7bf2b-a9e2-4b0c-bc99-66f351b64b4c,2026-08-01T21:01:38.437Z
57badbb8-d541-4df1-b8e0-cc0e519dd4c2,f68979e5-c163-422c-ae25-33e934b8ad01,productivity,89be4f48-da58-49d0-9397-1800e16b871e,f995e5a6-5cc2-40ad-81cb-c2c1ffaf7885,0.4200,IDR,,2026-08-01T21:01:39.135Z
d9aba310-69fc-4032-b6f0-38570035e0f6,50237210-3d7c-448d-9332-f0badcb4a3f6,productivity,dcee56dd-986a-4212-8a33-1f90dca062ca,9d62ca78-4eb2-4456-8151-3db3e9050b05,0.4200,IDR,,2026-08-02T00:21:12.347Z
86ba0e4e-04a3-4798-8cb7-770cfd214a1d,e7669c18-036c-4738-bafa-d951f4234b18,productivity,dcee56dd-986a-4212-8a33-1f90dca062ca,9d62ca78-4eb2-4456-8151-3db3e9050b05,0.4200,IDR,b42b92c8-fcc4-4225-8276-a3020ccb0916,2026-08-02T00:21:12.945Z
58fb6a03-6be8-4a66-8f60-67e8b1615555,a2d2d8e2-1514-4043-b85a-afccdb0090c4,productivity,dcee56dd-986a-4212-8a33-1f90dca062ca,46a0c243-ab12-458a-a284-1f969f00bcac,0.4200,IDR,38dd4b25-e478-4be4-8b30-edf06a6ff072,2026-08-02T00:21:13.768Z
6e4973cf-85ca-4c97-9748-a47f6882534b,32764f98-e1d9-46e1-81f4-3ef44b4dce8b,price_book,dcee56dd-986a-4212-8a33-1f90dca062ca,,175000.0000,IDR,d7c64844-0cd8-4e4e-bb63-556b9040279b,2026-08-02T00:21:14.490Z
98f5895d-f079-4b1a-8ae5-28f10b93f139,2f6f3185-bfad-465a-964f-d9f654946098,productivity,dcee56dd-986a-4212-8a33-1f90dca062ca,9d62ca78-4eb2-4456-8151-3db3e9050b05,0.4200,IDR,,2026-08-02T00:21:15.201Z
96186eb6-0fa2-432e-a9a0-6c89c9f8a02a,8ceed7d0-7710-4b0c-b71f-28039bc9558c,productivity,5a8c89fc-cec6-48b2-aec1-d271f776ec58,0c3628c2-79df-46d4-ae9b-8f281a0bc69b,0.4200,IDR,,2026-08-02T02:01:49.490Z
b5edd9d8-2773-4854-800e-25cf3a43c99e,4ab73021-4d61-403c-b764-3d069f0289e7,productivity,5a8c89fc-cec6-48b2-aec1-d271f776ec58,0c3628c2-79df-46d4-ae9b-8f281a0bc69b,0.4200,IDR,1722dc56-266b-4304-9cb3-87104d855559,2026-08-02T02:01:50.117Z
828d492c-b77c-415e-b0bc-e3441020b51f,c65e934a-f3fb-449b-a148-88e69988f4c2,productivity,5a8c89fc-cec6-48b2-aec1-d271f776ec58,dfd7d73b-f0d4-4a6a-9a77-cede97293b3a,0.4200,IDR,24f11fe1-6a13-4b69-afe2-827598e7a0d8,2026-08-02T02:01:50.953Z
47cca4b9-b5cf-4472-b0c4-18b04b42bfa4,54c8b1db-9f63-4912-bd0f-b98e3a4fcd88,price_book,5a8c89fc-cec6-48b2-aec1-d271f776ec58,,175000.0000,IDR,a7360b66-c01a-4a58-ade2-78d897929de5,2026-08-02T02:01:51.659Z
7ed59226-98f0-486c-9edc-a438c7cd78bb,e63f5d97-6e8a-4e51-8524-fba714049716,productivity,5a8c89fc-cec6-48b2-aec1-d271f776ec58,0c3628c2-79df-46d4-ae9b-8f281a0bc69b,0.4200,IDR,,2026-08-02T02:01:52.383Z
292312c6-1e70-4551-91e6-bf8aaa2231ce,256d1119-3421-4f40-9a78-2ce21d6acdeb,productivity,1e8fc23c-9333-422c-a96c-db266b4cd4a3,08409734-a249-486a-8307-963b381f1822,0.4200,IDR,,2026-08-02T04:26:52.179Z
81ff48a2-8120-4e43-97b0-3c333b061781,5fcd4b52-dbf0-4add-868b-80503eb6d34f,productivity,1e8fc23c-9333-422c-a96c-db266b4cd4a3,08409734-a249-486a-8307-963b381f1822,0.4200,IDR,637c7785-f8df-4695-9376-d5c6b5fb5c83,2026-08-02T04:26:52.847Z
cd03c1df-7544-4b40-9706-466fff819ff4,87269a50-7660-48c1-809d-36f777b7e36a,productivity,1e8fc23c-9333-422c-a96c-db266b4cd4a3,cafb042e-2c65-408a-88d0-3c1ba7214f46,0.4200,IDR,343e2069-339d-4a3c-906a-c1230600adde,2026-08-02T04:26:53.752Z
086198cb-b913-4a4c-8bbc-7ffd2c6cbb71,4b102588-c62b-4cd7-8b72-974497f94e7b,price_book,1e8fc23c-9333-422c-a96c-db266b4cd4a3,,175000.0000,IDR,da1a4717-c905-4b22-ba8e-6b0a14e0e872,2026-08-02T04:26:54.499Z
35072d93-2351-48e6-af05-818b38137f98,563ebe3f-1b44-4baa-ade2-fa47d2b1087d,productivity,1e8fc23c-9333-422c-a96c-db266b4cd4a3,08409734-a249-486a-8307-963b381f1822,0.4200,IDR,,2026-08-02T04:26:55.258Z
5fac7b7b-db58-4320-98c6-89f171eb915f,30706c30-ccf3-4f14-8af3-6229cc781070,productivity,097fb207-0883-49f1-8a28-85623d37f71f,66ee0e40-2694-4ddf-8a60-fcd9ccf1e594,0.4200,IDR,,2026-08-02T04:56:22.139Z
c2e1dbed-9e6f-49a7-b25e-ed859b362df5,89c28880-b402-4082-8a8b-0f6e20471870,productivity,097fb207-0883-49f1-8a28-85623d37f71f,66ee0e40-2694-4ddf-8a60-fcd9ccf1e594,0.4200,IDR,065947c4-66df-416f-98ec-217bc3e2428e,2026-08-02T04:56:22.882Z
9c222b30-7212-4dc8-a865-aa6bc3440a32,a5fde1ff-ebf1-48eb-9be5-6378c9274969,productivity,097fb207-0883-49f1-8a28-85623d37f71f,a2c43e63-9560-4c3c-953d-5c1c08e9eaa3,0.4200,IDR,a3c4a7b4-e3fb-450f-9d9c-107fc4253493,2026-08-02T04:56:23.839Z
8b44ad90-ec2d-49b7-8ea8-9df0bdee0757,1b8c9e8d-33e5-446f-8972-e9e4be6fee37,price_book,097fb207-0883-49f1-8a28-85623d37f71f,,175000.0000,IDR,bcd8d52e-8e94-4100-802c-3e7a0805fcc9,2026-08-02T04:56:24.673Z
4b6f7b58-5aa0-4956-a6e7-e2a07774c5b4,d51b2f25-9b4d-49c8-ae10-5b60dc5bfc43,productivity,097fb207-0883-49f1-8a28-85623d37f71f,66ee0e40-2694-4ddf-8a60-fcd9ccf1e594,0.4200,IDR,,2026-08-02T04:56:25.535Z
f7fffeb9-49b2-4b8c-a328-84c59d0a9b38,7056bd1d-0190-4e14-a51d-aa403ca0106e,productivity,f7304132-2008-4ccb-84ba-69b5de5d370e,1ea1966c-ff82-4916-801b-35606fa727fc,0.4200,IDR,,2026-08-02T06:11:27.094Z
5cdd33ff-444f-43cd-8793-3d3287050ef7,86883618-8810-4d55-8d51-0a0d97af3daa,productivity,f7304132-2008-4ccb-84ba-69b5de5d370e,1ea1966c-ff82-4916-801b-35606fa727fc,0.4200,IDR,bf8fc37a-14e2-4159-b33a-21dc7645b669,2026-08-02T06:11:27.808Z
d96e878d-fcd0-41ea-8029-a1666e83f65a,1bde6cde-2031-44c2-9853-cdc5d09f9613,productivity,f7304132-2008-4ccb-84ba-69b5de5d370e,6d07fbb7-9430-491d-9ac0-990cbd35adb3,0.4200,IDR,4ced3ac5-a87d-465d-89bf-97810eaeb372,2026-08-02T06:11:28.717Z
a4290348-5ea0-46ea-8a55-bc6c0803bebe,304fe022-e112-4665-ae3a-1550bd03deb3,price_book,f7304132-2008-4ccb-84ba-69b5de5d370e,,175000.0000,IDR,f49a2adc-941c-4828-81f6-472f567944cb,2026-08-02T06:11:29.472Z
50a875be-c4c1-4390-ae23-12cc1dd0ffa1,46121ddd-02a3-4951-8ed9-eca12f4822c8,productivity,f7304132-2008-4ccb-84ba-69b5de5d370e,1ea1966c-ff82-4916-801b-35606fa727fc,0.4200,IDR,,2026-08-02T06:11:30.259Z
917e6a15-bcd3-410a-b59d-7f12023b05b9,54988fdc-4aac-44c2-947e-1d1949412b48,productivity,a3b9102c-38d2-42fc-971b-87ed5bd7c3a9,6ceead08-1df1-493c-b6cd-4ce9a1a853fb,0.4200,IDR,,2026-08-02T06:46:29.339Z
f237e666-07cc-4c74-b179-84a39a08956f,efb96a84-6b4e-495e-8274-f63f08e798fc,productivity,a3b9102c-38d2-42fc-971b-87ed5bd7c3a9,6ceead08-1df1-493c-b6cd-4ce9a1a853fb,0.4200,IDR,7985458e-3d08-42a0-bd8a-93706800f4b3,2026-08-02T06:46:29.960Z
bd83d946-f2b9-4359-9a67-3d60b53f82ce,c8379bc9-59ed-40a2-a099-10f1752281b2,productivity,a3b9102c-38d2-42fc-971b-87ed5bd7c3a9,28f618f0-9e56-40fa-8617-f0806ec5949b,0.4200,IDR,ebfb9c7e-cacf-4ac1-87b7-ff98c9ac5c75,2026-08-02T06:46:30.811Z
599cc4b9-e216-495c-9362-b8a7de3ea774,113eb0d5-77e1-4cca-8f68-c17af1a9f096,price_book,a3b9102c-38d2-42fc-971b-87ed5bd7c3a9,,175000.0000,IDR,106542ee-4f57-44a2-856f-67e1736d997b,2026-08-02T06:46:31.578Z
030a6488-38b1-465f-a74c-a237b6d52f6e,588eb164-1c76-461f-9b1f-55a752db1b92,productivity,a3b9102c-38d2-42fc-971b-87ed5bd7c3a9,6ceead08-1df1-493c-b6cd-4ce9a1a853fb,0.4200,IDR,,2026-08-02T06:46:32.339Z
88b4a97b-85f0-47d1-ac88-3c57d68b652e,dfc0f9d3-ded2-445f-b588-0f581c07fd2c,productivity,c58b4d46-654b-41b9-b46f-dcc2d510737c,40448d39-c323-43b1-a041-264d712787e6,0.4200,IDR,,2026-08-02T07:06:02.720Z
926ed22b-121c-49ae-8823-4b28c222c7c7,5c494a8a-a4c2-4db3-a699-509dda3ce20a,productivity,c58b4d46-654b-41b9-b46f-dcc2d510737c,40448d39-c323-43b1-a041-264d712787e6,0.4200,IDR,20dd1371-fe53-4c8a-b8af-9317b05615f1,2026-08-02T07:06:03.421Z
5791b274-1e05-42f1-bed3-99d1c478486b,fa2286c5-479a-458d-8d44-53b513deaf31,productivity,c58b4d46-654b-41b9-b46f-dcc2d510737c,b213280d-1c01-4263-b659-614d1ae9f317,0.4200,IDR,2612a023-ed9b-4ee0-9ed9-b1f49408f413,2026-08-02T07:06:04.409Z
dbc03c5e-68dc-434c-9096-2f5858423edf,e01cb1f6-57b2-467e-adc2-5f098173bd3c,price_book,c58b4d46-654b-41b9-b46f-dcc2d510737c,,175000.0000,IDR,4e481dfb-1586-4bfc-822a-abe54feedc54,2026-08-02T07:06:05.302Z
8bc1d418-6a46-4e44-9e07-08fa8a0f7131,3ae0e02b-2680-4c44-8f7d-73d4817f0736,productivity,c58b4d46-654b-41b9-b46f-dcc2d510737c,40448d39-c323-43b1-a041-264d712787e6,0.4200,IDR,,2026-08-02T07:06:06.094Z
4eb6826f-c6a8-4df7-bc6f-133ab1875ed7,45cea935-264d-40e0-a2c4-fdf7e2963e55,productivity,2c86dfd5-9645-4dd7-ad2f-64ac22a57303,f95f719c-f4da-4a5b-844a-704db599b74c,0.4200,IDR,,2026-08-02T07:26:19.801Z
821e7d9e-9667-464d-8bd0-f5f8c8a87f54,1e9ecd09-c1e8-4017-af60-4591754dec82,productivity,2c86dfd5-9645-4dd7-ad2f-64ac22a57303,f95f719c-f4da-4a5b-844a-704db599b74c,0.4200,IDR,abc14e7c-6ae8-4227-981b-326d9b6378d4,2026-08-02T07:26:20.475Z
d98ca694-3fbf-49e0-9f30-e819796f31d0,fc924b11-a3f7-402c-bc33-d951be5509e0,productivity,2c86dfd5-9645-4dd7-ad2f-64ac22a57303,9c4edf4a-97d1-43d5-a874-521060105bca,0.4200,IDR,ae10afae-c385-4055-b0b9-56173cf9693b,2026-08-02T07:26:21.370Z
8a344f0e-6cbe-48f0-85f3-44a582287de9,fbbfdf5a-be6f-43bb-bdb6-8412d64364d2,price_book,2c86dfd5-9645-4dd7-ad2f-64ac22a57303,,175000.0000,IDR,fdf80cdd-9019-402d-9b8d-f9055f4b1e0a,2026-08-02T07:26:22.117Z
c4e94072-65be-4d91-b562-052b822cde95,8b71b500-3158-4719-8481-f47ed3154264,productivity,2c86dfd5-9645-4dd7-ad2f-64ac22a57303,f95f719c-f4da-4a5b-844a-704db599b74c,0.4200,IDR,,2026-08-02T07:26:22.922Z
80ce581c-2138-436d-a75c-e9c4e357c4b9,58e8f040-de93-4fbc-9383-15811259a5db,productivity,e613717a-95bf-4e81-8f5e-3aed765ae1a3,05099691-705b-4b42-b4e1-66d268694cfc,0.4200,IDR,,2026-08-02T08:10:57.382Z
eaca04a3-dd34-436e-bd88-de6e12a4d3c1,7e7491bf-5729-4525-9d60-e22a495fdc29,productivity,e613717a-95bf-4e81-8f5e-3aed765ae1a3,05099691-705b-4b42-b4e1-66d268694cfc,0.4200,IDR,1b89cb74-f498-47b7-a278-0f70f3929e67,2026-08-02T08:10:58.073Z
13762a15-3432-4490-9914-94fd800b5808,a34df00d-d800-4c4d-89e4-d2433ae7fc45,productivity,e613717a-95bf-4e81-8f5e-3aed765ae1a3,50f2382c-4e5a-417f-868b-e3e9cfdbe302,0.4200,IDR,5f294bde-0e77-472e-9121-3bad66b7effd,2026-08-02T08:10:59.058Z
dfa29b43-2ef4-4f96-b7ba-b6178ecc7f01,72ebcc4c-4e0a-48d1-b4a6-f8d977d19bef,price_book,e613717a-95bf-4e81-8f5e-3aed765ae1a3,,175000.0000,IDR,dc2f116f-6c0a-4e84-85b4-3506445e548f,2026-08-02T08:10:59.826Z
d97782cc-76ce-4b7f-a17c-64835fc871ac,e1006b41-ec1f-495e-b69e-97f2bf711320,productivity,e613717a-95bf-4e81-8f5e-3aed765ae1a3,05099691-705b-4b42-b4e1-66d268694cfc,0.4200,IDR,,2026-08-02T08:11:00.813Z
9fd9f8c6-2461-4f06-b563-260588604d71,1145b5cb-1171-4545-a2e1-1af8d1bdf77e,productivity,c0374b57-731e-4cef-b7a1-44b49ab16036,0235652f-6229-4228-b173-6a11dec091b3,0.4200,IDR,,2026-08-02T08:25:03.667Z
f537243f-a184-415f-a39c-c6493a619f4b,bbc76e7a-922e-4bd6-86a3-ca7b1e9e0a6c,productivity,c0374b57-731e-4cef-b7a1-44b49ab16036,0235652f-6229-4228-b173-6a11dec091b3,0.4200,IDR,fc20fc7d-23fc-411c-ba20-c53cbefe6779,2026-08-02T08:25:04.314Z
15990676-51b4-4fb8-88b9-5daf44ba942d,33943812-69da-458e-aa9f-52df156d15a1,productivity,c0374b57-731e-4cef-b7a1-44b49ab16036,c774ecae-675f-4fa9-b389-ad88f9f55818,0.4200,IDR,a5c449eb-02fc-42ac-8b56-431282739334,2026-08-02T08:25:05.281Z
4015532e-e18c-41b0-a560-d2cd80396db8,89e2b497-d5ef-451d-b714-0a8f45e499b2,price_book,c0374b57-731e-4cef-b7a1-44b49ab16036,,175000.0000,IDR,98f3e466-2bdc-47c0-a9b2-cb692f4ea86c,2026-08-02T08:25:06.109Z
e8f0fbf3-bcea-4f79-9c66-99e2a5227e36,3777c00c-2edd-4fac-8359-30ac6b43a876,productivity,c0374b57-731e-4cef-b7a1-44b49ab16036,0235652f-6229-4228-b173-6a11dec091b3,0.4200,IDR,,2026-08-02T08:25:06.968Z
e2d0803f-721f-46e8-b5fc-64cda53b27f4,653268f8-1d9a-4240-9f04-c8ecaeaa43cd,productivity,72ba8537-78b5-4dc0-a7f4-203dcbcb14bf,ac157ef9-f734-40cd-bfb0-2e130d368ba1,0.4200,IDR,,2026-08-02T11:01:40.718Z
73ab1da8-e5fd-4486-a784-d3a8a69c3eba,f82b28de-bfcd-4378-86c1-8a6ccb4f8839,productivity,72ba8537-78b5-4dc0-a7f4-203dcbcb14bf,ac157ef9-f734-40cd-bfb0-2e130d368ba1,0.4200,IDR,d7969ddc-3196-48fa-9b3b-d4d6f6d2c235,2026-08-02T11:01:41.351Z
c65d1b80-96af-492d-a6a8-d3aede6d6e6f,60482927-1214-41b4-b2e5-8c3a509ff601,productivity,72ba8537-78b5-4dc0-a7f4-203dcbcb14bf,c3a3ced0-19e7-41e1-bffe-1e3215707fe1,0.4200,IDR,8969c242-e6a8-47e1-a4aa-bcccb5f89666,2026-08-02T11:01:42.248Z
08e30198-3776-4d76-bdf8-668b8777a072,6d2af299-f5e7-411b-b21c-824c51fa8b37,price_book,72ba8537-78b5-4dc0-a7f4-203dcbcb14bf,,175000.0000,IDR,cfcce9aa-fcf3-4386-af6f-1c5aa8bcbc24,2026-08-02T11:01:43.052Z
4429bdae-c272-41a3-bdab-6d4d56b19d71,32596b73-c788-4b20-ad47-5b15999d7b66,productivity,72ba8537-78b5-4dc0-a7f4-203dcbcb14bf,ac157ef9-f734-40cd-bfb0-2e130d368ba1,0.4200,IDR,,2026-08-02T11:01:43.822Z
425d7a95-beea-4645-973e-51f11c1157da,6ac5c9d6-9323-4df5-8e03-b38b1bf8361e,productivity,5db92d4d-3911-487e-9990-2fa36e6ff2b6,84d014b8-49e0-4cfd-8823-1d0d25858bb4,0.4200,IDR,,2026-08-02T11:38:27.953Z
2797b551-a620-43bf-905c-c184a3cef925,bfd50145-ae65-453f-b60e-be9bcdedbf84,productivity,5db92d4d-3911-487e-9990-2fa36e6ff2b6,84d014b8-49e0-4cfd-8823-1d0d25858bb4,0.4200,IDR,80d4deb5-dbb9-4121-96b1-68c6edd5a32e,2026-08-02T11:38:28.767Z
253dcc90-8c8b-462a-bdbe-cfc122e89f6f,a33c9cc6-f8e7-404f-b656-6a3663020618,productivity,5db92d4d-3911-487e-9990-2fa36e6ff2b6,c4e31375-52fc-4b0d-a982-f49c4db8a22d,0.4200,IDR,34994291-1b0b-4795-b5ab-f0b783a1afe4,2026-08-02T11:38:29.815Z
d0c0ea34-ae0d-421e-9829-b5a8ecf63f1e,69fa4201-fe9b-418d-b12e-91356b40c895,price_book,5db92d4d-3911-487e-9990-2fa36e6ff2b6,,175000.0000,IDR,ed1d04d9-7da8-4a9a-8665-5e671ca76308,2026-08-02T11:38:30.734Z
3be43eb7-f5a3-46e5-b80c-fb991e633fc6,59bda25c-cb00-4a4b-a089-f2fe2a81bc96,productivity,5db92d4d-3911-487e-9990-2fa36e6ff2b6,84d014b8-49e0-4cfd-8823-1d0d25858bb4,0.4200,IDR,,2026-08-02T11:38:31.654Z
bda6cc7e-8da4-482b-8443-c56da882c5cb,0f434af8-9bda-414f-935e-43bc3ad41d51,productivity,bbd3c94e-5bce-4b67-a777-2b2cd9e59f60,8578244b-505b-4803-a95b-47670d14451b,0.4200,IDR,,2026-08-02T13:10:14.413Z
b7ffa00a-b465-4756-b287-4b8e408b36d9,356faeb2-02df-4b1d-8c75-ae78fbb208ea,productivity,bbd3c94e-5bce-4b67-a777-2b2cd9e59f60,8578244b-505b-4803-a95b-47670d14451b,0.4200,IDR,e9ed0d10-9703-47e3-be75-bfd3cf88e0fb,2026-08-02T13:10:15.163Z
9626a5c1-a0b1-4a3f-9d4d-02524603d433,dd0f115d-936a-4d68-8e8b-c67d6ce753a9,productivity,bbd3c94e-5bce-4b67-a777-2b2cd9e59f60,5ef8eead-2ccf-413b-a6d3-fa1af3c27f10,0.4200,IDR,c8302611-6fcd-4995-8b51-dfe06ad256e5,2026-08-02T13:10:16.141Z
9ce89d7d-850e-4636-8306-9d369700f0e2,2a6f6a27-0b43-4bff-beb6-18726ef5226b,price_book,bbd3c94e-5bce-4b67-a777-2b2cd9e59f60,,175000.0000,IDR,ff2ec7eb-bfc1-46c9-aa9f-ac6cc5ea8c8f,2026-08-02T13:10:16.972Z
bae9c54d-47c6-4b66-a49d-744f9baea697,380d95e0-aa5e-4027-9021-daa85fefcb36,productivity,bbd3c94e-5bce-4b67-a777-2b2cd9e59f60,8578244b-505b-4803-a95b-47670d14451b,0.4200,IDR,,2026-08-02T13:10:17.767Z
e6e7f641-aec1-47e2-bf15-e89c8b07e0da,449c3417-5372-4e38-bd21-76cf9de35b21,productivity,dac4b5c2-42de-4ee6-97fe-1cf56e06266d,0b58aecf-ce72-439d-85b7-3a66305d51fe,0.4200,IDR,,2026-08-02T13:25:46.104Z
7979ef9c-d38f-42f2-97f5-8b7d36415d2d,9528c980-ae32-45da-aae5-f37d30feda93,productivity,dac4b5c2-42de-4ee6-97fe-1cf56e06266d,0b58aecf-ce72-439d-85b7-3a66305d51fe,0.4200,IDR,146419e4-4cb6-4c0f-828b-ce244c2b0237,2026-08-02T13:25:46.901Z
e530cbc3-fc5a-445d-9314-6d99cc3b3d65,4e367d08-ca51-4dfa-a765-4f91c90a6e29,productivity,dac4b5c2-42de-4ee6-97fe-1cf56e06266d,0f89326a-f4d7-48f6-9669-c55be95500f0,0.4200,IDR,2fac01b8-8b4a-49cd-bbf7-9edce5764cda,2026-08-02T13:25:47.975Z
11513312-d9b8-415e-9119-83c155b748fe,723818af-e645-4ffe-b8d3-a3185f10f4fe,price_book,dac4b5c2-42de-4ee6-97fe-1cf56e06266d,,175000.0000,IDR,524488f9-7f55-41a9-974c-e5ff690c1347,2026-08-02T13:25:48.956Z
d3f350d1-27c1-4bda-90d3-94e0110f1a64,d802ea4d-a231-4065-8d15-6882a5f77df9,productivity,dac4b5c2-42de-4ee6-97fe-1cf56e06266d,0b58aecf-ce72-439d-85b7-3a66305d51fe,0.4200,IDR,,2026-08-02T13:25:49.858Z
42a0e25b-9082-46a9-81e6-95badba893f2,da509891-7209-485b-b8bd-7c730f9e1c80,productivity,45358e8c-8dff-423f-a3d2-a635682a7709,ae867672-cb23-46e8-85dd-d668b0a6b838,0.4200,IDR,,2026-08-02T13:54:13.424Z
0f5de5b4-8ce2-4efd-a9d5-08d62e7943a8,f7cd471b-0d16-4102-95ee-f2e8432b8e99,productivity,45358e8c-8dff-423f-a3d2-a635682a7709,ae867672-cb23-46e8-85dd-d668b0a6b838,0.4200,IDR,a9f11c5b-0051-42e2-b1de-18ba2587a688,2026-08-02T13:54:14.160Z
6b629d32-6a21-4a85-8d9e-6811ea6b83e4,bf8fb095-9550-4e3d-a988-45101b65e7d2,productivity,45358e8c-8dff-423f-a3d2-a635682a7709,9853fc4e-91c0-433f-88b0-49fb159301d6,0.4200,IDR,633581d0-8f03-4774-a0c6-ce59bd53d2e3,2026-08-02T13:54:15.217Z
de4ca82d-d61f-4514-b4af-601bd8cd9278,f13580b0-2290-4ea8-9728-770a5d180719,price_book,45358e8c-8dff-423f-a3d2-a635682a7709,,175000.0000,IDR,120bc14e-d9ad-49d8-b812-bd4e36229d4f,2026-08-02T13:54:16.156Z
f5a0726a-3d05-4379-b9e2-6464cee3d214,d6ca214b-bbea-426c-bc4f-04afa563bf1a,productivity,45358e8c-8dff-423f-a3d2-a635682a7709,ae867672-cb23-46e8-85dd-d668b0a6b838,0.4200,IDR,,2026-08-02T13:54:17.065Z
c520547a-7bf1-4e85-808a-1007865e1482,55029566-cbd3-4f03-b2e5-8f01949f0fec,productivity,b3d029c6-b2c8-4733-b1ff-9ac7f007b30b,b0ef05fc-836d-4196-b01e-d86be9243ced,0.4200,IDR,,2026-08-02T14:17:54.944Z
5f0ad0a1-f32a-4497-87bb-8bc8b0e7f490,d755c275-f7b4-48ec-abe1-e727a86743dc,productivity,b3d029c6-b2c8-4733-b1ff-9ac7f007b30b,b0ef05fc-836d-4196-b01e-d86be9243ced,0.4200,IDR,b3a42d93-46bb-42f1-a857-ec6fec6fdcbc,2026-08-02T14:17:55.634Z
e3381fcb-4bff-4574-b28d-cebaa68bd2b9,663d2426-08ec-4840-91de-37a8d03dc4a1,productivity,b3d029c6-b2c8-4733-b1ff-9ac7f007b30b,a3c908ac-0251-481b-9068-5e4d6902f138,0.4200,IDR,375acc11-1871-431c-a0ef-2430860a8c11,2026-08-02T14:17:56.532Z
662b21b0-5567-49c6-abe5-a7afd6d60923,c554b121-bf87-41b7-9cdf-1d60423b4817,price_book,b3d029c6-b2c8-4733-b1ff-9ac7f007b30b,,175000.0000,IDR,0d3f5da2-ff1b-4996-9bb1-bce061c33441,2026-08-02T14:17:57.362Z
4732453c-2e48-494e-a2da-584733d216cb,44a4c53f-4064-468c-a893-a1af37fa7f64,productivity,b3d029c6-b2c8-4733-b1ff-9ac7f007b30b,b0ef05fc-836d-4196-b01e-d86be9243ced,0.4200,IDR,,2026-08-02T14:17:58.223Z
23c9c08d-3011-4287-96a1-b3d2c417f481,c15ed116-1999-43cd-90ab-c21db07d6307,productivity,07909d48-88a6-4786-95fc-6e92e623a2a8,fa006fa2-ad6d-4762-b280-a358a7fa38e9,0.4200,IDR,,2026-08-02T14:23:37.578Z
e04690e2-9776-48f4-9287-ba5d0e897b9d,8684e590-99e4-487d-810d-7ad4fa032ea6,productivity,07909d48-88a6-4786-95fc-6e92e623a2a8,fa006fa2-ad6d-4762-b280-a358a7fa38e9,0.4200,IDR,8f3cdc8e-adb2-4917-b798-ef8add17afb9,2026-08-02T14:23:38.339Z
fae9952d-00ec-4f51-bbb4-d100b7afbea3,45594ea1-b544-4595-aa4b-ed31c3049f5d,productivity,07909d48-88a6-4786-95fc-6e92e623a2a8,4bbe3a96-47a0-4354-9c41-f6857be708b0,0.4200,IDR,5f983766-cbc3-49de-8c53-0ca726c22006,2026-08-02T14:23:39.347Z
3b8a88a0-7e1b-4c4f-9499-ca4ee87faa71,baf10b88-b7f7-4940-bb19-e0f761852c0d,price_book,07909d48-88a6-4786-95fc-6e92e623a2a8,,175000.0000,IDR,a2d0ba26-6074-46f3-baad-e31f6043885a,2026-08-02T14:23:40.221Z
9dfc0935-9811-4f5c-8a6d-2070857ee70f,a42c118e-dda8-43ce-990c-9a0c0b747b8c,productivity,07909d48-88a6-4786-95fc-6e92e623a2a8,fa006fa2-ad6d-4762-b280-a358a7fa38e9,0.4200,IDR,,2026-08-02T14:23:41.146Z
22a3c956-b626-491c-a0b0-c188ac9904c5,e455c7f8-43c1-4cd2-80b9-446fbdff1966,productivity,a1b878d5-2b83-48c4-ad14-3c5b56470584,43525ca5-4ad8-4c09-bf81-8ea1d13306a9,0.4200,IDR,,2026-08-02T14:29:11.065Z
3ede2cfd-9b7c-4812-9c81-46f5ed36b5e8,77b99a62-6576-453d-a5ff-694e8c7469bf,productivity,a1b878d5-2b83-48c4-ad14-3c5b56470584,43525ca5-4ad8-4c09-bf81-8ea1d13306a9,0.4200,IDR,19ec19b6-8179-48e5-a871-8894ba6d6683,2026-08-02T14:29:11.731Z
6508a282-b101-4a01-87c0-142eb288df38,c181fcb7-0e7f-4158-9eb8-2015311e47de,productivity,a1b878d5-2b83-48c4-ad14-3c5b56470584,c5a57fd1-d3e4-4372-820e-2e9295654f2e,0.4200,IDR,0248fe6e-4870-483e-ba2b-988187fa8eae,2026-08-02T14:29:12.642Z
be71adae-4556-4451-a1e2-920dc090d658,c694b7f6-0c73-4ac0-9329-febcfc2c3d01,price_book,a1b878d5-2b83-48c4-ad14-3c5b56470584,,175000.0000,IDR,ea539a19-1eff-4b8e-bc0d-4b2547031bc6,2026-08-02T14:29:13.451Z
8a19c912-6637-4d4a-9e52-ba3c8466155c,47b7ed86-5fe2-403d-9f36-910fb5a691ad,productivity,a1b878d5-2b83-48c4-ad14-3c5b56470584,43525ca5-4ad8-4c09-bf81-8ea1d13306a9,0.4200,IDR,,2026-08-02T14:29:14.326Z
f6cc4b60-cbed-4c12-9504-a89dc7a6c535,f88a55f0-de3a-4a05-b37f-f74087f72719,productivity,1998eb99-27bb-45cb-a0a7-bd787b6188bd,fdc2d3d8-9438-4e9a-b763-47d3a2dbbbef,0.4200,IDR,,2026-08-02T14:47:46.501Z
6d709659-611d-43ec-ae25-322d3ac7a37c,775a0ab6-a5cd-4ae1-bda8-26b090d4b23d,productivity,1998eb99-27bb-45cb-a0a7-bd787b6188bd,fdc2d3d8-9438-4e9a-b763-47d3a2dbbbef,0.4200,IDR,ea379664-48ae-4e15-8987-12f2173ce05c,2026-08-02T14:47:47.246Z
7bb1a821-8461-4f09-9cee-70d36c7b6fff,301078cf-3dfc-4f0d-a0e4-8ab5268624d1,productivity,1998eb99-27bb-45cb-a0a7-bd787b6188bd,f71c02d4-762b-4cae-a2d1-f701c9dce089,0.4200,IDR,b1d81378-4605-40ab-bd6d-f4bdb19200dd,2026-08-02T14:47:48.252Z
f9bdf7a0-aa49-48ea-8e1e-4a0705857291,c6adc903-eca2-4741-9ba2-3ca78952b33b,price_book,1998eb99-27bb-45cb-a0a7-bd787b6188bd,,175000.0000,IDR,61684c46-920d-4bb5-b01a-58adc69f7fe6,2026-08-02T14:47:49.088Z
7e4ad500-f6ab-4ac6-a268-e4c6a4502265,beb37ace-5862-4dd6-988f-298d5c1630af,productivity,1998eb99-27bb-45cb-a0a7-bd787b6188bd,fdc2d3d8-9438-4e9a-b763-47d3a2dbbbef,0.4200,IDR,,2026-08-02T14:47:49.973Z
b5c2a6f8-e57d-402d-ba3a-17f6c7e87db9,6d80d90d-b4ae-4390-82f9-f6d7b653a227,productivity,e84c67ca-25ba-440d-bffb-0587bd441dd9,c51506c1-e0f3-4f32-ae3f-7f0d641396e9,0.4200,IDR,,2026-08-02T14:53:53.440Z
fbf36413-0f55-422b-a1ef-bad3f740007b,b45e2c48-d90b-44b9-ae68-155259f8008e,productivity,e84c67ca-25ba-440d-bffb-0587bd441dd9,c51506c1-e0f3-4f32-ae3f-7f0d641396e9,0.4200,IDR,40a04f08-0b3e-4620-884d-4d956057bffd,2026-08-02T14:53:54.220Z
09836f1d-32de-42ff-9a53-2a1e140319de,1425d683-46a1-4081-b031-7c20124cfd35,productivity,e84c67ca-25ba-440d-bffb-0587bd441dd9,5dff6c07-1ee6-4d6a-a05a-f03f8104a5be,0.4200,IDR,5bc4014e-6b9e-4730-8fa7-0fbb83f7e8a4,2026-08-02T14:53:55.310Z
8722fe9a-0982-4695-af2f-c6f447384308,36f651d7-09af-4a2c-a77a-1588e7b34380,price_book,e84c67ca-25ba-440d-bffb-0587bd441dd9,,175000.0000,IDR,2ea460b2-47c9-4fc9-942c-117a66afd298,2026-08-02T14:53:56.231Z
448dffef-b86c-42b9-87c3-59ac5bb83bd2,120f87de-887e-4537-9a2e-add761c64265,productivity,e84c67ca-25ba-440d-bffb-0587bd441dd9,c51506c1-e0f3-4f32-ae3f-7f0d641396e9,0.4200,IDR,,2026-08-02T14:53:57.158Z
b975fcd5-e028-4e71-a220-ef72e9711c55,914ac75f-659c-4a05-98e7-6b4c2848d6b4,productivity,e27bd990-973d-4c43-bd16-c9ae091f4e97,e708798d-6b4f-4fd0-9305-1560a670bcd3,0.4200,IDR,,2026-08-02T14:58:48.644Z
1700edea-539f-4283-b514-685eb743df65,28acad65-eb82-4418-a177-5551eeecb67c,productivity,e27bd990-973d-4c43-bd16-c9ae091f4e97,e708798d-6b4f-4fd0-9305-1560a670bcd3,0.4200,IDR,21e224a7-3231-407d-9a58-a0c3f25bc57d,2026-08-02T14:58:49.336Z
0de1666e-d54e-4cf0-abf1-5ec4cec22b6b,7274db3b-ce79-4355-846a-3f5f426d1312,productivity,e27bd990-973d-4c43-bd16-c9ae091f4e97,1c67a09f-944c-4e67-a568-9b60105d66d1,0.4200,IDR,3cef4513-a4e8-4a48-af73-5eb7f2b48ea0,2026-08-02T14:58:50.364Z
fbd3053c-7b41-413a-a22a-35ec94fddaad,d9b873c4-cbb3-4aa3-be16-b900876d424c,price_book,e27bd990-973d-4c43-bd16-c9ae091f4e97,,175000.0000,IDR,4e8a71a7-1502-4779-88fe-1760f06bebfe,2026-08-02T14:58:51.236Z
558af3d2-259d-44c7-b96c-b25e8995d841,2e3d3e78-453f-4b48-904d-b0ed3bd32000,productivity,e27bd990-973d-4c43-bd16-c9ae091f4e97,e708798d-6b4f-4fd0-9305-1560a670bcd3,0.4200,IDR,,2026-08-02T14:58:52.162Z
a943e8f6-8c69-4c91-bca9-2f20586b9667,0d25ed80-a555-497b-81ad-9d897fb0cc91,productivity,6308ffae-28ec-4d87-8994-4d52451b3237,71920218-af19-4b46-b485-c150b11cf14e,0.4200,IDR,,2026-08-02T15:15:12.784Z
7a75a314-916b-43b3-b1e3-71a941a16d1d,3aaf34be-99ab-4bc3-bb9d-bf17e91f2c75,productivity,6308ffae-28ec-4d87-8994-4d52451b3237,71920218-af19-4b46-b485-c150b11cf14e,0.4200,IDR,1c362f7e-b6a4-4b11-82e5-cc138003ef56,2026-08-02T15:15:13.513Z
de969808-b705-46de-af42-d361de63fc7b,ec74adc9-57a9-4959-af0a-5fd58ce8cfa2,productivity,6308ffae-28ec-4d87-8994-4d52451b3237,43ee40e9-19dd-4cad-b1b6-101aa0a7f3c5,0.4200,IDR,4bcb016f-82fe-43c2-a2b2-2eefb86cc7ee,2026-08-02T15:15:14.479Z
c7e81f03-9f84-4b0f-a1cb-95f84b216793,ddae21ac-76b7-4fa1-8ad0-41cd0e601a25,price_book,6308ffae-28ec-4d87-8994-4d52451b3237,,175000.0000,IDR,85186242-b679-4002-ba63-8f99523584f3,2026-08-02T15:15:15.360Z
cf456ddf-bedb-476e-a425-0ca23dea9d48,c567375a-6c9e-44c0-92ee-a51fbca0cc4f,productivity,6308ffae-28ec-4d87-8994-4d52451b3237,71920218-af19-4b46-b485-c150b11cf14e,0.4200,IDR,,2026-08-02T15:15:16.230Z
cf76b9fa-aa69-4474-ac67-f34f6b26265c,d72d5703-babf-4162-a4ad-33a76183062b,productivity,59151916-2a60-4cb2-aba2-4689967d4ef2,afe7d1fd-4afa-42a4-8c13-3ebdd844fe60,0.4200,IDR,,2026-08-02T15:17:39.868Z
ebfaa7de-2327-4805-8952-cbbf005a6431,33dbeb10-ad11-4da7-befa-e98d807c4313,productivity,59151916-2a60-4cb2-aba2-4689967d4ef2,afe7d1fd-4afa-42a4-8c13-3ebdd844fe60,0.4200,IDR,d05d3987-4161-4615-9835-858442dd2d43,2026-08-02T15:17:40.673Z
d879ac86-a8da-49e9-98d4-3cca6b652a60,1c25ff58-2c61-46b4-93e3-c5bcd7f67e6c,productivity,59151916-2a60-4cb2-aba2-4689967d4ef2,e594f499-b86a-45cd-9226-06e5523475b5,0.4200,IDR,af17add4-9ea9-4807-a9cb-148e6a6adf4d,2026-08-02T15:17:41.818Z
1cd6137d-0252-44b1-8f57-01380d47d8ed,c3bbe3b3-d78b-4a77-9ce9-03ce0cb5e2ac,price_book,59151916-2a60-4cb2-aba2-4689967d4ef2,,175000.0000,IDR,10ac4082-16c3-4517-968c-c7b0f1e8f30c,2026-08-02T15:17:42.737Z
4d9b3634-b33f-4e63-ad1d-ae8adfaf9101,d11085fd-f0db-4fbd-b574-ef93a405aa0c,productivity,59151916-2a60-4cb2-aba2-4689967d4ef2,afe7d1fd-4afa-42a4-8c13-3ebdd844fe60,0.4200,IDR,,2026-08-02T15:17:43.715Z
bf99f3ee-a50c-4074-b771-2963f35a2c1b,e05aa8ba-8f8f-4d2c-8300-5b6cd6dd49d9,productivity,f837f302-fc0a-4ad6-8ddb-50f40c09294f,8fd1c95c-c45f-4e33-af6f-89ba77ea9b2a,0.4200,IDR,,2026-08-02T16:09:59.739Z
04c66c86-3541-4105-8ddf-993ab60aec99,000e1a37-b0dd-4f35-953b-7641c0b4a20e,productivity,f837f302-fc0a-4ad6-8ddb-50f40c09294f,8fd1c95c-c45f-4e33-af6f-89ba77ea9b2a,0.4200,IDR,f6bd2795-57b6-49e8-992f-2acbebcb39c1,2026-08-02T16:10:00.514Z
5fd83c0d-476a-47ea-95de-3c2e74d19bb9,2a60309d-0cc7-42b2-8f23-7f94651111fa,productivity,f837f302-fc0a-4ad6-8ddb-50f40c09294f,a9248a69-ddc1-44b9-b0f4-7c23743de223,0.4200,IDR,e5d1f534-a61f-48ff-89d5-9e5d3c48697e,2026-08-02T16:10:01.518Z
e8120757-4ef7-4785-8bd9-2dcab5b8d752,5055c997-9e23-4948-a0e0-78eaadf997f2,price_book,f837f302-fc0a-4ad6-8ddb-50f40c09294f,,175000.0000,IDR,0c2d7320-4094-4cc9-a517-bee50f2dd1bf,2026-08-02T16:10:02.421Z
33a9ec16-8b56-4375-ae98-564b2f83d271,580e0cd2-6970-49f6-9a14-c7a5dbaaea10,productivity,f837f302-fc0a-4ad6-8ddb-50f40c09294f,8fd1c95c-c45f-4e33-af6f-89ba77ea9b2a,0.4200,IDR,,2026-08-02T16:10:03.339Z
4b80813a-b4d3-4b84-ac16-13901a7c3658,b4c5e9f4-6c0a-4e68-be04-a811c8ffeb98,productivity,6489f2b5-d80e-4828-be7c-0df538de0095,dcd56e3d-7f9d-4a3b-93a3-91d690dea85a,0.4200,IDR,,2026-08-02T16:17:02.104Z
2e0c94e2-39ec-416e-b186-bf582dab4b31,77bce053-064b-4c61-af30-6fdffe070c50,productivity,6489f2b5-d80e-4828-be7c-0df538de0095,dcd56e3d-7f9d-4a3b-93a3-91d690dea85a,0.4200,IDR,7941e637-a5e1-4182-b2e1-d32499a3005d,2026-08-02T16:17:02.797Z
e7f00103-551e-4ff0-980c-0e6634272f0e,6b07189f-4448-480c-9787-11516a8208b8,productivity,6489f2b5-d80e-4828-be7c-0df538de0095,2a51a80e-9292-466a-b460-4cb583f1ebbe,0.4200,IDR,28c1b66d-f6ee-4420-a36f-1dc41f26d0e3,2026-08-02T16:17:03.793Z
1fc9c876-9f84-4a89-afb9-4e07ddf01e25,811ef1b8-d734-478a-8ea5-0384e9932bc9,price_book,6489f2b5-d80e-4828-be7c-0df538de0095,,175000.0000,IDR,0c70fce1-015b-4224-97b8-43086b33e119,2026-08-02T16:17:04.640Z
80cdfea0-69c8-4b38-9aa2-52e5a4204f4f,0ac26969-d01a-4557-9dca-2b708fd88a47,productivity,6489f2b5-d80e-4828-be7c-0df538de0095,dcd56e3d-7f9d-4a3b-93a3-91d690dea85a,0.4200,IDR,,2026-08-02T16:17:05.507Z
9332ce7c-0783-4b2b-ba2e-164926743cea,bf9bdcaa-a149-4f82-bb03-6694b7977380,productivity,d974c76d-b794-4deb-b5f3-25a8407b1ca4,ad82c2a2-e756-477a-87dc-4dfa67703ddf,0.4200,IDR,,2026-08-02T16:22:44.025Z
e1d91484-317e-499f-a901-1776d7615854,b91a08db-22bf-4bfe-90e6-9b9dc68787ee,productivity,d974c76d-b794-4deb-b5f3-25a8407b1ca4,ad82c2a2-e756-477a-87dc-4dfa67703ddf,0.4200,IDR,2a2537d0-133a-48fd-a899-c6f83886cdd0,2026-08-02T16:22:44.732Z
075e9d99-a5a3-4611-8220-1d1c108ef2f9,9a4da737-1cae-43bb-b333-572c177c9bcb,productivity,d974c76d-b794-4deb-b5f3-25a8407b1ca4,5f22cd5e-2916-4c97-9ba2-8d26dc655079,0.4200,IDR,1251f5da-01d8-4fce-917a-716800065833,2026-08-02T16:22:45.639Z
1e67cbfa-c531-4a0f-9a81-a73274f0cd92,71001797-b084-41c6-9102-7c9763d3a29a,price_book,d974c76d-b794-4deb-b5f3-25a8407b1ca4,,175000.0000,IDR,f8285ab0-dee1-48ba-a40b-7e3f9c9c8ece,2026-08-02T16:22:46.458Z
d0d9d446-65bc-453e-9c5f-7f2c3dc7b77d,bd159774-714c-4eae-85c9-c6ce8d08b554,productivity,d974c76d-b794-4deb-b5f3-25a8407b1ca4,ad82c2a2-e756-477a-87dc-4dfa67703ddf,0.4200,IDR,,2026-08-02T16:22:47.299Z
c9bc9eca-5f08-4fcf-9803-9b2638d8ff90,85cf2739-94bc-4541-8e40-6137ada631fe,productivity,b8af2235-54e7-476e-97b9-b37eec15d011,de163886-794a-486c-b87e-7efdb4862552,0.4200,IDR,,2026-08-02T17:33:56.681Z
88a2080b-e43d-4eb6-84fc-d696a4abd97f,0a7845f5-451d-4d26-b38a-e36bebfae609,productivity,b8af2235-54e7-476e-97b9-b37eec15d011,de163886-794a-486c-b87e-7efdb4862552,0.4200,IDR,d0bfe2db-c5ce-4518-8d8f-b0ac1d5b7ced,2026-08-02T17:33:57.327Z
94451d71-1a4f-41f1-8f6e-d16f583b790b,ad594c58-2397-4263-9ae2-2ecbe5b1dc32,productivity,b8af2235-54e7-476e-97b9-b37eec15d011,208a2459-c0f1-4923-b9ff-62ab47dbd167,0.4200,IDR,87b9dd3c-3c95-40ca-a125-4ec9343bdac3,2026-08-02T17:33:58.221Z
170bbc67-f4d3-4fd9-abe3-f0ef31adbd05,75818c19-7a53-4a62-9d7c-599b57a855e7,price_book,b8af2235-54e7-476e-97b9-b37eec15d011,,175000.0000,IDR,a9f4f61d-6eab-491d-a6e1-58047fb41122,2026-08-02T17:33:58.977Z
d98bcca2-e306-4141-8fd9-3a974d90a210,e7d6a84b-c40a-4a13-8e8b-3c0f4480370c,productivity,b8af2235-54e7-476e-97b9-b37eec15d011,de163886-794a-486c-b87e-7efdb4862552,0.4200,IDR,,2026-08-02T17:33:59.773Z
d56b3a6b-84b6-4360-87ab-158eb625f732,d26cc27b-f726-4e93-af25-38bc52efe093,productivity,f02dc757-306d-4967-8717-08e83e25d295,9a3a4111-3b18-4544-8ace-64c2c713ca89,0.4200,IDR,,2026-08-02T18:23:47.476Z
1429cfdb-6263-4fd5-a91f-6ac3f09398db,a4e56656-47ec-41f9-b563-532eb9d834dd,productivity,f02dc757-306d-4967-8717-08e83e25d295,9a3a4111-3b18-4544-8ace-64c2c713ca89,0.4200,IDR,272e2f6a-46ef-4942-97c7-345d5ddc4003,2026-08-02T18:23:48.129Z
b50f6cf1-3ea9-4753-a4e8-f9ea5d17b163,41f0192a-6eb6-4d26-8217-030327d0ef1f,productivity,f02dc757-306d-4967-8717-08e83e25d295,3d8ae616-b061-470d-840e-bd5eb9624f2f,0.4200,IDR,4bec88c2-8b94-49de-8bf6-8d8c2775ca93,2026-08-02T18:23:48.983Z
d08b0dc6-4fee-4ff3-a53d-fc086c12056c,b0d84bee-cbc5-472c-881c-a64c4400de51,price_book,f02dc757-306d-4967-8717-08e83e25d295,,175000.0000,IDR,0e2fc697-91d1-4113-aa2d-42d4830ecb50,2026-08-02T18:23:49.842Z
a00e8a50-d817-4a70-b946-32f48ebd0921,dc827a76-cc65-46bd-9968-bd605c67d130,productivity,f02dc757-306d-4967-8717-08e83e25d295,9a3a4111-3b18-4544-8ace-64c2c713ca89,0.4200,IDR,,2026-08-02T18:23:50.642Z
b9bb991a-5684-436e-8bea-2b70352b3730,d5f3a77e-72f8-47a5-aaf3-f442a2008013,productivity,eb115998-2960-4c78-a5e9-0cb5cf917817,97261cb4-5674-4201-8ebe-63b60e4a0074,0.4200,IDR,,2026-08-02T19:37:29.213Z
1eba8a4a-b4d2-452f-a10b-8f831a12022d,718785de-8fff-4a7f-a4fb-35292c639dfc,productivity,eb115998-2960-4c78-a5e9-0cb5cf917817,97261cb4-5674-4201-8ebe-63b60e4a0074,0.4200,IDR,7d35cb14-0958-4af2-a6de-d95f935f30bd,2026-08-02T19:37:29.816Z
7d435ea7-b6df-4524-a0a8-0f998f0b7fbe,62a7e158-38b6-4e7c-983f-aa5474e8ac4c,productivity,eb115998-2960-4c78-a5e9-0cb5cf917817,bd1d704b-8bd3-43ab-9291-ae7f5abc276e,0.4200,IDR,eb5cc8b2-6043-4a7a-8a81-2a33d5fe36da,2026-08-02T19:37:30.671Z
f679d65e-78a4-440e-b854-e36a5534201d,ee3af298-2445-41c8-bdc1-2ff6f0c57eec,price_book,eb115998-2960-4c78-a5e9-0cb5cf917817,,175000.0000,IDR,b5aa8944-419c-4c0e-b557-3d9bac759468,2026-08-02T19:37:31.412Z
4a561242-57ed-4c4b-a6f9-a1169dba5da3,8760137b-af09-4dea-aa0c-b521e6ef1e83,productivity,eb115998-2960-4c78-a5e9-0cb5cf917817,97261cb4-5674-4201-8ebe-63b60e4a0074,0.4200,IDR,,2026-08-02T19:37:32.122Z
458e5d39-9732-4a4f-8dfa-45feaa32441b,470884a0-ccb3-44be-aa7d-9ba26a436ebb,productivity,d86ef46c-83e4-45a3-b79c-4f2988816829,4b5d0273-36f4-4ee7-b9b2-b30ea369e2b6,0.4200,IDR,,2026-08-02T19:41:38.076Z
284242b1-3f2e-4bd8-b131-8faccab28a66,af6d2b9c-0e78-4804-a1d8-17215ef0e987,productivity,d86ef46c-83e4-45a3-b79c-4f2988816829,4b5d0273-36f4-4ee7-b9b2-b30ea369e2b6,0.4200,IDR,3ac14f22-c5e0-4e10-b37b-c3a685b395eb,2026-08-02T19:41:38.669Z
fa18e57d-e72c-4655-893d-6cb7582667aa,ab5e30a2-5a42-4f84-a20e-9d68e3181057,productivity,d86ef46c-83e4-45a3-b79c-4f2988816829,4523da3f-f12e-49bd-8fff-aea0668ce783,0.4200,IDR,d8e73165-1380-42a4-8e38-0179d45c3b8f,2026-08-02T19:41:39.489Z
ffe57662-271a-453e-bf4a-3d7c7a80af72,a353ba3d-8fb5-4d3a-a19d-c466f8f9b5cd,price_book,d86ef46c-83e4-45a3-b79c-4f2988816829,,175000.0000,IDR,dfc0aa26-af8f-4f0e-b0b9-bd0e7dfd613d,2026-08-02T19:41:40.211Z
585db17e-f73d-4792-9c38-60e1fe40ee29,113ce738-9e4f-428c-a4e4-36044c1bad0f,productivity,d86ef46c-83e4-45a3-b79c-4f2988816829,4b5d0273-36f4-4ee7-b9b2-b30ea369e2b6,0.4200,IDR,,2026-08-02T19:41:40.899Z
996b8839-90c5-4c21-b851-e2ccbacfabf4,9820272c-3a73-4367-94c8-d0d3c27f9912,productivity,8bb1aab1-e1d1-46b5-814d-663bee8e8c10,ea7a50a6-3036-463b-a6fb-f96b3e262cbd,0.4200,IDR,,2026-08-02T19:49:23.366Z
fc95abba-ec0b-4bee-938c-44ef15af0c06,c9ebdf15-e32a-48e1-a703-7e32e46b0b54,productivity,8bb1aab1-e1d1-46b5-814d-663bee8e8c10,ea7a50a6-3036-463b-a6fb-f96b3e262cbd,0.4200,IDR,aba9d868-1413-4ad4-b13e-73858174b86f,2026-08-02T19:49:23.956Z
5a8ecc8f-239d-44cc-ac67-00080501eda1,a9ae3a23-677c-4413-a723-778e312226ca,productivity,8bb1aab1-e1d1-46b5-814d-663bee8e8c10,f43de083-0f24-4099-8b8f-e28f4a107f35,0.4200,IDR,e80623da-bdf1-4be7-b293-ff87b20557e3,2026-08-02T19:49:24.793Z
7fde5b79-af4c-4393-ac57-24d1508ed3e9,dd3a9cca-ef76-4ae1-84b3-75a93eb1f10b,price_book,8bb1aab1-e1d1-46b5-814d-663bee8e8c10,,175000.0000,IDR,f7cac522-be28-44f2-90db-61397c101b33,2026-08-02T19:49:25.501Z
a70e241d-238d-4e4d-a8df-8c071651d55a,11af765e-fb6d-4472-b477-100c0879402e,productivity,8bb1aab1-e1d1-46b5-814d-663bee8e8c10,ea7a50a6-3036-463b-a6fb-f96b3e262cbd,0.4200,IDR,,2026-08-02T19:49:26.227Z
2e3b39aa-21db-460c-b00d-f6aaeb78a1e6,d30269c3-a545-43e3-8014-ced2b5abb460,productivity,c9270b11-63bf-423a-9366-abd5cc758f48,05a85da4-915c-46cd-a3b3-857fbb81f733,0.4200,IDR,,2026-08-02T20:35:19.743Z
fddf5e69-c715-41b1-9a5f-5cacd7b40976,f4eecf5c-fbe0-4c06-9d26-7453cd0fabf1,productivity,c9270b11-63bf-423a-9366-abd5cc758f48,05a85da4-915c-46cd-a3b3-857fbb81f733,0.4200,IDR,6b642c07-539b-4977-8782-025819491029,2026-08-02T20:35:20.443Z
99914dff-28b4-4124-8fb5-aa748f9925b1,b099084d-b473-46b3-b9d0-5d53a928f761,productivity,c9270b11-63bf-423a-9366-abd5cc758f48,f4218dd3-bbe5-4a90-96be-98aefb3cb061,0.4200,IDR,65b513fe-c00b-4dad-80eb-7d6c73906b59,2026-08-02T20:35:21.337Z
1282e970-0624-4995-be38-fa2419fef703,a225052a-3318-46ac-ba53-92701348488a,price_book,c9270b11-63bf-423a-9366-abd5cc758f48,,175000.0000,IDR,cd7f15dd-20be-43e4-a94d-44ff46228d95,2026-08-02T20:35:22.134Z
b9697407-5bed-43aa-b404-5fc63122b5b5,4fb0e789-e6a9-440e-be35-0e74ce6b72ed,productivity,c9270b11-63bf-423a-9366-abd5cc758f48,05a85da4-915c-46cd-a3b3-857fbb81f733,0.4200,IDR,,2026-08-02T20:35:22.938Z
b9b7f6a4-5c70-4a9e-9bec-fbda4a7c34c2,4b58616d-0854-4def-922b-a32dd640b28a,productivity,00343d02-7b73-4e63-8585-9c12007c862d,3fcb8d73-e195-41aa-8d78-4b7dcd5ed8ef,0.4200,IDR,,2026-08-02T20:35:46.061Z
531756b0-9fd1-4616-9157-4d1f194f9c56,23b0fbef-b89d-4b0f-8213-45da32f68451,productivity,00343d02-7b73-4e63-8585-9c12007c862d,3fcb8d73-e195-41aa-8d78-4b7dcd5ed8ef,0.4200,IDR,921f64cc-2fa0-4673-be63-f4aca669a250,2026-08-02T20:35:46.638Z
fb05c397-d85b-4af1-bde3-1cc91c9ad861,72569206-c1f5-4a0d-8eb1-eeba311e0b12,productivity,00343d02-7b73-4e63-8585-9c12007c862d,5ebb5989-31bc-4b17-8c52-92eeb2c78dc9,0.4200,IDR,2e1982f1-855a-4b05-bfc6-f281c418d8b7,2026-08-02T20:35:47.463Z
2f30300e-9d7e-41f1-9e0a-fd797677bd43,5223b563-590d-4c6a-b79f-76c9e8bfc9c1,price_book,00343d02-7b73-4e63-8585-9c12007c862d,,175000.0000,IDR,16852c24-de93-4951-92ed-6a71f900da4c,2026-08-02T20:35:48.159Z
e6b3d5dd-691c-4eb6-bcb8-c10b5b710d11,f398d3c0-4a58-4769-9927-2a80fee30cc1,productivity,00343d02-7b73-4e63-8585-9c12007c862d,3fcb8d73-e195-41aa-8d78-4b7dcd5ed8ef,0.4200,IDR,,2026-08-02T20:35:48.873Z
a30c75a1-444f-42bd-b22a-64c474be4b41,c7ee7192-84f0-4669-80eb-14ba4bc9ea97,productivity,2d248e68-082a-41c3-bd3f-d1fba0d43294,62906f2e-8a27-4ec3-8397-a13e8d93db78,0.4200,IDR,,2026-08-02T20:38:30.952Z
62a383f8-41e3-49c6-b5c9-807c06375610,4211268d-29c8-4349-be2b-7da564eb52d7,productivity,2d248e68-082a-41c3-bd3f-d1fba0d43294,62906f2e-8a27-4ec3-8397-a13e8d93db78,0.4200,IDR,0a4db25f-33b2-4954-9c66-89d0fedfb52d,2026-08-02T20:38:31.555Z
6ccd2259-920e-48bd-bc05-a8798acb5f59,fc4f0300-9dcd-4093-a6d7-4d3caeaa2f15,productivity,2d248e68-082a-41c3-bd3f-d1fba0d43294,356efb2e-e7b2-4df6-ac7c-abac7fc3b49d,0.4200,IDR,eac01feb-21b3-496a-9c48-1b00add10494,2026-08-02T20:38:32.389Z
49182d44-b039-4ce8-a816-68c0b0993caf,351510f0-82f8-4471-ab26-f37d631e8f8e,price_book,2d248e68-082a-41c3-bd3f-d1fba0d43294,,175000.0000,IDR,cd58a45c-f814-4378-9701-0456845a3b1a,2026-08-02T20:38:33.116Z
e7edef00-ee65-4821-9459-a0d5a59ec595,d733dcb0-c4c6-413a-9de4-a59b70c3324b,productivity,2d248e68-082a-41c3-bd3f-d1fba0d43294,62906f2e-8a27-4ec3-8397-a13e8d93db78,0.4200,IDR,,2026-08-02T20:38:33.834Z
dd3cce56-ecc3-47d9-97a0-d8b907dca1b4,c664d515-ff30-4316-9e5b-3a6544ef99a5,productivity,fe7df91c-a11e-44cc-8752-9430ae692476,25b65926-fbf6-48ba-be86-ae5d8f96dac0,0.4200,IDR,,2026-08-02T20:41:03.198Z
451cdceb-72ee-45a9-bc67-36d45e0e544d,af6475d7-361e-4a9e-b0e4-563f2dfaf150,productivity,fe7df91c-a11e-44cc-8752-9430ae692476,25b65926-fbf6-48ba-be86-ae5d8f96dac0,0.4200,IDR,639ef50e-e573-4ae2-8400-b62e0b6abec1,2026-08-02T20:41:03.811Z
7975171c-a77a-488f-a295-7dbd1d1974bd,37e18cda-a91f-43a6-ac8c-2d919970322b,productivity,fe7df91c-a11e-44cc-8752-9430ae692476,876c79f8-2bbd-41d2-8dd2-18f8acc51715,0.4200,IDR,7056125c-7b83-471f-a13e-4325c7ca64ea,2026-08-02T20:41:04.894Z
c721a559-392d-41db-94b8-3a94feda3fb5,5810e1b2-1bc6-420f-842d-b4e6b013ad0c,price_book,fe7df91c-a11e-44cc-8752-9430ae692476,,175000.0000,IDR,d405a6f6-686e-4e09-9555-80ceb1d6f567,2026-08-02T20:41:05.596Z
c47d5a0e-e538-4c98-9f2e-e3f9312c4d45,3ab303a5-4f20-4683-b90c-2e03a6f207c5,productivity,fe7df91c-a11e-44cc-8752-9430ae692476,25b65926-fbf6-48ba-be86-ae5d8f96dac0,0.4200,IDR,,2026-08-02T20:41:06.306Z
dee7f7fc-d8e4-445e-8dd5-57eb5e8a1cb6,2d0d1438-f548-4950-9f5a-17e5e8730e52,productivity,a59b0d51-eac1-4986-b29a-aae9a8c834e3,c30da007-33b6-4dd9-b6d1-647b75159631,0.4200,IDR,,2026-08-02T21:42:51.773Z
b1931959-096d-4194-a6d8-ab26e56f2933,eca40103-dff1-469d-979e-41eb7b7b5f84,productivity,a59b0d51-eac1-4986-b29a-aae9a8c834e3,c30da007-33b6-4dd9-b6d1-647b75159631,0.4200,IDR,b62fe8c4-04df-4ed9-ab9d-d39cefaf8705,2026-08-02T21:42:52.351Z
db5d8ce1-ff6e-4a98-b2d9-ca4d2a0223bd,3bf45310-b656-464a-a901-18133b357ddb,productivity,a59b0d51-eac1-4986-b29a-aae9a8c834e3,c3e3bb33-bc29-42ca-b106-beb5aff88101,0.4200,IDR,db8c2ee0-161c-4324-9144-77fc9a7b5465,2026-08-02T21:42:53.157Z
37dc465d-9d69-4855-89f6-617a3cbfd405,7646e39b-1bbd-4805-9ad9-6f0042c8ad39,price_book,a59b0d51-eac1-4986-b29a-aae9a8c834e3,,175000.0000,IDR,efc7f65f-7f20-47b4-86f7-a0f08ae062ac,2026-08-02T21:42:53.839Z
02222e93-c346-49d3-bc64-3ee4e3a97fc9,38f8be69-8e5f-465b-abf9-21ed348dd2c9,productivity,a59b0d51-eac1-4986-b29a-aae9a8c834e3,c30da007-33b6-4dd9-b6d1-647b75159631,0.4200,IDR,,2026-08-02T21:42:54.535Z
94c2a3e5-99ff-4405-834e-778341f3f197,3995e81f-2066-4eb5-ac1e-2e401544739e,productivity,59ef2804-4672-44ed-8a11-373f33c01843,80dfcb68-1534-4397-8993-c315fd905f2e,0.4200,IDR,,2026-08-03T10:16:10.608Z
657f02df-acb4-46d0-a806-71b6b97aa329,b366bc93-9cae-446b-a7d3-e0f2f2a74c1c,productivity,59ef2804-4672-44ed-8a11-373f33c01843,80dfcb68-1534-4397-8993-c315fd905f2e,0.4200,IDR,ddbffada-dc0b-4434-be26-a085bc14ca7b,2026-08-03T10:16:11.385Z
d43fb356-06d2-4590-8345-a03d908245b7,4339c747-ec64-419a-b1ac-c3ad1d18686b,productivity,59ef2804-4672-44ed-8a11-373f33c01843,343d53a9-79fb-4b9e-b3d9-121f54d678a1,0.4200,IDR,b5846acb-9d62-4c1b-9d9c-8cd688bdd8b4,2026-08-03T10:16:12.384Z
60bb8caa-65cc-41a0-8894-43f9659e031b,feb65010-ebe4-4c97-b0bc-ff2e080967ce,price_book,59ef2804-4672-44ed-8a11-373f33c01843,,175000.0000,IDR,4f1e5541-1b56-4f0b-83d7-052f20eea7c0,2026-08-03T10:16:13.223Z
ec3cf967-3356-4ae7-8014-bb718d8a190a,57c92683-5034-4f1c-943d-6b7bb4b93599,productivity,59ef2804-4672-44ed-8a11-373f33c01843,80dfcb68-1534-4397-8993-c315fd905f2e,0.4200,IDR,,2026-08-03T10:16:14.070Z
f0bd2040-934f-4bea-b7f7-34f10b7f43dc,acde1446-3f31-49ef-a585-9a3888c74359,productivity,7713b3b0-fc79-42fe-9f4f-2f5408733002,f3bceb0a-dfec-458a-83d2-424175076fbe,0.4200,IDR,,2026-08-03T10:36:46.002Z
f08d45be-f693-49d9-b062-707e0cc1a534,7c8c3ac3-2afd-4cd4-a1f3-3dcf81de37fd,productivity,7713b3b0-fc79-42fe-9f4f-2f5408733002,f3bceb0a-dfec-458a-83d2-424175076fbe,0.4200,IDR,f3a0d49e-ca9e-402b-a733-1ffa34bc43c4,2026-08-03T10:36:46.728Z
189b84e6-2709-4bf0-b98c-d514ebd10963,70695270-94c4-4d7f-bfa6-a58ca85672f2,productivity,7713b3b0-fc79-42fe-9f4f-2f5408733002,ce8777a6-c330-4baa-8e7c-ce5e79984308,0.4200,IDR,626f8f44-bef7-4ef1-a10d-ba8ae92d793c,2026-08-03T10:36:47.633Z
b0fbeceb-bcd0-4263-b5d6-acf513bc58f8,57dd9276-15bf-48ee-8397-b8d108cc3cfd,price_book,7713b3b0-fc79-42fe-9f4f-2f5408733002,,175000.0000,IDR,a3c00eba-41f6-4617-bcbc-e601aae16803,2026-08-03T10:36:48.420Z
5779312e-3ef3-462b-bf4e-69db8bfbba26,cdb5c5c2-a7be-4df9-b1bd-a6862f6bed68,productivity,7713b3b0-fc79-42fe-9f4f-2f5408733002,f3bceb0a-dfec-458a-83d2-424175076fbe,0.4200,IDR,,2026-08-03T10:36:49.246Z
d34ba527-5d9b-4243-adef-1558197cbe7f,c92ad800-ca51-4165-b6a3-ed12c6fef1db,productivity,bd764ca0-24b8-4505-852c-a276c8277289,b3faf93c-cd73-4b55-a761-65688a29fd71,0.4200,IDR,,2026-08-03T10:37:52.067Z
19b490aa-bb11-40ca-a619-31cd21c1079a,942439af-807f-46b5-9de1-0bea6914a64a,productivity,bd764ca0-24b8-4505-852c-a276c8277289,b3faf93c-cd73-4b55-a761-65688a29fd71,0.4200,IDR,1dffeebe-164d-474a-8397-2ef465b33ebf,2026-08-03T10:37:52.770Z
e29f3368-4356-468b-9a22-71a3dcd2d0b3,e74c89c7-d62e-4c10-891c-5d2b32a4d8df,productivity,bd764ca0-24b8-4505-852c-a276c8277289,0a23cc54-8eb1-4d97-844a-fbffd775df0a,0.4200,IDR,7781c809-b87b-47d0-a544-d93152aa11a9,2026-08-03T10:37:53.715Z
75fe54fb-40a6-41aa-849a-b8782d1d2054,f5c5a759-e07f-4c0d-bb37-a8f094060d43,price_book,bd764ca0-24b8-4505-852c-a276c8277289,,175000.0000,IDR,e7c88da0-184f-4b0b-80b2-4a17cdc40e09,2026-08-03T10:37:54.616Z
3964dd7c-165b-4b2a-97e0-db2efe762de9,930d4f0d-0e1e-4de1-9613-f2018af66402,productivity,bd764ca0-24b8-4505-852c-a276c8277289,b3faf93c-cd73-4b55-a761-65688a29fd71,0.4200,IDR,,2026-08-03T10:37:55.480Z
cb0c933e-d6d2-49c5-922b-3a34db5a5e9c,0b9e5629-690c-4844-8bf4-d2f52ff056cb,productivity,bc585012-06dd-4268-97f6-12f4409f64c6,689365d1-94e6-46e8-9474-4562459515ec,0.4200,IDR,,2026-08-03T10:54:54.155Z
47e8b941-5ec4-47e9-8762-084eb47c2a4a,be764f08-5ff3-4499-8c20-3cfe3aad8a37,productivity,bc585012-06dd-4268-97f6-12f4409f64c6,689365d1-94e6-46e8-9474-4562459515ec,0.4200,IDR,a22ae31d-5549-4d7c-b2f3-221df9bbae76,2026-08-03T10:54:54.826Z
20cb4258-cd81-4057-8e1a-fe6951dc4bf2,6b214a6e-ad1f-455b-84c0-f85c84d68fc0,productivity,bc585012-06dd-4268-97f6-12f4409f64c6,87012e8a-c9dd-4082-a8c5-98a8478a7480,0.4200,IDR,2e5a9dfa-1f95-4fc7-85d6-c2957b700af6,2026-08-03T10:54:55.750Z
8636043a-7d58-45de-bc15-fb50cea3aa57,98745cc2-f299-45a3-847a-5fa522aabdc9,price_book,bc585012-06dd-4268-97f6-12f4409f64c6,,175000.0000,IDR,c3683db3-43ad-4432-8572-5720627cdb1d,2026-08-03T10:54:56.562Z
81f1c163-461f-4527-95c7-8d4c3c8e3642,d5f83f61-4a2f-4610-96bb-4d4e93914520,productivity,bc585012-06dd-4268-97f6-12f4409f64c6,689365d1-94e6-46e8-9474-4562459515ec,0.4200,IDR,,2026-08-03T10:54:57.411Z
1cad1d6c-ec92-4187-9adf-c1a593445ba1,feb07090-1c5c-4ff8-933a-538c3f934ad4,productivity,9a8e51e3-b134-42cf-8af7-6506af11a236,f391e948-e355-4f5c-b0e3-959841d2159b,0.4200,IDR,,2026-08-03T11:00:49.721Z
603b3870-5cdb-4378-8b32-cd741efa9a8a,338ee1d6-ecc4-476b-90d6-b1bdac2c857a,productivity,9a8e51e3-b134-42cf-8af7-6506af11a236,f391e948-e355-4f5c-b0e3-959841d2159b,0.4200,IDR,84f49b04-3e7c-4393-97f8-b92f2d828c9e,2026-08-03T11:00:50.506Z
9093a825-1a53-40bf-8a09-00416d2c2756,a2fe08c0-ee97-4511-b6b9-1e4f01a5c58b,productivity,9a8e51e3-b134-42cf-8af7-6506af11a236,7edb36ed-31f2-42ec-b9ba-debcbefcda35,0.4200,IDR,e41a1541-38f5-4249-a4f3-76a5d07a654f,2026-08-03T11:00:51.606Z
5b2e27d9-fb1b-4817-adc6-46f4f28a690e,14d88721-36e1-4c96-875b-23cb9c0b4cb2,price_book,9a8e51e3-b134-42cf-8af7-6506af11a236,,175000.0000,IDR,38cbc817-b4ba-4e0f-8c86-9fe6cf7a4555,2026-08-03T11:00:52.498Z
4114db3d-574a-4021-9663-c9654931e95f,cbcd469b-7b68-4dff-9d76-0701d5267e93,productivity,9a8e51e3-b134-42cf-8af7-6506af11a236,f391e948-e355-4f5c-b0e3-959841d2159b,0.4200,IDR,,2026-08-03T11:00:53.466Z
d5ea664b-ac62-4b18-9fbb-0e8c1b7cdbdc,933d7890-7ba1-474c-a0bd-eb165bfcf46c,productivity,6bdbd3c8-99e0-4fe8-82e0-b1f2bcd98a87,131c0954-c6db-4672-a1d6-2f69a89f2ded,0.4200,IDR,,2026-08-03T11:33:07.614Z
f9a9d18a-f0df-4d91-a8dc-ae19724156a9,4cb8e265-c16b-4a63-bf12-f424a586cb1c,productivity,6bdbd3c8-99e0-4fe8-82e0-b1f2bcd98a87,131c0954-c6db-4672-a1d6-2f69a89f2ded,0.4200,IDR,2c153eb3-3ed3-4946-9321-f6e2967cee89,2026-08-03T11:33:08.395Z
eec9a7e5-7a85-40a9-8dde-75e680ac1be7,881fe238-61cf-4532-96a5-7cdcf372368a,productivity,6bdbd3c8-99e0-4fe8-82e0-b1f2bcd98a87,33de05cb-9f48-4dd4-bea8-99e7960d4b2a,0.4200,IDR,61a73532-f121-42e9-b07a-565a7acdbeea,2026-08-03T11:33:09.442Z
ca977d0d-5da3-4606-bc04-9e08aa63076d,ba11a1fb-b070-4efd-aa33-bf21dd7c58d9,price_book,6bdbd3c8-99e0-4fe8-82e0-b1f2bcd98a87,,175000.0000,IDR,61c928f7-aa80-4c37-b607-39f552f0516f,2026-08-03T11:33:10.304Z
3c1e1b93-5544-4d06-b55b-d59655397182,aa5d4dc9-01aa-4dc6-b335-0d44814bed5c,productivity,6bdbd3c8-99e0-4fe8-82e0-b1f2bcd98a87,131c0954-c6db-4672-a1d6-2f69a89f2ded,0.4200,IDR,,2026-08-03T11:33:11.190Z
fb617b17-c60d-489a-bbc4-16c92d718a43,3a9e1db6-6439-4063-bd43-d93dc975cf7a,productivity,eaf54061-78cd-4cf7-a5e6-ca6d1be5f866,725a26af-edde-4ee8-85bc-52d7128241a5,0.4200,IDR,,2026-08-03T11:44:22.917Z
b44055d6-ca25-49aa-8f6b-be7f7706ad79,ea7e732d-7cc1-4b8a-bb65-5f58feaaccd9,productivity,eaf54061-78cd-4cf7-a5e6-ca6d1be5f866,725a26af-edde-4ee8-85bc-52d7128241a5,0.4200,IDR,8d01ffe0-448e-4e4b-8032-ddcf56a91dd3,2026-08-03T11:44:23.643Z
bc852dce-2325-427d-a2c0-4ab82497d52a,7afc856c-5f8f-436a-aeff-85798af70daf,productivity,eaf54061-78cd-4cf7-a5e6-ca6d1be5f866,a8139fa3-32cb-47f5-b241-994ca4af9d6c,0.4200,IDR,11961571-d4b3-4ab3-84da-34e04eb5adbf,2026-08-03T11:44:24.609Z
5b2388fa-0f43-416f-ad21-54fe7978bf55,88232ae2-777b-49eb-9946-9168cb8aee39,price_book,eaf54061-78cd-4cf7-a5e6-ca6d1be5f866,,175000.0000,IDR,93a53d1b-455a-4813-934d-fb0ed37d1691,2026-08-03T11:44:25.460Z
2a754207-42b9-4ba2-80e9-51c6a5951584,cf240409-a16a-4c97-9cbd-5f3b1112a12e,productivity,eaf54061-78cd-4cf7-a5e6-ca6d1be5f866,725a26af-edde-4ee8-85bc-52d7128241a5,0.4200,IDR,,2026-08-03T11:44:26.286Z
8f837688-1e0f-42e6-8c1b-e332c7c2d0ea,53240e4a-ea93-4bdd-970e-8e9194188e36,productivity,7a65c1da-a388-4bb6-a909-86025034ebfa,d1015b4e-cbe0-47b7-a521-b9041b3a5d7f,0.4200,IDR,,2026-08-03T11:50:37.160Z
40cd42c5-e463-403d-bf6a-de64197d0ab6,0f82abb8-6eca-42f8-8971-a798bbe41ff1,productivity,7a65c1da-a388-4bb6-a909-86025034ebfa,d1015b4e-cbe0-47b7-a521-b9041b3a5d7f,0.4200,IDR,54bbd620-87a1-4d68-8334-d4928ffa2c57,2026-08-03T11:50:37.840Z
11d07452-323e-4aaf-9605-e5067a90e760,d4cd09bb-a99f-46bd-be09-ad26ddbfa50a,productivity,7a65c1da-a388-4bb6-a909-86025034ebfa,f34bd5f4-18f7-4a84-840d-0de54ed5d1a9,0.4200,IDR,7cccc9b7-6d09-4149-b8b3-3483da0a8a40,2026-08-03T11:50:38.777Z
e3e145cf-ace8-472a-a2b2-825275eb75d7,2d0b4501-abda-48e7-991f-2a3056d5308c,price_book,7a65c1da-a388-4bb6-a909-86025034ebfa,,175000.0000,IDR,5d05c81d-f111-4c89-bb7b-82e6cd7c0a86,2026-08-03T11:50:39.646Z
ed25e9b9-7423-4a9a-a423-78d020e43eb5,875b23f1-25f0-45f3-94a1-fb33fd946b31,productivity,7a65c1da-a388-4bb6-a909-86025034ebfa,d1015b4e-cbe0-47b7-a521-b9041b3a5d7f,0.4200,IDR,,2026-08-03T11:50:40.563Z
e94517f2-dbbd-4b61-9fbc-c7b6dc4b4f78,66959188-5420-4769-8261-c394b2294041,productivity,3ce58ddc-1a58-4154-9ccf-6ac5a1c68afa,efe383a5-7962-4086-bbb9-67f49e63efb7,0.4200,IDR,,2026-08-03T12:56:00.140Z
1046cc3b-89c3-46de-86a9-22193ffd5c48,db52c40f-db9a-43fc-82b0-66e2ec262250,productivity,3ce58ddc-1a58-4154-9ccf-6ac5a1c68afa,efe383a5-7962-4086-bbb9-67f49e63efb7,0.4200,IDR,8acc0cf1-aea1-4b93-8c60-0d7fb341a0de,2026-08-03T12:56:01.134Z
38f03264-2dd9-40fa-a72c-212353eef4ae,9253042e-bd66-4ea2-ade0-c523677d8e44,productivity,3ce58ddc-1a58-4154-9ccf-6ac5a1c68afa,4fae62ec-a5a2-4124-afd6-1c664e13c57a,0.4200,IDR,22024a67-6990-4104-9498-7670110bfd23,2026-08-03T12:56:02.209Z
90ee56fb-23dd-4b7a-9b6a-5d29fa4dcca5,e6930007-97ac-4abc-97ae-337610a98443,price_book,3ce58ddc-1a58-4154-9ccf-6ac5a1c68afa,,175000.0000,IDR,4f4c4d3f-adbf-4e6d-8529-a9c2e16953ec,2026-08-03T12:56:03.247Z
a3bad633-261d-41c6-9323-d8336fbfee1b,73a749b0-79b5-45ba-a524-3ea7c691dfa6,productivity,3ce58ddc-1a58-4154-9ccf-6ac5a1c68afa,efe383a5-7962-4086-bbb9-67f49e63efb7,0.4200,IDR,,2026-08-03T12:56:04.218Z
