id,resource_id,amount,currency,version_number,effective_date,expired_date,location,supplier,confidence_level,status,verified_by,verified_at,created_at,created_by,updated_at,updated_by,company_id
0f47777a-4c55-4c0b-aa01-17d3cddf3dd0,2148f96d-402c-4c06-9481-905516054230,1000000.00,IDR,1,2025-12-31T17:00:00.000Z,,,,medium,active,a0000000-0000-0000-0000-000000000001,2026-07-29T14:41:13.338Z,2026-07-29T14:41:13.338Z,a0000000-0000-0000-0000-000000000001,2026-07-29T14:41:13.338Z,,
582337ae-518e-469b-ac4b-3ad43673267b,9562d9a4-9119-4ae3-a3c0-4f32576dbb82,25000.00,IDR,1,2019-12-31T17:00:00.000Z,,,,,active,a0000000-0000-0000-0000-000000000001,2026-07-28T20:02:21.234Z,2026-07-28T20:02:21.234Z,a0000000-0000-0000-0000-000000000001,2026-07-28T20:02:21.234Z,,
bb2ea9d7-e212-4ce8-8a6a-4eddfb583dbf,434dc048-1722-46ce-93e1-74be748d2cc5,25000.00,IDR,1,2019-12-31T17:00:00.000Z,,,,,active,a0000000-0000-0000-0000-000000000001,2026-07-28T20:41:31.541Z,2026-07-28T20:41:31.541Z,a0000000-0000-0000-0000-000000000001,2026-07-28T20:41:31.541Z,,
8b35e3fa-3265-47cd-be45-9c07fc8e4bad,dac5390c-f4ef-4459-9a57-6a5adcafe886,50000.00,IDR,1,2025-12-31T17:00:00.000Z,,,,high,expired,a0000000-0000-0000-0000-000000000001,2026-07-24T20:34:55.855Z,2026-07-24T20:34:55.826Z,a0000000-0000-0000-0000-000000000001,2026-07-24T20:34:55.944Z,,
a57265fb-c4af-4951-bd30-faae100df78c,a99eaf54-f1bd-4540-bb7d-ce799b1498d8,25000.00,IDR,1,2019-12-31T17:00:00.000Z,,,,,active,a0000000-0000-0000-0000-000000000001,2026-07-28T21:05:49.279Z,2026-07-28T21:05:49.279Z,a0000000-0000-0000-0000-000000000001,2026-07-28T21:05:49.279Z,,
c219c42d-750c-49d2-9e16-a480ab07157e,24eb143a-09f9-4f06-9104-6ac00280ff4f,25000.00,IDR,1,2019-12-31T17:00:00.000Z,,,,,active,a0000000-0000-0000-0000-000000000001,2026-07-28T21:27:38.278Z,2026-07-28T21:27:38.278Z,a0000000-0000-0000-0000-000000000001,2026-07-28T21:27:38.278Z,,
0cc0c561-7f37-459f-a1ff-d3dac6869165,0a45b796-6bb1-42ef-9139-fd896b53bf55,25000.00,IDR,1,2019-12-31T17:00:00.000Z,,,,,active,a0000000-0000-0000-0000-000000000001,2026-07-29T03:27:52.047Z,2026-07-29T03:27:52.047Z,a0000000-0000-0000-0000-000000000001,2026-07-29T03:27:52.047Z,,
c2b60fc5-ee07-4d8a-b279-8c789c4b615d,e64da389-dcdc-4a7d-a808-39d5cba5d45e,25000.00,IDR,1,2019-12-31T17:00:00.000Z,,,,,active,a0000000-0000-0000-0000-000000000001,2026-07-29T04:03:09.349Z,2026-07-29T04:03:09.349Z,a0000000-0000-0000-0000-000000000001,2026-07-29T04:03:09.349Z,,
996d432b-0609-457b-9d85-cc3f57086866,b81d023e-cda8-463c-8b25-00bea6a50659,25000.00,IDR,1,2019-12-31T17:00:00.000Z,,,,,active,a0000000-0000-0000-0000-000000000001,2026-07-29T04:39:58.333Z,2026-07-29T04:39:58.333Z,a0000000-0000-0000-0000-000000000001,2026-07-29T04:39:58.333Z,,
ddb68426-b078-46ac-9ca5-13f77fb2396c,218bc451-7c56-49ff-a5be-2f1e9e006b8a,25000.00,IDR,1,2019-12-31T17:00:00.000Z,,,,,active,a0000000-0000-0000-0000-000000000001,2026-07-29T03:51:14.291Z,2026-07-29T03:51:14.291Z,a0000000-0000-0000-0000-000000000001,2026-07-29T03:51:14.291Z,,
66f4cfff-d775-41b1-b632-6c37801d34a2,9e1d2df7-38a1-434f-810e-1968f1fc2a20,25000.00,IDR,1,2019-12-31T17:00:00.000Z,,,,,active,a0000000-0000-0000-0000-000000000001,2026-07-29T05:08:28.104Z,2026-07-29T05:08:28.104Z,a0000000-0000-0000-0000-000000000001,2026-07-29T05:08:28.104Z,,
59478a1b-1d84-4049-b7c5-1280e028bf22,6097722d-aeb4-45c1-bb15-1c38dc9e5ae9,25000.00,IDR,1,2019-12-31T17:00:00.000Z,,,,,active,a0000000-0000-0000-0000-000000000001,2026-07-28T20:08:22.995Z,2026-07-28T20:08:22.995Z,a0000000-0000-0000-0000-000000000001,2026-07-28T20:08:22.995Z,,
b73af354-8cde-45d7-af94-ae3d8b0902a3,79406879-25cb-40cf-b9cf-6f68de8ec754,25000.00,IDR,1,2019-12-31T17:00:00.000Z,,,,,active,a0000000-0000-0000-0000-000000000001,2026-07-28T19:27:31.203Z,2026-07-28T19:27:31.203Z,a0000000-0000-0000-0000-000000000001,2026-07-28T19:27:31.203Z,,
33618359-5bc4-440f-991a-3a37131e6281,a955db35-5775-48a3-a15a-282411969f39,25000.00,IDR,1,2019-12-31T17:00:00.000Z,,,,,active,a0000000-0000-0000-0000-000000000001,2026-07-29T11:28:08.656Z,2026-07-29T11:28:08.656Z,a0000000-0000-0000-0000-000000000001,2026-07-29T11:28:08.656Z,,
19497488-fd4b-432b-80af-60287b272bc5,dee8ab2b-5705-4e24-a1d0-2b7fc9ab6471,25000.00,IDR,1,2019-12-31T17:00:00.000Z,,,,,active,a0000000-0000-0000-0000-000000000001,2026-07-28T20:45:31.985Z,2026-07-28T20:45:31.985Z,a0000000-0000-0000-0000-000000000001,2026-07-28T20:45:31.985Z,,
332f0d96-2a50-4e85-af82-4204c7ef4fa6,b2232973-c577-4494-8c13-497e6c13c733,25000.00,IDR,1,2019-12-31T17:00:00.000Z,,,,,active,a0000000-0000-0000-0000-000000000001,2026-07-28T19:29:17.019Z,2026-07-28T19:29:17.019Z,a0000000-0000-0000-0000-000000000001,2026-07-28T19:29:17.019Z,,
d694fe9f-3efe-4662-9c70-db3659c5bc46,6abe0f9d-6823-4282-8d58-8567da9ff252,430000.00,IDR,1,2025-12-31T17:00:00.000Z,,,,medium,active,a0000000-0000-0000-0000-000000000001,2026-07-29T14:41:13.380Z,2026-07-29T14:41:13.380Z,a0000000-0000-0000-0000-000000000001,2026-07-29T14:41:13.380Z,,
646718f3-8207-4d0d-866d-7d3228912225,93a40392-1998-43e7-b973-ebf8083a94d3,25000.00,IDR,1,2019-12-31T17:00:00.000Z,,,,,active,a0000000-0000-0000-0000-000000000001,2026-07-28T21:13:31.522Z,2026-07-28T21:13:31.522Z,a0000000-0000-0000-0000-000000000001,2026-07-28T21:13:31.522Z,,
9bcec632-1dc9-4e0b-8e27-479affa941be,fe536639-67ac-4b7e-8488-02247153ebaa,586.67,IDR,1,2025-12-31T17:00:00.000Z,,,,medium,active,a0000000-0000-0000-0000-000000000001,2026-07-29T14:41:13.422Z,2026-07-29T14:41:13.422Z,a0000000-0000-0000-0000-000000000001,2026-07-29T14:41:13.422Z,,
58f065ae-7bc9-4286-ad1a-df1e90f859c9,48b1f2fb-d00b-4275-b0d1-f86d2e301a68,230000.00,IDR,1,2025-12-31T17:00:00.000Z,,,,medium,active,a0000000-0000-0000-0000-000000000001,2026-07-29T14:41:13.464Z,2026-07-29T14:41:13.464Z,a0000000-0000-0000-0000-000000000001,2026-07-29T14:41:13.464Z,,
b0bbd33d-74d6-4ea6-88c7-fd1101120fcf,7bb52ed9-03fe-4c7a-9b7c-7c37e83f8f8d,25000.00,IDR,1,2019-12-31T17:00:00.000Z,,,,,active,a0000000-0000-0000-0000-000000000001,2026-07-29T06:59:13.445Z,2026-07-29T06:59:13.445Z,a0000000-0000-0000-0000-000000000001,2026-07-29T06:59:13.445Z,,
20da722c-5abb-4b84-a657-f53af5c5b293,4db3bf8c-0e99-4795-b96b-7c983396b9ae,25000.00,IDR,1,2019-12-31T17:00:00.000Z,,,,,active,a0000000-0000-0000-0000-000000000001,2026-07-29T09:23:00.642Z,2026-07-29T09:23:00.642Z,a0000000-0000-0000-0000-000000000001,2026-07-29T09:23:00.642Z,,
c1ee07dc-0171-4bd7-8f48-8ebad7a1fc67,fe92b0eb-2d75-43bb-a2c7-8f065608c07d,25000.00,IDR,1,2019-12-31T17:00:00.000Z,,,,,active,a0000000-0000-0000-0000-000000000001,2026-07-28T21:30:56.373Z,2026-07-28T21:30:56.373Z,a0000000-0000-0000-0000-000000000001,2026-07-28T21:30:56.373Z,,
f62cbda2-4e3e-4bfc-a882-9c2f5a563dbb,e2d9a257-cf4f-41dc-b430-8ba3aca21d5d,25000.00,IDR,1,2019-12-31T17:00:00.000Z,,,,,active,a0000000-0000-0000-0000-000000000001,2026-07-29T04:23:11.886Z,2026-07-29T04:23:11.886Z,a0000000-0000-0000-0000-000000000001,2026-07-29T04:23:11.886Z,,
13adbc56-9f01-4043-abd0-0b2c6422153b,23533cfd-104e-460d-ac66-f7c6334e75f6,25000.00,IDR,1,2019-12-31T17:00:00.000Z,,,,,active,a0000000-0000-0000-0000-000000000001,2026-07-28T20:53:42.492Z,2026-07-28T20:53:42.492Z,a0000000-0000-0000-0000-000000000001,2026-07-28T20:53:42.492Z,,
1d13f2d8-edce-4144-9ec1-361b9d40e170,96274a2d-815c-47f4-acef-a2014fd29223,25000.00,IDR,1,2019-12-31T17:00:00.000Z,,,,,active,a0000000-0000-0000-0000-000000000001,2026-07-29T03:34:40.955Z,2026-07-29T03:34:40.955Z,a0000000-0000-0000-0000-000000000001,2026-07-29T03:34:40.955Z,,
0697be6a-6a3c-489b-a5c5-82efa7438a48,dcc12c4c-b80b-4838-9a37-083d4cf4fec3,25000.00,IDR,1,2019-12-31T17:00:00.000Z,,,,,active,a0000000-0000-0000-0000-000000000001,2026-07-29T03:54:58.115Z,2026-07-29T03:54:58.115Z,a0000000-0000-0000-0000-000000000001,2026-07-29T03:54:58.115Z,,
4567a739-8fbc-460f-875a-585ffed4af46,a727528c-15ae-4d33-8fe5-37258b674c07,25000.00,IDR,1,2019-12-31T17:00:00.000Z,,,,,active,a0000000-0000-0000-0000-000000000001,2026-07-28T21:16:01.555Z,2026-07-28T21:16:01.555Z,a0000000-0000-0000-0000-000000000001,2026-07-28T21:16:01.555Z,,
4f1d681f-ae48-4a50-831e-a1ab0f75dff0,101ad2cf-2258-400c-8ca2-ebfacd354670,25000.00,IDR,1,2019-12-31T17:00:00.000Z,,,,,active,a0000000-0000-0000-0000-000000000001,2026-07-28T19:33:47.294Z,2026-07-28T19:33:47.294Z,a0000000-0000-0000-0000-000000000001,2026-07-28T19:33:47.294Z,,
ec9853cd-c2c7-4846-bae6-7a5949f8449f,34109f40-949d-4d93-aedf-fb20dc588dc8,25000.00,IDR,1,2019-12-31T17:00:00.000Z,,,,,active,a0000000-0000-0000-0000-000000000001,2026-07-28T16:28:36.431Z,2026-07-28T16:28:36.431Z,a0000000-0000-0000-0000-000000000001,2026-07-28T16:28:36.431Z,,
feb6aa45-c127-4a85-8995-b0703d5cfefd,2a1f47ef-2363-48aa-86f4-64c492acb1e3,218500.00,IDR,1,2025-12-31T17:00:00.000Z,,,,medium,active,a0000000-0000-0000-0000-000000000001,2026-07-29T14:41:13.506Z,2026-07-29T14:41:13.506Z,a0000000-0000-0000-0000-000000000001,2026-07-29T14:41:13.506Z,,
4946b919-7137-4470-bef7-fd5f5f8e8c63,ccc2b60c-bea4-4215-9ec9-04424828fce5,21000.00,IDR,1,2025-12-31T17:00:00.000Z,,,,medium,active,a0000000-0000-0000-0000-000000000001,2026-07-29T14:41:13.548Z,2026-07-29T14:41:13.548Z,a0000000-0000-0000-0000-000000000001,2026-07-29T14:41:13.548Z,,
1f12f7fe-d866-4555-b475-c3b3f2f48eae,a4aa5b07-e96c-40d8-a40d-acb37347ec6f,25000.00,IDR,1,2019-12-31T17:00:00.000Z,,,,,active,a0000000-0000-0000-0000-000000000001,2026-07-29T05:24:29.829Z,2026-07-29T05:24:29.829Z,a0000000-0000-0000-0000-000000000001,2026-07-29T05:24:29.829Z,,
aa5350cd-8088-4092-92b9-b3c5ec8a0dfc,f61161b1-c702-45d7-8024-aa26ccd376e2,44100.00,IDR,1,2025-12-31T17:00:00.000Z,,,,medium,active,a0000000-0000-0000-0000-000000000001,2026-07-29T14:41:13.590Z,2026-07-29T14:41:13.590Z,a0000000-0000-0000-0000-000000000001,2026-07-29T14:41:13.590Z,,
b6bd226f-d7d4-4b06-bd0e-cb4bb687b312,076cfa5d-d200-47f0-8101-dea6b9166313,30000.00,IDR,1,2025-12-31T17:00:00.000Z,,,,medium,active,a0000000-0000-0000-0000-000000000001,2026-07-29T14:41:13.632Z,2026-07-29T14:41:13.632Z,a0000000-0000-0000-0000-000000000001,2026-07-29T14:41:13.632Z,,
dc7689fa-6f42-47d9-89c5-2df6ba85b96b,5abf33c1-ec9d-4579-832e-79df370c15da,25000.00,IDR,1,2019-12-31T17:00:00.000Z,,,,,active,a0000000-0000-0000-0000-000000000001,2026-07-28T20:56:30.015Z,2026-07-28T20:56:30.015Z,a0000000-0000-0000-0000-000000000001,2026-07-28T20:56:30.015Z,,
9cce0896-acb1-4464-bd52-ae16617eeeb8,879e160f-754f-4ac3-ac1e-c4282bdbe6cc,25000.00,IDR,1,2019-12-31T17:00:00.000Z,,,,,active,a0000000-0000-0000-0000-000000000001,2026-07-29T11:32:00.872Z,2026-07-29T11:32:00.872Z,a0000000-0000-0000-0000-000000000001,2026-07-29T11:32:00.872Z,,
8ef9a777-debd-4e24-ac58-ba579c12868c,ea13cb2f-f9b5-4ae7-9433-eb0329386a46,25000.00,IDR,1,2019-12-31T17:00:00.000Z,,,,,active,a0000000-0000-0000-0000-000000000001,2026-07-29T07:05:30.333Z,2026-07-29T07:05:30.333Z,a0000000-0000-0000-0000-000000000001,2026-07-29T07:05:30.333Z,,
b86d1975-de18-4488-b4cd-ce5dfa56ce86,180c2a38-74bb-4da8-b7a2-822edf48b2dc,25000.00,IDR,1,2019-12-31T17:00:00.000Z,,,,,active,a0000000-0000-0000-0000-000000000001,2026-07-28T21:57:13.128Z,2026-07-28T21:57:13.128Z,a0000000-0000-0000-0000-000000000001,2026-07-28T21:57:13.128Z,,
bda743e0-bd7c-4821-9ba4-4b4dd0feb165,59335f2d-4c55-4369-834c-9e3836058488,25000.00,IDR,1,2019-12-31T17:00:00.000Z,,,,,active,a0000000-0000-0000-0000-000000000001,2026-07-29T04:32:22.572Z,2026-07-29T04:32:22.572Z,a0000000-0000-0000-0000-000000000001,2026-07-29T04:32:22.572Z,,
b71fc5b8-0dde-47e1-83f7-b06e5444d59d,0f6da661-4544-47cb-a145-067f9a5b62e4,25000.00,IDR,1,2019-12-31T17:00:00.000Z,,,,,active,a0000000-0000-0000-0000-000000000001,2026-07-28T19:41:32.616Z,2026-07-28T19:41:32.616Z,a0000000-0000-0000-0000-000000000001,2026-07-28T19:41:32.616Z,,
9ba64f33-a9af-4224-a5c5-926000b5bf4a,1c585f30-5092-439b-84bc-a21db1f5395c,25000.00,IDR,1,2019-12-31T17:00:00.000Z,,,,,active,a0000000-0000-0000-0000-000000000001,2026-07-29T03:57:22.715Z,2026-07-29T03:57:22.715Z,a0000000-0000-0000-0000-000000000001,2026-07-29T03:57:22.715Z,,
89564ba8-1944-4684-ad64-4b78ecbf5d5f,7917b0fe-6855-4286-8dec-42b4654093f0,25000.00,IDR,1,2019-12-31T17:00:00.000Z,,,,,active,a0000000-0000-0000-0000-000000000001,2026-07-28T21:24:55.988Z,2026-07-28T21:24:55.988Z,a0000000-0000-0000-0000-000000000001,2026-07-28T21:24:55.988Z,,
0a684d8e-6bea-461b-9b23-f64d53b5dda2,7f1df1d0-d7c5-41a5-a38a-0f36eb248163,25000.00,IDR,1,2019-12-31T17:00:00.000Z,,,,,active,a0000000-0000-0000-0000-000000000001,2026-07-28T21:00:51.522Z,2026-07-28T21:00:51.522Z,a0000000-0000-0000-0000-000000000001,2026-07-28T21:00:51.522Z,,
7427eedb-3b91-4806-bde6-e4e627c9384a,6d62d4b4-27b8-494b-a5ca-b60af6917dab,25000.00,IDR,1,2019-12-31T17:00:00.000Z,,,,,active,a0000000-0000-0000-0000-000000000001,2026-07-29T13:21:42.602Z,2026-07-29T13:21:42.602Z,a0000000-0000-0000-0000-000000000001,2026-07-29T13:21:42.602Z,,
63a00a2e-0c0b-4a5a-9dd8-579abb61a6d1,f0d8d483-d0ce-4958-9570-8c4623f8fbe4,25000.00,IDR,1,2019-12-31T17:00:00.000Z,,,,,active,a0000000-0000-0000-0000-000000000001,2026-07-29T06:15:55.509Z,2026-07-29T06:15:55.509Z,a0000000-0000-0000-0000-000000000001,2026-07-29T06:15:55.509Z,,
55337600-0244-4d03-ae76-66610e7e4714,64980d76-4163-436c-8e4b-0ceeeddf0f5f,25000.00,IDR,1,2019-12-31T17:00:00.000Z,,,,,active,a0000000-0000-0000-0000-000000000001,2026-07-29T09:54:37.584Z,2026-07-29T09:54:37.584Z,a0000000-0000-0000-0000-000000000001,2026-07-29T09:54:37.584Z,,
d024c4f5-0894-4a1d-abb6-dbf3b1cecfd5,463b2d35-a0d5-4478-a3b1-986dcb3ccc51,25000.00,IDR,1,2019-12-31T17:00:00.000Z,,,,,active,a0000000-0000-0000-0000-000000000001,2026-07-29T03:17:51.645Z,2026-07-29T03:17:51.645Z,a0000000-0000-0000-0000-000000000001,2026-07-29T03:17:51.645Z,,
d10e1f17-4b8a-4fcb-9ced-08932d66a9d0,8f4d7b16-ba17-4b93-993d-1f5f54562b80,25000.00,IDR,1,2019-12-31T17:00:00.000Z,,,,,active,a0000000-0000-0000-0000-000000000001,2026-07-29T11:52:19.054Z,2026-07-29T11:52:19.054Z,a0000000-0000-0000-0000-000000000001,2026-07-29T11:52:19.054Z,,
63bbcc2f-5c18-43ee-9877-03592da09fe1,64ae2af6-913b-403d-a642-4a28b78ef549,25000.00,IDR,1,2019-12-31T17:00:00.000Z,,,,,active,a0000000-0000-0000-0000-000000000001,2026-07-29T06:28:30.795Z,2026-07-29T06:28:30.795Z,a0000000-0000-0000-0000-000000000001,2026-07-29T06:28:30.795Z,,
30e2d452-e199-4e71-a0cd-0edc0a7197a6,9577fbc2-dce3-4152-8529-4ac1deea1d68,25000.00,IDR,1,2019-12-31T17:00:00.000Z,,,,,active,a0000000-0000-0000-0000-000000000001,2026-07-29T10:49:06.735Z,2026-07-29T10:49:06.735Z,a0000000-0000-0000-0000-000000000001,2026-07-29T10:49:06.735Z,,
52071e89-b4ff-4d83-9f79-9165c1f1cfc7,b44feb2a-1b09-439f-9e4c-e3148eaf9d39,25000.00,IDR,1,2019-12-31T17:00:00.000Z,,,,,active,a0000000-0000-0000-0000-000000000001,2026-07-29T03:45:14.695Z,2026-07-29T03:45:14.695Z,a0000000-0000-0000-0000-000000000001,2026-07-29T03:45:14.695Z,,
662f62a9-0d4f-4d2e-abe0-e9db4f63a393,3089d6e6-0995-484c-94fb-0abd9c3dd779,25000.00,IDR,1,2019-12-31T17:00:00.000Z,,,,,active,a0000000-0000-0000-0000-000000000001,2026-07-29T06:50:36.858Z,2026-07-29T06:50:36.858Z,a0000000-0000-0000-0000-000000000001,2026-07-29T06:50:36.858Z,,
f3c04858-4f0a-4860-8e7a-dfc69640fbce,8d61e6c6-9e6f-4194-83c6-0fbd0454a3ba,25000.00,IDR,1,2019-12-31T17:00:00.000Z,,,,,active,a0000000-0000-0000-0000-000000000001,2026-07-29T12:44:38.647Z,2026-07-29T12:44:38.647Z,a0000000-0000-0000-0000-000000000001,2026-07-29T12:44:38.647Z,,
a0bee584-eb90-48a0-bdab-479133939d70,5b087c3e-6fb1-4029-b82c-00f3a56b420e,25000.00,IDR,1,2019-12-31T17:00:00.000Z,,,,,active,a0000000-0000-0000-0000-000000000001,2026-07-29T08:57:01.321Z,2026-07-29T08:57:01.321Z,a0000000-0000-0000-0000-000000000001,2026-07-29T08:57:01.321Z,,
0047b4df-e171-4faa-88f8-1ae284951ce2,2a64e7ce-583b-4526-a2bb-447ac27e1bb5,25000.00,IDR,1,2019-12-31T17:00:00.000Z,,,,,active,a0000000-0000-0000-0000-000000000001,2026-07-28T19:58:21.666Z,2026-07-28T19:58:21.666Z,a0000000-0000-0000-0000-000000000001,2026-07-28T19:58:21.666Z,,
04b9666c-6218-4cb5-b616-54bcf2205122,6ac3ea6e-3b4a-4dc7-8ad1-bcbb4a496374,25000.00,IDR,1,2019-12-31T17:00:00.000Z,,,,,active,a0000000-0000-0000-0000-000000000001,2026-07-29T04:43:11.530Z,2026-07-29T04:43:11.530Z,a0000000-0000-0000-0000-000000000001,2026-07-29T04:43:11.530Z,,
ba641746-806c-4e18-8e69-f3f12c119660,9941ab01-9434-4234-8b37-ec8a1262c1bd,25000.00,IDR,1,2019-12-31T17:00:00.000Z,,,,,active,a0000000-0000-0000-0000-000000000001,2026-07-29T03:32:14.977Z,2026-07-29T03:32:14.977Z,a0000000-0000-0000-0000-000000000001,2026-07-29T03:32:14.977Z,,
4cd199dd-3a27-41bf-9b1f-ba682e0cec0b,5bfed503-28be-4e9d-84db-414f972670a1,25000.00,IDR,1,2019-12-31T17:00:00.000Z,,,,,active,a0000000-0000-0000-0000-000000000001,2026-07-28T21:52:07.089Z,2026-07-28T21:52:07.089Z,a0000000-0000-0000-0000-000000000001,2026-07-28T21:52:07.089Z,,
c869fa3a-1558-410a-8d5d-1233ce3ca751,05f8a924-e816-45b2-8a5a-e2a79f3f4dd3,1.00,IDR,1,2025-12-31T17:00:00.000Z,,,,medium,active,a0000000-0000-0000-0000-000000000001,2026-07-29T14:41:13.674Z,2026-07-29T14:41:13.674Z,a0000000-0000-0000-0000-000000000001,2026-07-29T14:41:13.674Z,,
fd09a50c-f36f-475f-b61c-1cc188218937,9a846f62-47c1-400a-89f8-055d101ec540,140000.00,IDR,1,2025-12-31T17:00:00.000Z,,,,medium,active,a0000000-0000-0000-0000-000000000001,2026-07-29T14:41:13.715Z,2026-07-29T14:41:13.715Z,a0000000-0000-0000-0000-000000000001,2026-07-29T14:41:13.715Z,,
c3289352-ce60-4924-bfcd-9bb443784ee4,dbaee18c-4643-4c8c-bcbf-bf13c610b4a2,25000.00,IDR,1,2019-12-31T17:00:00.000Z,,,,,active,a0000000-0000-0000-0000-000000000001,2026-07-28T20:12:21.202Z,2026-07-28T20:12:21.202Z,a0000000-0000-0000-0000-000000000001,2026-07-28T20:12:21.202Z,,
c894022c-f358-4120-a9f1-0d0970b82456,c2ebbe78-59f8-4db4-bdbd-08741b19ac84,1700000.00,IDR,1,2025-12-31T17:00:00.000Z,,,,medium,active,a0000000-0000-0000-0000-000000000001,2026-07-29T14:41:13.758Z,2026-07-29T14:41:13.758Z,a0000000-0000-0000-0000-000000000001,2026-07-29T14:41:13.758Z,,
1d8aeab1-916a-415b-bc4e-1810b565a7af,e95c8b85-9888-4f24-b268-dcaa3c99c004,150000.00,IDR,1,2025-12-31T17:00:00.000Z,,,,medium,active,a0000000-0000-0000-0000-000000000001,2026-07-29T14:41:13.800Z,2026-07-29T14:41:13.800Z,a0000000-0000-0000-0000-000000000001,2026-07-29T14:41:13.800Z,,
44f3de9a-a976-4dc1-acfa-ddc105bc4d19,b15f4bf1-2ca4-4f5f-89ef-a7a0bd126b57,430000.00,IDR,1,2025-12-31T17:00:00.000Z,,,,medium,active,a0000000-0000-0000-0000-000000000001,2026-07-29T14:41:13.842Z,2026-07-29T14:41:13.842Z,a0000000-0000-0000-0000-000000000001,2026-07-29T14:41:13.842Z,,
2917c1cf-b2a3-4112-af64-aa9e19ae78dc,d9599edb-c6ce-4b67-8143-bd1641324009,25000.00,IDR,1,2019-12-31T17:00:00.000Z,,,,,active,a0000000-0000-0000-0000-000000000001,2026-07-29T04:26:13.961Z,2026-07-29T04:26:13.961Z,a0000000-0000-0000-0000-000000000001,2026-07-29T04:26:13.961Z,,
660ac17f-6f7d-45ce-a9dc-bc78fda56b63,658aefa3-9223-4aeb-8c95-9ac12709c0a4,25000.00,IDR,1,2019-12-31T17:00:00.000Z,,,,,active,a0000000-0000-0000-0000-000000000001,2026-07-28T21:19:16.257Z,2026-07-28T21:19:16.257Z,a0000000-0000-0000-0000-000000000001,2026-07-28T21:19:16.257Z,,
f6c465bb-d409-4320-8a9f-0337be4119d3,0911fd73-f6b1-4654-8811-deec8d6c1a34,1.00,IDR,1,2025-12-31T17:00:00.000Z,,,,medium,active,a0000000-0000-0000-0000-000000000001,2026-07-29T14:41:13.884Z,2026-07-29T14:41:13.884Z,a0000000-0000-0000-0000-000000000001,2026-07-29T14:41:13.884Z,,
50da02a2-dbf3-4b42-95d0-e7081910a543,d163586e-5cad-4221-b25e-ead0718ba550,1500000.00,IDR,1,2025-12-31T17:00:00.000Z,,,,medium,active,a0000000-0000-0000-0000-000000000001,2026-07-29T14:41:13.926Z,2026-07-29T14:41:13.926Z,a0000000-0000-0000-0000-000000000001,2026-07-29T14:41:13.926Z,,
dd7e009d-fabb-4fb8-917e-b902efb7e4ff,ce2cd0e3-56ce-4ec1-935b-3c68063e21c0,25000.00,IDR,1,2019-12-31T17:00:00.000Z,,,,,active,a0000000-0000-0000-0000-000000000001,2026-07-29T04:55:33.795Z,2026-07-29T04:55:33.795Z,a0000000-0000-0000-0000-000000000001,2026-07-29T04:55:33.795Z,,
5540bde1-28be-413b-8a07-2673cb779780,33bac796-e2c8-48d7-8d72-3a24b2c81784,25000.00,IDR,1,2019-12-31T17:00:00.000Z,,,,,active,a0000000-0000-0000-0000-000000000001,2026-07-28T20:16:26.943Z,2026-07-28T20:16:26.943Z,a0000000-0000-0000-0000-000000000001,2026-07-28T20:16:26.943Z,,
64845daf-e744-432f-8ee9-190c47d036d0,a1d1e88f-23b2-4dee-93cb-070284e9be5a,350000.00,IDR,1,2025-12-31T17:00:00.000Z,,,,medium,active,a0000000-0000-0000-0000-000000000001,2026-07-29T14:41:13.968Z,2026-07-29T14:41:13.968Z,a0000000-0000-0000-0000-000000000001,2026-07-29T14:41:13.968Z,,
9d23aa50-eeff-4121-8e10-832f8865597f,cfe1d559-3670-4c84-9e2c-f3bb474d0b73,25000.00,IDR,1,2019-12-31T17:00:00.000Z,,,,,active,a0000000-0000-0000-0000-000000000001,2026-07-29T03:37:25.634Z,2026-07-29T03:37:25.634Z,a0000000-0000-0000-0000-000000000001,2026-07-29T03:37:25.634Z,,
fca7af6b-ba85-4919-934c-22630c119dcf,94a24e25-1c73-4bb7-afb2-75daad3d8fa4,24700.00,IDR,1,2025-12-31T17:00:00.000Z,,,,medium,active,a0000000-0000-0000-0000-000000000001,2026-07-29T14:41:14.009Z,2026-07-29T14:41:14.009Z,a0000000-0000-0000-0000-000000000001,2026-07-29T14:41:14.009Z,,
dc200ec7-3cb3-4e11-a774-0ad71b22b774,6053aa7d-45b0-43ba-8262-7d6f2aba1715,100000.00,IDR,1,2025-12-31T17:00:00.000Z,,,,medium,active,a0000000-0000-0000-0000-000000000001,2026-07-29T14:41:14.052Z,2026-07-29T14:41:14.052Z,a0000000-0000-0000-0000-000000000001,2026-07-29T14:41:14.052Z,,
4e195ef6-8d95-4ea3-9e76-06a02e54435b,f3f42e3f-eb0e-4a30-b666-6dc5ccd2aa93,3235000.00,IDR,1,2025-12-31T17:00:00.000Z,,,,medium,active,a0000000-0000-0000-0000-000000000001,2026-07-29T14:41:14.094Z,2026-07-29T14:41:14.094Z,a0000000-0000-0000-0000-000000000001,2026-07-29T14:41:14.094Z,,
702a1d09-d03d-4b2f-9e92-e641d69b05d9,f0f369d2-1482-43b2-8776-b55b43543716,25000.00,IDR,1,2019-12-31T17:00:00.000Z,,,,,active,a0000000-0000-0000-0000-000000000001,2026-07-29T03:59:58.602Z,2026-07-29T03:59:58.602Z,a0000000-0000-0000-0000-000000000001,2026-07-29T03:59:58.602Z,,
c9cccdba-f929-4429-938b-f1e7bc841663,818ae7b0-91a7-4697-b8d1-93e18d43903b,25000.00,IDR,1,2019-12-31T17:00:00.000Z,,,,,active,a0000000-0000-0000-0000-000000000001,2026-07-28T20:36:30.818Z,2026-07-28T20:36:30.818Z,a0000000-0000-0000-0000-000000000001,2026-07-28T20:36:30.818Z,,
4fc92085-5c56-4016-8073-21ced931173a,c4f1351d-cb04-4d56-88d9-5ea074f278e7,25000.00,IDR,1,2019-12-31T17:00:00.000Z,,,,,active,a0000000-0000-0000-0000-000000000001,2026-07-29T07:29:06.935Z,2026-07-29T07:29:06.935Z,a0000000-0000-0000-0000-000000000001,2026-07-29T07:29:06.935Z,,
f134bebe-0bb2-4e22-8bad-d7f83e768214,81b8221d-d06e-4d50-bd5e-790e5ba5e6bc,25000.00,IDR,1,2019-12-31T17:00:00.000Z,,,,,active,a0000000-0000-0000-0000-000000000001,2026-07-29T06:34:33.208Z,2026-07-29T06:34:33.208Z,a0000000-0000-0000-0000-000000000001,2026-07-29T06:34:33.208Z,,
1c14b427-9666-46a8-9963-27122572910b,9e70765c-0f68-4472-ba0b-423f6ec58907,25000.00,IDR,1,2019-12-31T17:00:00.000Z,,,,,active,a0000000-0000-0000-0000-000000000001,2026-07-29T03:40:11.394Z,2026-07-29T03:40:11.394Z,a0000000-0000-0000-0000-000000000001,2026-07-29T03:40:11.394Z,,
a2dbca96-d11f-47a1-9887-73253f68a40e,b6255ee6-2f45-44b7-af2f-e47cf855ff4f,25000.00,IDR,1,2019-12-31T17:00:00.000Z,,,,,active,a0000000-0000-0000-0000-000000000001,2026-07-29T05:00:10.092Z,2026-07-29T05:00:10.092Z,a0000000-0000-0000-0000-000000000001,2026-07-29T05:00:10.092Z,,
db63a08a-e2a4-424c-96c4-b6c7fba662d2,c92c4a27-40b6-4d6b-b0e9-465852e33e0f,25000.00,IDR,1,2019-12-31T17:00:00.000Z,,,,,active,a0000000-0000-0000-0000-000000000001,2026-07-29T13:18:26.495Z,2026-07-29T13:18:26.495Z,a0000000-0000-0000-0000-000000000001,2026-07-29T13:18:26.495Z,,
3e657eb4-b557-4b67-b795-c5e2faa8efc2,7216f0ad-ff28-4712-bb1e-e54cdf710f32,25000.00,IDR,1,2019-12-31T17:00:00.000Z,,,,,active,a0000000-0000-0000-0000-000000000001,2026-07-29T09:50:54.850Z,2026-07-29T09:50:54.850Z,a0000000-0000-0000-0000-000000000001,2026-07-29T09:50:54.850Z,,
cd778a4c-b0f4-4511-9f8e-850f69fd3d2f,6b0ee4fd-da20-40b9-851c-a2894165aede,25000.00,IDR,1,2019-12-31T17:00:00.000Z,,,,,active,a0000000-0000-0000-0000-000000000001,2026-07-29T04:37:25.401Z,2026-07-29T04:37:25.401Z,a0000000-0000-0000-0000-000000000001,2026-07-29T04:37:25.401Z,,
7b5934b4-5880-417d-994d-1670ad300668,bedbda27-8cf8-475d-b01c-6341c3598c2d,25000.00,IDR,1,2019-12-31T17:00:00.000Z,,,,,active,a0000000-0000-0000-0000-000000000001,2026-07-29T07:49:50.400Z,2026-07-29T07:49:50.400Z,a0000000-0000-0000-0000-000000000001,2026-07-29T07:49:50.400Z,,
e7ee463e-d8b4-4929-bf89-5d9be47520e3,ddf1de53-9f54-4d71-bb28-b7c745137a58,25000.00,IDR,1,2019-12-31T17:00:00.000Z,,,,,active,a0000000-0000-0000-0000-000000000001,2026-07-29T05:05:07.790Z,2026-07-29T05:05:07.790Z,a0000000-0000-0000-0000-000000000001,2026-07-29T05:05:07.790Z,,
8f7a9493-9492-4e30-90ca-78604148f10b,32f207ef-d794-4f45-b861-06c841aa7956,25000.00,IDR,1,2019-12-31T17:00:00.000Z,,,,,active,a0000000-0000-0000-0000-000000000001,2026-07-29T13:25:02.716Z,2026-07-29T13:25:02.716Z,a0000000-0000-0000-0000-000000000001,2026-07-29T13:25:02.716Z,,
d5039ba0-0eb4-418c-a8fe-1dc439202fb4,bde83f47-8e4a-4da1-bc31-11dd5b68fc20,25000.00,IDR,1,2019-12-31T17:00:00.000Z,,,,,active,a0000000-0000-0000-0000-000000000001,2026-07-29T08:41:53.150Z,2026-07-29T08:41:53.150Z,a0000000-0000-0000-0000-000000000001,2026-07-29T08:41:53.150Z,,
4020bc75-8c8e-43d8-82a9-5ee7cb733442,3fd22e58-8acc-466b-a175-8924904d5bf6,25000.00,IDR,1,2019-12-31T17:00:00.000Z,,,,,active,a0000000-0000-0000-0000-000000000001,2026-07-29T10:45:13.648Z,2026-07-29T10:45:13.648Z,a0000000-0000-0000-0000-000000000001,2026-07-29T10:45:13.648Z,,
fc856789-d335-469f-b304-5542d4a9410e,25188850-c3db-43c9-90f2-5ca55a80e470,25000.00,IDR,1,2019-12-31T17:00:00.000Z,,,,,active,a0000000-0000-0000-0000-000000000001,2026-07-29T13:27:53.676Z,2026-07-29T13:27:53.676Z,a0000000-0000-0000-0000-000000000001,2026-07-29T13:27:53.676Z,,
f8d05b14-cf07-472d-aa83-7c35d008df43,12576703-8b7f-4d87-a530-4a2787eff003,59000.00,IDR,1,2025-12-31T17:00:00.000Z,,,,medium,active,a0000000-0000-0000-0000-000000000001,2026-07-29T14:39:50.502Z,2026-07-29T14:39:50.502Z,a0000000-0000-0000-0000-000000000001,2026-07-29T14:39:50.502Z,,
a970cbaf-e3ae-4c43-a313-3ecd1e6288b9,7605880b-74ee-4a73-8e8d-2c852ad11424,75000.00,IDR,1,2025-12-31T17:00:00.000Z,,,,medium,active,a0000000-0000-0000-0000-000000000001,2026-07-29T14:39:50.564Z,2026-07-29T14:39:50.564Z,a0000000-0000-0000-0000-000000000001,2026-07-29T14:39:50.564Z,,
4b8dd6d2-66f2-45e8-b38b-faf5afa8b606,f0bcfe2a-6fbc-4bbe-ab39-bbe0e55c70d4,430000.00,IDR,1,2025-12-31T17:00:00.000Z,,,,medium,active,a0000000-0000-0000-0000-000000000001,2026-07-29T14:39:50.607Z,2026-07-29T14:39:50.607Z,a0000000-0000-0000-0000-000000000001,2026-07-29T14:39:50.607Z,,
d86d06f3-5ef4-4d47-882c-a0bec99d7f54,ac87ea92-7d2a-4268-ac36-b0fc4abf4eeb,62000.00,IDR,1,2025-12-31T17:00:00.000Z,,,,medium,active,a0000000-0000-0000-0000-000000000001,2026-07-29T14:39:50.652Z,2026-07-29T14:39:50.652Z,a0000000-0000-0000-0000-000000000001,2026-07-29T14:39:50.652Z,,
1b02704c-3de6-49a6-930c-a63be4b184b4,78736b70-b3bb-4a38-b7e1-c32472f18bd2,120000.00,IDR,1,2025-12-31T17:00:00.000Z,,,,medium,active,a0000000-0000-0000-0000-000000000001,2026-07-29T14:39:50.696Z,2026-07-29T14:39:50.696Z,a0000000-0000-0000-0000-000000000001,2026-07-29T14:39:50.696Z,,
39190459-2b9d-41ef-bc8c-2cc92b2ad670,06eb7e7c-c6c0-4ce9-a488-b9e6407446e3,222000.00,IDR,1,2025-12-31T17:00:00.000Z,,,,medium,active,a0000000-0000-0000-0000-000000000001,2026-07-29T14:39:50.738Z,2026-07-29T14:39:50.738Z,a0000000-0000-0000-0000-000000000001,2026-07-29T14:39:50.738Z,,
df4b537b-4cda-4158-856a-847418264da4,11ff6f06-a2c6-4c1d-bab4-e5910b27cbf1,1.00,IDR,1,2025-12-31T17:00:00.000Z,,,,medium,active,a0000000-0000-0000-0000-000000000001,2026-07-29T14:39:50.781Z,2026-07-29T14:39:50.781Z,a0000000-0000-0000-0000-000000000001,2026-07-29T14:39:50.781Z,,
7797ea2a-ec29-45c0-9a52-2965e2f53a41,9abe5b10-3b66-4f58-9f4e-1b95b68a7428,1000000.00,IDR,1,2025-12-31T17:00:00.000Z,,,,medium,active,a0000000-0000-0000-0000-000000000001,2026-07-29T14:39:50.824Z,2026-07-29T14:39:50.824Z,a0000000-0000-0000-0000-000000000001,2026-07-29T14:39:50.824Z,,
56b8dcd5-11c2-4940-9522-70ebd2e39366,6778744c-8388-463b-890a-11a00eda866b,235000.00,IDR,1,2025-12-31T17:00:00.000Z,,,,medium,active,a0000000-0000-0000-0000-000000000001,2026-07-29T14:39:50.868Z,2026-07-29T14:39:50.868Z,a0000000-0000-0000-0000-000000000001,2026-07-29T14:39:50.868Z,,
3a078eab-2795-4ab5-b595-31156d7c240f,e39a1653-bd45-4b1d-87e1-938c56eeb049,9000.00,IDR,1,2025-12-31T17:00:00.000Z,,,,medium,active,a0000000-0000-0000-0000-000000000001,2026-07-29T14:39:50.911Z,2026-07-29T14:39:50.911Z,a0000000-0000-0000-0000-000000000001,2026-07-29T14:39:50.911Z,,
c4f440a9-b119-42f9-8257-c02356cdf3b6,54d13144-52cd-44e3-8656-e84225eb528e,67900.00,IDR,1,2025-12-31T17:00:00.000Z,,,,medium,active,a0000000-0000-0000-0000-000000000001,2026-07-29T14:39:50.956Z,2026-07-29T14:39:50.956Z,a0000000-0000-0000-0000-000000000001,2026-07-29T14:39:50.956Z,,
cbcb3695-ae04-450a-8eb0-6aa86fbee83f,5458f250-eaf6-40f9-9fe3-6565ac88cbcb,37000.00,IDR,1,2025-12-31T17:00:00.000Z,,,,medium,active,a0000000-0000-0000-0000-000000000001,2026-07-29T14:39:51.002Z,2026-07-29T14:39:51.002Z,a0000000-0000-0000-0000-000000000001,2026-07-29T14:39:51.002Z,,
eb6f3ae1-0d80-424d-bbc4-a53ff316195c,168bba0f-7cd4-40cf-a558-3de1cf4b61e6,1.00,IDR,1,2025-12-31T17:00:00.000Z,,,,medium,active,a0000000-0000-0000-0000-000000000001,2026-07-29T14:39:51.045Z,2026-07-29T14:39:51.045Z,a0000000-0000-0000-0000-000000000001,2026-07-29T14:39:51.045Z,,
d9637492-c4f1-4981-a996-01d4223bbdb9,ff34a82b-f38a-4bed-bc97-c7bad422ffcc,275000.00,IDR,1,2025-12-31T17:00:00.000Z,,,,medium,active,a0000000-0000-0000-0000-000000000001,2026-07-29T14:39:51.087Z,2026-07-29T14:39:51.087Z,a0000000-0000-0000-0000-000000000001,2026-07-29T14:39:51.087Z,,
57ea91ae-6230-461f-9cb8-d869629f7551,b3ddf223-57af-4b70-beef-1ec47e5b8846,370000.00,IDR,1,2025-12-31T17:00:00.000Z,,,,medium,active,a0000000-0000-0000-0000-000000000001,2026-07-29T14:39:51.129Z,2026-07-29T14:39:51.129Z,a0000000-0000-0000-0000-000000000001,2026-07-29T14:39:51.129Z,,
09c20c80-4ab7-4ac1-a1f4-db007f739988,8df4756b-bc59-4f59-bcc0-6511b072d537,62500.00,IDR,1,2025-12-31T17:00:00.000Z,,,,medium,active,a0000000-0000-0000-0000-000000000001,2026-07-29T14:39:51.171Z,2026-07-29T14:39:51.171Z,a0000000-0000-0000-0000-000000000001,2026-07-29T14:39:51.171Z,,
c2440315-b5c3-427a-9a49-6e39e07ea20d,7e5acd77-150d-4840-9b8c-8bd6dfe2b839,15500.00,IDR,1,2025-12-31T17:00:00.000Z,,,,medium,active,a0000000-0000-0000-0000-000000000001,2026-07-29T14:39:51.213Z,2026-07-29T14:39:51.213Z,a0000000-0000-0000-0000-000000000001,2026-07-29T14:39:51.213Z,,
21e1da92-42a3-417c-8e2f-ee33a030020a,fc17dcb4-1a7a-4f03-b5dc-5d420fca5b58,3680000.00,IDR,1,2025-12-31T17:00:00.000Z,,,,medium,active,a0000000-0000-0000-0000-000000000001,2026-07-29T14:39:51.257Z,2026-07-29T14:39:51.257Z,a0000000-0000-0000-0000-000000000001,2026-07-29T14:39:51.257Z,,
596b9fe1-7ed0-4265-825a-7b12dc58178d,fcd3bcd3-7a9f-459f-9a3e-0a11a1a73bd0,85500.00,IDR,1,2025-12-31T17:00:00.000Z,,,,medium,active,a0000000-0000-0000-0000-000000000001,2026-07-29T14:39:51.299Z,2026-07-29T14:39:51.299Z,a0000000-0000-0000-0000-000000000001,2026-07-29T14:39:51.299Z,,
bf685128-1ea8-4cbd-a533-2f7eb15dcd0c,a57142ab-7979-475b-9ae3-0a65764d7784,15000.00,IDR,1,2025-12-31T17:00:00.000Z,,,,medium,active,a0000000-0000-0000-0000-000000000001,2026-07-29T14:39:51.341Z,2026-07-29T14:39:51.341Z,a0000000-0000-0000-0000-000000000001,2026-07-29T14:39:51.341Z,,
e934d7fb-53c6-4993-99b8-61043a842a3b,d8872abf-8e9b-49d9-ba56-98b04c94efe7,380000.00,IDR,1,2025-12-31T17:00:00.000Z,,,,medium,active,a0000000-0000-0000-0000-000000000001,2026-07-29T14:39:51.385Z,2026-07-29T14:39:51.385Z,a0000000-0000-0000-0000-000000000001,2026-07-29T14:39:51.385Z,,
8dc9c497-ff82-47a3-8bd5-83e42f26a690,d582b927-0eba-4e1b-aa8f-554866baf2d5,395000.00,IDR,1,2025-12-31T17:00:00.000Z,,,,medium,active,a0000000-0000-0000-0000-000000000001,2026-07-29T14:39:51.427Z,2026-07-29T14:39:51.427Z,a0000000-0000-0000-0000-000000000001,2026-07-29T14:39:51.427Z,,
cd8e2003-afbe-413a-96ab-491041f4b9cd,b5724e76-6b49-404b-ac56-6bb988d7c703,140000.00,IDR,1,2025-12-31T17:00:00.000Z,,,,medium,active,a0000000-0000-0000-0000-000000000001,2026-07-29T14:39:51.469Z,2026-07-29T14:39:51.469Z,a0000000-0000-0000-0000-000000000001,2026-07-29T14:39:51.469Z,,
d8fc7074-177a-4607-922b-2bd3cc14f3ea,cc2999f0-0f0e-4f0f-9d0a-46c936528a0f,1416800.00,IDR,1,2025-12-31T17:00:00.000Z,,,,medium,active,a0000000-0000-0000-0000-000000000001,2026-07-29T14:39:51.511Z,2026-07-29T14:39:51.511Z,a0000000-0000-0000-0000-000000000001,2026-07-29T14:39:51.511Z,,
794a37ba-1576-4960-aedd-53908cfe4504,5417ae8d-0d46-4fb1-a5ad-5d4d8afaeac8,200000.00,IDR,1,2025-12-31T17:00:00.000Z,,,,medium,active,a0000000-0000-0000-0000-000000000001,2026-07-29T14:39:51.554Z,2026-07-29T14:39:51.554Z,a0000000-0000-0000-0000-000000000001,2026-07-29T14:39:51.554Z,,
cb05f447-397d-4562-a258-3737c02f553a,a143b95c-3ed7-4fce-94d0-da37cf96b781,88500.00,IDR,1,2025-12-31T17:00:00.000Z,,,,medium,active,a0000000-0000-0000-0000-000000000001,2026-07-29T14:39:51.596Z,2026-07-29T14:39:51.596Z,a0000000-0000-0000-0000-000000000001,2026-07-29T14:39:51.596Z,,
5c28f7f0-98eb-4bb4-8c8c-0865264c7bef,02eab476-6381-4660-b065-0adcd3cebd88,58500.00,IDR,1,2025-12-31T17:00:00.000Z,,,,medium,active,a0000000-0000-0000-0000-000000000001,2026-07-29T14:39:51.638Z,2026-07-29T14:39:51.638Z,a0000000-0000-0000-0000-000000000001,2026-07-29T14:39:51.638Z,,
9fdcc48f-5306-4ddd-849d-fd4ed4a14273,1a65baf6-cd14-464d-aa8f-9c042fb1a6c8,200000.00,IDR,1,2025-12-31T17:00:00.000Z,,,,medium,active,a0000000-0000-0000-0000-000000000001,2026-07-29T14:39:51.680Z,2026-07-29T14:39:51.680Z,a0000000-0000-0000-0000-000000000001,2026-07-29T14:39:51.680Z,,
e06471dc-4d3f-465d-b222-ff36c275ff15,36617d54-edd8-4719-afee-18d0b102f70b,3000.00,IDR,1,2025-12-31T17:00:00.000Z,,,,medium,active,a0000000-0000-0000-0000-000000000001,2026-07-29T14:39:51.722Z,2026-07-29T14:39:51.722Z,a0000000-0000-0000-0000-000000000001,2026-07-29T14:39:51.722Z,,
768a556f-5520-4f60-b6f6-19f1419a426f,27898b0b-0cf3-4358-bd1e-8d851f80f658,1500000.00,IDR,1,2025-12-31T17:00:00.000Z,,,,medium,active,a0000000-0000-0000-0000-000000000001,2026-07-29T14:39:51.765Z,2026-07-29T14:39:51.765Z,a0000000-0000-0000-0000-000000000001,2026-07-29T14:39:51.765Z,,
ed90a8b0-a7ae-4cc4-b89e-295cac40d91f,bcb4bd96-b5c0-462c-9f36-4b171b6fd475,2600000.00,IDR,1,2025-12-31T17:00:00.000Z,,,,medium,active,a0000000-0000-0000-0000-000000000001,2026-07-29T14:39:51.807Z,2026-07-29T14:39:51.807Z,a0000000-0000-0000-0000-000000000001,2026-07-29T14:39:51.807Z,,
c109b830-6533-40cd-b98e-54fc9d537b21,bd3fa81d-8c12-4fcf-bad5-f4c11f83b220,2000.00,IDR,1,2025-12-31T17:00:00.000Z,,,,medium,active,a0000000-0000-0000-0000-000000000001,2026-07-29T14:39:51.850Z,2026-07-29T14:39:51.850Z,a0000000-0000-0000-0000-000000000001,2026-07-29T14:39:51.850Z,,
85466713-f80d-4028-8f0a-950a52b1e4c7,7afa28cb-4382-4b5d-b354-c62e81077423,22800.00,IDR,1,2025-12-31T17:00:00.000Z,,,,medium,active,a0000000-0000-0000-0000-000000000001,2026-07-29T14:39:51.892Z,2026-07-29T14:39:51.892Z,a0000000-0000-0000-0000-000000000001,2026-07-29T14:39:51.892Z,,
4c16308d-107c-4195-8144-19e85cfd1cec,f6c8b16c-5e64-49ec-9314-3326b1fa4541,77000.00,IDR,1,2025-12-31T17:00:00.000Z,,,,medium,active,a0000000-0000-0000-0000-000000000001,2026-07-29T14:39:51.935Z,2026-07-29T14:39:51.935Z,a0000000-0000-0000-0000-000000000001,2026-07-29T14:39:51.935Z,,
189cf541-c64a-49a5-bedb-7b28847edbe9,82b620aa-dfa2-46df-86c7-b0fdd9b8b847,650000.00,IDR,1,2025-12-31T17:00:00.000Z,,,,medium,active,a0000000-0000-0000-0000-000000000001,2026-07-29T14:39:51.977Z,2026-07-29T14:39:51.977Z,a0000000-0000-0000-0000-000000000001,2026-07-29T14:39:51.977Z,,
d2d8f794-0846-40af-9f72-67386f674b54,67c97628-dde2-4c53-a96c-c733a5c7ebc1,2565000.00,IDR,1,2025-12-31T17:00:00.000Z,,,,medium,active,a0000000-0000-0000-0000-000000000001,2026-07-29T14:39:52.020Z,2026-07-29T14:39:52.020Z,a0000000-0000-0000-0000-000000000001,2026-07-29T14:39:52.020Z,,
5415e689-e312-4cf6-9079-4deb0b7c3506,f2d24fee-7675-49d1-a1e9-f24f226e35aa,1.00,IDR,1,2025-12-31T17:00:00.000Z,,,,medium,active,a0000000-0000-0000-0000-000000000001,2026-07-29T14:39:52.061Z,2026-07-29T14:39:52.061Z,a0000000-0000-0000-0000-000000000001,2026-07-29T14:39:52.061Z,,
1ef84c50-1dc7-4e0d-bb4a-03c4f7d42124,54bd2cdf-b575-4fbf-9632-6ad05cb80561,200000.00,IDR,1,2025-12-31T17:00:00.000Z,,,,medium,active,a0000000-0000-0000-0000-000000000001,2026-07-29T14:39:52.103Z,2026-07-29T14:39:52.103Z,a0000000-0000-0000-0000-000000000001,2026-07-29T14:39:52.103Z,,
8cdf07a8-cad4-4ca9-a287-a7af4446c142,c3bbb587-219f-4fbc-9767-176a2fa97b54,19400.00,IDR,1,2025-12-31T17:00:00.000Z,,,,medium,active,a0000000-0000-0000-0000-000000000001,2026-07-29T14:39:52.145Z,2026-07-29T14:39:52.145Z,a0000000-0000-0000-0000-000000000001,2026-07-29T14:39:52.145Z,,
5dba7038-3f2c-49c9-8168-4b7554ce7e2a,c27de901-3333-44bc-868e-eb7c6ed7a2be,48000.00,IDR,1,2025-12-31T17:00:00.000Z,,,,medium,active,a0000000-0000-0000-0000-000000000001,2026-07-29T14:39:52.187Z,2026-07-29T14:39:52.187Z,a0000000-0000-0000-0000-000000000001,2026-07-29T14:39:52.187Z,,
1809888f-bcd0-4f0b-b2ae-d03b82160b04,c4aaf460-1799-4615-83ae-7810ac52c987,2700000.00,IDR,1,2025-12-31T17:00:00.000Z,,,,medium,active,a0000000-0000-0000-0000-000000000001,2026-07-29T14:39:52.229Z,2026-07-29T14:39:52.229Z,a0000000-0000-0000-0000-000000000001,2026-07-29T14:39:52.229Z,,
38a66417-d9b1-4adb-92e6-d9fbcea3eb15,89c4790c-8520-4597-a5b2-c07bf8721c80,10000.00,IDR,1,2025-12-31T17:00:00.000Z,,,,medium,active,a0000000-0000-0000-0000-000000000001,2026-07-29T14:39:52.271Z,2026-07-29T14:39:52.271Z,a0000000-0000-0000-0000-000000000001,2026-07-29T14:39:52.271Z,,
ea88b608-4342-4faf-b817-04ce556f30ce,8056af96-d280-44c0-9418-ad8605959312,270000.00,IDR,1,2025-12-31T17:00:00.000Z,,,,medium,active,a0000000-0000-0000-0000-000000000001,2026-07-29T14:39:52.313Z,2026-07-29T14:39:52.313Z,a0000000-0000-0000-0000-000000000001,2026-07-29T14:39:52.313Z,,
af33ce91-f6a2-49db-9589-ee89cd6c2a37,d4961b01-2511-4254-8740-5fb27f6034e7,12000.00,IDR,1,2025-12-31T17:00:00.000Z,,,,medium,active,a0000000-0000-0000-0000-000000000001,2026-07-29T14:39:52.356Z,2026-07-29T14:39:52.356Z,a0000000-0000-0000-0000-000000000001,2026-07-29T14:39:52.356Z,,
e98670bb-db0c-4490-bce2-56d88eaa6b9d,cd11384f-6aa1-415a-a2ca-4365b4deda1a,120000.00,IDR,1,2025-12-31T17:00:00.000Z,,,,medium,active,a0000000-0000-0000-0000-000000000001,2026-07-29T14:39:52.397Z,2026-07-29T14:39:52.397Z,a0000000-0000-0000-0000-000000000001,2026-07-29T14:39:52.397Z,,
5db542cc-d741-42a5-934a-a1df633e24ac,34de2540-2bdc-4548-9d8c-e70894b1e541,641000.00,IDR,1,2025-12-31T17:00:00.000Z,,,,medium,active,a0000000-0000-0000-0000-000000000001,2026-07-29T14:39:52.439Z,2026-07-29T14:39:52.439Z,a0000000-0000-0000-0000-000000000001,2026-07-29T14:39:52.439Z,,
48dfb1da-5ee7-4783-83bb-e7134d3a1c52,1334d848-e941-4c0a-b08e-17967d2bae99,100000.00,IDR,1,2025-12-31T17:00:00.000Z,,,,medium,active,a0000000-0000-0000-0000-000000000001,2026-07-29T14:39:52.481Z,2026-07-29T14:39:52.481Z,a0000000-0000-0000-0000-000000000001,2026-07-29T14:39:52.481Z,,
088a75b5-1bf3-41af-92db-7aa8d7202867,fcc169f3-55ab-4d81-9a75-40ce74402386,10000.00,IDR,1,2025-12-31T17:00:00.000Z,,,,medium,active,a0000000-0000-0000-0000-000000000001,2026-07-29T14:39:52.523Z,2026-07-29T14:39:52.523Z,a0000000-0000-0000-0000-000000000001,2026-07-29T14:39:52.523Z,,
8a06184d-2895-45fc-9370-99d22168824f,a3186995-510a-4b6d-b6dc-85d73bb02af0,275000.00,IDR,1,2025-12-31T17:00:00.000Z,,,,medium,active,a0000000-0000-0000-0000-000000000001,2026-07-29T14:39:52.565Z,2026-07-29T14:39:52.565Z,a0000000-0000-0000-0000-000000000001,2026-07-29T14:39:52.565Z,,
ac130604-3a9e-403e-895d-3ca0e63ee146,3ba885fc-246b-4f77-b62e-132bee619f41,350000.00,IDR,1,2025-12-31T17:00:00.000Z,,,,medium,active,a0000000-0000-0000-0000-000000000001,2026-07-29T14:39:52.607Z,2026-07-29T14:39:52.607Z,a0000000-0000-0000-0000-000000000001,2026-07-29T14:39:52.607Z,,
9e272dc9-88ba-4608-96d9-f33988ee0518,5533b349-f618-414c-b281-4e63b714fbf7,50000.00,IDR,1,2025-12-31T17:00:00.000Z,,,,medium,active,a0000000-0000-0000-0000-000000000001,2026-07-29T14:39:52.650Z,2026-07-29T14:39:52.650Z,a0000000-0000-0000-0000-000000000001,2026-07-29T14:39:52.650Z,,
bdc17f37-76f4-454c-98b0-1a6048dbed7f,21f55db4-5d06-4264-a19e-2f99335c3937,937100.00,IDR,1,2025-12-31T17:00:00.000Z,,,,medium,active,a0000000-0000-0000-0000-000000000001,2026-07-29T14:39:52.694Z,2026-07-29T14:39:52.694Z,a0000000-0000-0000-0000-000000000001,2026-07-29T14:39:52.694Z,,
403212ff-8b47-4099-9f71-cf90db467ccf,899e8522-e4fa-4caf-8551-46c6b014c8dc,41700.00,IDR,1,2025-12-31T17:00:00.000Z,,,,medium,active,a0000000-0000-0000-0000-000000000001,2026-07-29T14:39:52.736Z,2026-07-29T14:39:52.736Z,a0000000-0000-0000-0000-000000000001,2026-07-29T14:39:52.736Z,,
6c063109-01da-41c9-a658-445789f0f4d8,2a356c48-66b0-408b-885f-a4c86c9fb06c,19500.00,IDR,1,2025-12-31T17:00:00.000Z,,,,medium,active,a0000000-0000-0000-0000-000000000001,2026-07-29T14:39:52.777Z,2026-07-29T14:39:52.777Z,a0000000-0000-0000-0000-000000000001,2026-07-29T14:39:52.777Z,,
96477c7a-c61f-43ec-93cb-550244c4781f,66c948fa-e2a9-41c6-b0b6-e2b9dc7c1cf5,165000.00,IDR,1,2025-12-31T17:00:00.000Z,,,,medium,active,a0000000-0000-0000-0000-000000000001,2026-07-29T14:39:52.819Z,2026-07-29T14:39:52.819Z,a0000000-0000-0000-0000-000000000001,2026-07-29T14:39:52.819Z,,
91c7fa4b-2a52-4472-8dcd-5aa06926cc88,150eb126-d986-4993-9df6-933fadec805b,20000.00,IDR,1,2025-12-31T17:00:00.000Z,,,,medium,active,a0000000-0000-0000-0000-000000000001,2026-07-29T14:39:52.861Z,2026-07-29T14:39:52.861Z,a0000000-0000-0000-0000-000000000001,2026-07-29T14:39:52.861Z,,
e07a3cee-2975-41ce-a670-35e4c4300019,c83efd4a-461a-4c87-9b31-be9cb88f56b3,352300.00,IDR,1,2025-12-31T17:00:00.000Z,,,,medium,active,a0000000-0000-0000-0000-000000000001,2026-07-29T14:39:52.902Z,2026-07-29T14:39:52.902Z,a0000000-0000-0000-0000-000000000001,2026-07-29T14:39:52.902Z,,
39ec0755-ec1b-48b7-8fe2-a65f5148dc78,4bb22640-8516-4fbf-ab51-d50520c6c7e1,350000.00,IDR,1,2025-12-31T17:00:00.000Z,,,,medium,active,a0000000-0000-0000-0000-000000000001,2026-07-29T14:39:52.944Z,2026-07-29T14:39:52.944Z,a0000000-0000-0000-0000-000000000001,2026-07-29T14:39:52.944Z,,
ac767569-47df-4c91-8ea7-11ddd58ad52f,d251685c-ca03-4cb3-b6d6-fc04786288b2,1000000.00,IDR,1,2025-12-31T17:00:00.000Z,,,,medium,active,a0000000-0000-0000-0000-000000000001,2026-07-29T14:39:52.986Z,2026-07-29T14:39:52.986Z,a0000000-0000-0000-0000-000000000001,2026-07-29T14:39:52.986Z,,
1749a6aa-1cd1-41e0-95de-83d673b02063,f75ae546-bc63-4eca-8550-e7bcdb881291,3970000.00,IDR,1,2025-12-31T17:00:00.000Z,,,,medium,active,a0000000-0000-0000-0000-000000000001,2026-07-29T14:39:53.027Z,2026-07-29T14:39:53.027Z,a0000000-0000-0000-0000-000000000001,2026-07-29T14:39:53.027Z,,
ba8340e2-e2af-458f-87d7-8b3053e4fd49,52693995-d24a-454b-94ba-29f73e23fbe3,306600.00,IDR,1,2025-12-31T17:00:00.000Z,,,,medium,active,a0000000-0000-0000-0000-000000000001,2026-07-29T14:39:53.071Z,2026-07-29T14:39:53.071Z,a0000000-0000-0000-0000-000000000001,2026-07-29T14:39:53.071Z,,
0d5507e7-0138-435f-ab89-ccc75f90dc75,11ecb231-692a-4962-9afa-12c4aaf534cd,67900.00,IDR,1,2025-12-31T17:00:00.000Z,,,,medium,active,a0000000-0000-0000-0000-000000000001,2026-07-29T14:39:53.113Z,2026-07-29T14:39:53.113Z,a0000000-0000-0000-0000-000000000001,2026-07-29T14:39:53.113Z,,
51799fec-9570-4563-96fe-147c4c84eba0,40259456-6b12-4c34-9513-de3bf62fe413,50000.00,IDR,1,2025-12-31T17:00:00.000Z,,,,medium,active,a0000000-0000-0000-0000-000000000001,2026-07-29T14:39:53.155Z,2026-07-29T14:39:53.155Z,a0000000-0000-0000-0000-000000000001,2026-07-29T14:39:53.155Z,,
ea35d78c-5271-43ea-8a03-4c086b9d030d,2928b9c5-c7fa-48c9-8304-939901cd2eec,4560000.00,IDR,1,2025-12-31T17:00:00.000Z,,,,medium,active,a0000000-0000-0000-0000-000000000001,2026-07-29T14:39:53.197Z,2026-07-29T14:39:53.197Z,a0000000-0000-0000-0000-000000000001,2026-07-29T14:39:53.197Z,,
15819362-b10a-4ebe-8d62-937228500eed,561715c5-83ab-4a14-9989-11f6da3cadff,1500000.00,IDR,1,2025-12-31T17:00:00.000Z,,,,medium,active,a0000000-0000-0000-0000-000000000001,2026-07-29T14:39:53.239Z,2026-07-29T14:39:53.239Z,a0000000-0000-0000-0000-000000000001,2026-07-29T14:39:53.239Z,,
acff276f-36fc-417a-9e17-d19c7ea2e045,09842dc6-4277-45ed-86a3-acad84448d85,1740600.00,IDR,1,2025-12-31T17:00:00.000Z,,,,medium,active,a0000000-0000-0000-0000-000000000001,2026-07-29T14:39:53.281Z,2026-07-29T14:39:53.281Z,a0000000-0000-0000-0000-000000000001,2026-07-29T14:39:53.281Z,,
f459645c-3253-44e8-a349-203cbfab65c5,bc41f5fc-dac3-417e-9ad2-c98e732a9395,96000.00,IDR,1,2025-12-31T17:00:00.000Z,,,,medium,active,a0000000-0000-0000-0000-000000000001,2026-07-29T14:39:53.323Z,2026-07-29T14:39:53.323Z,a0000000-0000-0000-0000-000000000001,2026-07-29T14:39:53.323Z,,
6cf13c86-4cd3-4846-bd8a-67638d09f296,8a6566ec-39bd-4564-a527-859647b84544,39000.00,IDR,1,2025-12-31T17:00:00.000Z,,,,medium,active,a0000000-0000-0000-0000-000000000001,2026-07-29T14:39:53.365Z,2026-07-29T14:39:53.365Z,a0000000-0000-0000-0000-000000000001,2026-07-29T14:39:53.365Z,,
6885a4a3-6464-4882-a91b-55907280f697,68e8a1ef-dee0-4b6e-9a88-9b73682c29d1,350000.00,IDR,1,2025-12-31T17:00:00.000Z,,,,medium,active,a0000000-0000-0000-0000-000000000001,2026-07-29T14:39:53.407Z,2026-07-29T14:39:53.407Z,a0000000-0000-0000-0000-000000000001,2026-07-29T14:39:53.407Z,,
c8746a7b-117a-44e3-b80c-d6fe0691dbe8,a7f0fb4d-1fa1-4ce1-aa6a-e6a15f484a91,1.00,IDR,1,2025-12-31T17:00:00.000Z,,,,medium,active,a0000000-0000-0000-0000-000000000001,2026-07-29T14:39:53.448Z,2026-07-29T14:39:53.448Z,a0000000-0000-0000-0000-000000000001,2026-07-29T14:39:53.448Z,,
d9280c14-b85c-4aff-a577-0e377da0c085,6887532b-aa6b-4e9d-8005-4eb5b30770b1,507600.00,IDR,1,2025-12-31T17:00:00.000Z,,,,medium,active,a0000000-0000-0000-0000-000000000001,2026-07-29T14:39:53.490Z,2026-07-29T14:39:53.490Z,a0000000-0000-0000-0000-000000000001,2026-07-29T14:39:53.490Z,,
dbe7c4ce-899f-4839-92f0-ff667fb430ee,54b550dc-bbfc-40eb-9a67-7e5b89796048,200.00,IDR,1,2025-12-31T17:00:00.000Z,,,,medium,active,a0000000-0000-0000-0000-000000000001,2026-07-29T14:39:53.532Z,2026-07-29T14:39:53.532Z,a0000000-0000-0000-0000-000000000001,2026-07-29T14:39:53.532Z,,
947ff318-92d4-49fd-bcd6-57f698b0bec8,30d3b15d-6a1f-48c3-a71f-50138c94babc,337000.00,IDR,1,2025-12-31T17:00:00.000Z,,,,medium,active,a0000000-0000-0000-0000-000000000001,2026-07-29T14:39:53.574Z,2026-07-29T14:39:53.574Z,a0000000-0000-0000-0000-000000000001,2026-07-29T14:39:53.574Z,,
bab43411-0e4b-4708-830a-8803b5eccbbc,25736f79-7200-4e47-b4a7-9514365f25ac,150000.00,IDR,1,2025-12-31T17:00:00.000Z,,,,medium,active,a0000000-0000-0000-0000-000000000001,2026-07-29T14:39:53.616Z,2026-07-29T14:39:53.616Z,a0000000-0000-0000-0000-000000000001,2026-07-29T14:39:53.616Z,,
b61ab35b-731f-4ff5-9ac9-7ffd1c4c00bf,312bcdb1-dbd8-45a4-963a-185007ea6ae7,130000.00,IDR,1,2025-12-31T17:00:00.000Z,,,,medium,active,a0000000-0000-0000-0000-000000000001,2026-07-29T14:39:53.657Z,2026-07-29T14:39:53.657Z,a0000000-0000-0000-0000-000000000001,2026-07-29T14:39:53.657Z,,
656a238d-8407-4fb0-892f-e3d5b3806c90,aec0e2a1-3e9a-414d-ac33-1521d9ce3769,39500.00,IDR,1,2025-12-31T17:00:00.000Z,,,,medium,active,a0000000-0000-0000-0000-000000000001,2026-07-29T14:39:53.699Z,2026-07-29T14:39:53.699Z,a0000000-0000-0000-0000-000000000001,2026-07-29T14:39:53.699Z,,
f1ec48d2-91b4-420c-b6ed-2a7ea3d1d933,1943a22a-b2fe-4dca-8dde-ace57bf142a1,6000.00,IDR,1,2025-12-31T17:00:00.000Z,,,,medium,active,a0000000-0000-0000-0000-000000000001,2026-07-29T14:39:53.741Z,2026-07-29T14:39:53.741Z,a0000000-0000-0000-0000-000000000001,2026-07-29T14:39:53.741Z,,
36f5bbb0-bd7c-4c16-9b88-615610be5164,d4b770fe-90f2-41af-827c-5fd1c575e345,25000.00,IDR,1,2025-12-31T17:00:00.000Z,,,,medium,active,a0000000-0000-0000-0000-000000000001,2026-07-29T14:39:53.783Z,2026-07-29T14:39:53.783Z,a0000000-0000-0000-0000-000000000001,2026-07-29T14:39:53.783Z,,
798a48fa-3c7a-437b-8d5d-0ace8896e2a3,d13b1818-4eb7-4f43-b103-22aec8e6601f,1550000.00,IDR,1,2025-12-31T17:00:00.000Z,,,,medium,active,a0000000-0000-0000-0000-000000000001,2026-07-29T14:39:53.824Z,2026-07-29T14:39:53.824Z,a0000000-0000-0000-0000-000000000001,2026-07-29T14:39:53.824Z,,
1c78af4a-598a-4640-93c1-985051356e5f,11547f09-f3a6-4153-8adf-6c17da73391d,12000.00,IDR,1,2025-12-31T17:00:00.000Z,,,,medium,active,a0000000-0000-0000-0000-000000000001,2026-07-29T14:39:53.866Z,2026-07-29T14:39:53.866Z,a0000000-0000-0000-0000-000000000001,2026-07-29T14:39:53.866Z,,
a30157af-3920-459c-9e6f-393eb584cce2,f1d455bd-e1af-495d-8f47-916963322b07,380000.00,IDR,1,2025-12-31T17:00:00.000Z,,,,medium,active,a0000000-0000-0000-0000-000000000001,2026-07-29T14:39:53.908Z,2026-07-29T14:39:53.908Z,a0000000-0000-0000-0000-000000000001,2026-07-29T14:39:53.908Z,,
3a026b7c-495b-4a2f-9441-1dc21ae7f3ce,0e85a207-67a9-4619-85d0-8a17e084b98f,215000.00,IDR,1,2025-12-31T17:00:00.000Z,,,,medium,active,a0000000-0000-0000-0000-000000000001,2026-07-29T14:39:53.949Z,2026-07-29T14:39:53.949Z,a0000000-0000-0000-0000-000000000001,2026-07-29T14:39:53.949Z,,
12958d21-dcab-4432-9c3a-3dfca5a29401,7ee9c8fd-8b84-4e15-9fe7-2af535f9fc8d,286500.00,IDR,1,2025-12-31T17:00:00.000Z,,,,medium,active,a0000000-0000-0000-0000-000000000001,2026-07-29T14:39:53.991Z,2026-07-29T14:39:53.991Z,a0000000-0000-0000-0000-000000000001,2026-07-29T14:39:53.991Z,,
515c795a-ee55-4615-a83d-8b7455c0b97b,6e82db71-26b0-406f-8bc5-894915ddec49,20000.00,IDR,1,2025-12-31T17:00:00.000Z,,,,medium,active,a0000000-0000-0000-0000-000000000001,2026-07-29T14:39:54.032Z,2026-07-29T14:39:54.032Z,a0000000-0000-0000-0000-000000000001,2026-07-29T14:39:54.032Z,,
f7fbeac0-b5a1-4369-bdf3-7a3046fcdc52,f0f89413-6ba4-4770-9c9b-782a345b23c8,9000.00,IDR,1,2025-12-31T17:00:00.000Z,,,,medium,active,a0000000-0000-0000-0000-000000000001,2026-07-29T14:39:54.074Z,2026-07-29T14:39:54.074Z,a0000000-0000-0000-0000-000000000001,2026-07-29T14:39:54.074Z,,
d692294a-3529-43a6-87b6-43c9a14e0598,0a3d9264-dc93-44db-82cb-e363f75241ca,75000.00,IDR,1,2025-12-31T17:00:00.000Z,,,,medium,active,a0000000-0000-0000-0000-000000000001,2026-07-29T14:39:54.116Z,2026-07-29T14:39:54.116Z,a0000000-0000-0000-0000-000000000001,2026-07-29T14:39:54.116Z,,
61c5b9e6-d967-4805-b934-306e44cddaf9,00fe2118-e55f-4df7-b87e-672650464986,30000.00,IDR,1,2025-12-31T17:00:00.000Z,,,,medium,active,a0000000-0000-0000-0000-000000000001,2026-07-29T14:39:54.158Z,2026-07-29T14:39:54.158Z,a0000000-0000-0000-0000-000000000001,2026-07-29T14:39:54.158Z,,
0dea7667-d374-42bd-a887-90bc1e80f612,6037ecb0-209e-40ff-b77d-a50a42efec65,80000.00,IDR,1,2025-12-31T17:00:00.000Z,,,,medium,active,a0000000-0000-0000-0000-000000000001,2026-07-29T14:39:54.199Z,2026-07-29T14:39:54.199Z,a0000000-0000-0000-0000-000000000001,2026-07-29T14:39:54.199Z,,
ab34b0c2-c382-4947-86da-0e4472cc538b,afe0ea82-9acd-4158-a62b-54156e1054ab,1.00,IDR,1,2025-12-31T17:00:00.000Z,,,,medium,active,a0000000-0000-0000-0000-000000000001,2026-07-29T14:39:54.242Z,2026-07-29T14:39:54.242Z,a0000000-0000-0000-0000-000000000001,2026-07-29T14:39:54.242Z,,
3686737e-5517-488c-a7dd-8b099dabd00e,ace0a9a0-ff7c-4df1-8160-df1220dd7b95,266000.00,IDR,1,2025-12-31T17:00:00.000Z,,,,medium,active,a0000000-0000-0000-0000-000000000001,2026-07-29T14:39:54.283Z,2026-07-29T14:39:54.283Z,a0000000-0000-0000-0000-000000000001,2026-07-29T14:39:54.283Z,,
01fb4167-f0e1-48cf-b123-0f7cccc092bb,c7c82670-28d4-4f64-9551-17b88cb2000e,17250.00,IDR,1,2025-12-31T17:00:00.000Z,,,,medium,active,a0000000-0000-0000-0000-000000000001,2026-07-29T14:39:54.325Z,2026-07-29T14:39:54.325Z,a0000000-0000-0000-0000-000000000001,2026-07-29T14:39:54.325Z,,
aee9f824-fd0e-44bd-a821-df80569130c7,a50912dc-8b15-4e56-b49e-ddb1a8e2392a,1345000.00,IDR,1,2025-12-31T17:00:00.000Z,,,,medium,active,a0000000-0000-0000-0000-000000000001,2026-07-29T14:39:54.367Z,2026-07-29T14:39:54.367Z,a0000000-0000-0000-0000-000000000001,2026-07-29T14:39:54.367Z,,
1321b795-8a7a-4ec4-8630-2495df01788f,636bfae6-91e9-4906-9911-1fb6c158ffd8,145000.00,IDR,1,2025-12-31T17:00:00.000Z,,,,medium,active,a0000000-0000-0000-0000-000000000001,2026-07-29T14:39:54.409Z,2026-07-29T14:39:54.409Z,a0000000-0000-0000-0000-000000000001,2026-07-29T14:39:54.409Z,,
804e63af-d86a-4e16-a790-6c1e47c771b2,bf805a4f-287a-46d8-ad00-30094fbeca12,1500000.00,IDR,1,2025-12-31T17:00:00.000Z,,,,medium,active,a0000000-0000-0000-0000-000000000001,2026-07-29T14:39:54.451Z,2026-07-29T14:39:54.451Z,a0000000-0000-0000-0000-000000000001,2026-07-29T14:39:54.451Z,,
93271ef8-402a-419b-986a-c1a4a1c360e1,2fc48fe7-36de-4a5c-a8f6-15dd1b3e5d9f,1150000.00,IDR,1,2025-12-31T17:00:00.000Z,,,,medium,active,a0000000-0000-0000-0000-000000000001,2026-07-29T14:39:54.493Z,2026-07-29T14:39:54.493Z,a0000000-0000-0000-0000-000000000001,2026-07-29T14:39:54.493Z,,
f7bc9877-bb57-4d87-b40f-d2f80d434264,4a66bd3a-31f0-4722-8042-cf6f22aa962b,11500.00,IDR,1,2025-12-31T17:00:00.000Z,,,,medium,active,a0000000-0000-0000-0000-000000000001,2026-07-29T14:39:54.535Z,2026-07-29T14:39:54.535Z,a0000000-0000-0000-0000-000000000001,2026-07-29T14:39:54.535Z,,
397d21ee-282b-44f9-aaa0-b4c81b7286cc,51f4301c-0c23-4f75-b75f-6adefc8e9938,190000.00,IDR,1,2025-12-31T17:00:00.000Z,,,,medium,active,a0000000-0000-0000-0000-000000000001,2026-07-29T14:39:54.577Z,2026-07-29T14:39:54.577Z,a0000000-0000-0000-0000-000000000001,2026-07-29T14:39:54.577Z,,
2b913ea2-a719-4854-9e02-94d1b157e492,a0503f8a-3074-4bf9-9a05-25eb09e6a4d1,140500.00,IDR,1,2025-12-31T17:00:00.000Z,,,,medium,active,a0000000-0000-0000-0000-000000000001,2026-07-29T14:39:54.619Z,2026-07-29T14:39:54.619Z,a0000000-0000-0000-0000-000000000001,2026-07-29T14:39:54.619Z,,
37cc81c2-4d5f-4dde-b1e7-e2510725dce4,d533f073-2987-414d-8695-27413ca3b243,350000.00,IDR,1,2025-12-31T17:00:00.000Z,,,,medium,active,a0000000-0000-0000-0000-000000000001,2026-07-29T14:39:54.661Z,2026-07-29T14:39:54.661Z,a0000000-0000-0000-0000-000000000001,2026-07-29T14:39:54.661Z,,
214f1786-ae21-45f5-86fa-362403c3eb70,53a785b5-b5c7-4f64-8213-c63d0a939b11,13900.00,IDR,1,2025-12-31T17:00:00.000Z,,,,medium,active,a0000000-0000-0000-0000-000000000001,2026-07-29T14:39:54.703Z,2026-07-29T14:39:54.703Z,a0000000-0000-0000-0000-000000000001,2026-07-29T14:39:54.703Z,,
c159beeb-066a-4ed3-9016-19f8172c84db,016be463-742d-4f25-81e5-990311ead658,30100.00,IDR,1,2025-12-31T17:00:00.000Z,,,,medium,active,a0000000-0000-0000-0000-000000000001,2026-07-29T14:39:54.745Z,2026-07-29T14:39:54.745Z,a0000000-0000-0000-0000-000000000001,2026-07-29T14:39:54.745Z,,
f43120ce-b112-4962-aad1-65179510672a,42a9552c-c10c-47db-9c90-34b02ccd630e,45000.00,IDR,1,2025-12-31T17:00:00.000Z,,,,medium,active,a0000000-0000-0000-0000-000000000001,2026-07-29T14:39:54.787Z,2026-07-29T14:39:54.787Z,a0000000-0000-0000-0000-000000000001,2026-07-29T14:39:54.787Z,,
3d81e1c8-2e96-46b1-a340-e9dc85296923,15b786fa-7321-40fc-acaa-04d23e7dd122,252900.00,IDR,1,2025-12-31T17:00:00.000Z,,,,medium,active,a0000000-0000-0000-0000-000000000001,2026-07-29T14:39:54.829Z,2026-07-29T14:39:54.829Z,a0000000-0000-0000-0000-000000000001,2026-07-29T14:39:54.829Z,,
5c44d44e-308b-48e6-9e04-2f720b058a3a,8a18c608-87e0-4caa-ab00-9a1e02333960,123000.00,IDR,1,2025-12-31T17:00:00.000Z,,,,medium,active,a0000000-0000-0000-0000-000000000001,2026-07-29T14:39:54.871Z,2026-07-29T14:39:54.871Z,a0000000-0000-0000-0000-000000000001,2026-07-29T14:39:54.871Z,,
32a6b9f7-a105-43c5-a96d-610fa150922b,75870298-ffec-4c23-a897-f5bed98227f5,65000.00,IDR,1,2025-12-31T17:00:00.000Z,,,,medium,active,a0000000-0000-0000-0000-000000000001,2026-07-29T14:39:54.913Z,2026-07-29T14:39:54.913Z,a0000000-0000-0000-0000-000000000001,2026-07-29T14:39:54.913Z,,
cc579dc4-7d19-4671-96d7-6bb7902c72c8,6c390bce-e4c0-40ce-b32f-5202e8a0f219,42000.00,IDR,1,2025-12-31T17:00:00.000Z,,,,medium,active,a0000000-0000-0000-0000-000000000001,2026-07-29T14:39:54.956Z,2026-07-29T14:39:54.956Z,a0000000-0000-0000-0000-000000000001,2026-07-29T14:39:54.956Z,,
6564c20f-6c57-42b3-9b78-bb494bccbaa3,05aad707-b41d-4cc2-a6a6-ccd3bddc6dd2,1900000.00,IDR,1,2025-12-31T17:00:00.000Z,,,,medium,active,a0000000-0000-0000-0000-000000000001,2026-07-29T14:39:54.998Z,2026-07-29T14:39:54.998Z,a0000000-0000-0000-0000-000000000001,2026-07-29T14:39:54.998Z,,
b5c2c120-0925-43d8-9f6a-25c7b664da42,ee41188d-b841-4b53-bb45-39588ed0bb31,5000.00,IDR,1,2025-12-31T17:00:00.000Z,,,,medium,active,a0000000-0000-0000-0000-000000000001,2026-07-29T14:39:55.041Z,2026-07-29T14:39:55.041Z,a0000000-0000-0000-0000-000000000001,2026-07-29T14:39:55.041Z,,
89c1b09d-1cc7-4b2b-bdc6-3376713fec23,4bbd4c1c-2f50-4276-9f5b-063cd80a4367,148000.00,IDR,1,2025-12-31T17:00:00.000Z,,,,medium,active,a0000000-0000-0000-0000-000000000001,2026-07-29T14:39:55.085Z,2026-07-29T14:39:55.085Z,a0000000-0000-0000-0000-000000000001,2026-07-29T14:39:55.085Z,,
5df5416d-926c-400e-a929-cb1f31f03c2b,6576e8fb-c7ce-479b-a6a3-6ea559901a94,40000.00,IDR,1,2025-12-31T17:00:00.000Z,,,,medium,active,a0000000-0000-0000-0000-000000000001,2026-07-29T14:39:55.128Z,2026-07-29T14:39:55.128Z,a0000000-0000-0000-0000-000000000001,2026-07-29T14:39:55.128Z,,
da2821b8-4b20-4d58-aa7b-a87c3f820d3b,f50b9ebb-c5d3-4af2-bbf1-102f0fd07734,1152800.00,IDR,1,2025-12-31T17:00:00.000Z,,,,medium,active,a0000000-0000-0000-0000-000000000001,2026-07-29T14:39:55.170Z,2026-07-29T14:39:55.170Z,a0000000-0000-0000-0000-000000000001,2026-07-29T14:39:55.170Z,,
5aec683d-dfbb-44f3-a447-26bc9e52d157,24f49770-8064-4044-86d8-8dde4f041812,34500.00,IDR,1,2025-12-31T17:00:00.000Z,,,,medium,active,a0000000-0000-0000-0000-000000000001,2026-07-29T14:39:55.213Z,2026-07-29T14:39:55.213Z,a0000000-0000-0000-0000-000000000001,2026-07-29T14:39:55.213Z,,
9a7321d6-8944-4c91-8438-476a56596328,ae5faddc-c415-442d-9922-ba8bccc9cbeb,5000.00,IDR,1,2025-12-31T17:00:00.000Z,,,,medium,active,a0000000-0000-0000-0000-000000000001,2026-07-29T14:39:55.255Z,2026-07-29T14:39:55.255Z,a0000000-0000-0000-0000-000000000001,2026-07-29T14:39:55.255Z,,
e1278b6a-08f7-43e1-b924-24b049599cba,43a521bc-fead-4e44-9515-cc7f3866753d,24700.00,IDR,1,2025-12-31T17:00:00.000Z,,,,medium,active,a0000000-0000-0000-0000-000000000001,2026-07-29T14:39:55.297Z,2026-07-29T14:39:55.297Z,a0000000-0000-0000-0000-000000000001,2026-07-29T14:39:55.297Z,,
f5d5a632-4281-4b69-9396-d91cacf26173,4aee141b-2ffa-4532-93ea-8732004d7ad4,399000.00,IDR,1,2025-12-31T17:00:00.000Z,,,,medium,active,a0000000-0000-0000-0000-000000000001,2026-07-29T14:39:55.339Z,2026-07-29T14:39:55.339Z,a0000000-0000-0000-0000-000000000001,2026-07-29T14:39:55.339Z,,
da7ad650-5de8-4764-9145-56219ef80784,24ac4b07-3dc2-4343-92be-a6c67d41bf68,4210000.00,IDR,1,2025-12-31T17:00:00.000Z,,,,medium,active,a0000000-0000-0000-0000-000000000001,2026-07-29T14:39:55.381Z,2026-07-29T14:39:55.381Z,a0000000-0000-0000-0000-000000000001,2026-07-29T14:39:55.381Z,,
6dd14db8-84da-4814-a5c0-eb8fc60c2f10,81c66e90-706f-484c-a71f-558ccb139533,265000.00,IDR,1,2025-12-31T17:00:00.000Z,,,,medium,active,a0000000-0000-0000-0000-000000000001,2026-07-29T14:39:55.423Z,2026-07-29T14:39:55.423Z,a0000000-0000-0000-0000-000000000001,2026-07-29T14:39:55.423Z,,
88520aca-7c19-47b0-b2e6-5ddc535df6c2,2d85d3c5-3f6d-4972-938d-e4e5c151cc9a,53200000.00,IDR,1,2025-12-31T17:00:00.000Z,,,,medium,active,a0000000-0000-0000-0000-000000000001,2026-07-29T14:39:55.464Z,2026-07-29T14:39:55.464Z,a0000000-0000-0000-0000-000000000001,2026-07-29T14:39:55.464Z,,
c21301f8-16ee-4d95-baa8-81c43127750a,2e07a33e-6052-4b83-90aa-5193c9bc0d09,380000.00,IDR,1,2025-12-31T17:00:00.000Z,,,,medium,active,a0000000-0000-0000-0000-000000000001,2026-07-29T14:39:55.505Z,2026-07-29T14:39:55.505Z,a0000000-0000-0000-0000-000000000001,2026-07-29T14:39:55.505Z,,
caec223e-f206-4ef1-b3b2-d7dafd333e82,2c7e45ac-9354-4a73-9ec1-03295793f98d,8000.00,IDR,1,2025-12-31T17:00:00.000Z,,,,medium,active,a0000000-0000-0000-0000-000000000001,2026-07-29T14:39:55.547Z,2026-07-29T14:39:55.547Z,a0000000-0000-0000-0000-000000000001,2026-07-29T14:39:55.547Z,,
e29bdec6-64d2-4c70-9eb8-ccf3736136be,99806dad-c100-4dc3-99da-e86da1e937f7,163100.00,IDR,1,2025-12-31T17:00:00.000Z,,,,medium,active,a0000000-0000-0000-0000-000000000001,2026-07-29T14:39:55.589Z,2026-07-29T14:39:55.589Z,a0000000-0000-0000-0000-000000000001,2026-07-29T14:39:55.589Z,,
b7d5beca-d4dd-4f81-98db-6404ea86ea5c,f587d033-5304-4b24-a77e-684356cf3892,1.00,IDR,1,2025-12-31T17:00:00.000Z,,,,medium,active,a0000000-0000-0000-0000-000000000001,2026-07-29T14:39:55.631Z,2026-07-29T14:39:55.631Z,a0000000-0000-0000-0000-000000000001,2026-07-29T14:39:55.631Z,,
4c69661c-241e-430a-8d81-35e41e8ded10,55f7cb48-6c0a-4f63-99f2-2852f2d15627,3930000.00,IDR,1,2025-12-31T17:00:00.000Z,,,,medium,active,a0000000-0000-0000-0000-000000000001,2026-07-29T14:39:55.673Z,2026-07-29T14:39:55.673Z,a0000000-0000-0000-0000-000000000001,2026-07-29T14:39:55.673Z,,
8c259d91-296c-4cfd-82c8-12115ab3ba44,d38cef30-2b8c-4bbc-ac83-642f3ddc00e6,43350.00,IDR,1,2025-12-31T17:00:00.000Z,,,,medium,active,a0000000-0000-0000-0000-000000000001,2026-07-29T14:39:55.716Z,2026-07-29T14:39:55.716Z,a0000000-0000-0000-0000-000000000001,2026-07-29T14:39:55.716Z,,
4cceef7a-20ba-4339-b804-dad36f323c9c,131c0120-da30-4d53-93f0-bacef0c8d480,18800.00,IDR,1,2025-12-31T17:00:00.000Z,,,,medium,active,a0000000-0000-0000-0000-000000000001,2026-07-29T14:39:55.758Z,2026-07-29T14:39:55.758Z,a0000000-0000-0000-0000-000000000001,2026-07-29T14:39:55.758Z,,
7f9a1a5a-d235-48d4-a57f-2f2e05f20118,ecce1353-335f-45e6-806b-21f90b9e8a06,380000.00,IDR,1,2025-12-31T17:00:00.000Z,,,,medium,active,a0000000-0000-0000-0000-000000000001,2026-07-29T14:39:55.800Z,2026-07-29T14:39:55.800Z,a0000000-0000-0000-0000-000000000001,2026-07-29T14:39:55.800Z,,
82a46377-2569-4652-8a92-5198bf5b7236,4e7819b6-5963-4fe9-b57e-01058718a725,800000.00,IDR,1,2025-12-31T17:00:00.000Z,,,,medium,active,a0000000-0000-0000-0000-000000000001,2026-07-29T14:39:55.843Z,2026-07-29T14:39:55.843Z,a0000000-0000-0000-0000-000000000001,2026-07-29T14:39:55.843Z,,
1a3ee70a-07a6-4e58-ac74-e9dc5a47bbf6,bd6120f3-754b-4fa9-b043-945b50b914d7,33600.00,IDR,1,2025-12-31T17:00:00.000Z,,,,medium,active,a0000000-0000-0000-0000-000000000001,2026-07-29T14:39:55.884Z,2026-07-29T14:39:55.884Z,a0000000-0000-0000-0000-000000000001,2026-07-29T14:39:55.884Z,,
ada8dc41-2442-49cb-a7e9-8c15821c595e,49f9968e-dfc6-4665-a774-8f357b07aa86,587000.00,IDR,1,2025-12-31T17:00:00.000Z,,,,medium,active,a0000000-0000-0000-0000-000000000001,2026-07-29T14:39:55.927Z,2026-07-29T14:39:55.927Z,a0000000-0000-0000-0000-000000000001,2026-07-29T14:39:55.927Z,,
8aeacb38-fd44-467c-b74e-ce5a2e7071a0,76122047-2fbe-480c-92f6-5d76d9d63e2c,36000.00,IDR,1,2025-12-31T17:00:00.000Z,,,,medium,active,a0000000-0000-0000-0000-000000000001,2026-07-29T14:39:55.969Z,2026-07-29T14:39:55.969Z,a0000000-0000-0000-0000-000000000001,2026-07-29T14:39:55.969Z,,
18981ae5-76b9-4ff1-8628-0c0e7f34e64b,89d58f42-f4e5-4839-98ef-a8c042a4cf4d,980000.00,IDR,1,2025-12-31T17:00:00.000Z,,,,medium,active,a0000000-0000-0000-0000-000000000001,2026-07-29T14:39:56.011Z,2026-07-29T14:39:56.011Z,a0000000-0000-0000-0000-000000000001,2026-07-29T14:39:56.011Z,,
9234ecbe-4fe1-49b2-afa1-6c0dd0c8a29b,cfcd88c7-81d9-490e-ba35-330f0dd693c1,1.00,IDR,1,2025-12-31T17:00:00.000Z,,,,medium,active,a0000000-0000-0000-0000-000000000001,2026-07-29T14:39:56.053Z,2026-07-29T14:39:56.053Z,a0000000-0000-0000-0000-000000000001,2026-07-29T14:39:56.053Z,,
8010ac37-dd50-4760-aca3-d63900c46042,60541fc9-5d02-4cf0-a7f4-0aca8ce40bd7,13800.00,IDR,1,2025-12-31T17:00:00.000Z,,,,medium,active,a0000000-0000-0000-0000-000000000001,2026-07-29T14:39:56.096Z,2026-07-29T14:39:56.096Z,a0000000-0000-0000-0000-000000000001,2026-07-29T14:39:56.096Z,,
89795f16-3c69-4438-9921-a3c95191a0bd,95e27ca1-440d-4385-a320-be4710d311f1,70500.00,IDR,1,2025-12-31T17:00:00.000Z,,,,medium,active,a0000000-0000-0000-0000-000000000001,2026-07-29T14:39:56.138Z,2026-07-29T14:39:56.138Z,a0000000-0000-0000-0000-000000000001,2026-07-29T14:39:56.138Z,,
cbcfbc84-598e-43e3-9e24-dd72b61fd47b,2ed21e9e-d626-43cb-8d8e-1b431db9e8cf,1260000.00,IDR,1,2025-12-31T17:00:00.000Z,,,,medium,active,a0000000-0000-0000-0000-000000000001,2026-07-29T14:39:56.180Z,2026-07-29T14:39:56.180Z,a0000000-0000-0000-0000-000000000001,2026-07-29T14:39:56.180Z,,
bf8e5c84-ee5d-43b1-a757-0fb508554bf1,ff57672d-c819-499b-9d57-b4cbdc055c60,340000.00,IDR,1,2025-12-31T17:00:00.000Z,,,,medium,active,a0000000-0000-0000-0000-000000000001,2026-07-29T14:39:56.222Z,2026-07-29T14:39:56.222Z,a0000000-0000-0000-0000-000000000001,2026-07-29T14:39:56.222Z,,
23ba635c-1c4e-42d9-8f25-ff4171ac04ae,7aa158f4-8877-497b-87ae-73d0e2708b4f,2170800.00,IDR,1,2025-12-31T17:00:00.000Z,,,,medium,active,a0000000-0000-0000-0000-000000000001,2026-07-29T14:39:56.263Z,2026-07-29T14:39:56.263Z,a0000000-0000-0000-0000-000000000001,2026-07-29T14:39:56.263Z,,
6dad1304-951a-42fc-a6b4-7c3334627d26,bb977122-fcd8-483f-9494-5b1bab6322ff,360000.00,IDR,1,2025-12-31T17:00:00.000Z,,,,medium,active,a0000000-0000-0000-0000-000000000001,2026-07-29T14:39:56.305Z,2026-07-29T14:39:56.305Z,a0000000-0000-0000-0000-000000000001,2026-07-29T14:39:56.305Z,,
dc1846a8-85d2-49cc-b1f5-06521fe71318,976c9bc9-cf6c-433c-8566-11b71442638b,460000.00,IDR,1,2025-12-31T17:00:00.000Z,,,,medium,active,a0000000-0000-0000-0000-000000000001,2026-07-29T14:39:56.347Z,2026-07-29T14:39:56.347Z,a0000000-0000-0000-0000-000000000001,2026-07-29T14:39:56.347Z,,
ee4266ba-b31e-4085-bec9-77ed5b9c94eb,b9faa738-42b9-4e5b-9db8-9057b92986c9,30090.00,IDR,1,2025-12-31T17:00:00.000Z,,,,medium,active,a0000000-0000-0000-0000-000000000001,2026-07-29T14:39:56.388Z,2026-07-29T14:39:56.388Z,a0000000-0000-0000-0000-000000000001,2026-07-29T14:39:56.388Z,,
0170b9e0-587c-43a6-a353-3ace2976221b,3067d934-181d-40da-bef9-c297be3d67d8,1.00,IDR,1,2025-12-31T17:00:00.000Z,,,,medium,active,a0000000-0000-0000-0000-000000000001,2026-07-29T14:39:56.430Z,2026-07-29T14:39:56.430Z,a0000000-0000-0000-0000-000000000001,2026-07-29T14:39:56.430Z,,
a1730769-d027-4e74-b599-679247092d57,f674f5f9-c88e-4be3-87fc-eb5319663626,2500.00,IDR,1,2025-12-31T17:00:00.000Z,,,,medium,active,a0000000-0000-0000-0000-000000000001,2026-07-29T14:39:56.472Z,2026-07-29T14:39:56.472Z,a0000000-0000-0000-0000-000000000001,2026-07-29T14:39:56.472Z,,
c5820031-6098-4bc3-ab19-ef63929aa583,6b804ed7-2310-486e-b75e-8b45beb8476a,20000.00,IDR,1,2025-12-31T17:00:00.000Z,,,,medium,active,a0000000-0000-0000-0000-000000000001,2026-07-29T14:39:56.514Z,2026-07-29T14:39:56.514Z,a0000000-0000-0000-0000-000000000001,2026-07-29T14:39:56.514Z,,
5c04eddd-5cda-4031-b977-a332876e195c,a0cf625b-47bf-4d8e-b6e7-e5ae2ce834d0,15000.00,IDR,1,2025-12-31T17:00:00.000Z,,,,medium,active,a0000000-0000-0000-0000-000000000001,2026-07-29T14:39:56.556Z,2026-07-29T14:39:56.556Z,a0000000-0000-0000-0000-000000000001,2026-07-29T14:39:56.556Z,,
2eb469b1-79dc-492b-ae69-1e45b7a2c47b,d9c2dac0-12bd-495f-86ca-f7fb45f6b9ef,1000.00,IDR,1,2025-12-31T17:00:00.000Z,,,,medium,active,a0000000-0000-0000-0000-000000000001,2026-07-29T14:39:56.598Z,2026-07-29T14:39:56.598Z,a0000000-0000-0000-0000-000000000001,2026-07-29T14:39:56.598Z,,
625bc4aa-9222-47b0-93fc-c162688fb768,5d9a1e0a-9643-4b33-87bd-bdd764243f29,370200.00,IDR,1,2025-12-31T17:00:00.000Z,,,,medium,active,a0000000-0000-0000-0000-000000000001,2026-07-29T14:39:56.640Z,2026-07-29T14:39:56.640Z,a0000000-0000-0000-0000-000000000001,2026-07-29T14:39:56.640Z,,
b4172c85-bb2e-471b-806b-178a5ceffb18,0a89cffa-a51c-46df-b268-9c5d807bca9a,285000.00,IDR,1,2025-12-31T17:00:00.000Z,,,,medium,active,a0000000-0000-0000-0000-000000000001,2026-07-29T14:39:56.682Z,2026-07-29T14:39:56.682Z,a0000000-0000-0000-0000-000000000001,2026-07-29T14:39:56.682Z,,
49cc1cee-3b54-4edc-b960-49d76f1c407c,27dc91d2-b711-4cd4-a7c9-e8cb2c565e48,34620.00,IDR,1,2025-12-31T17:00:00.000Z,,,,medium,active,a0000000-0000-0000-0000-000000000001,2026-07-29T14:39:56.724Z,2026-07-29T14:39:56.724Z,a0000000-0000-0000-0000-000000000001,2026-07-29T14:39:56.724Z,,
e1da18e2-b025-47ec-ba9e-fe7c0642282c,3ecc35d3-d315-436c-91e8-1ac7ca1bbb8e,68000.00,IDR,1,2025-12-31T17:00:00.000Z,,,,medium,active,a0000000-0000-0000-0000-000000000001,2026-07-29T14:39:56.766Z,2026-07-29T14:39:56.766Z,a0000000-0000-0000-0000-000000000001,2026-07-29T14:39:56.766Z,,
26b61123-d566-43c8-bbf0-322aecfe3433,9e10ea45-93f2-45d9-88c3-2068f5b86dda,12866.67,IDR,1,2025-12-31T17:00:00.000Z,,,,medium,active,a0000000-0000-0000-0000-000000000001,2026-07-29T14:39:56.808Z,2026-07-29T14:39:56.808Z,a0000000-0000-0000-0000-000000000001,2026-07-29T14:39:56.808Z,,
94661141-900c-4325-bd24-ec0d3c96a172,6cc7a0b0-8585-4541-8f00-b2ce2f6ed070,67900.00,IDR,1,2025-12-31T17:00:00.000Z,,,,medium,active,a0000000-0000-0000-0000-000000000001,2026-07-29T14:39:56.850Z,2026-07-29T14:39:56.850Z,a0000000-0000-0000-0000-000000000001,2026-07-29T14:39:56.850Z,,
76013d46-af60-4f25-8685-54086c176194,af4371e4-37f7-494f-bf5a-e36d656f8b14,20000.00,IDR,1,2025-12-31T17:00:00.000Z,,,,medium,active,a0000000-0000-0000-0000-000000000001,2026-07-29T14:39:56.893Z,2026-07-29T14:39:56.893Z,a0000000-0000-0000-0000-000000000001,2026-07-29T14:39:56.893Z,,
e2bfd9b3-bf43-4364-a624-0c79c93d27ea,9324b18a-2279-4838-856b-c9ed719798a8,350000.00,IDR,1,2025-12-31T17:00:00.000Z,,,,medium,active,a0000000-0000-0000-0000-000000000001,2026-07-29T14:39:56.935Z,2026-07-29T14:39:56.935Z,a0000000-0000-0000-0000-000000000001,2026-07-29T14:39:56.935Z,,
0ebbd130-6400-46e1-818d-13b063c2638b,64ed92e0-a897-4708-ac73-0c1ce8cb6572,492600.00,IDR,1,2025-12-31T17:00:00.000Z,,,,medium,active,a0000000-0000-0000-0000-000000000001,2026-07-29T14:39:56.978Z,2026-07-29T14:39:56.978Z,a0000000-0000-0000-0000-000000000001,2026-07-29T14:39:56.978Z,,
42cfbae3-a321-420b-a370-f944c520967d,20e9dafb-68f2-4004-a067-d1b64e20d24d,150000.00,IDR,1,2025-12-31T17:00:00.000Z,,,,medium,active,a0000000-0000-0000-0000-000000000001,2026-07-29T14:39:57.020Z,2026-07-29T14:39:57.020Z,a0000000-0000-0000-0000-000000000001,2026-07-29T14:39:57.020Z,,
e4a03586-3a07-4786-a942-59d4292540a0,2bb58ca6-fa0f-4fac-9231-f76ee8203403,1200000.00,IDR,1,2025-12-31T17:00:00.000Z,,,,medium,active,a0000000-0000-0000-0000-000000000001,2026-07-29T14:39:57.061Z,2026-07-29T14:39:57.061Z,a0000000-0000-0000-0000-000000000001,2026-07-29T14:39:57.061Z,,
86b0a283-59fe-48dc-92c5-166de0f3bde2,600c824d-e06d-405e-8a1b-1a6c46c8ac9c,1600.00,IDR,1,2025-12-31T17:00:00.000Z,,,,medium,active,a0000000-0000-0000-0000-000000000001,2026-07-29T14:39:57.103Z,2026-07-29T14:39:57.103Z,a0000000-0000-0000-0000-000000000001,2026-07-29T14:39:57.103Z,,
5f36acbd-c4c2-47d0-98fe-c12f608c4102,2b4c2b6a-c6d2-45c2-a905-405733c24328,350000.00,IDR,1,2025-12-31T17:00:00.000Z,,,,medium,active,a0000000-0000-0000-0000-000000000001,2026-07-29T14:39:57.144Z,2026-07-29T14:39:57.144Z,a0000000-0000-0000-0000-000000000001,2026-07-29T14:39:57.144Z,,
d7d38c2d-d7d0-4bf4-9235-95db637b70d8,2664e908-930a-4a09-9456-5f2d378cd2f4,221400.00,IDR,1,2025-12-31T17:00:00.000Z,,,,medium,active,a0000000-0000-0000-0000-000000000001,2026-07-29T14:39:57.187Z,2026-07-29T14:39:57.187Z,a0000000-0000-0000-0000-000000000001,2026-07-29T14:39:57.187Z,,
a1276813-1b13-4a06-965c-58278f4a73ea,7e6d580c-79da-493f-9792-bb7ee9c60a62,31500.00,IDR,1,2025-12-31T17:00:00.000Z,,,,medium,active,a0000000-0000-0000-0000-000000000001,2026-07-29T14:39:57.230Z,2026-07-29T14:39:57.230Z,a0000000-0000-0000-0000-000000000001,2026-07-29T14:39:57.230Z,,
081ca6a0-b390-46e2-b164-3926b895eeb8,c10df8f6-3a1f-4f5f-b357-45cea6597523,1500000.00,IDR,1,2025-12-31T17:00:00.000Z,,,,medium,active,a0000000-0000-0000-0000-000000000001,2026-07-29T14:39:57.272Z,2026-07-29T14:39:57.272Z,a0000000-0000-0000-0000-000000000001,2026-07-29T14:39:57.272Z,,
148837d4-8c5e-484b-ae73-83712553dd5b,9b646bec-e04d-4f7e-9bc0-057eaba5cc8e,13250.00,IDR,1,2025-12-31T17:00:00.000Z,,,,medium,active,a0000000-0000-0000-0000-000000000001,2026-07-29T14:39:57.314Z,2026-07-29T14:39:57.314Z,a0000000-0000-0000-0000-000000000001,2026-07-29T14:39:57.314Z,,
25d7dea7-9f23-43cf-922c-98dbb1874c42,75bd6602-c569-477e-a233-060041874cca,150000.00,IDR,1,2025-12-31T17:00:00.000Z,,,,medium,active,a0000000-0000-0000-0000-000000000001,2026-07-29T14:39:57.356Z,2026-07-29T14:39:57.356Z,a0000000-0000-0000-0000-000000000001,2026-07-29T14:39:57.356Z,,
51741091-93d1-4f6a-ad01-1ec63fd12408,a2d91038-bf6c-435c-b062-d6025f9094da,200000.00,IDR,1,2025-12-31T17:00:00.000Z,,,,medium,active,a0000000-0000-0000-0000-000000000001,2026-07-29T14:39:57.399Z,2026-07-29T14:39:57.399Z,a0000000-0000-0000-0000-000000000001,2026-07-29T14:39:57.399Z,,
e69aafde-4308-4461-b39c-da5a9e1cde36,4becbe9e-ef7a-4016-a8f6-89b07516ccba,20000.00,IDR,1,2025-12-31T17:00:00.000Z,,,,medium,active,a0000000-0000-0000-0000-000000000001,2026-07-29T14:39:57.441Z,2026-07-29T14:39:57.441Z,a0000000-0000-0000-0000-000000000001,2026-07-29T14:39:57.441Z,,
a65e651f-b594-4814-98e0-9265356bac06,2e27edbd-fc99-4d4a-aa78-642968509dab,1960000.00,IDR,1,2025-12-31T17:00:00.000Z,,,,medium,active,a0000000-0000-0000-0000-000000000001,2026-07-29T14:39:57.483Z,2026-07-29T14:39:57.483Z,a0000000-0000-0000-0000-000000000001,2026-07-29T14:39:57.483Z,,
0f9a7dda-548c-4c3d-ba70-1d1fabc2265a,1c62c292-f3a9-485c-ba51-945f2bbf884b,1200000.00,IDR,1,2025-12-31T17:00:00.000Z,,,,medium,active,a0000000-0000-0000-0000-000000000001,2026-07-29T14:39:57.525Z,2026-07-29T14:39:57.525Z,a0000000-0000-0000-0000-000000000001,2026-07-29T14:39:57.525Z,,
73e2f3bc-6cc8-4b68-b9f2-319b4427eb26,312e1d77-168e-4a04-baeb-446018327880,630000.00,IDR,1,2025-12-31T17:00:00.000Z,,,,medium,active,a0000000-0000-0000-0000-000000000001,2026-07-29T14:39:57.566Z,2026-07-29T14:39:57.566Z,a0000000-0000-0000-0000-000000000001,2026-07-29T14:39:57.566Z,,
9f4ee56f-4de2-4710-b28e-9c7ff0a58533,c7ab9c75-4c4c-4855-9919-d386a62c79f7,3000.00,IDR,1,2025-12-31T17:00:00.000Z,,,,medium,active,a0000000-0000-0000-0000-000000000001,2026-07-29T14:39:57.608Z,2026-07-29T14:39:57.608Z,a0000000-0000-0000-0000-000000000001,2026-07-29T14:39:57.608Z,,
41a44f91-e913-4089-a316-118efc12b3c1,b273f5a5-a7eb-4ccb-b120-af512769071d,70000.00,IDR,1,2025-12-31T17:00:00.000Z,,,,medium,active,a0000000-0000-0000-0000-000000000001,2026-07-29T14:39:57.650Z,2026-07-29T14:39:57.650Z,a0000000-0000-0000-0000-000000000001,2026-07-29T14:39:57.650Z,,
c727b108-54f5-4f68-8a9c-b6a3e8b5453f,e8c9e2bd-7b87-4442-a3f8-ebcc04cd38e0,11400.00,IDR,1,2025-12-31T17:00:00.000Z,,,,medium,active,a0000000-0000-0000-0000-000000000001,2026-07-29T14:39:57.692Z,2026-07-29T14:39:57.692Z,a0000000-0000-0000-0000-000000000001,2026-07-29T14:39:57.692Z,,
56d70bcf-fc90-4222-9e67-288f8ad37493,65c81bbd-ef4d-4e27-837e-b2d9455cc45b,351800.00,IDR,1,2025-12-31T17:00:00.000Z,,,,medium,active,a0000000-0000-0000-0000-000000000001,2026-07-29T14:39:57.734Z,2026-07-29T14:39:57.734Z,a0000000-0000-0000-0000-000000000001,2026-07-29T14:39:57.734Z,,
1a0c1c57-6340-417a-b876-be567c1650b1,30f40ab2-ad4c-439b-87d1-2d77c07d50f2,2440000.00,IDR,1,2025-12-31T17:00:00.000Z,,,,medium,active,a0000000-0000-0000-0000-000000000001,2026-07-29T14:39:57.776Z,2026-07-29T14:39:57.776Z,a0000000-0000-0000-0000-000000000001,2026-07-29T14:39:57.776Z,,
89e427f7-09f3-4df7-9ee6-9984135a0829,507a1aff-3ca8-424b-a080-873728f7bc74,8000000.00,IDR,1,2025-12-31T17:00:00.000Z,,,,medium,active,a0000000-0000-0000-0000-000000000001,2026-07-29T14:39:57.818Z,2026-07-29T14:39:57.818Z,a0000000-0000-0000-0000-000000000001,2026-07-29T14:39:57.818Z,,
1a28dffb-be24-4d28-b9db-dbf82f955707,9635a99a-5c56-482c-a412-802c0f9b730c,303000.00,IDR,1,2025-12-31T17:00:00.000Z,,,,medium,active,a0000000-0000-0000-0000-000000000001,2026-07-29T14:39:57.860Z,2026-07-29T14:39:57.860Z,a0000000-0000-0000-0000-000000000001,2026-07-29T14:39:57.860Z,,
ad349654-e977-4e81-a981-abae55277c96,95ad38f2-a7e2-4030-af45-2baa6ac72ce3,110000.00,IDR,1,2025-12-31T17:00:00.000Z,,,,medium,active,a0000000-0000-0000-0000-000000000001,2026-07-29T14:39:57.903Z,2026-07-29T14:39:57.903Z,a0000000-0000-0000-0000-000000000001,2026-07-29T14:39:57.903Z,,
2e0cf53d-abe1-4a6a-a10c-b04c5a31af89,5be20f52-604f-405f-a84d-e17ca3f60489,1000000.00,IDR,1,2025-12-31T17:00:00.000Z,,,,medium,active,a0000000-0000-0000-0000-000000000001,2026-07-29T14:39:57.948Z,2026-07-29T14:39:57.948Z,a0000000-0000-0000-0000-000000000001,2026-07-29T14:39:57.948Z,,
bbda61dc-e848-4afa-afb3-1fa543156258,1828ef94-733c-4f44-9fc5-b491c378a61b,350000.00,IDR,1,2025-12-31T17:00:00.000Z,,,,medium,active,a0000000-0000-0000-0000-000000000001,2026-07-29T14:39:57.990Z,2026-07-29T14:39:57.990Z,a0000000-0000-0000-0000-000000000001,2026-07-29T14:39:57.990Z,,
f1deb7d5-cb95-4330-8df4-3a063122a01c,c9f05cde-b0da-416a-9b4d-873bd35bc688,418000.00,IDR,1,2025-12-31T17:00:00.000Z,,,,medium,active,a0000000-0000-0000-0000-000000000001,2026-07-29T14:39:58.032Z,2026-07-29T14:39:58.032Z,a0000000-0000-0000-0000-000000000001,2026-07-29T14:39:58.032Z,,
5bdbf8f2-08d5-4e57-943a-396430a8bae4,48f0d637-ac3c-45cc-9af1-edc062ae323b,22800.00,IDR,1,2025-12-31T17:00:00.000Z,,,,medium,active,a0000000-0000-0000-0000-000000000001,2026-07-29T14:39:58.074Z,2026-07-29T14:39:58.074Z,a0000000-0000-0000-0000-000000000001,2026-07-29T14:39:58.074Z,,
63523410-ae8e-42b6-9915-bdd071bf9e1f,f142988f-b21f-49af-ab67-56eec9a41a92,550000.00,IDR,1,2025-12-31T17:00:00.000Z,,,,medium,active,a0000000-0000-0000-0000-000000000001,2026-07-29T14:39:58.117Z,2026-07-29T14:39:58.117Z,a0000000-0000-0000-0000-000000000001,2026-07-29T14:39:58.117Z,,
f45e163f-738f-4213-a646-4a41daf674c9,4b1de5c5-1da0-471f-8ca2-ad78c9393a64,83000.00,IDR,1,2025-12-31T17:00:00.000Z,,,,medium,active,a0000000-0000-0000-0000-000000000001,2026-07-29T14:39:58.159Z,2026-07-29T14:39:58.159Z,a0000000-0000-0000-0000-000000000001,2026-07-29T14:39:58.159Z,,
4cfe64b7-1930-48b0-b008-7854cb00c7de,979fbe25-2f97-4fdf-8d56-9aaaca0f4e7d,360000.00,IDR,1,2025-12-31T17:00:00.000Z,,,,medium,active,a0000000-0000-0000-0000-000000000001,2026-07-29T14:39:58.201Z,2026-07-29T14:39:58.201Z,a0000000-0000-0000-0000-000000000001,2026-07-29T14:39:58.201Z,,
31777af4-fa3c-4b17-b6f7-bd6f2363c679,6ec0e4cd-5c5e-4d02-a208-c6b3e693907a,24700.00,IDR,1,2025-12-31T17:00:00.000Z,,,,medium,active,a0000000-0000-0000-0000-000000000001,2026-07-29T14:39:58.241Z,2026-07-29T14:39:58.241Z,a0000000-0000-0000-0000-000000000001,2026-07-29T14:39:58.241Z,,
bba1b063-bec9-47b1-a18d-635e847da9c6,f448121a-ff22-4236-84bc-c91314d8454a,1552800.00,IDR,1,2025-12-31T17:00:00.000Z,,,,medium,active,a0000000-0000-0000-0000-000000000001,2026-07-29T14:39:58.283Z,2026-07-29T14:39:58.283Z,a0000000-0000-0000-0000-000000000001,2026-07-29T14:39:58.283Z,,
d30d29c0-88b1-4c37-91a8-a8d06c050fb5,50346b4e-0a03-47b9-b4f4-da8d306675d0,6000000.00,IDR,1,2025-12-31T17:00:00.000Z,,,,medium,active,a0000000-0000-0000-0000-000000000001,2026-07-29T14:39:58.325Z,2026-07-29T14:39:58.325Z,a0000000-0000-0000-0000-000000000001,2026-07-29T14:39:58.325Z,,
baf5d5bb-b6c0-46ab-b6d1-706561f8ec64,01315953-913a-45c9-858a-edf2473712b9,300000.00,IDR,1,2025-12-31T17:00:00.000Z,,,,medium,active,a0000000-0000-0000-0000-000000000001,2026-07-29T14:39:58.367Z,2026-07-29T14:39:58.367Z,a0000000-0000-0000-0000-000000000001,2026-07-29T14:39:58.367Z,,
ebe95175-1c89-4337-aaa2-ee37ff965e9d,88b04a7b-71be-4258-b983-7f41eedcdde5,77000.00,IDR,1,2025-12-31T17:00:00.000Z,,,,medium,active,a0000000-0000-0000-0000-000000000001,2026-07-29T14:39:58.409Z,2026-07-29T14:39:58.409Z,a0000000-0000-0000-0000-000000000001,2026-07-29T14:39:58.409Z,,
d23189ef-4076-4837-a252-53f5b326b0c5,05569cda-884e-46aa-bb7e-08c2cd0a517e,1540000.00,IDR,1,2025-12-31T17:00:00.000Z,,,,medium,active,a0000000-0000-0000-0000-000000000001,2026-07-29T14:39:58.451Z,2026-07-29T14:39:58.451Z,a0000000-0000-0000-0000-000000000001,2026-07-29T14:39:58.451Z,,
69321557-c5b1-4435-a4e3-b530b26e715a,e7ebee78-4cda-4c29-9baf-c62d43aa3783,385000.00,IDR,1,2025-12-31T17:00:00.000Z,,,,medium,active,a0000000-0000-0000-0000-000000000001,2026-07-29T14:39:58.493Z,2026-07-29T14:39:58.493Z,a0000000-0000-0000-0000-000000000001,2026-07-29T14:39:58.493Z,,
03deb2d6-e4a0-4308-96fe-11ed80963a4a,e32cda6c-a964-40a7-8f34-46e387dac9cd,7850000.00,IDR,1,2025-12-31T17:00:00.000Z,,,,medium,active,a0000000-0000-0000-0000-000000000001,2026-07-29T14:39:58.535Z,2026-07-29T14:39:58.535Z,a0000000-0000-0000-0000-000000000001,2026-07-29T14:39:58.535Z,,
f7949e88-f6d5-4af9-ba9e-488525766787,445faf25-6523-49ef-87d7-a6629ea566f6,2500000.00,IDR,1,2025-12-31T17:00:00.000Z,,,,medium,active,a0000000-0000-0000-0000-000000000001,2026-07-29T14:39:58.576Z,2026-07-29T14:39:58.576Z,a0000000-0000-0000-0000-000000000001,2026-07-29T14:39:58.576Z,,
c5d0f59f-a4f0-476d-abb0-df8ec0938f38,068147cd-15bb-4dbf-b28e-cfdb7cd4693e,100000.00,IDR,1,2025-12-31T17:00:00.000Z,,,,medium,active,a0000000-0000-0000-0000-000000000001,2026-07-29T14:39:58.618Z,2026-07-29T14:39:58.618Z,a0000000-0000-0000-0000-000000000001,2026-07-29T14:39:58.618Z,,
8084653e-ddb8-4f76-978c-2085cf56c8b7,6721273d-20b0-4afb-a4b0-6ee284bd3b91,3000.00,IDR,1,2025-12-31T17:00:00.000Z,,,,medium,active,a0000000-0000-0000-0000-000000000001,2026-07-29T14:39:58.660Z,2026-07-29T14:39:58.660Z,a0000000-0000-0000-0000-000000000001,2026-07-29T14:39:58.660Z,,
2170667c-14cb-4101-9f76-314eaaa3775d,c087541f-7ba7-4563-8aee-38f4a2615f9e,320000.00,IDR,1,2025-12-31T17:00:00.000Z,,,,medium,active,a0000000-0000-0000-0000-000000000001,2026-07-29T14:39:58.702Z,2026-07-29T14:39:58.702Z,a0000000-0000-0000-0000-000000000001,2026-07-29T14:39:58.702Z,,
25d5700f-b89b-485f-996c-a90d34f163ef,da32621e-b5ab-4e0e-9e6e-798c6fe0c219,360000.00,IDR,1,2025-12-31T17:00:00.000Z,,,,medium,active,a0000000-0000-0000-0000-000000000001,2026-07-29T14:39:58.744Z,2026-07-29T14:39:58.744Z,a0000000-0000-0000-0000-000000000001,2026-07-29T14:39:58.744Z,,
2d5f4168-041b-4371-922a-babb9a387187,bc70216b-b0bf-44f5-a005-513deef0e75c,270750.00,IDR,1,2025-12-31T17:00:00.000Z,,,,medium,active,a0000000-0000-0000-0000-000000000001,2026-07-29T14:39:58.786Z,2026-07-29T14:39:58.786Z,a0000000-0000-0000-0000-000000000001,2026-07-29T14:39:58.786Z,,
f08762e5-03cf-4091-925c-e898f201c1ef,257b05fe-c47e-4638-8006-7334945169bf,584700.00,IDR,1,2025-12-31T17:00:00.000Z,,,,medium,active,a0000000-0000-0000-0000-000000000001,2026-07-29T14:39:58.827Z,2026-07-29T14:39:58.827Z,a0000000-0000-0000-0000-000000000001,2026-07-29T14:39:58.827Z,,
71e0dc11-a103-42ea-8066-e493ab6a8fb9,2286d249-1819-4590-b644-5e4fec60242d,3000.00,IDR,1,2025-12-31T17:00:00.000Z,,,,medium,active,a0000000-0000-0000-0000-000000000001,2026-07-29T14:39:58.869Z,2026-07-29T14:39:58.869Z,a0000000-0000-0000-0000-000000000001,2026-07-29T14:39:58.869Z,,
c2fe65fc-37d2-4cbf-875f-6cdd38e5b75a,a4182146-153e-41aa-bdd7-233b47f24c11,400000.00,IDR,1,2025-12-31T17:00:00.000Z,,,,medium,active,a0000000-0000-0000-0000-000000000001,2026-07-29T14:39:58.911Z,2026-07-29T14:39:58.911Z,a0000000-0000-0000-0000-000000000001,2026-07-29T14:39:58.911Z,,
c9fd0d7d-5ef6-4684-9037-d27bfdf44252,7cae8619-1442-4d5f-ad15-ac1f6d251b38,18000.00,IDR,1,2025-12-31T17:00:00.000Z,,,,medium,active,a0000000-0000-0000-0000-000000000001,2026-07-29T14:39:58.953Z,2026-07-29T14:39:58.953Z,a0000000-0000-0000-0000-000000000001,2026-07-29T14:39:58.953Z,,
f098f577-2ffd-4cce-b6f4-45771435fd00,73d18cad-7ee5-41a1-be8e-4f7d19f88627,370000.00,IDR,1,2025-12-31T17:00:00.000Z,,,,medium,active,a0000000-0000-0000-0000-000000000001,2026-07-29T14:39:58.995Z,2026-07-29T14:39:58.995Z,a0000000-0000-0000-0000-000000000001,2026-07-29T14:39:58.995Z,,
843346ba-4e7c-4e41-bf4d-7fcf24eb7422,b30e409d-fc47-45c2-8fed-e9a97b8da397,252900.00,IDR,1,2025-12-31T17:00:00.000Z,,,,medium,active,a0000000-0000-0000-0000-000000000001,2026-07-29T14:39:59.037Z,2026-07-29T14:39:59.037Z,a0000000-0000-0000-0000-000000000001,2026-07-29T14:39:59.037Z,,
cd4c078e-7cef-4cee-a18e-538c1d31ac83,8dd8c834-fd39-4d0b-9a03-e3096f02b889,21.50,IDR,1,2025-12-31T17:00:00.000Z,,,,medium,active,a0000000-0000-0000-0000-000000000001,2026-07-29T14:39:59.079Z,2026-07-29T14:39:59.079Z,a0000000-0000-0000-0000-000000000001,2026-07-29T14:39:59.079Z,,
987a2bbb-e874-417d-9a2a-e6a8d3bd29c3,2df0c0de-9481-4f5a-88e2-c6211aec55b6,190000.00,IDR,1,2025-12-31T17:00:00.000Z,,,,medium,active,a0000000-0000-0000-0000-000000000001,2026-07-29T14:39:59.121Z,2026-07-29T14:39:59.121Z,a0000000-0000-0000-0000-000000000001,2026-07-29T14:39:59.121Z,,
69c4c402-6f34-40c1-aa27-ed939321f42e,09fab083-68e8-4fc7-b519-8cae64494d05,330000.00,IDR,1,2025-12-31T17:00:00.000Z,,,,medium,active,a0000000-0000-0000-0000-000000000001,2026-07-29T14:39:59.163Z,2026-07-29T14:39:59.163Z,a0000000-0000-0000-0000-000000000001,2026-07-29T14:39:59.163Z,,
3cd71e1f-f478-4466-ab1d-4b6949bc51c5,71d08c50-3014-4820-b72d-3bc2125657f7,350000.00,IDR,1,2025-12-31T17:00:00.000Z,,,,medium,active,a0000000-0000-0000-0000-000000000001,2026-07-29T14:39:59.205Z,2026-07-29T14:39:59.205Z,a0000000-0000-0000-0000-000000000001,2026-07-29T14:39:59.205Z,,
4d285802-2053-424e-b819-b0da7c0f1c31,71b08ef2-0b39-466d-a0c6-d4e838abce2d,1.00,IDR,1,2025-12-31T17:00:00.000Z,,,,medium,active,a0000000-0000-0000-0000-000000000001,2026-07-29T14:39:59.248Z,2026-07-29T14:39:59.248Z,a0000000-0000-0000-0000-000000000001,2026-07-29T14:39:59.248Z,,
c786032d-76f1-4609-8ec3-7ccb9c1dd4d7,3c66d68f-803d-44ce-a723-a9265b6f870b,100000.00,IDR,1,2025-12-31T17:00:00.000Z,,,,medium,active,a0000000-0000-0000-0000-000000000001,2026-07-29T14:39:59.290Z,2026-07-29T14:39:59.290Z,a0000000-0000-0000-0000-000000000001,2026-07-29T14:39:59.290Z,,
31cdd460-9186-4a5e-b8d6-ba2267c809e4,cef2699a-9ec6-4910-a2d6-2840956ae085,1.00,IDR,1,2025-12-31T17:00:00.000Z,,,,medium,active,a0000000-0000-0000-0000-000000000001,2026-07-29T14:39:59.331Z,2026-07-29T14:39:59.331Z,a0000000-0000-0000-0000-000000000001,2026-07-29T14:39:59.331Z,,
ed367797-ae2d-436f-a7ba-12d95a87484d,0d176488-d512-4709-b75b-d7971b0c87f3,276600.00,IDR,1,2025-12-31T17:00:00.000Z,,,,medium,active,a0000000-0000-0000-0000-000000000001,2026-07-29T14:39:59.373Z,2026-07-29T14:39:59.373Z,a0000000-0000-0000-0000-000000000001,2026-07-29T14:39:59.373Z,,
95ee7ef1-e63f-4700-a618-b9464e5fd7d8,e66f87a5-8723-472d-a76b-6fbea4ec91e9,4100.00,IDR,1,2025-12-31T17:00:00.000Z,,,,medium,active,a0000000-0000-0000-0000-000000000001,2026-07-29T14:39:59.415Z,2026-07-29T14:39:59.415Z,a0000000-0000-0000-0000-000000000001,2026-07-29T14:39:59.415Z,,
e20a4582-c21e-4e5b-b41f-7c895c1d0198,95e965b9-304f-4b72-b231-584d38e25c02,150000.00,IDR,1,2025-12-31T17:00:00.000Z,,,,medium,active,a0000000-0000-0000-0000-000000000001,2026-07-29T14:39:59.456Z,2026-07-29T14:39:59.456Z,a0000000-0000-0000-0000-000000000001,2026-07-29T14:39:59.456Z,,
7587d7cd-c7a5-4b3d-9887-99405a82d4e1,69a81e6f-21d6-45e0-ad8a-53fa1ee0607f,710000.00,IDR,1,2025-12-31T17:00:00.000Z,,,,medium,active,a0000000-0000-0000-0000-000000000001,2026-07-29T14:39:59.498Z,2026-07-29T14:39:59.498Z,a0000000-0000-0000-0000-000000000001,2026-07-29T14:39:59.498Z,,
1519e989-0238-4edd-9144-f6df26607994,21738bf9-8c49-4f27-a062-7aabe5a3c672,3125.00,IDR,1,2025-12-31T17:00:00.000Z,,,,medium,active,a0000000-0000-0000-0000-000000000001,2026-07-29T14:39:59.540Z,2026-07-29T14:39:59.540Z,a0000000-0000-0000-0000-000000000001,2026-07-29T14:39:59.540Z,,
b706fee6-3399-497e-87c8-2aecbe6e9490,e95d714b-63e6-4777-9777-31af1d1e9617,20000.00,IDR,1,2025-12-31T17:00:00.000Z,,,,medium,active,a0000000-0000-0000-0000-000000000001,2026-07-29T14:39:59.582Z,2026-07-29T14:39:59.582Z,a0000000-0000-0000-0000-000000000001,2026-07-29T14:39:59.582Z,,
1ff35faf-5ba6-4bed-b3ab-ec784f7605ce,2d4aaf0c-29ea-412b-9031-0e0271a3ee05,17400.00,IDR,1,2025-12-31T17:00:00.000Z,,,,medium,active,a0000000-0000-0000-0000-000000000001,2026-07-29T14:39:59.624Z,2026-07-29T14:39:59.624Z,a0000000-0000-0000-0000-000000000001,2026-07-29T14:39:59.624Z,,
ac49decc-251b-4e74-89f1-09096263c029,37be495f-3e2f-436c-bc24-402b72cecd2a,113400.00,IDR,1,2025-12-31T17:00:00.000Z,,,,medium,active,a0000000-0000-0000-0000-000000000001,2026-07-29T14:39:59.667Z,2026-07-29T14:39:59.667Z,a0000000-0000-0000-0000-000000000001,2026-07-29T14:39:59.667Z,,
2687f43a-5bdb-4b60-8477-0902ce2118e9,69059df4-726a-4bf5-a5b9-f8b0a5741318,5200.00,IDR,1,2025-12-31T17:00:00.000Z,,,,medium,active,a0000000-0000-0000-0000-000000000001,2026-07-29T14:39:59.708Z,2026-07-29T14:39:59.708Z,a0000000-0000-0000-0000-000000000001,2026-07-29T14:39:59.708Z,,
2495102b-d8ad-4dee-86f8-d83804308f7d,ed68db24-8641-44c0-a504-322956b6d85e,509100.00,IDR,1,2025-12-31T17:00:00.000Z,,,,medium,active,a0000000-0000-0000-0000-000000000001,2026-07-29T14:39:59.749Z,2026-07-29T14:39:59.749Z,a0000000-0000-0000-0000-000000000001,2026-07-29T14:39:59.749Z,,
3f9421a1-d044-4459-a79d-0d5d5392179f,2840c7a3-8e78-4aa0-a1ab-39e800dcb977,10000.00,IDR,1,2025-12-31T17:00:00.000Z,,,,medium,active,a0000000-0000-0000-0000-000000000001,2026-07-29T14:39:59.798Z,2026-07-29T14:39:59.798Z,a0000000-0000-0000-0000-000000000001,2026-07-29T14:39:59.798Z,,
9b3ab94f-f912-4699-8a25-8e87432a9b7f,90600d0a-aec4-4512-abe7-5cbbdff182f4,850.00,IDR,1,2025-12-31T17:00:00.000Z,,,,medium,active,a0000000-0000-0000-0000-000000000001,2026-07-29T14:39:59.840Z,2026-07-29T14:39:59.840Z,a0000000-0000-0000-0000-000000000001,2026-07-29T14:39:59.840Z,,
be49c8b5-d9d6-4251-b74b-f079555dd69f,8c0cd1b1-f7d7-4342-aed9-69b52f8f20a1,950000.00,IDR,1,2025-12-31T17:00:00.000Z,,,,medium,active,a0000000-0000-0000-0000-000000000001,2026-07-29T14:39:59.882Z,2026-07-29T14:39:59.882Z,a0000000-0000-0000-0000-000000000001,2026-07-29T14:39:59.882Z,,
6305c75f-f555-4087-91dc-c6f3b7884f2a,0e8f5ace-7800-46f4-a3c1-871b9221d068,12200.00,IDR,1,2025-12-31T17:00:00.000Z,,,,medium,active,a0000000-0000-0000-0000-000000000001,2026-07-29T14:39:59.924Z,2026-07-29T14:39:59.924Z,a0000000-0000-0000-0000-000000000001,2026-07-29T14:39:59.924Z,,
6c0132fd-0ae3-4509-a0d2-5da461fa674b,78f1473a-f64a-46c6-b204-663da87bf4b1,900000.00,IDR,1,2025-12-31T17:00:00.000Z,,,,medium,active,a0000000-0000-0000-0000-000000000001,2026-07-29T14:39:59.966Z,2026-07-29T14:39:59.966Z,a0000000-0000-0000-0000-000000000001,2026-07-29T14:39:59.966Z,,
95023dc5-b98d-41a5-8ad1-97a62e0e5e63,3f882e35-f077-455a-b1a3-933742aff775,310500.00,IDR,1,2025-12-31T17:00:00.000Z,,,,medium,active,a0000000-0000-0000-0000-000000000001,2026-07-29T14:40:00.008Z,2026-07-29T14:40:00.008Z,a0000000-0000-0000-0000-000000000001,2026-07-29T14:40:00.008Z,,
b3d08f5b-e388-4cba-b9fd-d308b8e82bf8,d3fd6208-452c-44c2-afbf-67e7100940f8,321900.00,IDR,1,2025-12-31T17:00:00.000Z,,,,medium,active,a0000000-0000-0000-0000-000000000001,2026-07-29T14:40:00.051Z,2026-07-29T14:40:00.051Z,a0000000-0000-0000-0000-000000000001,2026-07-29T14:40:00.051Z,,
4c7364f0-57d4-4a89-8fd6-0ea40e33820c,94280326-c560-40bc-a2fc-550caa0db389,12000.00,IDR,1,2025-12-31T17:00:00.000Z,,,,medium,active,a0000000-0000-0000-0000-000000000001,2026-07-29T14:40:00.105Z,2026-07-29T14:40:00.105Z,a0000000-0000-0000-0000-000000000001,2026-07-29T14:40:00.105Z,,
b2647659-d9c0-426f-8d68-62b70e4e6672,39ce4c5e-9481-4570-9db4-0196611813b0,150000.00,IDR,1,2025-12-31T17:00:00.000Z,,,,medium,active,a0000000-0000-0000-0000-000000000001,2026-07-29T14:40:00.147Z,2026-07-29T14:40:00.147Z,a0000000-0000-0000-0000-000000000001,2026-07-29T14:40:00.147Z,,
30ae9139-2dee-45d9-bd35-3982a76538b7,cfdf4607-2c10-4be7-8ab9-e329c335a1c6,15667.00,IDR,1,2025-12-31T17:00:00.000Z,,,,medium,active,a0000000-0000-0000-0000-000000000001,2026-07-29T14:40:00.189Z,2026-07-29T14:40:00.189Z,a0000000-0000-0000-0000-000000000001,2026-07-29T14:40:00.189Z,,
bef41c2a-ede2-4c6b-86b8-722514d8a299,c1e82469-e0f4-4f32-bcc6-6d073044bab3,265000.00,IDR,1,2025-12-31T17:00:00.000Z,,,,medium,active,a0000000-0000-0000-0000-000000000001,2026-07-29T14:40:00.231Z,2026-07-29T14:40:00.231Z,a0000000-0000-0000-0000-000000000001,2026-07-29T14:40:00.231Z,,
734cb184-4c25-4df9-ae2a-be67e09dc9ee,45ce8286-2785-4164-8ab5-19909b83a0d2,1300000.00,IDR,1,2025-12-31T17:00:00.000Z,,,,medium,active,a0000000-0000-0000-0000-000000000001,2026-07-29T14:40:00.274Z,2026-07-29T14:40:00.274Z,a0000000-0000-0000-0000-000000000001,2026-07-29T14:40:00.274Z,,
1c0c67bb-b4bd-41f8-b4ae-140aec44d8c6,64056deb-6536-46fa-9315-d5267adef1d5,240000.00,IDR,1,2025-12-31T17:00:00.000Z,,,,medium,active,a0000000-0000-0000-0000-000000000001,2026-07-29T14:40:00.317Z,2026-07-29T14:40:00.317Z,a0000000-0000-0000-0000-000000000001,2026-07-29T14:40:00.317Z,,
cc891afb-08c4-421c-b1a7-15c14704c2ea,978da001-3b7d-4ce1-988d-7f9ccb5871a5,104500.00,IDR,1,2025-12-31T17:00:00.000Z,,,,medium,active,a0000000-0000-0000-0000-000000000001,2026-07-29T14:40:00.361Z,2026-07-29T14:40:00.361Z,a0000000-0000-0000-0000-000000000001,2026-07-29T14:40:00.361Z,,
abec3590-7253-489e-8be8-7b5fcfc6d336,ea26eff8-1d88-43c3-81db-d99bcff5fd4a,65000.00,IDR,1,2025-12-31T17:00:00.000Z,,,,medium,active,a0000000-0000-0000-0000-000000000001,2026-07-29T14:40:00.403Z,2026-07-29T14:40:00.403Z,a0000000-0000-0000-0000-000000000001,2026-07-29T14:40:00.403Z,,
de421298-9b0a-4f73-a011-bbd1f066f1a1,eda61f98-eaa7-43f9-8863-67fd8873f78b,265000.00,IDR,1,2025-12-31T17:00:00.000Z,,,,medium,active,a0000000-0000-0000-0000-000000000001,2026-07-29T14:40:00.445Z,2026-07-29T14:40:00.445Z,a0000000-0000-0000-0000-000000000001,2026-07-29T14:40:00.445Z,,
e1a1b33f-b69b-4e4e-8798-bdabc6da1c8a,14f468bc-b9b3-40df-b0b5-88a171c220b5,370000.00,IDR,1,2025-12-31T17:00:00.000Z,,,,medium,active,a0000000-0000-0000-0000-000000000001,2026-07-29T14:40:00.487Z,2026-07-29T14:40:00.487Z,a0000000-0000-0000-0000-000000000001,2026-07-29T14:40:00.487Z,,
e4526c40-d132-4eb1-8fe4-e9425b861e35,2bbc22c6-1017-464c-b9ad-23740f6491b4,1500000.00,IDR,1,2025-12-31T17:00:00.000Z,,,,medium,active,a0000000-0000-0000-0000-000000000001,2026-07-29T14:40:00.529Z,2026-07-29T14:40:00.529Z,a0000000-0000-0000-0000-000000000001,2026-07-29T14:40:00.529Z,,
06b22f8e-9e0e-44a5-930f-59abe92b912d,b3540f4c-02ca-432d-8d34-c6e63c1e1a3f,15000.00,IDR,1,2025-12-31T17:00:00.000Z,,,,medium,active,a0000000-0000-0000-0000-000000000001,2026-07-29T14:40:00.572Z,2026-07-29T14:40:00.572Z,a0000000-0000-0000-0000-000000000001,2026-07-29T14:40:00.572Z,,
f65c7f22-3e43-4954-9586-ff8997031c3f,2d72a344-d6cf-4157-9040-c8a9ba27b6cf,1450000.00,IDR,1,2025-12-31T17:00:00.000Z,,,,medium,active,a0000000-0000-0000-0000-000000000001,2026-07-29T14:40:00.617Z,2026-07-29T14:40:00.617Z,a0000000-0000-0000-0000-000000000001,2026-07-29T14:40:00.617Z,,
9cb24e72-1a8f-4bdc-b104-df1348b65160,63abb294-4f89-4a35-9101-6cf6c7b54034,1245000.00,IDR,1,2025-12-31T17:00:00.000Z,,,,medium,active,a0000000-0000-0000-0000-000000000001,2026-07-29T14:40:00.660Z,2026-07-29T14:40:00.660Z,a0000000-0000-0000-0000-000000000001,2026-07-29T14:40:00.660Z,,
437fa94e-10ea-44fa-a7e5-17939e1d8938,b9ea0e8e-4410-4242-aad4-e9ec5ce27a2b,77000.00,IDR,1,2025-12-31T17:00:00.000Z,,,,medium,active,a0000000-0000-0000-0000-000000000001,2026-07-29T14:40:00.702Z,2026-07-29T14:40:00.702Z,a0000000-0000-0000-0000-000000000001,2026-07-29T14:40:00.702Z,,
f72cbaac-fcb5-49d8-ba38-fb18ba5557b9,3c78bc1a-15c9-4285-8a07-1909c6f43841,430000.00,IDR,1,2025-12-31T17:00:00.000Z,,,,medium,active,a0000000-0000-0000-0000-000000000001,2026-07-29T14:40:00.745Z,2026-07-29T14:40:00.745Z,a0000000-0000-0000-0000-000000000001,2026-07-29T14:40:00.745Z,,
bf07007a-5270-4454-9997-f6f2e64f2e20,a43c1a99-53d8-4967-ae30-c8c859fa1555,740900.00,IDR,1,2025-12-31T17:00:00.000Z,,,,medium,active,a0000000-0000-0000-0000-000000000001,2026-07-29T14:40:00.787Z,2026-07-29T14:40:00.787Z,a0000000-0000-0000-0000-000000000001,2026-07-29T14:40:00.787Z,,
8379aa17-5636-495f-a6b3-0deb8b31fafd,3a34b9cf-e271-4923-ae5b-ec9d09fd65ee,650000.00,IDR,1,2025-12-31T17:00:00.000Z,,,,medium,active,a0000000-0000-0000-0000-000000000001,2026-07-29T14:40:00.830Z,2026-07-29T14:40:00.830Z,a0000000-0000-0000-0000-000000000001,2026-07-29T14:40:00.830Z,,
81210f39-f0c3-4a81-b60a-4d8f6d26560e,f0d5bda8-91e2-4ba1-96ba-067a79a8638d,391000.00,IDR,1,2025-12-31T17:00:00.000Z,,,,medium,active,a0000000-0000-0000-0000-000000000001,2026-07-29T14:40:00.872Z,2026-07-29T14:40:00.872Z,a0000000-0000-0000-0000-000000000001,2026-07-29T14:40:00.872Z,,
7983590d-10cb-4f60-a4bc-01c6417c0aef,442c25ca-5b3b-4629-988c-f44a3238ca7d,570000.00,IDR,1,2025-12-31T17:00:00.000Z,,,,medium,active,a0000000-0000-0000-0000-000000000001,2026-07-29T14:40:00.914Z,2026-07-29T14:40:00.914Z,a0000000-0000-0000-0000-000000000001,2026-07-29T14:40:00.914Z,,
a59964c6-5638-47dc-8469-cc9aadebe7da,07f6d7e0-00c2-48a7-b43f-f04a46a9d6df,8000000.00,IDR,1,2025-12-31T17:00:00.000Z,,,,medium,active,a0000000-0000-0000-0000-000000000001,2026-07-29T14:40:00.956Z,2026-07-29T14:40:00.956Z,a0000000-0000-0000-0000-000000000001,2026-07-29T14:40:00.956Z,,
3157d2c4-f391-4ea9-b693-450fef4ffe73,ece6006f-8de2-4205-933f-65f6e9b74d0a,2970000.00,IDR,1,2025-12-31T17:00:00.000Z,,,,medium,active,a0000000-0000-0000-0000-000000000001,2026-07-29T14:40:00.998Z,2026-07-29T14:40:00.998Z,a0000000-0000-0000-0000-000000000001,2026-07-29T14:40:00.998Z,,
909a95bd-8cf5-4a74-9698-fb44898acd37,96e8343a-8283-48b4-8713-6f980019e85a,430000.00,IDR,1,2025-12-31T17:00:00.000Z,,,,medium,active,a0000000-0000-0000-0000-000000000001,2026-07-29T14:40:01.040Z,2026-07-29T14:40:01.040Z,a0000000-0000-0000-0000-000000000001,2026-07-29T14:40:01.040Z,,
0a5cb3e5-6c0f-407e-9035-e8cafd95bc06,0c40c158-f3c3-4877-bf7c-3eeab20c6022,411000.00,IDR,1,2025-12-31T17:00:00.000Z,,,,medium,active,a0000000-0000-0000-0000-000000000001,2026-07-29T14:40:01.082Z,2026-07-29T14:40:01.082Z,a0000000-0000-0000-0000-000000000001,2026-07-29T14:40:01.082Z,,
47b1ca23-544f-4706-a92d-e8753bfbcd20,23a05af9-00c9-4062-90e0-3918270ae9bc,290000.00,IDR,1,2025-12-31T17:00:00.000Z,,,,medium,active,a0000000-0000-0000-0000-000000000001,2026-07-29T14:40:01.124Z,2026-07-29T14:40:01.124Z,a0000000-0000-0000-0000-000000000001,2026-07-29T14:40:01.124Z,,
6fe630fc-10bc-4561-a41b-278ec06b4eb5,32863237-be39-4d31-8033-802b087b5705,175000.00,IDR,1,2025-12-31T17:00:00.000Z,,,,medium,active,a0000000-0000-0000-0000-000000000001,2026-07-29T14:40:01.166Z,2026-07-29T14:40:01.166Z,a0000000-0000-0000-0000-000000000001,2026-07-29T14:40:01.166Z,,
779c6bda-e612-4eb4-a285-41e754b78069,b3b3ec47-8c04-4dca-aae6-b32f7539b895,1.00,IDR,1,2025-12-31T17:00:00.000Z,,,,medium,active,a0000000-0000-0000-0000-000000000001,2026-07-29T14:40:01.211Z,2026-07-29T14:40:01.211Z,a0000000-0000-0000-0000-000000000001,2026-07-29T14:40:01.211Z,,
82b55968-2d35-4bee-9e91-84f1b7d21330,c72853dc-6f16-401b-9f8e-bdb2eee6b39f,77000.00,IDR,1,2025-12-31T17:00:00.000Z,,,,medium,active,a0000000-0000-0000-0000-000000000001,2026-07-29T14:40:01.255Z,2026-07-29T14:40:01.255Z,a0000000-0000-0000-0000-000000000001,2026-07-29T14:40:01.255Z,,
71de9438-1837-4941-8762-31d87ba847b7,ad9667b6-45b2-475f-bcd4-7ca5e08a2f69,1.00,IDR,1,2025-12-31T17:00:00.000Z,,,,medium,active,a0000000-0000-0000-0000-000000000001,2026-07-29T14:40:01.297Z,2026-07-29T14:40:01.297Z,a0000000-0000-0000-0000-000000000001,2026-07-29T14:40:01.297Z,,
76b65fef-0257-41f3-b2d8-dae168a83b67,79f2dd72-66f0-4399-90bf-a3daafc65451,8550000.00,IDR,1,2025-12-31T17:00:00.000Z,,,,medium,active,a0000000-0000-0000-0000-000000000001,2026-07-29T14:40:01.340Z,2026-07-29T14:40:01.340Z,a0000000-0000-0000-0000-000000000001,2026-07-29T14:40:01.340Z,,
d8ea299a-9c33-43de-aa81-5e07d44b31ef,b9335cea-b060-41f0-977b-8582e895627a,1470650.00,IDR,1,2025-12-31T17:00:00.000Z,,,,medium,active,a0000000-0000-0000-0000-000000000001,2026-07-29T14:40:01.383Z,2026-07-29T14:40:01.383Z,a0000000-0000-0000-0000-000000000001,2026-07-29T14:40:01.383Z,,
52999c93-7282-4668-82b0-424520319a0b,c04749ee-f8ef-42bb-ba29-2e1e1ea06320,8500.00,IDR,1,2025-12-31T17:00:00.000Z,,,,medium,active,a0000000-0000-0000-0000-000000000001,2026-07-29T14:40:01.425Z,2026-07-29T14:40:01.425Z,a0000000-0000-0000-0000-000000000001,2026-07-29T14:40:01.425Z,,
a89d0307-f2e8-4c31-b2d1-887fe2a970f3,2292da0b-5d39-4e6e-96c1-8390f5af0784,2500000.00,IDR,1,2025-12-31T17:00:00.000Z,,,,medium,active,a0000000-0000-0000-0000-000000000001,2026-07-29T14:40:01.467Z,2026-07-29T14:40:01.467Z,a0000000-0000-0000-0000-000000000001,2026-07-29T14:40:01.467Z,,
faa6ca3d-b17a-46f8-9eeb-99e650a114d6,6d5e0abb-3446-4840-ab5e-932b570bfca1,222000.00,IDR,1,2025-12-31T17:00:00.000Z,,,,medium,active,a0000000-0000-0000-0000-000000000001,2026-07-29T14:40:01.509Z,2026-07-29T14:40:01.509Z,a0000000-0000-0000-0000-000000000001,2026-07-29T14:40:01.509Z,,
cb7cfced-9088-4132-a60e-95c83612ee12,df34a01e-f5a4-4f1c-9b21-1bd0a078bea0,225000.00,IDR,1,2025-12-31T17:00:00.000Z,,,,medium,active,a0000000-0000-0000-0000-000000000001,2026-07-29T14:40:01.551Z,2026-07-29T14:40:01.551Z,a0000000-0000-0000-0000-000000000001,2026-07-29T14:40:01.551Z,,
98572591-30bd-473f-b1d2-12f5c88dee2b,e883e9f0-1505-43a6-8f41-d28a29c7934f,381000.00,IDR,1,2025-12-31T17:00:00.000Z,,,,medium,active,a0000000-0000-0000-0000-000000000001,2026-07-29T14:40:01.593Z,2026-07-29T14:40:01.593Z,a0000000-0000-0000-0000-000000000001,2026-07-29T14:40:01.593Z,,
4016bac8-31c5-40c4-8fa7-7466492b2559,01a8ab66-10cc-40a4-aa3a-23c5a5caad67,9000.00,IDR,1,2025-12-31T17:00:00.000Z,,,,medium,active,a0000000-0000-0000-0000-000000000001,2026-07-29T14:40:01.635Z,2026-07-29T14:40:01.635Z,a0000000-0000-0000-0000-000000000001,2026-07-29T14:40:01.635Z,,
8b67a1c3-7d2a-4756-91cf-5d6478eb65d7,fb4d3e4f-fce6-49c4-872a-25110a2240a1,270000.00,IDR,1,2025-12-31T17:00:00.000Z,,,,medium,active,a0000000-0000-0000-0000-000000000001,2026-07-29T14:40:01.677Z,2026-07-29T14:40:01.677Z,a0000000-0000-0000-0000-000000000001,2026-07-29T14:40:01.677Z,,
ae90f1bb-c8cf-405a-a025-179da15d14da,06f70790-9ec4-4c26-be85-93e4be33f97a,150000.00,IDR,1,2025-12-31T17:00:00.000Z,,,,medium,active,a0000000-0000-0000-0000-000000000001,2026-07-29T14:40:01.719Z,2026-07-29T14:40:01.719Z,a0000000-0000-0000-0000-000000000001,2026-07-29T14:40:01.719Z,,
eefe012a-1f75-48c4-a014-df8d51686c6c,43529b1e-c4a0-4073-bf1d-1930abc6de41,18000.00,IDR,1,2025-12-31T17:00:00.000Z,,,,medium,active,a0000000-0000-0000-0000-000000000001,2026-07-29T14:40:01.761Z,2026-07-29T14:40:01.761Z,a0000000-0000-0000-0000-000000000001,2026-07-29T14:40:01.761Z,,
79cb1aa2-85e0-4928-bff9-30211308d18a,18953b66-7552-4e7f-a377-8fa20f7d8449,230600.00,IDR,1,2025-12-31T17:00:00.000Z,,,,medium,active,a0000000-0000-0000-0000-000000000001,2026-07-29T14:40:01.803Z,2026-07-29T14:40:01.803Z,a0000000-0000-0000-0000-000000000001,2026-07-29T14:40:01.803Z,,
e498a84f-cd98-4820-9e55-c33d06648288,36bfc03c-ab54-445d-abb2-39350ba8b91a,1200000.00,IDR,1,2025-12-31T17:00:00.000Z,,,,medium,active,a0000000-0000-0000-0000-000000000001,2026-07-29T14:40:01.845Z,2026-07-29T14:40:01.845Z,a0000000-0000-0000-0000-000000000001,2026-07-29T14:40:01.845Z,,
78e6265e-2489-460b-9af5-118f16292a08,44108c86-2606-42fc-aec9-69600b9e0138,28000.00,IDR,1,2025-12-31T17:00:00.000Z,,,,medium,active,a0000000-0000-0000-0000-000000000001,2026-07-29T14:40:01.887Z,2026-07-29T14:40:01.887Z,a0000000-0000-0000-0000-000000000001,2026-07-29T14:40:01.887Z,,
d7a9a742-5230-47ce-838a-427890b6f66a,f1320fd6-708d-49d0-bbd7-15c1366c20e3,22000.00,IDR,1,2025-12-31T17:00:00.000Z,,,,medium,active,a0000000-0000-0000-0000-000000000001,2026-07-29T14:40:01.929Z,2026-07-29T14:40:01.929Z,a0000000-0000-0000-0000-000000000001,2026-07-29T14:40:01.929Z,,
901be2be-6e23-46bc-80de-3568b526227d,62dece5e-b751-42d8-a944-3f6e47041c20,1500000.00,IDR,1,2025-12-31T17:00:00.000Z,,,,medium,active,a0000000-0000-0000-0000-000000000001,2026-07-29T14:40:01.972Z,2026-07-29T14:40:01.972Z,a0000000-0000-0000-0000-000000000001,2026-07-29T14:40:01.972Z,,
5c59a277-3fe6-4130-ad00-f840c3837ce9,aaf613b1-058d-47a2-b4c4-1b33e4de40cf,181000.00,IDR,1,2025-12-31T17:00:00.000Z,,,,medium,active,a0000000-0000-0000-0000-000000000001,2026-07-29T14:40:02.014Z,2026-07-29T14:40:02.014Z,a0000000-0000-0000-0000-000000000001,2026-07-29T14:40:02.014Z,,
98ee0ca6-8f38-4d29-ba86-2b5d9f6f7246,99582546-a988-432a-b7df-7834d8d4fcb6,79000.00,IDR,1,2025-12-31T17:00:00.000Z,,,,medium,active,a0000000-0000-0000-0000-000000000001,2026-07-29T14:40:02.056Z,2026-07-29T14:40:02.056Z,a0000000-0000-0000-0000-000000000001,2026-07-29T14:40:02.056Z,,
5794f430-8784-4b6e-96fc-a058fb4e8a2e,2befd3f2-cb3d-451b-94b5-3df4fab0bccc,34300.00,IDR,1,2025-12-31T17:00:00.000Z,,,,medium,active,a0000000-0000-0000-0000-000000000001,2026-07-29T14:40:02.097Z,2026-07-29T14:40:02.097Z,a0000000-0000-0000-0000-000000000001,2026-07-29T14:40:02.097Z,,
6444e3b3-6319-445c-bd94-3f1e1c1baff6,a5199c87-0a1c-4fb3-a5df-12739e21ee9d,101600.00,IDR,1,2025-12-31T17:00:00.000Z,,,,medium,active,a0000000-0000-0000-0000-000000000001,2026-07-29T14:40:02.140Z,2026-07-29T14:40:02.140Z,a0000000-0000-0000-0000-000000000001,2026-07-29T14:40:02.140Z,,
9b027043-257e-420f-806b-55e172b9be12,98ade3b3-85ba-4f3d-8887-cbd44e9daac1,16660.00,IDR,1,2025-12-31T17:00:00.000Z,,,,medium,active,a0000000-0000-0000-0000-000000000001,2026-07-29T14:40:02.182Z,2026-07-29T14:40:02.182Z,a0000000-0000-0000-0000-000000000001,2026-07-29T14:40:02.182Z,,
8e2c219e-8867-4103-bed2-0b96d8945d0e,3e58a38a-1a40-4251-881f-5c1dd781ff1d,150000.00,IDR,1,2025-12-31T17:00:00.000Z,,,,medium,active,a0000000-0000-0000-0000-000000000001,2026-07-29T14:40:02.224Z,2026-07-29T14:40:02.224Z,a0000000-0000-0000-0000-000000000001,2026-07-29T14:40:02.224Z,,
981bfe41-c841-4f54-9031-29dc625a2aa3,2cea6c88-1838-457e-b415-a454bdb24d99,1520000.00,IDR,1,2025-12-31T17:00:00.000Z,,,,medium,active,a0000000-0000-0000-0000-000000000001,2026-07-29T14:40:02.265Z,2026-07-29T14:40:02.265Z,a0000000-0000-0000-0000-000000000001,2026-07-29T14:40:02.265Z,,
a52232c3-1659-4dcc-9a5c-944e91669d73,8a25833a-317b-4ced-a2a4-06d96af0bdf6,43000.00,IDR,1,2025-12-31T17:00:00.000Z,,,,medium,active,a0000000-0000-0000-0000-000000000001,2026-07-29T14:40:02.307Z,2026-07-29T14:40:02.307Z,a0000000-0000-0000-0000-000000000001,2026-07-29T14:40:02.307Z,,
fd3fdca0-b8f7-41ca-b53f-556a2446f3d7,a373951e-7341-43a0-8918-4d1808a882fa,13900.00,IDR,1,2025-12-31T17:00:00.000Z,,,,medium,active,a0000000-0000-0000-0000-000000000001,2026-07-29T14:40:02.349Z,2026-07-29T14:40:02.349Z,a0000000-0000-0000-0000-000000000001,2026-07-29T14:40:02.349Z,,
1159f4cc-e4fc-4b0d-9e2b-367eadccf320,f4881c2a-29b2-48f6-864c-c628d557c620,3125.00,IDR,1,2025-12-31T17:00:00.000Z,,,,medium,active,a0000000-0000-0000-0000-000000000001,2026-07-29T14:40:02.390Z,2026-07-29T14:40:02.390Z,a0000000-0000-0000-0000-000000000001,2026-07-29T14:40:02.390Z,,
83be17e0-7279-49bb-aa51-faa4ae1de0e6,c3af2c43-565b-4b29-a2ac-c0e589c34f60,931000.00,IDR,1,2025-12-31T17:00:00.000Z,,,,medium,active,a0000000-0000-0000-0000-000000000001,2026-07-29T14:40:02.432Z,2026-07-29T14:40:02.432Z,a0000000-0000-0000-0000-000000000001,2026-07-29T14:40:02.432Z,,
7f320c56-e6be-4223-8a8f-fd79f51d19dc,8f61be7f-15a9-4d41-ad66-96da9b834c90,80000.00,IDR,1,2025-12-31T17:00:00.000Z,,,,medium,active,a0000000-0000-0000-0000-000000000001,2026-07-29T14:40:02.474Z,2026-07-29T14:40:02.474Z,a0000000-0000-0000-0000-000000000001,2026-07-29T14:40:02.474Z,,
a77d93dc-3977-4a8a-8b23-7c50304bc361,e8bf844f-c6b1-4d3f-95ad-e5d10a99d84b,222000.00,IDR,1,2025-12-31T17:00:00.000Z,,,,medium,active,a0000000-0000-0000-0000-000000000001,2026-07-29T14:40:02.516Z,2026-07-29T14:40:02.516Z,a0000000-0000-0000-0000-000000000001,2026-07-29T14:40:02.516Z,,
38714484-8d9c-4620-a832-533ad9f6299d,06eb7b8b-72da-49e6-910c-a4db02892e10,3200000.00,IDR,1,2025-12-31T17:00:00.000Z,,,,medium,active,a0000000-0000-0000-0000-000000000001,2026-07-29T14:40:02.558Z,2026-07-29T14:40:02.558Z,a0000000-0000-0000-0000-000000000001,2026-07-29T14:40:02.558Z,,
2d57c746-cd91-460a-9f20-d6dd5bcefe8c,87c496c7-2eff-4118-ad72-6eb40928bdf6,222000.00,IDR,1,2025-12-31T17:00:00.000Z,,,,medium,active,a0000000-0000-0000-0000-000000000001,2026-07-29T14:40:02.600Z,2026-07-29T14:40:02.600Z,a0000000-0000-0000-0000-000000000001,2026-07-29T14:40:02.600Z,,
e8926e6d-ac92-48a7-80bb-0d3b2d47fade,92f44d73-4248-439c-8095-475b888236d7,7100000.00,IDR,1,2025-12-31T17:00:00.000Z,,,,medium,active,a0000000-0000-0000-0000-000000000001,2026-07-29T14:40:02.643Z,2026-07-29T14:40:02.643Z,a0000000-0000-0000-0000-000000000001,2026-07-29T14:40:02.643Z,,
dcc2cd18-26a1-43b4-8124-fd3e74461a5d,fac8d9e0-3c81-4d67-b600-48387a31acd4,19700.00,IDR,1,2025-12-31T17:00:00.000Z,,,,medium,active,a0000000-0000-0000-0000-000000000001,2026-07-29T14:40:02.685Z,2026-07-29T14:40:02.685Z,a0000000-0000-0000-0000-000000000001,2026-07-29T14:40:02.685Z,,
39b40435-e621-4348-a80b-4ee9e9868fbc,4dfc4199-035b-4cd4-92aa-5506ddf2e5de,20000.00,IDR,1,2025-12-31T17:00:00.000Z,,,,medium,active,a0000000-0000-0000-0000-000000000001,2026-07-29T14:40:02.726Z,2026-07-29T14:40:02.726Z,a0000000-0000-0000-0000-000000000001,2026-07-29T14:40:02.726Z,,
6a6227ab-9043-42ae-81cb-6141d43ff455,5749c490-5940-4fbc-858a-1f7fef8bc458,4600.00,IDR,1,2025-12-31T17:00:00.000Z,,,,medium,active,a0000000-0000-0000-0000-000000000001,2026-07-29T14:40:02.768Z,2026-07-29T14:40:02.768Z,a0000000-0000-0000-0000-000000000001,2026-07-29T14:40:02.768Z,,
b3c42f8d-9b59-4907-b21b-0ffd426a2d0c,bca1c8e6-073b-4c28-9937-5526d73026b6,1.00,IDR,1,2025-12-31T17:00:00.000Z,,,,medium,active,a0000000-0000-0000-0000-000000000001,2026-07-29T14:40:02.810Z,2026-07-29T14:40:02.810Z,a0000000-0000-0000-0000-000000000001,2026-07-29T14:40:02.810Z,,
f5af2d03-6528-41f0-970a-d5199fd7e561,aa48377a-cb1b-4627-81c5-11fc3cab2d47,100000.00,IDR,1,2025-12-31T17:00:00.000Z,,,,medium,active,a0000000-0000-0000-0000-000000000001,2026-07-29T14:40:02.852Z,2026-07-29T14:40:02.852Z,a0000000-0000-0000-0000-000000000001,2026-07-29T14:40:02.852Z,,
5c676831-4718-4cc0-af94-cd4f3a7e59a4,c4dcdfec-8700-4d4e-b5e4-b071d1a9b56e,510000.00,IDR,1,2025-12-31T17:00:00.000Z,,,,medium,active,a0000000-0000-0000-0000-000000000001,2026-07-29T14:40:02.894Z,2026-07-29T14:40:02.894Z,a0000000-0000-0000-0000-000000000001,2026-07-29T14:40:02.894Z,,
1781062b-c6b4-4735-91f1-990e62bebfdb,7cac8cc3-a1d2-43dc-8d9d-5c0d555b4f4e,185000.00,IDR,1,2025-12-31T17:00:00.000Z,,,,medium,active,a0000000-0000-0000-0000-000000000001,2026-07-29T14:40:02.937Z,2026-07-29T14:40:02.937Z,a0000000-0000-0000-0000-000000000001,2026-07-29T14:40:02.937Z,,
317936b4-c335-4860-89f0-d1d97d43734b,355efcba-614e-4275-8f52-16152b7ec46b,54400.00,IDR,1,2025-12-31T17:00:00.000Z,,,,medium,active,a0000000-0000-0000-0000-000000000001,2026-07-29T14:40:02.979Z,2026-07-29T14:40:02.979Z,a0000000-0000-0000-0000-000000000001,2026-07-29T14:40:02.979Z,,
836588e7-ccf5-4d8f-85c8-300fbedc1bb9,600f131d-968e-4f9e-ae64-a9f95686bf84,5000.00,IDR,1,2025-12-31T17:00:00.000Z,,,,medium,active,a0000000-0000-0000-0000-000000000001,2026-07-29T14:40:03.021Z,2026-07-29T14:40:03.021Z,a0000000-0000-0000-0000-000000000001,2026-07-29T14:40:03.021Z,,
80026b5d-ab03-4787-b91c-5e1bc8023c4e,d8fe9521-0761-40f9-a517-87d4dec76e8a,590000.00,IDR,1,2025-12-31T17:00:00.000Z,,,,medium,active,a0000000-0000-0000-0000-000000000001,2026-07-29T14:40:03.063Z,2026-07-29T14:40:03.063Z,a0000000-0000-0000-0000-000000000001,2026-07-29T14:40:03.063Z,,
19a508c9-2c2c-4fe5-84d4-b01a281bdd87,1a1a3312-e0d8-4b7d-a5fe-d31c49baca49,55500.00,IDR,1,2025-12-31T17:00:00.000Z,,,,medium,active,a0000000-0000-0000-0000-000000000001,2026-07-29T14:40:03.105Z,2026-07-29T14:40:03.105Z,a0000000-0000-0000-0000-000000000001,2026-07-29T14:40:03.105Z,,
0978a378-1453-4712-9d8f-2d8cb79c4d27,06ffbfaf-729b-485e-bd3d-cfd03ab828ef,77000.00,IDR,1,2025-12-31T17:00:00.000Z,,,,medium,active,a0000000-0000-0000-0000-000000000001,2026-07-29T14:40:03.147Z,2026-07-29T14:40:03.147Z,a0000000-0000-0000-0000-000000000001,2026-07-29T14:40:03.147Z,,
211882eb-0134-42be-a5db-d7e963520539,dd07a34b-55f3-4011-bb0a-dc3480b79af1,9000.00,IDR,1,2025-12-31T17:00:00.000Z,,,,medium,active,a0000000-0000-0000-0000-000000000001,2026-07-29T14:40:03.190Z,2026-07-29T14:40:03.190Z,a0000000-0000-0000-0000-000000000001,2026-07-29T14:40:03.190Z,,
c78806bb-364a-4a83-a0b1-403d7d1f1d6f,f8ca7597-e70a-4bb1-b260-596b0c7e61bc,125000.00,IDR,1,2025-12-31T17:00:00.000Z,,,,medium,active,a0000000-0000-0000-0000-000000000001,2026-07-29T14:40:03.232Z,2026-07-29T14:40:03.232Z,a0000000-0000-0000-0000-000000000001,2026-07-29T14:40:03.232Z,,
c41ed10b-5e08-492c-9ecc-a066147878d1,aee58a06-691c-4795-a24f-69d36660fbb8,3800000.00,IDR,1,2025-12-31T17:00:00.000Z,,,,medium,active,a0000000-0000-0000-0000-000000000001,2026-07-29T14:40:03.274Z,2026-07-29T14:40:03.274Z,a0000000-0000-0000-0000-000000000001,2026-07-29T14:40:03.274Z,,
7aa7acf9-f9d0-4086-bcc4-3758ff27e7db,f47ce4c0-0a5a-4fe0-a476-bebb4164799a,1900000.00,IDR,1,2025-12-31T17:00:00.000Z,,,,medium,active,a0000000-0000-0000-0000-000000000001,2026-07-29T14:40:03.316Z,2026-07-29T14:40:03.316Z,a0000000-0000-0000-0000-000000000001,2026-07-29T14:40:03.316Z,,
6f95a05b-1c6c-4076-8a59-3b727482a5ba,fc877a6d-ae09-4b0a-906f-90291110768d,2044800.00,IDR,1,2025-12-31T17:00:00.000Z,,,,medium,active,a0000000-0000-0000-0000-000000000001,2026-07-29T14:40:03.358Z,2026-07-29T14:40:03.358Z,a0000000-0000-0000-0000-000000000001,2026-07-29T14:40:03.358Z,,
28e9aaf6-57aa-43a7-be50-b6e2837daa6f,f8a25eac-829a-49fe-aaed-2a06a4f78688,72500.00,IDR,1,2025-12-31T17:00:00.000Z,,,,medium,active,a0000000-0000-0000-0000-000000000001,2026-07-29T14:40:03.401Z,2026-07-29T14:40:03.401Z,a0000000-0000-0000-0000-000000000001,2026-07-29T14:40:03.401Z,,
00b3213b-e78c-4b03-990e-eb6d35bd4b95,12e9d75d-0bd8-4b0c-a00d-5b196646d7d0,15000.00,IDR,1,2025-12-31T17:00:00.000Z,,,,medium,active,a0000000-0000-0000-0000-000000000001,2026-07-29T14:40:03.444Z,2026-07-29T14:40:03.444Z,a0000000-0000-0000-0000-000000000001,2026-07-29T14:40:03.444Z,,
23bbe0ed-0bd5-4cfc-b112-ffc3777ec8db,615d2a48-7a27-4416-9557-774d290f1fdb,516000.00,IDR,1,2025-12-31T17:00:00.000Z,,,,medium,active,a0000000-0000-0000-0000-000000000001,2026-07-29T14:40:03.486Z,2026-07-29T14:40:03.486Z,a0000000-0000-0000-0000-000000000001,2026-07-29T14:40:03.486Z,,
d50e9aa9-e470-4a91-a141-5411a82af2af,231d73ec-1031-4af6-9642-6176c0bc60fc,2560000.00,IDR,1,2025-12-31T17:00:00.000Z,,,,medium,active,a0000000-0000-0000-0000-000000000001,2026-07-29T14:40:03.527Z,2026-07-29T14:40:03.527Z,a0000000-0000-0000-0000-000000000001,2026-07-29T14:40:03.527Z,,
046bc159-ce14-4ca4-a3bf-ca6bf9ca288e,d1748711-68b3-41c3-94b5-01ba79e43aa8,82500.00,IDR,1,2025-12-31T17:00:00.000Z,,,,medium,active,a0000000-0000-0000-0000-000000000001,2026-07-29T14:40:03.569Z,2026-07-29T14:40:03.569Z,a0000000-0000-0000-0000-000000000001,2026-07-29T14:40:03.569Z,,
015f155b-32e5-4a3a-9871-5a32a96f241e,a9a9e050-0a30-4b41-bd77-5c22cd6b81e4,15000000.00,IDR,1,2025-12-31T17:00:00.000Z,,,,medium,active,a0000000-0000-0000-0000-000000000001,2026-07-29T14:40:03.611Z,2026-07-29T14:40:03.611Z,a0000000-0000-0000-0000-000000000001,2026-07-29T14:40:03.611Z,,
d4691c08-d8d1-47eb-93c6-6c85229d3174,ce2c47fe-b06e-4602-8752-c8d42a6daa61,150000.00,IDR,1,2025-12-31T17:00:00.000Z,,,,medium,active,a0000000-0000-0000-0000-000000000001,2026-07-29T14:40:03.653Z,2026-07-29T14:40:03.653Z,a0000000-0000-0000-0000-000000000001,2026-07-29T14:40:03.653Z,,
e4fb4be2-7dd0-49bf-b7ce-348df3cd1800,133394ff-a38e-4552-a389-44faba3ed312,1.00,IDR,1,2025-12-31T17:00:00.000Z,,,,medium,active,a0000000-0000-0000-0000-000000000001,2026-07-29T14:40:03.695Z,2026-07-29T14:40:03.695Z,a0000000-0000-0000-0000-000000000001,2026-07-29T14:40:03.695Z,,
cbcf7516-51f9-4f9b-9458-64d701116bdd,232cf1a9-4ce7-4719-93fd-448d2c84b54f,1.00,IDR,1,2025-12-31T17:00:00.000Z,,,,medium,active,a0000000-0000-0000-0000-000000000001,2026-07-29T14:40:03.737Z,2026-07-29T14:40:03.737Z,a0000000-0000-0000-0000-000000000001,2026-07-29T14:40:03.737Z,,
25921669-dcb7-42a1-ae72-e84f7185a5bd,18f685b1-c03c-4040-a882-e5a2f5a58ff7,1.00,IDR,1,2025-12-31T17:00:00.000Z,,,,medium,active,a0000000-0000-0000-0000-000000000001,2026-07-29T14:40:03.779Z,2026-07-29T14:40:03.779Z,a0000000-0000-0000-0000-000000000001,2026-07-29T14:40:03.779Z,,
8c5b7db5-6c47-466d-ba97-1ec5fb6d7825,a3fe53c7-0321-416c-9008-7b245abad9b9,1.00,IDR,1,2025-12-31T17:00:00.000Z,,,,medium,active,a0000000-0000-0000-0000-000000000001,2026-07-29T14:40:03.821Z,2026-07-29T14:40:03.821Z,a0000000-0000-0000-0000-000000000001,2026-07-29T14:40:03.821Z,,
23de74b5-58eb-491c-acfe-4f6d57879a93,31bc0ef4-2bc7-49cc-9009-8057a4c47ecd,1.00,IDR,1,2025-12-31T17:00:00.000Z,,,,medium,active,a0000000-0000-0000-0000-000000000001,2026-07-29T14:40:03.864Z,2026-07-29T14:40:03.864Z,a0000000-0000-0000-0000-000000000001,2026-07-29T14:40:03.864Z,,
01eb7491-72d2-4b53-8fc4-662e3ac3285e,9080bc8a-573e-450b-b96a-63f671166282,100000.00,IDR,1,2025-12-31T17:00:00.000Z,,,,medium,active,a0000000-0000-0000-0000-000000000001,2026-07-29T14:40:03.906Z,2026-07-29T14:40:03.906Z,a0000000-0000-0000-0000-000000000001,2026-07-29T14:40:03.906Z,,
8dd02b95-ca61-489c-9db3-04139829b0ee,59fbe05c-9e51-49a1-9298-9820b73207d7,375000.00,IDR,1,2025-12-31T17:00:00.000Z,,,,medium,active,a0000000-0000-0000-0000-000000000001,2026-07-29T14:40:03.947Z,2026-07-29T14:40:03.947Z,a0000000-0000-0000-0000-000000000001,2026-07-29T14:40:03.947Z,,
dbf4197b-228d-46b3-8f9f-278ad870f409,556da19c-9d22-436a-956d-e42d799daf66,222000.00,IDR,1,2025-12-31T17:00:00.000Z,,,,medium,active,a0000000-0000-0000-0000-000000000001,2026-07-29T14:40:03.989Z,2026-07-29T14:40:03.989Z,a0000000-0000-0000-0000-000000000001,2026-07-29T14:40:03.989Z,,
eb7cdb8b-402e-49d8-b24c-db5ae4d90c28,f9451b4e-679d-4d2c-9e42-ff29a8f60b73,350000.00,IDR,1,2025-12-31T17:00:00.000Z,,,,medium,active,a0000000-0000-0000-0000-000000000001,2026-07-29T14:40:04.031Z,2026-07-29T14:40:04.031Z,a0000000-0000-0000-0000-000000000001,2026-07-29T14:40:04.031Z,,
7177b0a4-f46d-4037-ab7f-fc3970de5f96,4bcafec7-6ed3-4bb6-a6c0-f66db4145957,195000.00,IDR,1,2025-12-31T17:00:00.000Z,,,,medium,active,a0000000-0000-0000-0000-000000000001,2026-07-29T14:40:04.073Z,2026-07-29T14:40:04.073Z,a0000000-0000-0000-0000-000000000001,2026-07-29T14:40:04.073Z,,
c6e2f391-4532-44d0-b10d-0a7505336f32,722b05c1-a094-4f3d-8926-712ad7118cfc,150000.00,IDR,1,2025-12-31T17:00:00.000Z,,,,medium,active,a0000000-0000-0000-0000-000000000001,2026-07-29T14:40:04.116Z,2026-07-29T14:40:04.116Z,a0000000-0000-0000-0000-000000000001,2026-07-29T14:40:04.116Z,,
36adbbc4-a222-43a1-bb5d-cee967ee7e65,77f07eda-71c1-4854-835c-0f4450f4f43f,125000.00,IDR,1,2025-12-31T17:00:00.000Z,,,,medium,active,a0000000-0000-0000-0000-000000000001,2026-07-29T14:40:04.158Z,2026-07-29T14:40:04.158Z,a0000000-0000-0000-0000-000000000001,2026-07-29T14:40:04.158Z,,
0b151930-2023-46f1-b9a4-747688ea5bab,5daf8032-b5b9-4f73-b18d-1ec0d312b1e3,53000.00,IDR,1,2025-12-31T17:00:00.000Z,,,,medium,active,a0000000-0000-0000-0000-000000000001,2026-07-29T14:40:04.200Z,2026-07-29T14:40:04.200Z,a0000000-0000-0000-0000-000000000001,2026-07-29T14:40:04.200Z,,
24d04af9-a7e1-4514-9cfb-12f541843430,ebcd0e3c-75c4-480f-83d8-b0434aaad4af,54700.00,IDR,1,2025-12-31T17:00:00.000Z,,,,medium,active,a0000000-0000-0000-0000-000000000001,2026-07-29T14:40:04.242Z,2026-07-29T14:40:04.242Z,a0000000-0000-0000-0000-000000000001,2026-07-29T14:40:04.242Z,,
7a84b144-6619-4993-905f-a019d86c6057,b9b135b4-ebd7-40e0-b9fb-4b74be215386,235000.00,IDR,1,2025-12-31T17:00:00.000Z,,,,medium,active,a0000000-0000-0000-0000-000000000001,2026-07-29T14:40:04.284Z,2026-07-29T14:40:04.284Z,a0000000-0000-0000-0000-000000000001,2026-07-29T14:40:04.284Z,,
3fb93faa-6ed1-4782-bd75-99f7e35d63c3,7ca381a8-00dc-4227-9056-a00d4ad5035c,370000.00,IDR,1,2025-12-31T17:00:00.000Z,,,,medium,active,a0000000-0000-0000-0000-000000000001,2026-07-29T14:40:04.327Z,2026-07-29T14:40:04.327Z,a0000000-0000-0000-0000-000000000001,2026-07-29T14:40:04.327Z,,
a6092bf6-208e-4b57-bd0c-0525dfa6c659,d091ff6c-5ab3-4a08-8c38-5818355b37b3,3000.00,IDR,1,2025-12-31T17:00:00.000Z,,,,medium,active,a0000000-0000-0000-0000-000000000001,2026-07-29T14:40:04.369Z,2026-07-29T14:40:04.369Z,a0000000-0000-0000-0000-000000000001,2026-07-29T14:40:04.369Z,,
72461ac2-cdeb-4c90-91fb-0e8ee0e3717a,9e7d1d42-d74b-46d7-9629-76d6f0af68fd,290000.00,IDR,1,2025-12-31T17:00:00.000Z,,,,medium,active,a0000000-0000-0000-0000-000000000001,2026-07-29T14:40:04.411Z,2026-07-29T14:40:04.411Z,a0000000-0000-0000-0000-000000000001,2026-07-29T14:40:04.411Z,,
f42342c5-4b54-461d-a942-871dab99cbfc,e1a51a69-006d-4fe9-8121-96f1a5313a2d,42000.00,IDR,1,2025-12-31T17:00:00.000Z,,,,medium,active,a0000000-0000-0000-0000-000000000001,2026-07-29T14:40:04.453Z,2026-07-29T14:40:04.453Z,a0000000-0000-0000-0000-000000000001,2026-07-29T14:40:04.453Z,,
3ec07007-e422-47d5-bfd6-733938a16288,fff9b2aa-ba69-4326-9107-a5ad0208717a,487000.00,IDR,1,2025-12-31T17:00:00.000Z,,,,medium,active,a0000000-0000-0000-0000-000000000001,2026-07-29T14:40:04.495Z,2026-07-29T14:40:04.495Z,a0000000-0000-0000-0000-000000000001,2026-07-29T14:40:04.495Z,,
aaac3d40-9371-40c5-9a68-d144f64666ad,188ebe3f-acae-4ddf-ad71-100dcbb286bf,48000.00,IDR,1,2025-12-31T17:00:00.000Z,,,,medium,active,a0000000-0000-0000-0000-000000000001,2026-07-29T14:40:04.536Z,2026-07-29T14:40:04.536Z,a0000000-0000-0000-0000-000000000001,2026-07-29T14:40:04.536Z,,
10d54ba2-bf0f-4743-9154-1c29ccab67e5,36564f32-ea3c-441e-b7d3-54f7894c116c,243700.00,IDR,1,2025-12-31T17:00:00.000Z,,,,medium,active,a0000000-0000-0000-0000-000000000001,2026-07-29T14:40:04.578Z,2026-07-29T14:40:04.578Z,a0000000-0000-0000-0000-000000000001,2026-07-29T14:40:04.578Z,,
ea350f06-4cec-4159-8f81-cff400811a71,c89a5eb3-dee6-4601-a4c5-0d63a28cd99b,87000.00,IDR,1,2025-12-31T17:00:00.000Z,,,,medium,active,a0000000-0000-0000-0000-000000000001,2026-07-29T14:40:04.621Z,2026-07-29T14:40:04.621Z,a0000000-0000-0000-0000-000000000001,2026-07-29T14:40:04.621Z,,
a9ba8a51-c796-4c86-b25f-9880f5d443a6,14da2a9d-61a9-4d80-b1f7-c26ad479477e,143000.00,IDR,1,2025-12-31T17:00:00.000Z,,,,medium,active,a0000000-0000-0000-0000-000000000001,2026-07-29T14:40:04.662Z,2026-07-29T14:40:04.662Z,a0000000-0000-0000-0000-000000000001,2026-07-29T14:40:04.662Z,,
d2da2b29-86c6-43d9-a213-d4e978d49ccb,ea825640-90f3-4ca0-a81c-3c1fb07a4403,930500.00,IDR,1,2025-12-31T17:00:00.000Z,,,,medium,active,a0000000-0000-0000-0000-000000000001,2026-07-29T14:40:04.704Z,2026-07-29T14:40:04.704Z,a0000000-0000-0000-0000-000000000001,2026-07-29T14:40:04.704Z,,
6bcf7c05-cf66-422b-8b7d-136cd0a6d6dd,8b8768f3-af08-4120-b6c1-04a109ce6cff,53000.00,IDR,1,2025-12-31T17:00:00.000Z,,,,medium,active,a0000000-0000-0000-0000-000000000001,2026-07-29T14:40:04.746Z,2026-07-29T14:40:04.746Z,a0000000-0000-0000-0000-000000000001,2026-07-29T14:40:04.746Z,,
48e1f5f8-6ffb-425f-9bb3-af1219f9275a,66f3733a-fc50-40ed-a72b-fcba2fa985da,200.00,IDR,1,2025-12-31T17:00:00.000Z,,,,medium,active,a0000000-0000-0000-0000-000000000001,2026-07-29T14:40:04.789Z,2026-07-29T14:40:04.789Z,a0000000-0000-0000-0000-000000000001,2026-07-29T14:40:04.789Z,,
8fc55368-647d-4973-b554-33a24222377b,28a15a7f-68be-45e9-a6c4-17319f5a427f,100000.00,IDR,1,2025-12-31T17:00:00.000Z,,,,medium,active,a0000000-0000-0000-0000-000000000001,2026-07-29T14:40:04.831Z,2026-07-29T14:40:04.831Z,a0000000-0000-0000-0000-000000000001,2026-07-29T14:40:04.831Z,,
97540546-e4df-43e0-9cf2-0abfedf0287c,d00f3ce3-8bac-4b77-b7fb-729f66f1e8fb,4996000.00,IDR,1,2025-12-31T17:00:00.000Z,,,,medium,active,a0000000-0000-0000-0000-000000000001,2026-07-29T14:40:04.873Z,2026-07-29T14:40:04.873Z,a0000000-0000-0000-0000-000000000001,2026-07-29T14:40:04.873Z,,
cfab4797-994a-4e1b-89ef-d788075ab3e0,d731f44b-2939-463d-af16-13234201bd69,3500000.00,IDR,1,2025-12-31T17:00:00.000Z,,,,medium,active,a0000000-0000-0000-0000-000000000001,2026-07-29T14:40:04.915Z,2026-07-29T14:40:04.915Z,a0000000-0000-0000-0000-000000000001,2026-07-29T14:40:04.915Z,,
91b3fa19-68e6-41b1-9d6d-513aeeac58d9,83890672-060f-4c2b-af5a-b0e17e7b1b43,650000.00,IDR,1,2025-12-31T17:00:00.000Z,,,,medium,active,a0000000-0000-0000-0000-000000000001,2026-07-29T14:40:04.957Z,2026-07-29T14:40:04.957Z,a0000000-0000-0000-0000-000000000001,2026-07-29T14:40:04.957Z,,
5eff8e73-5115-412c-b5a2-ded25662c50c,c929b23c-6804-4b94-9e76-0d73424a1f60,650000.00,IDR,1,2025-12-31T17:00:00.000Z,,,,medium,active,a0000000-0000-0000-0000-000000000001,2026-07-29T14:40:04.999Z,2026-07-29T14:40:04.999Z,a0000000-0000-0000-0000-000000000001,2026-07-29T14:40:04.999Z,,
7f444763-6fbd-465c-a825-c8247e632973,3aebbc42-ff06-430e-92b8-9031e1895c1d,4000000.00,IDR,1,2025-12-31T17:00:00.000Z,,,,medium,active,a0000000-0000-0000-0000-000000000001,2026-07-29T14:40:05.041Z,2026-07-29T14:40:05.041Z,a0000000-0000-0000-0000-000000000001,2026-07-29T14:40:05.041Z,,
2b4e9ca1-9f89-4a32-b5b6-65156bd5727f,d4e4c3a4-e71f-4e19-bdda-64b13688ddd4,1666000.00,IDR,1,2025-12-31T17:00:00.000Z,,,,medium,active,a0000000-0000-0000-0000-000000000001,2026-07-29T14:40:05.082Z,2026-07-29T14:40:05.082Z,a0000000-0000-0000-0000-000000000001,2026-07-29T14:40:05.082Z,,
275703fb-b99c-40ef-b167-d171a038cdd1,311d4d38-dcee-48cb-99e5-0903f9c30dba,1.00,IDR,1,2025-12-31T17:00:00.000Z,,,,medium,active,a0000000-0000-0000-0000-000000000001,2026-07-29T14:40:05.125Z,2026-07-29T14:40:05.125Z,a0000000-0000-0000-0000-000000000001,2026-07-29T14:40:05.125Z,,
fc2f41a4-223f-4565-9abd-533f6dff5a22,9bb824d9-92e5-4032-bd72-fc71c8ccc201,200000.00,IDR,1,2025-12-31T17:00:00.000Z,,,,medium,active,a0000000-0000-0000-0000-000000000001,2026-07-29T14:40:05.167Z,2026-07-29T14:40:05.167Z,a0000000-0000-0000-0000-000000000001,2026-07-29T14:40:05.167Z,,
fa8509bf-e145-4942-84d4-53204a760d49,f4a2573f-1329-4905-b14e-592283b0cf00,67900.00,IDR,1,2025-12-31T17:00:00.000Z,,,,medium,active,a0000000-0000-0000-0000-000000000001,2026-07-29T14:40:05.209Z,2026-07-29T14:40:05.209Z,a0000000-0000-0000-0000-000000000001,2026-07-29T14:40:05.209Z,,
cf218984-839b-4f08-a07c-e93d3cf4c222,3d962028-53c8-4b23-8143-6b6288778011,13000.00,IDR,1,2025-12-31T17:00:00.000Z,,,,medium,active,a0000000-0000-0000-0000-000000000001,2026-07-29T14:40:05.250Z,2026-07-29T14:40:05.250Z,a0000000-0000-0000-0000-000000000001,2026-07-29T14:40:05.250Z,,
d5b2d5d0-fa82-4e0c-846a-d158c83180e0,0456b663-f692-4f1a-9f2d-4aa69db70bed,11950000.00,IDR,1,2025-12-31T17:00:00.000Z,,,,medium,active,a0000000-0000-0000-0000-000000000001,2026-07-29T14:40:05.292Z,2026-07-29T14:40:05.292Z,a0000000-0000-0000-0000-000000000001,2026-07-29T14:40:05.292Z,,
e0049c50-f382-4596-b22b-1f97fa3a6643,e47afa12-64b7-424f-bda3-0f96d9544a08,1.00,IDR,1,2025-12-31T17:00:00.000Z,,,,medium,active,a0000000-0000-0000-0000-000000000001,2026-07-29T14:40:05.334Z,2026-07-29T14:40:05.334Z,a0000000-0000-0000-0000-000000000001,2026-07-29T14:40:05.334Z,,
26ed39ba-fe19-4c6b-ab6d-a45b5d832aed,fb25fbd1-d217-40ee-bc2b-7e8dcb31f2e4,1.00,IDR,1,2025-12-31T17:00:00.000Z,,,,medium,active,a0000000-0000-0000-0000-000000000001,2026-07-29T14:40:05.376Z,2026-07-29T14:40:05.376Z,a0000000-0000-0000-0000-000000000001,2026-07-29T14:40:05.376Z,,
affe5ad6-145d-4865-868f-60390a7cdf14,e0fa9428-2d79-43d6-a12e-d86c6f322660,450000.00,IDR,1,2025-12-31T17:00:00.000Z,,,,medium,active,a0000000-0000-0000-0000-000000000001,2026-07-29T14:40:05.418Z,2026-07-29T14:40:05.418Z,a0000000-0000-0000-0000-000000000001,2026-07-29T14:40:05.418Z,,
875bddf9-d018-4121-9414-34a3b772edaf,4c920b25-fa96-456f-90da-c1d59be56b37,27400.00,IDR,1,2025-12-31T17:00:00.000Z,,,,medium,active,a0000000-0000-0000-0000-000000000001,2026-07-29T14:40:05.461Z,2026-07-29T14:40:05.461Z,a0000000-0000-0000-0000-000000000001,2026-07-29T14:40:05.461Z,,
9442fdad-7579-46b7-9bb2-8ddf5cca44a6,6b9ccc2d-2f2d-46a6-92a5-9055944ca6a4,1000.00,IDR,1,2025-12-31T17:00:00.000Z,,,,medium,active,a0000000-0000-0000-0000-000000000001,2026-07-29T14:40:05.503Z,2026-07-29T14:40:05.503Z,a0000000-0000-0000-0000-000000000001,2026-07-29T14:40:05.503Z,,
4476e957-6eea-42d6-93eb-a64c26d65269,ab662fda-e407-47c9-b423-09b0b539e3ce,4000.00,IDR,1,2025-12-31T17:00:00.000Z,,,,medium,active,a0000000-0000-0000-0000-000000000001,2026-07-29T14:40:05.545Z,2026-07-29T14:40:05.545Z,a0000000-0000-0000-0000-000000000001,2026-07-29T14:40:05.545Z,,
23d3d30b-8bca-4bb5-8e17-a29905ec2258,be24efeb-6f2e-493d-9033-dae6d6b78e84,43100.00,IDR,1,2025-12-31T17:00:00.000Z,,,,medium,active,a0000000-0000-0000-0000-000000000001,2026-07-29T14:40:05.587Z,2026-07-29T14:40:05.587Z,a0000000-0000-0000-0000-000000000001,2026-07-29T14:40:05.587Z,,
5b24a721-bd0f-4ae8-aa55-b4ce93ab197a,360c24ed-5d1e-404d-a235-67fc7621a955,340000.00,IDR,1,2025-12-31T17:00:00.000Z,,,,medium,active,a0000000-0000-0000-0000-000000000001,2026-07-29T14:40:05.629Z,2026-07-29T14:40:05.629Z,a0000000-0000-0000-0000-000000000001,2026-07-29T14:40:05.629Z,,
05573ab9-7121-42fa-88b9-701470b292cd,2a569e75-0261-4f23-a44a-8e00abee682d,870000.00,IDR,1,2025-12-31T17:00:00.000Z,,,,medium,active,a0000000-0000-0000-0000-000000000001,2026-07-29T14:40:05.670Z,2026-07-29T14:40:05.670Z,a0000000-0000-0000-0000-000000000001,2026-07-29T14:40:05.670Z,,
2407e737-49b6-404d-b839-2f5647472086,7bab841d-b9c0-473e-89f3-7b87a8dcb94a,869200.00,IDR,1,2025-12-31T17:00:00.000Z,,,,medium,active,a0000000-0000-0000-0000-000000000001,2026-07-29T14:40:05.712Z,2026-07-29T14:40:05.712Z,a0000000-0000-0000-0000-000000000001,2026-07-29T14:40:05.712Z,,
b9bc865e-e190-455a-9c3e-d7fac16de7d9,88d3d896-bd97-49a6-8590-91bbb0f74bcf,1573100.00,IDR,1,2025-12-31T17:00:00.000Z,,,,medium,active,a0000000-0000-0000-0000-000000000001,2026-07-29T14:40:05.753Z,2026-07-29T14:40:05.753Z,a0000000-0000-0000-0000-000000000001,2026-07-29T14:40:05.753Z,,
a378fdc9-a81f-44de-b74a-d3724a347e01,d0359194-dc56-4dd9-a2ec-ee30c3fdf3ec,85000000.00,IDR,1,2025-12-31T17:00:00.000Z,,,,medium,active,a0000000-0000-0000-0000-000000000001,2026-07-29T14:40:05.794Z,2026-07-29T14:40:05.794Z,a0000000-0000-0000-0000-000000000001,2026-07-29T14:40:05.794Z,,
53154439-705c-496f-b290-79e4ae80357d,4881711c-8a02-4d3c-8d93-75afa12abcec,43500.00,IDR,1,2025-12-31T17:00:00.000Z,,,,medium,active,a0000000-0000-0000-0000-000000000001,2026-07-29T14:40:05.836Z,2026-07-29T14:40:05.836Z,a0000000-0000-0000-0000-000000000001,2026-07-29T14:40:05.836Z,,
edca66fe-6431-48cb-9b1b-ac60facaff64,6ac486a3-37c1-490b-b131-734852a2e51e,360000.00,IDR,1,2025-12-31T17:00:00.000Z,,,,medium,active,a0000000-0000-0000-0000-000000000001,2026-07-29T14:40:05.878Z,2026-07-29T14:40:05.878Z,a0000000-0000-0000-0000-000000000001,2026-07-29T14:40:05.878Z,,
f17557c9-256f-4a41-9fe0-2fbf89651663,a250b825-c312-44f7-a99b-60bde94f9c4b,145000.00,IDR,1,2025-12-31T17:00:00.000Z,,,,medium,active,a0000000-0000-0000-0000-000000000001,2026-07-29T14:40:05.920Z,2026-07-29T14:40:05.920Z,a0000000-0000-0000-0000-000000000001,2026-07-29T14:40:05.920Z,,
b9640246-4bf2-4d1c-801f-9e71fadbc133,3238182f-203f-442f-91af-b9e1d76e5dba,225000.00,IDR,1,2025-12-31T17:00:00.000Z,,,,medium,active,a0000000-0000-0000-0000-000000000001,2026-07-29T14:40:05.962Z,2026-07-29T14:40:05.962Z,a0000000-0000-0000-0000-000000000001,2026-07-29T14:40:05.962Z,,
3272b6fe-3d71-4a66-a66e-9963322384d9,773ec387-a320-4376-972d-78af79fef443,1450000.00,IDR,1,2025-12-31T17:00:00.000Z,,,,medium,active,a0000000-0000-0000-0000-000000000001,2026-07-29T14:40:06.004Z,2026-07-29T14:40:06.004Z,a0000000-0000-0000-0000-000000000001,2026-07-29T14:40:06.004Z,,
757f1345-88c8-424d-ab01-354cb04adf77,7cb12fc8-723a-4216-9d97-b65c5ba63641,1245000.00,IDR,1,2025-12-31T17:00:00.000Z,,,,medium,active,a0000000-0000-0000-0000-000000000001,2026-07-29T14:40:06.046Z,2026-07-29T14:40:06.046Z,a0000000-0000-0000-0000-000000000001,2026-07-29T14:40:06.046Z,,
4c780f26-1edc-4b45-acc3-47c02f6903ab,da5bf353-2010-49c1-b3bb-657a74554750,8930000.00,IDR,1,2025-12-31T17:00:00.000Z,,,,medium,active,a0000000-0000-0000-0000-000000000001,2026-07-29T14:40:06.088Z,2026-07-29T14:40:06.088Z,a0000000-0000-0000-0000-000000000001,2026-07-29T14:40:06.088Z,,
ee4d704f-6bf3-4401-8be8-95381503f387,a66b25cc-fc4f-49b3-8d40-cf5a171d79d0,2980000.00,IDR,1,2025-12-31T17:00:00.000Z,,,,medium,active,a0000000-0000-0000-0000-000000000001,2026-07-29T14:40:06.130Z,2026-07-29T14:40:06.130Z,a0000000-0000-0000-0000-000000000001,2026-07-29T14:40:06.130Z,,
7cfc00c0-a1fa-4c7a-b949-af3a371c44bd,c673a4c3-b756-4611-9b28-dc91919f67a2,135000.00,IDR,1,2025-12-31T17:00:00.000Z,,,,medium,active,a0000000-0000-0000-0000-000000000001,2026-07-29T14:40:06.171Z,2026-07-29T14:40:06.171Z,a0000000-0000-0000-0000-000000000001,2026-07-29T14:40:06.171Z,,
4fbdd12c-428c-45bf-b328-6809ffb45dc0,5b92d6b0-c7aa-4781-a342-61f0f97eb4bd,225000.00,IDR,1,2025-12-31T17:00:00.000Z,,,,medium,active,a0000000-0000-0000-0000-000000000001,2026-07-29T14:40:06.213Z,2026-07-29T14:40:06.213Z,a0000000-0000-0000-0000-000000000001,2026-07-29T14:40:06.213Z,,
790e8a3d-64dd-4b72-9ef5-10bbf62ffeea,d8bca162-a221-40cc-b3be-f1a4ae977142,32000.00,IDR,1,2025-12-31T17:00:00.000Z,,,,medium,active,a0000000-0000-0000-0000-000000000001,2026-07-29T14:40:06.255Z,2026-07-29T14:40:06.255Z,a0000000-0000-0000-0000-000000000001,2026-07-29T14:40:06.255Z,,
d7f7890d-206f-431b-b379-c7187190567d,d475af0c-3556-4d44-885c-880b8428d340,50000.00,IDR,1,2025-12-31T17:00:00.000Z,,,,medium,active,a0000000-0000-0000-0000-000000000001,2026-07-29T14:40:06.297Z,2026-07-29T14:40:06.297Z,a0000000-0000-0000-0000-000000000001,2026-07-29T14:40:06.297Z,,
3dbf577e-5795-479c-84cb-4b02849a8b12,1e0cba22-9df4-40ff-89e5-a2b01f35d43a,160000.00,IDR,1,2025-12-31T17:00:00.000Z,,,,medium,active,a0000000-0000-0000-0000-000000000001,2026-07-29T14:40:06.338Z,2026-07-29T14:40:06.338Z,a0000000-0000-0000-0000-000000000001,2026-07-29T14:40:06.338Z,,
0634f906-e2f4-4575-8e43-70e8fc0c52e8,d329f89d-a303-42a2-a9cc-52eedc168cbe,60000.00,IDR,1,2025-12-31T17:00:00.000Z,,,,medium,active,a0000000-0000-0000-0000-000000000001,2026-07-29T14:40:06.381Z,2026-07-29T14:40:06.381Z,a0000000-0000-0000-0000-000000000001,2026-07-29T14:40:06.381Z,,
587fb4f1-5723-42ca-8c96-faac0a202e47,5c5bfbcd-ccd5-4007-823d-694ac9d30abf,1464000.00,IDR,1,2025-12-31T17:00:00.000Z,,,,medium,active,a0000000-0000-0000-0000-000000000001,2026-07-29T14:40:06.423Z,2026-07-29T14:40:06.423Z,a0000000-0000-0000-0000-000000000001,2026-07-29T14:40:06.423Z,,
b3dfc507-5787-4f2d-b005-160c4d33eccc,31a0555e-e65a-4ab1-9493-a63c3e25403f,66500.00,IDR,1,2025-12-31T17:00:00.000Z,,,,medium,active,a0000000-0000-0000-0000-000000000001,2026-07-29T14:40:06.465Z,2026-07-29T14:40:06.465Z,a0000000-0000-0000-0000-000000000001,2026-07-29T14:40:06.465Z,,
f7ba3147-6c3e-4d30-ac08-509f73f8f9bc,0d596305-e20b-4aed-9574-1a1394bc7673,67900.00,IDR,1,2025-12-31T17:00:00.000Z,,,,medium,active,a0000000-0000-0000-0000-000000000001,2026-07-29T14:40:06.507Z,2026-07-29T14:40:06.507Z,a0000000-0000-0000-0000-000000000001,2026-07-29T14:40:06.507Z,,
9346e911-536b-43c9-8069-e91094b6dbcb,6acdaaf5-33fb-4792-be19-b2fc57e3ea68,16400.00,IDR,1,2025-12-31T17:00:00.000Z,,,,medium,active,a0000000-0000-0000-0000-000000000001,2026-07-29T14:40:06.549Z,2026-07-29T14:40:06.549Z,a0000000-0000-0000-0000-000000000001,2026-07-29T14:40:06.549Z,,
0a7a68f6-813e-4380-91b0-fe16cc98bfab,6ed42782-fa0d-47ef-832f-ba36edbaa6ab,237000.00,IDR,1,2025-12-31T17:00:00.000Z,,,,medium,active,a0000000-0000-0000-0000-000000000001,2026-07-29T14:40:06.591Z,2026-07-29T14:40:06.591Z,a0000000-0000-0000-0000-000000000001,2026-07-29T14:40:06.591Z,,
c29179ca-7e57-4ddb-b102-1438cb06e65c,60f2cbef-4df4-40f4-b559-5860b01eaadf,1500000.00,IDR,1,2025-12-31T17:00:00.000Z,,,,medium,active,a0000000-0000-0000-0000-000000000001,2026-07-29T14:40:06.634Z,2026-07-29T14:40:06.634Z,a0000000-0000-0000-0000-000000000001,2026-07-29T14:40:06.634Z,,
1b4a87d8-f865-40df-9da7-591de262bab1,07ad8bc1-962c-4136-af3c-588430139e01,140000.00,IDR,1,2025-12-31T17:00:00.000Z,,,,medium,active,a0000000-0000-0000-0000-000000000001,2026-07-29T14:40:06.675Z,2026-07-29T14:40:06.675Z,a0000000-0000-0000-0000-000000000001,2026-07-29T14:40:06.675Z,,
5ca75198-6da7-4f76-b390-9d7f44fb97b2,5af9d2f5-0cfd-46ad-a047-1987b2349128,488180.00,IDR,1,2025-12-31T17:00:00.000Z,,,,medium,active,a0000000-0000-0000-0000-000000000001,2026-07-29T14:40:06.718Z,2026-07-29T14:40:06.718Z,a0000000-0000-0000-0000-000000000001,2026-07-29T14:40:06.718Z,,
8a8ab67c-2f6f-413d-b83d-9d86a167c3dd,cd20f48e-9404-4489-81bc-1f48b250fc75,3400.00,IDR,1,2025-12-31T17:00:00.000Z,,,,medium,active,a0000000-0000-0000-0000-000000000001,2026-07-29T14:40:06.760Z,2026-07-29T14:40:06.760Z,a0000000-0000-0000-0000-000000000001,2026-07-29T14:40:06.760Z,,
bb96039a-da59-4eb8-8616-302cb1716e79,2debabc9-ad43-4e45-88af-abff517c4319,200000.00,IDR,1,2025-12-31T17:00:00.000Z,,,,medium,active,a0000000-0000-0000-0000-000000000001,2026-07-29T14:40:06.802Z,2026-07-29T14:40:06.802Z,a0000000-0000-0000-0000-000000000001,2026-07-29T14:40:06.802Z,,
46eb096d-9cc5-4e04-b4d4-dae504690f93,ebdaa9a1-68b2-45d7-aa06-40988ac48490,198000.00,IDR,1,2025-12-31T17:00:00.000Z,,,,medium,active,a0000000-0000-0000-0000-000000000001,2026-07-29T14:40:06.844Z,2026-07-29T14:40:06.844Z,a0000000-0000-0000-0000-000000000001,2026-07-29T14:40:06.844Z,,
4bc46739-f9b0-4f86-84a5-c4b0fa889c7c,4e1a7903-26e0-47cb-91fd-ee8ea4fae332,380000.00,IDR,1,2025-12-31T17:00:00.000Z,,,,medium,active,a0000000-0000-0000-0000-000000000001,2026-07-29T14:40:06.886Z,2026-07-29T14:40:06.886Z,a0000000-0000-0000-0000-000000000001,2026-07-29T14:40:06.886Z,,
99a68f49-0b58-4f08-8719-ef59b058c701,e4f13ad2-7663-4961-9dbe-edae28847f1c,20000.00,IDR,1,2025-12-31T17:00:00.000Z,,,,medium,active,a0000000-0000-0000-0000-000000000001,2026-07-29T14:40:06.928Z,2026-07-29T14:40:06.928Z,a0000000-0000-0000-0000-000000000001,2026-07-29T14:40:06.928Z,,
d6103faa-77c5-4900-91c4-655068076c4b,e3a56564-23c3-4f1f-9bfd-397ff688e491,145000.00,IDR,1,2025-12-31T17:00:00.000Z,,,,medium,active,a0000000-0000-0000-0000-000000000001,2026-07-29T14:40:06.969Z,2026-07-29T14:40:06.969Z,a0000000-0000-0000-0000-000000000001,2026-07-29T14:40:06.969Z,,
7b62080b-e1ec-4a11-8bfa-e598738485c8,3a06e231-98cf-46e9-9e7e-6c4aeb52aed4,12000.00,IDR,1,2025-12-31T17:00:00.000Z,,,,medium,active,a0000000-0000-0000-0000-000000000001,2026-07-29T14:40:07.011Z,2026-07-29T14:40:07.011Z,a0000000-0000-0000-0000-000000000001,2026-07-29T14:40:07.011Z,,
4aae5110-4120-4f7b-a962-37a85b653dec,6fc8b69a-b0e8-4ec4-ac02-7b5c66baf21f,1500000.00,IDR,1,2025-12-31T17:00:00.000Z,,,,medium,active,a0000000-0000-0000-0000-000000000001,2026-07-29T14:40:07.053Z,2026-07-29T14:40:07.053Z,a0000000-0000-0000-0000-000000000001,2026-07-29T14:40:07.053Z,,
3200ae25-d423-45d9-b628-dd190a61b087,19a020bf-6971-4d43-944c-0e99d8d156a5,222000.00,IDR,1,2025-12-31T17:00:00.000Z,,,,medium,active,a0000000-0000-0000-0000-000000000001,2026-07-29T14:40:07.095Z,2026-07-29T14:40:07.095Z,a0000000-0000-0000-0000-000000000001,2026-07-29T14:40:07.095Z,,
7e8ddccb-d0bd-4779-9559-5bef82de1d76,f832b38b-9b7f-4afb-ba59-819772f1eeeb,136000.00,IDR,1,2025-12-31T17:00:00.000Z,,,,medium,active,a0000000-0000-0000-0000-000000000001,2026-07-29T14:40:07.137Z,2026-07-29T14:40:07.137Z,a0000000-0000-0000-0000-000000000001,2026-07-29T14:40:07.137Z,,
244b69fe-d8e6-41b0-8c9f-aa6e8c06813b,3dc47249-25a2-4852-a469-090e871e1e91,80000.00,IDR,1,2025-12-31T17:00:00.000Z,,,,medium,active,a0000000-0000-0000-0000-000000000001,2026-07-29T14:40:07.179Z,2026-07-29T14:40:07.179Z,a0000000-0000-0000-0000-000000000001,2026-07-29T14:40:07.179Z,,
ba1900d3-3be1-4b26-9a02-a4e17562807a,ef745bd6-b84c-46ad-ac26-837c0e745d30,4000.00,IDR,1,2025-12-31T17:00:00.000Z,,,,medium,active,a0000000-0000-0000-0000-000000000001,2026-07-29T14:40:07.221Z,2026-07-29T14:40:07.221Z,a0000000-0000-0000-0000-000000000001,2026-07-29T14:40:07.221Z,,
9ee8063a-d3e0-430e-b3d0-4526b438f3f4,e6994c98-252d-4a74-973d-d1e5824cd193,57500.00,IDR,1,2025-12-31T17:00:00.000Z,,,,medium,active,a0000000-0000-0000-0000-000000000001,2026-07-29T14:40:07.263Z,2026-07-29T14:40:07.263Z,a0000000-0000-0000-0000-000000000001,2026-07-29T14:40:07.263Z,,
94c5d663-d174-47b3-bcc2-ca8375884ace,5716bedf-40e0-4390-8871-641fdca47761,829300.00,IDR,1,2025-12-31T17:00:00.000Z,,,,medium,active,a0000000-0000-0000-0000-000000000001,2026-07-29T14:40:07.306Z,2026-07-29T14:40:07.306Z,a0000000-0000-0000-0000-000000000001,2026-07-29T14:40:07.306Z,,
eb65fe68-6760-48d2-961e-abe9a667ece7,33e07d59-5527-4144-9f14-3c874e634967,786000.00,IDR,1,2025-12-31T17:00:00.000Z,,,,medium,active,a0000000-0000-0000-0000-000000000001,2026-07-29T14:40:07.347Z,2026-07-29T14:40:07.347Z,a0000000-0000-0000-0000-000000000001,2026-07-29T14:40:07.347Z,,
99b695cd-6421-4f93-8e7e-1eef4e501183,740d4080-ead1-4f25-8d09-bd2c09c1ecf6,873000.00,IDR,1,2025-12-31T17:00:00.000Z,,,,medium,active,a0000000-0000-0000-0000-000000000001,2026-07-29T14:40:07.389Z,2026-07-29T14:40:07.389Z,a0000000-0000-0000-0000-000000000001,2026-07-29T14:40:07.389Z,,
89a80bd2-d4d8-4c3b-953c-ea4196463da7,54e19950-31f8-4ff2-8c83-f5e51c4dc36b,72000.00,IDR,1,2025-12-31T17:00:00.000Z,,,,medium,active,a0000000-0000-0000-0000-000000000001,2026-07-29T14:40:07.432Z,2026-07-29T14:40:07.432Z,a0000000-0000-0000-0000-000000000001,2026-07-29T14:40:07.432Z,,
2172d769-6f52-464e-98b5-422f87f71bde,cbe2bcfc-108f-44ea-8e23-c1941796ce82,1500.00,IDR,1,2025-12-31T17:00:00.000Z,,,,medium,active,a0000000-0000-0000-0000-000000000001,2026-07-29T14:40:07.474Z,2026-07-29T14:40:07.474Z,a0000000-0000-0000-0000-000000000001,2026-07-29T14:40:07.474Z,,
3ccf957e-baf1-4020-af47-5765c2bd91db,b5f72061-3ef1-46ca-a6ab-199d5359a61a,2050000.00,IDR,1,2025-12-31T17:00:00.000Z,,,,medium,active,a0000000-0000-0000-0000-000000000001,2026-07-29T14:40:07.517Z,2026-07-29T14:40:07.517Z,a0000000-0000-0000-0000-000000000001,2026-07-29T14:40:07.517Z,,
198316e5-e145-475c-8e35-0079ae2cb2aa,0964fc1e-72e3-4413-bbc2-c18ce2645c98,26000.00,IDR,1,2025-12-31T17:00:00.000Z,,,,medium,active,a0000000-0000-0000-0000-000000000001,2026-07-29T14:40:07.559Z,2026-07-29T14:40:07.559Z,a0000000-0000-0000-0000-000000000001,2026-07-29T14:40:07.559Z,,
f5dad2bc-7f4d-42a5-baa1-c88e57dda6d6,e548a371-5130-4932-9cf2-be071b0e606e,1000000.00,IDR,1,2025-12-31T17:00:00.000Z,,,,medium,active,a0000000-0000-0000-0000-000000000001,2026-07-29T14:40:07.601Z,2026-07-29T14:40:07.601Z,a0000000-0000-0000-0000-000000000001,2026-07-29T14:40:07.601Z,,
a7005c44-1100-429b-8f50-158be26b22a0,c5d9fc00-df5e-4125-bae9-a6c50c82f181,185000.00,IDR,1,2025-12-31T17:00:00.000Z,,,,medium,active,a0000000-0000-0000-0000-000000000001,2026-07-29T14:40:07.643Z,2026-07-29T14:40:07.643Z,a0000000-0000-0000-0000-000000000001,2026-07-29T14:40:07.643Z,,
f9b72441-3c80-4ea5-b3dd-4c467daf4a70,9bd90610-d9d0-419b-9dd2-29af7cbc90bb,50000.00,IDR,1,2025-12-31T17:00:00.000Z,,,,medium,active,a0000000-0000-0000-0000-000000000001,2026-07-29T14:40:07.685Z,2026-07-29T14:40:07.685Z,a0000000-0000-0000-0000-000000000001,2026-07-29T14:40:07.685Z,,
6e3146ce-6d15-4b1a-9791-ecdba7fbfddd,e681610b-e45c-4688-aa5c-5714ed181a92,50000.00,IDR,1,2025-12-31T17:00:00.000Z,,,,medium,active,a0000000-0000-0000-0000-000000000001,2026-07-29T14:40:07.727Z,2026-07-29T14:40:07.727Z,a0000000-0000-0000-0000-000000000001,2026-07-29T14:40:07.727Z,,
d8097955-3eef-44bf-ba98-f467e0545c43,ef847435-89dd-40cd-afe7-435465640eab,59000.00,IDR,1,2025-12-31T17:00:00.000Z,,,,medium,active,a0000000-0000-0000-0000-000000000001,2026-07-29T14:40:07.769Z,2026-07-29T14:40:07.769Z,a0000000-0000-0000-0000-000000000001,2026-07-29T14:40:07.769Z,,
90c6de31-f029-4a62-80b6-8a1b7f098a55,9317cb77-0b7b-44e8-80b0-09d8cfa59d6c,5000.00,IDR,1,2025-12-31T17:00:00.000Z,,,,medium,active,a0000000-0000-0000-0000-000000000001,2026-07-29T14:40:07.812Z,2026-07-29T14:40:07.812Z,a0000000-0000-0000-0000-000000000001,2026-07-29T14:40:07.812Z,,
6a1bb5e6-36ba-4896-9525-b4a1b9a31432,7053303f-9745-4176-852f-bf0c1d0c44c5,352300.00,IDR,1,2025-12-31T17:00:00.000Z,,,,medium,active,a0000000-0000-0000-0000-000000000001,2026-07-29T14:40:07.854Z,2026-07-29T14:40:07.854Z,a0000000-0000-0000-0000-000000000001,2026-07-29T14:40:07.854Z,,
8ad68099-d33a-4fa7-a9ce-c3169e84600f,e18ccea6-7151-4add-876b-6e7abdfcf916,15000.00,IDR,1,2025-12-31T17:00:00.000Z,,,,medium,active,a0000000-0000-0000-0000-000000000001,2026-07-29T14:40:07.896Z,2026-07-29T14:40:07.896Z,a0000000-0000-0000-0000-000000000001,2026-07-29T14:40:07.896Z,,
253074d5-4979-416a-aa93-d04d32a6ecb0,6430be9b-3f7f-4f8b-a600-309ce42f5fc6,2850000.00,IDR,1,2025-12-31T17:00:00.000Z,,,,medium,active,a0000000-0000-0000-0000-000000000001,2026-07-29T14:40:07.938Z,2026-07-29T14:40:07.938Z,a0000000-0000-0000-0000-000000000001,2026-07-29T14:40:07.938Z,,
af861c22-941a-4e35-af81-dbc0bc0fb298,1e8f45d5-de48-4ad0-ab6b-91491eaa7ec5,5000.00,IDR,1,2025-12-31T17:00:00.000Z,,,,medium,active,a0000000-0000-0000-0000-000000000001,2026-07-29T14:40:07.980Z,2026-07-29T14:40:07.980Z,a0000000-0000-0000-0000-000000000001,2026-07-29T14:40:07.980Z,,
bd0356ad-d08b-4a40-99fc-35eecb2659ee,52d42d19-48cc-4563-b26f-7dd96e32ca24,100000.00,IDR,1,2025-12-31T17:00:00.000Z,,,,medium,active,a0000000-0000-0000-0000-000000000001,2026-07-29T14:40:08.022Z,2026-07-29T14:40:08.022Z,a0000000-0000-0000-0000-000000000001,2026-07-29T14:40:08.022Z,,
51bdab94-2bb3-412d-bd99-30e7ad84f3ed,5f4b173b-4d4f-473f-ab27-20200912f818,900.00,IDR,1,2025-12-31T17:00:00.000Z,,,,medium,active,a0000000-0000-0000-0000-000000000001,2026-07-29T14:40:08.064Z,2026-07-29T14:40:08.064Z,a0000000-0000-0000-0000-000000000001,2026-07-29T14:40:08.064Z,,
cdeab4bd-acb1-4b08-9130-411c7fead261,548cbd80-34de-42f8-90c5-f0811dc1e68d,28000.00,IDR,1,2025-12-31T17:00:00.000Z,,,,medium,active,a0000000-0000-0000-0000-000000000001,2026-07-29T14:40:08.106Z,2026-07-29T14:40:08.106Z,a0000000-0000-0000-0000-000000000001,2026-07-29T14:40:08.106Z,,
1c3afa2f-8889-45f5-a6ff-67ce0a529eb8,c7d9cdc9-4584-4ab2-a7cc-7bc8f3f295bd,221000.00,IDR,1,2025-12-31T17:00:00.000Z,,,,medium,active,a0000000-0000-0000-0000-000000000001,2026-07-29T14:40:08.148Z,2026-07-29T14:40:08.148Z,a0000000-0000-0000-0000-000000000001,2026-07-29T14:40:08.148Z,,
0c8d96a8-5c23-47fe-bc86-412760584a77,97037651-353f-41b2-aac9-f46d3fc7e67b,1500000.00,IDR,1,2025-12-31T17:00:00.000Z,,,,medium,active,a0000000-0000-0000-0000-000000000001,2026-07-29T14:40:08.190Z,2026-07-29T14:40:08.190Z,a0000000-0000-0000-0000-000000000001,2026-07-29T14:40:08.190Z,,
7d3962de-eb34-41a3-b63c-ea5260aa5a82,f1f41e86-2dd6-4b29-907c-03066b0cbcd4,12000.00,IDR,1,2025-12-31T17:00:00.000Z,,,,medium,active,a0000000-0000-0000-0000-000000000001,2026-07-29T14:40:08.232Z,2026-07-29T14:40:08.232Z,a0000000-0000-0000-0000-000000000001,2026-07-29T14:40:08.232Z,,
776c954d-d14b-48f8-bb8a-39f8cac2ae02,3bff1211-b558-44a5-a098-d4f3ae88fafa,3000.00,IDR,1,2025-12-31T17:00:00.000Z,,,,medium,active,a0000000-0000-0000-0000-000000000001,2026-07-29T14:40:08.274Z,2026-07-29T14:40:08.274Z,a0000000-0000-0000-0000-000000000001,2026-07-29T14:40:08.274Z,,
f9e4f914-c832-4547-b641-b8f281c41446,21716ce4-20e4-4375-9d73-efc5219addba,5000.00,IDR,1,2025-12-31T17:00:00.000Z,,,,medium,active,a0000000-0000-0000-0000-000000000001,2026-07-29T14:40:08.316Z,2026-07-29T14:40:08.316Z,a0000000-0000-0000-0000-000000000001,2026-07-29T14:40:08.316Z,,
0d8508c9-92a7-4dcf-9841-0786ea6bbcd3,ac1a8b66-e1f8-460b-8c55-62f89d3c49bc,350000.00,IDR,1,2025-12-31T17:00:00.000Z,,,,medium,active,a0000000-0000-0000-0000-000000000001,2026-07-29T14:40:08.358Z,2026-07-29T14:40:08.358Z,a0000000-0000-0000-0000-000000000001,2026-07-29T14:40:08.358Z,,
0b3ede94-bdb2-4c34-9a03-cab87488dbb9,2e8c4472-4266-40dc-9f66-5ebef16199b2,1500000.00,IDR,1,2025-12-31T17:00:00.000Z,,,,medium,active,a0000000-0000-0000-0000-000000000001,2026-07-29T14:40:08.400Z,2026-07-29T14:40:08.400Z,a0000000-0000-0000-0000-000000000001,2026-07-29T14:40:08.400Z,,
9e1e383a-1166-4ffb-bd73-5406cfe73a87,a3d5f3ec-0878-4db9-ab1c-aae10e03cacf,100000.00,IDR,1,2025-12-31T17:00:00.000Z,,,,medium,active,a0000000-0000-0000-0000-000000000001,2026-07-29T14:40:08.442Z,2026-07-29T14:40:08.442Z,a0000000-0000-0000-0000-000000000001,2026-07-29T14:40:08.442Z,,
c656ac2e-a292-415b-a4e0-bf3a0dcb0a20,0d5a414a-6dc9-421a-910d-0d8d68d716e9,1700000.00,IDR,1,2025-12-31T17:00:00.000Z,,,,medium,active,a0000000-0000-0000-0000-000000000001,2026-07-29T14:40:08.484Z,2026-07-29T14:40:08.484Z,a0000000-0000-0000-0000-000000000001,2026-07-29T14:40:08.484Z,,
03cab183-bde9-435b-b96d-30f81cebd846,b6f9a1bf-5895-4442-8bf1-fcdaa93f281a,1.00,IDR,1,2025-12-31T17:00:00.000Z,,,,medium,active,a0000000-0000-0000-0000-000000000001,2026-07-29T14:40:08.525Z,2026-07-29T14:40:08.525Z,a0000000-0000-0000-0000-000000000001,2026-07-29T14:40:08.525Z,,
c5d36754-46a4-4aa0-b828-fc37473912d0,654155b0-60a3-4b1f-bc84-7c2a71085d70,60000.00,IDR,1,2025-12-31T17:00:00.000Z,,,,medium,active,a0000000-0000-0000-0000-000000000001,2026-07-29T14:40:08.567Z,2026-07-29T14:40:08.567Z,a0000000-0000-0000-0000-000000000001,2026-07-29T14:40:08.567Z,,
c61c9461-7051-4446-9612-74467133be93,2a980b01-7428-4a4a-a396-16a708745f77,77000.00,IDR,1,2025-12-31T17:00:00.000Z,,,,medium,active,a0000000-0000-0000-0000-000000000001,2026-07-29T14:40:08.609Z,2026-07-29T14:40:08.609Z,a0000000-0000-0000-0000-000000000001,2026-07-29T14:40:08.609Z,,
f025cf95-e1ce-4a09-84b9-7acf65392e4e,d9e58cf7-dc5b-44c5-b13a-084864493f8d,165400.00,IDR,1,2025-12-31T17:00:00.000Z,,,,medium,active,a0000000-0000-0000-0000-000000000001,2026-07-29T14:40:08.651Z,2026-07-29T14:40:08.651Z,a0000000-0000-0000-0000-000000000001,2026-07-29T14:40:08.651Z,,
66d3da30-b9a9-4776-8964-6063a04daae0,a018bd72-1f95-4a30-bb48-d9a04ddd2147,970500.00,IDR,1,2025-12-31T17:00:00.000Z,,,,medium,active,a0000000-0000-0000-0000-000000000001,2026-07-29T14:40:08.692Z,2026-07-29T14:40:08.692Z,a0000000-0000-0000-0000-000000000001,2026-07-29T14:40:08.692Z,,
c53d6d50-0565-472d-a6c3-3cc3e2c439d9,b96797ae-c9da-431e-9a4a-1495994defb5,1850000.00,IDR,1,2025-12-31T17:00:00.000Z,,,,medium,active,a0000000-0000-0000-0000-000000000001,2026-07-29T14:40:08.734Z,2026-07-29T14:40:08.734Z,a0000000-0000-0000-0000-000000000001,2026-07-29T14:40:08.734Z,,
44755fc9-dcee-479b-a1fb-29d1330ebb0a,94c6b2f6-4527-451b-b6b3-fb1b0234f6d8,29000.00,IDR,1,2025-12-31T17:00:00.000Z,,,,medium,active,a0000000-0000-0000-0000-000000000001,2026-07-29T14:40:08.776Z,2026-07-29T14:40:08.776Z,a0000000-0000-0000-0000-000000000001,2026-07-29T14:40:08.776Z,,
a28adb25-a5c3-4953-89c5-df1bbe6d050b,042341af-57c3-40cf-a300-8670e4a3fb5b,26000000.00,IDR,1,2025-12-31T17:00:00.000Z,,,,medium,active,a0000000-0000-0000-0000-000000000001,2026-07-29T14:40:08.817Z,2026-07-29T14:40:08.817Z,a0000000-0000-0000-0000-000000000001,2026-07-29T14:40:08.817Z,,
bfecb74b-e8a1-4ac4-8a37-a2b3b9d33d20,f974fec3-dbf5-46c1-9d7e-c029d8784162,15680.00,IDR,1,2025-12-31T17:00:00.000Z,,,,medium,active,a0000000-0000-0000-0000-000000000001,2026-07-29T14:40:08.858Z,2026-07-29T14:40:08.858Z,a0000000-0000-0000-0000-000000000001,2026-07-29T14:40:08.858Z,,
1e3fad6b-0ed3-4ff6-a3fe-8c9edd07cfc0,653be760-b409-4ed3-9443-2c0383bab80c,200000.00,IDR,1,2025-12-31T17:00:00.000Z,,,,medium,active,a0000000-0000-0000-0000-000000000001,2026-07-29T14:40:08.901Z,2026-07-29T14:40:08.901Z,a0000000-0000-0000-0000-000000000001,2026-07-29T14:40:08.901Z,,
e35a29a6-9d35-4060-a14c-62d95babb9fa,6cee4c4d-62ea-46d4-a148-498792bf45f3,50000.00,IDR,1,2025-12-31T17:00:00.000Z,,,,medium,active,a0000000-0000-0000-0000-000000000001,2026-07-29T14:40:08.942Z,2026-07-29T14:40:08.942Z,a0000000-0000-0000-0000-000000000001,2026-07-29T14:40:08.942Z,,
9ed4240c-7871-47eb-981c-44514035d520,1d8ea929-344b-4bc2-b7af-1cba98945be5,17000000.00,IDR,1,2025-12-31T17:00:00.000Z,,,,medium,active,a0000000-0000-0000-0000-000000000001,2026-07-29T14:40:08.984Z,2026-07-29T14:40:08.984Z,a0000000-0000-0000-0000-000000000001,2026-07-29T14:40:08.984Z,,
525ee80c-228a-4f06-bcd7-64b929d64917,eb3940a8-b204-4688-8fd0-df224d3eb402,3000.00,IDR,1,2025-12-31T17:00:00.000Z,,,,medium,active,a0000000-0000-0000-0000-000000000001,2026-07-29T14:40:09.027Z,2026-07-29T14:40:09.027Z,a0000000-0000-0000-0000-000000000001,2026-07-29T14:40:09.027Z,,
60f4c529-1c94-46b2-800c-c382bce70eb8,32a2f7ea-2b9f-41db-b06e-3de658219c4b,79000000.00,IDR,1,2025-12-31T17:00:00.000Z,,,,medium,active,a0000000-0000-0000-0000-000000000001,2026-07-29T14:40:09.069Z,2026-07-29T14:40:09.069Z,a0000000-0000-0000-0000-000000000001,2026-07-29T14:40:09.069Z,,
bf58a6e1-79f9-48af-be9c-3504806125f5,42b9fb42-ddb5-45f3-b257-e854a117907f,3200.00,IDR,1,2025-12-31T17:00:00.000Z,,,,medium,active,a0000000-0000-0000-0000-000000000001,2026-07-29T14:40:09.111Z,2026-07-29T14:40:09.111Z,a0000000-0000-0000-0000-000000000001,2026-07-29T14:40:09.111Z,,
3f977e86-1dff-41bb-95dd-139bc36b1580,4f493bbf-3250-4a0e-a621-9e18a4fde442,93000.00,IDR,1,2025-12-31T17:00:00.000Z,,,,medium,active,a0000000-0000-0000-0000-000000000001,2026-07-29T14:40:09.152Z,2026-07-29T14:40:09.152Z,a0000000-0000-0000-0000-000000000001,2026-07-29T14:40:09.152Z,,
8f592da3-38f8-4de0-826b-a8bc9ad5cec9,a17e90cd-a6c7-4479-b4b7-f81eb84c03e7,70000.00,IDR,1,2025-12-31T17:00:00.000Z,,,,medium,active,a0000000-0000-0000-0000-000000000001,2026-07-29T14:40:09.194Z,2026-07-29T14:40:09.194Z,a0000000-0000-0000-0000-000000000001,2026-07-29T14:40:09.194Z,,
07149b23-3686-404a-add3-34d4075553c0,7221912d-3ef2-4c60-afa1-be797582bcc7,4600000.00,IDR,1,2025-12-31T17:00:00.000Z,,,,medium,active,a0000000-0000-0000-0000-000000000001,2026-07-29T14:40:09.237Z,2026-07-29T14:40:09.237Z,a0000000-0000-0000-0000-000000000001,2026-07-29T14:40:09.237Z,,
d0d89464-035d-420b-a9ea-4452eb228309,51cf10cb-490d-46f3-b6f3-2847a65d916b,305700.00,IDR,1,2025-12-31T17:00:00.000Z,,,,medium,active,a0000000-0000-0000-0000-000000000001,2026-07-29T14:40:09.279Z,2026-07-29T14:40:09.279Z,a0000000-0000-0000-0000-000000000001,2026-07-29T14:40:09.279Z,,
4c5cd1af-69aa-4b0d-a4ff-54deedb7656d,4a914d21-0ca8-4ae9-b182-044bcf0b1758,20000.00,IDR,1,2025-12-31T17:00:00.000Z,,,,medium,active,a0000000-0000-0000-0000-000000000001,2026-07-29T14:40:09.321Z,2026-07-29T14:40:09.321Z,a0000000-0000-0000-0000-000000000001,2026-07-29T14:40:09.321Z,,
f6ccd302-b0db-4091-9cb6-2164c0cda13d,f12fc973-b89f-4869-aedf-498ba1ff4e1b,370000.00,IDR,1,2025-12-31T17:00:00.000Z,,,,medium,active,a0000000-0000-0000-0000-000000000001,2026-07-29T14:40:09.363Z,2026-07-29T14:40:09.363Z,a0000000-0000-0000-0000-000000000001,2026-07-29T14:40:09.363Z,,
f22b1536-cf3b-4ab0-b295-7b3b74f147df,8a65ab53-4fd5-4e32-8159-5d3bb56651f2,10700.00,IDR,1,2025-12-31T17:00:00.000Z,,,,medium,active,a0000000-0000-0000-0000-000000000001,2026-07-29T14:40:09.405Z,2026-07-29T14:40:09.405Z,a0000000-0000-0000-0000-000000000001,2026-07-29T14:40:09.405Z,,
6c9d091f-5360-4a0b-9f53-6fd027bef2f1,2ee92ce0-6696-4821-a0c6-6f101df63c29,1500000.00,IDR,1,2025-12-31T17:00:00.000Z,,,,medium,active,a0000000-0000-0000-0000-000000000001,2026-07-29T14:40:09.447Z,2026-07-29T14:40:09.447Z,a0000000-0000-0000-0000-000000000001,2026-07-29T14:40:09.447Z,,
b706563e-2ebc-406d-9034-698bea95736b,d21cb969-5ada-46c7-8e96-dcd9f7e97a58,534000.00,IDR,1,2025-12-31T17:00:00.000Z,,,,medium,active,a0000000-0000-0000-0000-000000000001,2026-07-29T14:40:09.490Z,2026-07-29T14:40:09.490Z,a0000000-0000-0000-0000-000000000001,2026-07-29T14:40:09.490Z,,
6b355cf7-df9e-463b-a891-8e16fcb6430a,0089a2d8-79bd-4401-a02d-1ba553289847,40000.00,IDR,1,2025-12-31T17:00:00.000Z,,,,medium,active,a0000000-0000-0000-0000-000000000001,2026-07-29T14:40:09.532Z,2026-07-29T14:40:09.532Z,a0000000-0000-0000-0000-000000000001,2026-07-29T14:40:09.532Z,,
34b0e3dc-9dfc-455d-ad86-08c319ef6162,a1e9f4fe-8f47-41c7-b7d3-25dcd5302c31,19950.00,IDR,1,2025-12-31T17:00:00.000Z,,,,medium,active,a0000000-0000-0000-0000-000000000001,2026-07-29T14:40:09.576Z,2026-07-29T14:40:09.576Z,a0000000-0000-0000-0000-000000000001,2026-07-29T14:40:09.576Z,,
95a048f1-e8c4-4ee2-a0e3-45a95e61955b,56c2312f-cc64-4dc6-acf8-19f53043e9bd,3052000.00,IDR,1,2025-12-31T17:00:00.000Z,,,,medium,active,a0000000-0000-0000-0000-000000000001,2026-07-29T14:40:09.618Z,2026-07-29T14:40:09.618Z,a0000000-0000-0000-0000-000000000001,2026-07-29T14:40:09.618Z,,
63573cc1-0d94-4c57-ac6e-10975c9d34a3,75afb695-8be5-4f21-8afb-faddc6ac04b4,3000.00,IDR,1,2025-12-31T17:00:00.000Z,,,,medium,active,a0000000-0000-0000-0000-000000000001,2026-07-29T14:40:09.660Z,2026-07-29T14:40:09.660Z,a0000000-0000-0000-0000-000000000001,2026-07-29T14:40:09.660Z,,
df735e6f-1d80-4f92-be4e-3fa8e7a0b710,f5ccb5db-ea0c-4c2f-85ac-1f4a7ff2d438,360000.00,IDR,1,2025-12-31T17:00:00.000Z,,,,medium,active,a0000000-0000-0000-0000-000000000001,2026-07-29T14:40:09.702Z,2026-07-29T14:40:09.702Z,a0000000-0000-0000-0000-000000000001,2026-07-29T14:40:09.702Z,,
a95f0a8a-99ea-482a-a1ee-9ba5ae72f283,aadeeee6-dbb6-4426-9bff-93049121b9d0,39700.00,IDR,1,2025-12-31T17:00:00.000Z,,,,medium,active,a0000000-0000-0000-0000-000000000001,2026-07-29T14:40:09.744Z,2026-07-29T14:40:09.744Z,a0000000-0000-0000-0000-000000000001,2026-07-29T14:40:09.744Z,,
4a5210b3-112e-4a82-ac2f-ba71f9539e99,3e29359f-245d-4585-b1e8-a15fa10e8c10,170700.00,IDR,1,2025-12-31T17:00:00.000Z,,,,medium,active,a0000000-0000-0000-0000-000000000001,2026-07-29T14:40:09.786Z,2026-07-29T14:40:09.786Z,a0000000-0000-0000-0000-000000000001,2026-07-29T14:40:09.786Z,,
ce055e7a-3b6a-4bb7-9d22-659cc3a709e1,bc1c2d6c-a873-4bab-9ff5-73f94df07694,67900.00,IDR,1,2025-12-31T17:00:00.000Z,,,,medium,active,a0000000-0000-0000-0000-000000000001,2026-07-29T14:40:09.827Z,2026-07-29T14:40:09.827Z,a0000000-0000-0000-0000-000000000001,2026-07-29T14:40:09.827Z,,
01b947e6-fff6-4b82-af1d-462b88d2e8c4,a688d670-9834-4b9c-bc7d-b587456d94cf,133000.00,IDR,1,2025-12-31T17:00:00.000Z,,,,medium,active,a0000000-0000-0000-0000-000000000001,2026-07-29T14:40:09.869Z,2026-07-29T14:40:09.869Z,a0000000-0000-0000-0000-000000000001,2026-07-29T14:40:09.869Z,,
144efddc-acda-47ec-9e24-5a85af61636d,4e592d81-3c7d-4f01-8125-13cc4060509f,300000.00,IDR,1,2025-12-31T17:00:00.000Z,,,,medium,active,a0000000-0000-0000-0000-000000000001,2026-07-29T14:40:09.911Z,2026-07-29T14:40:09.911Z,a0000000-0000-0000-0000-000000000001,2026-07-29T14:40:09.911Z,,
761af45a-c186-43d1-90d9-69cafc7837e2,72f88ffe-ec7e-4308-a413-da5587221105,280000.00,IDR,1,2025-12-31T17:00:00.000Z,,,,medium,active,a0000000-0000-0000-0000-000000000001,2026-07-29T14:40:09.954Z,2026-07-29T14:40:09.954Z,a0000000-0000-0000-0000-000000000001,2026-07-29T14:40:09.954Z,,
6ab69039-8bfd-4b83-add6-9093244ddfd5,e28f989b-cf47-4404-9fcb-3e567a7945bc,16000.00,IDR,1,2025-12-31T17:00:00.000Z,,,,medium,active,a0000000-0000-0000-0000-000000000001,2026-07-29T14:40:09.995Z,2026-07-29T14:40:09.995Z,a0000000-0000-0000-0000-000000000001,2026-07-29T14:40:09.995Z,,
af3a1716-dc2f-4067-9999-5974c52ed569,322fea2e-503b-4530-a585-a391ea14aa67,19000.00,IDR,1,2025-12-31T17:00:00.000Z,,,,medium,active,a0000000-0000-0000-0000-000000000001,2026-07-29T14:40:10.038Z,2026-07-29T14:40:10.038Z,a0000000-0000-0000-0000-000000000001,2026-07-29T14:40:10.038Z,,
a4e2e3ac-2a65-4a11-a45e-4db1dcb29af3,b5480541-48e5-4097-994a-880df50251c7,1490000.00,IDR,1,2025-12-31T17:00:00.000Z,,,,medium,active,a0000000-0000-0000-0000-000000000001,2026-07-29T14:40:10.080Z,2026-07-29T14:40:10.080Z,a0000000-0000-0000-0000-000000000001,2026-07-29T14:40:10.080Z,,
b975d839-a98b-4d0e-891e-d3eaba9659b9,9de885a3-bd30-447e-8798-719a57e78879,411600.00,IDR,1,2025-12-31T17:00:00.000Z,,,,medium,active,a0000000-0000-0000-0000-000000000001,2026-07-29T14:40:10.122Z,2026-07-29T14:40:10.122Z,a0000000-0000-0000-0000-000000000001,2026-07-29T14:40:10.122Z,,
4e3a4fd9-37e9-4f49-8f75-99fb9b96f3d4,766ecad8-4ef1-4ad9-8446-06b19596e106,33500.00,IDR,1,2025-12-31T17:00:00.000Z,,,,medium,active,a0000000-0000-0000-0000-000000000001,2026-07-29T14:40:10.165Z,2026-07-29T14:40:10.165Z,a0000000-0000-0000-0000-000000000001,2026-07-29T14:40:10.165Z,,
02bd05ec-da95-4bfb-8920-6218143ad362,951cb17b-e816-46ee-b7eb-a981829d81ab,227900.00,IDR,1,2025-12-31T17:00:00.000Z,,,,medium,active,a0000000-0000-0000-0000-000000000001,2026-07-29T14:40:10.207Z,2026-07-29T14:40:10.207Z,a0000000-0000-0000-0000-000000000001,2026-07-29T14:40:10.207Z,,
bbda4a80-a152-4407-9b03-baa14a9d611a,4f308c11-7716-432e-a26c-8e34886587c3,1.00,IDR,1,2025-12-31T17:00:00.000Z,,,,medium,active,a0000000-0000-0000-0000-000000000001,2026-07-29T14:40:10.249Z,2026-07-29T14:40:10.249Z,a0000000-0000-0000-0000-000000000001,2026-07-29T14:40:10.249Z,,
e824b131-0311-4009-a0f6-3d967943f596,0dd775bd-b136-40c3-94c0-ef1ee3628e35,200.00,IDR,1,2025-12-31T17:00:00.000Z,,,,medium,active,a0000000-0000-0000-0000-000000000001,2026-07-29T14:40:10.291Z,2026-07-29T14:40:10.291Z,a0000000-0000-0000-0000-000000000001,2026-07-29T14:40:10.291Z,,
0c96d475-042d-47ed-8341-eec37c291b4d,891682c3-b0ec-44d9-9337-36fa4fa9e03d,750000.00,IDR,1,2025-12-31T17:00:00.000Z,,,,medium,active,a0000000-0000-0000-0000-000000000001,2026-07-29T14:40:10.333Z,2026-07-29T14:40:10.333Z,a0000000-0000-0000-0000-000000000001,2026-07-29T14:40:10.333Z,,
6e1ac499-a302-4477-96bb-815ea291dc43,db3b44d5-802b-42b9-9900-1752f5a16aba,125000.00,IDR,1,2025-12-31T17:00:00.000Z,,,,medium,active,a0000000-0000-0000-0000-000000000001,2026-07-29T14:40:10.375Z,2026-07-29T14:40:10.375Z,a0000000-0000-0000-0000-000000000001,2026-07-29T14:40:10.375Z,,
dc54db99-001f-4166-a10e-a0a31b24c256,93485526-15f8-4196-87d8-e886d71edf23,20000.00,IDR,1,2025-12-31T17:00:00.000Z,,,,medium,active,a0000000-0000-0000-0000-000000000001,2026-07-29T14:40:10.418Z,2026-07-29T14:40:10.418Z,a0000000-0000-0000-0000-000000000001,2026-07-29T14:40:10.418Z,,
aa07a989-5610-4ac6-a85e-03c9669dce1b,f3b8df76-3ba2-41c7-a1d8-7feffc720c75,56700.00,IDR,1,2025-12-31T17:00:00.000Z,,,,medium,active,a0000000-0000-0000-0000-000000000001,2026-07-29T14:40:10.460Z,2026-07-29T14:40:10.460Z,a0000000-0000-0000-0000-000000000001,2026-07-29T14:40:10.460Z,,
c9c3db5d-807b-49a3-af90-728457f0f023,1d6a33cb-210a-4618-a2df-559aa1101b3c,74000.00,IDR,1,2025-12-31T17:00:00.000Z,,,,medium,active,a0000000-0000-0000-0000-000000000001,2026-07-29T14:40:10.501Z,2026-07-29T14:40:10.501Z,a0000000-0000-0000-0000-000000000001,2026-07-29T14:40:10.501Z,,
afafc546-5b18-4c94-b383-d3fa7d15d63b,40e1ff5f-9496-4a17-9a2e-e9a95b5a09c7,1050900.00,IDR,1,2025-12-31T17:00:00.000Z,,,,medium,active,a0000000-0000-0000-0000-000000000001,2026-07-29T14:40:10.543Z,2026-07-29T14:40:10.543Z,a0000000-0000-0000-0000-000000000001,2026-07-29T14:40:10.543Z,,
122f7738-7e57-4644-b80f-2717db8b583e,e39c9d14-7a2c-408f-a7c4-eb36c343417c,150000.00,IDR,1,2025-12-31T17:00:00.000Z,,,,medium,active,a0000000-0000-0000-0000-000000000001,2026-07-29T14:40:10.585Z,2026-07-29T14:40:10.585Z,a0000000-0000-0000-0000-000000000001,2026-07-29T14:40:10.585Z,,
62d3a54a-f1a8-4e90-af0d-d50e4c576b00,43f56e70-2e2b-4a53-8737-0127a86f8493,100000.00,IDR,1,2025-12-31T17:00:00.000Z,,,,medium,active,a0000000-0000-0000-0000-000000000001,2026-07-29T14:40:10.626Z,2026-07-29T14:40:10.626Z,a0000000-0000-0000-0000-000000000001,2026-07-29T14:40:10.626Z,,
0f0c3761-6aa2-4453-b718-8d1887bbbb0a,4c175a0b-7d1e-44bf-a802-f59d09d751d8,370000.00,IDR,1,2025-12-31T17:00:00.000Z,,,,medium,active,a0000000-0000-0000-0000-000000000001,2026-07-29T14:40:10.669Z,2026-07-29T14:40:10.669Z,a0000000-0000-0000-0000-000000000001,2026-07-29T14:40:10.669Z,,
64d22d8d-6c71-44f6-827e-bd616915f536,a1f1e3f5-a3d4-414c-af6d-81dc0afce5a0,255000.00,IDR,1,2025-12-31T17:00:00.000Z,,,,medium,active,a0000000-0000-0000-0000-000000000001,2026-07-29T14:40:10.711Z,2026-07-29T14:40:10.711Z,a0000000-0000-0000-0000-000000000001,2026-07-29T14:40:10.711Z,,
0f9158ae-8559-4b51-80e2-24f630d7bf55,fc086a83-c180-4f77-8c9b-dd2c3c1fb742,340000.00,IDR,1,2025-12-31T17:00:00.000Z,,,,medium,active,a0000000-0000-0000-0000-000000000001,2026-07-29T14:40:10.753Z,2026-07-29T14:40:10.753Z,a0000000-0000-0000-0000-000000000001,2026-07-29T14:40:10.753Z,,
3b69436c-7179-46b3-95c0-c40308c023b3,d98d80ec-f766-454b-b4c4-f422fb627893,12660.00,IDR,1,2025-12-31T17:00:00.000Z,,,,medium,active,a0000000-0000-0000-0000-000000000001,2026-07-29T14:40:10.795Z,2026-07-29T14:40:10.795Z,a0000000-0000-0000-0000-000000000001,2026-07-29T14:40:10.795Z,,
5862eeed-f092-4139-aa78-2bfbd48583a2,6a12b853-aec1-4cd1-8653-919c0885746b,3442900.00,IDR,1,2025-12-31T17:00:00.000Z,,,,medium,active,a0000000-0000-0000-0000-000000000001,2026-07-29T14:40:10.837Z,2026-07-29T14:40:10.837Z,a0000000-0000-0000-0000-000000000001,2026-07-29T14:40:10.837Z,,
97d26e66-7dad-441c-841e-dfcbc4c35759,44d43c66-4e09-4fa8-828f-916e813ed445,23000.00,IDR,1,2025-12-31T17:00:00.000Z,,,,medium,active,a0000000-0000-0000-0000-000000000001,2026-07-29T14:40:10.879Z,2026-07-29T14:40:10.879Z,a0000000-0000-0000-0000-000000000001,2026-07-29T14:40:10.879Z,,
94423d80-be0a-4602-9f0c-58c7613701c0,0dd39cb0-1ab4-47c9-8324-52de0d26000d,66000.00,IDR,1,2025-12-31T17:00:00.000Z,,,,medium,active,a0000000-0000-0000-0000-000000000001,2026-07-29T14:40:10.921Z,2026-07-29T14:40:10.921Z,a0000000-0000-0000-0000-000000000001,2026-07-29T14:40:10.921Z,,
77f3e08b-828a-4610-93ab-7e8fdd177136,55cdcc61-cc8c-4b7a-8c70-5479bf165e20,290000.00,IDR,1,2025-12-31T17:00:00.000Z,,,,medium,active,a0000000-0000-0000-0000-000000000001,2026-07-29T14:40:10.964Z,2026-07-29T14:40:10.964Z,a0000000-0000-0000-0000-000000000001,2026-07-29T14:40:10.964Z,,
aba5b217-c9d8-4dc6-bac9-4949b423afb9,1110010a-b025-4be2-a550-5675a8185a5c,594000.00,IDR,1,2025-12-31T17:00:00.000Z,,,,medium,active,a0000000-0000-0000-0000-000000000001,2026-07-29T14:40:11.006Z,2026-07-29T14:40:11.006Z,a0000000-0000-0000-0000-000000000001,2026-07-29T14:40:11.006Z,,
e6731a1e-a8fa-4a59-bce8-052a8a3c87b0,9dcc3ffb-b0a3-4c65-ab7c-3f0483f44968,58500.00,IDR,1,2025-12-31T17:00:00.000Z,,,,medium,active,a0000000-0000-0000-0000-000000000001,2026-07-29T14:40:11.048Z,2026-07-29T14:40:11.048Z,a0000000-0000-0000-0000-000000000001,2026-07-29T14:40:11.048Z,,
da0a400c-1dfb-4975-9afb-6d6082cb0ae7,e5784bb6-177b-4780-80f8-31b5bb9f5d27,159300.00,IDR,1,2025-12-31T17:00:00.000Z,,,,medium,active,a0000000-0000-0000-0000-000000000001,2026-07-29T14:40:11.090Z,2026-07-29T14:40:11.090Z,a0000000-0000-0000-0000-000000000001,2026-07-29T14:40:11.090Z,,
ac4ed372-87d4-4086-b6b2-35d229584fc8,353f26b7-e3a4-4d29-a69a-56d8765724e5,67900.00,IDR,1,2025-12-31T17:00:00.000Z,,,,medium,active,a0000000-0000-0000-0000-000000000001,2026-07-29T14:40:11.132Z,2026-07-29T14:40:11.132Z,a0000000-0000-0000-0000-000000000001,2026-07-29T14:40:11.132Z,,
bfef00ab-cbb7-47dc-b660-fcc6b800674b,59bde070-3405-4062-a249-7464c83b388f,25000000.00,IDR,1,2025-12-31T17:00:00.000Z,,,,medium,active,a0000000-0000-0000-0000-000000000001,2026-07-29T14:40:11.174Z,2026-07-29T14:40:11.174Z,a0000000-0000-0000-0000-000000000001,2026-07-29T14:40:11.174Z,,
25ae5216-48a7-4342-8572-ebf1ea47f62d,4264ea44-fbd1-4fa4-a7a4-4ce8ebf226cb,3000.00,IDR,1,2025-12-31T17:00:00.000Z,,,,medium,active,a0000000-0000-0000-0000-000000000001,2026-07-29T14:40:11.217Z,2026-07-29T14:40:11.217Z,a0000000-0000-0000-0000-000000000001,2026-07-29T14:40:11.217Z,,
1171a85a-e0a7-4dde-9f4e-0753f52e2929,4e4d3ad6-b2ca-4eeb-a8e4-e9505732a7a7,77300.00,IDR,1,2025-12-31T17:00:00.000Z,,,,medium,active,a0000000-0000-0000-0000-000000000001,2026-07-29T14:40:11.259Z,2026-07-29T14:40:11.259Z,a0000000-0000-0000-0000-000000000001,2026-07-29T14:40:11.259Z,,
f5cccb97-345a-4cf1-9ea3-014d4b6a388a,e4843426-828c-409f-8db2-87c65e543d4d,29000.00,IDR,1,2025-12-31T17:00:00.000Z,,,,medium,active,a0000000-0000-0000-0000-000000000001,2026-07-29T14:40:11.301Z,2026-07-29T14:40:11.301Z,a0000000-0000-0000-0000-000000000001,2026-07-29T14:40:11.301Z,,
766758b7-745d-4f7e-8884-13842e9ff851,4cd17eda-2cb8-41e3-bac6-c4150bf5b361,60000.00,IDR,1,2025-12-31T17:00:00.000Z,,,,medium,active,a0000000-0000-0000-0000-000000000001,2026-07-29T14:40:11.586Z,2026-07-29T14:40:11.586Z,a0000000-0000-0000-0000-000000000001,2026-07-29T14:40:11.586Z,,
2479bc18-cc84-4295-b41c-e567eb6c2a4b,0ed2be48-dedc-42ea-aad6-470adbd3a11c,38600.00,IDR,1,2025-12-31T17:00:00.000Z,,,,medium,active,a0000000-0000-0000-0000-000000000001,2026-07-29T14:40:11.628Z,2026-07-29T14:40:11.628Z,a0000000-0000-0000-0000-000000000001,2026-07-29T14:40:11.628Z,,
5ffb22e3-ffce-4551-a15a-e3ae1d1565b5,02f0dc3b-eee5-4ff4-9c11-c1d952882611,485000.00,IDR,1,2025-12-31T17:00:00.000Z,,,,medium,active,a0000000-0000-0000-0000-000000000001,2026-07-29T14:40:11.671Z,2026-07-29T14:40:11.671Z,a0000000-0000-0000-0000-000000000001,2026-07-29T14:40:11.671Z,,
eec88529-499a-4566-a4f5-ed92ade8b7ed,a5b2ddb7-fe36-4694-9d59-dc8ad8ecfb04,1670000.00,IDR,1,2025-12-31T17:00:00.000Z,,,,medium,active,a0000000-0000-0000-0000-000000000001,2026-07-29T14:40:11.713Z,2026-07-29T14:40:11.713Z,a0000000-0000-0000-0000-000000000001,2026-07-29T14:40:11.713Z,,
cd3a66dc-38b6-4bcb-bfb2-a4672d30e974,bcd56dcc-d426-4615-8852-67303b8dd891,200000.00,IDR,1,2025-12-31T17:00:00.000Z,,,,medium,active,a0000000-0000-0000-0000-000000000001,2026-07-29T14:40:11.755Z,2026-07-29T14:40:11.755Z,a0000000-0000-0000-0000-000000000001,2026-07-29T14:40:11.755Z,,
e8a4dc00-dd7c-49f7-b74f-cfce437aec47,f1da1206-6b42-45a0-9f87-829da6182855,100000.00,IDR,1,2025-12-31T17:00:00.000Z,,,,medium,active,a0000000-0000-0000-0000-000000000001,2026-07-29T14:40:11.798Z,2026-07-29T14:40:11.798Z,a0000000-0000-0000-0000-000000000001,2026-07-29T14:40:11.798Z,,
4fa75188-4d99-47bc-8493-9e848db4a103,ccc8bb93-68d6-4ead-9806-bbc015e35710,12200.00,IDR,1,2025-12-31T17:00:00.000Z,,,,medium,active,a0000000-0000-0000-0000-000000000001,2026-07-29T14:40:11.840Z,2026-07-29T14:40:11.840Z,a0000000-0000-0000-0000-000000000001,2026-07-29T14:40:11.840Z,,
29de70df-36e7-4ef8-9383-6f38ecdda219,0a382a8f-ed00-4b1c-b04f-11649038aa7c,2000.00,IDR,1,2025-12-31T17:00:00.000Z,,,,medium,active,a0000000-0000-0000-0000-000000000001,2026-07-29T14:40:11.884Z,2026-07-29T14:40:11.884Z,a0000000-0000-0000-0000-000000000001,2026-07-29T14:40:11.884Z,,
2d3c8b4c-25a0-46fa-a0ad-9a6e3d00932b,b7557fb7-de35-4b56-88de-95d8827ebc31,15000.00,IDR,1,2025-12-31T17:00:00.000Z,,,,medium,active,a0000000-0000-0000-0000-000000000001,2026-07-29T14:40:11.925Z,2026-07-29T14:40:11.925Z,a0000000-0000-0000-0000-000000000001,2026-07-29T14:40:11.925Z,,
d0b13831-ceb0-4cfd-9ad5-e514dd6d1639,6becc8c6-9161-4e29-a3f5-bbf8916211ba,7500.00,IDR,1,2025-12-31T17:00:00.000Z,,,,medium,active,a0000000-0000-0000-0000-000000000001,2026-07-29T14:40:11.967Z,2026-07-29T14:40:11.967Z,a0000000-0000-0000-0000-000000000001,2026-07-29T14:40:11.967Z,,
d5d642ea-17ec-45b0-ba74-46349abd0a28,59b325bc-6e09-4831-8bbf-346fd5151b3a,3000.00,IDR,1,2025-12-31T17:00:00.000Z,,,,medium,active,a0000000-0000-0000-0000-000000000001,2026-07-29T14:40:12.009Z,2026-07-29T14:40:12.009Z,a0000000-0000-0000-0000-000000000001,2026-07-29T14:40:12.009Z,,
44717163-6e00-40e8-bfb4-d3789c185beb,85529bdc-e8d7-439a-ac5d-f9d2474e0f84,350000.00,IDR,1,2025-12-31T17:00:00.000Z,,,,medium,active,a0000000-0000-0000-0000-000000000001,2026-07-29T14:40:12.051Z,2026-07-29T14:40:12.051Z,a0000000-0000-0000-0000-000000000001,2026-07-29T14:40:12.051Z,,
28297578-8c8b-43c1-b2fd-ab2b340dfc20,3bc99b0d-697c-4555-946a-170b1ad9b929,7000.00,IDR,1,2025-12-31T17:00:00.000Z,,,,medium,active,a0000000-0000-0000-0000-000000000001,2026-07-29T14:40:12.094Z,2026-07-29T14:40:12.094Z,a0000000-0000-0000-0000-000000000001,2026-07-29T14:40:12.094Z,,
1500c82a-b593-4b9f-8dc9-a505c6fbac65,f819523c-eda3-4170-b086-7b58980b7a0e,85000.00,IDR,1,2025-12-31T17:00:00.000Z,,,,medium,active,a0000000-0000-0000-0000-000000000001,2026-07-29T14:40:12.136Z,2026-07-29T14:40:12.136Z,a0000000-0000-0000-0000-000000000001,2026-07-29T14:40:12.136Z,,
ef999c55-e929-4b4b-acbe-ca9789f0a3bc,e30cc54f-16d9-4769-8f10-7c5c88cced51,1525000.00,IDR,1,2025-12-31T17:00:00.000Z,,,,medium,active,a0000000-0000-0000-0000-000000000001,2026-07-29T14:40:12.178Z,2026-07-29T14:40:12.178Z,a0000000-0000-0000-0000-000000000001,2026-07-29T14:40:12.178Z,,
d2f701aa-9282-4659-af83-da4941134e82,9361e544-5d6c-498a-a6bc-de53aba99fed,242000.00,IDR,1,2025-12-31T17:00:00.000Z,,,,medium,active,a0000000-0000-0000-0000-000000000001,2026-07-29T14:40:12.220Z,2026-07-29T14:40:12.220Z,a0000000-0000-0000-0000-000000000001,2026-07-29T14:40:12.220Z,,
5ecdb12e-fc7b-4917-9b9c-020a64591b47,3bc24958-d8cb-4805-991b-1686a5e5b27d,119100.00,IDR,1,2025-12-31T17:00:00.000Z,,,,medium,active,a0000000-0000-0000-0000-000000000001,2026-07-29T14:40:12.262Z,2026-07-29T14:40:12.262Z,a0000000-0000-0000-0000-000000000001,2026-07-29T14:40:12.262Z,,
89579953-bf29-41b1-8a5a-9149074900ea,125b7860-8a53-4425-af5e-2c2fb555c4b0,6000.00,IDR,1,2025-12-31T17:00:00.000Z,,,,medium,active,a0000000-0000-0000-0000-000000000001,2026-07-29T14:40:12.304Z,2026-07-29T14:40:12.304Z,a0000000-0000-0000-0000-000000000001,2026-07-29T14:40:12.304Z,,
9956d250-d821-4c88-8167-95211278e56e,072c823d-2e2b-435b-affc-f4bed439f62d,68000.00,IDR,1,2025-12-31T17:00:00.000Z,,,,medium,active,a0000000-0000-0000-0000-000000000001,2026-07-29T14:40:12.346Z,2026-07-29T14:40:12.346Z,a0000000-0000-0000-0000-000000000001,2026-07-29T14:40:12.346Z,,
a959fbc9-d113-4271-bd75-00883fc554b3,4599e7c7-9c41-423c-8953-e8cbb74cb95d,102000.00,IDR,1,2025-12-31T17:00:00.000Z,,,,medium,active,a0000000-0000-0000-0000-000000000001,2026-07-29T14:40:12.389Z,2026-07-29T14:40:12.389Z,a0000000-0000-0000-0000-000000000001,2026-07-29T14:40:12.389Z,,
109e16bb-063d-450d-99d4-83d265e05cef,7401b9a1-56e5-4cdd-9236-976f84b482c2,12200.00,IDR,1,2025-12-31T17:00:00.000Z,,,,medium,active,a0000000-0000-0000-0000-000000000001,2026-07-29T14:40:12.431Z,2026-07-29T14:40:12.431Z,a0000000-0000-0000-0000-000000000001,2026-07-29T14:40:12.431Z,,
fd628d00-f5a5-40da-831a-81cb840b9046,fbf8e0de-6cb0-41db-94ab-21b29ef144c4,100000.00,IDR,1,2025-12-31T17:00:00.000Z,,,,medium,active,a0000000-0000-0000-0000-000000000001,2026-07-29T14:40:12.473Z,2026-07-29T14:40:12.473Z,a0000000-0000-0000-0000-000000000001,2026-07-29T14:40:12.473Z,,
d0fe189f-e4b4-41c6-a893-1ddacf3f6a93,959081b2-2f53-41aa-affd-cf8592b1a60e,85000.00,IDR,1,2025-12-31T17:00:00.000Z,,,,medium,active,a0000000-0000-0000-0000-000000000001,2026-07-29T14:40:12.515Z,2026-07-29T14:40:12.515Z,a0000000-0000-0000-0000-000000000001,2026-07-29T14:40:12.515Z,,
7cf332d1-bccd-4cf5-926f-2f10b934831a,537236b2-6181-401f-b133-da2797465ab6,67900.00,IDR,1,2025-12-31T17:00:00.000Z,,,,medium,active,a0000000-0000-0000-0000-000000000001,2026-07-29T14:40:12.558Z,2026-07-29T14:40:12.558Z,a0000000-0000-0000-0000-000000000001,2026-07-29T14:40:12.558Z,,
dae16050-80fb-4e2e-9bd2-51b139d4df6e,e420beba-38cc-4edb-9ede-a60dcd0ae923,174900.00,IDR,1,2025-12-31T17:00:00.000Z,,,,medium,active,a0000000-0000-0000-0000-000000000001,2026-07-29T14:40:12.600Z,2026-07-29T14:40:12.600Z,a0000000-0000-0000-0000-000000000001,2026-07-29T14:40:12.600Z,,
ffecd418-4ea3-4f2b-9ece-77ccae13b3fa,ad42afc7-f19c-4271-b5c5-0d03b340e94d,650000.00,IDR,1,2025-12-31T17:00:00.000Z,,,,medium,active,a0000000-0000-0000-0000-000000000001,2026-07-29T14:40:12.642Z,2026-07-29T14:40:12.642Z,a0000000-0000-0000-0000-000000000001,2026-07-29T14:40:12.642Z,,
40d761ab-4ffb-4d05-8d0d-8907bf377594,24229f6c-dd16-43b6-b904-8485b2fcfa61,1.00,IDR,1,2025-12-31T17:00:00.000Z,,,,medium,active,a0000000-0000-0000-0000-000000000001,2026-07-29T14:40:12.684Z,2026-07-29T14:40:12.684Z,a0000000-0000-0000-0000-000000000001,2026-07-29T14:40:12.684Z,,
3b2a268c-fffe-4238-8fc8-d7e978e6e7ee,26396e0b-8576-4e31-a088-1d065a70f745,1.00,IDR,1,2025-12-31T17:00:00.000Z,,,,medium,active,a0000000-0000-0000-0000-000000000001,2026-07-29T14:40:12.726Z,2026-07-29T14:40:12.726Z,a0000000-0000-0000-0000-000000000001,2026-07-29T14:40:12.726Z,,
e5db3cf5-f800-4b9a-955b-9eeebbfc6e8c,5d66d582-51ce-4035-a2a1-4e3b3ecadd2a,275000.00,IDR,1,2025-12-31T17:00:00.000Z,,,,medium,active,a0000000-0000-0000-0000-000000000001,2026-07-29T14:40:12.768Z,2026-07-29T14:40:12.768Z,a0000000-0000-0000-0000-000000000001,2026-07-29T14:40:12.768Z,,
262f7407-2575-46c4-8506-c75ea3527a2a,0a057b02-b6c9-4e55-ae33-4579ec7b43e3,1607400.00,IDR,1,2025-12-31T17:00:00.000Z,,,,medium,active,a0000000-0000-0000-0000-000000000001,2026-07-29T14:40:12.810Z,2026-07-29T14:40:12.810Z,a0000000-0000-0000-0000-000000000001,2026-07-29T14:40:12.810Z,,
fae129a1-f8b8-4495-ae91-b37fb5a9d651,e7e113e2-0ab6-4950-9cbd-565523de1f41,980000.00,IDR,1,2025-12-31T17:00:00.000Z,,,,medium,active,a0000000-0000-0000-0000-000000000001,2026-07-29T14:40:12.852Z,2026-07-29T14:40:12.852Z,a0000000-0000-0000-0000-000000000001,2026-07-29T14:40:12.852Z,,
efd8b2ce-3cd3-4981-90ac-c003ef344bb0,c131e1ca-3f70-4ad0-8fce-533d797be2be,8880.00,IDR,1,2025-12-31T17:00:00.000Z,,,,medium,active,a0000000-0000-0000-0000-000000000001,2026-07-29T14:40:12.894Z,2026-07-29T14:40:12.894Z,a0000000-0000-0000-0000-000000000001,2026-07-29T14:40:12.894Z,,
89bf4caf-25dc-4da4-b6f4-efb577e092f1,6c5b20d4-13f2-424c-9d2e-2f338dbaae3b,24000.00,IDR,1,2025-12-31T17:00:00.000Z,,,,medium,active,a0000000-0000-0000-0000-000000000001,2026-07-29T14:40:12.935Z,2026-07-29T14:40:12.935Z,a0000000-0000-0000-0000-000000000001,2026-07-29T14:40:12.935Z,,
43e0ebf2-2a9a-4a85-a621-eb72f9e7102f,9f43f5ae-04b7-4ae6-a533-0f58e0c6028f,1600.00,IDR,1,2025-12-31T17:00:00.000Z,,,,medium,active,a0000000-0000-0000-0000-000000000001,2026-07-29T14:40:12.977Z,2026-07-29T14:40:12.977Z,a0000000-0000-0000-0000-000000000001,2026-07-29T14:40:12.977Z,,
ab5d3886-d1c7-4113-889a-846df81e05c5,c460ae51-194b-446a-935d-83fb034e4f08,28000.00,IDR,1,2025-12-31T17:00:00.000Z,,,,medium,active,a0000000-0000-0000-0000-000000000001,2026-07-29T14:40:13.019Z,2026-07-29T14:40:13.019Z,a0000000-0000-0000-0000-000000000001,2026-07-29T14:40:13.019Z,,
86cc1c85-84b5-427c-bda3-3180a84c851c,e501b8ef-990e-4be6-8b63-e28e8faf6baf,67900.00,IDR,1,2025-12-31T17:00:00.000Z,,,,medium,active,a0000000-0000-0000-0000-000000000001,2026-07-29T14:40:13.061Z,2026-07-29T14:40:13.061Z,a0000000-0000-0000-0000-000000000001,2026-07-29T14:40:13.061Z,,
28695160-5d3a-44ec-ad60-0cf89b8af3dd,b2222ac6-1b09-4b31-936c-af4f3674e128,35000.00,IDR,1,2025-12-31T17:00:00.000Z,,,,medium,active,a0000000-0000-0000-0000-000000000001,2026-07-29T14:40:13.103Z,2026-07-29T14:40:13.103Z,a0000000-0000-0000-0000-000000000001,2026-07-29T14:40:13.103Z,,
51ae3ffb-3ed7-49bd-ac71-4865045bf6ea,e06a1946-9551-4fe1-9d19-30f2899d653d,24000.00,IDR,1,2025-12-31T17:00:00.000Z,,,,medium,active,a0000000-0000-0000-0000-000000000001,2026-07-29T14:40:13.144Z,2026-07-29T14:40:13.144Z,a0000000-0000-0000-0000-000000000001,2026-07-29T14:40:13.144Z,,
11611673-8cff-438c-a4e7-4198bf3ac796,378d29a5-7cea-438f-9e44-755ef5753917,10000.00,IDR,1,2025-12-31T17:00:00.000Z,,,,medium,active,a0000000-0000-0000-0000-000000000001,2026-07-29T14:40:13.186Z,2026-07-29T14:40:13.186Z,a0000000-0000-0000-0000-000000000001,2026-07-29T14:40:13.186Z,,
072d9570-f7cc-436f-9cea-f6ffa9d738d4,01db980f-35dd-4a92-8ba2-d1b7dece8e11,5350000.00,IDR,1,2025-12-31T17:00:00.000Z,,,,medium,active,a0000000-0000-0000-0000-000000000001,2026-07-29T14:40:13.228Z,2026-07-29T14:40:13.228Z,a0000000-0000-0000-0000-000000000001,2026-07-29T14:40:13.228Z,,
45643332-516f-49a9-a30f-faaccb6158ee,f0e7c36d-bfa2-4b3d-b4b3-27b020badea9,4000000.00,IDR,1,2025-12-31T17:00:00.000Z,,,,medium,active,a0000000-0000-0000-0000-000000000001,2026-07-29T14:40:13.270Z,2026-07-29T14:40:13.270Z,a0000000-0000-0000-0000-000000000001,2026-07-29T14:40:13.270Z,,
aca5110b-4075-435f-b6e6-7a300d1cb633,466f2b64-631e-491c-93f8-029b43ecb6b4,30700.00,IDR,1,2025-12-31T17:00:00.000Z,,,,medium,active,a0000000-0000-0000-0000-000000000001,2026-07-29T14:40:13.313Z,2026-07-29T14:40:13.313Z,a0000000-0000-0000-0000-000000000001,2026-07-29T14:40:13.313Z,,
86f72951-cff3-4b64-b60b-b5256b9ea140,39a43027-95cf-48af-aef4-939279a1d142,12500000.00,IDR,1,2025-12-31T17:00:00.000Z,,,,medium,active,a0000000-0000-0000-0000-000000000001,2026-07-29T14:40:13.354Z,2026-07-29T14:40:13.354Z,a0000000-0000-0000-0000-000000000001,2026-07-29T14:40:13.354Z,,
7057866d-a835-48cb-8a8b-12359775773d,08f35681-3495-4135-b80e-430d05b7ee4b,255000.00,IDR,1,2025-12-31T17:00:00.000Z,,,,medium,active,a0000000-0000-0000-0000-000000000001,2026-07-29T14:40:13.396Z,2026-07-29T14:40:13.396Z,a0000000-0000-0000-0000-000000000001,2026-07-29T14:40:13.396Z,,
88b88ba1-e424-4297-96a3-d37fc533a8e1,b0cd8972-2562-4e31-a5d3-e382e7c38976,60000.00,IDR,1,2025-12-31T17:00:00.000Z,,,,medium,active,a0000000-0000-0000-0000-000000000001,2026-07-29T14:40:13.438Z,2026-07-29T14:40:13.438Z,a0000000-0000-0000-0000-000000000001,2026-07-29T14:40:13.438Z,,
24183340-731c-462c-aade-0f7277bb0e09,8c09fd5d-6748-48bc-a1de-62b70b060d3e,77000.00,IDR,1,2025-12-31T17:00:00.000Z,,,,medium,active,a0000000-0000-0000-0000-000000000001,2026-07-29T14:40:13.480Z,2026-07-29T14:40:13.480Z,a0000000-0000-0000-0000-000000000001,2026-07-29T14:40:13.480Z,,
7992f0b7-c255-4dbd-ac7d-1dd48ae9e7d8,1c743775-7154-4fc4-8441-a38f91050f2f,55800.00,IDR,1,2025-12-31T17:00:00.000Z,,,,medium,active,a0000000-0000-0000-0000-000000000001,2026-07-29T14:40:13.522Z,2026-07-29T14:40:13.522Z,a0000000-0000-0000-0000-000000000001,2026-07-29T14:40:13.522Z,,
9da7ee48-3327-4d82-9209-5a79090369f1,b07aa154-5deb-407f-ae40-dadde145c14a,37500.00,IDR,1,2025-12-31T17:00:00.000Z,,,,medium,active,a0000000-0000-0000-0000-000000000001,2026-07-29T14:40:13.564Z,2026-07-29T14:40:13.564Z,a0000000-0000-0000-0000-000000000001,2026-07-29T14:40:13.564Z,,
59195201-b702-4821-bbd0-1d2f05162b9a,45ecf1d5-9067-4a25-b302-7fb531c163f7,192000.00,IDR,1,2025-12-31T17:00:00.000Z,,,,medium,active,a0000000-0000-0000-0000-000000000001,2026-07-29T14:40:13.606Z,2026-07-29T14:40:13.606Z,a0000000-0000-0000-0000-000000000001,2026-07-29T14:40:13.606Z,,
05790c15-3617-4d4c-abce-dc8409797c0a,c4932dcc-cf23-4f8b-be95-1e06f9791123,1.00,IDR,1,2025-12-31T17:00:00.000Z,,,,medium,active,a0000000-0000-0000-0000-000000000001,2026-07-29T14:40:13.648Z,2026-07-29T14:40:13.648Z,a0000000-0000-0000-0000-000000000001,2026-07-29T14:40:13.648Z,,
e3f6fab1-f0fa-4ca5-8651-ad36e4d1274f,60fdec66-76fb-4351-bf8a-523f0acd1aba,100000.00,IDR,1,2025-12-31T17:00:00.000Z,,,,medium,active,a0000000-0000-0000-0000-000000000001,2026-07-29T14:40:13.690Z,2026-07-29T14:40:13.690Z,a0000000-0000-0000-0000-000000000001,2026-07-29T14:40:13.690Z,,
a114c799-a651-48d7-8317-feb331a731c7,f2d5e250-e8a1-4fe6-98bb-0f5e1e8cb149,77200.00,IDR,1,2025-12-31T17:00:00.000Z,,,,medium,active,a0000000-0000-0000-0000-000000000001,2026-07-29T14:40:13.732Z,2026-07-29T14:40:13.732Z,a0000000-0000-0000-0000-000000000001,2026-07-29T14:40:13.732Z,,
94c3f235-1cdd-4c7c-976f-ecec6aeea260,dc0c1a9f-72fe-4f00-85a8-b6549a04fa7d,635000.00,IDR,1,2025-12-31T17:00:00.000Z,,,,medium,active,a0000000-0000-0000-0000-000000000001,2026-07-29T14:40:13.774Z,2026-07-29T14:40:13.774Z,a0000000-0000-0000-0000-000000000001,2026-07-29T14:40:13.774Z,,
f5d6f2e3-72cd-4ea4-aa37-2d829182b924,3c702a57-c320-42f3-906a-3bc454d59201,492000.00,IDR,1,2025-12-31T17:00:00.000Z,,,,medium,active,a0000000-0000-0000-0000-000000000001,2026-07-29T14:40:13.816Z,2026-07-29T14:40:13.816Z,a0000000-0000-0000-0000-000000000001,2026-07-29T14:40:13.816Z,,
c9493e73-8425-458a-b525-eaba88d32a40,0187ed69-0fb0-4e36-b9e2-a697193de1ef,233300.00,IDR,1,2025-12-31T17:00:00.000Z,,,,medium,active,a0000000-0000-0000-0000-000000000001,2026-07-29T14:40:13.858Z,2026-07-29T14:40:13.858Z,a0000000-0000-0000-0000-000000000001,2026-07-29T14:40:13.858Z,,
968cb0e7-62a3-4865-a7a1-d9f6eec950e1,c1bd6d72-7d25-4fa4-b438-0aae4ff9b389,218750.00,IDR,1,2025-12-31T17:00:00.000Z,,,,medium,active,a0000000-0000-0000-0000-000000000001,2026-07-29T14:40:13.900Z,2026-07-29T14:40:13.900Z,a0000000-0000-0000-0000-000000000001,2026-07-29T14:40:13.900Z,,
35344514-5ad9-4f35-988b-f4fdebcacfad,47a89b47-74c7-4bb8-905f-8247f1f1fa9c,350000.00,IDR,1,2025-12-31T17:00:00.000Z,,,,medium,active,a0000000-0000-0000-0000-000000000001,2026-07-29T14:40:13.948Z,2026-07-29T14:40:13.948Z,a0000000-0000-0000-0000-000000000001,2026-07-29T14:40:13.948Z,,
104573a2-4189-4fc3-9c74-5596c25e09a6,aa54f8d6-070c-4d2c-876e-9d133027cd0d,44500.00,IDR,1,2025-12-31T17:00:00.000Z,,,,medium,active,a0000000-0000-0000-0000-000000000001,2026-07-29T14:40:13.990Z,2026-07-29T14:40:13.990Z,a0000000-0000-0000-0000-000000000001,2026-07-29T14:40:13.990Z,,
64aa2672-1313-47a6-a7d8-4192b28d662c,c7fe06ec-793f-49f9-b61d-b8fb3fbbaf1c,390000.00,IDR,1,2025-12-31T17:00:00.000Z,,,,medium,active,a0000000-0000-0000-0000-000000000001,2026-07-29T14:40:14.032Z,2026-07-29T14:40:14.032Z,a0000000-0000-0000-0000-000000000001,2026-07-29T14:40:14.032Z,,
c920fe8c-14f4-4e40-8e2e-1add612d3691,ed7094f3-cacc-41da-8732-f66fd15d6827,200000.00,IDR,1,2025-12-31T17:00:00.000Z,,,,medium,active,a0000000-0000-0000-0000-000000000001,2026-07-29T14:40:14.074Z,2026-07-29T14:40:14.074Z,a0000000-0000-0000-0000-000000000001,2026-07-29T14:40:14.074Z,,
492d588d-3c21-428e-a46b-9b8cda910bd9,a9b991c5-8380-472c-860c-a17ede732184,67900.00,IDR,1,2025-12-31T17:00:00.000Z,,,,medium,active,a0000000-0000-0000-0000-000000000001,2026-07-29T14:40:14.116Z,2026-07-29T14:40:14.116Z,a0000000-0000-0000-0000-000000000001,2026-07-29T14:40:14.116Z,,
0f3a483f-7cd6-414f-9881-f39089a3e750,e7b582fd-a70f-4f8d-a446-c91d00349318,1322500.00,IDR,1,2025-12-31T17:00:00.000Z,,,,medium,active,a0000000-0000-0000-0000-000000000001,2026-07-29T14:40:14.158Z,2026-07-29T14:40:14.158Z,a0000000-0000-0000-0000-000000000001,2026-07-29T14:40:14.158Z,,
93df2b8c-5766-4c44-91ec-f5154255a345,056a4b98-3a0a-4bb2-8e66-7d7460aa1f77,75000.00,IDR,1,2025-12-31T17:00:00.000Z,,,,medium,active,a0000000-0000-0000-0000-000000000001,2026-07-29T14:40:14.201Z,2026-07-29T14:40:14.201Z,a0000000-0000-0000-0000-000000000001,2026-07-29T14:40:14.201Z,,
1904ab76-0298-4ebb-8416-21a0d95eaa7f,403868f2-b056-4eec-b7a8-820eaec58d09,67900.00,IDR,1,2025-12-31T17:00:00.000Z,,,,medium,active,a0000000-0000-0000-0000-000000000001,2026-07-29T14:40:14.242Z,2026-07-29T14:40:14.242Z,a0000000-0000-0000-0000-000000000001,2026-07-29T14:40:14.242Z,,
cdf2f706-cacc-4372-980d-4fd80d21f401,9f6a8a2c-1c1c-4c4a-a5be-78e0abdd68ce,370000.00,IDR,1,2025-12-31T17:00:00.000Z,,,,medium,active,a0000000-0000-0000-0000-000000000001,2026-07-29T14:40:14.284Z,2026-07-29T14:40:14.284Z,a0000000-0000-0000-0000-000000000001,2026-07-29T14:40:14.284Z,,
02e94387-7d6c-4c24-8e49-3d31d86592c7,8940ad35-db49-4a2f-be20-01bd625c2bb5,178000.00,IDR,1,2025-12-31T17:00:00.000Z,,,,medium,active,a0000000-0000-0000-0000-000000000001,2026-07-29T14:40:14.326Z,2026-07-29T14:40:14.326Z,a0000000-0000-0000-0000-000000000001,2026-07-29T14:40:14.326Z,,
31c192c1-d72c-42fc-8150-6afad1de2acb,c77743f7-e52c-4d1e-8fa8-6a3c26855774,144000.00,IDR,1,2025-12-31T17:00:00.000Z,,,,medium,active,a0000000-0000-0000-0000-000000000001,2026-07-29T14:40:14.368Z,2026-07-29T14:40:14.368Z,a0000000-0000-0000-0000-000000000001,2026-07-29T14:40:14.368Z,,
121723ff-9877-422a-8478-580e59a9084c,b536b246-b6a2-4f2b-a288-5c32f4e55cf3,185000.00,IDR,1,2025-12-31T17:00:00.000Z,,,,medium,active,a0000000-0000-0000-0000-000000000001,2026-07-29T14:40:14.411Z,2026-07-29T14:40:14.411Z,a0000000-0000-0000-0000-000000000001,2026-07-29T14:40:14.411Z,,
f9e12282-c8a1-4e7f-9d5f-c128c6e692fa,16815542-2354-4bba-a548-71fcc90a536a,19500.00,IDR,1,2025-12-31T17:00:00.000Z,,,,medium,active,a0000000-0000-0000-0000-000000000001,2026-07-29T14:40:14.453Z,2026-07-29T14:40:14.453Z,a0000000-0000-0000-0000-000000000001,2026-07-29T14:40:14.453Z,,
b4bdcb9f-e376-4ef8-9dd5-76a2101fc5f9,ceb0ea29-d729-4257-945f-6172c3a71a7e,205000.00,IDR,1,2025-12-31T17:00:00.000Z,,,,medium,active,a0000000-0000-0000-0000-000000000001,2026-07-29T14:40:14.495Z,2026-07-29T14:40:14.495Z,a0000000-0000-0000-0000-000000000001,2026-07-29T14:40:14.495Z,,
8d7512ed-f0a5-4f6d-9034-d4edeabbb1c8,a1b29bba-48f0-424b-9642-3dfd612e64ad,1.00,IDR,1,2025-12-31T17:00:00.000Z,,,,medium,active,a0000000-0000-0000-0000-000000000001,2026-07-29T14:40:14.537Z,2026-07-29T14:40:14.537Z,a0000000-0000-0000-0000-000000000001,2026-07-29T14:40:14.537Z,,
880e3133-6e7d-435f-b1fc-f19fbf5eb122,718a6ac5-1579-4bf0-8a8d-023df876b19e,2392000.00,IDR,1,2025-12-31T17:00:00.000Z,,,,medium,active,a0000000-0000-0000-0000-000000000001,2026-07-29T14:40:14.578Z,2026-07-29T14:40:14.578Z,a0000000-0000-0000-0000-000000000001,2026-07-29T14:40:14.578Z,,
18d37690-b618-45ec-96ab-cae15b6060de,5412f7ad-e60b-404b-9858-f08ac8f4ba98,920500.00,IDR,1,2025-12-31T17:00:00.000Z,,,,medium,active,a0000000-0000-0000-0000-000000000001,2026-07-29T14:40:14.619Z,2026-07-29T14:40:14.619Z,a0000000-0000-0000-0000-000000000001,2026-07-29T14:40:14.619Z,,
26a1f5fb-78a1-40ee-ba97-a17703140538,99b9beb1-4b05-4869-bb35-acea822ef99c,3115000.00,IDR,1,2025-12-31T17:00:00.000Z,,,,medium,active,a0000000-0000-0000-0000-000000000001,2026-07-29T14:40:14.661Z,2026-07-29T14:40:14.661Z,a0000000-0000-0000-0000-000000000001,2026-07-29T14:40:14.661Z,,
eace6083-0266-4c86-95b7-eeb832f2c8e7,22261726-abbc-492d-8839-03ac7baaf6db,8000.00,IDR,1,2025-12-31T17:00:00.000Z,,,,medium,active,a0000000-0000-0000-0000-000000000001,2026-07-29T14:40:14.703Z,2026-07-29T14:40:14.703Z,a0000000-0000-0000-0000-000000000001,2026-07-29T14:40:14.703Z,,
74249be3-8ce2-4d53-8e36-1fc40cf1f53b,c698b0cb-b2a4-4c98-b2ab-075596007ee0,222000.00,IDR,1,2025-12-31T17:00:00.000Z,,,,medium,active,a0000000-0000-0000-0000-000000000001,2026-07-29T14:40:14.745Z,2026-07-29T14:40:14.745Z,a0000000-0000-0000-0000-000000000001,2026-07-29T14:40:14.745Z,,
2a0b4023-8daf-452f-81bb-7ee1d2063290,3f91c0bc-a933-4705-aee8-6e377a21ee54,3500000.00,IDR,1,2025-12-31T17:00:00.000Z,,,,medium,active,a0000000-0000-0000-0000-000000000001,2026-07-29T14:40:14.787Z,2026-07-29T14:40:14.787Z,a0000000-0000-0000-0000-000000000001,2026-07-29T14:40:14.787Z,,
6f6b7fea-78ef-4abe-a2cf-2c92be564167,dde93c10-9489-4dd9-ab12-180a1056a979,1000000.00,IDR,1,2025-12-31T17:00:00.000Z,,,,medium,active,a0000000-0000-0000-0000-000000000001,2026-07-29T14:40:14.829Z,2026-07-29T14:40:14.829Z,a0000000-0000-0000-0000-000000000001,2026-07-29T14:40:14.829Z,,
2bd4203e-463a-4481-b195-409325af4571,4112a0be-b160-4bff-906e-b0a2a388118e,200000.00,IDR,1,2025-12-31T17:00:00.000Z,,,,medium,active,a0000000-0000-0000-0000-000000000001,2026-07-29T14:40:14.871Z,2026-07-29T14:40:14.871Z,a0000000-0000-0000-0000-000000000001,2026-07-29T14:40:14.871Z,,
ab2b58c3-218e-4d70-b2c0-d5e29bb5a6e3,b16ef1e5-ff57-47c5-8790-eb8aa43fcb36,5000.00,IDR,1,2025-12-31T17:00:00.000Z,,,,medium,active,a0000000-0000-0000-0000-000000000001,2026-07-29T14:40:14.914Z,2026-07-29T14:40:14.914Z,a0000000-0000-0000-0000-000000000001,2026-07-29T14:40:14.914Z,,
c2cf960b-b07e-48ee-8395-967c4e0db963,d918b99d-6804-44b8-94df-e9d1b1a9f5b9,255400.00,IDR,1,2025-12-31T17:00:00.000Z,,,,medium,active,a0000000-0000-0000-0000-000000000001,2026-07-29T14:40:14.956Z,2026-07-29T14:40:14.956Z,a0000000-0000-0000-0000-000000000001,2026-07-29T14:40:14.956Z,,
1aa0f679-e199-41c5-9a19-ddc1c707a2d6,b8751f55-9e6e-41e1-814e-6effa1e18b45,5000.00,IDR,1,2025-12-31T17:00:00.000Z,,,,medium,active,a0000000-0000-0000-0000-000000000001,2026-07-29T14:40:14.999Z,2026-07-29T14:40:14.999Z,a0000000-0000-0000-0000-000000000001,2026-07-29T14:40:14.999Z,,
628fb44e-e79f-49b9-bf35-91a54b61ef71,eb88bc72-3fdc-44b6-83e2-7bb05dfc13bf,125000.00,IDR,1,2025-12-31T17:00:00.000Z,,,,medium,active,a0000000-0000-0000-0000-000000000001,2026-07-29T14:40:15.041Z,2026-07-29T14:40:15.041Z,a0000000-0000-0000-0000-000000000001,2026-07-29T14:40:15.041Z,,
e8b6a96f-5f91-42fb-a169-fd545abfdfcf,632503c6-76d4-4581-99c0-a2f314cae05f,64000.00,IDR,1,2025-12-31T17:00:00.000Z,,,,medium,active,a0000000-0000-0000-0000-000000000001,2026-07-29T14:40:15.084Z,2026-07-29T14:40:15.084Z,a0000000-0000-0000-0000-000000000001,2026-07-29T14:40:15.084Z,,
455b46e6-4bb9-44b2-96d5-19b9a3d9bf70,44edbb99-ff25-4281-9ade-8e70956d541f,1.00,IDR,1,2025-12-31T17:00:00.000Z,,,,medium,active,a0000000-0000-0000-0000-000000000001,2026-07-29T14:40:15.126Z,2026-07-29T14:40:15.126Z,a0000000-0000-0000-0000-000000000001,2026-07-29T14:40:15.126Z,,
f612a9e2-ecaf-4099-bb50-e54a275ed2f5,64bd86f4-a935-4eae-9fc8-4f71e7cd0f35,200000.00,IDR,1,2025-12-31T17:00:00.000Z,,,,medium,active,a0000000-0000-0000-0000-000000000001,2026-07-29T14:40:15.168Z,2026-07-29T14:40:15.168Z,a0000000-0000-0000-0000-000000000001,2026-07-29T14:40:15.168Z,,
92062d89-941b-46c7-9eff-a38656c25316,5b8d217b-f03e-4c93-ad0d-a9777eb92a29,280000.00,IDR,1,2025-12-31T17:00:00.000Z,,,,medium,active,a0000000-0000-0000-0000-000000000001,2026-07-29T14:40:15.212Z,2026-07-29T14:40:15.212Z,a0000000-0000-0000-0000-000000000001,2026-07-29T14:40:15.212Z,,
152b8976-da6a-4abe-abc4-4cc81c961864,977ae242-39a8-4cf7-807c-583e5f0e6221,51500.00,IDR,1,2025-12-31T17:00:00.000Z,,,,medium,active,a0000000-0000-0000-0000-000000000001,2026-07-29T14:40:15.253Z,2026-07-29T14:40:15.253Z,a0000000-0000-0000-0000-000000000001,2026-07-29T14:40:15.253Z,,
9daffbcf-1db6-4a87-9bc1-d3cc54fc6dc7,729721f9-2e8d-461e-ba30-14aaf429f899,350000.00,IDR,1,2025-12-31T17:00:00.000Z,,,,medium,active,a0000000-0000-0000-0000-000000000001,2026-07-29T14:40:15.295Z,2026-07-29T14:40:15.295Z,a0000000-0000-0000-0000-000000000001,2026-07-29T14:40:15.295Z,,
2ac9bf88-75a1-4d8f-93e9-f660ef6fa658,5a378d76-afb7-450c-ada6-e05bb3a085b2,21000.00,IDR,1,2025-12-31T17:00:00.000Z,,,,medium,active,a0000000-0000-0000-0000-000000000001,2026-07-29T14:40:15.338Z,2026-07-29T14:40:15.338Z,a0000000-0000-0000-0000-000000000001,2026-07-29T14:40:15.338Z,,
e9b3f534-e4c3-4043-a69f-8b5dd618b90b,31fd4b36-a76f-466c-8203-f54e7e8814f6,1.00,IDR,1,2025-12-31T17:00:00.000Z,,,,medium,active,a0000000-0000-0000-0000-000000000001,2026-07-29T14:40:15.380Z,2026-07-29T14:40:15.380Z,a0000000-0000-0000-0000-000000000001,2026-07-29T14:40:15.380Z,,
5d079902-94d7-4b29-8700-3c47c2078ec7,7cf284dd-2c0f-4b8d-9e96-22835b14da8b,5000.00,IDR,1,2025-12-31T17:00:00.000Z,,,,medium,active,a0000000-0000-0000-0000-000000000001,2026-07-29T14:40:15.422Z,2026-07-29T14:40:15.422Z,a0000000-0000-0000-0000-000000000001,2026-07-29T14:40:15.422Z,,
838e374a-7e16-4345-bd81-851cf25c166d,b37a3532-43cb-4c44-8509-2bb416b1e1dc,103000.00,IDR,1,2025-12-31T17:00:00.000Z,,,,medium,active,a0000000-0000-0000-0000-000000000001,2026-07-29T14:40:15.464Z,2026-07-29T14:40:15.464Z,a0000000-0000-0000-0000-000000000001,2026-07-29T14:40:15.464Z,,
f56ef42b-4355-4449-96bd-7cace92fd6ab,c665c858-fa23-4b4a-b62c-98ea4ac7bf84,2700000.00,IDR,1,2025-12-31T17:00:00.000Z,,,,medium,active,a0000000-0000-0000-0000-000000000001,2026-07-29T14:40:15.506Z,2026-07-29T14:40:15.506Z,a0000000-0000-0000-0000-000000000001,2026-07-29T14:40:15.506Z,,
7cf647bb-c0c7-4a0f-8e5c-1cd2d0cb0c45,45a71b26-502d-4197-adf6-917154180fa8,1.00,IDR,1,2025-12-31T17:00:00.000Z,,,,medium,active,a0000000-0000-0000-0000-000000000001,2026-07-29T14:40:15.548Z,2026-07-29T14:40:15.548Z,a0000000-0000-0000-0000-000000000001,2026-07-29T14:40:15.548Z,,
3f08433f-e20a-4c65-9831-ff9cc84ac0a0,4ce24c8b-9864-4b00-83d5-a4229e33adb3,67900.00,IDR,1,2025-12-31T17:00:00.000Z,,,,medium,active,a0000000-0000-0000-0000-000000000001,2026-07-29T14:40:15.590Z,2026-07-29T14:40:15.590Z,a0000000-0000-0000-0000-000000000001,2026-07-29T14:40:15.590Z,,
982f01ea-16d1-4108-b941-607c0556834c,f3342c36-e7f8-4b65-8713-36676c79ec61,150000.00,IDR,1,2025-12-31T17:00:00.000Z,,,,medium,active,a0000000-0000-0000-0000-000000000001,2026-07-29T14:40:15.632Z,2026-07-29T14:40:15.632Z,a0000000-0000-0000-0000-000000000001,2026-07-29T14:40:15.632Z,,
c7f56f29-4b62-4a1d-ab59-bdab96fa0324,7d300870-cd32-4666-babf-d8cb038c97ae,14000.00,IDR,1,2025-12-31T17:00:00.000Z,,,,medium,active,a0000000-0000-0000-0000-000000000001,2026-07-29T14:40:15.674Z,2026-07-29T14:40:15.674Z,a0000000-0000-0000-0000-000000000001,2026-07-29T14:40:15.674Z,,
6655f268-b141-4a23-9d09-b8e383138458,b86081b5-476f-4647-b5b3-379c30e6f6e0,200.00,IDR,1,2025-12-31T17:00:00.000Z,,,,medium,active,a0000000-0000-0000-0000-000000000001,2026-07-29T14:40:15.717Z,2026-07-29T14:40:15.717Z,a0000000-0000-0000-0000-000000000001,2026-07-29T14:40:15.717Z,,
0266b84c-ca22-44e2-867a-ccb66bf7539d,1f9cce7b-08ff-4c2c-a31a-ba9fb85e1a45,190000.00,IDR,1,2025-12-31T17:00:00.000Z,,,,medium,active,a0000000-0000-0000-0000-000000000001,2026-07-29T14:40:15.759Z,2026-07-29T14:40:15.759Z,a0000000-0000-0000-0000-000000000001,2026-07-29T14:40:15.759Z,,
cb35fd1e-6edf-4324-bc56-e98f69a8c6c8,b319b4f2-e72c-4c04-9a90-94793b84e0eb,20000000.00,IDR,1,2025-12-31T17:00:00.000Z,,,,medium,active,a0000000-0000-0000-0000-000000000001,2026-07-29T14:40:15.801Z,2026-07-29T14:40:15.801Z,a0000000-0000-0000-0000-000000000001,2026-07-29T14:40:15.801Z,,
51f2239f-2e1d-49ea-a253-909759338985,25b1d2ea-ee5e-4f21-b664-2f6c74ed3cb3,215460.00,IDR,1,2025-12-31T17:00:00.000Z,,,,medium,active,a0000000-0000-0000-0000-000000000001,2026-07-29T14:40:15.843Z,2026-07-29T14:40:15.843Z,a0000000-0000-0000-0000-000000000001,2026-07-29T14:40:15.843Z,,
6f13530a-afbf-452a-96c4-eacf1231eec2,dee6dfde-fd6d-4361-b580-3ce7eb4b18d6,540000.00,IDR,1,2025-12-31T17:00:00.000Z,,,,medium,active,a0000000-0000-0000-0000-000000000001,2026-07-29T14:40:15.885Z,2026-07-29T14:40:15.885Z,a0000000-0000-0000-0000-000000000001,2026-07-29T14:40:15.885Z,,
daba9046-c365-469a-9e9d-5126002fce4f,abcbb5bc-6516-4ecf-9cc4-bc4be5d72775,10300.00,IDR,1,2025-12-31T17:00:00.000Z,,,,medium,active,a0000000-0000-0000-0000-000000000001,2026-07-29T14:40:15.927Z,2026-07-29T14:40:15.927Z,a0000000-0000-0000-0000-000000000001,2026-07-29T14:40:15.927Z,,
9308a100-238e-427d-a5f6-a8b86135ded0,cf4edd66-3ec8-40c6-ba29-ed3f581429e9,1516300.00,IDR,1,2025-12-31T17:00:00.000Z,,,,medium,active,a0000000-0000-0000-0000-000000000001,2026-07-29T14:40:15.969Z,2026-07-29T14:40:15.969Z,a0000000-0000-0000-0000-000000000001,2026-07-29T14:40:15.969Z,,
279c4c42-45ad-4aad-ac92-d1428516dae9,cf041a47-570a-4e31-a842-b65003cd25e2,1000000.00,IDR,1,2025-12-31T17:00:00.000Z,,,,medium,active,a0000000-0000-0000-0000-000000000001,2026-07-29T14:40:16.012Z,2026-07-29T14:40:16.012Z,a0000000-0000-0000-0000-000000000001,2026-07-29T14:40:16.012Z,,
cb5c36e1-7472-4635-bc45-1e87cef909c6,0f0cc9b8-a714-488b-8f08-3a2f95302fc5,155000.00,IDR,1,2025-12-31T17:00:00.000Z,,,,medium,active,a0000000-0000-0000-0000-000000000001,2026-07-29T14:40:16.056Z,2026-07-29T14:40:16.056Z,a0000000-0000-0000-0000-000000000001,2026-07-29T14:40:16.056Z,,
965a5faa-78ef-472d-8cac-8c50f72a6901,6c74b372-fa0b-4743-b00e-3578c1b92bdd,35200.00,IDR,1,2025-12-31T17:00:00.000Z,,,,medium,active,a0000000-0000-0000-0000-000000000001,2026-07-29T14:40:16.097Z,2026-07-29T14:40:16.097Z,a0000000-0000-0000-0000-000000000001,2026-07-29T14:40:16.097Z,,
8e5595f5-ac48-4362-b9a0-b1bc31cca95c,0b56cc20-4311-4417-b688-782d8d331162,260000.00,IDR,1,2025-12-31T17:00:00.000Z,,,,medium,active,a0000000-0000-0000-0000-000000000001,2026-07-29T14:40:16.139Z,2026-07-29T14:40:16.139Z,a0000000-0000-0000-0000-000000000001,2026-07-29T14:40:16.139Z,,
155aa60e-79a7-458b-aee0-654d4b6789d8,2b0ab517-afa7-438f-9e4b-5a60deaf113a,22700.00,IDR,1,2025-12-31T17:00:00.000Z,,,,medium,active,a0000000-0000-0000-0000-000000000001,2026-07-29T14:40:16.181Z,2026-07-29T14:40:16.181Z,a0000000-0000-0000-0000-000000000001,2026-07-29T14:40:16.181Z,,
855efffb-fb9c-4256-8ece-a12875f56bf5,ba46d455-0cac-4224-915a-5b89760628b7,81100.00,IDR,1,2025-12-31T17:00:00.000Z,,,,medium,active,a0000000-0000-0000-0000-000000000001,2026-07-29T14:40:16.223Z,2026-07-29T14:40:16.223Z,a0000000-0000-0000-0000-000000000001,2026-07-29T14:40:16.223Z,,
769121bb-be9f-424d-821b-a5e1f3226138,6cf115da-1cb7-4719-942f-45f6fdf613e9,150000.00,IDR,1,2025-12-31T17:00:00.000Z,,,,medium,active,a0000000-0000-0000-0000-000000000001,2026-07-29T14:40:16.265Z,2026-07-29T14:40:16.265Z,a0000000-0000-0000-0000-000000000001,2026-07-29T14:40:16.265Z,,
61d7b5a9-f0d7-4e5b-924c-8b583151a3b6,c1b2f2c8-1ecf-4a20-a075-1e13fa7ac55e,500.00,IDR,1,2025-12-31T17:00:00.000Z,,,,medium,active,a0000000-0000-0000-0000-000000000001,2026-07-29T14:40:16.308Z,2026-07-29T14:40:16.308Z,a0000000-0000-0000-0000-000000000001,2026-07-29T14:40:16.308Z,,
9bae9787-2daf-410c-8232-10676c975229,e274a064-5f29-47cf-920a-3b5f5ff56125,67900.00,IDR,1,2025-12-31T17:00:00.000Z,,,,medium,active,a0000000-0000-0000-0000-000000000001,2026-07-29T14:40:16.350Z,2026-07-29T14:40:16.350Z,a0000000-0000-0000-0000-000000000001,2026-07-29T14:40:16.350Z,,
742d7e4a-2153-4a3d-ad30-12cb2305f981,66edae79-132c-47e2-a50d-ccdf8407d390,145000.00,IDR,1,2025-12-31T17:00:00.000Z,,,,medium,active,a0000000-0000-0000-0000-000000000001,2026-07-29T14:40:16.392Z,2026-07-29T14:40:16.392Z,a0000000-0000-0000-0000-000000000001,2026-07-29T14:40:16.392Z,,
f7c9aeee-92d9-4035-837d-270781fa5c0f,dfa49dac-48cf-4af4-8834-7bde48937edc,1100000.00,IDR,1,2025-12-31T17:00:00.000Z,,,,medium,active,a0000000-0000-0000-0000-000000000001,2026-07-29T14:40:16.434Z,2026-07-29T14:40:16.434Z,a0000000-0000-0000-0000-000000000001,2026-07-29T14:40:16.434Z,,
70ca3641-5de1-4f38-8cf3-52f888b23e68,9cc15a4e-a385-4c01-a3e4-746b9442786a,255000.00,IDR,1,2025-12-31T17:00:00.000Z,,,,medium,active,a0000000-0000-0000-0000-000000000001,2026-07-29T14:40:16.476Z,2026-07-29T14:40:16.476Z,a0000000-0000-0000-0000-000000000001,2026-07-29T14:40:16.476Z,,
e4771d72-8d95-4fae-a6e8-36f769e40522,f7316ebc-f9de-4ada-9a49-eae1c08e0f63,67900.00,IDR,1,2025-12-31T17:00:00.000Z,,,,medium,active,a0000000-0000-0000-0000-000000000001,2026-07-29T14:40:16.518Z,2026-07-29T14:40:16.518Z,a0000000-0000-0000-0000-000000000001,2026-07-29T14:40:16.518Z,,
050f3848-3b6f-494d-b7c4-e71d6c3388ee,a0da3cc1-217c-4249-9668-a34088ebdb4a,590000.00,IDR,1,2025-12-31T17:00:00.000Z,,,,medium,active,a0000000-0000-0000-0000-000000000001,2026-07-29T14:40:16.560Z,2026-07-29T14:40:16.560Z,a0000000-0000-0000-0000-000000000001,2026-07-29T14:40:16.560Z,,
37b9a551-996f-4bd8-8a06-fd76dbd05e78,7c6047cb-0bc6-4ff1-9fd6-b19d2601aee3,969500.00,IDR,1,2025-12-31T17:00:00.000Z,,,,medium,active,a0000000-0000-0000-0000-000000000001,2026-07-29T14:40:16.603Z,2026-07-29T14:40:16.603Z,a0000000-0000-0000-0000-000000000001,2026-07-29T14:40:16.603Z,,
f034c93a-3195-4130-8fc6-8f24e9236ba0,08f727a0-ea79-40a1-9ff9-ffb236ae51ff,275000.00,IDR,1,2025-12-31T17:00:00.000Z,,,,medium,active,a0000000-0000-0000-0000-000000000001,2026-07-29T14:40:16.645Z,2026-07-29T14:40:16.645Z,a0000000-0000-0000-0000-000000000001,2026-07-29T14:40:16.645Z,,
ef4a4e0c-802b-4407-bde0-d700b80331f6,a158890a-1160-4e41-b10e-4c5fcd967afe,140000.00,IDR,1,2025-12-31T17:00:00.000Z,,,,medium,active,a0000000-0000-0000-0000-000000000001,2026-07-29T14:40:16.686Z,2026-07-29T14:40:16.686Z,a0000000-0000-0000-0000-000000000001,2026-07-29T14:40:16.686Z,,
757ab560-1f90-4eee-99f2-842b9774f8e1,ae776f3b-546f-4c0c-a58e-a68ad8bf6b22,10000.00,IDR,1,2025-12-31T17:00:00.000Z,,,,medium,active,a0000000-0000-0000-0000-000000000001,2026-07-29T14:40:16.729Z,2026-07-29T14:40:16.729Z,a0000000-0000-0000-0000-000000000001,2026-07-29T14:40:16.729Z,,
295ce80c-77a5-4900-923f-35a4ff4fa02d,fa2106db-2d5d-4b53-a3b0-3377e53e1e98,56000.00,IDR,1,2025-12-31T17:00:00.000Z,,,,medium,active,a0000000-0000-0000-0000-000000000001,2026-07-29T14:40:16.770Z,2026-07-29T14:40:16.770Z,a0000000-0000-0000-0000-000000000001,2026-07-29T14:40:16.770Z,,
cf35bb40-954b-423e-b5e4-b7ff0355360b,05edaea9-4b5c-4ffe-a8c2-08f0edbd3009,145000.00,IDR,1,2025-12-31T17:00:00.000Z,,,,medium,active,a0000000-0000-0000-0000-000000000001,2026-07-29T14:40:16.813Z,2026-07-29T14:40:16.813Z,a0000000-0000-0000-0000-000000000001,2026-07-29T14:40:16.813Z,,
83d043e2-a677-49f8-a085-a31a4f26cac4,90172392-3506-4143-acc3-aa2f7d8e8620,6000.00,IDR,1,2025-12-31T17:00:00.000Z,,,,medium,active,a0000000-0000-0000-0000-000000000001,2026-07-29T14:40:16.856Z,2026-07-29T14:40:16.856Z,a0000000-0000-0000-0000-000000000001,2026-07-29T14:40:16.856Z,,
0e426b7c-f72a-4c43-b5eb-82ea47bd4d2b,aba91747-614d-4b51-a49b-e5dadd2a5274,805000.00,IDR,1,2025-12-31T17:00:00.000Z,,,,medium,active,a0000000-0000-0000-0000-000000000001,2026-07-29T14:40:16.898Z,2026-07-29T14:40:16.898Z,a0000000-0000-0000-0000-000000000001,2026-07-29T14:40:16.898Z,,
a0cfe56b-5eaf-4099-b095-07cb40624cde,7136ba8b-0e5c-41a1-be22-380dc2cb0097,150000.00,IDR,1,2025-12-31T17:00:00.000Z,,,,medium,active,a0000000-0000-0000-0000-000000000001,2026-07-29T14:40:16.940Z,2026-07-29T14:40:16.940Z,a0000000-0000-0000-0000-000000000001,2026-07-29T14:40:16.940Z,,
abbd5cf2-efbd-4bc3-9813-3f65fd2e4f6a,e183fbb0-02a1-472d-ad8a-a600ab29204d,48500.00,IDR,1,2025-12-31T17:00:00.000Z,,,,medium,active,a0000000-0000-0000-0000-000000000001,2026-07-29T14:40:16.982Z,2026-07-29T14:40:16.982Z,a0000000-0000-0000-0000-000000000001,2026-07-29T14:40:16.982Z,,
b1c7d825-f19b-4dec-ad9d-6a891ab9611a,2f6373c4-0fe2-4393-a668-37b8c6ba100c,350000.00,IDR,1,2025-12-31T17:00:00.000Z,,,,medium,active,a0000000-0000-0000-0000-000000000001,2026-07-29T14:40:17.024Z,2026-07-29T14:40:17.024Z,a0000000-0000-0000-0000-000000000001,2026-07-29T14:40:17.024Z,,
81e6992c-98ac-4933-8a89-e21dd352e711,6627b352-c650-47fd-8cf4-4a434ef4a193,830000.00,IDR,1,2025-12-31T17:00:00.000Z,,,,medium,active,a0000000-0000-0000-0000-000000000001,2026-07-29T14:40:17.066Z,2026-07-29T14:40:17.066Z,a0000000-0000-0000-0000-000000000001,2026-07-29T14:40:17.066Z,,
860e1e6f-af03-4029-b180-00430170b143,187062da-363d-477a-968d-f08d464a774e,375000.00,IDR,1,2025-12-31T17:00:00.000Z,,,,medium,active,a0000000-0000-0000-0000-000000000001,2026-07-29T14:40:17.108Z,2026-07-29T14:40:17.108Z,a0000000-0000-0000-0000-000000000001,2026-07-29T14:40:17.108Z,,
6d04658b-eb4e-42f7-bec4-8320e65a0731,4e628ed7-6396-4b85-9a63-36a59cbba84e,96000.00,IDR,1,2025-12-31T17:00:00.000Z,,,,medium,active,a0000000-0000-0000-0000-000000000001,2026-07-29T14:40:17.150Z,2026-07-29T14:40:17.150Z,a0000000-0000-0000-0000-000000000001,2026-07-29T14:40:17.150Z,,
7e6111f7-a8d5-43fd-b9ed-39a733a92798,1bb5756a-3b5c-4fb4-af8a-29e78bb9482e,185000.00,IDR,1,2025-12-31T17:00:00.000Z,,,,medium,active,a0000000-0000-0000-0000-000000000001,2026-07-29T14:40:17.192Z,2026-07-29T14:40:17.192Z,a0000000-0000-0000-0000-000000000001,2026-07-29T14:40:17.192Z,,
0e059b5f-0207-45ce-8462-7103c65bc8b6,83f70cb7-b2b5-48e1-a4f9-e1c9403cd9c2,135000.00,IDR,1,2025-12-31T17:00:00.000Z,,,,medium,active,a0000000-0000-0000-0000-000000000001,2026-07-29T14:40:17.234Z,2026-07-29T14:40:17.234Z,a0000000-0000-0000-0000-000000000001,2026-07-29T14:40:17.234Z,,
f5f0c289-3678-4004-a9c5-6375d39e58df,f236cfc5-978d-42a0-9de2-bdd35a8f5c4d,375000.00,IDR,1,2025-12-31T17:00:00.000Z,,,,medium,active,a0000000-0000-0000-0000-000000000001,2026-07-29T14:40:17.276Z,2026-07-29T14:40:17.276Z,a0000000-0000-0000-0000-000000000001,2026-07-29T14:40:17.276Z,,
26331f0b-bbd6-4d3e-b4e6-077222b9037c,46a6a886-6a11-4fc8-97c3-74b16d425c83,10214200.00,IDR,1,2025-12-31T17:00:00.000Z,,,,medium,active,a0000000-0000-0000-0000-000000000001,2026-07-29T14:40:17.318Z,2026-07-29T14:40:17.318Z,a0000000-0000-0000-0000-000000000001,2026-07-29T14:40:17.318Z,,
c7af66c8-6026-4c5e-8dd9-37ce0d684e7a,e7bb2f0a-e934-4991-9147-cd49e4ee2cff,4500.00,IDR,1,2025-12-31T17:00:00.000Z,,,,medium,active,a0000000-0000-0000-0000-000000000001,2026-07-29T14:40:17.360Z,2026-07-29T14:40:17.360Z,a0000000-0000-0000-0000-000000000001,2026-07-29T14:40:17.360Z,,
fd8ff02d-1ad8-4309-a1b2-dd2d218be63d,6e8c7e6e-3c4c-40f2-9fc9-13323b54700d,1004400.00,IDR,1,2025-12-31T17:00:00.000Z,,,,medium,active,a0000000-0000-0000-0000-000000000001,2026-07-29T14:40:17.402Z,2026-07-29T14:40:17.402Z,a0000000-0000-0000-0000-000000000001,2026-07-29T14:40:17.402Z,,
971a1a03-4954-4321-ad04-3a0d2d923090,ca0265e5-8230-4a31-a7e0-892a63f5b49e,710000.00,IDR,1,2025-12-31T17:00:00.000Z,,,,medium,active,a0000000-0000-0000-0000-000000000001,2026-07-29T14:40:17.444Z,2026-07-29T14:40:17.444Z,a0000000-0000-0000-0000-000000000001,2026-07-29T14:40:17.444Z,,
cb45ba1d-ae2c-431d-930c-30fd00c45481,7c470b53-b205-465b-a63c-4662e17ecc4e,415000.00,IDR,1,2025-12-31T17:00:00.000Z,,,,medium,active,a0000000-0000-0000-0000-000000000001,2026-07-29T14:40:17.486Z,2026-07-29T14:40:17.486Z,a0000000-0000-0000-0000-000000000001,2026-07-29T14:40:17.486Z,,
b0d2fb71-0521-43f6-ab08-9b240da500cd,4f33cde7-4d9d-4bc9-93f5-f4eff06bc4f6,50000.00,IDR,1,2025-12-31T17:00:00.000Z,,,,medium,active,a0000000-0000-0000-0000-000000000001,2026-07-29T14:40:17.527Z,2026-07-29T14:40:17.527Z,a0000000-0000-0000-0000-000000000001,2026-07-29T14:40:17.527Z,,
80ff401b-62ba-47ef-9f81-3d0f6fc64b74,33173343-8416-4769-9bdf-a14cff49f8c4,961200.00,IDR,1,2025-12-31T17:00:00.000Z,,,,medium,active,a0000000-0000-0000-0000-000000000001,2026-07-29T14:40:17.569Z,2026-07-29T14:40:17.569Z,a0000000-0000-0000-0000-000000000001,2026-07-29T14:40:17.569Z,,
b0a99ee4-7fe1-4775-9a1c-c11fcb5a2f9e,8fa12023-cfdf-47ba-a373-66e6773206eb,1001900.00,IDR,1,2025-12-31T17:00:00.000Z,,,,medium,active,a0000000-0000-0000-0000-000000000001,2026-07-29T14:40:17.611Z,2026-07-29T14:40:17.611Z,a0000000-0000-0000-0000-000000000001,2026-07-29T14:40:17.611Z,,
a8bc41a5-8caa-4837-9a8a-1a6efd4cfbce,964568ae-d99d-442c-8ce1-ca44d1409182,1.00,IDR,1,2025-12-31T17:00:00.000Z,,,,medium,active,a0000000-0000-0000-0000-000000000001,2026-07-29T14:40:17.653Z,2026-07-29T14:40:17.653Z,a0000000-0000-0000-0000-000000000001,2026-07-29T14:40:17.653Z,,
ee79c6e2-57bf-4de9-86ef-873b82dfc521,33a87663-2ecd-4a3e-bb3d-bedb5956ba7b,34300.00,IDR,1,2025-12-31T17:00:00.000Z,,,,medium,active,a0000000-0000-0000-0000-000000000001,2026-07-29T14:40:17.696Z,2026-07-29T14:40:17.696Z,a0000000-0000-0000-0000-000000000001,2026-07-29T14:40:17.696Z,,
6e62b38e-1e4d-4115-89c6-45a85a64c762,07fb0df5-7595-4abe-90ea-f7181d7b53a4,1.00,IDR,1,2025-12-31T17:00:00.000Z,,,,medium,active,a0000000-0000-0000-0000-000000000001,2026-07-29T14:40:17.738Z,2026-07-29T14:40:17.738Z,a0000000-0000-0000-0000-000000000001,2026-07-29T14:40:17.738Z,,
b7a0c1e8-bfe4-4635-9ee5-e5ace0300b1b,58a24a4a-03bc-4334-93b3-fa8a7801a42c,351600.00,IDR,1,2025-12-31T17:00:00.000Z,,,,medium,active,a0000000-0000-0000-0000-000000000001,2026-07-29T14:40:17.780Z,2026-07-29T14:40:17.780Z,a0000000-0000-0000-0000-000000000001,2026-07-29T14:40:17.780Z,,
cacad794-df5e-4234-b74a-524d130e0c45,0dc85bb1-80e0-4502-9d73-522b3ff5e329,375000.00,IDR,1,2025-12-31T17:00:00.000Z,,,,medium,active,a0000000-0000-0000-0000-000000000001,2026-07-29T14:40:17.823Z,2026-07-29T14:40:17.823Z,a0000000-0000-0000-0000-000000000001,2026-07-29T14:40:17.823Z,,
5cd8cd7a-58b0-4b76-b047-3c708ddd406d,58d19a60-e425-4fcc-9b31-15bbd3a71301,189000.00,IDR,1,2025-12-31T17:00:00.000Z,,,,medium,active,a0000000-0000-0000-0000-000000000001,2026-07-29T14:40:17.865Z,2026-07-29T14:40:17.865Z,a0000000-0000-0000-0000-000000000001,2026-07-29T14:40:17.865Z,,
c532b793-ed67-4a8c-9aab-e4c3e616aaaf,efbe9d23-2d88-4cde-887a-ffc06afd760e,620000.00,IDR,1,2025-12-31T17:00:00.000Z,,,,medium,active,a0000000-0000-0000-0000-000000000001,2026-07-29T14:40:17.907Z,2026-07-29T14:40:17.907Z,a0000000-0000-0000-0000-000000000001,2026-07-29T14:40:17.907Z,,
1cf4607a-9cce-4ca0-b496-eaa6980553e8,83ac0605-df5c-41a6-90ef-7cd8cc61a932,2121400.00,IDR,1,2025-12-31T17:00:00.000Z,,,,medium,active,a0000000-0000-0000-0000-000000000001,2026-07-29T14:40:17.949Z,2026-07-29T14:40:17.949Z,a0000000-0000-0000-0000-000000000001,2026-07-29T14:40:17.949Z,,
02573edb-646b-481b-98f2-5c26c7fcb801,e99ea32d-2680-410b-a0e0-0284d4499f89,100000.00,IDR,1,2025-12-31T17:00:00.000Z,,,,medium,active,a0000000-0000-0000-0000-000000000001,2026-07-29T14:40:17.991Z,2026-07-29T14:40:17.991Z,a0000000-0000-0000-0000-000000000001,2026-07-29T14:40:17.991Z,,
79816f3a-00c8-44b5-8a38-744795172c1a,0aca2236-4082-4375-8786-abe944d2f6ce,1.00,IDR,1,2025-12-31T17:00:00.000Z,,,,medium,active,a0000000-0000-0000-0000-000000000001,2026-07-29T14:40:18.033Z,2026-07-29T14:40:18.033Z,a0000000-0000-0000-0000-000000000001,2026-07-29T14:40:18.033Z,,
964b4622-7494-428b-bca1-639cffbf2670,39469a1f-6de5-4a2a-94d5-6b17da940f80,15800.00,IDR,1,2025-12-31T17:00:00.000Z,,,,medium,active,a0000000-0000-0000-0000-000000000001,2026-07-29T14:40:18.075Z,2026-07-29T14:40:18.075Z,a0000000-0000-0000-0000-000000000001,2026-07-29T14:40:18.075Z,,
4a79d64c-dc37-4236-84cf-9773527cb517,f6e8f7d6-9963-4760-9a2c-033d3f9488f2,10000.00,IDR,1,2025-12-31T17:00:00.000Z,,,,medium,active,a0000000-0000-0000-0000-000000000001,2026-07-29T14:40:18.117Z,2026-07-29T14:40:18.117Z,a0000000-0000-0000-0000-000000000001,2026-07-29T14:40:18.117Z,,
9131712a-15ba-4726-842e-18097923822c,602dd698-f094-4d39-af51-3b9daedc94fc,1500.00,IDR,1,2025-12-31T17:00:00.000Z,,,,medium,active,a0000000-0000-0000-0000-000000000001,2026-07-29T14:40:18.159Z,2026-07-29T14:40:18.159Z,a0000000-0000-0000-0000-000000000001,2026-07-29T14:40:18.159Z,,
38fb49ec-4900-407a-b91a-22765ca75b0b,97460abb-cb62-4aea-83f5-9b0bdf42dc22,303600.00,IDR,1,2025-12-31T17:00:00.000Z,,,,medium,active,a0000000-0000-0000-0000-000000000001,2026-07-29T14:40:18.201Z,2026-07-29T14:40:18.201Z,a0000000-0000-0000-0000-000000000001,2026-07-29T14:40:18.201Z,,
74f6d1bf-91c4-4658-8216-b296bf6dc15b,08060c6d-6b6c-418d-bfd0-e96bcf33f475,7500.00,IDR,1,2025-12-31T17:00:00.000Z,,,,medium,active,a0000000-0000-0000-0000-000000000001,2026-07-29T14:40:18.243Z,2026-07-29T14:40:18.243Z,a0000000-0000-0000-0000-000000000001,2026-07-29T14:40:18.243Z,,
de672413-7fa0-4ab0-a51d-bc66be56f49f,2a806c1d-e85f-461d-9779-58e5550911c3,4550.00,IDR,1,2025-12-31T17:00:00.000Z,,,,medium,active,a0000000-0000-0000-0000-000000000001,2026-07-29T14:40:18.285Z,2026-07-29T14:40:18.285Z,a0000000-0000-0000-0000-000000000001,2026-07-29T14:40:18.285Z,,
f834424c-dc97-4e6d-a034-97d0b2c0f2a5,c4e04d61-2419-4956-9750-2c4698786e07,350000.00,IDR,1,2025-12-31T17:00:00.000Z,,,,medium,active,a0000000-0000-0000-0000-000000000001,2026-07-29T14:40:18.327Z,2026-07-29T14:40:18.327Z,a0000000-0000-0000-0000-000000000001,2026-07-29T14:40:18.327Z,,
e5ffb38a-cc32-46e5-82e7-7ca923252c8c,511039b9-9899-4e93-8f22-49e070bee8fe,175000.00,IDR,1,2025-12-31T17:00:00.000Z,,,,medium,active,a0000000-0000-0000-0000-000000000001,2026-07-29T14:40:18.369Z,2026-07-29T14:40:18.369Z,a0000000-0000-0000-0000-000000000001,2026-07-29T14:40:18.369Z,,
5af0ebf0-e349-4463-84b9-a6a5a898295f,98c7d375-5f50-40d9-a74a-a9173c04ca30,55000.00,IDR,1,2025-12-31T17:00:00.000Z,,,,medium,active,a0000000-0000-0000-0000-000000000001,2026-07-29T14:40:18.411Z,2026-07-29T14:40:18.411Z,a0000000-0000-0000-0000-000000000001,2026-07-29T14:40:18.411Z,,
1eb7b317-b5ca-4a83-bb6b-b654627fde5d,9dd63ec5-2148-4801-b2cf-0c590b52b839,100000.00,IDR,1,2025-12-31T17:00:00.000Z,,,,medium,active,a0000000-0000-0000-0000-000000000001,2026-07-29T14:40:18.453Z,2026-07-29T14:40:18.453Z,a0000000-0000-0000-0000-000000000001,2026-07-29T14:40:18.453Z,,
e3be90d9-1816-40d7-a09a-282ec8c0df0f,3eccfc28-936a-479d-9874-fa8cbee6e48d,148500.00,IDR,1,2025-12-31T17:00:00.000Z,,,,medium,active,a0000000-0000-0000-0000-000000000001,2026-07-29T14:40:18.495Z,2026-07-29T14:40:18.495Z,a0000000-0000-0000-0000-000000000001,2026-07-29T14:40:18.495Z,,
b7f508f0-567e-47de-ba7c-b862fcaf2af6,d64f2783-6108-4628-8aac-83237fd7e18f,300000.00,IDR,1,2025-12-31T17:00:00.000Z,,,,medium,active,a0000000-0000-0000-0000-000000000001,2026-07-29T14:40:18.536Z,2026-07-29T14:40:18.536Z,a0000000-0000-0000-0000-000000000001,2026-07-29T14:40:18.536Z,,
e13cbaa5-a21c-49e7-975b-dbb96c82358e,90eef8a2-4f4d-408c-aa73-3f5e534323d1,1.00,IDR,1,2025-12-31T17:00:00.000Z,,,,medium,active,a0000000-0000-0000-0000-000000000001,2026-07-29T14:40:18.577Z,2026-07-29T14:40:18.577Z,a0000000-0000-0000-0000-000000000001,2026-07-29T14:40:18.577Z,,
a282885b-c575-4f6e-a90d-0e5b0d27e644,30ec6251-dcc1-4a6b-b22d-eca9cb65d2a0,350000.00,IDR,1,2025-12-31T17:00:00.000Z,,,,medium,active,a0000000-0000-0000-0000-000000000001,2026-07-29T14:40:18.619Z,2026-07-29T14:40:18.619Z,a0000000-0000-0000-0000-000000000001,2026-07-29T14:40:18.619Z,,
28b2c3f5-da7d-4347-9ba6-c221b2d9ebb5,a8a68604-1528-4371-a0ad-418edc890eb7,1200000.00,IDR,1,2025-12-31T17:00:00.000Z,,,,medium,active,a0000000-0000-0000-0000-000000000001,2026-07-29T14:40:18.660Z,2026-07-29T14:40:18.660Z,a0000000-0000-0000-0000-000000000001,2026-07-29T14:40:18.660Z,,
b0d9a6a2-3b14-4a85-bd90-1ad07d3f34f3,f7e3a1b5-3db7-4529-b03f-802a517d6ad6,6000.00,IDR,1,2025-12-31T17:00:00.000Z,,,,medium,active,a0000000-0000-0000-0000-000000000001,2026-07-29T14:40:18.703Z,2026-07-29T14:40:18.703Z,a0000000-0000-0000-0000-000000000001,2026-07-29T14:40:18.703Z,,
aea94d91-7491-473d-bcee-47da090e4d3d,b43ebb62-f986-42ad-a37b-40031d395592,390000.00,IDR,1,2025-12-31T17:00:00.000Z,,,,medium,active,a0000000-0000-0000-0000-000000000001,2026-07-29T14:40:18.744Z,2026-07-29T14:40:18.744Z,a0000000-0000-0000-0000-000000000001,2026-07-29T14:40:18.744Z,,
feeee9ca-0c34-441c-b436-e41776cd2c36,144c9fbb-5f42-4868-917e-4aa79995e4d1,45000.00,IDR,1,2025-12-31T17:00:00.000Z,,,,medium,active,a0000000-0000-0000-0000-000000000001,2026-07-29T14:40:18.786Z,2026-07-29T14:40:18.786Z,a0000000-0000-0000-0000-000000000001,2026-07-29T14:40:18.786Z,,
f004e514-412a-4682-8c9b-ec8ade35eaed,d6afe8e4-4d96-4006-bba1-ebf3ff49aa49,222000.00,IDR,1,2025-12-31T17:00:00.000Z,,,,medium,active,a0000000-0000-0000-0000-000000000001,2026-07-29T14:40:18.828Z,2026-07-29T14:40:18.828Z,a0000000-0000-0000-0000-000000000001,2026-07-29T14:40:18.828Z,,
e177dc8e-5003-4ffc-b086-a64a711e7b20,e6829099-f600-4c5b-9689-6403186773ba,17000.00,IDR,1,2025-12-31T17:00:00.000Z,,,,medium,active,a0000000-0000-0000-0000-000000000001,2026-07-29T14:40:18.871Z,2026-07-29T14:40:18.871Z,a0000000-0000-0000-0000-000000000001,2026-07-29T14:40:18.871Z,,
25f985dd-ccdc-4696-9dab-27a4047fcd5b,973be587-7cf7-44ec-a1de-cd761f1154ad,3500000.00,IDR,1,2025-12-31T17:00:00.000Z,,,,medium,active,a0000000-0000-0000-0000-000000000001,2026-07-29T14:40:18.912Z,2026-07-29T14:40:18.912Z,a0000000-0000-0000-0000-000000000001,2026-07-29T14:40:18.912Z,,
229a7810-ac09-46c6-bda7-c30bb859009d,dd7990bd-32e9-4cb2-b32b-9aa0602f5832,370000.00,IDR,1,2025-12-31T17:00:00.000Z,,,,medium,active,a0000000-0000-0000-0000-000000000001,2026-07-29T14:40:18.954Z,2026-07-29T14:40:18.954Z,a0000000-0000-0000-0000-000000000001,2026-07-29T14:40:18.954Z,,
10589608-1af4-4f16-8a35-3591b0bb9c89,a9c9c657-b9cb-4e28-bb79-a82d9629b457,500000.00,IDR,1,2025-12-31T17:00:00.000Z,,,,medium,active,a0000000-0000-0000-0000-000000000001,2026-07-29T14:40:18.997Z,2026-07-29T14:40:18.997Z,a0000000-0000-0000-0000-000000000001,2026-07-29T14:40:18.997Z,,
7aa36f0c-6618-43b3-97d0-e3fcb1586faa,6145a987-90f0-48e8-923c-328a5c811e73,535000.00,IDR,1,2025-12-31T17:00:00.000Z,,,,medium,active,a0000000-0000-0000-0000-000000000001,2026-07-29T14:40:19.039Z,2026-07-29T14:40:19.039Z,a0000000-0000-0000-0000-000000000001,2026-07-29T14:40:19.039Z,,
8ec883a4-bd70-4d1b-97be-ee6806e6f77b,4c20bc79-2f4d-4be5-bae8-a544def2a858,1.00,IDR,1,2025-12-31T17:00:00.000Z,,,,medium,active,a0000000-0000-0000-0000-000000000001,2026-07-29T14:40:19.081Z,2026-07-29T14:40:19.081Z,a0000000-0000-0000-0000-000000000001,2026-07-29T14:40:19.081Z,,
391eec54-1424-42a2-843c-091d8b9d3708,aa0d1c27-5c5e-4631-af70-00d878aaf962,21000.00,IDR,1,2025-12-31T17:00:00.000Z,,,,medium,active,a0000000-0000-0000-0000-000000000001,2026-07-29T14:40:19.124Z,2026-07-29T14:40:19.124Z,a0000000-0000-0000-0000-000000000001,2026-07-29T14:40:19.124Z,,
81898e0d-69a3-4763-93b5-f9da2f764249,122a3306-4bb4-4f56-9f1f-21384d96c6b1,18950.00,IDR,1,2025-12-31T17:00:00.000Z,,,,medium,active,a0000000-0000-0000-0000-000000000001,2026-07-29T14:40:19.165Z,2026-07-29T14:40:19.165Z,a0000000-0000-0000-0000-000000000001,2026-07-29T14:40:19.165Z,,
5b7ed81b-2218-4e44-8030-1d84c9954aff,8555b279-e0a9-4613-bcf6-8e0db0f7ab76,170000.00,IDR,1,2025-12-31T17:00:00.000Z,,,,medium,active,a0000000-0000-0000-0000-000000000001,2026-07-29T14:40:19.207Z,2026-07-29T14:40:19.207Z,a0000000-0000-0000-0000-000000000001,2026-07-29T14:40:19.207Z,,
b55be0f1-fd2c-4171-a751-f5dd81e61116,001186ba-7599-432a-9acc-e33dca61b535,9000.00,IDR,1,2025-12-31T17:00:00.000Z,,,,medium,active,a0000000-0000-0000-0000-000000000001,2026-07-29T14:40:19.249Z,2026-07-29T14:40:19.249Z,a0000000-0000-0000-0000-000000000001,2026-07-29T14:40:19.249Z,,
9a19e947-e12f-45d5-9c0a-96472671a642,b310da55-b07c-4107-90c1-4206c023eeaa,113400.00,IDR,1,2025-12-31T17:00:00.000Z,,,,medium,active,a0000000-0000-0000-0000-000000000001,2026-07-29T14:40:19.291Z,2026-07-29T14:40:19.291Z,a0000000-0000-0000-0000-000000000001,2026-07-29T14:40:19.291Z,,
de61daa1-08e5-4618-8c64-e2eda9989c54,d634eb01-76b9-4aeb-bb8e-340ebd09dc44,18900.00,IDR,1,2025-12-31T17:00:00.000Z,,,,medium,active,a0000000-0000-0000-0000-000000000001,2026-07-29T14:40:19.333Z,2026-07-29T14:40:19.333Z,a0000000-0000-0000-0000-000000000001,2026-07-29T14:40:19.333Z,,
e5b3c536-907f-47a1-8a9c-d50b0234935c,34229868-7a60-4d92-b595-fae280379f25,340000.00,IDR,1,2025-12-31T17:00:00.000Z,,,,medium,active,a0000000-0000-0000-0000-000000000001,2026-07-29T14:40:19.375Z,2026-07-29T14:40:19.375Z,a0000000-0000-0000-0000-000000000001,2026-07-29T14:40:19.375Z,,
57a47e53-8924-42c9-9d0c-db930feec070,6ddb6d05-4408-4595-9ec7-4f442b18c807,1500000.00,IDR,1,2025-12-31T17:00:00.000Z,,,,medium,active,a0000000-0000-0000-0000-000000000001,2026-07-29T14:40:19.417Z,2026-07-29T14:40:19.417Z,a0000000-0000-0000-0000-000000000001,2026-07-29T14:40:19.417Z,,
d2139f4d-a21e-4d7a-bd8c-9f690140fa24,30631bf3-b416-4881-a22f-baba30954608,4100000.00,IDR,1,2025-12-31T17:00:00.000Z,,,,medium,active,a0000000-0000-0000-0000-000000000001,2026-07-29T14:40:19.459Z,2026-07-29T14:40:19.459Z,a0000000-0000-0000-0000-000000000001,2026-07-29T14:40:19.459Z,,
80d19954-40b9-46a3-9326-541c861b6a4f,8c6c3033-b687-445f-b5b6-7a037da64c7e,57000.00,IDR,1,2025-12-31T17:00:00.000Z,,,,medium,active,a0000000-0000-0000-0000-000000000001,2026-07-29T14:40:19.502Z,2026-07-29T14:40:19.502Z,a0000000-0000-0000-0000-000000000001,2026-07-29T14:40:19.502Z,,
0dd676c0-1f18-4a86-8e18-543390e8f392,fbf9aefd-b90d-449d-ad2d-2f030c4cbfa9,70000.00,IDR,1,2025-12-31T17:00:00.000Z,,,,medium,active,a0000000-0000-0000-0000-000000000001,2026-07-29T14:40:19.544Z,2026-07-29T14:40:19.544Z,a0000000-0000-0000-0000-000000000001,2026-07-29T14:40:19.544Z,,
6affc62a-e5b2-435d-89d5-8cc98bda4757,3584ee9b-85f3-4e57-bbf4-b86175170562,19448.00,IDR,1,2025-12-31T17:00:00.000Z,,,,medium,active,a0000000-0000-0000-0000-000000000001,2026-07-29T14:40:19.586Z,2026-07-29T14:40:19.586Z,a0000000-0000-0000-0000-000000000001,2026-07-29T14:40:19.586Z,,
e9b6f58f-f7c0-4244-babf-ef2b51ec89be,e4a9c79f-f4cb-4062-b608-709d5bb56d64,12200.00,IDR,1,2025-12-31T17:00:00.000Z,,,,medium,active,a0000000-0000-0000-0000-000000000001,2026-07-29T14:40:19.628Z,2026-07-29T14:40:19.628Z,a0000000-0000-0000-0000-000000000001,2026-07-29T14:40:19.628Z,,
7ff67a5e-0beb-4ea4-8606-6a47a668332d,3026ee29-cf3a-4441-bd7a-8763a3b5a199,50000.00,IDR,1,2025-12-31T17:00:00.000Z,,,,medium,active,a0000000-0000-0000-0000-000000000001,2026-07-29T14:40:19.670Z,2026-07-29T14:40:19.670Z,a0000000-0000-0000-0000-000000000001,2026-07-29T14:40:19.670Z,,
5780a687-a0cc-4ac1-9bd4-91477c343d41,fcf41881-b2ea-4ed5-a5a2-1356e5c5cded,370000.00,IDR,1,2025-12-31T17:00:00.000Z,,,,medium,active,a0000000-0000-0000-0000-000000000001,2026-07-29T14:40:19.712Z,2026-07-29T14:40:19.712Z,a0000000-0000-0000-0000-000000000001,2026-07-29T14:40:19.712Z,,
cf3a5a2e-5367-4194-b0ec-ce00de4ceb31,5216ac68-c8a3-4875-8470-20883da8eaa5,71250.00,IDR,1,2025-12-31T17:00:00.000Z,,,,medium,active,a0000000-0000-0000-0000-000000000001,2026-07-29T14:40:19.755Z,2026-07-29T14:40:19.755Z,a0000000-0000-0000-0000-000000000001,2026-07-29T14:40:19.755Z,,
4ab465aa-2741-4618-a585-7bf325d8243b,8edf818d-2c31-45bb-aacd-5a5168b4be06,1.00,IDR,1,2025-12-31T17:00:00.000Z,,,,medium,active,a0000000-0000-0000-0000-000000000001,2026-07-29T14:40:19.797Z,2026-07-29T14:40:19.797Z,a0000000-0000-0000-0000-000000000001,2026-07-29T14:40:19.797Z,,
ad638565-17ff-404a-a748-a72db772a58b,5835093c-32d9-4ce1-ab29-32a7146c9df5,410200.00,IDR,1,2025-12-31T17:00:00.000Z,,,,medium,active,a0000000-0000-0000-0000-000000000001,2026-07-29T14:40:19.839Z,2026-07-29T14:40:19.839Z,a0000000-0000-0000-0000-000000000001,2026-07-29T14:40:19.839Z,,
0dd7b83d-edba-4788-b880-92bda4251061,5727460a-47c8-4b30-b731-342ccaed537d,265000.00,IDR,1,2025-12-31T17:00:00.000Z,,,,medium,active,a0000000-0000-0000-0000-000000000001,2026-07-29T14:40:19.882Z,2026-07-29T14:40:19.882Z,a0000000-0000-0000-0000-000000000001,2026-07-29T14:40:19.882Z,,
517ca666-98f0-46e0-bb44-4a94110f7f82,ebe75858-4bca-4a57-a984-2e60d3650f58,150000.00,IDR,1,2025-12-31T17:00:00.000Z,,,,medium,active,a0000000-0000-0000-0000-000000000001,2026-07-29T14:40:19.925Z,2026-07-29T14:40:19.925Z,a0000000-0000-0000-0000-000000000001,2026-07-29T14:40:19.925Z,,
f61ebe19-d03b-4a78-a291-2b629a423581,06587abe-8247-4871-9bef-2fd16a4ab4a8,3500000.00,IDR,1,2025-12-31T17:00:00.000Z,,,,medium,active,a0000000-0000-0000-0000-000000000001,2026-07-29T14:40:19.968Z,2026-07-29T14:40:19.968Z,a0000000-0000-0000-0000-000000000001,2026-07-29T14:40:19.968Z,,
11df43a7-0250-4630-ae79-cd864ab5d010,1ae08173-db43-4e6c-a98e-8ae600b381af,8570.00,IDR,1,2025-12-31T17:00:00.000Z,,,,medium,active,a0000000-0000-0000-0000-000000000001,2026-07-29T14:40:20.010Z,2026-07-29T14:40:20.010Z,a0000000-0000-0000-0000-000000000001,2026-07-29T14:40:20.010Z,,
a55fc849-2e4e-43af-a964-f1d24a955811,fc1dd833-48ea-46c7-ae6d-b8ac65009702,27383.00,IDR,1,2025-12-31T17:00:00.000Z,,,,medium,active,a0000000-0000-0000-0000-000000000001,2026-07-29T14:40:20.052Z,2026-07-29T14:40:20.052Z,a0000000-0000-0000-0000-000000000001,2026-07-29T14:40:20.052Z,,
12364421-9602-407d-8d2a-715085941a0c,09fee2d3-1b82-4f75-9b17-738faab4dc7f,22000.00,IDR,1,2025-12-31T17:00:00.000Z,,,,medium,active,a0000000-0000-0000-0000-000000000001,2026-07-29T14:40:20.094Z,2026-07-29T14:40:20.094Z,a0000000-0000-0000-0000-000000000001,2026-07-29T14:40:20.094Z,,
1366110b-6b2b-43d7-beb7-822a30267afa,7612d17d-d75b-44f3-ac7e-88c55ab85f6b,232000.00,IDR,1,2025-12-31T17:00:00.000Z,,,,medium,active,a0000000-0000-0000-0000-000000000001,2026-07-29T14:40:20.137Z,2026-07-29T14:40:20.137Z,a0000000-0000-0000-0000-000000000001,2026-07-29T14:40:20.137Z,,
37725182-ab84-4f92-9215-c96cee27f4b6,3523e672-c403-486d-a1e7-ea746c0bd37c,10000.00,IDR,1,2025-12-31T17:00:00.000Z,,,,medium,active,a0000000-0000-0000-0000-000000000001,2026-07-29T14:40:20.179Z,2026-07-29T14:40:20.179Z,a0000000-0000-0000-0000-000000000001,2026-07-29T14:40:20.179Z,,
6502f776-f61e-4f08-bdb2-ca1c6c54fd0d,38a3d900-552f-4203-b969-fa0168992f49,1.00,IDR,1,2025-12-31T17:00:00.000Z,,,,medium,active,a0000000-0000-0000-0000-000000000001,2026-07-29T14:40:20.221Z,2026-07-29T14:40:20.221Z,a0000000-0000-0000-0000-000000000001,2026-07-29T14:40:20.221Z,,
a97d38d6-840b-4c76-b147-524d44524560,9fc97377-5470-4d5b-af91-e2aea703bff9,7500.00,IDR,1,2025-12-31T17:00:00.000Z,,,,medium,active,a0000000-0000-0000-0000-000000000001,2026-07-29T14:40:20.263Z,2026-07-29T14:40:20.263Z,a0000000-0000-0000-0000-000000000001,2026-07-29T14:40:20.263Z,,
a71704b0-537d-44ee-af53-b38c99ba2c79,1bcfa6eb-0f28-4cab-8cd2-3a4ac234c2ab,25000.00,IDR,1,2025-12-31T17:00:00.000Z,,,,medium,active,a0000000-0000-0000-0000-000000000001,2026-07-29T14:40:20.305Z,2026-07-29T14:40:20.305Z,a0000000-0000-0000-0000-000000000001,2026-07-29T14:40:20.305Z,,
8f3ec443-b4f3-4c99-9eb8-241faaf42cfb,70ab4938-461c-4968-842e-4a8e6a0f6cd7,24700.00,IDR,1,2025-12-31T17:00:00.000Z,,,,medium,active,a0000000-0000-0000-0000-000000000001,2026-07-29T14:40:20.347Z,2026-07-29T14:40:20.347Z,a0000000-0000-0000-0000-000000000001,2026-07-29T14:40:20.347Z,,
631971ff-fef9-4bf0-97cc-04aaf2f6865a,a0a2c66a-b992-4f31-8044-562dff1597c7,148960.00,IDR,1,2025-12-31T17:00:00.000Z,,,,medium,active,a0000000-0000-0000-0000-000000000001,2026-07-29T14:40:20.389Z,2026-07-29T14:40:20.389Z,a0000000-0000-0000-0000-000000000001,2026-07-29T14:40:20.389Z,,
0ff10593-95dd-4786-b78d-ba06a30ea170,3054837e-36d6-4bf8-981c-44b12f26972c,9000.00,IDR,1,2025-12-31T17:00:00.000Z,,,,medium,active,a0000000-0000-0000-0000-000000000001,2026-07-29T14:40:20.431Z,2026-07-29T14:40:20.431Z,a0000000-0000-0000-0000-000000000001,2026-07-29T14:40:20.431Z,,
a2078e9b-4e43-4c0a-94e5-946815510500,e0d1679c-e743-40b6-b371-6ee8ef87d604,97000.00,IDR,1,2025-12-31T17:00:00.000Z,,,,medium,active,a0000000-0000-0000-0000-000000000001,2026-07-29T14:40:20.473Z,2026-07-29T14:40:20.473Z,a0000000-0000-0000-0000-000000000001,2026-07-29T14:40:20.473Z,,
bdea05fd-7eac-4159-ab9f-7f89a9564213,5cadd23e-cb58-480a-8f43-a01908534339,70200.00,IDR,1,2025-12-31T17:00:00.000Z,,,,medium,active,a0000000-0000-0000-0000-000000000001,2026-07-29T14:40:20.515Z,2026-07-29T14:40:20.515Z,a0000000-0000-0000-0000-000000000001,2026-07-29T14:40:20.515Z,,
b7c22e36-89e2-4b65-9e41-7f0f4b3a5e2e,d7f1db75-46d9-4392-bc30-f12fc4502d26,190000.00,IDR,1,2025-12-31T17:00:00.000Z,,,,medium,active,a0000000-0000-0000-0000-000000000001,2026-07-29T14:40:20.556Z,2026-07-29T14:40:20.556Z,a0000000-0000-0000-0000-000000000001,2026-07-29T14:40:20.556Z,,
1c9afb5b-2550-408b-9219-5f1747691ee8,85be8ef9-d6c6-42ec-ab2f-ebc4232bb11b,2000.00,IDR,1,2025-12-31T17:00:00.000Z,,,,medium,active,a0000000-0000-0000-0000-000000000001,2026-07-29T14:40:20.599Z,2026-07-29T14:40:20.599Z,a0000000-0000-0000-0000-000000000001,2026-07-29T14:40:20.599Z,,
9147353a-eefe-41f0-bb57-4afb692e74b4,34822f91-3cf7-4dbe-b84d-66d498b8d1e4,1.00,IDR,1,2025-12-31T17:00:00.000Z,,,,medium,active,a0000000-0000-0000-0000-000000000001,2026-07-29T14:40:20.641Z,2026-07-29T14:40:20.641Z,a0000000-0000-0000-0000-000000000001,2026-07-29T14:40:20.641Z,,
9c33534b-33e8-4067-8b38-08bd9261b6ea,048a6fbd-9087-44d6-936f-8647698e0063,1.00,IDR,1,2025-12-31T17:00:00.000Z,,,,medium,active,a0000000-0000-0000-0000-000000000001,2026-07-29T14:40:20.683Z,2026-07-29T14:40:20.683Z,a0000000-0000-0000-0000-000000000001,2026-07-29T14:40:20.683Z,,
d6b15663-8a94-4e4c-9638-33101f5c89bd,f2065693-dd3e-498e-8ee1-c5446b6ace1d,189900.00,IDR,1,2025-12-31T17:00:00.000Z,,,,medium,active,a0000000-0000-0000-0000-000000000001,2026-07-29T14:40:20.725Z,2026-07-29T14:40:20.725Z,a0000000-0000-0000-0000-000000000001,2026-07-29T14:40:20.725Z,,
e21c2188-8a30-4e54-886a-85b5d803bdb6,76f946e7-2b6e-4e1b-8128-831c22d56d40,9000.00,IDR,1,2025-12-31T17:00:00.000Z,,,,medium,active,a0000000-0000-0000-0000-000000000001,2026-07-29T14:40:20.767Z,2026-07-29T14:40:20.767Z,a0000000-0000-0000-0000-000000000001,2026-07-29T14:40:20.767Z,,
8bfb379a-8880-4751-a087-e56897b797a8,573a27d6-c071-4f7f-bfbb-aa179c23d56d,11950000.00,IDR,1,2025-12-31T17:00:00.000Z,,,,medium,active,a0000000-0000-0000-0000-000000000001,2026-07-29T14:40:20.809Z,2026-07-29T14:40:20.809Z,a0000000-0000-0000-0000-000000000001,2026-07-29T14:40:20.809Z,,
f7122426-58a6-4261-8131-2b1f274c0efc,e9c5af54-262c-419c-868e-593e14e0a5b8,67900.00,IDR,1,2025-12-31T17:00:00.000Z,,,,medium,active,a0000000-0000-0000-0000-000000000001,2026-07-29T14:40:20.850Z,2026-07-29T14:40:20.850Z,a0000000-0000-0000-0000-000000000001,2026-07-29T14:40:20.850Z,,
fbb2db3c-2baf-472a-96bb-08a17ae95aaa,708ff2dc-5cc9-4e91-a3fb-2bcc607f5e25,380000.00,IDR,1,2025-12-31T17:00:00.000Z,,,,medium,active,a0000000-0000-0000-0000-000000000001,2026-07-29T14:40:20.892Z,2026-07-29T14:40:20.892Z,a0000000-0000-0000-0000-000000000001,2026-07-29T14:40:20.892Z,,
2d99d873-c98b-4e4a-a497-695ed8b46cd7,29df20b1-0652-43ab-9173-f7c3dfed2e57,1900000.00,IDR,1,2025-12-31T17:00:00.000Z,,,,medium,active,a0000000-0000-0000-0000-000000000001,2026-07-29T14:40:20.934Z,2026-07-29T14:40:20.934Z,a0000000-0000-0000-0000-000000000001,2026-07-29T14:40:20.934Z,,
47f38f07-8642-4d57-aa36-f8973c3dcb00,9a3c18cb-3042-40a3-8e8d-d5bea99f6f01,1.00,IDR,1,2025-12-31T17:00:00.000Z,,,,medium,active,a0000000-0000-0000-0000-000000000001,2026-07-29T14:40:20.976Z,2026-07-29T14:40:20.976Z,a0000000-0000-0000-0000-000000000001,2026-07-29T14:40:20.976Z,,
3ff462cc-51ab-4095-8e75-c20d1f1311d9,b84e4e98-db5f-4771-9791-fd7a8516c946,42000.00,IDR,1,2025-12-31T17:00:00.000Z,,,,medium,active,a0000000-0000-0000-0000-000000000001,2026-07-29T14:40:21.018Z,2026-07-29T14:40:21.018Z,a0000000-0000-0000-0000-000000000001,2026-07-29T14:40:21.018Z,,
08336fae-6530-4eb3-b575-ccc710315346,9f404da0-8820-4812-b155-85b3a2360540,6900000.00,IDR,1,2025-12-31T17:00:00.000Z,,,,medium,active,a0000000-0000-0000-0000-000000000001,2026-07-29T14:40:21.059Z,2026-07-29T14:40:21.059Z,a0000000-0000-0000-0000-000000000001,2026-07-29T14:40:21.059Z,,
13c77ecc-b3f1-4c22-96aa-b2486348963b,382d689b-eae8-4008-8dbb-1471efeea253,425000.00,IDR,1,2025-12-31T17:00:00.000Z,,,,medium,active,a0000000-0000-0000-0000-000000000001,2026-07-29T14:40:21.101Z,2026-07-29T14:40:21.101Z,a0000000-0000-0000-0000-000000000001,2026-07-29T14:40:21.101Z,,
b6509e04-20f1-4c6a-8acb-70a3745a3caf,5e412e5e-59c3-42b2-9e75-3f42c3ed1718,140000.00,IDR,1,2025-12-31T17:00:00.000Z,,,,medium,active,a0000000-0000-0000-0000-000000000001,2026-07-29T14:40:21.144Z,2026-07-29T14:40:21.144Z,a0000000-0000-0000-0000-000000000001,2026-07-29T14:40:21.144Z,,
2dba820b-3497-4c56-8b6b-6bf689b5cf7d,68190036-3165-4ecf-9e8d-cf1e09dfd195,157000.00,IDR,1,2025-12-31T17:00:00.000Z,,,,medium,active,a0000000-0000-0000-0000-000000000001,2026-07-29T14:40:21.186Z,2026-07-29T14:40:21.186Z,a0000000-0000-0000-0000-000000000001,2026-07-29T14:40:21.186Z,,
09a11581-7279-449e-b049-0911d953d28d,bbfc1c1c-62ba-498e-b0d1-e91c27d4dac0,1255500.00,IDR,1,2025-12-31T17:00:00.000Z,,,,medium,active,a0000000-0000-0000-0000-000000000001,2026-07-29T14:40:21.228Z,2026-07-29T14:40:21.228Z,a0000000-0000-0000-0000-000000000001,2026-07-29T14:40:21.228Z,,
fd339c57-a114-4faa-945b-75053193c692,9d13dec8-1052-41c5-96dd-37e0da46ce33,12000.00,IDR,1,2025-12-31T17:00:00.000Z,,,,medium,active,a0000000-0000-0000-0000-000000000001,2026-07-29T14:40:21.270Z,2026-07-29T14:40:21.270Z,a0000000-0000-0000-0000-000000000001,2026-07-29T14:40:21.270Z,,
b64c4668-c7b8-4c91-b77d-02e9ced9703c,1d5e50ae-32a3-4a6a-93f4-9799cb023216,58000.00,IDR,1,2025-12-31T17:00:00.000Z,,,,medium,active,a0000000-0000-0000-0000-000000000001,2026-07-29T14:40:21.311Z,2026-07-29T14:40:21.311Z,a0000000-0000-0000-0000-000000000001,2026-07-29T14:40:21.311Z,,
2ce81815-199a-49dd-8a15-b1bb1d72ffad,d0a15962-d9b9-4aba-aaf6-eb6cf053d6e6,39575.00,IDR,1,2025-12-31T17:00:00.000Z,,,,medium,active,a0000000-0000-0000-0000-000000000001,2026-07-29T14:40:21.353Z,2026-07-29T14:40:21.353Z,a0000000-0000-0000-0000-000000000001,2026-07-29T14:40:21.353Z,,
c7f62f0d-b67e-4aab-85e4-d85b6bc28f6f,c314be3d-968e-47b8-bf56-7744ab907f71,380000.00,IDR,1,2025-12-31T17:00:00.000Z,,,,medium,active,a0000000-0000-0000-0000-000000000001,2026-07-29T14:40:21.396Z,2026-07-29T14:40:21.396Z,a0000000-0000-0000-0000-000000000001,2026-07-29T14:40:21.396Z,,
7f9f4607-f20b-4bb4-b34e-a75a8f5da9e3,33e54a10-fc2b-4815-8ff5-f11b4308494a,420000.00,IDR,1,2025-12-31T17:00:00.000Z,,,,medium,active,a0000000-0000-0000-0000-000000000001,2026-07-29T14:40:21.437Z,2026-07-29T14:40:21.437Z,a0000000-0000-0000-0000-000000000001,2026-07-29T14:40:21.437Z,,
3bf1e2ca-39cf-4bdc-b27f-9b6849bd87b1,861778d7-61c0-4836-bba3-e21ca2748d86,650000.00,IDR,1,2025-12-31T17:00:00.000Z,,,,medium,active,a0000000-0000-0000-0000-000000000001,2026-07-29T14:40:21.479Z,2026-07-29T14:40:21.479Z,a0000000-0000-0000-0000-000000000001,2026-07-29T14:40:21.479Z,,
fe9780ad-fafa-481f-8f2b-811b9ca70ebb,01177957-5134-4e73-9c21-a91e54648541,350000.00,IDR,1,2025-12-31T17:00:00.000Z,,,,medium,active,a0000000-0000-0000-0000-000000000001,2026-07-29T14:40:21.521Z,2026-07-29T14:40:21.521Z,a0000000-0000-0000-0000-000000000001,2026-07-29T14:40:21.521Z,,
56bfbc13-9369-41d9-9cc3-68e3c97ab64f,5bce1cb4-5e78-4ecd-afd0-0b4173216b1d,17721.52,IDR,1,2025-12-31T17:00:00.000Z,,,,medium,active,a0000000-0000-0000-0000-000000000001,2026-07-29T14:40:21.563Z,2026-07-29T14:40:21.563Z,a0000000-0000-0000-0000-000000000001,2026-07-29T14:40:21.563Z,,
c45613bd-f746-438e-890b-84004e427772,2b8032cb-8fb5-41d1-8e23-fea6f003c878,200.00,IDR,1,2025-12-31T17:00:00.000Z,,,,medium,active,a0000000-0000-0000-0000-000000000001,2026-07-29T14:40:21.604Z,2026-07-29T14:40:21.604Z,a0000000-0000-0000-0000-000000000001,2026-07-29T14:40:21.604Z,,
78612563-5507-4b9f-b87d-abd935d61ce9,6e54ae46-1640-4f4e-adb9-04078140955c,3500000.00,IDR,1,2025-12-31T17:00:00.000Z,,,,medium,active,a0000000-0000-0000-0000-000000000001,2026-07-29T14:40:21.646Z,2026-07-29T14:40:21.646Z,a0000000-0000-0000-0000-000000000001,2026-07-29T14:40:21.646Z,,
2085541f-d770-48c5-b5c0-013edaa034f3,e6414cf9-74f0-4dcc-bcc9-a5a878e63dc2,26000.00,IDR,1,2025-12-31T17:00:00.000Z,,,,medium,active,a0000000-0000-0000-0000-000000000001,2026-07-29T14:40:21.688Z,2026-07-29T14:40:21.688Z,a0000000-0000-0000-0000-000000000001,2026-07-29T14:40:21.688Z,,
a9ef53e9-3592-4809-80a0-092b968d7164,2f33789f-30b6-419a-805f-d754bbdb4889,237500.00,IDR,1,2025-12-31T17:00:00.000Z,,,,medium,active,a0000000-0000-0000-0000-000000000001,2026-07-29T14:40:21.731Z,2026-07-29T14:40:21.731Z,a0000000-0000-0000-0000-000000000001,2026-07-29T14:40:21.731Z,,
1ffe2a0a-b31c-4953-bb4c-c730605fad49,8aa3695f-2c28-4a13-9af9-8a604659f0e9,67900.00,IDR,1,2025-12-31T17:00:00.000Z,,,,medium,active,a0000000-0000-0000-0000-000000000001,2026-07-29T14:40:21.773Z,2026-07-29T14:40:21.773Z,a0000000-0000-0000-0000-000000000001,2026-07-29T14:40:21.773Z,,
d0dd364d-add9-49e9-a746-30ceabfdf5bd,ca89f6c1-f6d8-4d6d-adce-162de07d153d,250000.00,IDR,1,2025-12-31T17:00:00.000Z,,,,medium,active,a0000000-0000-0000-0000-000000000001,2026-07-29T14:40:21.814Z,2026-07-29T14:40:21.814Z,a0000000-0000-0000-0000-000000000001,2026-07-29T14:40:21.814Z,,
a806c927-057a-48be-ad4f-e65491d72250,d56b5370-2e15-457d-9eca-f2c0e44201a0,666000.00,IDR,1,2025-12-31T17:00:00.000Z,,,,medium,active,a0000000-0000-0000-0000-000000000001,2026-07-29T14:40:21.856Z,2026-07-29T14:40:21.856Z,a0000000-0000-0000-0000-000000000001,2026-07-29T14:40:21.856Z,,
4897e5d8-b3b7-456f-8650-3d1c7a244e2a,2b90741b-d0b4-4e59-ad36-3cd7ee006cbb,63500.00,IDR,1,2025-12-31T17:00:00.000Z,,,,medium,active,a0000000-0000-0000-0000-000000000001,2026-07-29T14:40:21.898Z,2026-07-29T14:40:21.898Z,a0000000-0000-0000-0000-000000000001,2026-07-29T14:40:21.898Z,,
99ae2dfc-90fd-47e1-bedd-a36f0a546c5d,d84aa02d-e729-4993-82d1-700069c53024,525000.00,IDR,1,2025-12-31T17:00:00.000Z,,,,medium,active,a0000000-0000-0000-0000-000000000001,2026-07-29T14:40:21.941Z,2026-07-29T14:40:21.941Z,a0000000-0000-0000-0000-000000000001,2026-07-29T14:40:21.941Z,,
f7d85085-a3a0-4317-aa00-741498276afc,a2543f7c-3bc3-4a7e-a789-271fd4ca4b1a,20000.00,IDR,1,2025-12-31T17:00:00.000Z,,,,medium,active,a0000000-0000-0000-0000-000000000001,2026-07-29T14:40:21.984Z,2026-07-29T14:40:21.984Z,a0000000-0000-0000-0000-000000000001,2026-07-29T14:40:21.984Z,,
75d24175-1bc0-4ba1-9274-6a2da29361a2,200e9dc3-879b-43ce-8fa0-f9c91dd8ed5a,850000.00,IDR,1,2025-12-31T17:00:00.000Z,,,,medium,active,a0000000-0000-0000-0000-000000000001,2026-07-29T14:40:22.026Z,2026-07-29T14:40:22.026Z,a0000000-0000-0000-0000-000000000001,2026-07-29T14:40:22.026Z,,
d9cbe2e6-9e1a-4efb-bed2-36e879ed30c1,c0e51b6d-5876-48b2-9890-86194b3446ba,8300.00,IDR,1,2025-12-31T17:00:00.000Z,,,,medium,active,a0000000-0000-0000-0000-000000000001,2026-07-29T14:40:22.068Z,2026-07-29T14:40:22.068Z,a0000000-0000-0000-0000-000000000001,2026-07-29T14:40:22.068Z,,
23018160-755f-4e74-bc93-7894f0ca662d,87a0a665-e3da-4cb2-bc54-26fdfb29b26d,115000.00,IDR,1,2025-12-31T17:00:00.000Z,,,,medium,active,a0000000-0000-0000-0000-000000000001,2026-07-29T14:40:22.109Z,2026-07-29T14:40:22.109Z,a0000000-0000-0000-0000-000000000001,2026-07-29T14:40:22.109Z,,
22316905-bc6e-4207-a15e-88f549d4ed60,fa28cb1a-f884-4e55-84d0-132c66efbd98,340000.00,IDR,1,2025-12-31T17:00:00.000Z,,,,medium,active,a0000000-0000-0000-0000-000000000001,2026-07-29T14:40:22.151Z,2026-07-29T14:40:22.151Z,a0000000-0000-0000-0000-000000000001,2026-07-29T14:40:22.151Z,,
3ec77727-efc6-46f1-bdbb-53dfdffd7d0a,7e4c7f93-4401-41a4-9db2-1ef943e31efa,1700000.00,IDR,1,2025-12-31T17:00:00.000Z,,,,medium,active,a0000000-0000-0000-0000-000000000001,2026-07-29T14:40:22.195Z,2026-07-29T14:40:22.195Z,a0000000-0000-0000-0000-000000000001,2026-07-29T14:40:22.195Z,,
329394f8-2f90-4d31-806b-007480e3634d,71f567e8-443d-4da8-946a-e147f07e7fa7,14250.00,IDR,1,2025-12-31T17:00:00.000Z,,,,medium,active,a0000000-0000-0000-0000-000000000001,2026-07-29T14:40:22.237Z,2026-07-29T14:40:22.237Z,a0000000-0000-0000-0000-000000000001,2026-07-29T14:40:22.237Z,,
abf04ff8-94f6-43b3-9512-29f793061ac2,1613bbca-0161-4e31-9a25-3b163e5dc999,800000.00,IDR,1,2025-12-31T17:00:00.000Z,,,,medium,active,a0000000-0000-0000-0000-000000000001,2026-07-29T14:40:22.278Z,2026-07-29T14:40:22.278Z,a0000000-0000-0000-0000-000000000001,2026-07-29T14:40:22.278Z,,
de080cf2-ef80-45a0-a4f5-5728d38814bd,0036b5bd-eaf0-4283-8b0d-1d6d3f352711,11000.00,IDR,1,2025-12-31T17:00:00.000Z,,,,medium,active,a0000000-0000-0000-0000-000000000001,2026-07-29T14:40:22.321Z,2026-07-29T14:40:22.321Z,a0000000-0000-0000-0000-000000000001,2026-07-29T14:40:22.321Z,,
50b7ff5c-daa0-4ce5-bf17-b09806daf506,565171f9-6cf6-4286-8f8e-c675e2febdde,67900.00,IDR,1,2025-12-31T17:00:00.000Z,,,,medium,active,a0000000-0000-0000-0000-000000000001,2026-07-29T14:40:22.363Z,2026-07-29T14:40:22.363Z,a0000000-0000-0000-0000-000000000001,2026-07-29T14:40:22.363Z,,
50e33799-9050-429d-b4fc-389026cd5355,81b7bb46-af7d-4748-ab6b-5478b6116fbf,108000.00,IDR,1,2025-12-31T17:00:00.000Z,,,,medium,active,a0000000-0000-0000-0000-000000000001,2026-07-29T14:40:22.405Z,2026-07-29T14:40:22.405Z,a0000000-0000-0000-0000-000000000001,2026-07-29T14:40:22.405Z,,
cdcf4ffb-515f-4e35-b61f-4a29f89bebee,96afdb1d-b90b-4570-8454-ef4a365565f7,1504000.00,IDR,1,2025-12-31T17:00:00.000Z,,,,medium,active,a0000000-0000-0000-0000-000000000001,2026-07-29T14:40:22.447Z,2026-07-29T14:40:22.447Z,a0000000-0000-0000-0000-000000000001,2026-07-29T14:40:22.447Z,,
7228c2af-3495-4184-a193-65a55fea6a05,d8a81b85-d071-4927-a91b-22772c2992b1,108000.00,IDR,1,2025-12-31T17:00:00.000Z,,,,medium,active,a0000000-0000-0000-0000-000000000001,2026-07-29T14:40:22.490Z,2026-07-29T14:40:22.490Z,a0000000-0000-0000-0000-000000000001,2026-07-29T14:40:22.490Z,,
df94daaf-d2b6-42d0-8af4-d9f8eadbd8d5,c57ffb0c-5b4d-46d1-a829-a98b57866b0c,15000.00,IDR,1,2025-12-31T17:00:00.000Z,,,,medium,active,a0000000-0000-0000-0000-000000000001,2026-07-29T14:40:22.531Z,2026-07-29T14:40:22.531Z,a0000000-0000-0000-0000-000000000001,2026-07-29T14:40:22.531Z,,
08ae139a-ee7b-4368-b259-ccc11cd5a144,187816a0-da41-4d6b-b0f6-fe2e7167955e,1.00,IDR,1,2025-12-31T17:00:00.000Z,,,,medium,active,a0000000-0000-0000-0000-000000000001,2026-07-29T14:40:22.573Z,2026-07-29T14:40:22.573Z,a0000000-0000-0000-0000-000000000001,2026-07-29T14:40:22.573Z,,
0007bfc2-5f4e-4b59-9ab1-adfd4c1aacb4,407ca81f-5ba8-4150-928b-cc63b5344c9c,200000.00,IDR,1,2025-12-31T17:00:00.000Z,,,,medium,active,a0000000-0000-0000-0000-000000000001,2026-07-29T14:40:22.616Z,2026-07-29T14:40:22.616Z,a0000000-0000-0000-0000-000000000001,2026-07-29T14:40:22.616Z,,
52135c07-c4ae-49d2-85f9-87202b6c1ef5,4138b0dd-12a8-4c5c-9aa8-36e876b84446,25000.00,IDR,1,2025-12-31T17:00:00.000Z,,,,medium,active,a0000000-0000-0000-0000-000000000001,2026-07-29T14:40:22.658Z,2026-07-29T14:40:22.658Z,a0000000-0000-0000-0000-000000000001,2026-07-29T14:40:22.658Z,,
e266b27f-446b-4a3f-8ad2-25622b8f2617,9f8ac66d-0d50-40fd-9036-f524c614a120,165000.00,IDR,1,2025-12-31T17:00:00.000Z,,,,medium,active,a0000000-0000-0000-0000-000000000001,2026-07-29T14:40:22.700Z,2026-07-29T14:40:22.700Z,a0000000-0000-0000-0000-000000000001,2026-07-29T14:40:22.700Z,,
175b93dc-8348-4570-b7de-38faa6293b38,6765e802-585a-4fc2-ae3f-7c24fa189f01,895000.00,IDR,1,2025-12-31T17:00:00.000Z,,,,medium,active,a0000000-0000-0000-0000-000000000001,2026-07-29T14:40:22.742Z,2026-07-29T14:40:22.742Z,a0000000-0000-0000-0000-000000000001,2026-07-29T14:40:22.742Z,,
304d7263-d04e-4f23-ac50-b30c647748e6,cf944578-ec66-4971-bb08-9311c8029cf6,1.00,IDR,1,2025-12-31T17:00:00.000Z,,,,medium,active,a0000000-0000-0000-0000-000000000001,2026-07-29T14:40:22.784Z,2026-07-29T14:40:22.784Z,a0000000-0000-0000-0000-000000000001,2026-07-29T14:40:22.784Z,,
bcd9c123-4421-4ae7-9929-cddf565fd53d,44d0cc33-28ff-43b0-bcd2-be49977bae74,4760900.00,IDR,1,2025-12-31T17:00:00.000Z,,,,medium,active,a0000000-0000-0000-0000-000000000001,2026-07-29T14:40:22.826Z,2026-07-29T14:40:22.826Z,a0000000-0000-0000-0000-000000000001,2026-07-29T14:40:22.826Z,,
404889d7-787e-4aa5-b0c8-90a5812f1744,472c6949-b051-41f8-80a9-101d764056e5,1.00,IDR,1,2025-12-31T17:00:00.000Z,,,,medium,active,a0000000-0000-0000-0000-000000000001,2026-07-29T14:40:22.868Z,2026-07-29T14:40:22.868Z,a0000000-0000-0000-0000-000000000001,2026-07-29T14:40:22.868Z,,
1b9a05f2-8085-41d8-bbcd-ebeebe53d02b,efcc1ac2-45c4-4333-b13e-5e558e4f4878,87500.00,IDR,1,2025-12-31T17:00:00.000Z,,,,medium,active,a0000000-0000-0000-0000-000000000001,2026-07-29T14:40:22.910Z,2026-07-29T14:40:22.910Z,a0000000-0000-0000-0000-000000000001,2026-07-29T14:40:22.910Z,,
ab22e2bc-be31-4a42-b443-0d80fa058905,a34ef6f8-ca70-42ad-86e9-6db1db9a6660,2000000.00,IDR,1,2025-12-31T17:00:00.000Z,,,,medium,active,a0000000-0000-0000-0000-000000000001,2026-07-29T14:40:22.952Z,2026-07-29T14:40:22.952Z,a0000000-0000-0000-0000-000000000001,2026-07-29T14:40:22.952Z,,
35b45abb-56f0-4e3c-a191-168b1d7f7d60,1f6c0026-6d2b-435d-b784-f9da114542d2,222000.00,IDR,1,2025-12-31T17:00:00.000Z,,,,medium,active,a0000000-0000-0000-0000-000000000001,2026-07-29T14:40:22.993Z,2026-07-29T14:40:22.993Z,a0000000-0000-0000-0000-000000000001,2026-07-29T14:40:22.993Z,,
3f29213b-c84b-420b-908f-692a1447dea1,507b3d9f-0b87-4223-a279-fe2614ec5e59,430000.00,IDR,1,2025-12-31T17:00:00.000Z,,,,medium,active,a0000000-0000-0000-0000-000000000001,2026-07-29T14:40:23.035Z,2026-07-29T14:40:23.035Z,a0000000-0000-0000-0000-000000000001,2026-07-29T14:40:23.035Z,,
03635ae7-e8d5-4745-9c52-1c0fe88217ae,09194f4c-0fa0-4f67-bd40-df3a2a8f9f96,200.00,IDR,1,2025-12-31T17:00:00.000Z,,,,medium,active,a0000000-0000-0000-0000-000000000001,2026-07-29T14:40:23.077Z,2026-07-29T14:40:23.077Z,a0000000-0000-0000-0000-000000000001,2026-07-29T14:40:23.077Z,,
1d56346e-688f-4778-9977-55dc8fa87875,fa5baaf5-8183-4c55-a6d3-1119e2e4e86c,16800.00,IDR,1,2025-12-31T17:00:00.000Z,,,,medium,active,a0000000-0000-0000-0000-000000000001,2026-07-29T14:40:23.119Z,2026-07-29T14:40:23.119Z,a0000000-0000-0000-0000-000000000001,2026-07-29T14:40:23.119Z,,
78136a1a-cfd2-4d0c-8f66-6217baf27f37,0688d7af-c13e-4eb7-bbcd-6960990c9beb,200000.00,IDR,1,2025-12-31T17:00:00.000Z,,,,medium,active,a0000000-0000-0000-0000-000000000001,2026-07-29T14:40:23.161Z,2026-07-29T14:40:23.161Z,a0000000-0000-0000-0000-000000000001,2026-07-29T14:40:23.161Z,,
84eefbcc-ddd3-48ab-b74b-f749653a154e,e58ded30-6c28-4c80-94eb-d29aa6c5f701,52300.00,IDR,1,2025-12-31T17:00:00.000Z,,,,medium,active,a0000000-0000-0000-0000-000000000001,2026-07-29T14:40:23.203Z,2026-07-29T14:40:23.203Z,a0000000-0000-0000-0000-000000000001,2026-07-29T14:40:23.203Z,,
cc564354-db2e-4995-9f16-36f55815c2bc,6b8947ce-d34a-413d-a172-0482dd68ffab,1.00,IDR,1,2025-12-31T17:00:00.000Z,,,,medium,active,a0000000-0000-0000-0000-000000000001,2026-07-29T14:40:23.245Z,2026-07-29T14:40:23.245Z,a0000000-0000-0000-0000-000000000001,2026-07-29T14:40:23.245Z,,
ebdad48a-7e3d-4232-a5c2-206e17f7aada,e73092da-7863-4288-ac0b-71e4d476f74c,16660.00,IDR,1,2025-12-31T17:00:00.000Z,,,,medium,active,a0000000-0000-0000-0000-000000000001,2026-07-29T14:40:23.286Z,2026-07-29T14:40:23.286Z,a0000000-0000-0000-0000-000000000001,2026-07-29T14:40:23.286Z,,
c2416ebb-6a53-4f3a-a975-a8bfb8e8fa0e,9fe8c41d-f5b1-4474-82a1-0f79f42c4378,8750000.00,IDR,1,2025-12-31T17:00:00.000Z,,,,medium,active,a0000000-0000-0000-0000-000000000001,2026-07-29T14:40:23.328Z,2026-07-29T14:40:23.328Z,a0000000-0000-0000-0000-000000000001,2026-07-29T14:40:23.328Z,,
b9155099-290d-4691-b77b-b1f99b3aaa15,7ddd84aa-f666-45e7-b515-c4f6f57d591e,33900000.00,IDR,1,2025-12-31T17:00:00.000Z,,,,medium,active,a0000000-0000-0000-0000-000000000001,2026-07-29T14:40:23.369Z,2026-07-29T14:40:23.369Z,a0000000-0000-0000-0000-000000000001,2026-07-29T14:40:23.369Z,,
50ca27cb-2938-4ac1-aa19-5e48524ef968,84e01d21-3cb7-4a3d-b258-2da234ea7fec,300000.00,IDR,1,2025-12-31T17:00:00.000Z,,,,medium,active,a0000000-0000-0000-0000-000000000001,2026-07-29T14:40:23.411Z,2026-07-29T14:40:23.411Z,a0000000-0000-0000-0000-000000000001,2026-07-29T14:40:23.411Z,,
22fbc392-f9fe-46b1-aad5-95ae0dbdd074,6236c547-3100-4a2b-bfee-62b629979a81,116300.00,IDR,1,2025-12-31T17:00:00.000Z,,,,medium,active,a0000000-0000-0000-0000-000000000001,2026-07-29T14:40:23.452Z,2026-07-29T14:40:23.452Z,a0000000-0000-0000-0000-000000000001,2026-07-29T14:40:23.452Z,,
4611b09c-2555-43c1-8019-a5eb81d324ce,1e82d5fe-65b2-42ca-8610-424d8954253c,103500.00,IDR,1,2025-12-31T17:00:00.000Z,,,,medium,active,a0000000-0000-0000-0000-000000000001,2026-07-29T14:40:23.493Z,2026-07-29T14:40:23.493Z,a0000000-0000-0000-0000-000000000001,2026-07-29T14:40:23.493Z,,
501ca987-f5d5-4d5f-9e21-03fa76dda994,c6f1753d-4f97-4ad8-b6dc-4350abc0f8a7,75000.00,IDR,1,2025-12-31T17:00:00.000Z,,,,medium,active,a0000000-0000-0000-0000-000000000001,2026-07-29T14:40:23.535Z,2026-07-29T14:40:23.535Z,a0000000-0000-0000-0000-000000000001,2026-07-29T14:40:23.535Z,,
4baf2b1d-b181-4063-91a9-d54f513ecf80,57ec69b3-0caf-4e60-94bd-68b3b37355ae,3355000.00,IDR,1,2025-12-31T17:00:00.000Z,,,,medium,active,a0000000-0000-0000-0000-000000000001,2026-07-29T14:40:23.577Z,2026-07-29T14:40:23.577Z,a0000000-0000-0000-0000-000000000001,2026-07-29T14:40:23.577Z,,
78ec92ec-b383-4bea-83ca-c84094ba7f4d,7afad9e7-e466-4019-8b95-54d8877e424d,5000.00,IDR,1,2025-12-31T17:00:00.000Z,,,,medium,active,a0000000-0000-0000-0000-000000000001,2026-07-29T14:40:23.619Z,2026-07-29T14:40:23.619Z,a0000000-0000-0000-0000-000000000001,2026-07-29T14:40:23.619Z,,
beb2e0c8-6d2b-4c75-ba9f-0a2b711df7c7,ebfa06ca-cd11-4b25-a93e-6f224226491f,125500.00,IDR,1,2025-12-31T17:00:00.000Z,,,,medium,active,a0000000-0000-0000-0000-000000000001,2026-07-29T14:40:23.660Z,2026-07-29T14:40:23.660Z,a0000000-0000-0000-0000-000000000001,2026-07-29T14:40:23.660Z,,
eb671023-42d0-45ec-9e00-44306cf252e4,4993400a-180a-4cd0-8402-ee2f7fc9ea89,1.00,IDR,1,2025-12-31T17:00:00.000Z,,,,medium,active,a0000000-0000-0000-0000-000000000001,2026-07-29T14:40:23.702Z,2026-07-29T14:40:23.702Z,a0000000-0000-0000-0000-000000000001,2026-07-29T14:40:23.702Z,,
854f05c7-23a7-4705-95db-0e8693231f41,dbf9c1db-ca4e-4ca1-a3af-caca9bb7bb88,46500.00,IDR,1,2025-12-31T17:00:00.000Z,,,,medium,active,a0000000-0000-0000-0000-000000000001,2026-07-29T14:40:23.744Z,2026-07-29T14:40:23.744Z,a0000000-0000-0000-0000-000000000001,2026-07-29T14:40:23.744Z,,
ff9ec3a2-62d4-4a50-883f-8777bd1a13cc,b6c43abc-c1b7-48b3-8d30-0f9cd3500677,1945000.00,IDR,1,2025-12-31T17:00:00.000Z,,,,medium,active,a0000000-0000-0000-0000-000000000001,2026-07-29T14:40:23.786Z,2026-07-29T14:40:23.786Z,a0000000-0000-0000-0000-000000000001,2026-07-29T14:40:23.786Z,,
2b7028df-4e8d-40c6-9abe-1aade11e8db6,6aec6ee7-4f37-4db7-ac57-3e0218fbe775,200000.00,IDR,1,2025-12-31T17:00:00.000Z,,,,medium,active,a0000000-0000-0000-0000-000000000001,2026-07-29T14:40:23.828Z,2026-07-29T14:40:23.828Z,a0000000-0000-0000-0000-000000000001,2026-07-29T14:40:23.828Z,,
c1006b0b-98a7-4d9f-b63b-66d3592edb98,6a575587-7d06-4929-8b3e-be0b7d1d031c,750000.00,IDR,1,2025-12-31T17:00:00.000Z,,,,medium,active,a0000000-0000-0000-0000-000000000001,2026-07-29T14:40:23.870Z,2026-07-29T14:40:23.870Z,a0000000-0000-0000-0000-000000000001,2026-07-29T14:40:23.870Z,,
ebd896a0-5670-461f-9044-6dd335e6235c,f098e36c-7a70-4279-9f99-08018cd952fb,300000.00,IDR,1,2025-12-31T17:00:00.000Z,,,,medium,active,a0000000-0000-0000-0000-000000000001,2026-07-29T14:40:23.911Z,2026-07-29T14:40:23.911Z,a0000000-0000-0000-0000-000000000001,2026-07-29T14:40:23.911Z,,
64297591-5925-4a94-a631-2f7236d9e00a,bc1a3714-d3a9-4dde-be52-3c2136dba931,82900.00,IDR,1,2025-12-31T17:00:00.000Z,,,,medium,active,a0000000-0000-0000-0000-000000000001,2026-07-29T14:40:23.954Z,2026-07-29T14:40:23.954Z,a0000000-0000-0000-0000-000000000001,2026-07-29T14:40:23.954Z,,
51ec2094-8d5b-458f-87e2-ecd507d62fb0,38083168-7785-45f5-9521-bdee5b67fe7d,961200.00,IDR,1,2025-12-31T17:00:00.000Z,,,,medium,active,a0000000-0000-0000-0000-000000000001,2026-07-29T14:40:23.995Z,2026-07-29T14:40:23.995Z,a0000000-0000-0000-0000-000000000001,2026-07-29T14:40:23.995Z,,
722df7e8-c097-472a-89e2-a75611598c61,764a31df-8004-4e89-b7a1-93c87e22f0ae,2000.00,IDR,1,2025-12-31T17:00:00.000Z,,,,medium,active,a0000000-0000-0000-0000-000000000001,2026-07-29T14:40:24.037Z,2026-07-29T14:40:24.037Z,a0000000-0000-0000-0000-000000000001,2026-07-29T14:40:24.037Z,,
d5899b06-b0a5-4905-bc82-5136f63f0a2d,4afb1853-e40d-48c3-ac22-f7e0a71ccff9,34300.00,IDR,1,2025-12-31T17:00:00.000Z,,,,medium,active,a0000000-0000-0000-0000-000000000001,2026-07-29T14:40:24.079Z,2026-07-29T14:40:24.079Z,a0000000-0000-0000-0000-000000000001,2026-07-29T14:40:24.079Z,,
2cbb2193-f4c7-40f0-bcad-e006445eeb12,0c46308e-603d-4197-ba4c-17125c28e2e7,200.00,IDR,1,2025-12-31T17:00:00.000Z,,,,medium,active,a0000000-0000-0000-0000-000000000001,2026-07-29T14:40:24.121Z,2026-07-29T14:40:24.121Z,a0000000-0000-0000-0000-000000000001,2026-07-29T14:40:24.121Z,,
7240c2c7-fe09-43fc-918f-de362c474d9a,5b41091c-eaf9-4a57-b51c-30f99d84f9b0,50000.00,IDR,1,2025-12-31T17:00:00.000Z,,,,medium,active,a0000000-0000-0000-0000-000000000001,2026-07-29T14:40:24.163Z,2026-07-29T14:40:24.163Z,a0000000-0000-0000-0000-000000000001,2026-07-29T14:40:24.163Z,,
2f2779c8-4b11-4a20-90cc-7e53c92fd717,81bb62e7-99ee-47e1-8cf7-593b3bedb4af,5500000.00,IDR,1,2025-12-31T17:00:00.000Z,,,,medium,active,a0000000-0000-0000-0000-000000000001,2026-07-29T14:40:24.204Z,2026-07-29T14:40:24.204Z,a0000000-0000-0000-0000-000000000001,2026-07-29T14:40:24.204Z,,
b1063df6-c225-4e59-b34d-798bb3b12e51,3508e078-4103-4b05-86d3-61cc11539326,65000.00,IDR,1,2025-12-31T17:00:00.000Z,,,,medium,active,a0000000-0000-0000-0000-000000000001,2026-07-29T14:40:24.247Z,2026-07-29T14:40:24.247Z,a0000000-0000-0000-0000-000000000001,2026-07-29T14:40:24.247Z,,
af859a4d-5192-4a7d-8f84-e273fb3d1af5,80399116-3610-4d58-bffd-21063d86831e,15000.00,IDR,1,2025-12-31T17:00:00.000Z,,,,medium,active,a0000000-0000-0000-0000-000000000001,2026-07-29T14:40:24.288Z,2026-07-29T14:40:24.288Z,a0000000-0000-0000-0000-000000000001,2026-07-29T14:40:24.288Z,,
c605463a-d2d9-4bab-a212-41f7753f1dc8,5e36aafd-282f-40a2-818f-6361e1982b30,340000.00,IDR,1,2025-12-31T17:00:00.000Z,,,,medium,active,a0000000-0000-0000-0000-000000000001,2026-07-29T14:40:24.331Z,2026-07-29T14:40:24.331Z,a0000000-0000-0000-0000-000000000001,2026-07-29T14:40:24.331Z,,
398510d5-e775-46e7-a404-ba43ae1685e7,00baac95-4653-4da6-853d-052ce02dab28,1.00,IDR,1,2025-12-31T17:00:00.000Z,,,,medium,active,a0000000-0000-0000-0000-000000000001,2026-07-29T14:40:24.373Z,2026-07-29T14:40:24.373Z,a0000000-0000-0000-0000-000000000001,2026-07-29T14:40:24.373Z,,
8969be5b-14c2-4c46-94fe-10190d28950f,f836626f-3ad3-4cf6-bb93-cd656be01dde,1740000.00,IDR,1,2025-12-31T17:00:00.000Z,,,,medium,active,a0000000-0000-0000-0000-000000000001,2026-07-29T14:40:24.415Z,2026-07-29T14:40:24.415Z,a0000000-0000-0000-0000-000000000001,2026-07-29T14:40:24.415Z,,
f651171b-8426-4e0b-af59-5f2e5cad4964,3f7e2209-4e2d-4da2-9b06-e6a568ed8391,200000.00,IDR,1,2025-12-31T17:00:00.000Z,,,,medium,active,a0000000-0000-0000-0000-000000000001,2026-07-29T14:40:24.457Z,2026-07-29T14:40:24.457Z,a0000000-0000-0000-0000-000000000001,2026-07-29T14:40:24.457Z,,
bbcfe679-d545-4b65-89b5-befc195279c8,515a41c4-d50c-4bdd-b30b-461c61826592,800000.00,IDR,1,2025-12-31T17:00:00.000Z,,,,medium,active,a0000000-0000-0000-0000-000000000001,2026-07-29T14:40:24.499Z,2026-07-29T14:40:24.499Z,a0000000-0000-0000-0000-000000000001,2026-07-29T14:40:24.499Z,,
3db0bba3-f4fd-4c76-a41e-96b7da35ce15,6059c7f7-4f14-4a77-9b39-741e50a08d56,171500.00,IDR,1,2025-12-31T17:00:00.000Z,,,,medium,active,a0000000-0000-0000-0000-000000000001,2026-07-29T14:40:24.541Z,2026-07-29T14:40:24.541Z,a0000000-0000-0000-0000-000000000001,2026-07-29T14:40:24.541Z,,
ec979df2-46a2-4f10-8e27-9517cec6877b,243f9fe8-ca9c-4e05-912b-a66424d38a16,20000.00,IDR,1,2025-12-31T17:00:00.000Z,,,,medium,active,a0000000-0000-0000-0000-000000000001,2026-07-29T14:40:24.583Z,2026-07-29T14:40:24.583Z,a0000000-0000-0000-0000-000000000001,2026-07-29T14:40:24.583Z,,
09fc0880-b0e2-4524-b342-627b15240e26,739ed562-8576-4661-a438-e909b4429422,18800.00,IDR,1,2025-12-31T17:00:00.000Z,,,,medium,active,a0000000-0000-0000-0000-000000000001,2026-07-29T14:40:24.625Z,2026-07-29T14:40:24.625Z,a0000000-0000-0000-0000-000000000001,2026-07-29T14:40:24.625Z,,
bce2f97b-d6c9-49d4-b907-264e467f87ba,d5fa5219-54b2-4edd-a123-ea2fc558bd89,5000.00,IDR,1,2025-12-31T17:00:00.000Z,,,,medium,active,a0000000-0000-0000-0000-000000000001,2026-07-29T14:40:24.667Z,2026-07-29T14:40:24.667Z,a0000000-0000-0000-0000-000000000001,2026-07-29T14:40:24.667Z,,
a3c97613-4e05-4aa7-ba91-7a7c25725e96,1d6ed4f2-175c-492b-8c7b-9525b1e7d6b5,5000.00,IDR,1,2025-12-31T17:00:00.000Z,,,,medium,active,a0000000-0000-0000-0000-000000000001,2026-07-29T14:40:24.709Z,2026-07-29T14:40:24.709Z,a0000000-0000-0000-0000-000000000001,2026-07-29T14:40:24.709Z,,
9e223fd0-dd51-46cb-b30b-23fcb47049a2,200c1046-d780-437c-8ca9-1850321998e8,67900.00,IDR,1,2025-12-31T17:00:00.000Z,,,,medium,active,a0000000-0000-0000-0000-000000000001,2026-07-29T14:40:24.751Z,2026-07-29T14:40:24.751Z,a0000000-0000-0000-0000-000000000001,2026-07-29T14:40:24.751Z,,
67d41f1b-083e-4481-8ebd-ab0824d5e472,858d7511-dc7a-48a5-8ad8-2df9b08c26d8,55000.00,IDR,1,2025-12-31T17:00:00.000Z,,,,medium,active,a0000000-0000-0000-0000-000000000001,2026-07-29T14:40:24.793Z,2026-07-29T14:40:24.793Z,a0000000-0000-0000-0000-000000000001,2026-07-29T14:40:24.793Z,,
4f5e328f-0c45-4781-a042-6d1df58e5aa2,59d2c41e-e316-4389-9d53-e32725b87f10,140000.00,IDR,1,2025-12-31T17:00:00.000Z,,,,medium,active,a0000000-0000-0000-0000-000000000001,2026-07-29T14:40:24.835Z,2026-07-29T14:40:24.835Z,a0000000-0000-0000-0000-000000000001,2026-07-29T14:40:24.835Z,,
27e6956e-77c5-4996-9b22-70c8f611edee,eb927866-afce-4c19-801a-588b07d7cd9d,1.00,IDR,1,2025-12-31T17:00:00.000Z,,,,medium,active,a0000000-0000-0000-0000-000000000001,2026-07-29T14:40:24.877Z,2026-07-29T14:40:24.877Z,a0000000-0000-0000-0000-000000000001,2026-07-29T14:40:24.877Z,,
ff26efc6-72d3-483b-9107-aa608a3e02db,70719952-55bc-4269-8434-3287e0f7425e,20000.00,IDR,1,2025-12-31T17:00:00.000Z,,,,medium,active,a0000000-0000-0000-0000-000000000001,2026-07-29T14:40:24.920Z,2026-07-29T14:40:24.920Z,a0000000-0000-0000-0000-000000000001,2026-07-29T14:40:24.920Z,,
8002ca36-9e80-4c1e-934a-d7411c216dfd,6bc367d0-166e-429f-b75b-f5f7df06d5f8,20000.00,IDR,1,2025-12-31T17:00:00.000Z,,,,medium,active,a0000000-0000-0000-0000-000000000001,2026-07-29T14:40:24.968Z,2026-07-29T14:40:24.968Z,a0000000-0000-0000-0000-000000000001,2026-07-29T14:40:24.968Z,,
cc38c215-48b0-489c-a2ca-252410ab4ddc,a3709110-aac6-4dec-b791-3702eaa2349b,310000.00,IDR,1,2025-12-31T17:00:00.000Z,,,,medium,active,a0000000-0000-0000-0000-000000000001,2026-07-29T14:40:25.010Z,2026-07-29T14:40:25.010Z,a0000000-0000-0000-0000-000000000001,2026-07-29T14:40:25.010Z,,
3f1bd13d-7f27-4df0-a2b5-07d30daeb887,cec37a0f-a7da-489a-8475-9d21ce4481bf,67900.00,IDR,1,2025-12-31T17:00:00.000Z,,,,medium,active,a0000000-0000-0000-0000-000000000001,2026-07-29T14:40:25.053Z,2026-07-29T14:40:25.053Z,a0000000-0000-0000-0000-000000000001,2026-07-29T14:40:25.053Z,,
efe74d77-537c-4679-a197-a214d5e82ad2,e90a5a8f-7206-453f-ac75-c65fb851696f,370000.00,IDR,1,2025-12-31T17:00:00.000Z,,,,medium,active,a0000000-0000-0000-0000-000000000001,2026-07-29T14:40:25.095Z,2026-07-29T14:40:25.095Z,a0000000-0000-0000-0000-000000000001,2026-07-29T14:40:25.095Z,,
87f1bd96-8452-43d4-a4db-558df904bc3f,fd60c338-075f-4a1b-afe5-b4d755c9710e,276400.00,IDR,1,2025-12-31T17:00:00.000Z,,,,medium,active,a0000000-0000-0000-0000-000000000001,2026-07-29T14:40:25.137Z,2026-07-29T14:40:25.137Z,a0000000-0000-0000-0000-000000000001,2026-07-29T14:40:25.137Z,,
9a4107e3-df04-47e6-92d4-871b70d66654,e1ef77b3-877f-4805-bbb8-482dedc4a778,20000.00,IDR,1,2025-12-31T17:00:00.000Z,,,,medium,active,a0000000-0000-0000-0000-000000000001,2026-07-29T14:40:25.180Z,2026-07-29T14:40:25.180Z,a0000000-0000-0000-0000-000000000001,2026-07-29T14:40:25.180Z,,
10e20655-4c24-4401-a213-e648f60fa57e,2ed9c541-0b01-461b-95f7-2100bfba8396,20000.00,IDR,1,2025-12-31T17:00:00.000Z,,,,medium,active,a0000000-0000-0000-0000-000000000001,2026-07-29T14:40:25.222Z,2026-07-29T14:40:25.222Z,a0000000-0000-0000-0000-000000000001,2026-07-29T14:40:25.222Z,,
7feb911d-7f35-4f14-a740-9d18f4abbac8,dd10a5f6-9715-4928-96ac-450f2846deb5,490000.00,IDR,1,2025-12-31T17:00:00.000Z,,,,medium,active,a0000000-0000-0000-0000-000000000001,2026-07-29T14:40:25.264Z,2026-07-29T14:40:25.264Z,a0000000-0000-0000-0000-000000000001,2026-07-29T14:40:25.264Z,,
c0a0da0f-4bbf-499c-a150-c891d7b52fd1,0e77bc94-08d4-4482-a8a7-60d4938ef004,118000.00,IDR,1,2025-12-31T17:00:00.000Z,,,,medium,active,a0000000-0000-0000-0000-000000000001,2026-07-29T14:40:25.307Z,2026-07-29T14:40:25.307Z,a0000000-0000-0000-0000-000000000001,2026-07-29T14:40:25.307Z,,
f5375993-647e-4cb9-966e-16c278cc823b,74bedf14-8b72-418a-8e95-7df1002d7347,67900.00,IDR,1,2025-12-31T17:00:00.000Z,,,,medium,active,a0000000-0000-0000-0000-000000000001,2026-07-29T14:40:25.349Z,2026-07-29T14:40:25.349Z,a0000000-0000-0000-0000-000000000001,2026-07-29T14:40:25.349Z,,
1bc87993-dac7-4401-b42f-dfc98524d4cb,0dbea8dd-3c02-46c5-a943-d51e314666a1,3000.00,IDR,1,2025-12-31T17:00:00.000Z,,,,medium,active,a0000000-0000-0000-0000-000000000001,2026-07-29T14:40:25.391Z,2026-07-29T14:40:25.391Z,a0000000-0000-0000-0000-000000000001,2026-07-29T14:40:25.391Z,,
3c1c14c4-3f76-4eca-a66a-4e8e75c2a9ae,031c1b4d-2ead-4c24-ac07-0429445bfbc4,300000.00,IDR,1,2025-12-31T17:00:00.000Z,,,,medium,active,a0000000-0000-0000-0000-000000000001,2026-07-29T14:40:25.433Z,2026-07-29T14:40:25.433Z,a0000000-0000-0000-0000-000000000001,2026-07-29T14:40:25.433Z,,
34451106-da5f-424b-b803-6851e4b49d1c,94f5b4ab-8fb0-4885-b91d-dbdd05951755,72700.00,IDR,1,2025-12-31T17:00:00.000Z,,,,medium,active,a0000000-0000-0000-0000-000000000001,2026-07-29T14:40:25.475Z,2026-07-29T14:40:25.475Z,a0000000-0000-0000-0000-000000000001,2026-07-29T14:40:25.475Z,,
5db401e1-8b97-4a60-99e5-736617b45d5b,1fa7620f-47bf-445c-84fc-1bd2d939a176,9000.00,IDR,1,2025-12-31T17:00:00.000Z,,,,medium,active,a0000000-0000-0000-0000-000000000001,2026-07-29T14:40:25.517Z,2026-07-29T14:40:25.517Z,a0000000-0000-0000-0000-000000000001,2026-07-29T14:40:25.517Z,,
4b7c70d8-f726-41fe-9a7e-857ba7678b11,e6a0108e-4b91-4f29-97d1-abac5a1b137d,20000.00,IDR,1,2025-12-31T17:00:00.000Z,,,,medium,active,a0000000-0000-0000-0000-000000000001,2026-07-29T14:40:25.559Z,2026-07-29T14:40:25.559Z,a0000000-0000-0000-0000-000000000001,2026-07-29T14:40:25.559Z,,
25d3c5cc-82b2-429c-8bf4-d484b6d1088e,d4afd632-c7d7-4296-a921-537c24cdddc8,140000.00,IDR,1,2025-12-31T17:00:00.000Z,,,,medium,active,a0000000-0000-0000-0000-000000000001,2026-07-29T14:40:25.602Z,2026-07-29T14:40:25.602Z,a0000000-0000-0000-0000-000000000001,2026-07-29T14:40:25.602Z,,
4bbc0ab1-ae21-44db-896e-ea458a50c707,5a648c68-fece-44d3-9025-5791995e0a0b,18000.00,IDR,1,2025-12-31T17:00:00.000Z,,,,medium,active,a0000000-0000-0000-0000-000000000001,2026-07-29T14:40:25.643Z,2026-07-29T14:40:25.643Z,a0000000-0000-0000-0000-000000000001,2026-07-29T14:40:25.643Z,,
d6e11410-6e03-4c68-adfc-2a7d4bc9aeb1,b40b31e2-28fb-4a36-97af-174a67020b4c,1259000.00,IDR,1,2025-12-31T17:00:00.000Z,,,,medium,active,a0000000-0000-0000-0000-000000000001,2026-07-29T14:40:25.685Z,2026-07-29T14:40:25.685Z,a0000000-0000-0000-0000-000000000001,2026-07-29T14:40:25.685Z,,
60dcbbe2-fe4c-47e1-a06f-23c01e19d6e7,1a4d656d-12e6-4b1d-99ca-d79ee92b8c0e,5000.00,IDR,1,2025-12-31T17:00:00.000Z,,,,medium,active,a0000000-0000-0000-0000-000000000001,2026-07-29T14:40:25.728Z,2026-07-29T14:40:25.728Z,a0000000-0000-0000-0000-000000000001,2026-07-29T14:40:25.728Z,,
aaf6346a-9372-4e0a-a34a-490d11129199,d331a0eb-3862-456b-a691-00fa45b4fba6,50000.00,IDR,1,2025-12-31T17:00:00.000Z,,,,medium,active,a0000000-0000-0000-0000-000000000001,2026-07-29T14:40:25.769Z,2026-07-29T14:40:25.769Z,a0000000-0000-0000-0000-000000000001,2026-07-29T14:40:25.769Z,,
b1702f46-dbec-4650-a3b7-c6f1c1fca8e7,a7566f10-1e60-4c4a-88ff-78df42d73319,1500000.00,IDR,1,2025-12-31T17:00:00.000Z,,,,medium,active,a0000000-0000-0000-0000-000000000001,2026-07-29T14:40:25.812Z,2026-07-29T14:40:25.812Z,a0000000-0000-0000-0000-000000000001,2026-07-29T14:40:25.812Z,,
b00fc868-654a-4d5a-8059-02e144489115,a23c627d-f4aa-4b6b-9d7e-c03feb9639d4,269500.00,IDR,1,2025-12-31T17:00:00.000Z,,,,medium,active,a0000000-0000-0000-0000-000000000001,2026-07-29T14:40:25.853Z,2026-07-29T14:40:25.853Z,a0000000-0000-0000-0000-000000000001,2026-07-29T14:40:25.853Z,,
19211536-fe7e-48d6-bd4e-51e98461d765,881e91cc-7326-4d31-811e-3ee2a121b2ab,320000.00,IDR,1,2025-12-31T17:00:00.000Z,,,,medium,active,a0000000-0000-0000-0000-000000000001,2026-07-29T14:40:25.895Z,2026-07-29T14:40:25.895Z,a0000000-0000-0000-0000-000000000001,2026-07-29T14:40:25.895Z,,
296f0f03-7634-4dc9-b731-4998907c74d9,468adcba-943c-4be8-ac0d-3a9b332fc9b5,656000.00,IDR,1,2025-12-31T17:00:00.000Z,,,,medium,active,a0000000-0000-0000-0000-000000000001,2026-07-29T14:40:25.938Z,2026-07-29T14:40:25.938Z,a0000000-0000-0000-0000-000000000001,2026-07-29T14:40:25.938Z,,
947ce48b-47c1-4c82-91c0-93ff66675587,62aa0e38-94af-4c87-bd47-b42b29684dad,325000.00,IDR,1,2025-12-31T17:00:00.000Z,,,,medium,active,a0000000-0000-0000-0000-000000000001,2026-07-29T14:40:25.980Z,2026-07-29T14:40:25.980Z,a0000000-0000-0000-0000-000000000001,2026-07-29T14:40:25.980Z,,
a0bb5ac2-0884-419e-916c-43bb4196417d,bf639b26-e8ef-4bca-90ff-a5377c553985,1500000.00,IDR,1,2025-12-31T17:00:00.000Z,,,,medium,active,a0000000-0000-0000-0000-000000000001,2026-07-29T14:40:26.023Z,2026-07-29T14:40:26.023Z,a0000000-0000-0000-0000-000000000001,2026-07-29T14:40:26.023Z,,
0c15bde5-77d9-4083-9f51-674abf73b4f1,20b87f1d-5526-49b2-bdf5-b38daecf5d65,400000.00,IDR,1,2025-12-31T17:00:00.000Z,,,,medium,active,a0000000-0000-0000-0000-000000000001,2026-07-29T14:40:26.065Z,2026-07-29T14:40:26.065Z,a0000000-0000-0000-0000-000000000001,2026-07-29T14:40:26.065Z,,
1f4572f6-b214-4a9f-9ac0-3e0817809d07,68532765-7c56-461d-ab36-faf5d4fce445,9300.00,IDR,1,2025-12-31T17:00:00.000Z,,,,medium,active,a0000000-0000-0000-0000-000000000001,2026-07-29T14:40:26.107Z,2026-07-29T14:40:26.107Z,a0000000-0000-0000-0000-000000000001,2026-07-29T14:40:26.107Z,,
74797e44-983d-4144-9c17-17bfd4c6bfd2,3356c9fa-5260-4b18-9efc-925881603cb5,67900.00,IDR,1,2025-12-31T17:00:00.000Z,,,,medium,active,a0000000-0000-0000-0000-000000000001,2026-07-29T14:40:26.149Z,2026-07-29T14:40:26.149Z,a0000000-0000-0000-0000-000000000001,2026-07-29T14:40:26.149Z,,
da564522-af0f-460c-8f0a-83b5ec031bd9,83fb52cc-14cf-4f0d-bcc7-0f63f2dfb3f6,21600.00,IDR,1,2025-12-31T17:00:00.000Z,,,,medium,active,a0000000-0000-0000-0000-000000000001,2026-07-29T14:40:26.192Z,2026-07-29T14:40:26.192Z,a0000000-0000-0000-0000-000000000001,2026-07-29T14:40:26.192Z,,
7f89ae6d-e1c7-4a6f-bc7f-f47b93147bc6,638ae21c-5659-4021-b559-5bf04f382bf8,67900.00,IDR,1,2025-12-31T17:00:00.000Z,,,,medium,active,a0000000-0000-0000-0000-000000000001,2026-07-29T14:40:26.235Z,2026-07-29T14:40:26.235Z,a0000000-0000-0000-0000-000000000001,2026-07-29T14:40:26.235Z,,
0b187738-69de-49d3-85c1-d3e49291ecf7,4578ec1d-d094-4ef5-8a0a-5c18518d712d,150000.00,IDR,1,2025-12-31T17:00:00.000Z,,,,medium,active,a0000000-0000-0000-0000-000000000001,2026-07-29T14:40:26.277Z,2026-07-29T14:40:26.277Z,a0000000-0000-0000-0000-000000000001,2026-07-29T14:40:26.277Z,,
1e9a15e8-d3ef-4b29-85fc-aaf7dd5ca802,5f5e7241-b127-4fa9-8572-389a897ed1ca,28000.00,IDR,1,2025-12-31T17:00:00.000Z,,,,medium,active,a0000000-0000-0000-0000-000000000001,2026-07-29T14:40:26.320Z,2026-07-29T14:40:26.320Z,a0000000-0000-0000-0000-000000000001,2026-07-29T14:40:26.320Z,,
59b2aaa6-f39e-4cb2-a03f-8864fc4dab7c,b6fbba25-6215-47ef-bba8-4f85cb051286,99600.00,IDR,1,2025-12-31T17:00:00.000Z,,,,medium,active,a0000000-0000-0000-0000-000000000001,2026-07-29T14:40:26.362Z,2026-07-29T14:40:26.362Z,a0000000-0000-0000-0000-000000000001,2026-07-29T14:40:26.362Z,,
2f8f6a45-312a-4bbc-931b-e509a40be723,fbc8da40-e21b-4a71-9bba-90fece9db140,20000.00,IDR,1,2025-12-31T17:00:00.000Z,,,,medium,active,a0000000-0000-0000-0000-000000000001,2026-07-29T14:40:26.404Z,2026-07-29T14:40:26.404Z,a0000000-0000-0000-0000-000000000001,2026-07-29T14:40:26.404Z,,
479461ef-d122-4817-bcfc-0c913c3ed736,021baa6b-c069-42af-a0f9-02cb2e9377af,1980000.00,IDR,1,2025-12-31T17:00:00.000Z,,,,medium,active,a0000000-0000-0000-0000-000000000001,2026-07-29T14:40:26.445Z,2026-07-29T14:40:26.445Z,a0000000-0000-0000-0000-000000000001,2026-07-29T14:40:26.445Z,,
2ebfcf43-d10f-499a-a9f8-d30670f0b93f,69d5dc0a-7fd3-48a2-ab67-6f35ebc3a9f6,320000.00,IDR,1,2025-12-31T17:00:00.000Z,,,,medium,active,a0000000-0000-0000-0000-000000000001,2026-07-29T14:40:26.488Z,2026-07-29T14:40:26.488Z,a0000000-0000-0000-0000-000000000001,2026-07-29T14:40:26.488Z,,
93d03700-d08d-4271-94c7-a0f58513589d,cdbbcb61-ef9b-44e1-b475-897f0de1b1d7,370200.00,IDR,1,2025-12-31T17:00:00.000Z,,,,medium,active,a0000000-0000-0000-0000-000000000001,2026-07-29T14:40:26.530Z,2026-07-29T14:40:26.530Z,a0000000-0000-0000-0000-000000000001,2026-07-29T14:40:26.530Z,,
9da30ee0-81da-463f-af80-c4d4d88aa417,104e6ec7-be48-42a4-bd61-084db18ca1fc,95000.00,IDR,1,2025-12-31T17:00:00.000Z,,,,medium,active,a0000000-0000-0000-0000-000000000001,2026-07-29T14:40:26.572Z,2026-07-29T14:40:26.572Z,a0000000-0000-0000-0000-000000000001,2026-07-29T14:40:26.572Z,,
e3baeca1-9989-4f30-a8df-fc6802c3699a,5804b5ad-cc63-4388-88ba-6ded49c9bce5,370000.00,IDR,1,2025-12-31T17:00:00.000Z,,,,medium,active,a0000000-0000-0000-0000-000000000001,2026-07-29T14:40:26.615Z,2026-07-29T14:40:26.615Z,a0000000-0000-0000-0000-000000000001,2026-07-29T14:40:26.615Z,,
0fadf8b6-416e-493f-9be1-398d78917756,49688aed-d809-424b-9967-060b25c361b7,609000.00,IDR,1,2025-12-31T17:00:00.000Z,,,,medium,active,a0000000-0000-0000-0000-000000000001,2026-07-29T14:40:26.657Z,2026-07-29T14:40:26.657Z,a0000000-0000-0000-0000-000000000001,2026-07-29T14:40:26.657Z,,
57edacbe-506f-49fd-8dbc-bac1755742b6,ec2fee0d-cc8c-4c8f-828a-3a85b563293a,20714.29,IDR,1,2025-12-31T17:00:00.000Z,,,,medium,active,a0000000-0000-0000-0000-000000000001,2026-07-29T14:40:26.699Z,2026-07-29T14:40:26.699Z,a0000000-0000-0000-0000-000000000001,2026-07-29T14:40:26.699Z,,
2a1d0356-a84d-4ff8-9b2a-6e581c855556,38f03139-dafe-474b-bb75-dd48637ee286,20000.00,IDR,1,2025-12-31T17:00:00.000Z,,,,medium,active,a0000000-0000-0000-0000-000000000001,2026-07-29T14:40:26.741Z,2026-07-29T14:40:26.741Z,a0000000-0000-0000-0000-000000000001,2026-07-29T14:40:26.741Z,,
262691b2-919f-457c-83a5-a264a08e26ee,74b59eea-ab09-49e7-9628-3d738cc1a394,445000.00,IDR,1,2025-12-31T17:00:00.000Z,,,,medium,active,a0000000-0000-0000-0000-000000000001,2026-07-29T14:40:26.782Z,2026-07-29T14:40:26.782Z,a0000000-0000-0000-0000-000000000001,2026-07-29T14:40:26.782Z,,
0754be92-9345-4be3-a519-ccf210853c11,e0436b26-f9ac-4e0d-b617-3dcda44b2298,10400.00,IDR,1,2025-12-31T17:00:00.000Z,,,,medium,active,a0000000-0000-0000-0000-000000000001,2026-07-29T14:40:26.824Z,2026-07-29T14:40:26.824Z,a0000000-0000-0000-0000-000000000001,2026-07-29T14:40:26.824Z,,
fb7da6ae-47eb-4cd6-982d-f2e235e20105,19c297a0-04bf-41f3-b1b3-08bf897d28a8,9950.00,IDR,1,2025-12-31T17:00:00.000Z,,,,medium,active,a0000000-0000-0000-0000-000000000001,2026-07-29T14:40:26.866Z,2026-07-29T14:40:26.866Z,a0000000-0000-0000-0000-000000000001,2026-07-29T14:40:26.866Z,,
768fd99e-a109-4769-8173-48cfdfaeb18c,317dee54-c22f-4eb3-9d5e-44ba4c916b9d,4600000.00,IDR,1,2025-12-31T17:00:00.000Z,,,,medium,active,a0000000-0000-0000-0000-000000000001,2026-07-29T14:40:26.908Z,2026-07-29T14:40:26.908Z,a0000000-0000-0000-0000-000000000001,2026-07-29T14:40:26.908Z,,
234d742c-be3e-410a-8ca4-020cd04787ea,749ff195-0649-4a88-baed-745486d8ce8b,5700.00,IDR,1,2025-12-31T17:00:00.000Z,,,,medium,active,a0000000-0000-0000-0000-000000000001,2026-07-29T14:40:26.950Z,2026-07-29T14:40:26.950Z,a0000000-0000-0000-0000-000000000001,2026-07-29T14:40:26.950Z,,
fb2084e7-ec85-4491-98fd-debd58d370d9,d62b8ebb-4f07-47cd-ba93-1def6feb8ed0,1.00,IDR,1,2025-12-31T17:00:00.000Z,,,,medium,active,a0000000-0000-0000-0000-000000000001,2026-07-29T14:40:26.992Z,2026-07-29T14:40:26.992Z,a0000000-0000-0000-0000-000000000001,2026-07-29T14:40:26.992Z,,
e29e7b0e-8fb8-41fe-922d-b24eb7e70871,5334ebbf-e386-4335-9b27-1d247af808d8,71250.00,IDR,1,2025-12-31T17:00:00.000Z,,,,medium,active,a0000000-0000-0000-0000-000000000001,2026-07-29T14:40:27.034Z,2026-07-29T14:40:27.034Z,a0000000-0000-0000-0000-000000000001,2026-07-29T14:40:27.034Z,,
c19a64b1-92f2-4d70-ad55-aa066c8b7409,8b8c9574-bd88-4b3a-85af-32e25f32a323,36000.00,IDR,1,2025-12-31T17:00:00.000Z,,,,medium,active,a0000000-0000-0000-0000-000000000001,2026-07-29T14:40:27.076Z,2026-07-29T14:40:27.076Z,a0000000-0000-0000-0000-000000000001,2026-07-29T14:40:27.076Z,,
53d43bd5-71eb-405e-aae9-c61e8698965b,0cebf3a6-5ac5-4c37-9c08-e6154fabb14f,125000.00,IDR,1,2025-12-31T17:00:00.000Z,,,,medium,active,a0000000-0000-0000-0000-000000000001,2026-07-29T14:40:27.119Z,2026-07-29T14:40:27.119Z,a0000000-0000-0000-0000-000000000001,2026-07-29T14:40:27.119Z,,
f7a31266-d1b0-485c-9141-ba7f26fd158f,c84a2f34-5dcd-435e-a679-8c2f628fef6f,1500000.00,IDR,1,2025-12-31T17:00:00.000Z,,,,medium,active,a0000000-0000-0000-0000-000000000001,2026-07-29T14:40:27.161Z,2026-07-29T14:40:27.161Z,a0000000-0000-0000-0000-000000000001,2026-07-29T14:40:27.161Z,,
d710636f-418a-4bac-8de8-17735d0b6417,50dd5aa6-92d6-4fcb-8687-23d0484c5bc8,1.00,IDR,1,2025-12-31T17:00:00.000Z,,,,medium,active,a0000000-0000-0000-0000-000000000001,2026-07-29T14:40:27.203Z,2026-07-29T14:40:27.203Z,a0000000-0000-0000-0000-000000000001,2026-07-29T14:40:27.203Z,,
0e304bbc-7dc9-4b1c-9722-768079c85644,ad36cec7-eb84-4910-be8b-1aa8d6d47b4b,77000.00,IDR,1,2025-12-31T17:00:00.000Z,,,,medium,active,a0000000-0000-0000-0000-000000000001,2026-07-29T14:40:27.245Z,2026-07-29T14:40:27.245Z,a0000000-0000-0000-0000-000000000001,2026-07-29T14:40:27.245Z,,
efd16688-3926-47ad-8ff1-8afe0e132a31,442dfbb2-f45d-46c5-a414-ff531e07a225,105700.00,IDR,1,2025-12-31T17:00:00.000Z,,,,medium,active,a0000000-0000-0000-0000-000000000001,2026-07-29T14:40:27.287Z,2026-07-29T14:40:27.287Z,a0000000-0000-0000-0000-000000000001,2026-07-29T14:40:27.287Z,,
9b213c94-2045-4008-9f93-3bdaced28723,16d619cb-134e-4e75-a2f2-7b425a7c5162,102000.00,IDR,1,2025-12-31T17:00:00.000Z,,,,medium,active,a0000000-0000-0000-0000-000000000001,2026-07-29T14:40:27.329Z,2026-07-29T14:40:27.329Z,a0000000-0000-0000-0000-000000000001,2026-07-29T14:40:27.329Z,,
ce6da733-4279-4e65-97ed-00bdd5c936c5,0cb7a0ff-399d-4390-9dda-31a1a18472a4,22800.00,IDR,1,2025-12-31T17:00:00.000Z,,,,medium,active,a0000000-0000-0000-0000-000000000001,2026-07-29T14:40:27.371Z,2026-07-29T14:40:27.371Z,a0000000-0000-0000-0000-000000000001,2026-07-29T14:40:27.371Z,,
8e190561-ba84-4477-ad38-a0428ff27121,71a205b5-d83f-4baa-af6d-b76ee2e1a693,20000.00,IDR,1,2025-12-31T17:00:00.000Z,,,,medium,active,a0000000-0000-0000-0000-000000000001,2026-07-29T14:40:27.413Z,2026-07-29T14:40:27.413Z,a0000000-0000-0000-0000-000000000001,2026-07-29T14:40:27.413Z,,
47b95c0e-914e-4097-9d91-a420c0c198b5,c4b4d0d5-cb4a-4cec-9a47-f91439707192,1055000.00,IDR,1,2025-12-31T17:00:00.000Z,,,,medium,active,a0000000-0000-0000-0000-000000000001,2026-07-29T14:40:27.455Z,2026-07-29T14:40:27.455Z,a0000000-0000-0000-0000-000000000001,2026-07-29T14:40:27.455Z,,
c0b5d444-faae-48bd-b0c9-206b39ef8d3c,5493f335-c8ce-442c-9f7c-0023e8cc610f,17500.00,IDR,1,2025-12-31T17:00:00.000Z,,,,medium,active,a0000000-0000-0000-0000-000000000001,2026-07-29T14:40:27.496Z,2026-07-29T14:40:27.496Z,a0000000-0000-0000-0000-000000000001,2026-07-29T14:40:27.496Z,,
e64489fa-8d45-4d8b-af51-592be6caba9f,a6333831-3933-4819-8171-8ee1813b36b8,30500.00,IDR,1,2025-12-31T17:00:00.000Z,,,,medium,active,a0000000-0000-0000-0000-000000000001,2026-07-29T14:40:27.538Z,2026-07-29T14:40:27.538Z,a0000000-0000-0000-0000-000000000001,2026-07-29T14:40:27.538Z,,
a42bf7af-f974-4025-b136-c284afc18539,2038bc1d-96f3-4363-af51-32d2a329066e,30500.00,IDR,1,2025-12-31T17:00:00.000Z,,,,medium,active,a0000000-0000-0000-0000-000000000001,2026-07-29T14:40:27.580Z,2026-07-29T14:40:27.580Z,a0000000-0000-0000-0000-000000000001,2026-07-29T14:40:27.580Z,,
d5ec4031-fefe-410c-9528-c3860021e94d,0c19079a-0bd6-4bdf-8229-906a88e13312,34000.00,IDR,1,2025-12-31T17:00:00.000Z,,,,medium,active,a0000000-0000-0000-0000-000000000001,2026-07-29T14:40:27.622Z,2026-07-29T14:40:27.622Z,a0000000-0000-0000-0000-000000000001,2026-07-29T14:40:27.622Z,,
7b284213-15a9-4128-bea4-911ec41185ff,7667f604-c96c-4b68-bd39-d282eaec68c3,12000.00,IDR,1,2025-12-31T17:00:00.000Z,,,,medium,active,a0000000-0000-0000-0000-000000000001,2026-07-29T14:40:27.665Z,2026-07-29T14:40:27.665Z,a0000000-0000-0000-0000-000000000001,2026-07-29T14:40:27.665Z,,
ee353db2-dfb6-465f-b715-8858a2246b35,a3624b82-80e3-4074-8f5f-bbc1913c0aed,1900000.00,IDR,1,2025-12-31T17:00:00.000Z,,,,medium,active,a0000000-0000-0000-0000-000000000001,2026-07-29T14:40:27.706Z,2026-07-29T14:40:27.706Z,a0000000-0000-0000-0000-000000000001,2026-07-29T14:40:27.706Z,,
e5f69d9d-e263-48c6-a778-c7bf69144c7a,5d4a3aa6-26bb-4407-9afe-805b01a77ece,77000.00,IDR,1,2025-12-31T17:00:00.000Z,,,,medium,active,a0000000-0000-0000-0000-000000000001,2026-07-29T14:40:27.749Z,2026-07-29T14:40:27.749Z,a0000000-0000-0000-0000-000000000001,2026-07-29T14:40:27.749Z,,
4089a947-fbee-4d45-bc8a-39af077b2a35,8cb3d999-d359-46c6-b266-5ba9f67a7fe0,3000000.00,IDR,1,2025-12-31T17:00:00.000Z,,,,medium,active,a0000000-0000-0000-0000-000000000001,2026-07-29T14:40:27.790Z,2026-07-29T14:40:27.790Z,a0000000-0000-0000-0000-000000000001,2026-07-29T14:40:27.790Z,,
5df71659-488b-4b05-952d-b9497b8740f2,d5df5f11-b6be-4494-9df4-07000db3ae00,496000.00,IDR,1,2025-12-31T17:00:00.000Z,,,,medium,active,a0000000-0000-0000-0000-000000000001,2026-07-29T14:40:27.833Z,2026-07-29T14:40:27.833Z,a0000000-0000-0000-0000-000000000001,2026-07-29T14:40:27.833Z,,
1c193028-0785-4a25-9bce-750c58df7cb8,cc5b2edf-2d69-41dd-91b1-ca283c306f17,716000.00,IDR,1,2025-12-31T17:00:00.000Z,,,,medium,active,a0000000-0000-0000-0000-000000000001,2026-07-29T14:40:27.874Z,2026-07-29T14:40:27.874Z,a0000000-0000-0000-0000-000000000001,2026-07-29T14:40:27.874Z,,
ef310c01-7f62-4e63-a033-b860fd3830ba,14572341-c065-4690-bbf1-553ec567733c,56000.00,IDR,1,2025-12-31T17:00:00.000Z,,,,medium,active,a0000000-0000-0000-0000-000000000001,2026-07-29T14:40:27.917Z,2026-07-29T14:40:27.917Z,a0000000-0000-0000-0000-000000000001,2026-07-29T14:40:27.917Z,,
928126b5-034c-4d71-8edf-858a630f0061,ab957b63-d9cb-4863-93ca-37814898f69a,69400.00,IDR,1,2025-12-31T17:00:00.000Z,,,,medium,active,a0000000-0000-0000-0000-000000000001,2026-07-29T14:40:27.959Z,2026-07-29T14:40:27.959Z,a0000000-0000-0000-0000-000000000001,2026-07-29T14:40:27.959Z,,
9ca04f7a-20d0-4aa6-b7f3-1c4d2e10242d,c90e0f87-c9ed-44ba-a9f5-3fbb9b0d12aa,5000.00,IDR,1,2025-12-31T17:00:00.000Z,,,,medium,active,a0000000-0000-0000-0000-000000000001,2026-07-29T14:40:28.001Z,2026-07-29T14:40:28.001Z,a0000000-0000-0000-0000-000000000001,2026-07-29T14:40:28.001Z,,
65477214-9830-422d-afaf-194352746875,e1be98c3-865e-4962-80d9-adac6e0314ec,400000.00,IDR,1,2025-12-31T17:00:00.000Z,,,,medium,active,a0000000-0000-0000-0000-000000000001,2026-07-29T14:40:28.043Z,2026-07-29T14:40:28.043Z,a0000000-0000-0000-0000-000000000001,2026-07-29T14:40:28.043Z,,
1f4d55db-451e-4f80-84fb-2bfebf8e5b39,330dd207-ec20-4b1c-97aa-c18d9f121879,3924.00,IDR,1,2025-12-31T17:00:00.000Z,,,,medium,active,a0000000-0000-0000-0000-000000000001,2026-07-29T14:40:28.085Z,2026-07-29T14:40:28.085Z,a0000000-0000-0000-0000-000000000001,2026-07-29T14:40:28.085Z,,
55741c78-2bfd-4982-95f4-e71781424009,c2585c65-53bc-4936-97b6-022971434c56,40000.00,IDR,1,2025-12-31T17:00:00.000Z,,,,medium,active,a0000000-0000-0000-0000-000000000001,2026-07-29T14:40:28.127Z,2026-07-29T14:40:28.127Z,a0000000-0000-0000-0000-000000000001,2026-07-29T14:40:28.127Z,,
0bf1a3d6-38d0-4a72-9daf-03f7ca01f4c9,0fb1b03d-1a12-4598-807f-2c19c81f3784,105000.00,IDR,1,2025-12-31T17:00:00.000Z,,,,medium,active,a0000000-0000-0000-0000-000000000001,2026-07-29T14:40:28.169Z,2026-07-29T14:40:28.169Z,a0000000-0000-0000-0000-000000000001,2026-07-29T14:40:28.169Z,,
eebb670e-1da8-4eea-a256-e5d4beed3bef,abeff2a4-860e-4dc4-ac1e-abe353d30e94,50000.00,IDR,1,2025-12-31T17:00:00.000Z,,,,medium,active,a0000000-0000-0000-0000-000000000001,2026-07-29T14:40:28.212Z,2026-07-29T14:40:28.212Z,a0000000-0000-0000-0000-000000000001,2026-07-29T14:40:28.212Z,,
dfc7e06d-0632-41bb-9453-c4be50bcd27a,4763af8b-e1e2-4324-b988-e82464e907ba,136600.00,IDR,1,2025-12-31T17:00:00.000Z,,,,medium,active,a0000000-0000-0000-0000-000000000001,2026-07-29T14:40:28.254Z,2026-07-29T14:40:28.254Z,a0000000-0000-0000-0000-000000000001,2026-07-29T14:40:28.254Z,,
94d45c0b-82bf-4735-a001-ebb136b4a693,2fe4b4ca-ee4e-4812-8223-0aabc15e71ed,430000.00,IDR,1,2025-12-31T17:00:00.000Z,,,,medium,active,a0000000-0000-0000-0000-000000000001,2026-07-29T14:40:28.297Z,2026-07-29T14:40:28.297Z,a0000000-0000-0000-0000-000000000001,2026-07-29T14:40:28.297Z,,
84b1edc8-58b4-4931-b146-6ba415b4175e,22e647c5-be16-4e91-aef0-08cfcfa0fb6f,3100000.00,IDR,1,2025-12-31T17:00:00.000Z,,,,medium,active,a0000000-0000-0000-0000-000000000001,2026-07-29T14:40:28.339Z,2026-07-29T14:40:28.339Z,a0000000-0000-0000-0000-000000000001,2026-07-29T14:40:28.339Z,,
c7576d0a-dbf0-42f5-9d36-0a8d35d11be5,3867c160-a6bb-417e-b4f8-c78aaa5a5455,17500.00,IDR,1,2025-12-31T17:00:00.000Z,,,,medium,active,a0000000-0000-0000-0000-000000000001,2026-07-29T14:40:28.380Z,2026-07-29T14:40:28.380Z,a0000000-0000-0000-0000-000000000001,2026-07-29T14:40:28.380Z,,
d0cbdc18-4402-4585-b6ce-e50875db0ae4,49b21278-4309-4ed3-a208-d2519c58a88f,145000.00,IDR,1,2025-12-31T17:00:00.000Z,,,,medium,active,a0000000-0000-0000-0000-000000000001,2026-07-29T14:40:28.422Z,2026-07-29T14:40:28.422Z,a0000000-0000-0000-0000-000000000001,2026-07-29T14:40:28.422Z,,
5cf97732-f6b2-45bc-8e69-14e53bb5dae7,6457b03c-08de-4665-9f5f-3782d117328a,630000.00,IDR,1,2025-12-31T17:00:00.000Z,,,,medium,active,a0000000-0000-0000-0000-000000000001,2026-07-29T14:40:28.464Z,2026-07-29T14:40:28.464Z,a0000000-0000-0000-0000-000000000001,2026-07-29T14:40:28.464Z,,
f1e478f1-e3cb-4fb7-8b44-bce309622d9e,81c06729-3de1-402e-9637-7ccabb5cf0e6,343000.00,IDR,1,2025-12-31T17:00:00.000Z,,,,medium,active,a0000000-0000-0000-0000-000000000001,2026-07-29T14:40:28.505Z,2026-07-29T14:40:28.505Z,a0000000-0000-0000-0000-000000000001,2026-07-29T14:40:28.505Z,,
4af1d325-7e81-46ae-aa5b-7fc053e2c191,ed817f7e-5e4c-46fe-8a63-d221de9de520,67900.00,IDR,1,2025-12-31T17:00:00.000Z,,,,medium,active,a0000000-0000-0000-0000-000000000001,2026-07-29T14:40:28.548Z,2026-07-29T14:40:28.548Z,a0000000-0000-0000-0000-000000000001,2026-07-29T14:40:28.548Z,,
7255e317-cbb7-4524-bf5c-428b9b91285a,d91274fc-772b-43f1-984e-9bf04589a45c,129000.00,IDR,1,2025-12-31T17:00:00.000Z,,,,medium,active,a0000000-0000-0000-0000-000000000001,2026-07-29T14:40:28.590Z,2026-07-29T14:40:28.590Z,a0000000-0000-0000-0000-000000000001,2026-07-29T14:40:28.590Z,,
8db80fd7-27f0-407c-8b66-dd2d3f3d9f29,35eba8c2-3985-4ea9-81b6-2be0ca21eb59,396000.00,IDR,1,2025-12-31T17:00:00.000Z,,,,medium,active,a0000000-0000-0000-0000-000000000001,2026-07-29T14:40:28.632Z,2026-07-29T14:40:28.632Z,a0000000-0000-0000-0000-000000000001,2026-07-29T14:40:28.632Z,,
53beb7a2-776e-42a9-8fa8-39f679e37d67,77ba6db2-92e0-4290-ad88-f8c4b6ddbcee,145000.00,IDR,1,2025-12-31T17:00:00.000Z,,,,medium,active,a0000000-0000-0000-0000-000000000001,2026-07-29T14:40:28.673Z,2026-07-29T14:40:28.673Z,a0000000-0000-0000-0000-000000000001,2026-07-29T14:40:28.673Z,,
310eb236-150c-4f86-94f5-a6874fd3f352,f028bc42-e68d-4b85-90d0-ee41eaac3e1c,225000.00,IDR,1,2025-12-31T17:00:00.000Z,,,,medium,active,a0000000-0000-0000-0000-000000000001,2026-07-29T14:40:28.715Z,2026-07-29T14:40:28.715Z,a0000000-0000-0000-0000-000000000001,2026-07-29T14:40:28.715Z,,
fbaec049-eba9-49d9-af1c-c869d21a2c20,0d853af8-9890-4ac6-98ba-cf354b2622b4,84200.00,IDR,1,2025-12-31T17:00:00.000Z,,,,medium,active,a0000000-0000-0000-0000-000000000001,2026-07-29T14:40:28.756Z,2026-07-29T14:40:28.756Z,a0000000-0000-0000-0000-000000000001,2026-07-29T14:40:28.756Z,,
ec470dce-7c54-4978-9ccb-77e106b6b40a,d11b5ea6-33de-4b76-868b-b532d83e4b01,1700000.00,IDR,1,2025-12-31T17:00:00.000Z,,,,medium,active,a0000000-0000-0000-0000-000000000001,2026-07-29T14:40:28.798Z,2026-07-29T14:40:28.798Z,a0000000-0000-0000-0000-000000000001,2026-07-29T14:40:28.798Z,,
95db9c60-4b08-4b9d-b30c-f59f64249736,7438393c-8530-4399-bb5a-61cf2ed2c298,350000.00,IDR,1,2025-12-31T17:00:00.000Z,,,,medium,active,a0000000-0000-0000-0000-000000000001,2026-07-29T14:40:28.840Z,2026-07-29T14:40:28.840Z,a0000000-0000-0000-0000-000000000001,2026-07-29T14:40:28.840Z,,
7b4e3e5d-72af-40fb-8def-e07ae6bb140a,64f5a58f-5976-4f22-8c34-c114f8a66e7b,140000.00,IDR,1,2025-12-31T17:00:00.000Z,,,,medium,active,a0000000-0000-0000-0000-000000000001,2026-07-29T14:40:28.882Z,2026-07-29T14:40:28.882Z,a0000000-0000-0000-0000-000000000001,2026-07-29T14:40:28.882Z,,
9b564f63-7a74-4dce-87d7-3d4860fd4d33,a8046d77-2f6d-452b-8c9b-f9503a3ff50f,350000.00,IDR,1,2025-12-31T17:00:00.000Z,,,,medium,active,a0000000-0000-0000-0000-000000000001,2026-07-29T14:40:28.924Z,2026-07-29T14:40:28.924Z,a0000000-0000-0000-0000-000000000001,2026-07-29T14:40:28.924Z,,
72dd7c8a-eeae-4718-a998-75feec822890,c68b04df-5ff7-48a5-b9d2-4c6f06190689,45000.00,IDR,1,2025-12-31T17:00:00.000Z,,,,medium,active,a0000000-0000-0000-0000-000000000001,2026-07-29T14:40:28.965Z,2026-07-29T14:40:28.965Z,a0000000-0000-0000-0000-000000000001,2026-07-29T14:40:28.965Z,,
d38848d4-fd70-489d-90b1-769e1c8a29cc,0bbbfea7-363d-4213-93ab-971d1bd7372e,65000.00,IDR,1,2025-12-31T17:00:00.000Z,,,,medium,active,a0000000-0000-0000-0000-000000000001,2026-07-29T14:40:29.007Z,2026-07-29T14:40:29.007Z,a0000000-0000-0000-0000-000000000001,2026-07-29T14:40:29.007Z,,
87249ef3-eb71-475d-8182-5e3ada4dbc1a,3c136c4f-484e-4301-94e6-08788203a7d0,377000.00,IDR,1,2025-12-31T17:00:00.000Z,,,,medium,active,a0000000-0000-0000-0000-000000000001,2026-07-29T14:40:29.049Z,2026-07-29T14:40:29.049Z,a0000000-0000-0000-0000-000000000001,2026-07-29T14:40:29.049Z,,
61e510d0-176f-4093-9629-dfc6bdefd8fb,bab6020a-4b62-4ac1-a574-604dbce312c1,300000.00,IDR,1,2025-12-31T17:00:00.000Z,,,,medium,active,a0000000-0000-0000-0000-000000000001,2026-07-29T14:40:29.090Z,2026-07-29T14:40:29.090Z,a0000000-0000-0000-0000-000000000001,2026-07-29T14:40:29.090Z,,
8cadbcbd-0916-466f-b4f6-70f8de5373cd,c49d9f7c-2346-4461-b687-8ac9ff90c624,150000.00,IDR,1,2025-12-31T17:00:00.000Z,,,,medium,active,a0000000-0000-0000-0000-000000000001,2026-07-29T14:40:29.132Z,2026-07-29T14:40:29.132Z,a0000000-0000-0000-0000-000000000001,2026-07-29T14:40:29.132Z,,
45231c3c-033f-41c9-a270-206c7b5e91de,abc10fd8-0a4a-4f42-a720-21ff1802f04d,128500.00,IDR,1,2025-12-31T17:00:00.000Z,,,,medium,active,a0000000-0000-0000-0000-000000000001,2026-07-29T14:40:29.175Z,2026-07-29T14:40:29.175Z,a0000000-0000-0000-0000-000000000001,2026-07-29T14:40:29.175Z,,
f94ea890-72bb-44c8-a3e9-f197879ca340,2aca8f37-0d5a-492d-be2f-d014e8629a7e,6900.00,IDR,1,2025-12-31T17:00:00.000Z,,,,medium,active,a0000000-0000-0000-0000-000000000001,2026-07-29T14:40:29.216Z,2026-07-29T14:40:29.216Z,a0000000-0000-0000-0000-000000000001,2026-07-29T14:40:29.216Z,,
24f88e7c-e6bb-4c7f-a40b-c774dbee7eee,b51ccbb3-80ac-4e80-8491-e8f3ea926dbc,13500.00,IDR,1,2025-12-31T17:00:00.000Z,,,,medium,active,a0000000-0000-0000-0000-000000000001,2026-07-29T14:40:29.258Z,2026-07-29T14:40:29.258Z,a0000000-0000-0000-0000-000000000001,2026-07-29T14:40:29.258Z,,
22b2d4f5-d5c9-47d3-9eef-2fd54138020d,c0286c0d-7589-4d70-b79e-e39727344aea,100000.00,IDR,1,2025-12-31T17:00:00.000Z,,,,medium,active,a0000000-0000-0000-0000-000000000001,2026-07-29T14:40:29.300Z,2026-07-29T14:40:29.300Z,a0000000-0000-0000-0000-000000000001,2026-07-29T14:40:29.300Z,,
986a35dc-f549-4999-99e0-597ca1e48b82,23be72d3-4e4f-41e1-bb02-31cfec7c74c5,698000.00,IDR,1,2025-12-31T17:00:00.000Z,,,,medium,active,a0000000-0000-0000-0000-000000000001,2026-07-29T14:40:29.341Z,2026-07-29T14:40:29.341Z,a0000000-0000-0000-0000-000000000001,2026-07-29T14:40:29.341Z,,
9b53cba7-37e0-4a9d-b443-a12172c61d1a,c7359445-d313-42aa-98e9-f0241d3939ae,600.00,IDR,1,2025-12-31T17:00:00.000Z,,,,medium,active,a0000000-0000-0000-0000-000000000001,2026-07-29T14:40:29.384Z,2026-07-29T14:40:29.384Z,a0000000-0000-0000-0000-000000000001,2026-07-29T14:40:29.384Z,,
a67671da-f274-4d51-9d10-64cba322d9e7,4f68668f-1585-498c-bc74-edde4ed70bbf,75000.00,IDR,1,2025-12-31T17:00:00.000Z,,,,medium,active,a0000000-0000-0000-0000-000000000001,2026-07-29T14:40:29.426Z,2026-07-29T14:40:29.426Z,a0000000-0000-0000-0000-000000000001,2026-07-29T14:40:29.426Z,,
d60fc400-6f5f-41b5-8260-a8500fe71768,9b3e998a-4c74-4b1b-b3d2-a47f4ff072f5,19000.00,IDR,1,2025-12-31T17:00:00.000Z,,,,medium,active,a0000000-0000-0000-0000-000000000001,2026-07-29T14:40:29.468Z,2026-07-29T14:40:29.468Z,a0000000-0000-0000-0000-000000000001,2026-07-29T14:40:29.468Z,,
39c12caa-2507-4138-a662-b545d3ee1782,d1443a7a-b4c6-4eab-97eb-966027de97cc,22000.00,IDR,1,2025-12-31T17:00:00.000Z,,,,medium,active,a0000000-0000-0000-0000-000000000001,2026-07-29T14:40:29.511Z,2026-07-29T14:40:29.511Z,a0000000-0000-0000-0000-000000000001,2026-07-29T14:40:29.511Z,,
831ac548-be12-4ccc-9077-1d0665adce3c,ffe6fb11-7a4e-470a-8c3d-1cfd03d3d95d,170000.00,IDR,1,2025-12-31T17:00:00.000Z,,,,medium,active,a0000000-0000-0000-0000-000000000001,2026-07-29T14:40:29.553Z,2026-07-29T14:40:29.553Z,a0000000-0000-0000-0000-000000000001,2026-07-29T14:40:29.553Z,,
0b73fbac-34da-486b-90f2-7b982e9d61cf,2057a39b-f05c-4f94-959f-7965524b575e,1500000.00,IDR,1,2025-12-31T17:00:00.000Z,,,,medium,active,a0000000-0000-0000-0000-000000000001,2026-07-29T14:40:29.594Z,2026-07-29T14:40:29.594Z,a0000000-0000-0000-0000-000000000001,2026-07-29T14:40:29.594Z,,
748eb492-c0b4-4b42-b599-4d29acf2cfea,3639613d-5b6b-4f18-8989-aeb6a4fb6172,60750.00,IDR,1,2025-12-31T17:00:00.000Z,,,,medium,active,a0000000-0000-0000-0000-000000000001,2026-07-29T14:40:29.638Z,2026-07-29T14:40:29.638Z,a0000000-0000-0000-0000-000000000001,2026-07-29T14:40:29.638Z,,
a17b9e95-1a0e-4adf-8994-0a140483a438,b423d4ae-bd95-44ea-bbce-4de6f7ce4ee1,20000.00,IDR,1,2025-12-31T17:00:00.000Z,,,,medium,active,a0000000-0000-0000-0000-000000000001,2026-07-29T14:40:29.679Z,2026-07-29T14:40:29.679Z,a0000000-0000-0000-0000-000000000001,2026-07-29T14:40:29.679Z,,
efc454af-af26-4cbc-a999-5627b85afdfb,8020307c-041f-412a-8826-395c38dcea72,100000.00,IDR,1,2025-12-31T17:00:00.000Z,,,,medium,active,a0000000-0000-0000-0000-000000000001,2026-07-29T14:40:29.721Z,2026-07-29T14:40:29.721Z,a0000000-0000-0000-0000-000000000001,2026-07-29T14:40:29.721Z,,
dbf20088-5788-43c3-851c-290ec012bdc9,8d2d9607-fc8e-4025-95a6-5ac1792ad89a,450000.00,IDR,1,2025-12-31T17:00:00.000Z,,,,medium,active,a0000000-0000-0000-0000-000000000001,2026-07-29T14:40:29.763Z,2026-07-29T14:40:29.763Z,a0000000-0000-0000-0000-000000000001,2026-07-29T14:40:29.763Z,,
18120b04-dc8c-4a4e-bf4a-0b550826c17f,f13a4e40-c01a-4c46-bee5-1dddd9dbb29d,640000.00,IDR,1,2025-12-31T17:00:00.000Z,,,,medium,active,a0000000-0000-0000-0000-000000000001,2026-07-29T14:40:29.806Z,2026-07-29T14:40:29.806Z,a0000000-0000-0000-0000-000000000001,2026-07-29T14:40:29.806Z,,
da4cd1e1-6634-46dc-95e8-bc7aa5f28f89,b60403a1-9836-441b-ba50-a32c5d96ca85,20000.00,IDR,1,2025-12-31T17:00:00.000Z,,,,medium,active,a0000000-0000-0000-0000-000000000001,2026-07-29T14:40:29.848Z,2026-07-29T14:40:29.848Z,a0000000-0000-0000-0000-000000000001,2026-07-29T14:40:29.848Z,,
1ad9b864-96bc-4628-9aad-7701008d53d2,6af0ad7b-f898-448d-b1af-439e7ae26426,82000.00,IDR,1,2025-12-31T17:00:00.000Z,,,,medium,active,a0000000-0000-0000-0000-000000000001,2026-07-29T14:40:29.889Z,2026-07-29T14:40:29.889Z,a0000000-0000-0000-0000-000000000001,2026-07-29T14:40:29.889Z,,
e35adb89-3955-45e9-b155-5538b490309e,bb0a824b-cc04-4b3c-8c6a-ee9251c57f50,320000.00,IDR,1,2025-12-31T17:00:00.000Z,,,,medium,active,a0000000-0000-0000-0000-000000000001,2026-07-29T14:40:29.931Z,2026-07-29T14:40:29.931Z,a0000000-0000-0000-0000-000000000001,2026-07-29T14:40:29.931Z,,
16f64267-80ec-4cdf-8a7f-1e7e2fe24584,c40319dc-5980-4ed0-8d6c-4ea8e5b86ca0,5000.00,IDR,1,2025-12-31T17:00:00.000Z,,,,medium,active,a0000000-0000-0000-0000-000000000001,2026-07-29T14:40:29.976Z,2026-07-29T14:40:29.976Z,a0000000-0000-0000-0000-000000000001,2026-07-29T14:40:29.976Z,,
a521022d-6270-4135-a798-172aa5980443,8d074cf6-9892-4996-954a-e1ba6177ff7e,400000.00,IDR,1,2025-12-31T17:00:00.000Z,,,,medium,active,a0000000-0000-0000-0000-000000000001,2026-07-29T14:40:30.020Z,2026-07-29T14:40:30.020Z,a0000000-0000-0000-0000-000000000001,2026-07-29T14:40:30.020Z,,
de9a96bc-8535-4b3a-bd5a-1a23d0c9e01d,60997535-b767-496b-a33e-2057a3205fff,4000.00,IDR,1,2025-12-31T17:00:00.000Z,,,,medium,active,a0000000-0000-0000-0000-000000000001,2026-07-29T14:40:30.063Z,2026-07-29T14:40:30.063Z,a0000000-0000-0000-0000-000000000001,2026-07-29T14:40:30.063Z,,
8dc442c7-a1ed-4b9e-97a2-14aaa397d000,bd36a3a1-6a8e-4c79-b005-6948ad9be7aa,199500.00,IDR,1,2025-12-31T17:00:00.000Z,,,,medium,active,a0000000-0000-0000-0000-000000000001,2026-07-29T14:40:30.105Z,2026-07-29T14:40:30.105Z,a0000000-0000-0000-0000-000000000001,2026-07-29T14:40:30.105Z,,
d59362bf-3f5e-42f5-8a57-e0679bc186ac,56b8f840-1669-47f9-b1fc-0f139c0f9ccb,166000.00,IDR,1,2025-12-31T17:00:00.000Z,,,,medium,active,a0000000-0000-0000-0000-000000000001,2026-07-29T14:40:30.147Z,2026-07-29T14:40:30.147Z,a0000000-0000-0000-0000-000000000001,2026-07-29T14:40:30.147Z,,
ee29c421-3522-4db6-9b2c-5401f5a40fcd,46e64aba-99b7-4451-aa03-e37ce60cb039,145000.00,IDR,1,2025-12-31T17:00:00.000Z,,,,medium,active,a0000000-0000-0000-0000-000000000001,2026-07-29T14:40:30.189Z,2026-07-29T14:40:30.189Z,a0000000-0000-0000-0000-000000000001,2026-07-29T14:40:30.189Z,,
6c983245-ebb8-4c03-815d-e876315c5574,f236aa75-cd4a-467d-91ac-3325e696d05c,20000.00,IDR,1,2025-12-31T17:00:00.000Z,,,,medium,active,a0000000-0000-0000-0000-000000000001,2026-07-29T14:40:30.231Z,2026-07-29T14:40:30.231Z,a0000000-0000-0000-0000-000000000001,2026-07-29T14:40:30.231Z,,
77d767a0-8119-4a86-9648-6509d0e86037,649c022a-9404-4f14-905e-b71f1566398e,1000000.00,IDR,1,2025-12-31T17:00:00.000Z,,,,medium,active,a0000000-0000-0000-0000-000000000001,2026-07-29T14:40:30.273Z,2026-07-29T14:40:30.273Z,a0000000-0000-0000-0000-000000000001,2026-07-29T14:40:30.273Z,,
fef04c41-dc31-4b9c-bdba-845807f82782,02c21d74-3a0b-4603-8815-fb399c68959b,2100000.00,IDR,1,2025-12-31T17:00:00.000Z,,,,medium,active,a0000000-0000-0000-0000-000000000001,2026-07-29T14:40:30.315Z,2026-07-29T14:40:30.315Z,a0000000-0000-0000-0000-000000000001,2026-07-29T14:40:30.315Z,,
b9034980-931b-4c81-8345-173efabd4f73,eee33d28-0114-477d-be19-9e4c1a8929b4,21300.00,IDR,1,2025-12-31T17:00:00.000Z,,,,medium,active,a0000000-0000-0000-0000-000000000001,2026-07-29T14:40:30.357Z,2026-07-29T14:40:30.357Z,a0000000-0000-0000-0000-000000000001,2026-07-29T14:40:30.357Z,,
1af8ac4f-c5a1-4ab7-8f89-c92ec71aaf7a,bcc0c54c-b111-47fa-b329-c349039942ea,340000.00,IDR,1,2025-12-31T17:00:00.000Z,,,,medium,active,a0000000-0000-0000-0000-000000000001,2026-07-29T14:40:30.399Z,2026-07-29T14:40:30.399Z,a0000000-0000-0000-0000-000000000001,2026-07-29T14:40:30.399Z,,
9bb2451e-d45e-4cb2-9ebe-c36462f82dc1,9550ee5c-8d15-400c-8509-e80596dcced6,375000.00,IDR,1,2025-12-31T17:00:00.000Z,,,,medium,active,a0000000-0000-0000-0000-000000000001,2026-07-29T14:40:30.442Z,2026-07-29T14:40:30.442Z,a0000000-0000-0000-0000-000000000001,2026-07-29T14:40:30.442Z,,
0c4f9515-1089-487a-9352-0760a17f241a,a90c18cb-7d11-46af-ab66-ec6fb8ba1bd3,31000.00,IDR,1,2025-12-31T17:00:00.000Z,,,,medium,active,a0000000-0000-0000-0000-000000000001,2026-07-29T14:40:30.484Z,2026-07-29T14:40:30.484Z,a0000000-0000-0000-0000-000000000001,2026-07-29T14:40:30.484Z,,
eda0d664-3a0c-435f-a742-1da3c664a7cc,e44a633d-7265-4c8b-a98d-1b5209fb15c1,340000.00,IDR,1,2025-12-31T17:00:00.000Z,,,,medium,active,a0000000-0000-0000-0000-000000000001,2026-07-29T14:40:30.526Z,2026-07-29T14:40:30.526Z,a0000000-0000-0000-0000-000000000001,2026-07-29T14:40:30.526Z,,
de6b386b-6c86-405a-8e1a-873a037f145d,15905962-54a9-4b25-ae5a-819d954dac30,340000.00,IDR,1,2025-12-31T17:00:00.000Z,,,,medium,active,a0000000-0000-0000-0000-000000000001,2026-07-29T14:40:30.568Z,2026-07-29T14:40:30.568Z,a0000000-0000-0000-0000-000000000001,2026-07-29T14:40:30.568Z,,
409e1633-e3ee-4188-a591-dbcc8dd6fea3,57f3d188-7471-4ed4-a460-ae48329d9f1b,290000.00,IDR,1,2025-12-31T17:00:00.000Z,,,,medium,active,a0000000-0000-0000-0000-000000000001,2026-07-29T14:40:30.610Z,2026-07-29T14:40:30.610Z,a0000000-0000-0000-0000-000000000001,2026-07-29T14:40:30.610Z,,
cd3665c1-3294-41bf-9c7a-062ad00160d1,da840bca-29cf-46c6-ac07-354bdaeb3ea7,225000.00,IDR,1,2025-12-31T17:00:00.000Z,,,,medium,active,a0000000-0000-0000-0000-000000000001,2026-07-29T14:40:30.651Z,2026-07-29T14:40:30.651Z,a0000000-0000-0000-0000-000000000001,2026-07-29T14:40:30.651Z,,
19a6683f-16ec-49ca-8527-1778dafc0eea,2e904af5-e7e1-4192-b768-52d8a131fa07,9000.00,IDR,1,2025-12-31T17:00:00.000Z,,,,medium,active,a0000000-0000-0000-0000-000000000001,2026-07-29T14:40:30.694Z,2026-07-29T14:40:30.694Z,a0000000-0000-0000-0000-000000000001,2026-07-29T14:40:30.694Z,,
6230ccc2-54cd-4c3e-868e-fabd5a931eac,79f46724-4e0a-47c4-95b1-3526a64046cd,185000.00,IDR,1,2025-12-31T17:00:00.000Z,,,,medium,active,a0000000-0000-0000-0000-000000000001,2026-07-29T14:40:30.736Z,2026-07-29T14:40:30.736Z,a0000000-0000-0000-0000-000000000001,2026-07-29T14:40:30.736Z,,
7ec532c1-d5ef-457e-91a9-26efb8a6fa5f,36137d6c-06de-487b-92fe-350296891301,27000.00,IDR,1,2025-12-31T17:00:00.000Z,,,,medium,active,a0000000-0000-0000-0000-000000000001,2026-07-29T14:40:30.778Z,2026-07-29T14:40:30.778Z,a0000000-0000-0000-0000-000000000001,2026-07-29T14:40:30.778Z,,
fba4be2f-5d58-4d67-9864-68664af95b9f,e9651b2a-d472-47f0-aa96-bcd8deb07a80,222000.00,IDR,1,2025-12-31T17:00:00.000Z,,,,medium,active,a0000000-0000-0000-0000-000000000001,2026-07-29T14:40:30.823Z,2026-07-29T14:40:30.823Z,a0000000-0000-0000-0000-000000000001,2026-07-29T14:40:30.823Z,,
2141ae5c-21b5-4474-8ae8-6c462cda51d2,c0678572-4b15-4dea-a7e5-2450a8280c9f,490000.00,IDR,1,2025-12-31T17:00:00.000Z,,,,medium,active,a0000000-0000-0000-0000-000000000001,2026-07-29T14:40:30.866Z,2026-07-29T14:40:30.866Z,a0000000-0000-0000-0000-000000000001,2026-07-29T14:40:30.866Z,,
32b32544-347b-455d-b31c-2c8922f2b99b,7fd57b7c-65ff-4244-a214-27733a416d84,9000.00,IDR,1,2025-12-31T17:00:00.000Z,,,,medium,active,a0000000-0000-0000-0000-000000000001,2026-07-29T14:40:30.908Z,2026-07-29T14:40:30.908Z,a0000000-0000-0000-0000-000000000001,2026-07-29T14:40:30.908Z,,
bdcd752f-149b-4530-8ae1-4186e965f337,bccd1742-d2b1-48a6-98fd-42d2e1621de1,14000000.00,IDR,1,2025-12-31T17:00:00.000Z,,,,medium,active,a0000000-0000-0000-0000-000000000001,2026-07-29T14:40:30.950Z,2026-07-29T14:40:30.950Z,a0000000-0000-0000-0000-000000000001,2026-07-29T14:40:30.950Z,,
292b39ff-85b3-49f1-b19d-ad8cfa94f266,54c81bc2-0365-4430-a06e-f02c6249bb1e,29400.00,IDR,1,2025-12-31T17:00:00.000Z,,,,medium,active,a0000000-0000-0000-0000-000000000001,2026-07-29T14:40:30.992Z,2026-07-29T14:40:30.992Z,a0000000-0000-0000-0000-000000000001,2026-07-29T14:40:30.992Z,,
6d4f6985-3e79-4e24-9ac4-5bb244c6dd82,94169983-5fc9-41e0-9438-33b30540bd70,6800.00,IDR,1,2025-12-31T17:00:00.000Z,,,,medium,active,a0000000-0000-0000-0000-000000000001,2026-07-29T14:40:31.034Z,2026-07-29T14:40:31.034Z,a0000000-0000-0000-0000-000000000001,2026-07-29T14:40:31.034Z,,
84d0d539-1060-44cd-a6ee-04686cdee211,85807780-6616-4168-83b3-7623dee600d3,400000.00,IDR,1,2025-12-31T17:00:00.000Z,,,,medium,active,a0000000-0000-0000-0000-000000000001,2026-07-29T14:40:31.076Z,2026-07-29T14:40:31.076Z,a0000000-0000-0000-0000-000000000001,2026-07-29T14:40:31.076Z,,
bcc8e344-9eeb-4d61-832d-7e1732aef20f,3e0321a2-3a5c-499d-8728-6f5cba4680e8,1.00,IDR,1,2025-12-31T17:00:00.000Z,,,,medium,active,a0000000-0000-0000-0000-000000000001,2026-07-29T14:40:31.120Z,2026-07-29T14:40:31.120Z,a0000000-0000-0000-0000-000000000001,2026-07-29T14:40:31.120Z,,
c22f42e4-868b-4437-9351-ea02fbaa8597,f556e905-4f57-48f9-9328-e54af21d346d,10000.00,IDR,1,2025-12-31T17:00:00.000Z,,,,medium,active,a0000000-0000-0000-0000-000000000001,2026-07-29T14:40:31.165Z,2026-07-29T14:40:31.165Z,a0000000-0000-0000-0000-000000000001,2026-07-29T14:40:31.165Z,,
ac7e1fba-87a5-41b4-8082-6a943c9be6f0,30019a91-05a2-4109-b601-90a7eb5f253e,130000.00,IDR,1,2025-12-31T17:00:00.000Z,,,,medium,active,a0000000-0000-0000-0000-000000000001,2026-07-29T14:40:31.207Z,2026-07-29T14:40:31.207Z,a0000000-0000-0000-0000-000000000001,2026-07-29T14:40:31.207Z,,
fd7d5915-24af-498d-980b-bdba749a0626,2cae0a69-b54d-4484-afbd-ee52d68057a2,911300.00,IDR,1,2025-12-31T17:00:00.000Z,,,,medium,active,a0000000-0000-0000-0000-000000000001,2026-07-29T14:40:31.249Z,2026-07-29T14:40:31.249Z,a0000000-0000-0000-0000-000000000001,2026-07-29T14:40:31.249Z,,
b956791f-953e-416e-8635-4080284dcd74,de437436-6c30-42c1-8dee-d5165062a349,5000.00,IDR,1,2025-12-31T17:00:00.000Z,,,,medium,active,a0000000-0000-0000-0000-000000000001,2026-07-29T14:40:31.291Z,2026-07-29T14:40:31.291Z,a0000000-0000-0000-0000-000000000001,2026-07-29T14:40:31.291Z,,
04625613-2330-4b6d-b352-4e0c67d3cd2d,688b1a62-a2f7-447d-b104-47c35c661dc0,320000.00,IDR,1,2025-12-31T17:00:00.000Z,,,,medium,active,a0000000-0000-0000-0000-000000000001,2026-07-29T14:40:31.333Z,2026-07-29T14:40:31.333Z,a0000000-0000-0000-0000-000000000001,2026-07-29T14:40:31.333Z,,
0d2e1b62-7b7c-4810-9781-c542732a49e8,defd3187-cb66-4a45-a86c-8b726007c99a,37600.00,IDR,1,2025-12-31T17:00:00.000Z,,,,medium,active,a0000000-0000-0000-0000-000000000001,2026-07-29T14:40:31.375Z,2026-07-29T14:40:31.375Z,a0000000-0000-0000-0000-000000000001,2026-07-29T14:40:31.375Z,,
ae4d64c2-e243-4e09-a526-b3c1b3a3687c,af21b11d-8b8a-4479-9747-a5060b6476a4,3890000.00,IDR,1,2025-12-31T17:00:00.000Z,,,,medium,active,a0000000-0000-0000-0000-000000000001,2026-07-29T14:40:31.417Z,2026-07-29T14:40:31.417Z,a0000000-0000-0000-0000-000000000001,2026-07-29T14:40:31.417Z,,
7a5702b7-92a1-474b-bf6c-5694cb8a5059,48db7359-f229-4fa5-bc24-74fb1946067f,350000.00,IDR,1,2025-12-31T17:00:00.000Z,,,,medium,active,a0000000-0000-0000-0000-000000000001,2026-07-29T14:40:31.460Z,2026-07-29T14:40:31.460Z,a0000000-0000-0000-0000-000000000001,2026-07-29T14:40:31.460Z,,
bdaa7e21-5384-4fdf-9439-a686eda4f2c0,04d07f3c-1c46-417d-87cc-38f548796c63,11250.00,IDR,1,2025-12-31T17:00:00.000Z,,,,medium,active,a0000000-0000-0000-0000-000000000001,2026-07-29T14:40:31.502Z,2026-07-29T14:40:31.502Z,a0000000-0000-0000-0000-000000000001,2026-07-29T14:40:31.502Z,,
b7755df2-bc39-4e21-8433-1da243d4851e,3140ebe2-4bbf-4a2e-a52e-acba84e23d3c,44000.00,IDR,1,2025-12-31T17:00:00.000Z,,,,medium,active,a0000000-0000-0000-0000-000000000001,2026-07-29T14:40:31.544Z,2026-07-29T14:40:31.544Z,a0000000-0000-0000-0000-000000000001,2026-07-29T14:40:31.544Z,,
01e1f1fa-b829-4f0e-bb03-ffec77c00699,14f5f326-b0d2-4c60-977a-7fa41fcd2889,35000.00,IDR,1,2025-12-31T17:00:00.000Z,,,,medium,active,a0000000-0000-0000-0000-000000000001,2026-07-29T14:40:31.586Z,2026-07-29T14:40:31.586Z,a0000000-0000-0000-0000-000000000001,2026-07-29T14:40:31.586Z,,
0b6b4d16-d630-4f1d-ab99-2bdc9ac5d6d6,46c23f8a-b792-477d-85a7-cebfc1da2712,5600.00,IDR,1,2025-12-31T17:00:00.000Z,,,,medium,active,a0000000-0000-0000-0000-000000000001,2026-07-29T14:40:31.628Z,2026-07-29T14:40:31.628Z,a0000000-0000-0000-0000-000000000001,2026-07-29T14:40:31.628Z,,
bfcb7ba1-effb-4fcb-a8cd-73e22bc91dc2,76dfd952-246e-4f05-a309-07019f7ea837,1000000.00,IDR,1,2025-12-31T17:00:00.000Z,,,,medium,active,a0000000-0000-0000-0000-000000000001,2026-07-29T14:40:31.672Z,2026-07-29T14:40:31.672Z,a0000000-0000-0000-0000-000000000001,2026-07-29T14:40:31.672Z,,
2b9d5503-4b26-4e3d-a6d9-24c8c32a1574,b30618ca-af9e-49d8-bab9-f8f0065b1258,21300.00,IDR,1,2025-12-31T17:00:00.000Z,,,,medium,active,a0000000-0000-0000-0000-000000000001,2026-07-29T14:40:31.714Z,2026-07-29T14:40:31.714Z,a0000000-0000-0000-0000-000000000001,2026-07-29T14:40:31.714Z,,
4d25e7d0-43e0-499f-9a29-4fd7ad18b299,451d02f7-49a2-4209-b85e-e10113207b99,1550000.00,IDR,1,2025-12-31T17:00:00.000Z,,,,medium,active,a0000000-0000-0000-0000-000000000001,2026-07-29T14:40:31.756Z,2026-07-29T14:40:31.756Z,a0000000-0000-0000-0000-000000000001,2026-07-29T14:40:31.756Z,,
0f3b5b3a-386e-4849-81e3-f710df4faaaa,bc3f7043-b271-4408-ba11-664f8f9942db,20000.00,IDR,1,2025-12-31T17:00:00.000Z,,,,medium,active,a0000000-0000-0000-0000-000000000001,2026-07-29T14:40:31.798Z,2026-07-29T14:40:31.798Z,a0000000-0000-0000-0000-000000000001,2026-07-29T14:40:31.798Z,,
67ff81de-a12b-468b-9352-b5a579ec5d9f,66ba5bc5-8959-4607-9daf-da9e25a992dd,670000.00,IDR,1,2025-12-31T17:00:00.000Z,,,,medium,active,a0000000-0000-0000-0000-000000000001,2026-07-29T14:40:31.840Z,2026-07-29T14:40:31.840Z,a0000000-0000-0000-0000-000000000001,2026-07-29T14:40:31.840Z,,
f85318e0-8b40-42a7-a9e5-04ca8853c24d,c64cb867-98b8-4337-9283-c890239d7168,210000.00,IDR,1,2025-12-31T17:00:00.000Z,,,,medium,active,a0000000-0000-0000-0000-000000000001,2026-07-29T14:40:31.882Z,2026-07-29T14:40:31.882Z,a0000000-0000-0000-0000-000000000001,2026-07-29T14:40:31.882Z,,
459d8ca8-3b15-4fc0-96f3-ec3cfa038b04,0bd0a2b0-02e9-41fb-805e-589255a7abde,2200.00,IDR,1,2025-12-31T17:00:00.000Z,,,,medium,active,a0000000-0000-0000-0000-000000000001,2026-07-29T14:40:31.924Z,2026-07-29T14:40:31.924Z,a0000000-0000-0000-0000-000000000001,2026-07-29T14:40:31.924Z,,
0612a6c8-2d40-4a1b-ae4d-134d804527d2,3454b582-1be4-413b-b832-d4dcec4102fa,22000.00,IDR,1,2025-12-31T17:00:00.000Z,,,,medium,active,a0000000-0000-0000-0000-000000000001,2026-07-29T14:40:31.966Z,2026-07-29T14:40:31.966Z,a0000000-0000-0000-0000-000000000001,2026-07-29T14:40:31.966Z,,
53febb35-3f89-4807-b696-0e66adb74647,47a0d034-8d41-4f05-92b4-53862ca959b6,2449000.00,IDR,1,2025-12-31T17:00:00.000Z,,,,medium,active,a0000000-0000-0000-0000-000000000001,2026-07-29T14:40:32.009Z,2026-07-29T14:40:32.009Z,a0000000-0000-0000-0000-000000000001,2026-07-29T14:40:32.009Z,,
3f069af9-2e19-4bde-8150-1df805e555bb,0fbb5bb7-8102-460a-a530-c81e34874868,131000.00,IDR,1,2025-12-31T17:00:00.000Z,,,,medium,active,a0000000-0000-0000-0000-000000000001,2026-07-29T14:40:32.052Z,2026-07-29T14:40:32.052Z,a0000000-0000-0000-0000-000000000001,2026-07-29T14:40:32.052Z,,
a74a61ea-1718-4a2a-aeb1-f590679f404b,c39151e8-3164-44e4-9424-2adb9c9b0fdd,28500.00,IDR,1,2025-12-31T17:00:00.000Z,,,,medium,active,a0000000-0000-0000-0000-000000000001,2026-07-29T14:40:32.094Z,2026-07-29T14:40:32.094Z,a0000000-0000-0000-0000-000000000001,2026-07-29T14:40:32.094Z,,
f057a8b7-f9f3-48b5-86b6-5b6bb19d0345,7e669ec3-0339-4888-a401-03dfd1a73e93,300000.00,IDR,1,2025-12-31T17:00:00.000Z,,,,medium,active,a0000000-0000-0000-0000-000000000001,2026-07-29T14:40:32.136Z,2026-07-29T14:40:32.136Z,a0000000-0000-0000-0000-000000000001,2026-07-29T14:40:32.136Z,,
a577a13e-aa6c-40d2-a314-4069c7f57bc5,b832ab47-4b08-46b0-a5b9-3b112b021c87,4000000.00,IDR,1,2025-12-31T17:00:00.000Z,,,,medium,active,a0000000-0000-0000-0000-000000000001,2026-07-29T14:40:32.178Z,2026-07-29T14:40:32.178Z,a0000000-0000-0000-0000-000000000001,2026-07-29T14:40:32.178Z,,
90cc73c0-6eb1-4ecc-81ac-183dfcb7da1f,30cdbf15-52a5-47e9-b851-d483f9e1bc58,87000.00,IDR,1,2025-12-31T17:00:00.000Z,,,,medium,active,a0000000-0000-0000-0000-000000000001,2026-07-29T14:40:32.220Z,2026-07-29T14:40:32.220Z,a0000000-0000-0000-0000-000000000001,2026-07-29T14:40:32.220Z,,
679dbfdd-c1ff-45c0-be9a-79f12d5cc688,ff428539-ac9c-4f6b-9660-f0c6f72a34bc,100000.00,IDR,1,2025-12-31T17:00:00.000Z,,,,medium,active,a0000000-0000-0000-0000-000000000001,2026-07-29T14:40:32.262Z,2026-07-29T14:40:32.262Z,a0000000-0000-0000-0000-000000000001,2026-07-29T14:40:32.262Z,,
4841ec01-0043-42df-bf53-aacdbf4e1519,29e17b2f-27ca-42e1-bad4-99c36d7ed7d1,37000.00,IDR,1,2025-12-31T17:00:00.000Z,,,,medium,active,a0000000-0000-0000-0000-000000000001,2026-07-29T14:40:32.304Z,2026-07-29T14:40:32.304Z,a0000000-0000-0000-0000-000000000001,2026-07-29T14:40:32.304Z,,
5f8ff063-7b1b-4b59-8a3b-c9aacd93a7dd,1ccd3073-72e3-45b4-8527-900c34461207,135000.00,IDR,1,2025-12-31T17:00:00.000Z,,,,medium,active,a0000000-0000-0000-0000-000000000001,2026-07-29T14:40:32.346Z,2026-07-29T14:40:32.346Z,a0000000-0000-0000-0000-000000000001,2026-07-29T14:40:32.346Z,,
18cbed1f-e471-4b6c-85d6-96a96c5e4fb2,82014a03-57d5-4fe1-809d-a13c8204a644,88350.00,IDR,1,2025-12-31T17:00:00.000Z,,,,medium,active,a0000000-0000-0000-0000-000000000001,2026-07-29T14:40:32.387Z,2026-07-29T14:40:32.387Z,a0000000-0000-0000-0000-000000000001,2026-07-29T14:40:32.387Z,,
d307816b-1e33-4f60-a5ac-0fcd72a30266,a639bd67-151a-4b1b-914a-b5758a026e43,12000.00,IDR,1,2025-12-31T17:00:00.000Z,,,,medium,active,a0000000-0000-0000-0000-000000000001,2026-07-29T14:40:32.429Z,2026-07-29T14:40:32.429Z,a0000000-0000-0000-0000-000000000001,2026-07-29T14:40:32.429Z,,
7a30260d-b51e-44ae-8885-0fbe9e8f88b1,8b3920a0-4430-4504-b547-cc9040e1f3fc,1.00,IDR,1,2025-12-31T17:00:00.000Z,,,,medium,active,a0000000-0000-0000-0000-000000000001,2026-07-29T14:40:32.471Z,2026-07-29T14:40:32.471Z,a0000000-0000-0000-0000-000000000001,2026-07-29T14:40:32.471Z,,
047d300f-daf4-4d03-a7f0-ba957280952c,d09b47e4-0ddc-42a3-b6f4-568be9694e7e,173000.00,IDR,1,2025-12-31T17:00:00.000Z,,,,medium,active,a0000000-0000-0000-0000-000000000001,2026-07-29T14:40:32.514Z,2026-07-29T14:40:32.514Z,a0000000-0000-0000-0000-000000000001,2026-07-29T14:40:32.514Z,,
91dc1729-ef51-4527-9914-f649c05d9026,ea7a4dc9-ffea-4326-b92b-2fb078354df3,1540000.00,IDR,1,2025-12-31T17:00:00.000Z,,,,medium,active,a0000000-0000-0000-0000-000000000001,2026-07-29T14:40:32.556Z,2026-07-29T14:40:32.556Z,a0000000-0000-0000-0000-000000000001,2026-07-29T14:40:32.556Z,,
7ff7e13c-cddd-4821-8755-518e1e42cdb4,e6606e31-d522-4c3d-885a-986229d872b8,67900.00,IDR,1,2025-12-31T17:00:00.000Z,,,,medium,active,a0000000-0000-0000-0000-000000000001,2026-07-29T14:40:32.598Z,2026-07-29T14:40:32.598Z,a0000000-0000-0000-0000-000000000001,2026-07-29T14:40:32.598Z,,
be2646a6-b47e-4e31-b8dd-ccc0fffeed03,ee119bfc-45f6-4ed4-9437-d29fc6835645,809600.00,IDR,1,2025-12-31T17:00:00.000Z,,,,medium,active,a0000000-0000-0000-0000-000000000001,2026-07-29T14:40:32.640Z,2026-07-29T14:40:32.640Z,a0000000-0000-0000-0000-000000000001,2026-07-29T14:40:32.640Z,,
491cf944-c4a2-4e1c-9cd9-2cf5d79c4b9f,d0670ea8-4356-4387-a7f1-0f87e009139b,1.00,IDR,1,2025-12-31T17:00:00.000Z,,,,medium,active,a0000000-0000-0000-0000-000000000001,2026-07-29T14:40:32.682Z,2026-07-29T14:40:32.682Z,a0000000-0000-0000-0000-000000000001,2026-07-29T14:40:32.682Z,,
d344e0c9-d5e5-4b44-bd30-c0eb7e4525eb,452ad5ef-cb96-4058-ac56-33beab54be12,1300.00,IDR,1,2025-12-31T17:00:00.000Z,,,,medium,active,a0000000-0000-0000-0000-000000000001,2026-07-29T14:40:32.725Z,2026-07-29T14:40:32.725Z,a0000000-0000-0000-0000-000000000001,2026-07-29T14:40:32.725Z,,
41ead6fe-c02f-45f8-b293-c0e73b730aa9,ce51f0a5-eb26-4313-bc1e-3d1b7a00f4fe,15000.00,IDR,1,2025-12-31T17:00:00.000Z,,,,medium,active,a0000000-0000-0000-0000-000000000001,2026-07-29T14:40:32.767Z,2026-07-29T14:40:32.767Z,a0000000-0000-0000-0000-000000000001,2026-07-29T14:40:32.767Z,,
7151ea71-c8b9-47c0-bf01-877e1558d586,11a782a9-2063-4e64-a487-72720f16ab6c,187000.00,IDR,1,2025-12-31T17:00:00.000Z,,,,medium,active,a0000000-0000-0000-0000-000000000001,2026-07-29T14:40:32.809Z,2026-07-29T14:40:32.809Z,a0000000-0000-0000-0000-000000000001,2026-07-29T14:40:32.809Z,,
4bd75401-003f-4122-9bb0-dc6dae301ea2,318d26d8-8c38-461c-8c89-4e4e0b7e260d,52000.00,IDR,1,2025-12-31T17:00:00.000Z,,,,medium,active,a0000000-0000-0000-0000-000000000001,2026-07-29T14:40:32.850Z,2026-07-29T14:40:32.850Z,a0000000-0000-0000-0000-000000000001,2026-07-29T14:40:32.850Z,,
c58bc3d1-afd2-4286-a98a-cea2c56dd9ff,2b95938f-f378-4ba9-bdf7-d62e7b9c2609,868000.00,IDR,1,2025-12-31T17:00:00.000Z,,,,medium,active,a0000000-0000-0000-0000-000000000001,2026-07-29T14:40:32.892Z,2026-07-29T14:40:32.892Z,a0000000-0000-0000-0000-000000000001,2026-07-29T14:40:32.892Z,,
edea8af1-253d-4def-ba6c-bd0b6d0f36c9,f529cfd3-ff31-43de-bd78-5c32830572ad,110250.00,IDR,1,2025-12-31T17:00:00.000Z,,,,medium,active,a0000000-0000-0000-0000-000000000001,2026-07-29T14:40:32.933Z,2026-07-29T14:40:32.933Z,a0000000-0000-0000-0000-000000000001,2026-07-29T14:40:32.933Z,,
78e85eb9-11d8-49ce-b6d0-bfcf19b27fa7,f2873988-2ecf-47d6-94a5-f0be461bfb3c,226400.00,IDR,1,2025-12-31T17:00:00.000Z,,,,medium,active,a0000000-0000-0000-0000-000000000001,2026-07-29T14:40:32.975Z,2026-07-29T14:40:32.975Z,a0000000-0000-0000-0000-000000000001,2026-07-29T14:40:32.975Z,,
180aa6b1-f3dd-40fd-a59d-1e4bda737c68,172d4f00-44ab-40ab-9b28-559f44f78c77,62000.00,IDR,1,2025-12-31T17:00:00.000Z,,,,medium,active,a0000000-0000-0000-0000-000000000001,2026-07-29T14:40:33.017Z,2026-07-29T14:40:33.017Z,a0000000-0000-0000-0000-000000000001,2026-07-29T14:40:33.017Z,,
f84b247a-00a6-4519-b912-4df04e2e87c2,19c30a53-e4b7-41d0-a8cd-5104f15d6cb6,2100000.00,IDR,1,2025-12-31T17:00:00.000Z,,,,medium,active,a0000000-0000-0000-0000-000000000001,2026-07-29T14:40:33.059Z,2026-07-29T14:40:33.059Z,a0000000-0000-0000-0000-000000000001,2026-07-29T14:40:33.059Z,,
962d590d-128a-4ec6-a889-b398ee0eba17,7e721df2-60fb-4d68-92e6-4a0de0aab960,3750000.00,IDR,1,2025-12-31T17:00:00.000Z,,,,medium,active,a0000000-0000-0000-0000-000000000001,2026-07-29T14:40:33.101Z,2026-07-29T14:40:33.101Z,a0000000-0000-0000-0000-000000000001,2026-07-29T14:40:33.101Z,,
f3f5d9c3-3652-40d4-98dc-b769ece16e15,dc7011e0-3053-40b0-bc54-c9bfe4afbd1c,5150000.00,IDR,1,2025-12-31T17:00:00.000Z,,,,medium,active,a0000000-0000-0000-0000-000000000001,2026-07-29T14:40:33.143Z,2026-07-29T14:40:33.143Z,a0000000-0000-0000-0000-000000000001,2026-07-29T14:40:33.143Z,,
9fba0be4-bf67-46f2-8853-3f05ad2a5703,132d1fd3-02a3-4961-b587-0de262c051b8,79800.00,IDR,1,2025-12-31T17:00:00.000Z,,,,medium,active,a0000000-0000-0000-0000-000000000001,2026-07-29T14:40:33.185Z,2026-07-29T14:40:33.185Z,a0000000-0000-0000-0000-000000000001,2026-07-29T14:40:33.185Z,,
4abef947-c9d5-40e5-b956-d696802e4211,c1ce25a1-1aca-4456-bd5d-3c81cc8717a6,25600.00,IDR,1,2025-12-31T17:00:00.000Z,,,,medium,active,a0000000-0000-0000-0000-000000000001,2026-07-29T14:40:33.228Z,2026-07-29T14:40:33.228Z,a0000000-0000-0000-0000-000000000001,2026-07-29T14:40:33.228Z,,
ed73b932-11bc-4826-84ed-464cbbdb948a,869ea530-0359-4cb4-be69-f86664c15ca0,390000.00,IDR,1,2025-12-31T17:00:00.000Z,,,,medium,active,a0000000-0000-0000-0000-000000000001,2026-07-29T14:40:33.270Z,2026-07-29T14:40:33.270Z,a0000000-0000-0000-0000-000000000001,2026-07-29T14:40:33.270Z,,
f04dfde3-cbff-4f22-ad26-7d0fd984e411,d1e3ef97-d458-475a-8f5d-d0f6b3251256,1790000.00,IDR,1,2025-12-31T17:00:00.000Z,,,,medium,active,a0000000-0000-0000-0000-000000000001,2026-07-29T14:40:33.313Z,2026-07-29T14:40:33.313Z,a0000000-0000-0000-0000-000000000001,2026-07-29T14:40:33.313Z,,
62ab3e82-585d-4592-9272-378e59534003,b42dac77-2b9e-41ed-8317-0082217df009,360000.00,IDR,1,2025-12-31T17:00:00.000Z,,,,medium,active,a0000000-0000-0000-0000-000000000001,2026-07-29T14:40:33.355Z,2026-07-29T14:40:33.355Z,a0000000-0000-0000-0000-000000000001,2026-07-29T14:40:33.355Z,,
0beb24aa-209d-425d-911e-29a196ec45ee,520e5b0d-ddfa-43be-bf13-00cc5f26edc0,5000.00,IDR,1,2025-12-31T17:00:00.000Z,,,,medium,active,a0000000-0000-0000-0000-000000000001,2026-07-29T14:40:33.397Z,2026-07-29T14:40:33.397Z,a0000000-0000-0000-0000-000000000001,2026-07-29T14:40:33.397Z,,
89eb2d15-988e-4949-95ea-25eeb6a9df77,e68137a9-0a08-4160-a631-aee86307b079,314750.00,IDR,1,2025-12-31T17:00:00.000Z,,,,medium,active,a0000000-0000-0000-0000-000000000001,2026-07-29T14:40:33.439Z,2026-07-29T14:40:33.439Z,a0000000-0000-0000-0000-000000000001,2026-07-29T14:40:33.439Z,,
f87570ec-3771-4eed-bab8-cb5bcb603136,6059b3ae-8108-4b71-9038-645b9175ecfe,6000.00,IDR,1,2025-12-31T17:00:00.000Z,,,,medium,active,a0000000-0000-0000-0000-000000000001,2026-07-29T14:40:33.481Z,2026-07-29T14:40:33.481Z,a0000000-0000-0000-0000-000000000001,2026-07-29T14:40:33.481Z,,
aee3f2ff-ea60-4163-8261-db84529077d0,fa5735e4-6638-4ff7-9adf-310693b9361a,100000.00,IDR,1,2025-12-31T17:00:00.000Z,,,,medium,active,a0000000-0000-0000-0000-000000000001,2026-07-29T14:40:33.522Z,2026-07-29T14:40:33.522Z,a0000000-0000-0000-0000-000000000001,2026-07-29T14:40:33.522Z,,
b721201b-92fb-4dee-983c-0377c8182ff5,c8dfad42-7702-4856-a416-e6dd3ff24bde,235500.00,IDR,1,2025-12-31T17:00:00.000Z,,,,medium,active,a0000000-0000-0000-0000-000000000001,2026-07-29T14:40:33.564Z,2026-07-29T14:40:33.564Z,a0000000-0000-0000-0000-000000000001,2026-07-29T14:40:33.564Z,,
77abdffd-df67-49d1-89ed-da96a11a41bc,611179cb-5ec0-44ab-9e16-22b90db1b710,71250.00,IDR,1,2025-12-31T17:00:00.000Z,,,,medium,active,a0000000-0000-0000-0000-000000000001,2026-07-29T14:40:33.606Z,2026-07-29T14:40:33.606Z,a0000000-0000-0000-0000-000000000001,2026-07-29T14:40:33.606Z,,
e3e11be9-8e8d-471c-b105-d1e08b260126,3a7eb0c0-7314-4414-bc81-8e285bc2bb84,200000.00,IDR,1,2025-12-31T17:00:00.000Z,,,,medium,active,a0000000-0000-0000-0000-000000000001,2026-07-29T14:40:33.648Z,2026-07-29T14:40:33.648Z,a0000000-0000-0000-0000-000000000001,2026-07-29T14:40:33.648Z,,
1a7f0c86-4c9a-4fdd-8212-30944645e6c5,744a783c-93e0-4932-925a-c3e1e89c448e,94000.00,IDR,1,2025-12-31T17:00:00.000Z,,,,medium,active,a0000000-0000-0000-0000-000000000001,2026-07-29T14:40:33.690Z,2026-07-29T14:40:33.690Z,a0000000-0000-0000-0000-000000000001,2026-07-29T14:40:33.690Z,,
66a7715a-71ba-40b5-a2b2-740870d9a630,1243f85e-ba63-419c-8c8a-d157352f1f18,348000.00,IDR,1,2025-12-31T17:00:00.000Z,,,,medium,active,a0000000-0000-0000-0000-000000000001,2026-07-29T14:40:33.733Z,2026-07-29T14:40:33.733Z,a0000000-0000-0000-0000-000000000001,2026-07-29T14:40:33.733Z,,
311a1c1f-f46f-4937-8d7f-efd14991330f,485a905b-7b21-485c-a79d-a92a6acc99d7,3125.00,IDR,1,2025-12-31T17:00:00.000Z,,,,medium,active,a0000000-0000-0000-0000-000000000001,2026-07-29T14:40:33.774Z,2026-07-29T14:40:33.774Z,a0000000-0000-0000-0000-000000000001,2026-07-29T14:40:33.774Z,,
d17f07ac-5620-4514-9f08-165091551ada,90d603a3-8135-4cf1-8670-27d12e4294a6,1119000.00,IDR,1,2025-12-31T17:00:00.000Z,,,,medium,active,a0000000-0000-0000-0000-000000000001,2026-07-29T14:40:33.816Z,2026-07-29T14:40:33.816Z,a0000000-0000-0000-0000-000000000001,2026-07-29T14:40:33.816Z,,
cee52f94-10c5-46f1-9f2f-f8c4a8f420a2,0e820874-e7d9-466f-ae5b-c1c30b6b394c,100000.00,IDR,1,2025-12-31T17:00:00.000Z,,,,medium,active,a0000000-0000-0000-0000-000000000001,2026-07-29T14:40:33.858Z,2026-07-29T14:40:33.858Z,a0000000-0000-0000-0000-000000000001,2026-07-29T14:40:33.858Z,,
43ced272-d8ba-4707-aa93-4b5974914c58,87fa9013-976a-4e5e-b091-025e02ebcd3a,130500.00,IDR,1,2025-12-31T17:00:00.000Z,,,,medium,active,a0000000-0000-0000-0000-000000000001,2026-07-29T14:40:33.900Z,2026-07-29T14:40:33.900Z,a0000000-0000-0000-0000-000000000001,2026-07-29T14:40:33.900Z,,
55955024-322d-40aa-a5f4-be8cd87c579d,82b970b2-8a6c-4ccb-ba87-932af1c32da0,6400000.00,IDR,1,2025-12-31T17:00:00.000Z,,,,medium,active,a0000000-0000-0000-0000-000000000001,2026-07-29T14:40:33.942Z,2026-07-29T14:40:33.942Z,a0000000-0000-0000-0000-000000000001,2026-07-29T14:40:33.942Z,,
4b1076ec-a1fc-47b7-85a9-97f492e48636,5bfbf361-9ee4-4f87-aeff-2052fb890859,350000.00,IDR,1,2025-12-31T17:00:00.000Z,,,,medium,active,a0000000-0000-0000-0000-000000000001,2026-07-29T14:40:33.985Z,2026-07-29T14:40:33.985Z,a0000000-0000-0000-0000-000000000001,2026-07-29T14:40:33.985Z,,
c7eab803-f8e9-4f54-8b78-c5a15b368ce6,f5aaa632-1414-450d-bf15-92bf7e9773df,1000000.00,IDR,1,2025-12-31T17:00:00.000Z,,,,medium,active,a0000000-0000-0000-0000-000000000001,2026-07-29T14:40:34.027Z,2026-07-29T14:40:34.027Z,a0000000-0000-0000-0000-000000000001,2026-07-29T14:40:34.027Z,,
0d89db8a-83ff-4134-a214-71d250a9f25a,63afb39a-0c83-4e53-a1cf-01a352be4b22,2200000.00,IDR,1,2025-12-31T17:00:00.000Z,,,,medium,active,a0000000-0000-0000-0000-000000000001,2026-07-29T14:40:34.069Z,2026-07-29T14:40:34.069Z,a0000000-0000-0000-0000-000000000001,2026-07-29T14:40:34.069Z,,
91c8d291-c5ab-4f97-a6bd-f52985c440cf,74e2b6e6-7f12-418e-926c-5f5a1dbe55a0,700000.00,IDR,1,2025-12-31T17:00:00.000Z,,,,medium,active,a0000000-0000-0000-0000-000000000001,2026-07-29T14:40:34.111Z,2026-07-29T14:40:34.111Z,a0000000-0000-0000-0000-000000000001,2026-07-29T14:40:34.111Z,,
91a4c579-ec95-4316-bb61-99ea03048818,f5ceb4f3-eeb1-4f1a-8166-5a3f81becf79,83000.00,IDR,1,2025-12-31T17:00:00.000Z,,,,medium,active,a0000000-0000-0000-0000-000000000001,2026-07-29T14:40:34.153Z,2026-07-29T14:40:34.153Z,a0000000-0000-0000-0000-000000000001,2026-07-29T14:40:34.153Z,,
f972f2d6-f60f-4ed5-8e96-f162793c88ab,08df6e30-75fa-418f-830c-7e6b638d9011,370000.00,IDR,1,2025-12-31T17:00:00.000Z,,,,medium,active,a0000000-0000-0000-0000-000000000001,2026-07-29T14:40:34.196Z,2026-07-29T14:40:34.196Z,a0000000-0000-0000-0000-000000000001,2026-07-29T14:40:34.196Z,,
d42213c5-ebe9-4d14-9a7c-90ea53ada085,a072b59c-55c3-4d3c-9b87-8d9938e814ac,20000.00,IDR,1,2025-12-31T17:00:00.000Z,,,,medium,active,a0000000-0000-0000-0000-000000000001,2026-07-29T14:40:34.238Z,2026-07-29T14:40:34.238Z,a0000000-0000-0000-0000-000000000001,2026-07-29T14:40:34.238Z,,
274ee808-9b6b-441e-9fc4-64255ec5a1ea,205ae44d-6c4b-46cc-adbd-cc7c8ad2e21b,9600.00,IDR,1,2025-12-31T17:00:00.000Z,,,,medium,active,a0000000-0000-0000-0000-000000000001,2026-07-29T14:40:34.280Z,2026-07-29T14:40:34.280Z,a0000000-0000-0000-0000-000000000001,2026-07-29T14:40:34.280Z,,
56588312-3c17-4574-a1c9-333cdffe4e75,72f3f450-54d3-4383-a0ef-3166cba4362a,377000.00,IDR,1,2025-12-31T17:00:00.000Z,,,,medium,active,a0000000-0000-0000-0000-000000000001,2026-07-29T14:40:34.322Z,2026-07-29T14:40:34.322Z,a0000000-0000-0000-0000-000000000001,2026-07-29T14:40:34.322Z,,
add4dda6-cfaa-4015-a565-afe4263358a6,972913b7-6a92-472e-a501-975e53abc77e,250000.00,IDR,1,2025-12-31T17:00:00.000Z,,,,medium,active,a0000000-0000-0000-0000-000000000001,2026-07-29T14:40:34.364Z,2026-07-29T14:40:34.364Z,a0000000-0000-0000-0000-000000000001,2026-07-29T14:40:34.364Z,,
9fdc8257-4577-45cf-b57a-e206cf5878bd,c076d7e8-8115-442e-aeda-014673e06fb2,67900.00,IDR,1,2025-12-31T17:00:00.000Z,,,,medium,active,a0000000-0000-0000-0000-000000000001,2026-07-29T14:40:34.406Z,2026-07-29T14:40:34.406Z,a0000000-0000-0000-0000-000000000001,2026-07-29T14:40:34.406Z,,
185d4d81-2a7e-4912-a481-229cf57ee555,76666a8c-a4fc-405f-9793-5579aba27b35,380000.00,IDR,1,2025-12-31T17:00:00.000Z,,,,medium,active,a0000000-0000-0000-0000-000000000001,2026-07-29T14:40:34.447Z,2026-07-29T14:40:34.447Z,a0000000-0000-0000-0000-000000000001,2026-07-29T14:40:34.447Z,,
d65bb873-f157-4e46-ab69-3e94d784e713,d076483a-48fe-4b4f-8332-cab7960d55f5,65000.00,IDR,1,2025-12-31T17:00:00.000Z,,,,medium,active,a0000000-0000-0000-0000-000000000001,2026-07-29T14:40:34.489Z,2026-07-29T14:40:34.489Z,a0000000-0000-0000-0000-000000000001,2026-07-29T14:40:34.489Z,,
010fc612-9f15-413d-94c4-b0b13eb87290,bb15e49f-462f-459f-81cd-6817a589aff3,10000.00,IDR,1,2025-12-31T17:00:00.000Z,,,,medium,active,a0000000-0000-0000-0000-000000000001,2026-07-29T14:40:34.531Z,2026-07-29T14:40:34.531Z,a0000000-0000-0000-0000-000000000001,2026-07-29T14:40:34.531Z,,
028a090e-1e7d-4643-861a-6ebd59abb692,4d06d8ef-81fe-4ca4-bfc0-ab152c3d82e7,1.00,IDR,1,2025-12-31T17:00:00.000Z,,,,medium,active,a0000000-0000-0000-0000-000000000001,2026-07-29T14:40:34.575Z,2026-07-29T14:40:34.575Z,a0000000-0000-0000-0000-000000000001,2026-07-29T14:40:34.575Z,,
72bebaa0-7710-40c0-b7c4-154127d2452d,d598aff0-3134-46b7-84e6-027696ca7f8f,520000.00,IDR,1,2025-12-31T17:00:00.000Z,,,,medium,active,a0000000-0000-0000-0000-000000000001,2026-07-29T14:40:34.616Z,2026-07-29T14:40:34.616Z,a0000000-0000-0000-0000-000000000001,2026-07-29T14:40:34.616Z,,
24726768-301f-4043-81cf-7ef75161bdfb,88ba9db6-46f9-4a89-b60c-f98387c3643c,70000.00,IDR,1,2025-12-31T17:00:00.000Z,,,,medium,active,a0000000-0000-0000-0000-000000000001,2026-07-29T14:40:34.658Z,2026-07-29T14:40:34.658Z,a0000000-0000-0000-0000-000000000001,2026-07-29T14:40:34.658Z,,
2ac2da8b-c604-4e55-9bbb-c7f01096bdd4,5a2bc02a-2619-42d8-8a4b-69e74054300c,1.00,IDR,1,2025-12-31T17:00:00.000Z,,,,medium,active,a0000000-0000-0000-0000-000000000001,2026-07-29T14:40:34.700Z,2026-07-29T14:40:34.700Z,a0000000-0000-0000-0000-000000000001,2026-07-29T14:40:34.700Z,,
53d4d71d-1ce8-4d9c-8c5d-46e27752d25b,d8cf4bbb-9a79-4366-8082-1e9c18d2d498,336000.00,IDR,1,2025-12-31T17:00:00.000Z,,,,medium,active,a0000000-0000-0000-0000-000000000001,2026-07-29T14:40:34.743Z,2026-07-29T14:40:34.743Z,a0000000-0000-0000-0000-000000000001,2026-07-29T14:40:34.743Z,,
9bd8f252-696a-4515-be4e-712373e7ef34,2f579ecb-4dd4-40de-a4f5-34027894c3df,136000.00,IDR,1,2025-12-31T17:00:00.000Z,,,,medium,active,a0000000-0000-0000-0000-000000000001,2026-07-29T14:40:34.784Z,2026-07-29T14:40:34.784Z,a0000000-0000-0000-0000-000000000001,2026-07-29T14:40:34.784Z,,
635bba2b-7f98-4f01-aca4-8705d14e2b38,cadd4621-bb42-4cd5-975d-bb5622e46f75,64000.00,IDR,1,2025-12-31T17:00:00.000Z,,,,medium,active,a0000000-0000-0000-0000-000000000001,2026-07-29T14:40:34.826Z,2026-07-29T14:40:34.826Z,a0000000-0000-0000-0000-000000000001,2026-07-29T14:40:34.826Z,,
04f852da-b4e3-477d-84f4-96b26b71dac8,672e3786-f1c4-41de-b256-9edb0bd14d60,70000.00,IDR,1,2025-12-31T17:00:00.000Z,,,,medium,active,a0000000-0000-0000-0000-000000000001,2026-07-29T14:40:34.869Z,2026-07-29T14:40:34.869Z,a0000000-0000-0000-0000-000000000001,2026-07-29T14:40:34.869Z,,
2ca313f4-6eef-4c26-9a9d-4421ffa6d305,373902d4-b4d4-47f9-982f-fe5ed9733ee8,855000.00,IDR,1,2025-12-31T17:00:00.000Z,,,,medium,active,a0000000-0000-0000-0000-000000000001,2026-07-29T14:40:34.911Z,2026-07-29T14:40:34.911Z,a0000000-0000-0000-0000-000000000001,2026-07-29T14:40:34.911Z,,
ac440fe1-16c3-4c0b-b1e1-830154470b74,3ee3c4e2-ae0b-428e-ac51-ac983eeb3d00,234000.00,IDR,1,2025-12-31T17:00:00.000Z,,,,medium,active,a0000000-0000-0000-0000-000000000001,2026-07-29T14:40:34.953Z,2026-07-29T14:40:34.953Z,a0000000-0000-0000-0000-000000000001,2026-07-29T14:40:34.953Z,,
53c9e709-53cc-4d85-bd1f-557386fd3e08,03ca97bd-314a-4480-b7ba-f34ff1e319fd,1.00,IDR,1,2025-12-31T17:00:00.000Z,,,,medium,active,a0000000-0000-0000-0000-000000000001,2026-07-29T14:40:34.995Z,2026-07-29T14:40:34.995Z,a0000000-0000-0000-0000-000000000001,2026-07-29T14:40:34.995Z,,
529e4b38-f691-4d2f-ab5b-4386e08da6b2,5514dbd8-ac4e-449b-8171-3f73c93a29de,330000.00,IDR,1,2025-12-31T17:00:00.000Z,,,,medium,active,a0000000-0000-0000-0000-000000000001,2026-07-29T14:40:35.037Z,2026-07-29T14:40:35.037Z,a0000000-0000-0000-0000-000000000001,2026-07-29T14:40:35.037Z,,
7901aaa4-eef5-48fa-a7d8-483833778d0d,b0031614-45ba-4f58-b02c-e3952adeccd4,550000.00,IDR,1,2025-12-31T17:00:00.000Z,,,,medium,active,a0000000-0000-0000-0000-000000000001,2026-07-29T14:40:35.079Z,2026-07-29T14:40:35.079Z,a0000000-0000-0000-0000-000000000001,2026-07-29T14:40:35.079Z,,
4fc1c781-15b4-40ee-aa78-0b7cd2367015,7252a269-b331-4fde-8323-d67a7d07ac92,112500.00,IDR,1,2025-12-31T17:00:00.000Z,,,,medium,active,a0000000-0000-0000-0000-000000000001,2026-07-29T14:40:35.122Z,2026-07-29T14:40:35.122Z,a0000000-0000-0000-0000-000000000001,2026-07-29T14:40:35.122Z,,
d1febba0-1eef-4dd2-964c-0b4e0e5b928b,d7b7309c-7e35-4b51-ae00-f684feda0a4b,25000.00,IDR,1,2025-12-31T17:00:00.000Z,,,,medium,active,a0000000-0000-0000-0000-000000000001,2026-07-29T14:40:35.164Z,2026-07-29T14:40:35.164Z,a0000000-0000-0000-0000-000000000001,2026-07-29T14:40:35.164Z,,
4343a1e2-e447-48f3-aaa6-1e2fc10aa1c1,b91e23a0-615d-4f80-8144-5bb5c843332a,200000.00,IDR,1,2025-12-31T17:00:00.000Z,,,,medium,active,a0000000-0000-0000-0000-000000000001,2026-07-29T14:40:35.206Z,2026-07-29T14:40:35.206Z,a0000000-0000-0000-0000-000000000001,2026-07-29T14:40:35.206Z,,
695a33c4-25d5-4a8a-bed6-8bc36f0e39f9,125aea61-d3dc-4566-a9ff-c16fa666ef83,53000.00,IDR,1,2025-12-31T17:00:00.000Z,,,,medium,active,a0000000-0000-0000-0000-000000000001,2026-07-29T14:40:35.248Z,2026-07-29T14:40:35.248Z,a0000000-0000-0000-0000-000000000001,2026-07-29T14:40:35.248Z,,
2f1423b7-6d99-44c7-af50-8854edb736e7,d239304b-bb43-4f62-b944-4c9b95f499c8,15000.00,IDR,1,2025-12-31T17:00:00.000Z,,,,medium,active,a0000000-0000-0000-0000-000000000001,2026-07-29T14:40:35.289Z,2026-07-29T14:40:35.289Z,a0000000-0000-0000-0000-000000000001,2026-07-29T14:40:35.289Z,,
ca7deb06-3c53-4a21-9594-1f19807ea5d7,e3266711-48aa-44c3-bba3-74276b1e97e4,247200.00,IDR,1,2025-12-31T17:00:00.000Z,,,,medium,active,a0000000-0000-0000-0000-000000000001,2026-07-29T14:40:35.332Z,2026-07-29T14:40:35.332Z,a0000000-0000-0000-0000-000000000001,2026-07-29T14:40:35.332Z,,
d8f6edaa-f1f4-418e-a1b9-44754e6c7dd2,feb551e8-7e6f-45d8-989f-c89c9ae9d89c,94000.00,IDR,1,2025-12-31T17:00:00.000Z,,,,medium,active,a0000000-0000-0000-0000-000000000001,2026-07-29T14:40:35.373Z,2026-07-29T14:40:35.373Z,a0000000-0000-0000-0000-000000000001,2026-07-29T14:40:35.373Z,,
309761d1-f622-4cb7-8c47-e437edfa1627,c40b05b8-ff53-4364-8c1c-5f5b17e95a5e,20000.00,IDR,1,2025-12-31T17:00:00.000Z,,,,medium,active,a0000000-0000-0000-0000-000000000001,2026-07-29T14:40:35.415Z,2026-07-29T14:40:35.415Z,a0000000-0000-0000-0000-000000000001,2026-07-29T14:40:35.415Z,,
cd4b5875-1290-4f1b-9fab-45b56e69112e,e2801f96-2e5e-40af-8a2f-653566481064,100000.00,IDR,1,2025-12-31T17:00:00.000Z,,,,medium,active,a0000000-0000-0000-0000-000000000001,2026-07-29T14:40:35.456Z,2026-07-29T14:40:35.456Z,a0000000-0000-0000-0000-000000000001,2026-07-29T14:40:35.456Z,,
658f0349-0896-40a3-a096-a2d893029398,2896946c-6dab-483b-8dda-1aebb98a4a08,33900.00,IDR,1,2025-12-31T17:00:00.000Z,,,,medium,active,a0000000-0000-0000-0000-000000000001,2026-07-29T14:40:35.498Z,2026-07-29T14:40:35.498Z,a0000000-0000-0000-0000-000000000001,2026-07-29T14:40:35.498Z,,
934e6617-1787-4242-9a11-f92dd34e8f66,735ce87c-ef6b-443e-8c95-732d8ce2071c,11000.00,IDR,1,2025-12-31T17:00:00.000Z,,,,medium,active,a0000000-0000-0000-0000-000000000001,2026-07-29T14:40:35.540Z,2026-07-29T14:40:35.540Z,a0000000-0000-0000-0000-000000000001,2026-07-29T14:40:35.540Z,,
681dbabf-d53e-48b7-bf09-9b28f0a8aa11,cf9410f4-67be-4517-bd1a-62316f376dcd,850000.00,IDR,1,2025-12-31T17:00:00.000Z,,,,medium,active,a0000000-0000-0000-0000-000000000001,2026-07-29T14:40:35.582Z,2026-07-29T14:40:35.582Z,a0000000-0000-0000-0000-000000000001,2026-07-29T14:40:35.582Z,,
9cf4ccf0-94b6-49d3-89a8-60bc39eb7b49,3922ab07-e8f2-416b-a519-187d4ce32592,5800.00,IDR,1,2025-12-31T17:00:00.000Z,,,,medium,active,a0000000-0000-0000-0000-000000000001,2026-07-29T14:40:35.624Z,2026-07-29T14:40:35.624Z,a0000000-0000-0000-0000-000000000001,2026-07-29T14:40:35.624Z,,
aad8d3a2-48ae-4037-b7ba-ce463b44f6f0,7e33ac02-c8cf-4cd7-ba6d-873c678c77a6,255000.00,IDR,1,2025-12-31T17:00:00.000Z,,,,medium,active,a0000000-0000-0000-0000-000000000001,2026-07-29T14:40:35.667Z,2026-07-29T14:40:35.667Z,a0000000-0000-0000-0000-000000000001,2026-07-29T14:40:35.667Z,,
12060df4-9ce3-491e-a36e-7712f93e5509,d59c157a-ed00-421d-b21e-46878fd39296,318000.00,IDR,1,2025-12-31T17:00:00.000Z,,,,medium,active,a0000000-0000-0000-0000-000000000001,2026-07-29T14:40:35.709Z,2026-07-29T14:40:35.709Z,a0000000-0000-0000-0000-000000000001,2026-07-29T14:40:35.709Z,,
972a4541-7dad-4107-8409-ce45c978b864,b9cfefb6-f8e7-4809-a958-5b0298922585,246500.00,IDR,1,2025-12-31T17:00:00.000Z,,,,medium,active,a0000000-0000-0000-0000-000000000001,2026-07-29T14:40:35.750Z,2026-07-29T14:40:35.750Z,a0000000-0000-0000-0000-000000000001,2026-07-29T14:40:35.750Z,,
e4bc320f-6263-4311-bd86-9fba6004082b,9df48940-f3c7-4303-a3a1-58e3bfb5d919,340000.00,IDR,1,2025-12-31T17:00:00.000Z,,,,medium,active,a0000000-0000-0000-0000-000000000001,2026-07-29T14:40:35.792Z,2026-07-29T14:40:35.792Z,a0000000-0000-0000-0000-000000000001,2026-07-29T14:40:35.792Z,,
d3da8785-bc77-495f-aa5b-e1cb312e164b,d93962e7-6833-4053-98e7-d9a9d95b2eee,175000.00,IDR,1,2025-12-31T17:00:00.000Z,,,,medium,active,a0000000-0000-0000-0000-000000000001,2026-07-29T14:40:35.834Z,2026-07-29T14:40:35.834Z,a0000000-0000-0000-0000-000000000001,2026-07-29T14:40:35.834Z,,
90d08ac3-ce94-404e-9150-9deff0c9443a,e38d0162-ecac-49c6-97a4-563e16da45ea,1500000.00,IDR,1,2025-12-31T17:00:00.000Z,,,,medium,active,a0000000-0000-0000-0000-000000000001,2026-07-29T14:40:35.876Z,2026-07-29T14:40:35.876Z,a0000000-0000-0000-0000-000000000001,2026-07-29T14:40:35.876Z,,
f9ad6774-114d-4ba8-ba28-a4fcdb1988ed,45617ce6-9be4-4f34-bee3-e6e7bf8875df,3100000.00,IDR,1,2025-12-31T17:00:00.000Z,,,,medium,active,a0000000-0000-0000-0000-000000000001,2026-07-29T14:40:35.918Z,2026-07-29T14:40:35.918Z,a0000000-0000-0000-0000-000000000001,2026-07-29T14:40:35.918Z,,
e380033f-718d-4e6d-9884-e9623ecabf8e,97c2605e-8b23-4238-aa32-cd50b698e73a,100000000.00,IDR,1,2025-12-31T17:00:00.000Z,,,,medium,active,a0000000-0000-0000-0000-000000000001,2026-07-29T14:40:35.960Z,2026-07-29T14:40:35.960Z,a0000000-0000-0000-0000-000000000001,2026-07-29T14:40:35.960Z,,
9a4152de-4ce7-4d0b-afff-bc0a108087fd,c92263cf-0228-4376-88e6-78d8e2fd1955,10000000.00,IDR,1,2025-12-31T17:00:00.000Z,,,,medium,active,a0000000-0000-0000-0000-000000000001,2026-07-29T14:40:36.002Z,2026-07-29T14:40:36.002Z,a0000000-0000-0000-0000-000000000001,2026-07-29T14:40:36.002Z,,
76ab38cf-9eb7-4dfb-930a-bd06f481472d,2ece7f02-cf20-436e-b857-49fe25e5e582,275000.00,IDR,1,2025-12-31T17:00:00.000Z,,,,medium,active,a0000000-0000-0000-0000-000000000001,2026-07-29T14:40:36.044Z,2026-07-29T14:40:36.044Z,a0000000-0000-0000-0000-000000000001,2026-07-29T14:40:36.044Z,,
cc41b26a-0d8e-47b5-ac8b-87bec81d9ae8,60355bf0-540e-407a-be49-24c69c794179,20000.00,IDR,1,2025-12-31T17:00:00.000Z,,,,medium,active,a0000000-0000-0000-0000-000000000001,2026-07-29T14:40:36.086Z,2026-07-29T14:40:36.086Z,a0000000-0000-0000-0000-000000000001,2026-07-29T14:40:36.086Z,,
0cd448a4-aa37-4e42-85a7-09792dc6ee85,49d8ad6a-67b6-48c2-befd-634478f4b5d6,210000.00,IDR,1,2025-12-31T17:00:00.000Z,,,,medium,active,a0000000-0000-0000-0000-000000000001,2026-07-29T14:40:36.128Z,2026-07-29T14:40:36.128Z,a0000000-0000-0000-0000-000000000001,2026-07-29T14:40:36.128Z,,
1fe4c1ca-527b-4211-9103-07cce4415248,799dffdc-42e4-4957-9f46-8be86cf0a0d8,255000.00,IDR,1,2025-12-31T17:00:00.000Z,,,,medium,active,a0000000-0000-0000-0000-000000000001,2026-07-29T14:40:36.170Z,2026-07-29T14:40:36.170Z,a0000000-0000-0000-0000-000000000001,2026-07-29T14:40:36.170Z,,
9cdf3371-fced-4c75-80a8-d6e4b02cb901,5fa0f341-a938-43c6-a318-450a138ea372,3000.00,IDR,1,2025-12-31T17:00:00.000Z,,,,medium,active,a0000000-0000-0000-0000-000000000001,2026-07-29T14:40:36.213Z,2026-07-29T14:40:36.213Z,a0000000-0000-0000-0000-000000000001,2026-07-29T14:40:36.213Z,,
345447ab-565a-4159-a621-acefbfc0296b,1ebb6a7e-fb4e-45f8-8a3e-13f0865e34e1,962000.00,IDR,1,2025-12-31T17:00:00.000Z,,,,medium,active,a0000000-0000-0000-0000-000000000001,2026-07-29T14:40:36.255Z,2026-07-29T14:40:36.255Z,a0000000-0000-0000-0000-000000000001,2026-07-29T14:40:36.255Z,,
e7db4acb-04c3-466a-82a5-c87ae8e1519d,858ece3d-c6e0-4132-81a7-01cf8e17e254,848100.00,IDR,1,2025-12-31T17:00:00.000Z,,,,medium,active,a0000000-0000-0000-0000-000000000001,2026-07-29T14:40:36.297Z,2026-07-29T14:40:36.297Z,a0000000-0000-0000-0000-000000000001,2026-07-29T14:40:36.297Z,,
4e204024-ae06-4000-ab08-f12e78abb840,04d770e2-3bf4-44c2-8c31-672b8fbda280,331300.00,IDR,1,2025-12-31T17:00:00.000Z,,,,medium,active,a0000000-0000-0000-0000-000000000001,2026-07-29T14:40:36.339Z,2026-07-29T14:40:36.339Z,a0000000-0000-0000-0000-000000000001,2026-07-29T14:40:36.339Z,,
58676952-c140-4912-9c6d-bdfb9e8ead6e,ebf97b3c-c82a-4ef2-968b-026b026f4b74,19500000.00,IDR,1,2025-12-31T17:00:00.000Z,,,,medium,active,a0000000-0000-0000-0000-000000000001,2026-07-29T14:40:36.381Z,2026-07-29T14:40:36.381Z,a0000000-0000-0000-0000-000000000001,2026-07-29T14:40:36.381Z,,
1c6e3128-52f5-46d6-858f-5194b6ccec82,7ce2921e-dc94-4c8b-b470-d59bb25f3ebf,410000.00,IDR,1,2025-12-31T17:00:00.000Z,,,,medium,active,a0000000-0000-0000-0000-000000000001,2026-07-29T14:40:36.423Z,2026-07-29T14:40:36.423Z,a0000000-0000-0000-0000-000000000001,2026-07-29T14:40:36.423Z,,
a0076206-b90a-4597-9e72-92b92cee6c53,222ae1e8-9ece-472b-a75e-e8e513c43b1b,5000.00,IDR,1,2025-12-31T17:00:00.000Z,,,,medium,active,a0000000-0000-0000-0000-000000000001,2026-07-29T14:40:36.464Z,2026-07-29T14:40:36.464Z,a0000000-0000-0000-0000-000000000001,2026-07-29T14:40:36.464Z,,
71d7c13e-65b1-40ef-8dc9-bb909d051f2a,f2f9e5ed-64ef-42eb-9f4d-78443ea203a7,1.00,IDR,1,2025-12-31T17:00:00.000Z,,,,medium,active,a0000000-0000-0000-0000-000000000001,2026-07-29T14:40:36.506Z,2026-07-29T14:40:36.506Z,a0000000-0000-0000-0000-000000000001,2026-07-29T14:40:36.506Z,,
ea20334e-7c5d-47df-bcd5-a94613b1d31b,5bde9feb-7bf8-4f56-b741-26aa1e426d3d,780000.00,IDR,1,2025-12-31T17:00:00.000Z,,,,medium,active,a0000000-0000-0000-0000-000000000001,2026-07-29T14:40:36.547Z,2026-07-29T14:40:36.547Z,a0000000-0000-0000-0000-000000000001,2026-07-29T14:40:36.547Z,,
ddb64aff-1ebc-45f6-826f-44bcfdb67bbe,54cba9b5-5885-4577-95e5-5ea5e77a144a,144000.00,IDR,1,2025-12-31T17:00:00.000Z,,,,medium,active,a0000000-0000-0000-0000-000000000001,2026-07-29T14:40:36.589Z,2026-07-29T14:40:36.589Z,a0000000-0000-0000-0000-000000000001,2026-07-29T14:40:36.589Z,,
5db8287d-0661-4161-bb8d-151fa1d1de78,2f2f6c53-614d-4568-8c84-c81bc50eb26f,380000.00,IDR,1,2025-12-31T17:00:00.000Z,,,,medium,active,a0000000-0000-0000-0000-000000000001,2026-07-29T14:40:36.633Z,2026-07-29T14:40:36.633Z,a0000000-0000-0000-0000-000000000001,2026-07-29T14:40:36.633Z,,
bf541ff2-2939-4f76-88a3-056f9f1a0c21,b97ebba6-731a-464a-84b9-ceccd0c72ebe,140000.00,IDR,1,2025-12-31T17:00:00.000Z,,,,medium,active,a0000000-0000-0000-0000-000000000001,2026-07-29T14:40:36.674Z,2026-07-29T14:40:36.674Z,a0000000-0000-0000-0000-000000000001,2026-07-29T14:40:36.674Z,,
977be3d1-9a54-497e-bd5c-1c0ad505aae7,99c1187b-ceb5-4259-a78c-8b36cc769db7,20000.00,IDR,1,2025-12-31T17:00:00.000Z,,,,medium,active,a0000000-0000-0000-0000-000000000001,2026-07-29T14:40:36.716Z,2026-07-29T14:40:36.716Z,a0000000-0000-0000-0000-000000000001,2026-07-29T14:40:36.716Z,,
6c07c83c-b57b-4d49-96eb-a1bce50d06fb,4435d841-e439-46c3-8918-ccd14d3cda66,780000.00,IDR,1,2025-12-31T17:00:00.000Z,,,,medium,active,a0000000-0000-0000-0000-000000000001,2026-07-29T14:40:36.758Z,2026-07-29T14:40:36.758Z,a0000000-0000-0000-0000-000000000001,2026-07-29T14:40:36.758Z,,
66b357df-4e4d-4fa6-860a-8cedfa88fd91,e17decda-0c04-4c54-94c9-0091c7bd8235,1450000.00,IDR,1,2025-12-31T17:00:00.000Z,,,,medium,active,a0000000-0000-0000-0000-000000000001,2026-07-29T14:40:36.799Z,2026-07-29T14:40:36.799Z,a0000000-0000-0000-0000-000000000001,2026-07-29T14:40:36.799Z,,
c416e97d-49a0-4239-ae34-c4ef37e65af8,0a007401-1c04-4766-987c-82b7308a1633,830000.00,IDR,1,2025-12-31T17:00:00.000Z,,,,medium,active,a0000000-0000-0000-0000-000000000001,2026-07-29T14:40:36.840Z,2026-07-29T14:40:36.840Z,a0000000-0000-0000-0000-000000000001,2026-07-29T14:40:36.840Z,,
2db104ce-2958-46d1-a9df-b2390ae49cdb,bc4ac964-100b-40fa-9caf-ac6d4ea8330e,1170000.00,IDR,1,2025-12-31T17:00:00.000Z,,,,medium,active,a0000000-0000-0000-0000-000000000001,2026-07-29T14:40:36.882Z,2026-07-29T14:40:36.882Z,a0000000-0000-0000-0000-000000000001,2026-07-29T14:40:36.882Z,,
c33a70a4-7a47-4823-9629-5893f7c5a890,7aa7d2ef-8a60-4d1c-9191-b1b24d58cd92,236000.00,IDR,1,2025-12-31T17:00:00.000Z,,,,medium,active,a0000000-0000-0000-0000-000000000001,2026-07-29T14:40:36.924Z,2026-07-29T14:40:36.924Z,a0000000-0000-0000-0000-000000000001,2026-07-29T14:40:36.924Z,,
5f761c1f-2258-493e-bb8f-27a67edfa4a4,5fe9ce66-c934-4f8a-9a65-a889ed0f47e7,145000.00,IDR,1,2025-12-31T17:00:00.000Z,,,,medium,active,a0000000-0000-0000-0000-000000000001,2026-07-29T14:40:36.965Z,2026-07-29T14:40:36.965Z,a0000000-0000-0000-0000-000000000001,2026-07-29T14:40:36.965Z,,
d29df0c8-8e6b-44d8-bdef-8c140e926c67,f057efad-6328-4a36-a4b5-c245f60acc0e,435000.00,IDR,1,2025-12-31T17:00:00.000Z,,,,medium,active,a0000000-0000-0000-0000-000000000001,2026-07-29T14:40:37.007Z,2026-07-29T14:40:37.007Z,a0000000-0000-0000-0000-000000000001,2026-07-29T14:40:37.007Z,,
87c5e66c-c821-444a-904b-68b97308d9d3,42c2c4f2-62cf-417d-a4ef-8bf765e3980f,7000.00,IDR,1,2025-12-31T17:00:00.000Z,,,,medium,active,a0000000-0000-0000-0000-000000000001,2026-07-29T14:40:37.049Z,2026-07-29T14:40:37.049Z,a0000000-0000-0000-0000-000000000001,2026-07-29T14:40:37.049Z,,
8a87b362-d44e-4a7f-90fd-ee0d3df3d90f,b67892c8-696f-48fd-8146-6e3cb36cb86b,619000.00,IDR,1,2025-12-31T17:00:00.000Z,,,,medium,active,a0000000-0000-0000-0000-000000000001,2026-07-29T14:40:37.091Z,2026-07-29T14:40:37.091Z,a0000000-0000-0000-0000-000000000001,2026-07-29T14:40:37.091Z,,
97040ad6-64f6-48b8-9764-c2bee4ad2d50,a459344d-c28b-426c-896d-c6ea65e25cef,2500000.00,IDR,1,2025-12-31T17:00:00.000Z,,,,medium,active,a0000000-0000-0000-0000-000000000001,2026-07-29T14:40:37.133Z,2026-07-29T14:40:37.133Z,a0000000-0000-0000-0000-000000000001,2026-07-29T14:40:37.133Z,,
eb19f5b0-52e9-4a73-bc46-7d6dea5dc14c,da12a1ee-bf29-478d-833c-3b29356761bc,410000.00,IDR,1,2025-12-31T17:00:00.000Z,,,,medium,active,a0000000-0000-0000-0000-000000000001,2026-07-29T14:40:37.175Z,2026-07-29T14:40:37.175Z,a0000000-0000-0000-0000-000000000001,2026-07-29T14:40:37.175Z,,
6505435d-2f29-47df-98c8-d0cb72458038,15bd9095-d125-4735-a0f7-ba3ca93eae87,4900000.00,IDR,1,2025-12-31T17:00:00.000Z,,,,medium,active,a0000000-0000-0000-0000-000000000001,2026-07-29T14:40:37.216Z,2026-07-29T14:40:37.216Z,a0000000-0000-0000-0000-000000000001,2026-07-29T14:40:37.216Z,,
560938ce-9d93-4339-9192-b1a4e81e85c3,4741e603-0b7f-4b04-b02d-b0a9cec3eab3,152600.00,IDR,1,2025-12-31T17:00:00.000Z,,,,medium,active,a0000000-0000-0000-0000-000000000001,2026-07-29T14:40:37.258Z,2026-07-29T14:40:37.258Z,a0000000-0000-0000-0000-000000000001,2026-07-29T14:40:37.258Z,,
bd71e4e4-0fba-4a38-8151-e272ed18df7c,5c7e692c-5c5d-4470-b52d-9d8ee7a8b807,67900.00,IDR,1,2025-12-31T17:00:00.000Z,,,,medium,active,a0000000-0000-0000-0000-000000000001,2026-07-29T14:40:37.299Z,2026-07-29T14:40:37.299Z,a0000000-0000-0000-0000-000000000001,2026-07-29T14:40:37.299Z,,
d55e2a1e-cf30-4c55-9e0e-55ad262fc952,f7294e70-fc55-42ae-8a5a-b58b0a1c5c24,1000000.00,IDR,1,2025-12-31T17:00:00.000Z,,,,medium,active,a0000000-0000-0000-0000-000000000001,2026-07-29T14:40:37.341Z,2026-07-29T14:40:37.341Z,a0000000-0000-0000-0000-000000000001,2026-07-29T14:40:37.341Z,,
7721895e-5584-475e-b75c-6283164d37b1,a2d8dece-0879-4d69-ba77-68b544e336f3,143000.00,IDR,1,2025-12-31T17:00:00.000Z,,,,medium,active,a0000000-0000-0000-0000-000000000001,2026-07-29T14:40:37.383Z,2026-07-29T14:40:37.383Z,a0000000-0000-0000-0000-000000000001,2026-07-29T14:40:37.383Z,,
3ae47eeb-578a-4510-a1d0-f842a160fc40,bcb2f8a9-8b87-4024-97b1-c3070952aa18,180000.00,IDR,1,2025-12-31T17:00:00.000Z,,,,medium,active,a0000000-0000-0000-0000-000000000001,2026-07-29T14:40:37.425Z,2026-07-29T14:40:37.425Z,a0000000-0000-0000-0000-000000000001,2026-07-29T14:40:37.425Z,,
6d688238-bc2e-42b9-8fca-b78f9b9be99f,b05c287c-d77d-40ff-b58e-2099c936338b,410000.00,IDR,1,2025-12-31T17:00:00.000Z,,,,medium,active,a0000000-0000-0000-0000-000000000001,2026-07-29T14:40:37.467Z,2026-07-29T14:40:37.467Z,a0000000-0000-0000-0000-000000000001,2026-07-29T14:40:37.467Z,,
ca1aa5d3-cbd0-44eb-9556-7ca2a0d03385,e2167dfb-8e53-4e35-ae5f-1c4e83a5272e,1432000.00,IDR,1,2025-12-31T17:00:00.000Z,,,,medium,active,a0000000-0000-0000-0000-000000000001,2026-07-29T14:40:37.508Z,2026-07-29T14:40:37.508Z,a0000000-0000-0000-0000-000000000001,2026-07-29T14:40:37.508Z,,
0d164aad-8551-4589-ae43-a31f8a71f5cf,3f4e4f07-7110-4005-9920-98355d171648,67900.00,IDR,1,2025-12-31T17:00:00.000Z,,,,medium,active,a0000000-0000-0000-0000-000000000001,2026-07-29T14:40:37.551Z,2026-07-29T14:40:37.551Z,a0000000-0000-0000-0000-000000000001,2026-07-29T14:40:37.551Z,,
46164fba-7a56-48f8-919e-22f95e898b79,2b538c44-0fba-4aa1-919f-7aa01ba3d0b5,470000.00,IDR,1,2025-12-31T17:00:00.000Z,,,,medium,active,a0000000-0000-0000-0000-000000000001,2026-07-29T14:40:37.593Z,2026-07-29T14:40:37.593Z,a0000000-0000-0000-0000-000000000001,2026-07-29T14:40:37.593Z,,
8d4a0380-1b0c-441a-9959-d79aef79b0db,f8bbbaf3-af12-48a6-bf97-fbb63216d23d,1066100.00,IDR,1,2025-12-31T17:00:00.000Z,,,,medium,active,a0000000-0000-0000-0000-000000000001,2026-07-29T14:40:37.635Z,2026-07-29T14:40:37.635Z,a0000000-0000-0000-0000-000000000001,2026-07-29T14:40:37.635Z,,
e7c2165e-bc2b-4aaa-8e9a-f67ccea6c225,a997685f-4733-4705-9cd0-301b5a3df503,28500.00,IDR,1,2025-12-31T17:00:00.000Z,,,,medium,active,a0000000-0000-0000-0000-000000000001,2026-07-29T14:40:37.677Z,2026-07-29T14:40:37.677Z,a0000000-0000-0000-0000-000000000001,2026-07-29T14:40:37.677Z,,
0f4c569e-ef20-44ba-b10a-4ab26284db09,6b7b1796-6bac-4f7b-b5b1-fd513bed3b6f,60000.00,IDR,1,2025-12-31T17:00:00.000Z,,,,medium,active,a0000000-0000-0000-0000-000000000001,2026-07-29T14:40:37.719Z,2026-07-29T14:40:37.719Z,a0000000-0000-0000-0000-000000000001,2026-07-29T14:40:37.719Z,,
9a64f9af-5b61-4d2e-a56a-1c3c7892ab81,9affb6de-d2ad-451c-823c-8a51bab1292d,10000.00,IDR,1,2025-12-31T17:00:00.000Z,,,,medium,active,a0000000-0000-0000-0000-000000000001,2026-07-29T14:40:37.760Z,2026-07-29T14:40:37.760Z,a0000000-0000-0000-0000-000000000001,2026-07-29T14:40:37.760Z,,
36c859aa-7a45-4660-bc6d-209dad542cf0,c0218760-3257-416e-b77e-99f700ef467e,1119000.00,IDR,1,2025-12-31T17:00:00.000Z,,,,medium,active,a0000000-0000-0000-0000-000000000001,2026-07-29T14:40:37.802Z,2026-07-29T14:40:37.802Z,a0000000-0000-0000-0000-000000000001,2026-07-29T14:40:37.802Z,,
61b9eddb-f66a-4f6b-8428-ee9664f1d139,9a52dc5e-45aa-4706-b6cc-de5805b8996b,220000.00,IDR,1,2025-12-31T17:00:00.000Z,,,,medium,active,a0000000-0000-0000-0000-000000000001,2026-07-29T14:40:37.845Z,2026-07-29T14:40:37.845Z,a0000000-0000-0000-0000-000000000001,2026-07-29T14:40:37.845Z,,
c4874678-2869-4579-a504-36db9ee216a1,eef23c70-0220-474e-8488-4ba59e1af744,100000.00,IDR,1,2025-12-31T17:00:00.000Z,,,,medium,active,a0000000-0000-0000-0000-000000000001,2026-07-29T14:40:37.886Z,2026-07-29T14:40:37.886Z,a0000000-0000-0000-0000-000000000001,2026-07-29T14:40:37.886Z,,
83db9c41-97b9-4d8c-8dfa-75c3a0622597,3579a60b-1e10-481a-8523-f15f3b0405cc,12000000.00,IDR,1,2025-12-31T17:00:00.000Z,,,,medium,active,a0000000-0000-0000-0000-000000000001,2026-07-29T14:40:37.928Z,2026-07-29T14:40:37.928Z,a0000000-0000-0000-0000-000000000001,2026-07-29T14:40:37.928Z,,
80d49905-9a6c-4fe0-8945-bb59351a85ba,9201df0a-db1b-476f-8907-d0195a8efe97,7500.00,IDR,1,2025-12-31T17:00:00.000Z,,,,medium,active,a0000000-0000-0000-0000-000000000001,2026-07-29T14:40:37.969Z,2026-07-29T14:40:37.969Z,a0000000-0000-0000-0000-000000000001,2026-07-29T14:40:37.969Z,,
7e19139e-d485-4c5a-acc4-c4bbc06ab9ff,a3a88ff1-f42b-4f77-a399-627f93cf6f72,3540900.00,IDR,1,2025-12-31T17:00:00.000Z,,,,medium,active,a0000000-0000-0000-0000-000000000001,2026-07-29T14:40:38.011Z,2026-07-29T14:40:38.011Z,a0000000-0000-0000-0000-000000000001,2026-07-29T14:40:38.011Z,,
5381f81a-6601-450b-9272-a663178afa84,f0c5768f-08c5-438c-a8fc-98657a2e29bf,67900.00,IDR,1,2025-12-31T17:00:00.000Z,,,,medium,active,a0000000-0000-0000-0000-000000000001,2026-07-29T14:40:38.053Z,2026-07-29T14:40:38.053Z,a0000000-0000-0000-0000-000000000001,2026-07-29T14:40:38.053Z,,
dd7e7d93-20e8-457d-9cd3-6776ceb21733,13291be9-3411-420e-b232-42e53a3a3ef6,5500000.00,IDR,1,2025-12-31T17:00:00.000Z,,,,medium,active,a0000000-0000-0000-0000-000000000001,2026-07-29T14:40:38.095Z,2026-07-29T14:40:38.095Z,a0000000-0000-0000-0000-000000000001,2026-07-29T14:40:38.095Z,,
09fc38a5-f7b8-4315-b0cf-d73d254794d3,1241fa59-0a6b-4dcb-89ea-ef2ae847f2d6,1500.00,IDR,1,2025-12-31T17:00:00.000Z,,,,medium,active,a0000000-0000-0000-0000-000000000001,2026-07-29T14:40:38.137Z,2026-07-29T14:40:38.137Z,a0000000-0000-0000-0000-000000000001,2026-07-29T14:40:38.137Z,,
5f4de204-404b-48d2-8cba-662a29d0ad74,5ee60975-1a0f-42ca-944d-0a98c6600136,2570000.00,IDR,1,2025-12-31T17:00:00.000Z,,,,medium,active,a0000000-0000-0000-0000-000000000001,2026-07-29T14:40:38.179Z,2026-07-29T14:40:38.179Z,a0000000-0000-0000-0000-000000000001,2026-07-29T14:40:38.179Z,,
1a745eb5-d6a2-4453-a765-0b43f69c032a,c52e2e3a-8be7-476b-81a3-d99197afcdbf,13000.00,IDR,1,2025-12-31T17:00:00.000Z,,,,medium,active,a0000000-0000-0000-0000-000000000001,2026-07-29T14:40:38.221Z,2026-07-29T14:40:38.221Z,a0000000-0000-0000-0000-000000000001,2026-07-29T14:40:38.221Z,,
01c34f37-a1b5-460e-a89a-2353f8dd85cf,4c58f7cb-06ac-4752-bc86-c4f008a0ddd6,39000.00,IDR,1,2025-12-31T17:00:00.000Z,,,,medium,active,a0000000-0000-0000-0000-000000000001,2026-07-29T14:40:38.263Z,2026-07-29T14:40:38.263Z,a0000000-0000-0000-0000-000000000001,2026-07-29T14:40:38.263Z,,
99364dee-8e44-4fa2-a9c0-12a3b7d945ea,69ed4669-a1a1-456a-8e64-8450e3f2d358,18000000.00,IDR,1,2025-12-31T17:00:00.000Z,,,,medium,active,a0000000-0000-0000-0000-000000000001,2026-07-29T14:40:38.304Z,2026-07-29T14:40:38.304Z,a0000000-0000-0000-0000-000000000001,2026-07-29T14:40:38.304Z,,
a8a52efc-74a9-495d-a227-7e81300b5640,a6d8615c-9929-4fb0-9e61-3c49d9489953,67000.00,IDR,1,2025-12-31T17:00:00.000Z,,,,medium,active,a0000000-0000-0000-0000-000000000001,2026-07-29T14:40:38.346Z,2026-07-29T14:40:38.346Z,a0000000-0000-0000-0000-000000000001,2026-07-29T14:40:38.346Z,,
347d146f-797c-4661-8ca8-0e7ef9aa3002,3f6ce631-8407-4be0-a022-f63708ff8fae,206000.00,IDR,1,2025-12-31T17:00:00.000Z,,,,medium,active,a0000000-0000-0000-0000-000000000001,2026-07-29T14:40:38.388Z,2026-07-29T14:40:38.388Z,a0000000-0000-0000-0000-000000000001,2026-07-29T14:40:38.388Z,,
6b63a993-8326-43b1-aa9e-8ec39a278c59,3ac3a38d-63fd-4901-b036-c8da8206515c,20000.00,IDR,1,2025-12-31T17:00:00.000Z,,,,medium,active,a0000000-0000-0000-0000-000000000001,2026-07-29T14:40:38.430Z,2026-07-29T14:40:38.430Z,a0000000-0000-0000-0000-000000000001,2026-07-29T14:40:38.430Z,,
2f6513c2-f02a-4380-8f2c-6b4452883cfc,ec573f80-941d-4e57-8f3e-9c8a19d94ceb,96000.00,IDR,1,2025-12-31T17:00:00.000Z,,,,medium,active,a0000000-0000-0000-0000-000000000001,2026-07-29T14:40:38.471Z,2026-07-29T14:40:38.471Z,a0000000-0000-0000-0000-000000000001,2026-07-29T14:40:38.471Z,,
59a3ba8f-0e49-4e81-8787-a133e33038fa,fb3641f8-7c51-41af-b7cc-dd5cc25967a0,60000.00,IDR,1,2025-12-31T17:00:00.000Z,,,,medium,active,a0000000-0000-0000-0000-000000000001,2026-07-29T14:40:38.513Z,2026-07-29T14:40:38.513Z,a0000000-0000-0000-0000-000000000001,2026-07-29T14:40:38.513Z,,
9581b921-89a0-4f57-907f-e82160244d35,49b70194-1f93-4d37-9cc6-ea3dd1813268,700.00,IDR,1,2025-12-31T17:00:00.000Z,,,,medium,active,a0000000-0000-0000-0000-000000000001,2026-07-29T14:40:38.555Z,2026-07-29T14:40:38.555Z,a0000000-0000-0000-0000-000000000001,2026-07-29T14:40:38.555Z,,
caa109a0-9e8f-416a-9f9e-d5fff281bb07,f4181ec5-59d1-41b0-a3d7-3405fffa5ac7,94000.00,IDR,1,2025-12-31T17:00:00.000Z,,,,medium,active,a0000000-0000-0000-0000-000000000001,2026-07-29T14:40:38.597Z,2026-07-29T14:40:38.597Z,a0000000-0000-0000-0000-000000000001,2026-07-29T14:40:38.597Z,,
cb13b35c-ec81-44e8-9532-4230fb07d1ce,f138c099-0ec7-4a85-8183-037fa75724ad,49000.00,IDR,1,2025-12-31T17:00:00.000Z,,,,medium,active,a0000000-0000-0000-0000-000000000001,2026-07-29T14:40:38.639Z,2026-07-29T14:40:38.639Z,a0000000-0000-0000-0000-000000000001,2026-07-29T14:40:38.639Z,,
3534bd64-3cb7-4e2a-b198-fdd5dc99aa05,044dd3bc-34fb-4e50-8aba-e01939e03328,250000.00,IDR,1,2025-12-31T17:00:00.000Z,,,,medium,active,a0000000-0000-0000-0000-000000000001,2026-07-29T14:40:38.682Z,2026-07-29T14:40:38.682Z,a0000000-0000-0000-0000-000000000001,2026-07-29T14:40:38.682Z,,
28ce18cf-71c4-4da2-a7cf-c8efd067b6b9,86d72691-b038-42d4-b53f-2a4311a24fa7,1.00,IDR,1,2025-12-31T17:00:00.000Z,,,,medium,active,a0000000-0000-0000-0000-000000000001,2026-07-29T14:40:38.724Z,2026-07-29T14:40:38.724Z,a0000000-0000-0000-0000-000000000001,2026-07-29T14:40:38.724Z,,
6de199d7-00bd-4e6c-bec6-1d3dd018fa8c,f164642b-3845-4777-bc34-f74ca1bf6047,730000.00,IDR,1,2025-12-31T17:00:00.000Z,,,,medium,active,a0000000-0000-0000-0000-000000000001,2026-07-29T14:40:39.005Z,2026-07-29T14:40:39.005Z,a0000000-0000-0000-0000-000000000001,2026-07-29T14:40:39.005Z,,
2ef304c7-10c8-4430-8f2a-9535802a5730,6c36f854-e8c2-4263-a5f2-c5e3082aceeb,180000.00,IDR,1,2025-12-31T17:00:00.000Z,,,,medium,active,a0000000-0000-0000-0000-000000000001,2026-07-29T14:40:39.046Z,2026-07-29T14:40:39.046Z,a0000000-0000-0000-0000-000000000001,2026-07-29T14:40:39.046Z,,
5175d9a2-6a6c-40d5-9164-b068e2398615,c225bb2c-a641-405c-a950-a4f177a68cef,5300.00,IDR,1,2025-12-31T17:00:00.000Z,,,,medium,active,a0000000-0000-0000-0000-000000000001,2026-07-29T14:40:39.088Z,2026-07-29T14:40:39.088Z,a0000000-0000-0000-0000-000000000001,2026-07-29T14:40:39.088Z,,
3a8b489f-d495-4226-8e64-fcfafab11e4a,1297b05e-86c1-475e-8f1b-e97d3e7cf7bb,1.00,IDR,1,2025-12-31T17:00:00.000Z,,,,medium,active,a0000000-0000-0000-0000-000000000001,2026-07-29T14:40:39.130Z,2026-07-29T14:40:39.130Z,a0000000-0000-0000-0000-000000000001,2026-07-29T14:40:39.130Z,,
8c9f39ee-ed9b-4f5b-8754-25d1be925394,64c62844-f49f-4df5-8dd7-4558a57ff398,200000.00,IDR,1,2025-12-31T17:00:00.000Z,,,,medium,active,a0000000-0000-0000-0000-000000000001,2026-07-29T14:40:39.172Z,2026-07-29T14:40:39.172Z,a0000000-0000-0000-0000-000000000001,2026-07-29T14:40:39.172Z,,
33dc33ad-dd49-4eac-a988-e372d6364773,036bf374-5dc7-4bc1-9642-e5620713b814,4520000.00,IDR,1,2025-12-31T17:00:00.000Z,,,,medium,active,a0000000-0000-0000-0000-000000000001,2026-07-29T14:40:39.214Z,2026-07-29T14:40:39.214Z,a0000000-0000-0000-0000-000000000001,2026-07-29T14:40:39.214Z,,
cb27e68b-abe6-46d8-b6fd-478d316b1536,5e30e6c7-c6d4-4c70-86cd-7faa4f15c589,81000.00,IDR,1,2025-12-31T17:00:00.000Z,,,,medium,active,a0000000-0000-0000-0000-000000000001,2026-07-29T14:40:39.257Z,2026-07-29T14:40:39.257Z,a0000000-0000-0000-0000-000000000001,2026-07-29T14:40:39.257Z,,
95ed0cbd-c9a3-43d7-9b6a-7a3fe787b452,82c4415a-6a22-4c4a-9414-d688bf695bf6,575250.00,IDR,1,2025-12-31T17:00:00.000Z,,,,medium,active,a0000000-0000-0000-0000-000000000001,2026-07-29T14:40:39.299Z,2026-07-29T14:40:39.299Z,a0000000-0000-0000-0000-000000000001,2026-07-29T14:40:39.299Z,,
cbc72521-4d56-464e-abde-1a9b608818d9,fd5a9920-dfe3-4409-93e5-a2dbb357a957,2500000.00,IDR,1,2025-12-31T17:00:00.000Z,,,,medium,active,a0000000-0000-0000-0000-000000000001,2026-07-29T14:40:39.341Z,2026-07-29T14:40:39.341Z,a0000000-0000-0000-0000-000000000001,2026-07-29T14:40:39.341Z,,
a3ef26d5-f2dd-4828-8bc9-f7fb0955c9e3,2b3ef1f5-1e17-4527-9eab-8cb1c9d30c6f,4000.00,IDR,1,2025-12-31T17:00:00.000Z,,,,medium,active,a0000000-0000-0000-0000-000000000001,2026-07-29T14:40:39.383Z,2026-07-29T14:40:39.383Z,a0000000-0000-0000-0000-000000000001,2026-07-29T14:40:39.383Z,,
db096c39-71fe-4a29-a493-75ee5c4f3d8a,fc4cb7f0-6f79-447c-b85f-e8e4865d7f60,10000000.00,IDR,1,2025-12-31T17:00:00.000Z,,,,medium,active,a0000000-0000-0000-0000-000000000001,2026-07-29T14:40:39.425Z,2026-07-29T14:40:39.425Z,a0000000-0000-0000-0000-000000000001,2026-07-29T14:40:39.425Z,,
f771d343-7300-4acf-8832-c8c27555fa7f,ad39af21-cd63-4f22-b6ff-6a8dedd79fe3,1.00,IDR,1,2025-12-31T17:00:00.000Z,,,,medium,active,a0000000-0000-0000-0000-000000000001,2026-07-29T14:40:39.468Z,2026-07-29T14:40:39.468Z,a0000000-0000-0000-0000-000000000001,2026-07-29T14:40:39.468Z,,
69caf25a-b3d0-43bf-824f-89f65bb6dba7,30635785-aa43-4d8c-9a31-cf7283172b52,1.00,IDR,1,2025-12-31T17:00:00.000Z,,,,medium,active,a0000000-0000-0000-0000-000000000001,2026-07-29T14:40:39.510Z,2026-07-29T14:40:39.510Z,a0000000-0000-0000-0000-000000000001,2026-07-29T14:40:39.510Z,,
7e87c464-abfd-4e5f-9a0b-acd46290607f,5b4fbdb1-37ec-444e-ad15-378f8454f7b2,145000.00,IDR,1,2025-12-31T17:00:00.000Z,,,,medium,active,a0000000-0000-0000-0000-000000000001,2026-07-29T14:40:39.552Z,2026-07-29T14:40:39.552Z,a0000000-0000-0000-0000-000000000001,2026-07-29T14:40:39.552Z,,
775c9a75-37c5-4b05-85de-574461eb11d2,140eeb33-1a9e-4d8f-afb9-8f8d6bc8e268,61000.00,IDR,1,2025-12-31T17:00:00.000Z,,,,medium,active,a0000000-0000-0000-0000-000000000001,2026-07-29T14:40:39.594Z,2026-07-29T14:40:39.594Z,a0000000-0000-0000-0000-000000000001,2026-07-29T14:40:39.594Z,,
9d262348-dbd5-4449-876c-a9aa499ac084,4bb5438e-d7a1-4204-98da-307f1de0d9ea,3000.00,IDR,1,2025-12-31T17:00:00.000Z,,,,medium,active,a0000000-0000-0000-0000-000000000001,2026-07-29T14:40:39.636Z,2026-07-29T14:40:39.636Z,a0000000-0000-0000-0000-000000000001,2026-07-29T14:40:39.636Z,,
eab18c30-ebb8-4edd-8c31-2a20a63d8c05,b5d920d4-0879-47dc-9bb0-475141536672,530000.00,IDR,1,2025-12-31T17:00:00.000Z,,,,medium,active,a0000000-0000-0000-0000-000000000001,2026-07-29T14:40:39.678Z,2026-07-29T14:40:39.678Z,a0000000-0000-0000-0000-000000000001,2026-07-29T14:40:39.678Z,,
4a4e894c-ada7-4bf6-857f-4b508287bd74,207e4c00-b983-4601-a04d-136a248d557c,1640000.00,IDR,1,2025-12-31T17:00:00.000Z,,,,medium,active,a0000000-0000-0000-0000-000000000001,2026-07-29T14:40:39.720Z,2026-07-29T14:40:39.720Z,a0000000-0000-0000-0000-000000000001,2026-07-29T14:40:39.720Z,,
9ac86717-9afc-4b2b-82fe-aeadaceb4373,40833eb6-b086-4819-ad30-705d28c2a306,36000000.00,IDR,1,2025-12-31T17:00:00.000Z,,,,medium,active,a0000000-0000-0000-0000-000000000001,2026-07-29T14:40:39.762Z,2026-07-29T14:40:39.762Z,a0000000-0000-0000-0000-000000000001,2026-07-29T14:40:39.762Z,,
667ff193-a0d3-45f5-8e53-47dbb29c8296,bc0592a4-251d-4ae5-bbef-db4956e37037,100000.00,IDR,1,2025-12-31T17:00:00.000Z,,,,medium,active,a0000000-0000-0000-0000-000000000001,2026-07-29T14:40:39.804Z,2026-07-29T14:40:39.804Z,a0000000-0000-0000-0000-000000000001,2026-07-29T14:40:39.804Z,,
d9d5b809-5250-4333-8fde-d795413a12db,0d48ef8a-f99a-4fc3-96a1-b4da65af8549,135000.00,IDR,1,2025-12-31T17:00:00.000Z,,,,medium,active,a0000000-0000-0000-0000-000000000001,2026-07-29T14:40:39.846Z,2026-07-29T14:40:39.846Z,a0000000-0000-0000-0000-000000000001,2026-07-29T14:40:39.846Z,,
a7af12c3-6af2-41af-9e31-ea59b4bc70fc,3552ac1b-ac22-4197-b9d7-261b7b522507,323000.00,IDR,1,2025-12-31T17:00:00.000Z,,,,medium,active,a0000000-0000-0000-0000-000000000001,2026-07-29T14:40:39.890Z,2026-07-29T14:40:39.890Z,a0000000-0000-0000-0000-000000000001,2026-07-29T14:40:39.890Z,,
e93e0b52-59f5-424d-a023-e92550cc9ad7,4a3891b0-8f85-4401-82a9-2da7ca4fda13,17500.00,IDR,1,2025-12-31T17:00:00.000Z,,,,medium,active,a0000000-0000-0000-0000-000000000001,2026-07-29T14:40:39.932Z,2026-07-29T14:40:39.932Z,a0000000-0000-0000-0000-000000000001,2026-07-29T14:40:39.932Z,,
056cab29-32c3-46e9-9093-408ec2683d4e,7e53c2c2-27b2-48ea-82e7-572dae6cd06e,9302000.00,IDR,1,2025-12-31T17:00:00.000Z,,,,medium,active,a0000000-0000-0000-0000-000000000001,2026-07-29T14:40:39.974Z,2026-07-29T14:40:39.974Z,a0000000-0000-0000-0000-000000000001,2026-07-29T14:40:39.974Z,,
b99b45e2-f968-4889-b6de-2fdd2e4da3f6,4663f086-2ab3-4d8b-9d79-f63aafacea03,491000.00,IDR,1,2025-12-31T17:00:00.000Z,,,,medium,active,a0000000-0000-0000-0000-000000000001,2026-07-29T14:40:40.015Z,2026-07-29T14:40:40.015Z,a0000000-0000-0000-0000-000000000001,2026-07-29T14:40:40.015Z,,
7310c4da-415d-41c9-bb88-9cb39a97c87c,c506599e-4f5d-452a-a8a4-6927eedad752,14100.00,IDR,1,2025-12-31T17:00:00.000Z,,,,medium,active,a0000000-0000-0000-0000-000000000001,2026-07-29T14:40:40.057Z,2026-07-29T14:40:40.057Z,a0000000-0000-0000-0000-000000000001,2026-07-29T14:40:40.057Z,,
503e118d-011b-4594-bda5-ed8217befe14,fc0cff90-9988-4e94-9b41-d77da4055dea,1.00,IDR,1,2025-12-31T17:00:00.000Z,,,,medium,active,a0000000-0000-0000-0000-000000000001,2026-07-29T14:40:40.099Z,2026-07-29T14:40:40.099Z,a0000000-0000-0000-0000-000000000001,2026-07-29T14:40:40.099Z,,
bb255005-3a43-40ff-b81d-5a8a85cd2d4d,877512d4-2fda-44ed-827f-d265e55a1da4,30000.00,IDR,1,2025-12-31T17:00:00.000Z,,,,medium,active,a0000000-0000-0000-0000-000000000001,2026-07-29T14:40:40.141Z,2026-07-29T14:40:40.141Z,a0000000-0000-0000-0000-000000000001,2026-07-29T14:40:40.141Z,,
d46e6388-0886-42ef-9990-d819154c1763,8834950f-4f37-4ba2-99e4-e26e7c232995,104900.00,IDR,1,2025-12-31T17:00:00.000Z,,,,medium,active,a0000000-0000-0000-0000-000000000001,2026-07-29T14:40:40.183Z,2026-07-29T14:40:40.183Z,a0000000-0000-0000-0000-000000000001,2026-07-29T14:40:40.183Z,,
cb2bccce-3eb2-4d14-bcc2-d9fb597ad370,f3cd275e-ca96-4664-bf0d-29caca866c3b,6250.00,IDR,1,2025-12-31T17:00:00.000Z,,,,medium,active,a0000000-0000-0000-0000-000000000001,2026-07-29T14:40:40.225Z,2026-07-29T14:40:40.225Z,a0000000-0000-0000-0000-000000000001,2026-07-29T14:40:40.225Z,,
0e22abec-038e-4cdd-b211-8f79deedcdbe,bfec00c3-15f8-4da5-ab67-4521bd62dc39,10000.00,IDR,1,2025-12-31T17:00:00.000Z,,,,medium,active,a0000000-0000-0000-0000-000000000001,2026-07-29T14:40:40.267Z,2026-07-29T14:40:40.267Z,a0000000-0000-0000-0000-000000000001,2026-07-29T14:40:40.267Z,,
eaae4296-bf59-492c-8bb4-f139555cd2ab,d0ea9a34-e995-4830-9705-ecce9bfab02e,100000.00,IDR,1,2025-12-31T17:00:00.000Z,,,,medium,active,a0000000-0000-0000-0000-000000000001,2026-07-29T14:40:40.309Z,2026-07-29T14:40:40.309Z,a0000000-0000-0000-0000-000000000001,2026-07-29T14:40:40.309Z,,
4251092d-2498-4f92-a491-221a18333d48,baf6dad9-b11f-4884-b490-ecb95729e1de,77000.00,IDR,1,2025-12-31T17:00:00.000Z,,,,medium,active,a0000000-0000-0000-0000-000000000001,2026-07-29T14:40:40.352Z,2026-07-29T14:40:40.352Z,a0000000-0000-0000-0000-000000000001,2026-07-29T14:40:40.352Z,,
e7776ea3-338d-4115-9d2f-870c7384cf34,d7177cb5-cef4-4a81-a269-bcaa91944d11,165000.00,IDR,1,2025-12-31T17:00:00.000Z,,,,medium,active,a0000000-0000-0000-0000-000000000001,2026-07-29T14:40:40.394Z,2026-07-29T14:40:40.394Z,a0000000-0000-0000-0000-000000000001,2026-07-29T14:40:40.394Z,,
0cd1ab76-02e9-455e-9f62-4d6962dc7ecd,16344e2e-4b0a-4578-a1a4-0005b4054be4,416.00,IDR,1,2025-12-31T17:00:00.000Z,,,,medium,active,a0000000-0000-0000-0000-000000000001,2026-07-29T14:40:40.436Z,2026-07-29T14:40:40.436Z,a0000000-0000-0000-0000-000000000001,2026-07-29T14:40:40.436Z,,
6658799d-84ad-4f84-a519-906a817cc4be,59b1bf27-3ebb-4096-b71f-72489c77a7f4,390000.00,IDR,1,2025-12-31T17:00:00.000Z,,,,medium,active,a0000000-0000-0000-0000-000000000001,2026-07-29T14:40:40.478Z,2026-07-29T14:40:40.478Z,a0000000-0000-0000-0000-000000000001,2026-07-29T14:40:40.478Z,,
911aaa39-cb8d-4da6-8e31-d78d1608e507,f15fd248-233a-4ad5-a777-e67bebdf5475,1.00,IDR,1,2025-12-31T17:00:00.000Z,,,,medium,active,a0000000-0000-0000-0000-000000000001,2026-07-29T14:40:40.520Z,2026-07-29T14:40:40.520Z,a0000000-0000-0000-0000-000000000001,2026-07-29T14:40:40.520Z,,
aba97427-40e5-4c52-89be-25d16827f324,6acbb40d-b50f-4f5e-8476-1eba0f48e6f0,1500000.00,IDR,1,2025-12-31T17:00:00.000Z,,,,medium,active,a0000000-0000-0000-0000-000000000001,2026-07-29T14:40:40.562Z,2026-07-29T14:40:40.562Z,a0000000-0000-0000-0000-000000000001,2026-07-29T14:40:40.562Z,,
a6ecc149-8081-4f6c-abec-0a3b9d642e6a,8f31a97d-f54c-40e4-8846-3f378f3235fb,80000.00,IDR,1,2025-12-31T17:00:00.000Z,,,,medium,active,a0000000-0000-0000-0000-000000000001,2026-07-29T14:40:40.605Z,2026-07-29T14:40:40.605Z,a0000000-0000-0000-0000-000000000001,2026-07-29T14:40:40.605Z,,
d1a0f2e1-94e6-4c4d-b80d-895a31170349,c2ef58e3-2e89-42a8-8808-ec77119f58a3,350000.00,IDR,1,2025-12-31T17:00:00.000Z,,,,medium,active,a0000000-0000-0000-0000-000000000001,2026-07-29T14:40:40.646Z,2026-07-29T14:40:40.646Z,a0000000-0000-0000-0000-000000000001,2026-07-29T14:40:40.646Z,,
38d4e96e-829d-4eb7-a6fb-64781df1f645,cfadbaee-a25e-4cf2-b1f4-74f3242a6b5e,8600.00,IDR,1,2025-12-31T17:00:00.000Z,,,,medium,active,a0000000-0000-0000-0000-000000000001,2026-07-29T14:40:40.688Z,2026-07-29T14:40:40.688Z,a0000000-0000-0000-0000-000000000001,2026-07-29T14:40:40.688Z,,
09074380-1dc8-4c56-b070-2fbca5acfc89,df4061c6-39c9-47b4-8e93-1df3262256cd,65900.00,IDR,1,2025-12-31T17:00:00.000Z,,,,medium,active,a0000000-0000-0000-0000-000000000001,2026-07-29T14:40:40.731Z,2026-07-29T14:40:40.731Z,a0000000-0000-0000-0000-000000000001,2026-07-29T14:40:40.731Z,,
9c6aad8c-cfd1-4d79-916d-25cd41e54e6f,94697915-5260-414a-8a0d-87afa7a1d5b1,20000.00,IDR,1,2025-12-31T17:00:00.000Z,,,,medium,active,a0000000-0000-0000-0000-000000000001,2026-07-29T14:40:40.773Z,2026-07-29T14:40:40.773Z,a0000000-0000-0000-0000-000000000001,2026-07-29T14:40:40.773Z,,
5216c771-2ce0-4149-90ee-787bd890edf5,821a2c17-fa46-4581-b1f1-032f8e8d07ab,1.00,IDR,1,2025-12-31T17:00:00.000Z,,,,medium,active,a0000000-0000-0000-0000-000000000001,2026-07-29T14:40:40.816Z,2026-07-29T14:40:40.816Z,a0000000-0000-0000-0000-000000000001,2026-07-29T14:40:40.816Z,,
f02db278-a938-45c6-b323-6a60853f9bf4,51646aa7-7c87-4ae3-90e9-dd53f322345d,200000.00,IDR,1,2025-12-31T17:00:00.000Z,,,,medium,active,a0000000-0000-0000-0000-000000000001,2026-07-29T14:40:40.858Z,2026-07-29T14:40:40.858Z,a0000000-0000-0000-0000-000000000001,2026-07-29T14:40:40.858Z,,
454ae871-1403-4b1f-9532-a53bc36aa37e,0d822a25-570f-4075-b75d-4779111ac0e3,13000.00,IDR,1,2025-12-31T17:00:00.000Z,,,,medium,active,a0000000-0000-0000-0000-000000000001,2026-07-29T14:40:40.900Z,2026-07-29T14:40:40.900Z,a0000000-0000-0000-0000-000000000001,2026-07-29T14:40:40.900Z,,
6c9ae07f-dcca-4391-b936-eca1775315a2,4b64d925-1419-4f25-bdbf-3e80e9ab2366,35000.00,IDR,1,2025-12-31T17:00:00.000Z,,,,medium,active,a0000000-0000-0000-0000-000000000001,2026-07-29T14:40:40.942Z,2026-07-29T14:40:40.942Z,a0000000-0000-0000-0000-000000000001,2026-07-29T14:40:40.942Z,,
a73039a9-4c35-4a73-9ced-65fd4519c302,5e54ae7c-c490-4d8c-a07a-0dddaacb6d14,233000.00,IDR,1,2025-12-31T17:00:00.000Z,,,,medium,active,a0000000-0000-0000-0000-000000000001,2026-07-29T14:40:40.985Z,2026-07-29T14:40:40.985Z,a0000000-0000-0000-0000-000000000001,2026-07-29T14:40:40.985Z,,
d3aaba68-470b-4316-ab4b-5000f5cbf89b,c7b01cbe-d342-4304-a640-e21171ad023f,300000.00,IDR,1,2025-12-31T17:00:00.000Z,,,,medium,active,a0000000-0000-0000-0000-000000000001,2026-07-29T14:40:41.027Z,2026-07-29T14:40:41.027Z,a0000000-0000-0000-0000-000000000001,2026-07-29T14:40:41.027Z,,
ce5826a4-5af1-46d9-af7c-8ef6ebbbb2c1,2323a561-71d0-4a83-a63c-0b8fabe2374c,350000.00,IDR,1,2025-12-31T17:00:00.000Z,,,,medium,active,a0000000-0000-0000-0000-000000000001,2026-07-29T14:40:41.072Z,2026-07-29T14:40:41.072Z,a0000000-0000-0000-0000-000000000001,2026-07-29T14:40:41.072Z,,
86a08255-c8d8-4b43-9909-dc84dd6912c0,c28e0c1a-efd7-4a18-a709-7afc3b63ca91,100000.00,IDR,1,2025-12-31T17:00:00.000Z,,,,medium,active,a0000000-0000-0000-0000-000000000001,2026-07-29T14:40:41.114Z,2026-07-29T14:40:41.114Z,a0000000-0000-0000-0000-000000000001,2026-07-29T14:40:41.114Z,,
8cbd3f25-35c7-4289-a078-3303baf40af2,e2bcb2e0-0bd4-479c-9ac6-3c475961b82a,7600.00,IDR,1,2025-12-31T17:00:00.000Z,,,,medium,active,a0000000-0000-0000-0000-000000000001,2026-07-29T14:40:41.156Z,2026-07-29T14:40:41.156Z,a0000000-0000-0000-0000-000000000001,2026-07-29T14:40:41.156Z,,
fa95489d-b4b0-41be-ae6d-af33b86dcb04,b079a9ae-b63c-434c-8c91-1ba630b56acb,19460.00,IDR,1,2025-12-31T17:00:00.000Z,,,,medium,active,a0000000-0000-0000-0000-000000000001,2026-07-29T14:40:41.197Z,2026-07-29T14:40:41.197Z,a0000000-0000-0000-0000-000000000001,2026-07-29T14:40:41.197Z,,
ef8f9a68-8d46-4d6d-a4a2-3bccd6b8ffff,32c834cd-2b77-409a-aa36-155e2f4504b6,1236000.00,IDR,1,2025-12-31T17:00:00.000Z,,,,medium,active,a0000000-0000-0000-0000-000000000001,2026-07-29T14:40:41.239Z,2026-07-29T14:40:41.239Z,a0000000-0000-0000-0000-000000000001,2026-07-29T14:40:41.239Z,,
f3d5d8e0-b759-416a-bdf2-4bd512e97880,6aed6df8-f771-4259-a0b7-9b3dd78e20a6,7100.00,IDR,1,2025-12-31T17:00:00.000Z,,,,medium,active,a0000000-0000-0000-0000-000000000001,2026-07-29T14:40:41.281Z,2026-07-29T14:40:41.281Z,a0000000-0000-0000-0000-000000000001,2026-07-29T14:40:41.281Z,,
725ec961-01e7-47e7-a0b5-cada8c8fa256,2979af6d-e657-479d-ba75-bf832cbda690,65000.00,IDR,1,2025-12-31T17:00:00.000Z,,,,medium,active,a0000000-0000-0000-0000-000000000001,2026-07-29T14:40:41.322Z,2026-07-29T14:40:41.322Z,a0000000-0000-0000-0000-000000000001,2026-07-29T14:40:41.322Z,,
a77fa8a0-4be6-45df-a10c-907ddb1e0cfd,025f86f7-cbca-43fb-ae69-5b3cfc141ec2,370000.00,IDR,1,2025-12-31T17:00:00.000Z,,,,medium,active,a0000000-0000-0000-0000-000000000001,2026-07-29T14:40:41.367Z,2026-07-29T14:40:41.367Z,a0000000-0000-0000-0000-000000000001,2026-07-29T14:40:41.367Z,,
65124168-c763-4998-9e18-9daf7e1df618,4b8270f8-333f-4fbe-88b3-cc150ba0aa26,67900.00,IDR,1,2025-12-31T17:00:00.000Z,,,,medium,active,a0000000-0000-0000-0000-000000000001,2026-07-29T14:40:41.410Z,2026-07-29T14:40:41.410Z,a0000000-0000-0000-0000-000000000001,2026-07-29T14:40:41.410Z,,
650c6d73-8755-43c6-a62c-d5b21f964c79,2332accc-6462-4968-b585-796c02d7763a,370000.00,IDR,1,2025-12-31T17:00:00.000Z,,,,medium,active,a0000000-0000-0000-0000-000000000001,2026-07-29T14:40:41.453Z,2026-07-29T14:40:41.453Z,a0000000-0000-0000-0000-000000000001,2026-07-29T14:40:41.453Z,,
48d21cdf-4c95-4527-b386-c4f17d18721d,f2c2b4a9-73c5-4865-91e0-ceb3733460d5,200000.00,IDR,1,2025-12-31T17:00:00.000Z,,,,medium,active,a0000000-0000-0000-0000-000000000001,2026-07-29T14:40:41.495Z,2026-07-29T14:40:41.495Z,a0000000-0000-0000-0000-000000000001,2026-07-29T14:40:41.495Z,,
289e8ebb-4d07-4bfb-98a9-0c82109abe95,51277123-58ff-4e6c-9328-1bb04d9d6c8e,1055000.00,IDR,1,2025-12-31T17:00:00.000Z,,,,medium,active,a0000000-0000-0000-0000-000000000001,2026-07-29T14:40:41.537Z,2026-07-29T14:40:41.537Z,a0000000-0000-0000-0000-000000000001,2026-07-29T14:40:41.537Z,,
f0b0b21b-65a3-4128-aa34-760569eb7529,e0fee7b0-1331-4dbb-b873-0a63bb499302,1000000.00,IDR,1,2025-12-31T17:00:00.000Z,,,,medium,active,a0000000-0000-0000-0000-000000000001,2026-07-29T14:40:41.579Z,2026-07-29T14:40:41.579Z,a0000000-0000-0000-0000-000000000001,2026-07-29T14:40:41.579Z,,
df23d086-6850-42ee-bee4-fa3283b5caa4,f3c334a9-93a9-4d51-986e-0fdf0c0b9e9b,53000.00,IDR,1,2025-12-31T17:00:00.000Z,,,,medium,active,a0000000-0000-0000-0000-000000000001,2026-07-29T14:40:41.622Z,2026-07-29T14:40:41.622Z,a0000000-0000-0000-0000-000000000001,2026-07-29T14:40:41.622Z,,
fd8d688b-f041-461c-9b33-e7c51d3d1ba0,b670278d-78cd-42c6-a1d0-1d37265071ee,325000.00,IDR,1,2025-12-31T17:00:00.000Z,,,,medium,active,a0000000-0000-0000-0000-000000000001,2026-07-29T14:40:41.664Z,2026-07-29T14:40:41.664Z,a0000000-0000-0000-0000-000000000001,2026-07-29T14:40:41.664Z,,
09813ec0-c50a-4f2f-9786-d9c854ea2de6,31f181af-a03b-483b-9e80-87fc94041022,690000.00,IDR,1,2025-12-31T17:00:00.000Z,,,,medium,active,a0000000-0000-0000-0000-000000000001,2026-07-29T14:40:41.705Z,2026-07-29T14:40:41.705Z,a0000000-0000-0000-0000-000000000001,2026-07-29T14:40:41.705Z,,
719f237e-d66e-44c1-bf8f-f3e58560129d,68c6e4b5-8265-4faf-88ae-62c0a8efe22e,17000000.00,IDR,1,2025-12-31T17:00:00.000Z,,,,medium,active,a0000000-0000-0000-0000-000000000001,2026-07-29T14:40:41.747Z,2026-07-29T14:40:41.747Z,a0000000-0000-0000-0000-000000000001,2026-07-29T14:40:41.747Z,,
03e061d3-822e-4a75-91bd-06e00591ce59,39162a75-65cc-4b88-9dd0-56c429ee3625,670000.00,IDR,1,2025-12-31T17:00:00.000Z,,,,medium,active,a0000000-0000-0000-0000-000000000001,2026-07-29T14:40:41.790Z,2026-07-29T14:40:41.790Z,a0000000-0000-0000-0000-000000000001,2026-07-29T14:40:41.790Z,,
ba915df7-fc62-4376-bd0f-48340a641b57,1ac5d4e9-2b3e-422f-b4be-e15a6a001477,750000.00,IDR,1,2025-12-31T17:00:00.000Z,,,,medium,active,a0000000-0000-0000-0000-000000000001,2026-07-29T14:40:41.833Z,2026-07-29T14:40:41.833Z,a0000000-0000-0000-0000-000000000001,2026-07-29T14:40:41.833Z,,
c032311e-1fd4-47c6-9544-b979f3b448e3,2d1a0a86-f237-407d-8bdf-c6ce857aa3e1,650000.00,IDR,1,2025-12-31T17:00:00.000Z,,,,medium,active,a0000000-0000-0000-0000-000000000001,2026-07-29T14:40:41.874Z,2026-07-29T14:40:41.874Z,a0000000-0000-0000-0000-000000000001,2026-07-29T14:40:41.874Z,,
34e305f2-c515-4e83-af50-ec3c72d1c0e7,513d9c49-9bd5-4a6e-a02b-f292321e8fac,67900.00,IDR,1,2025-12-31T17:00:00.000Z,,,,medium,active,a0000000-0000-0000-0000-000000000001,2026-07-29T14:40:41.916Z,2026-07-29T14:40:41.916Z,a0000000-0000-0000-0000-000000000001,2026-07-29T14:40:41.916Z,,
4f3ad836-d8d4-4b29-b956-d2b267a4ee64,d3905027-bed7-4a94-b449-7fc903d3ca94,33000.00,IDR,1,2025-12-31T17:00:00.000Z,,,,medium,active,a0000000-0000-0000-0000-000000000001,2026-07-29T14:40:41.958Z,2026-07-29T14:40:41.958Z,a0000000-0000-0000-0000-000000000001,2026-07-29T14:40:41.958Z,,
38238665-92f2-44e9-b5cd-9c036ba19ff8,52e0e23a-70f7-4e73-8335-d3889403459b,9000.00,IDR,1,2025-12-31T17:00:00.000Z,,,,medium,active,a0000000-0000-0000-0000-000000000001,2026-07-29T14:40:41.999Z,2026-07-29T14:40:41.999Z,a0000000-0000-0000-0000-000000000001,2026-07-29T14:40:41.999Z,,
a555a56b-7eaf-4b04-9699-b61981a49e04,936cd125-7021-4907-8bec-f7bc9ffc74ee,325000.00,IDR,1,2025-12-31T17:00:00.000Z,,,,medium,active,a0000000-0000-0000-0000-000000000001,2026-07-29T14:40:42.042Z,2026-07-29T14:40:42.042Z,a0000000-0000-0000-0000-000000000001,2026-07-29T14:40:42.042Z,,
c5f4cd5b-2834-4a86-82ed-56471448ce01,6ab427ba-de3a-43e2-87e5-ef91471e2064,200000.00,IDR,1,2025-12-31T17:00:00.000Z,,,,medium,active,a0000000-0000-0000-0000-000000000001,2026-07-29T14:40:42.084Z,2026-07-29T14:40:42.084Z,a0000000-0000-0000-0000-000000000001,2026-07-29T14:40:42.084Z,,
fd69d391-2152-4b4d-a355-3de2a9161a3a,e89de835-f174-4d2b-ac7f-fae3c23fbfa1,1000000.00,IDR,1,2025-12-31T17:00:00.000Z,,,,medium,active,a0000000-0000-0000-0000-000000000001,2026-07-29T14:40:42.126Z,2026-07-29T14:40:42.126Z,a0000000-0000-0000-0000-000000000001,2026-07-29T14:40:42.126Z,,
1eb6e576-fac2-43d0-b625-3f764627b72e,b105ca3b-fd05-4c1a-b8d7-2e3ab525bc98,655914.00,IDR,1,2025-12-31T17:00:00.000Z,,,,medium,active,a0000000-0000-0000-0000-000000000001,2026-07-29T14:40:42.168Z,2026-07-29T14:40:42.168Z,a0000000-0000-0000-0000-000000000001,2026-07-29T14:40:42.168Z,,
9dc85f40-8ee3-4977-943c-82986b468228,7fba5f21-8d00-4ad4-8af3-e1271f8474fd,65800.00,IDR,1,2025-12-31T17:00:00.000Z,,,,medium,active,a0000000-0000-0000-0000-000000000001,2026-07-29T14:40:42.210Z,2026-07-29T14:40:42.210Z,a0000000-0000-0000-0000-000000000001,2026-07-29T14:40:42.210Z,,
6eef07da-8e6e-4c3b-bb6c-f9c59dc8c344,688691b5-24ec-4fd1-b4be-afd0d09e4e86,75000.00,IDR,1,2025-12-31T17:00:00.000Z,,,,medium,active,a0000000-0000-0000-0000-000000000001,2026-07-29T14:40:42.252Z,2026-07-29T14:40:42.252Z,a0000000-0000-0000-0000-000000000001,2026-07-29T14:40:42.252Z,,
3bad09e2-b409-4f8e-ac8c-2c2ad3a79c57,e7774a8c-a79c-47c4-a36c-e52f19f85df1,15500000.00,IDR,1,2025-12-31T17:00:00.000Z,,,,medium,active,a0000000-0000-0000-0000-000000000001,2026-07-29T14:40:42.293Z,2026-07-29T14:40:42.293Z,a0000000-0000-0000-0000-000000000001,2026-07-29T14:40:42.293Z,,
296714b6-92f4-4c9f-9ee9-0add968f44c9,eb5de829-6d42-4a9d-9c7f-50d27aa4c593,945000.00,IDR,1,2025-12-31T17:00:00.000Z,,,,medium,active,a0000000-0000-0000-0000-000000000001,2026-07-29T14:40:42.337Z,2026-07-29T14:40:42.337Z,a0000000-0000-0000-0000-000000000001,2026-07-29T14:40:42.337Z,,
6a5f4dc2-8498-4d79-af52-4de5c3ba02f3,0b25b13c-b09b-4e0a-b8a0-56bbddb968b9,118000.00,IDR,1,2025-12-31T17:00:00.000Z,,,,medium,active,a0000000-0000-0000-0000-000000000001,2026-07-29T14:40:42.379Z,2026-07-29T14:40:42.379Z,a0000000-0000-0000-0000-000000000001,2026-07-29T14:40:42.379Z,,
3c6698e7-0dd8-4ba8-974c-079f5fb08dd0,f523d06d-3be4-470a-ba46-53364a63c5bd,20500000.00,IDR,1,2025-12-31T17:00:00.000Z,,,,medium,active,a0000000-0000-0000-0000-000000000001,2026-07-29T14:40:42.421Z,2026-07-29T14:40:42.421Z,a0000000-0000-0000-0000-000000000001,2026-07-29T14:40:42.421Z,,
f9176a20-a26b-40f5-9202-e05729c0b4bb,eba129db-70a7-4941-a180-dc708e9aa24c,5500000.00,IDR,1,2025-12-31T17:00:00.000Z,,,,medium,active,a0000000-0000-0000-0000-000000000001,2026-07-29T14:40:42.463Z,2026-07-29T14:40:42.463Z,a0000000-0000-0000-0000-000000000001,2026-07-29T14:40:42.463Z,,
c7d91dd2-c994-4004-ad58-1a71fdd05025,c9122d95-ea60-45c4-be9f-fa0f8bb13a79,260000.00,IDR,1,2025-12-31T17:00:00.000Z,,,,medium,active,a0000000-0000-0000-0000-000000000001,2026-07-29T14:40:42.505Z,2026-07-29T14:40:42.505Z,a0000000-0000-0000-0000-000000000001,2026-07-29T14:40:42.505Z,,
d12be146-8d0d-4285-ad8f-d808654129ae,3c258846-3102-4791-9c59-18a4ce741fb7,700.00,IDR,1,2025-12-31T17:00:00.000Z,,,,medium,active,a0000000-0000-0000-0000-000000000001,2026-07-29T14:40:42.547Z,2026-07-29T14:40:42.547Z,a0000000-0000-0000-0000-000000000001,2026-07-29T14:40:42.547Z,,
cb84dafa-2796-4f9a-afc0-c34bffb8066e,0ae3909e-b979-4f88-adde-a74c377aa08e,300000.00,IDR,1,2025-12-31T17:00:00.000Z,,,,medium,active,a0000000-0000-0000-0000-000000000001,2026-07-29T14:40:42.589Z,2026-07-29T14:40:42.589Z,a0000000-0000-0000-0000-000000000001,2026-07-29T14:40:42.589Z,,
bcec7d95-db34-45f0-955d-f44f2ca9f244,31225c73-a887-4567-b4c7-45bcbf2ed485,9000.00,IDR,1,2025-12-31T17:00:00.000Z,,,,medium,active,a0000000-0000-0000-0000-000000000001,2026-07-29T14:40:42.630Z,2026-07-29T14:40:42.630Z,a0000000-0000-0000-0000-000000000001,2026-07-29T14:40:42.630Z,,
c534af44-395b-4e5b-9939-a59ccf6a6419,94e634b7-6957-41b2-b655-ef6d0cef7679,170000.00,IDR,1,2025-12-31T17:00:00.000Z,,,,medium,active,a0000000-0000-0000-0000-000000000001,2026-07-29T14:40:42.672Z,2026-07-29T14:40:42.672Z,a0000000-0000-0000-0000-000000000001,2026-07-29T14:40:42.672Z,,
aba74532-4740-4745-a992-76d1e722923b,5302517b-6dc5-401d-95f8-cf5e62e884b9,181250.00,IDR,1,2025-12-31T17:00:00.000Z,,,,medium,active,a0000000-0000-0000-0000-000000000001,2026-07-29T14:40:42.714Z,2026-07-29T14:40:42.714Z,a0000000-0000-0000-0000-000000000001,2026-07-29T14:40:42.714Z,,
fa195086-5da5-45a9-a013-0453cff83168,21f2fd94-7ad1-4f33-a91c-ca463996f63d,30500.00,IDR,1,2025-12-31T17:00:00.000Z,,,,medium,active,a0000000-0000-0000-0000-000000000001,2026-07-29T14:40:42.756Z,2026-07-29T14:40:42.756Z,a0000000-0000-0000-0000-000000000001,2026-07-29T14:40:42.756Z,,
30901be4-c3cd-48bb-a743-81071969568e,40126658-5b19-4366-b993-ef564cfca2e5,33000.00,IDR,1,2025-12-31T17:00:00.000Z,,,,medium,active,a0000000-0000-0000-0000-000000000001,2026-07-29T14:40:42.798Z,2026-07-29T14:40:42.798Z,a0000000-0000-0000-0000-000000000001,2026-07-29T14:40:42.798Z,,
d6f9f95f-e651-4573-bf73-465b4134b15c,1db6f330-debf-4c78-b1ab-4eef098a94ec,9200.00,IDR,1,2025-12-31T17:00:00.000Z,,,,medium,active,a0000000-0000-0000-0000-000000000001,2026-07-29T14:40:42.840Z,2026-07-29T14:40:42.840Z,a0000000-0000-0000-0000-000000000001,2026-07-29T14:40:42.840Z,,
78a70a57-5253-4556-a113-6dbc04c406f5,b44720ab-6fce-414c-92c9-b5e9aafb688a,149700.00,IDR,1,2025-12-31T17:00:00.000Z,,,,medium,active,a0000000-0000-0000-0000-000000000001,2026-07-29T14:40:42.882Z,2026-07-29T14:40:42.882Z,a0000000-0000-0000-0000-000000000001,2026-07-29T14:40:42.882Z,,
e88dc04f-49a8-4f7b-befd-c6428bb381f1,f432c13c-0143-4e3c-860b-b8aa03471127,1.00,IDR,1,2025-12-31T17:00:00.000Z,,,,medium,active,a0000000-0000-0000-0000-000000000001,2026-07-29T14:40:42.923Z,2026-07-29T14:40:42.923Z,a0000000-0000-0000-0000-000000000001,2026-07-29T14:40:42.923Z,,
e7460b8d-cec6-4819-af9e-2c09d27e8117,ff3db785-eb9b-4c4e-8cd1-f6a4f15b5309,3125.00,IDR,1,2025-12-31T17:00:00.000Z,,,,medium,active,a0000000-0000-0000-0000-000000000001,2026-07-29T14:40:42.967Z,2026-07-29T14:40:42.967Z,a0000000-0000-0000-0000-000000000001,2026-07-29T14:40:42.967Z,,
373081e1-91a9-4192-8d44-6cf0960af876,44a30fc5-dd7e-4252-9d46-9a13f9ba3a88,290000.00,IDR,1,2025-12-31T17:00:00.000Z,,,,medium,active,a0000000-0000-0000-0000-000000000001,2026-07-29T14:40:43.009Z,2026-07-29T14:40:43.009Z,a0000000-0000-0000-0000-000000000001,2026-07-29T14:40:43.009Z,,
57de1134-6866-49ce-8c70-4f7fde7c9421,e086c9a2-3ec8-4d0a-9ebb-a39f4710c3ca,950000.00,IDR,1,2025-12-31T17:00:00.000Z,,,,medium,active,a0000000-0000-0000-0000-000000000001,2026-07-29T14:40:43.051Z,2026-07-29T14:40:43.051Z,a0000000-0000-0000-0000-000000000001,2026-07-29T14:40:43.051Z,,
fbf5150d-f927-492d-a6b9-d3736483c4bf,8afd0d5d-3a32-44fc-843b-ceeaeb094284,600000.00,IDR,1,2025-12-31T17:00:00.000Z,,,,medium,active,a0000000-0000-0000-0000-000000000001,2026-07-29T14:40:43.093Z,2026-07-29T14:40:43.093Z,a0000000-0000-0000-0000-000000000001,2026-07-29T14:40:43.093Z,,
98bf869e-2935-4e45-94aa-5c6724ff1629,6e56d43a-c386-4564-9c5a-600c56efae91,80000.00,IDR,1,2025-12-31T17:00:00.000Z,,,,medium,active,a0000000-0000-0000-0000-000000000001,2026-07-29T14:40:43.135Z,2026-07-29T14:40:43.135Z,a0000000-0000-0000-0000-000000000001,2026-07-29T14:40:43.135Z,,
2c3619b6-8c0d-409d-af0e-70fbb7a5cf9d,5f15837f-1b46-4cb5-936c-14f44897daaf,50000.00,IDR,1,2025-12-31T17:00:00.000Z,,,,medium,active,a0000000-0000-0000-0000-000000000001,2026-07-29T14:40:43.176Z,2026-07-29T14:40:43.176Z,a0000000-0000-0000-0000-000000000001,2026-07-29T14:40:43.176Z,,
c4ad3e72-fa59-45da-a935-894fbcad8ec6,6f04802a-7d61-4236-bbf1-9e2f5654d034,97800.00,IDR,1,2025-12-31T17:00:00.000Z,,,,medium,active,a0000000-0000-0000-0000-000000000001,2026-07-29T14:40:43.220Z,2026-07-29T14:40:43.220Z,a0000000-0000-0000-0000-000000000001,2026-07-29T14:40:43.220Z,,
a7fb73db-6769-4366-a255-911a96d0f633,d1842366-a0dd-49dc-b7db-2773ccfd2169,15900.00,IDR,1,2025-12-31T17:00:00.000Z,,,,medium,active,a0000000-0000-0000-0000-000000000001,2026-07-29T14:40:43.262Z,2026-07-29T14:40:43.262Z,a0000000-0000-0000-0000-000000000001,2026-07-29T14:40:43.262Z,,
2fde0237-4ee5-43a7-854f-1e7243a1dc2b,91a4673a-0de6-4b70-b835-31893ac81f02,270000.00,IDR,1,2025-12-31T17:00:00.000Z,,,,medium,active,a0000000-0000-0000-0000-000000000001,2026-07-29T14:40:43.304Z,2026-07-29T14:40:43.304Z,a0000000-0000-0000-0000-000000000001,2026-07-29T14:40:43.304Z,,
18d7d864-c18d-42c8-9b89-2d773e06dd63,f9ba5fe6-1b80-472c-a898-93ac86874d28,385000.00,IDR,1,2025-12-31T17:00:00.000Z,,,,medium,active,a0000000-0000-0000-0000-000000000001,2026-07-29T14:40:43.346Z,2026-07-29T14:40:43.346Z,a0000000-0000-0000-0000-000000000001,2026-07-29T14:40:43.346Z,,
4747eeae-1a53-407a-a3cd-2e5d840b2451,71ca251a-d652-49a5-a911-d742c61e6425,1.00,IDR,1,2025-12-31T17:00:00.000Z,,,,medium,active,a0000000-0000-0000-0000-000000000001,2026-07-29T14:40:43.388Z,2026-07-29T14:40:43.388Z,a0000000-0000-0000-0000-000000000001,2026-07-29T14:40:43.388Z,,
7656c531-ebe0-4444-88f7-03428d14fdb4,380e4132-25c0-464f-8015-e119f730ba94,215000.00,IDR,1,2025-12-31T17:00:00.000Z,,,,medium,active,a0000000-0000-0000-0000-000000000001,2026-07-29T14:40:43.430Z,2026-07-29T14:40:43.430Z,a0000000-0000-0000-0000-000000000001,2026-07-29T14:40:43.430Z,,
cf14d578-bd80-4b8b-845c-89f7ed9a1223,0fcfce8f-a059-40f1-9bf7-c838d16a1910,20000.00,IDR,1,2025-12-31T17:00:00.000Z,,,,medium,active,a0000000-0000-0000-0000-000000000001,2026-07-29T14:40:43.472Z,2026-07-29T14:40:43.472Z,a0000000-0000-0000-0000-000000000001,2026-07-29T14:40:43.472Z,,
790b8636-ac7e-4bd1-aaae-c54337b8af64,a4eceded-a55c-4d20-a885-972400ac6c1b,35000.00,IDR,1,2025-12-31T17:00:00.000Z,,,,medium,active,a0000000-0000-0000-0000-000000000001,2026-07-29T14:40:43.514Z,2026-07-29T14:40:43.514Z,a0000000-0000-0000-0000-000000000001,2026-07-29T14:40:43.514Z,,
7ae0d6e4-89b0-4df0-96c9-29900342f3a7,d204c267-9b2c-43de-af15-1bb5ec825878,1535000.00,IDR,1,2025-12-31T17:00:00.000Z,,,,medium,active,a0000000-0000-0000-0000-000000000001,2026-07-29T14:40:43.556Z,2026-07-29T14:40:43.556Z,a0000000-0000-0000-0000-000000000001,2026-07-29T14:40:43.556Z,,
44f814bb-5027-4ed5-bb10-7757610cfa54,ef7ac375-9ed9-47f0-b837-6337f214829f,5500000.00,IDR,1,2025-12-31T17:00:00.000Z,,,,medium,active,a0000000-0000-0000-0000-000000000001,2026-07-29T14:40:43.598Z,2026-07-29T14:40:43.598Z,a0000000-0000-0000-0000-000000000001,2026-07-29T14:40:43.598Z,,
87ced351-ebab-4ab2-93b5-e9bbec55ae53,9fb4d950-ea01-446f-a956-fd973605408e,128900.00,IDR,1,2025-12-31T17:00:00.000Z,,,,medium,active,a0000000-0000-0000-0000-000000000001,2026-07-29T14:40:43.640Z,2026-07-29T14:40:43.640Z,a0000000-0000-0000-0000-000000000001,2026-07-29T14:40:43.640Z,,
a191ece2-a1d6-4a16-b3ec-bfa188e1b873,4bc0c9cb-20b1-42e3-9fcd-87a8adf8734a,46000.00,IDR,1,2025-12-31T17:00:00.000Z,,,,medium,active,a0000000-0000-0000-0000-000000000001,2026-07-29T14:40:43.682Z,2026-07-29T14:40:43.682Z,a0000000-0000-0000-0000-000000000001,2026-07-29T14:40:43.682Z,,
49a8599f-a587-4d0d-a862-835c65679a88,3fd64919-420c-4408-850f-03927d1e7c75,360000.00,IDR,1,2025-12-31T17:00:00.000Z,,,,medium,active,a0000000-0000-0000-0000-000000000001,2026-07-29T14:40:43.724Z,2026-07-29T14:40:43.724Z,a0000000-0000-0000-0000-000000000001,2026-07-29T14:40:43.724Z,,
14d0d6d7-2647-40f5-a655-088cc1df0990,ed4644af-f39c-410e-b133-2d0a1f21e39a,309000.00,IDR,1,2025-12-31T17:00:00.000Z,,,,medium,active,a0000000-0000-0000-0000-000000000001,2026-07-29T14:40:43.765Z,2026-07-29T14:40:43.765Z,a0000000-0000-0000-0000-000000000001,2026-07-29T14:40:43.765Z,,
0e715a03-2756-48de-9649-c1a365669237,0bb86fa7-61c1-4ea7-bbc7-c0783b86d21a,65000.00,IDR,1,2025-12-31T17:00:00.000Z,,,,medium,active,a0000000-0000-0000-0000-000000000001,2026-07-29T14:40:43.807Z,2026-07-29T14:40:43.807Z,a0000000-0000-0000-0000-000000000001,2026-07-29T14:40:43.807Z,,
6ed24819-8c92-43a3-a87a-9b3a542d5df5,200d81a8-7dec-4c87-991b-056834094050,381900.00,IDR,1,2025-12-31T17:00:00.000Z,,,,medium,active,a0000000-0000-0000-0000-000000000001,2026-07-29T14:40:43.850Z,2026-07-29T14:40:43.850Z,a0000000-0000-0000-0000-000000000001,2026-07-29T14:40:43.850Z,,
2cd3bdcd-6945-46d8-84e3-af92f01f0be9,0dcadce9-784e-42ea-a719-e6a25a0e91d2,3100.00,IDR,1,2025-12-31T17:00:00.000Z,,,,medium,active,a0000000-0000-0000-0000-000000000001,2026-07-29T14:40:43.892Z,2026-07-29T14:40:43.892Z,a0000000-0000-0000-0000-000000000001,2026-07-29T14:40:43.892Z,,
87f7911a-bc74-424d-9911-cd309a3b1bb2,915b81e9-1f13-43b2-8f17-1f79fe23b21b,1.00,IDR,1,2025-12-31T17:00:00.000Z,,,,medium,active,a0000000-0000-0000-0000-000000000001,2026-07-29T14:40:43.935Z,2026-07-29T14:40:43.935Z,a0000000-0000-0000-0000-000000000001,2026-07-29T14:40:43.935Z,,
d602db20-e7de-4c06-8e15-016efe0cf8d9,efcb4de3-94b1-4233-93d7-a47631a27585,9430000.00,IDR,1,2025-12-31T17:00:00.000Z,,,,medium,active,a0000000-0000-0000-0000-000000000001,2026-07-29T14:40:43.978Z,2026-07-29T14:40:43.978Z,a0000000-0000-0000-0000-000000000001,2026-07-29T14:40:43.978Z,,
90d135f3-b94b-4aec-88df-f796f875a268,5897e07b-16f7-4fd7-9436-17be125b3832,140000.00,IDR,1,2025-12-31T17:00:00.000Z,,,,medium,active,a0000000-0000-0000-0000-000000000001,2026-07-29T14:40:44.021Z,2026-07-29T14:40:44.021Z,a0000000-0000-0000-0000-000000000001,2026-07-29T14:40:44.021Z,,
0154e38c-7812-4689-8bcb-7f9c1657cfcb,90645973-fd80-4207-a39c-80c7e55d1df9,245000.00,IDR,1,2025-12-31T17:00:00.000Z,,,,medium,active,a0000000-0000-0000-0000-000000000001,2026-07-29T14:40:44.063Z,2026-07-29T14:40:44.063Z,a0000000-0000-0000-0000-000000000001,2026-07-29T14:40:44.063Z,,
5b22ac24-2dd2-451f-bfff-df81866599fc,0a198a98-6e5f-42e1-a7fe-e9685b9a992b,1.00,IDR,1,2025-12-31T17:00:00.000Z,,,,medium,active,a0000000-0000-0000-0000-000000000001,2026-07-29T14:40:44.105Z,2026-07-29T14:40:44.105Z,a0000000-0000-0000-0000-000000000001,2026-07-29T14:40:44.105Z,,
30141b9e-28ad-4ba2-a979-0380596983c0,74767b30-5f14-4ca6-b2df-174ba95fccb8,15000.00,IDR,1,2025-12-31T17:00:00.000Z,,,,medium,active,a0000000-0000-0000-0000-000000000001,2026-07-29T14:40:44.147Z,2026-07-29T14:40:44.147Z,a0000000-0000-0000-0000-000000000001,2026-07-29T14:40:44.147Z,,
ea59818b-915b-4cf6-a4d2-957b66df463a,08581bff-f2ee-4e0b-93c1-098f893f8bbb,530000.00,IDR,1,2025-12-31T17:00:00.000Z,,,,medium,active,a0000000-0000-0000-0000-000000000001,2026-07-29T14:40:44.190Z,2026-07-29T14:40:44.190Z,a0000000-0000-0000-0000-000000000001,2026-07-29T14:40:44.190Z,,
8b393aff-ee5c-4f7c-907b-a0a73cc9fd95,55a55767-d0db-4b4a-a4b7-5857e5a8d113,450000.00,IDR,1,2025-12-31T17:00:00.000Z,,,,medium,active,a0000000-0000-0000-0000-000000000001,2026-07-29T14:40:44.231Z,2026-07-29T14:40:44.231Z,a0000000-0000-0000-0000-000000000001,2026-07-29T14:40:44.231Z,,
ad7e6752-e632-4d31-bed3-5828162fb663,9aac0e88-f9c2-4f24-8478-2faa90b8d609,27000.00,IDR,1,2025-12-31T17:00:00.000Z,,,,medium,active,a0000000-0000-0000-0000-000000000001,2026-07-29T14:40:44.273Z,2026-07-29T14:40:44.273Z,a0000000-0000-0000-0000-000000000001,2026-07-29T14:40:44.273Z,,
d7fff14b-3338-4fbb-8d65-daf5b4cd8351,abfafa4f-9645-45a1-8bfe-c8c6bd11d863,45550.00,IDR,1,2025-12-31T17:00:00.000Z,,,,medium,active,a0000000-0000-0000-0000-000000000001,2026-07-29T14:40:44.315Z,2026-07-29T14:40:44.315Z,a0000000-0000-0000-0000-000000000001,2026-07-29T14:40:44.315Z,,
e13a8e78-145b-48e3-86c3-d8b0d23d5d44,0e1b3e5c-1168-4f1f-adba-9594290456dc,23000.00,IDR,1,2025-12-31T17:00:00.000Z,,,,medium,active,a0000000-0000-0000-0000-000000000001,2026-07-29T14:40:44.357Z,2026-07-29T14:40:44.357Z,a0000000-0000-0000-0000-000000000001,2026-07-29T14:40:44.357Z,,
f5b7b330-156d-4532-8d83-93ee60f9ade3,44ecde41-5133-4b7e-9201-6e43e72a8d18,20000.00,IDR,1,2025-12-31T17:00:00.000Z,,,,medium,active,a0000000-0000-0000-0000-000000000001,2026-07-29T14:40:44.399Z,2026-07-29T14:40:44.399Z,a0000000-0000-0000-0000-000000000001,2026-07-29T14:40:44.399Z,,
1dbe127c-8219-4d86-93ba-8395313e60a9,32a3dfc4-19e4-4ca5-8394-77ff432167b7,150000.00,IDR,1,2025-12-31T17:00:00.000Z,,,,medium,active,a0000000-0000-0000-0000-000000000001,2026-07-29T14:40:44.441Z,2026-07-29T14:40:44.441Z,a0000000-0000-0000-0000-000000000001,2026-07-29T14:40:44.441Z,,
b7148e07-fb3c-4733-81ac-53ec2e20ad96,1e3c078a-98f0-4dd4-b4c4-149c2c39fb82,67900.00,IDR,1,2025-12-31T17:00:00.000Z,,,,medium,active,a0000000-0000-0000-0000-000000000001,2026-07-29T14:40:44.482Z,2026-07-29T14:40:44.482Z,a0000000-0000-0000-0000-000000000001,2026-07-29T14:40:44.482Z,,
566b5f32-0459-4101-a868-3753ca92c57b,5d2ccae3-6181-4305-a13e-bde4aebee69a,9000.00,IDR,1,2025-12-31T17:00:00.000Z,,,,medium,active,a0000000-0000-0000-0000-000000000001,2026-07-29T14:40:44.523Z,2026-07-29T14:40:44.523Z,a0000000-0000-0000-0000-000000000001,2026-07-29T14:40:44.523Z,,
fb7a2621-923a-4538-b175-0bb8cd9c7b7b,327a2757-0529-4b22-9d97-3ee0ec83863b,219000.00,IDR,1,2025-12-31T17:00:00.000Z,,,,medium,active,a0000000-0000-0000-0000-000000000001,2026-07-29T14:40:44.565Z,2026-07-29T14:40:44.565Z,a0000000-0000-0000-0000-000000000001,2026-07-29T14:40:44.565Z,,
bb833f06-7315-4ffb-8b84-96fe39f172e1,9da95413-24e0-48c1-b2ca-cb3cdf3b25a0,2455000.00,IDR,1,2025-12-31T17:00:00.000Z,,,,medium,active,a0000000-0000-0000-0000-000000000001,2026-07-29T14:40:44.608Z,2026-07-29T14:40:44.608Z,a0000000-0000-0000-0000-000000000001,2026-07-29T14:40:44.608Z,,
1c6770c5-e927-4565-9415-d55501d19e06,f280aff5-d0f9-416e-81ae-95bdf1e7fbe1,185000.00,IDR,1,2025-12-31T17:00:00.000Z,,,,medium,active,a0000000-0000-0000-0000-000000000001,2026-07-29T14:40:44.650Z,2026-07-29T14:40:44.650Z,a0000000-0000-0000-0000-000000000001,2026-07-29T14:40:44.650Z,,
6e7cd89d-dd84-4da5-a2bf-d798e8cfcdce,5a0617aa-cbf1-4b01-91cc-7639323cd72e,2000000.00,IDR,1,2025-12-31T17:00:00.000Z,,,,medium,active,a0000000-0000-0000-0000-000000000001,2026-07-29T14:40:44.691Z,2026-07-29T14:40:44.691Z,a0000000-0000-0000-0000-000000000001,2026-07-29T14:40:44.691Z,,
cb167b5d-842a-4a03-a394-d9aeab235c26,d81a9996-381b-46f2-892f-07a1953e4d92,3500000.00,IDR,1,2025-12-31T17:00:00.000Z,,,,medium,active,a0000000-0000-0000-0000-000000000001,2026-07-29T14:40:44.733Z,2026-07-29T14:40:44.733Z,a0000000-0000-0000-0000-000000000001,2026-07-29T14:40:44.733Z,,
6dcdb8a7-6a29-42b2-82ea-250efcebe486,f89f2ae9-45e1-417c-a5cb-cec5dae88df8,400000.00,IDR,1,2025-12-31T17:00:00.000Z,,,,medium,active,a0000000-0000-0000-0000-000000000001,2026-07-29T14:40:44.775Z,2026-07-29T14:40:44.775Z,a0000000-0000-0000-0000-000000000001,2026-07-29T14:40:44.775Z,,
a8bd25c9-797e-467a-b265-86f45e94ed35,357cd4c5-ea4d-40b2-93d7-c2e0a3aa52a2,360000.00,IDR,1,2025-12-31T17:00:00.000Z,,,,medium,active,a0000000-0000-0000-0000-000000000001,2026-07-29T14:40:44.817Z,2026-07-29T14:40:44.817Z,a0000000-0000-0000-0000-000000000001,2026-07-29T14:40:44.817Z,,
47ab1b49-1589-4e01-a88f-bf09ad164f97,8616f0b6-a234-4561-b2ea-79bd2e79cd5b,414000.00,IDR,1,2025-12-31T17:00:00.000Z,,,,medium,active,a0000000-0000-0000-0000-000000000001,2026-07-29T14:40:44.859Z,2026-07-29T14:40:44.859Z,a0000000-0000-0000-0000-000000000001,2026-07-29T14:40:44.859Z,,
dc15dd9e-8144-4038-96a4-a2e952047f13,653c1b7a-a83f-43cb-9fdc-515e7f4b3098,29000.00,IDR,1,2025-12-31T17:00:00.000Z,,,,medium,active,a0000000-0000-0000-0000-000000000001,2026-07-29T14:40:44.901Z,2026-07-29T14:40:44.901Z,a0000000-0000-0000-0000-000000000001,2026-07-29T14:40:44.901Z,,
845f83e5-d566-414f-a343-2375fd44ccfa,c0edbf40-1c79-4d7a-aa23-dd7f8258f294,743750.00,IDR,1,2025-12-31T17:00:00.000Z,,,,medium,active,a0000000-0000-0000-0000-000000000001,2026-07-29T14:40:44.944Z,2026-07-29T14:40:44.944Z,a0000000-0000-0000-0000-000000000001,2026-07-29T14:40:44.944Z,,
d622afe1-571d-4001-8c6a-5767efc43b85,a288d0d2-f648-4dcc-8350-9e45a5a7f1d5,1653000.00,IDR,1,2025-12-31T17:00:00.000Z,,,,medium,active,a0000000-0000-0000-0000-000000000001,2026-07-29T14:40:44.992Z,2026-07-29T14:40:44.992Z,a0000000-0000-0000-0000-000000000001,2026-07-29T14:40:44.992Z,,
06b78f7c-7e91-4bd4-bc3a-7b91d1fd230d,4e27ca4d-9c1a-4c69-9cec-5542815fa530,15000000.00,IDR,1,2025-12-31T17:00:00.000Z,,,,medium,active,a0000000-0000-0000-0000-000000000001,2026-07-29T14:40:45.034Z,2026-07-29T14:40:45.034Z,a0000000-0000-0000-0000-000000000001,2026-07-29T14:40:45.034Z,,
abd46019-e293-417e-ad64-4b990681393b,e1826161-1818-4a24-972f-24cb04f9094a,13100.00,IDR,1,2025-12-31T17:00:00.000Z,,,,medium,active,a0000000-0000-0000-0000-000000000001,2026-07-29T14:40:45.077Z,2026-07-29T14:40:45.077Z,a0000000-0000-0000-0000-000000000001,2026-07-29T14:40:45.077Z,,
d55c4ff3-45b1-4c3e-8f59-b18a9f17c938,3a38f453-4e64-4d1d-8f99-5e1bd98eb08f,1634000.00,IDR,1,2025-12-31T17:00:00.000Z,,,,medium,active,a0000000-0000-0000-0000-000000000001,2026-07-29T14:40:45.121Z,2026-07-29T14:40:45.121Z,a0000000-0000-0000-0000-000000000001,2026-07-29T14:40:45.121Z,,
0bff41e4-1fd6-4c26-9ea3-57e369469717,428f2dfd-ac44-4262-8861-61c00736d2cd,8450000.00,IDR,1,2025-12-31T17:00:00.000Z,,,,medium,active,a0000000-0000-0000-0000-000000000001,2026-07-29T14:40:45.164Z,2026-07-29T14:40:45.164Z,a0000000-0000-0000-0000-000000000001,2026-07-29T14:40:45.164Z,,
9150e786-e587-4cf0-b3a2-0e526601d501,29cd0c8e-cbca-4c25-8917-5276fffa123b,10000.00,IDR,1,2025-12-31T17:00:00.000Z,,,,medium,active,a0000000-0000-0000-0000-000000000001,2026-07-29T14:40:45.206Z,2026-07-29T14:40:45.206Z,a0000000-0000-0000-0000-000000000001,2026-07-29T14:40:45.206Z,,
78a4a024-2887-4bc0-80e3-6e11798d849c,cc32ed7d-771b-41e2-8864-e16f01f5c6bb,25000.00,IDR,1,2025-12-31T17:00:00.000Z,,,,medium,active,a0000000-0000-0000-0000-000000000001,2026-07-29T14:40:45.248Z,2026-07-29T14:40:45.248Z,a0000000-0000-0000-0000-000000000001,2026-07-29T14:40:45.248Z,,
f6d135b8-ae50-4875-b949-712abd715131,7b8092da-4083-4703-bd24-bee04d7a6ee2,1.00,IDR,1,2025-12-31T17:00:00.000Z,,,,medium,active,a0000000-0000-0000-0000-000000000001,2026-07-29T14:40:45.290Z,2026-07-29T14:40:45.290Z,a0000000-0000-0000-0000-000000000001,2026-07-29T14:40:45.290Z,,
d9fdf8f2-597c-4740-9aad-a7f7540ff1a7,91a8310c-a75b-4170-89a8-2a846e71d687,13400.00,IDR,1,2025-12-31T17:00:00.000Z,,,,medium,active,a0000000-0000-0000-0000-000000000001,2026-07-29T14:40:45.331Z,2026-07-29T14:40:45.331Z,a0000000-0000-0000-0000-000000000001,2026-07-29T14:40:45.331Z,,
00b5e978-ee06-4b7a-a704-187fd719c3c2,337265fc-3a60-4a44-b67f-6b5a2c39e594,2500.00,IDR,1,2025-12-31T17:00:00.000Z,,,,medium,active,a0000000-0000-0000-0000-000000000001,2026-07-29T14:40:45.373Z,2026-07-29T14:40:45.373Z,a0000000-0000-0000-0000-000000000001,2026-07-29T14:40:45.373Z,,
936d8abe-3d3d-4048-a554-8ac967a238b5,857d716a-e130-48f8-ba0e-b693aeedc921,100000.00,IDR,1,2025-12-31T17:00:00.000Z,,,,medium,active,a0000000-0000-0000-0000-000000000001,2026-07-29T14:40:45.415Z,2026-07-29T14:40:45.415Z,a0000000-0000-0000-0000-000000000001,2026-07-29T14:40:45.415Z,,
d7d37cf0-3df2-4e0e-a7bb-edbb4aa272cf,09d6a54e-3cad-441d-a1df-95b233bed562,360000.00,IDR,1,2025-12-31T17:00:00.000Z,,,,medium,active,a0000000-0000-0000-0000-000000000001,2026-07-29T14:40:45.457Z,2026-07-29T14:40:45.457Z,a0000000-0000-0000-0000-000000000001,2026-07-29T14:40:45.457Z,,
781edeb6-69c6-4c90-ac20-156711ce7b4e,3912e4cf-509a-45e1-964b-554e04ece653,216700.00,IDR,1,2025-12-31T17:00:00.000Z,,,,medium,active,a0000000-0000-0000-0000-000000000001,2026-07-29T14:40:45.501Z,2026-07-29T14:40:45.501Z,a0000000-0000-0000-0000-000000000001,2026-07-29T14:40:45.501Z,,
f30c6886-9585-4e9b-8ee5-65dc086c237a,169471d7-86d9-442c-84d2-36e6503f1e54,450000.00,IDR,1,2025-12-31T17:00:00.000Z,,,,medium,active,a0000000-0000-0000-0000-000000000001,2026-07-29T14:40:45.542Z,2026-07-29T14:40:45.542Z,a0000000-0000-0000-0000-000000000001,2026-07-29T14:40:45.542Z,,
a3f15d5d-5c15-48e8-b155-15d3ad001f6e,640a4154-1326-4345-aa0a-38b84d06071d,25500.00,IDR,1,2025-12-31T17:00:00.000Z,,,,medium,active,a0000000-0000-0000-0000-000000000001,2026-07-29T14:40:45.584Z,2026-07-29T14:40:45.584Z,a0000000-0000-0000-0000-000000000001,2026-07-29T14:40:45.584Z,,
3575e411-094c-4621-8936-72ed2535a525,29dc1b70-23aa-4a3f-97d4-933bab2b08ec,15000.00,IDR,1,2025-12-31T17:00:00.000Z,,,,medium,active,a0000000-0000-0000-0000-000000000001,2026-07-29T14:40:45.626Z,2026-07-29T14:40:45.626Z,a0000000-0000-0000-0000-000000000001,2026-07-29T14:40:45.626Z,,
5f5be78b-845f-4221-bf62-02ef82003c2f,cfb8d8e9-e4e3-4db0-a14b-8a008558e971,20000.00,IDR,1,2025-12-31T17:00:00.000Z,,,,medium,active,a0000000-0000-0000-0000-000000000001,2026-07-29T14:40:45.669Z,2026-07-29T14:40:45.669Z,a0000000-0000-0000-0000-000000000001,2026-07-29T14:40:45.669Z,,
2fd5f495-5ad0-45de-a7fd-6934631dfea3,f05dec66-347b-4582-a563-426eb6a03f4c,2000000.00,IDR,1,2025-12-31T17:00:00.000Z,,,,medium,active,a0000000-0000-0000-0000-000000000001,2026-07-29T14:40:45.710Z,2026-07-29T14:40:45.710Z,a0000000-0000-0000-0000-000000000001,2026-07-29T14:40:45.710Z,,
f78c87c5-6d89-4f0c-b0ea-bf40f7d4f2d8,121bcd26-dde2-4899-8315-392181a8ed52,1.00,IDR,1,2025-12-31T17:00:00.000Z,,,,medium,active,a0000000-0000-0000-0000-000000000001,2026-07-29T14:40:45.752Z,2026-07-29T14:40:45.752Z,a0000000-0000-0000-0000-000000000001,2026-07-29T14:40:45.752Z,,
d9b4a74e-d3ca-4f9f-8dcf-bbbeabf71a79,b9ecfe71-f3f2-4463-80a7-a2d2fab09be3,1.00,IDR,1,2025-12-31T17:00:00.000Z,,,,medium,active,a0000000-0000-0000-0000-000000000001,2026-07-29T14:40:45.794Z,2026-07-29T14:40:45.794Z,a0000000-0000-0000-0000-000000000001,2026-07-29T14:40:45.794Z,,
279b5aff-be3a-4d39-8074-9d4010216d18,f1709428-61c8-43a1-81a7-df26d27432d1,70000.00,IDR,1,2025-12-31T17:00:00.000Z,,,,medium,active,a0000000-0000-0000-0000-000000000001,2026-07-29T14:40:45.836Z,2026-07-29T14:40:45.836Z,a0000000-0000-0000-0000-000000000001,2026-07-29T14:40:45.836Z,,
8e355a90-26c4-4d5e-a720-5713cbc34112,d5720423-39a5-4c87-af31-72c86c0954a0,133000.00,IDR,1,2025-12-31T17:00:00.000Z,,,,medium,active,a0000000-0000-0000-0000-000000000001,2026-07-29T14:40:45.877Z,2026-07-29T14:40:45.877Z,a0000000-0000-0000-0000-000000000001,2026-07-29T14:40:45.877Z,,
481ab0ac-3260-4a18-af31-e3d0892aad35,9bf421a2-f410-48f2-8338-edf694f963d9,45300.00,IDR,1,2025-12-31T17:00:00.000Z,,,,medium,active,a0000000-0000-0000-0000-000000000001,2026-07-29T14:40:45.919Z,2026-07-29T14:40:45.919Z,a0000000-0000-0000-0000-000000000001,2026-07-29T14:40:45.919Z,,
6507d953-6a73-4773-8c2a-df37df675b62,064dcb1c-eaa6-4785-8ac8-3498a1d83f9f,2300000.00,IDR,1,2025-12-31T17:00:00.000Z,,,,medium,active,a0000000-0000-0000-0000-000000000001,2026-07-29T14:40:45.961Z,2026-07-29T14:40:45.961Z,a0000000-0000-0000-0000-000000000001,2026-07-29T14:40:45.961Z,,
c488ab26-f66e-48cd-9fea-2923697e17f9,b4f7de18-3e02-489d-bf7c-f148900aee41,1500.00,IDR,1,2025-12-31T17:00:00.000Z,,,,medium,active,a0000000-0000-0000-0000-000000000001,2026-07-29T14:40:46.003Z,2026-07-29T14:40:46.003Z,a0000000-0000-0000-0000-000000000001,2026-07-29T14:40:46.003Z,,
03f4a355-e085-439a-b8d5-7f4105c27597,e6adc837-fd05-4108-9c36-a520d1d63ac3,17400.00,IDR,1,2025-12-31T17:00:00.000Z,,,,medium,active,a0000000-0000-0000-0000-000000000001,2026-07-29T14:40:46.045Z,2026-07-29T14:40:46.045Z,a0000000-0000-0000-0000-000000000001,2026-07-29T14:40:46.045Z,,
2ca41885-a32b-403e-b409-3b4c7f495b36,6ee354d1-101c-47a7-a6bb-bbf4fa0b0bef,15000.00,IDR,1,2025-12-31T17:00:00.000Z,,,,medium,active,a0000000-0000-0000-0000-000000000001,2026-07-29T14:40:46.088Z,2026-07-29T14:40:46.088Z,a0000000-0000-0000-0000-000000000001,2026-07-29T14:40:46.088Z,,
d1d0be49-fa8c-4005-aadb-22fb67c2d304,90686e08-7d52-4429-950c-238d4980c9b7,10500.00,IDR,1,2025-12-31T17:00:00.000Z,,,,medium,active,a0000000-0000-0000-0000-000000000001,2026-07-29T14:40:46.130Z,2026-07-29T14:40:46.130Z,a0000000-0000-0000-0000-000000000001,2026-07-29T14:40:46.130Z,,
b78a2c26-e630-48db-b2dd-fc84f4197154,5f75ca67-af04-4b47-97d1-696375ede35f,77300.00,IDR,1,2025-12-31T17:00:00.000Z,,,,medium,active,a0000000-0000-0000-0000-000000000001,2026-07-29T14:40:46.172Z,2026-07-29T14:40:46.172Z,a0000000-0000-0000-0000-000000000001,2026-07-29T14:40:46.172Z,,
72082353-18d2-41f0-879b-19b84432be11,cb798875-0929-4617-9b28-0323c70d1f6d,58000.00,IDR,1,2025-12-31T17:00:00.000Z,,,,medium,active,a0000000-0000-0000-0000-000000000001,2026-07-29T14:40:46.214Z,2026-07-29T14:40:46.214Z,a0000000-0000-0000-0000-000000000001,2026-07-29T14:40:46.214Z,,
24859430-7ebb-4848-bb21-cbabca69ebf5,7b7393cb-a2e3-4349-8572-5e44ffe2d2d8,25000.00,IDR,1,2025-12-31T17:00:00.000Z,,,,medium,active,a0000000-0000-0000-0000-000000000001,2026-07-29T14:40:46.256Z,2026-07-29T14:40:46.256Z,a0000000-0000-0000-0000-000000000001,2026-07-29T14:40:46.256Z,,
7fd0b774-820f-41c5-acb0-73227816fa43,23b9fb54-9e38-4b1b-bab2-db8e45f58fd6,9300.00,IDR,1,2025-12-31T17:00:00.000Z,,,,medium,active,a0000000-0000-0000-0000-000000000001,2026-07-29T14:40:46.299Z,2026-07-29T14:40:46.299Z,a0000000-0000-0000-0000-000000000001,2026-07-29T14:40:46.299Z,,
8298297d-0306-4102-be50-f1acd6f8e87a,ef4debed-15fb-42df-8564-4492885800e3,135000.00,IDR,1,2025-12-31T17:00:00.000Z,,,,medium,active,a0000000-0000-0000-0000-000000000001,2026-07-29T14:40:46.340Z,2026-07-29T14:40:46.340Z,a0000000-0000-0000-0000-000000000001,2026-07-29T14:40:46.340Z,,
52613cdb-a558-4262-8230-01629a76b45f,9b5de661-cb15-499b-9283-a7bcf22d8444,350000.00,IDR,1,2025-12-31T17:00:00.000Z,,,,medium,active,a0000000-0000-0000-0000-000000000001,2026-07-29T14:40:46.382Z,2026-07-29T14:40:46.382Z,a0000000-0000-0000-0000-000000000001,2026-07-29T14:40:46.382Z,,
1b3668b0-802c-4389-b816-048becaa40cc,cbc8359e-5ed2-46c7-958e-6055616e3df2,513000.00,IDR,1,2025-12-31T17:00:00.000Z,,,,medium,active,a0000000-0000-0000-0000-000000000001,2026-07-29T14:40:46.424Z,2026-07-29T14:40:46.424Z,a0000000-0000-0000-0000-000000000001,2026-07-29T14:40:46.424Z,,
2101e303-bded-44be-b815-72aa3046b831,6c607510-f528-45a5-a482-20b35b25ea2d,33000.00,IDR,1,2025-12-31T17:00:00.000Z,,,,medium,active,a0000000-0000-0000-0000-000000000001,2026-07-29T14:40:46.466Z,2026-07-29T14:40:46.466Z,a0000000-0000-0000-0000-000000000001,2026-07-29T14:40:46.466Z,,
d5fd8005-d2a0-406e-8a01-24ded4e9c199,6e4ea38a-0577-4ce7-882c-a2367c919963,1000000.00,IDR,1,2025-12-31T17:00:00.000Z,,,,medium,active,a0000000-0000-0000-0000-000000000001,2026-07-29T14:40:46.509Z,2026-07-29T14:40:46.509Z,a0000000-0000-0000-0000-000000000001,2026-07-29T14:40:46.509Z,,
6d1de819-eb20-4b10-8520-e3a76ce25aed,6dacc3de-24d3-4f90-a76f-9d6a0d0b8a2e,27000.00,IDR,1,2025-12-31T17:00:00.000Z,,,,medium,active,a0000000-0000-0000-0000-000000000001,2026-07-29T14:40:46.550Z,2026-07-29T14:40:46.550Z,a0000000-0000-0000-0000-000000000001,2026-07-29T14:40:46.550Z,,
7a14ac1a-8204-4c89-80de-34225650e0a0,3d56e0ea-e390-40e1-83f9-013f7c93858b,2000.00,IDR,1,2025-12-31T17:00:00.000Z,,,,medium,active,a0000000-0000-0000-0000-000000000001,2026-07-29T14:40:46.592Z,2026-07-29T14:40:46.592Z,a0000000-0000-0000-0000-000000000001,2026-07-29T14:40:46.592Z,,
80e4166a-5c62-455b-8dda-01ef93827f2e,a42c8da6-2665-418d-98c0-5932f9eb06e6,20000.00,IDR,1,2025-12-31T17:00:00.000Z,,,,medium,active,a0000000-0000-0000-0000-000000000001,2026-07-29T14:40:46.634Z,2026-07-29T14:40:46.634Z,a0000000-0000-0000-0000-000000000001,2026-07-29T14:40:46.634Z,,
8d548448-b3a9-4dc6-8dbf-4feb6500277c,a8491878-9b41-4ac9-8080-f4f0faa0dbec,222000.00,IDR,1,2025-12-31T17:00:00.000Z,,,,medium,active,a0000000-0000-0000-0000-000000000001,2026-07-29T14:40:46.675Z,2026-07-29T14:40:46.675Z,a0000000-0000-0000-0000-000000000001,2026-07-29T14:40:46.675Z,,
42749b0a-5ff8-4dd7-b933-172efb389895,d8c39b05-8315-4277-9b2f-8e33128b805c,380000.00,IDR,1,2025-12-31T17:00:00.000Z,,,,medium,active,a0000000-0000-0000-0000-000000000001,2026-07-29T14:40:46.718Z,2026-07-29T14:40:46.718Z,a0000000-0000-0000-0000-000000000001,2026-07-29T14:40:46.718Z,,
3ac74203-9dc7-44cd-8863-8488c64a3c52,c1cb0dca-b60c-4a68-bd25-3ed4ca26fa2e,2500000.00,IDR,1,2025-12-31T17:00:00.000Z,,,,medium,active,a0000000-0000-0000-0000-000000000001,2026-07-29T14:40:46.759Z,2026-07-29T14:40:46.759Z,a0000000-0000-0000-0000-000000000001,2026-07-29T14:40:46.759Z,,
dada872a-d9c3-404c-a3f4-51fcb6a884c4,b001ccc9-fab7-42bc-9203-d2f203a81bee,450000.00,IDR,1,2025-12-31T17:00:00.000Z,,,,medium,active,a0000000-0000-0000-0000-000000000001,2026-07-29T14:40:46.801Z,2026-07-29T14:40:46.801Z,a0000000-0000-0000-0000-000000000001,2026-07-29T14:40:46.801Z,,
96978fb1-96c3-45a2-a8ca-5444f9499cf4,853b125f-89d4-4fd0-9db1-6dbe342e7faa,1.00,IDR,1,2025-12-31T17:00:00.000Z,,,,medium,active,a0000000-0000-0000-0000-000000000001,2026-07-29T14:40:46.842Z,2026-07-29T14:40:46.842Z,a0000000-0000-0000-0000-000000000001,2026-07-29T14:40:46.842Z,,
4b593ef8-900d-44ac-9462-b40cf6463a68,17bc92b2-f1fe-4d6c-ae7f-1c3aae5167db,74500.00,IDR,1,2025-12-31T17:00:00.000Z,,,,medium,active,a0000000-0000-0000-0000-000000000001,2026-07-29T14:40:46.884Z,2026-07-29T14:40:46.884Z,a0000000-0000-0000-0000-000000000001,2026-07-29T14:40:46.884Z,,
3e8ee3b9-7862-4b77-b369-bcfde2fe1810,bb3adb56-b5b1-4d43-abcf-19e8e9e7b9d3,1370000.00,IDR,1,2025-12-31T17:00:00.000Z,,,,medium,active,a0000000-0000-0000-0000-000000000001,2026-07-29T14:40:46.926Z,2026-07-29T14:40:46.926Z,a0000000-0000-0000-0000-000000000001,2026-07-29T14:40:46.926Z,,
312188f2-cc27-4356-8357-202115972c0b,228f166f-99d4-4868-b337-bcebb432c059,300000.00,IDR,1,2025-12-31T17:00:00.000Z,,,,medium,active,a0000000-0000-0000-0000-000000000001,2026-07-29T14:40:46.968Z,2026-07-29T14:40:46.968Z,a0000000-0000-0000-0000-000000000001,2026-07-29T14:40:46.968Z,,
0c0b9a4d-8ed3-4d8a-a016-07667b9b423f,6a0255af-b6c4-40fb-8103-fd65cc4f66b3,1315000.00,IDR,1,2025-12-31T17:00:00.000Z,,,,medium,active,a0000000-0000-0000-0000-000000000001,2026-07-29T14:40:47.010Z,2026-07-29T14:40:47.010Z,a0000000-0000-0000-0000-000000000001,2026-07-29T14:40:47.010Z,,
fdd224fb-f6e2-481b-be1b-f685c36b0b3f,514c5bf9-7879-4df4-82a0-c54532d64941,280000.00,IDR,1,2025-12-31T17:00:00.000Z,,,,medium,active,a0000000-0000-0000-0000-000000000001,2026-07-29T14:40:47.052Z,2026-07-29T14:40:47.052Z,a0000000-0000-0000-0000-000000000001,2026-07-29T14:40:47.052Z,,
56152e63-50b5-4ad3-aeb5-bad74dae7fa3,66283437-a1d8-466a-91ca-b08381fbfd10,900.00,IDR,1,2025-12-31T17:00:00.000Z,,,,medium,active,a0000000-0000-0000-0000-000000000001,2026-07-29T14:40:47.093Z,2026-07-29T14:40:47.093Z,a0000000-0000-0000-0000-000000000001,2026-07-29T14:40:47.093Z,,
22df5438-6bcc-418a-8ff1-9b75f7882720,2deb6ded-1437-4b46-98ed-fb64837ab76e,1364500.00,IDR,1,2025-12-31T17:00:00.000Z,,,,medium,active,a0000000-0000-0000-0000-000000000001,2026-07-29T14:40:47.135Z,2026-07-29T14:40:47.135Z,a0000000-0000-0000-0000-000000000001,2026-07-29T14:40:47.135Z,,
0ba1daf8-be0e-4fdf-84ac-571f796c5055,1f2d9b20-2129-4e30-b0c5-fccd22d1b657,750000.00,IDR,1,2025-12-31T17:00:00.000Z,,,,medium,active,a0000000-0000-0000-0000-000000000001,2026-07-29T14:40:47.178Z,2026-07-29T14:40:47.178Z,a0000000-0000-0000-0000-000000000001,2026-07-29T14:40:47.178Z,,
4be81425-274f-4182-9687-f34cdcea5a35,98a0307a-9ec8-4d79-b49f-0297c3af095f,1300000.00,IDR,1,2025-12-31T17:00:00.000Z,,,,medium,active,a0000000-0000-0000-0000-000000000001,2026-07-29T14:40:47.220Z,2026-07-29T14:40:47.220Z,a0000000-0000-0000-0000-000000000001,2026-07-29T14:40:47.220Z,,
9d54569f-5f3e-4733-a49a-73cdd015b434,7107c3ba-b755-4169-a216-5bdf5c41de35,1.00,IDR,1,2025-12-31T17:00:00.000Z,,,,medium,active,a0000000-0000-0000-0000-000000000001,2026-07-29T14:40:47.262Z,2026-07-29T14:40:47.262Z,a0000000-0000-0000-0000-000000000001,2026-07-29T14:40:47.262Z,,
a848c38c-455c-436f-8ec5-8a3e7f854984,47e19132-192a-4992-843e-45fafb8eb4fd,24000.00,IDR,1,2025-12-31T17:00:00.000Z,,,,medium,active,a0000000-0000-0000-0000-000000000001,2026-07-29T14:40:47.303Z,2026-07-29T14:40:47.303Z,a0000000-0000-0000-0000-000000000001,2026-07-29T14:40:47.303Z,,
377c8ee4-0e11-4a31-a4af-0fdd5b99049a,a057648d-7cd3-44d7-9ced-721484535ab4,25000.00,IDR,1,2025-12-31T17:00:00.000Z,,,,medium,active,a0000000-0000-0000-0000-000000000001,2026-07-29T14:40:47.345Z,2026-07-29T14:40:47.345Z,a0000000-0000-0000-0000-000000000001,2026-07-29T14:40:47.345Z,,
f8fdc398-5153-40ff-8fe6-a824c9cc5f11,3fb756b7-8325-48eb-a008-269a61a96ab1,215000.00,IDR,1,2025-12-31T17:00:00.000Z,,,,medium,active,a0000000-0000-0000-0000-000000000001,2026-07-29T14:40:47.387Z,2026-07-29T14:40:47.387Z,a0000000-0000-0000-0000-000000000001,2026-07-29T14:40:47.387Z,,
9f2675a3-ed6b-4e2c-8126-48e38de30b00,524f536c-927d-4716-a7bd-4fb2550a60e6,1.00,IDR,1,2025-12-31T17:00:00.000Z,,,,medium,active,a0000000-0000-0000-0000-000000000001,2026-07-29T14:40:47.429Z,2026-07-29T14:40:47.429Z,a0000000-0000-0000-0000-000000000001,2026-07-29T14:40:47.429Z,,
788122b4-43e7-45b8-8cf5-64ccf82d9043,61bdf27a-ed37-4da7-91ea-766d9f94c8f3,3000.00,IDR,1,2025-12-31T17:00:00.000Z,,,,medium,active,a0000000-0000-0000-0000-000000000001,2026-07-29T14:40:47.471Z,2026-07-29T14:40:47.471Z,a0000000-0000-0000-0000-000000000001,2026-07-29T14:40:47.471Z,,
f84f51ce-bf52-4c58-aed1-99281055e2a2,9bb0b664-4af1-4814-866c-b169fb238980,140000.00,IDR,1,2025-12-31T17:00:00.000Z,,,,medium,active,a0000000-0000-0000-0000-000000000001,2026-07-29T14:40:47.513Z,2026-07-29T14:40:47.513Z,a0000000-0000-0000-0000-000000000001,2026-07-29T14:40:47.513Z,,
96835a1e-d28b-4f24-aaf0-e5d79f898fb2,4afc9795-c778-4646-85b1-f65ad96879a3,40000.00,IDR,1,2025-12-31T17:00:00.000Z,,,,medium,active,a0000000-0000-0000-0000-000000000001,2026-07-29T14:40:47.555Z,2026-07-29T14:40:47.555Z,a0000000-0000-0000-0000-000000000001,2026-07-29T14:40:47.555Z,,
ce91db73-cb79-4a16-a545-7b26f4f4b6ca,a04bdfc4-4508-4f55-b26f-555883fe6363,76000.00,IDR,1,2025-12-31T17:00:00.000Z,,,,medium,active,a0000000-0000-0000-0000-000000000001,2026-07-29T14:40:47.597Z,2026-07-29T14:40:47.597Z,a0000000-0000-0000-0000-000000000001,2026-07-29T14:40:47.597Z,,
37a071d9-b696-404d-a776-329118ee53c9,a5defe2d-5a7f-4852-a70f-f1100c83ccaa,28700.00,IDR,1,2025-12-31T17:00:00.000Z,,,,medium,active,a0000000-0000-0000-0000-000000000001,2026-07-29T14:40:47.640Z,2026-07-29T14:40:47.640Z,a0000000-0000-0000-0000-000000000001,2026-07-29T14:40:47.640Z,,
55efe42b-f9d3-4523-9ce2-3a8a6d2738c7,0efe5024-044f-4176-8ca8-8d84d17b2f0b,599000.00,IDR,1,2025-12-31T17:00:00.000Z,,,,medium,active,a0000000-0000-0000-0000-000000000001,2026-07-29T14:40:47.681Z,2026-07-29T14:40:47.681Z,a0000000-0000-0000-0000-000000000001,2026-07-29T14:40:47.681Z,,
2bc54556-0095-4bcb-90a5-c0fbd2b58aa5,c18f13a0-cb14-4085-97ed-37bd93da0872,2125000.00,IDR,1,2025-12-31T17:00:00.000Z,,,,medium,active,a0000000-0000-0000-0000-000000000001,2026-07-29T14:40:47.724Z,2026-07-29T14:40:47.724Z,a0000000-0000-0000-0000-000000000001,2026-07-29T14:40:47.724Z,,
6de4eece-c9b2-468d-b071-45b6e0ad65c6,177399b9-361d-448f-8934-d870980fb807,146900.00,IDR,1,2025-12-31T17:00:00.000Z,,,,medium,active,a0000000-0000-0000-0000-000000000001,2026-07-29T14:40:47.765Z,2026-07-29T14:40:47.765Z,a0000000-0000-0000-0000-000000000001,2026-07-29T14:40:47.765Z,,
1f27cad9-17fe-411e-b9f5-b4a79690407c,ac38ca11-c78e-4611-bc2e-1dc4481849d1,200000.00,IDR,1,2025-12-31T17:00:00.000Z,,,,medium,active,a0000000-0000-0000-0000-000000000001,2026-07-29T14:40:47.807Z,2026-07-29T14:40:47.807Z,a0000000-0000-0000-0000-000000000001,2026-07-29T14:40:47.807Z,,
8eb6dc3a-340f-41de-a2af-c2e5c4bb9cf3,909e3158-0fff-4ec0-8b30-1d3c149c9a87,37500.00,IDR,1,2025-12-31T17:00:00.000Z,,,,medium,active,a0000000-0000-0000-0000-000000000001,2026-07-29T14:40:47.850Z,2026-07-29T14:40:47.850Z,a0000000-0000-0000-0000-000000000001,2026-07-29T14:40:47.850Z,,
c3ac6134-9a0e-4599-8063-3ff6997f1782,9d040d64-bddf-4c99-a31b-a89f316eb186,275000.00,IDR,1,2025-12-31T17:00:00.000Z,,,,medium,active,a0000000-0000-0000-0000-000000000001,2026-07-29T14:40:47.892Z,2026-07-29T14:40:47.892Z,a0000000-0000-0000-0000-000000000001,2026-07-29T14:40:47.892Z,,
6f359c61-1e28-436d-9d2f-9ae3c07b6abf,c865c7e4-34d7-48a5-a49c-5e34f60a71a5,29000.00,IDR,1,2025-12-31T17:00:00.000Z,,,,medium,active,a0000000-0000-0000-0000-000000000001,2026-07-29T14:40:47.934Z,2026-07-29T14:40:47.934Z,a0000000-0000-0000-0000-000000000001,2026-07-29T14:40:47.934Z,,
541e0b64-6267-444a-a113-beff340a489a,3acd487a-7e7c-4ffd-8fc2-afed21eec06d,236000.00,IDR,1,2025-12-31T17:00:00.000Z,,,,medium,active,a0000000-0000-0000-0000-000000000001,2026-07-29T14:40:47.976Z,2026-07-29T14:40:47.976Z,a0000000-0000-0000-0000-000000000001,2026-07-29T14:40:47.976Z,,
32c292cf-d97d-435c-b1a6-beab325be881,02fe522e-9d72-4ca4-bd80-40b6ec50bdf8,7400000.00,IDR,1,2025-12-31T17:00:00.000Z,,,,medium,active,a0000000-0000-0000-0000-000000000001,2026-07-29T14:40:48.018Z,2026-07-29T14:40:48.018Z,a0000000-0000-0000-0000-000000000001,2026-07-29T14:40:48.018Z,,
9467f85d-3526-4a74-9652-59e11c87331c,4805e33b-1916-42e9-917e-505949e023b4,46000.00,IDR,1,2025-12-31T17:00:00.000Z,,,,medium,active,a0000000-0000-0000-0000-000000000001,2026-07-29T14:40:48.060Z,2026-07-29T14:40:48.060Z,a0000000-0000-0000-0000-000000000001,2026-07-29T14:40:48.060Z,,
e6de8c0a-5fde-41e0-8955-9f0b994a5954,f2207ea2-aa2e-45fe-a719-81db224a1252,2040000.00,IDR,1,2025-12-31T17:00:00.000Z,,,,medium,active,a0000000-0000-0000-0000-000000000001,2026-07-29T14:40:48.102Z,2026-07-29T14:40:48.102Z,a0000000-0000-0000-0000-000000000001,2026-07-29T14:40:48.102Z,,
ff66bb6f-1ed6-47cd-bc6d-b7ccb3daba28,f4d1ee57-06bb-4518-94a9-32855b604719,6000.00,IDR,1,2025-12-31T17:00:00.000Z,,,,medium,active,a0000000-0000-0000-0000-000000000001,2026-07-29T14:40:48.144Z,2026-07-29T14:40:48.144Z,a0000000-0000-0000-0000-000000000001,2026-07-29T14:40:48.144Z,,
23c08c78-f4a9-46b5-9be9-3f3404391334,a720aca4-38af-4a3e-acc7-67dd1add50b4,35000.00,IDR,1,2025-12-31T17:00:00.000Z,,,,medium,active,a0000000-0000-0000-0000-000000000001,2026-07-29T14:40:48.186Z,2026-07-29T14:40:48.186Z,a0000000-0000-0000-0000-000000000001,2026-07-29T14:40:48.186Z,,
59470b97-dd57-4790-8c9a-b3ed027e244f,1416db9a-b625-4cf7-93be-76bd465edd7e,136800.00,IDR,1,2025-12-31T17:00:00.000Z,,,,medium,active,a0000000-0000-0000-0000-000000000001,2026-07-29T14:40:48.229Z,2026-07-29T14:40:48.229Z,a0000000-0000-0000-0000-000000000001,2026-07-29T14:40:48.229Z,,
8899842d-6dff-430e-9476-f0b6f68abd0f,9c4f63d3-66be-46db-b989-96687557988c,21300.00,IDR,1,2025-12-31T17:00:00.000Z,,,,medium,active,a0000000-0000-0000-0000-000000000001,2026-07-29T14:40:48.271Z,2026-07-29T14:40:48.271Z,a0000000-0000-0000-0000-000000000001,2026-07-29T14:40:48.271Z,,
2f5dbbad-73ff-45a7-8e02-f3a274fc327f,77f908b8-6166-4df1-9035-19a91265ed88,325000.00,IDR,1,2025-12-31T17:00:00.000Z,,,,medium,active,a0000000-0000-0000-0000-000000000001,2026-07-29T14:40:48.312Z,2026-07-29T14:40:48.312Z,a0000000-0000-0000-0000-000000000001,2026-07-29T14:40:48.312Z,,
23c56cdf-5961-41ab-8107-9cbb68e2b264,52ff148a-af14-498d-8514-202ade0973f0,180000.00,IDR,1,2025-12-31T17:00:00.000Z,,,,medium,active,a0000000-0000-0000-0000-000000000001,2026-07-29T14:40:48.354Z,2026-07-29T14:40:48.354Z,a0000000-0000-0000-0000-000000000001,2026-07-29T14:40:48.354Z,,
8e38ff01-257b-4184-b1d4-c9dddee5814e,212ec8da-b8c1-427d-acb2-bd3a29c9f0c8,77200.00,IDR,1,2025-12-31T17:00:00.000Z,,,,medium,active,a0000000-0000-0000-0000-000000000001,2026-07-29T14:40:48.396Z,2026-07-29T14:40:48.396Z,a0000000-0000-0000-0000-000000000001,2026-07-29T14:40:48.396Z,,
911b2a2e-7164-4ac3-8e41-f0b5a0f316f9,bab94d7a-8d0d-4d88-8041-46d9f5b6dd4c,2000.00,IDR,1,2025-12-31T17:00:00.000Z,,,,medium,active,a0000000-0000-0000-0000-000000000001,2026-07-29T14:40:48.438Z,2026-07-29T14:40:48.438Z,a0000000-0000-0000-0000-000000000001,2026-07-29T14:40:48.438Z,,
678fd4dd-e80a-4968-bfea-0183615398e6,426e635c-a9f6-4181-82cd-e75c678881f5,590000.00,IDR,1,2025-12-31T17:00:00.000Z,,,,medium,active,a0000000-0000-0000-0000-000000000001,2026-07-29T14:40:48.480Z,2026-07-29T14:40:48.480Z,a0000000-0000-0000-0000-000000000001,2026-07-29T14:40:48.480Z,,
7f30f442-b48e-4c2a-a4a8-6c09883bc022,5c4e469f-3546-4bd4-846f-9ebaa0c2de80,32000.00,IDR,1,2025-12-31T17:00:00.000Z,,,,medium,active,a0000000-0000-0000-0000-000000000001,2026-07-29T14:40:48.521Z,2026-07-29T14:40:48.521Z,a0000000-0000-0000-0000-000000000001,2026-07-29T14:40:48.521Z,,
46297a03-1bcb-4bc6-b32a-6999411f30bd,31ba6d30-fa9e-445d-8c21-862b81136ab6,3500000.00,IDR,1,2025-12-31T17:00:00.000Z,,,,medium,active,a0000000-0000-0000-0000-000000000001,2026-07-29T14:40:48.564Z,2026-07-29T14:40:48.564Z,a0000000-0000-0000-0000-000000000001,2026-07-29T14:40:48.564Z,,
cdc3a01b-2d3e-48c5-b150-37254a9102e2,0892075c-9d97-4f2a-9a69-0c0e71fae4d9,50000.00,IDR,1,2025-12-31T17:00:00.000Z,,,,medium,active,a0000000-0000-0000-0000-000000000001,2026-07-29T14:40:48.606Z,2026-07-29T14:40:48.606Z,a0000000-0000-0000-0000-000000000001,2026-07-29T14:40:48.606Z,,
a649d4a8-a811-474e-b319-cc62c60901be,4bfe5179-f1c3-4ba6-8323-b1517f090802,280000.00,IDR,1,2025-12-31T17:00:00.000Z,,,,medium,active,a0000000-0000-0000-0000-000000000001,2026-07-29T14:40:48.647Z,2026-07-29T14:40:48.647Z,a0000000-0000-0000-0000-000000000001,2026-07-29T14:40:48.647Z,,
1cb5d360-2991-4794-ad68-b0e72f9136ed,4979dc10-12a4-445a-b65d-dd14b261d18d,375000.00,IDR,1,2025-12-31T17:00:00.000Z,,,,medium,active,a0000000-0000-0000-0000-000000000001,2026-07-29T14:40:48.690Z,2026-07-29T14:40:48.690Z,a0000000-0000-0000-0000-000000000001,2026-07-29T14:40:48.690Z,,
c9e1be9f-595a-4612-9803-1734683a7f79,7c88ef21-c5a6-40fd-9797-50e6d2082547,390000.00,IDR,1,2025-12-31T17:00:00.000Z,,,,medium,active,a0000000-0000-0000-0000-000000000001,2026-07-29T14:40:48.732Z,2026-07-29T14:40:48.732Z,a0000000-0000-0000-0000-000000000001,2026-07-29T14:40:48.732Z,,
38d98a90-866f-4054-9c7c-34b23fb311e8,cffcf9e7-629b-4352-a613-fe4e12f271ce,3950000.00,IDR,1,2025-12-31T17:00:00.000Z,,,,medium,active,a0000000-0000-0000-0000-000000000001,2026-07-29T14:40:48.774Z,2026-07-29T14:40:48.774Z,a0000000-0000-0000-0000-000000000001,2026-07-29T14:40:48.774Z,,
40376194-afec-4872-99ff-8a701758f8be,fbd6f02e-5230-46e1-bb09-293f76708738,70000.00,IDR,1,2025-12-31T17:00:00.000Z,,,,medium,active,a0000000-0000-0000-0000-000000000001,2026-07-29T14:40:48.815Z,2026-07-29T14:40:48.815Z,a0000000-0000-0000-0000-000000000001,2026-07-29T14:40:48.815Z,,
f2fcac1a-dfba-473a-b33b-8b862a1593f9,f76b79b0-9182-4b9f-aa0b-9fc506d8fbf8,15367.97,IDR,1,2025-12-31T17:00:00.000Z,,,,medium,active,a0000000-0000-0000-0000-000000000001,2026-07-29T14:40:48.857Z,2026-07-29T14:40:48.857Z,a0000000-0000-0000-0000-000000000001,2026-07-29T14:40:48.857Z,,
e0477abc-7de7-499f-a35b-c1a736a890c1,90bf3925-df7e-4cae-9be2-19a5e7ebacb3,167500.00,IDR,1,2025-12-31T17:00:00.000Z,,,,medium,active,a0000000-0000-0000-0000-000000000001,2026-07-29T14:40:48.899Z,2026-07-29T14:40:48.899Z,a0000000-0000-0000-0000-000000000001,2026-07-29T14:40:48.899Z,,
8254bbc0-2708-49e2-ab8d-c4750df3042f,c910778b-455e-44cb-9637-bcc3559ded5a,500000.00,IDR,1,2025-12-31T17:00:00.000Z,,,,medium,active,a0000000-0000-0000-0000-000000000001,2026-07-29T14:40:48.940Z,2026-07-29T14:40:48.940Z,a0000000-0000-0000-0000-000000000001,2026-07-29T14:40:48.940Z,,
cb74de7a-cbeb-41f1-8b5c-65b250b4c079,650a9fa8-f62f-4e45-b7f7-0050338aa4c0,67900.00,IDR,1,2025-12-31T17:00:00.000Z,,,,medium,active,a0000000-0000-0000-0000-000000000001,2026-07-29T14:40:48.982Z,2026-07-29T14:40:48.982Z,a0000000-0000-0000-0000-000000000001,2026-07-29T14:40:48.982Z,,
c827eb9b-cd9f-45ce-a0de-7493116322cc,3382ea8c-865e-472c-9a10-d8503fdc468c,380000.00,IDR,1,2025-12-31T17:00:00.000Z,,,,medium,active,a0000000-0000-0000-0000-000000000001,2026-07-29T14:40:49.024Z,2026-07-29T14:40:49.024Z,a0000000-0000-0000-0000-000000000001,2026-07-29T14:40:49.024Z,,
ed8b3357-8397-4705-a23c-8f4f9894956c,e8844170-a20d-430f-a407-a418b5043ea4,73700.00,IDR,1,2025-12-31T17:00:00.000Z,,,,medium,active,a0000000-0000-0000-0000-000000000001,2026-07-29T14:40:49.067Z,2026-07-29T14:40:49.067Z,a0000000-0000-0000-0000-000000000001,2026-07-29T14:40:49.067Z,,
ae7bfd74-9c29-4ec2-9780-f6092485b26c,05cf76d6-7be4-4f88-8aef-84a76c19b172,275000.00,IDR,1,2025-12-31T17:00:00.000Z,,,,medium,active,a0000000-0000-0000-0000-000000000001,2026-07-29T14:40:49.108Z,2026-07-29T14:40:49.108Z,a0000000-0000-0000-0000-000000000001,2026-07-29T14:40:49.108Z,,
03f6bf67-b73b-466f-87a6-a2593cc405bb,93419024-d0eb-4667-90d7-45281468c2c2,190000.00,IDR,1,2025-12-31T17:00:00.000Z,,,,medium,active,a0000000-0000-0000-0000-000000000001,2026-07-29T14:40:49.151Z,2026-07-29T14:40:49.151Z,a0000000-0000-0000-0000-000000000001,2026-07-29T14:40:49.151Z,,
2e47d9f5-409c-46b9-b2ae-be6d6017ead2,be1b3788-5790-460c-928a-52874d59fa49,34000.00,IDR,1,2025-12-31T17:00:00.000Z,,,,medium,active,a0000000-0000-0000-0000-000000000001,2026-07-29T14:40:49.193Z,2026-07-29T14:40:49.193Z,a0000000-0000-0000-0000-000000000001,2026-07-29T14:40:49.193Z,,
3fe4402b-777f-47c4-9d1f-d6a15c53f99a,e2ae25a6-28bd-4ef0-8e5e-383798288b74,286000.00,IDR,1,2025-12-31T17:00:00.000Z,,,,medium,active,a0000000-0000-0000-0000-000000000001,2026-07-29T14:40:49.236Z,2026-07-29T14:40:49.236Z,a0000000-0000-0000-0000-000000000001,2026-07-29T14:40:49.236Z,,
5c926f60-9aec-47d4-8509-e5724d5cfce0,42a20185-dfda-477c-aa25-83eddc975f13,125000.00,IDR,1,2025-12-31T17:00:00.000Z,,,,medium,active,a0000000-0000-0000-0000-000000000001,2026-07-29T14:40:49.279Z,2026-07-29T14:40:49.279Z,a0000000-0000-0000-0000-000000000001,2026-07-29T14:40:49.279Z,,
104579c7-31c2-49d9-aad9-a4b72f9ccab8,e79cecce-5bf7-46f7-89ac-d9f6022490f6,9000.00,IDR,1,2025-12-31T17:00:00.000Z,,,,medium,active,a0000000-0000-0000-0000-000000000001,2026-07-29T14:40:49.321Z,2026-07-29T14:40:49.321Z,a0000000-0000-0000-0000-000000000001,2026-07-29T14:40:49.321Z,,
8e76507c-a0a1-417d-ad9a-ca56fffc74bf,ebfff1f4-9bbf-42c6-b7d8-42f6f69b7739,600000.00,IDR,1,2025-12-31T17:00:00.000Z,,,,medium,active,a0000000-0000-0000-0000-000000000001,2026-07-29T14:40:49.363Z,2026-07-29T14:40:49.363Z,a0000000-0000-0000-0000-000000000001,2026-07-29T14:40:49.363Z,,
f0068e02-f2bb-49eb-b9d5-2bf56a0437df,e3a9ebeb-07b4-4af0-a6de-2758e9f92686,6000.00,IDR,1,2025-12-31T17:00:00.000Z,,,,medium,active,a0000000-0000-0000-0000-000000000001,2026-07-29T14:40:49.405Z,2026-07-29T14:40:49.405Z,a0000000-0000-0000-0000-000000000001,2026-07-29T14:40:49.405Z,,
e26fef5f-dab2-484d-aad1-efc1e996df01,c025dc42-15d1-44e3-8d46-4f566cdb0e8a,99600.00,IDR,1,2025-12-31T17:00:00.000Z,,,,medium,active,a0000000-0000-0000-0000-000000000001,2026-07-29T14:40:49.446Z,2026-07-29T14:40:49.446Z,a0000000-0000-0000-0000-000000000001,2026-07-29T14:40:49.446Z,,
4abe43a5-312e-4a02-a9ff-20e878a3e78a,59a97954-c7b2-43be-b93b-9c22988177d1,3500000.00,IDR,1,2025-12-31T17:00:00.000Z,,,,medium,active,a0000000-0000-0000-0000-000000000001,2026-07-29T14:40:49.488Z,2026-07-29T14:40:49.488Z,a0000000-0000-0000-0000-000000000001,2026-07-29T14:40:49.488Z,,
38aa35b0-41c6-4ced-8a27-fe96b441e60c,c6fb559b-1d30-4e3f-8e8c-05f038ba7205,1570000.00,IDR,1,2025-12-31T17:00:00.000Z,,,,medium,active,a0000000-0000-0000-0000-000000000001,2026-07-29T14:40:49.530Z,2026-07-29T14:40:49.530Z,a0000000-0000-0000-0000-000000000001,2026-07-29T14:40:49.530Z,,
38adb4ee-edb4-4861-873a-d4a03c1d3bb0,0065c88e-3475-4c08-8255-86430a27edd7,831000.00,IDR,1,2025-12-31T17:00:00.000Z,,,,medium,active,a0000000-0000-0000-0000-000000000001,2026-07-29T14:40:49.573Z,2026-07-29T14:40:49.573Z,a0000000-0000-0000-0000-000000000001,2026-07-29T14:40:49.573Z,,
355c2959-af6d-408e-8b62-9a5c9802b4ea,28c74617-6603-49e5-91d2-3e18b3700728,400000.00,IDR,1,2025-12-31T17:00:00.000Z,,,,medium,active,a0000000-0000-0000-0000-000000000001,2026-07-29T14:40:49.615Z,2026-07-29T14:40:49.615Z,a0000000-0000-0000-0000-000000000001,2026-07-29T14:40:49.615Z,,
57658026-ff77-4d74-bbb4-a30467e2fc63,43500cc8-0081-45c2-b294-1853ca902b2d,1241000.00,IDR,1,2025-12-31T17:00:00.000Z,,,,medium,active,a0000000-0000-0000-0000-000000000001,2026-07-29T14:40:49.657Z,2026-07-29T14:40:49.657Z,a0000000-0000-0000-0000-000000000001,2026-07-29T14:40:49.657Z,,
56c7e345-b767-4a6f-85f8-9e064ea45a64,92fd898a-9de9-4e22-a36d-320bae01a97f,190000.00,IDR,1,2025-12-31T17:00:00.000Z,,,,medium,active,a0000000-0000-0000-0000-000000000001,2026-07-29T14:40:49.699Z,2026-07-29T14:40:49.699Z,a0000000-0000-0000-0000-000000000001,2026-07-29T14:40:49.699Z,,
af49511a-726d-4e4c-ba7b-3811e5f745fd,4e21dfa4-7c7f-4dc7-b55a-c0990d7cd376,110960.00,IDR,1,2025-12-31T17:00:00.000Z,,,,medium,active,a0000000-0000-0000-0000-000000000001,2026-07-29T14:40:49.742Z,2026-07-29T14:40:49.742Z,a0000000-0000-0000-0000-000000000001,2026-07-29T14:40:49.742Z,,
bb686804-617d-42b5-b284-7a33ceefb83b,8b4be9b0-a8fa-47a7-b9ce-d8dac12dcfcd,9000.00,IDR,1,2025-12-31T17:00:00.000Z,,,,medium,active,a0000000-0000-0000-0000-000000000001,2026-07-29T14:40:49.783Z,2026-07-29T14:40:49.783Z,a0000000-0000-0000-0000-000000000001,2026-07-29T14:40:49.783Z,,
0a0ca905-7032-4ead-a872-a2e088a74b7b,d6767361-9e88-467a-93fe-ac986a54ff7e,190000.00,IDR,1,2025-12-31T17:00:00.000Z,,,,medium,active,a0000000-0000-0000-0000-000000000001,2026-07-29T14:40:49.824Z,2026-07-29T14:40:49.824Z,a0000000-0000-0000-0000-000000000001,2026-07-29T14:40:49.824Z,,
fc977e6e-8b84-43a7-be48-c7cef34306de,43cd3464-6767-4a02-b2ab-0cf65f899709,119100.00,IDR,1,2025-12-31T17:00:00.000Z,,,,medium,active,a0000000-0000-0000-0000-000000000001,2026-07-29T14:40:49.866Z,2026-07-29T14:40:49.866Z,a0000000-0000-0000-0000-000000000001,2026-07-29T14:40:49.866Z,,
962bb1df-eddb-42c9-9b90-c5d8d5d9adb0,0769b546-2c55-423d-8cb9-e2a1a84e3ef6,25000.00,IDR,1,2025-12-31T17:00:00.000Z,,,,medium,active,a0000000-0000-0000-0000-000000000001,2026-07-29T14:40:49.908Z,2026-07-29T14:40:49.908Z,a0000000-0000-0000-0000-000000000001,2026-07-29T14:40:49.908Z,,
ef84d222-434f-4bfe-bab7-f88cf8f2bea9,82c309f7-be3b-4644-9bdc-6dc10ee89862,14000000.00,IDR,1,2025-12-31T17:00:00.000Z,,,,medium,active,a0000000-0000-0000-0000-000000000001,2026-07-29T14:40:49.949Z,2026-07-29T14:40:49.949Z,a0000000-0000-0000-0000-000000000001,2026-07-29T14:40:49.949Z,,
914b0e54-93dc-4bf9-886d-ae00547d0ea3,7ea2315b-9b80-46a7-b06b-d4c8568525f9,67900.00,IDR,1,2025-12-31T17:00:00.000Z,,,,medium,active,a0000000-0000-0000-0000-000000000001,2026-07-29T14:40:49.992Z,2026-07-29T14:40:49.992Z,a0000000-0000-0000-0000-000000000001,2026-07-29T14:40:49.992Z,,
034ec6b7-127f-4896-937e-ed080826338f,18e45f3f-9d60-4e17-92bd-93e7d4427144,250000.00,IDR,1,2025-12-31T17:00:00.000Z,,,,medium,active,a0000000-0000-0000-0000-000000000001,2026-07-29T14:40:50.034Z,2026-07-29T14:40:50.034Z,a0000000-0000-0000-0000-000000000001,2026-07-29T14:40:50.034Z,,
8a9708da-f0b4-42d8-9ac9-49cc22d8be45,7bfb9c5d-02ba-4448-9621-f3ff5516662a,1.00,IDR,1,2025-12-31T17:00:00.000Z,,,,medium,active,a0000000-0000-0000-0000-000000000001,2026-07-29T14:40:50.076Z,2026-07-29T14:40:50.076Z,a0000000-0000-0000-0000-000000000001,2026-07-29T14:40:50.076Z,,
d1039f0d-1e81-4189-8db2-3305a8b032d3,cf66f309-2939-425f-bdce-bc73ef41b492,2130000.00,IDR,1,2025-12-31T17:00:00.000Z,,,,medium,active,a0000000-0000-0000-0000-000000000001,2026-07-29T14:40:50.118Z,2026-07-29T14:40:50.118Z,a0000000-0000-0000-0000-000000000001,2026-07-29T14:40:50.118Z,,
a3d2e6cb-e9a8-4316-b2a5-f1b40440939e,b97bf5c8-232b-4816-8355-cb6c6ce2724b,18600.00,IDR,1,2025-12-31T17:00:00.000Z,,,,medium,active,a0000000-0000-0000-0000-000000000001,2026-07-29T14:40:50.160Z,2026-07-29T14:40:50.160Z,a0000000-0000-0000-0000-000000000001,2026-07-29T14:40:50.160Z,,
64851e73-7bb2-471f-af2b-44e04bb5b991,048f5efc-ff2a-4277-8f14-46a4ee104094,2000.00,IDR,1,2025-12-31T17:00:00.000Z,,,,medium,active,a0000000-0000-0000-0000-000000000001,2026-07-29T14:40:50.202Z,2026-07-29T14:40:50.202Z,a0000000-0000-0000-0000-000000000001,2026-07-29T14:40:50.202Z,,
16f46750-dad7-4240-8710-e4db65a4b36e,cd6c9866-b300-4c6a-81ec-0d8ab8172708,3000000.00,IDR,1,2025-12-31T17:00:00.000Z,,,,medium,active,a0000000-0000-0000-0000-000000000001,2026-07-29T14:40:50.243Z,2026-07-29T14:40:50.243Z,a0000000-0000-0000-0000-000000000001,2026-07-29T14:40:50.243Z,,
82b32055-c9f8-48be-9428-b8f462c0ad36,740e9cef-3b5c-4960-a590-aeadb28a9338,79600.00,IDR,1,2025-12-31T17:00:00.000Z,,,,medium,active,a0000000-0000-0000-0000-000000000001,2026-07-29T14:40:50.286Z,2026-07-29T14:40:50.286Z,a0000000-0000-0000-0000-000000000001,2026-07-29T14:40:50.286Z,,
7d05b939-ef88-4d2d-9b53-35a02c26ec1b,1668620e-e839-40fe-8fbf-3f01dae6cd6a,50000.00,IDR,1,2025-12-31T17:00:00.000Z,,,,medium,active,a0000000-0000-0000-0000-000000000001,2026-07-29T14:40:50.327Z,2026-07-29T14:40:50.327Z,a0000000-0000-0000-0000-000000000001,2026-07-29T14:40:50.327Z,,
d2500016-4091-4fa0-8ab2-ab95443d19be,ec57a91f-d31f-4652-a8aa-b2e484a033b2,92900.00,IDR,1,2025-12-31T17:00:00.000Z,,,,medium,active,a0000000-0000-0000-0000-000000000001,2026-07-29T14:40:50.369Z,2026-07-29T14:40:50.369Z,a0000000-0000-0000-0000-000000000001,2026-07-29T14:40:50.369Z,,
f45d8090-ee1b-44a9-b82b-d02578d9a0f7,948d39a1-7b01-4ed6-a460-c48b42806e39,42000.00,IDR,1,2025-12-31T17:00:00.000Z,,,,medium,active,a0000000-0000-0000-0000-000000000001,2026-07-29T14:40:50.411Z,2026-07-29T14:40:50.411Z,a0000000-0000-0000-0000-000000000001,2026-07-29T14:40:50.411Z,,
c97098dc-e05a-48a1-be3f-ec235f0c37e6,dd042527-ba3d-4046-95a9-48fded12a0f1,95600.00,IDR,1,2025-12-31T17:00:00.000Z,,,,medium,active,a0000000-0000-0000-0000-000000000001,2026-07-29T14:40:50.452Z,2026-07-29T14:40:50.452Z,a0000000-0000-0000-0000-000000000001,2026-07-29T14:40:50.452Z,,
d5fe0c48-c647-4fa6-9e35-35cc23532ac1,413ac72c-ba6f-4b90-b682-a40f6b198583,93000.00,IDR,1,2025-12-31T17:00:00.000Z,,,,medium,active,a0000000-0000-0000-0000-000000000001,2026-07-29T14:40:50.494Z,2026-07-29T14:40:50.494Z,a0000000-0000-0000-0000-000000000001,2026-07-29T14:40:50.494Z,,
0f7ea53e-4e38-455c-a35c-b15aa68cff18,03eb6e3c-ce37-4ad8-9c2b-a8c4c885e2c1,1.00,IDR,1,2025-12-31T17:00:00.000Z,,,,medium,active,a0000000-0000-0000-0000-000000000001,2026-07-29T14:40:50.536Z,2026-07-29T14:40:50.536Z,a0000000-0000-0000-0000-000000000001,2026-07-29T14:40:50.536Z,,
c7bf804b-09c3-40ac-a6d9-b9e5dc13d4b4,baae372d-2453-4f24-ab23-9ffa22cb2946,46900.00,IDR,1,2025-12-31T17:00:00.000Z,,,,medium,active,a0000000-0000-0000-0000-000000000001,2026-07-29T14:40:50.578Z,2026-07-29T14:40:50.578Z,a0000000-0000-0000-0000-000000000001,2026-07-29T14:40:50.578Z,,
c2c32c86-b3d6-4ed5-a444-281c09b6312d,5211be93-4353-4376-9ef6-b38a608cb051,25000.00,IDR,1,2025-12-31T17:00:00.000Z,,,,medium,active,a0000000-0000-0000-0000-000000000001,2026-07-29T14:40:50.620Z,2026-07-29T14:40:50.620Z,a0000000-0000-0000-0000-000000000001,2026-07-29T14:40:50.620Z,,
60e639dd-ed05-4f6e-a7dd-c15286ff3926,1c227de3-bca7-452c-9c0f-1d43424b3430,3947000.00,IDR,1,2025-12-31T17:00:00.000Z,,,,medium,active,a0000000-0000-0000-0000-000000000001,2026-07-29T14:40:50.663Z,2026-07-29T14:40:50.663Z,a0000000-0000-0000-0000-000000000001,2026-07-29T14:40:50.663Z,,
920f7267-0556-471e-a77e-a8e1de3753d4,0b1c9c93-f828-4597-93aa-0e414d0f3af2,250000.00,IDR,1,2025-12-31T17:00:00.000Z,,,,medium,active,a0000000-0000-0000-0000-000000000001,2026-07-29T14:40:50.705Z,2026-07-29T14:40:50.705Z,a0000000-0000-0000-0000-000000000001,2026-07-29T14:40:50.705Z,,
260a03c9-0470-4adb-b31d-7b4fdcc36d1e,55e7d02f-df73-4dee-b891-b22129d617c1,255000.00,IDR,1,2025-12-31T17:00:00.000Z,,,,medium,active,a0000000-0000-0000-0000-000000000001,2026-07-29T14:40:50.747Z,2026-07-29T14:40:50.747Z,a0000000-0000-0000-0000-000000000001,2026-07-29T14:40:50.747Z,,
8bfa57cf-11c6-4f5e-bcc2-2e2343448533,67af2e44-4022-4cb0-88d5-13a67832a092,28500.00,IDR,1,2025-12-31T17:00:00.000Z,,,,medium,active,a0000000-0000-0000-0000-000000000001,2026-07-29T14:40:50.789Z,2026-07-29T14:40:50.789Z,a0000000-0000-0000-0000-000000000001,2026-07-29T14:40:50.789Z,,
05976c25-1a41-4aee-b93b-28d64a2dbf7f,921ab3cc-5acd-4ece-8f13-b75df033ee53,10000.00,IDR,1,2025-12-31T17:00:00.000Z,,,,medium,active,a0000000-0000-0000-0000-000000000001,2026-07-29T14:40:50.831Z,2026-07-29T14:40:50.831Z,a0000000-0000-0000-0000-000000000001,2026-07-29T14:40:50.831Z,,
efa05fc5-0030-425a-96c7-fb61393c60ed,44d03c0a-620d-4d03-a698-ddc46cc3e05a,15000.00,IDR,1,2025-12-31T17:00:00.000Z,,,,medium,active,a0000000-0000-0000-0000-000000000001,2026-07-29T14:40:50.873Z,2026-07-29T14:40:50.873Z,a0000000-0000-0000-0000-000000000001,2026-07-29T14:40:50.873Z,,
dafc59b0-e805-4d22-b637-e4928063b5c4,c22798bc-4ac9-454a-8302-c4b45e4bf02c,136500.00,IDR,1,2025-12-31T17:00:00.000Z,,,,medium,active,a0000000-0000-0000-0000-000000000001,2026-07-29T14:40:50.916Z,2026-07-29T14:40:50.916Z,a0000000-0000-0000-0000-000000000001,2026-07-29T14:40:50.916Z,,
8ab8e068-aea6-45aa-a5f2-ac0ffa656fa1,df164847-4d27-42c5-8fce-36359dee851f,135000.00,IDR,1,2025-12-31T17:00:00.000Z,,,,medium,active,a0000000-0000-0000-0000-000000000001,2026-07-29T14:40:50.958Z,2026-07-29T14:40:50.958Z,a0000000-0000-0000-0000-000000000001,2026-07-29T14:40:50.958Z,,
acee0ce6-3565-4d9e-b07e-a8e9b8007fe1,f2f32a49-d149-445f-ba37-0b8794ca3659,2315000.00,IDR,1,2025-12-31T17:00:00.000Z,,,,medium,active,a0000000-0000-0000-0000-000000000001,2026-07-29T14:40:51.001Z,2026-07-29T14:40:51.001Z,a0000000-0000-0000-0000-000000000001,2026-07-29T14:40:51.001Z,,
03afd933-05b2-48df-996d-10461d2ce59b,6e27a2c6-d570-4f45-b787-d0a26e7c87fb,1.00,IDR,1,2025-12-31T17:00:00.000Z,,,,medium,active,a0000000-0000-0000-0000-000000000001,2026-07-29T14:40:51.043Z,2026-07-29T14:40:51.043Z,a0000000-0000-0000-0000-000000000001,2026-07-29T14:40:51.043Z,,
6146e552-c2ba-4b18-a9f5-3f271f781e20,691f8e4e-3cee-4c04-b530-002d6f92d40c,150000.00,IDR,1,2025-12-31T17:00:00.000Z,,,,medium,active,a0000000-0000-0000-0000-000000000001,2026-07-29T14:40:51.085Z,2026-07-29T14:40:51.085Z,a0000000-0000-0000-0000-000000000001,2026-07-29T14:40:51.085Z,,
f8549cb3-ce53-45ca-811c-fd30eeed4f9c,19cb66b9-6cf3-4728-9d9f-f93556e1eaa5,21000.00,IDR,1,2025-12-31T17:00:00.000Z,,,,medium,active,a0000000-0000-0000-0000-000000000001,2026-07-29T14:40:51.127Z,2026-07-29T14:40:51.127Z,a0000000-0000-0000-0000-000000000001,2026-07-29T14:40:51.127Z,,
718148a3-aa2a-4b59-a8d7-da23b4b2b5a7,32cb3ec9-27b2-43f3-aaa8-54fc41ee9279,200000.00,IDR,1,2025-12-31T17:00:00.000Z,,,,medium,active,a0000000-0000-0000-0000-000000000001,2026-07-29T14:40:51.168Z,2026-07-29T14:40:51.168Z,a0000000-0000-0000-0000-000000000001,2026-07-29T14:40:51.168Z,,
6429dbb6-cca8-4e80-92d0-c79c5d12358d,44b96ef6-8052-48df-b6b0-40e053607c17,730000.00,IDR,1,2025-12-31T17:00:00.000Z,,,,medium,active,a0000000-0000-0000-0000-000000000001,2026-07-29T14:40:51.210Z,2026-07-29T14:40:51.210Z,a0000000-0000-0000-0000-000000000001,2026-07-29T14:40:51.210Z,,
62e29e7e-de1c-43aa-905b-12613fb825c8,d40ce8db-5578-4574-9f36-d27bf2cf57dd,456800.00,IDR,1,2025-12-31T17:00:00.000Z,,,,medium,active,a0000000-0000-0000-0000-000000000001,2026-07-29T14:40:51.252Z,2026-07-29T14:40:51.252Z,a0000000-0000-0000-0000-000000000001,2026-07-29T14:40:51.252Z,,
e459c340-27fd-4457-abe8-a4ed22c048d5,b20a2c17-dc39-46bf-bf91-0a08cac4fd11,20000.00,IDR,1,2025-12-31T17:00:00.000Z,,,,medium,active,a0000000-0000-0000-0000-000000000001,2026-07-29T14:40:51.296Z,2026-07-29T14:40:51.296Z,a0000000-0000-0000-0000-000000000001,2026-07-29T14:40:51.296Z,,
1e7b5297-9937-46fd-ba72-4d44c4f478fe,d5ee5f07-fdea-4ba4-a9eb-912a28665a1c,384000.00,IDR,1,2025-12-31T17:00:00.000Z,,,,medium,active,a0000000-0000-0000-0000-000000000001,2026-07-29T14:40:51.338Z,2026-07-29T14:40:51.338Z,a0000000-0000-0000-0000-000000000001,2026-07-29T14:40:51.338Z,,
2556fdcb-138d-4b72-a543-6a5428b50a1c,ee1c7acb-6dcc-4acd-af37-1f9f37686d82,8397000.00,IDR,1,2025-12-31T17:00:00.000Z,,,,medium,active,a0000000-0000-0000-0000-000000000001,2026-07-29T14:40:51.380Z,2026-07-29T14:40:51.380Z,a0000000-0000-0000-0000-000000000001,2026-07-29T14:40:51.380Z,,
b9c313f3-9174-4c62-a05c-2ce47e494a39,b5398f96-0685-4411-bfd5-5bfcc51c7d5b,38300.00,IDR,1,2025-12-31T17:00:00.000Z,,,,medium,active,a0000000-0000-0000-0000-000000000001,2026-07-29T14:40:51.422Z,2026-07-29T14:40:51.422Z,a0000000-0000-0000-0000-000000000001,2026-07-29T14:40:51.422Z,,
5afb1567-af14-4ff7-8f57-3635f36ba82f,ece0cf8d-b7ab-4d12-b4b6-9c8db23abff0,1700000.00,IDR,1,2025-12-31T17:00:00.000Z,,,,medium,active,a0000000-0000-0000-0000-000000000001,2026-07-29T14:40:51.464Z,2026-07-29T14:40:51.464Z,a0000000-0000-0000-0000-000000000001,2026-07-29T14:40:51.464Z,,
8247df48-dba0-46d0-9af4-197a4c6f641c,f1176f5b-c1a7-4532-abc8-4cd88730ffde,1000000.00,IDR,1,2025-12-31T17:00:00.000Z,,,,medium,active,a0000000-0000-0000-0000-000000000001,2026-07-29T14:40:51.506Z,2026-07-29T14:40:51.506Z,a0000000-0000-0000-0000-000000000001,2026-07-29T14:40:51.506Z,,
d9cfd7d5-14e6-44e6-a8b0-efbdf9b4731a,2676b8a6-0e3c-4c98-b01b-e1e9fbadba8b,1.00,IDR,1,2025-12-31T17:00:00.000Z,,,,medium,active,a0000000-0000-0000-0000-000000000001,2026-07-29T14:40:51.547Z,2026-07-29T14:40:51.547Z,a0000000-0000-0000-0000-000000000001,2026-07-29T14:40:51.547Z,,
b4d2156a-ac47-490f-9254-8de6112e9031,9b08f379-cdc3-4fca-b25c-709d8f906808,375000.00,IDR,1,2025-12-31T17:00:00.000Z,,,,medium,active,a0000000-0000-0000-0000-000000000001,2026-07-29T14:40:51.589Z,2026-07-29T14:40:51.589Z,a0000000-0000-0000-0000-000000000001,2026-07-29T14:40:51.589Z,,
833cc29f-3c2c-4822-b3ba-694b2250089e,4a8d7310-952f-484d-a0e4-839420d3cdfb,250000.00,IDR,1,2025-12-31T17:00:00.000Z,,,,medium,active,a0000000-0000-0000-0000-000000000001,2026-07-29T14:40:51.631Z,2026-07-29T14:40:51.631Z,a0000000-0000-0000-0000-000000000001,2026-07-29T14:40:51.631Z,,
4b909968-734e-49ca-871b-13f40d9bbad1,84872957-168a-48da-bf1a-db5fedca49e2,20000.00,IDR,1,2025-12-31T17:00:00.000Z,,,,medium,active,a0000000-0000-0000-0000-000000000001,2026-07-29T14:40:51.672Z,2026-07-29T14:40:51.672Z,a0000000-0000-0000-0000-000000000001,2026-07-29T14:40:51.672Z,,
914abb75-f832-4940-af52-f72202fe7eb7,e710cf13-881a-4943-94a6-e666528a8f09,350000.00,IDR,1,2025-12-31T17:00:00.000Z,,,,medium,active,a0000000-0000-0000-0000-000000000001,2026-07-29T14:40:51.714Z,2026-07-29T14:40:51.714Z,a0000000-0000-0000-0000-000000000001,2026-07-29T14:40:51.714Z,,
4e1c9a7c-96fa-4612-8280-5f328090be68,591baf25-4451-43bc-b9cb-b7741e31f5f2,300000.00,IDR,1,2025-12-31T17:00:00.000Z,,,,medium,active,a0000000-0000-0000-0000-000000000001,2026-07-29T14:40:51.757Z,2026-07-29T14:40:51.757Z,a0000000-0000-0000-0000-000000000001,2026-07-29T14:40:51.757Z,,
8446d845-d01c-42d6-80b6-1507b2ab2eb1,7daca648-f09b-49d8-bfd5-57d52aee1e23,21500.00,IDR,1,2025-12-31T17:00:00.000Z,,,,medium,active,a0000000-0000-0000-0000-000000000001,2026-07-29T14:40:51.799Z,2026-07-29T14:40:51.799Z,a0000000-0000-0000-0000-000000000001,2026-07-29T14:40:51.799Z,,
36257484-1078-499f-94e6-ce0cc400a501,3c8812c0-760a-467d-b72c-8024ffe48606,201000.00,IDR,1,2025-12-31T17:00:00.000Z,,,,medium,active,a0000000-0000-0000-0000-000000000001,2026-07-29T14:40:51.841Z,2026-07-29T14:40:51.841Z,a0000000-0000-0000-0000-000000000001,2026-07-29T14:40:51.841Z,,
ef846d50-5694-4e24-aa23-a4be93fbca34,75612ba4-eadf-4ffe-8edb-1bab4907c478,98500.00,IDR,1,2025-12-31T17:00:00.000Z,,,,medium,active,a0000000-0000-0000-0000-000000000001,2026-07-29T14:40:51.883Z,2026-07-29T14:40:51.883Z,a0000000-0000-0000-0000-000000000001,2026-07-29T14:40:51.883Z,,
7ee364a0-3350-4474-8b14-a69a01c946d0,9dac960d-ce6f-475a-8534-2e6301193a7a,5000.00,IDR,1,2025-12-31T17:00:00.000Z,,,,medium,active,a0000000-0000-0000-0000-000000000001,2026-07-29T14:40:51.925Z,2026-07-29T14:40:51.925Z,a0000000-0000-0000-0000-000000000001,2026-07-29T14:40:51.925Z,,
541648ef-a20f-4d3e-9f0f-4ad7ae71e810,c4a9b1fb-3b76-4a03-a575-241fb1ed5688,103000.00,IDR,1,2025-12-31T17:00:00.000Z,,,,medium,active,a0000000-0000-0000-0000-000000000001,2026-07-29T14:40:51.968Z,2026-07-29T14:40:51.968Z,a0000000-0000-0000-0000-000000000001,2026-07-29T14:40:51.968Z,,
a63ccbd7-8b52-4988-bf79-16a1abcf9ac0,a64e4311-5978-4b3d-a1ca-8b0552ff0ec1,4000.00,IDR,1,2025-12-31T17:00:00.000Z,,,,medium,active,a0000000-0000-0000-0000-000000000001,2026-07-29T14:40:52.010Z,2026-07-29T14:40:52.010Z,a0000000-0000-0000-0000-000000000001,2026-07-29T14:40:52.010Z,,
5b989ce1-ed42-4316-be73-c9c50985095e,d12b1a15-5fae-4aac-843d-76cb761b15e6,178000.00,IDR,1,2025-12-31T17:00:00.000Z,,,,medium,active,a0000000-0000-0000-0000-000000000001,2026-07-29T14:40:52.052Z,2026-07-29T14:40:52.052Z,a0000000-0000-0000-0000-000000000001,2026-07-29T14:40:52.052Z,,
9d7239e4-5bc2-4dd8-959e-3a691ef484ce,0e35ccd7-5ba1-42c7-b677-2507fc122ff4,25000000.00,IDR,1,2025-12-31T17:00:00.000Z,,,,medium,active,a0000000-0000-0000-0000-000000000001,2026-07-29T14:40:52.094Z,2026-07-29T14:40:52.094Z,a0000000-0000-0000-0000-000000000001,2026-07-29T14:40:52.094Z,,
8ef11dcb-fd04-4f2d-8608-f1d1218265ea,671b6046-5c6e-4c3b-8a2f-857402f5c326,350000.00,IDR,1,2025-12-31T17:00:00.000Z,,,,medium,active,a0000000-0000-0000-0000-000000000001,2026-07-29T14:40:52.136Z,2026-07-29T14:40:52.136Z,a0000000-0000-0000-0000-000000000001,2026-07-29T14:40:52.136Z,,
0546da1e-34c6-4ccc-8fea-ddbed5883541,e69ea3e1-3b13-44bb-88f3-d9f246d6bc5e,26400.00,IDR,1,2025-12-31T17:00:00.000Z,,,,medium,active,a0000000-0000-0000-0000-000000000001,2026-07-29T14:40:52.179Z,2026-07-29T14:40:52.179Z,a0000000-0000-0000-0000-000000000001,2026-07-29T14:40:52.179Z,,
fc61bfc3-c314-4e2c-ba5a-56ba498eff51,3aae7156-16a2-44af-9f7f-2d77b9387bf0,12000000.00,IDR,1,2025-12-31T17:00:00.000Z,,,,medium,active,a0000000-0000-0000-0000-000000000001,2026-07-29T14:40:52.221Z,2026-07-29T14:40:52.221Z,a0000000-0000-0000-0000-000000000001,2026-07-29T14:40:52.221Z,,
2c489e3e-55d1-4bf2-a51f-9d42e81c6744,891e29ee-6595-4518-a349-47c057ef4c9e,20714.29,IDR,1,2025-12-31T17:00:00.000Z,,,,medium,active,a0000000-0000-0000-0000-000000000001,2026-07-29T14:40:52.262Z,2026-07-29T14:40:52.262Z,a0000000-0000-0000-0000-000000000001,2026-07-29T14:40:52.262Z,,
0a06d052-e658-4da9-bb45-eb3955e2e2c9,b3668905-7320-464d-a17d-223a012aa049,19000.00,IDR,1,2025-12-31T17:00:00.000Z,,,,medium,active,a0000000-0000-0000-0000-000000000001,2026-07-29T14:40:52.305Z,2026-07-29T14:40:52.305Z,a0000000-0000-0000-0000-000000000001,2026-07-29T14:40:52.305Z,,
d49b7996-bcc2-4e68-913c-5d87efc7464f,48cefd14-9fd9-47ab-9a7f-bffb26b3589c,100000.00,IDR,1,2025-12-31T17:00:00.000Z,,,,medium,active,a0000000-0000-0000-0000-000000000001,2026-07-29T14:40:52.347Z,2026-07-29T14:40:52.347Z,a0000000-0000-0000-0000-000000000001,2026-07-29T14:40:52.347Z,,
5423af78-1817-4175-9c82-d6f55260359f,90b81627-2812-41ae-b3e2-c2abadcc0ff6,410000.00,IDR,1,2025-12-31T17:00:00.000Z,,,,medium,active,a0000000-0000-0000-0000-000000000001,2026-07-29T14:40:52.389Z,2026-07-29T14:40:52.389Z,a0000000-0000-0000-0000-000000000001,2026-07-29T14:40:52.389Z,,
e05952f2-3bc0-4e85-86b0-a2ff23417a28,6427eb46-f6d5-48e5-a8ce-7e7f21e32e05,436000.00,IDR,1,2025-12-31T17:00:00.000Z,,,,medium,active,a0000000-0000-0000-0000-000000000001,2026-07-29T14:40:52.431Z,2026-07-29T14:40:52.431Z,a0000000-0000-0000-0000-000000000001,2026-07-29T14:40:52.431Z,,
374567ae-f183-4817-aa21-3b849d5cb878,cb7dddcb-d2e1-4eba-954d-f5b4013aa05c,1.00,IDR,1,2025-12-31T17:00:00.000Z,,,,medium,active,a0000000-0000-0000-0000-000000000001,2026-07-29T14:40:52.473Z,2026-07-29T14:40:52.473Z,a0000000-0000-0000-0000-000000000001,2026-07-29T14:40:52.473Z,,
9c9428af-7f85-42cd-992e-24b3ef3b7161,eac4e5f6-0ff2-4559-9445-e8f2e3b376b4,1000000.00,IDR,1,2025-12-31T17:00:00.000Z,,,,medium,active,a0000000-0000-0000-0000-000000000001,2026-07-29T14:40:52.514Z,2026-07-29T14:40:52.514Z,a0000000-0000-0000-0000-000000000001,2026-07-29T14:40:52.514Z,,
63fb5d31-cad5-4b47-8824-bdc5c19a8900,65ef8a40-72df-43fd-8948-f005e2dce78d,12000.00,IDR,1,2025-12-31T17:00:00.000Z,,,,medium,active,a0000000-0000-0000-0000-000000000001,2026-07-29T14:40:52.556Z,2026-07-29T14:40:52.556Z,a0000000-0000-0000-0000-000000000001,2026-07-29T14:40:52.556Z,,
21cbc272-49a7-4665-b28f-f61c22eab989,f9621e26-c6fa-412d-a355-873e152c6d1a,2500.00,IDR,1,2025-12-31T17:00:00.000Z,,,,medium,active,a0000000-0000-0000-0000-000000000001,2026-07-29T14:40:52.598Z,2026-07-29T14:40:52.598Z,a0000000-0000-0000-0000-000000000001,2026-07-29T14:40:52.598Z,,
3d5af7ce-8bd9-4c1b-bf51-d4ae2494590d,04806591-ee39-483e-a1ec-f5e69059c8c2,250000.00,IDR,1,2025-12-31T17:00:00.000Z,,,,medium,active,a0000000-0000-0000-0000-000000000001,2026-07-29T14:40:52.640Z,2026-07-29T14:40:52.640Z,a0000000-0000-0000-0000-000000000001,2026-07-29T14:40:52.640Z,,
6fa9c0bc-7429-4d8b-9d2b-a5d8acfac34b,e90ffe1a-dde1-4eb2-9961-6499376776b3,1406000.00,IDR,1,2025-12-31T17:00:00.000Z,,,,medium,active,a0000000-0000-0000-0000-000000000001,2026-07-29T14:40:52.682Z,2026-07-29T14:40:52.682Z,a0000000-0000-0000-0000-000000000001,2026-07-29T14:40:52.682Z,,
29742db4-9712-4bf9-84d5-87f827148bbe,c49aeab0-9137-4750-adf4-4bb7ba31cf7c,3100000.00,IDR,1,2025-12-31T17:00:00.000Z,,,,medium,active,a0000000-0000-0000-0000-000000000001,2026-07-29T14:40:52.724Z,2026-07-29T14:40:52.724Z,a0000000-0000-0000-0000-000000000001,2026-07-29T14:40:52.724Z,,
1b1d6f92-92d1-4c23-a907-727262768f8d,61d6d841-df0d-4b95-a3d6-f093426ebab3,766500.00,IDR,1,2025-12-31T17:00:00.000Z,,,,medium,active,a0000000-0000-0000-0000-000000000001,2026-07-29T14:40:52.766Z,2026-07-29T14:40:52.766Z,a0000000-0000-0000-0000-000000000001,2026-07-29T14:40:52.766Z,,
cf81b42f-4fde-4242-8f3f-332ca93c9228,9f43ab57-95de-4345-96cc-0c75a760c3a1,890000.00,IDR,1,2025-12-31T17:00:00.000Z,,,,medium,active,a0000000-0000-0000-0000-000000000001,2026-07-29T14:40:52.807Z,2026-07-29T14:40:52.807Z,a0000000-0000-0000-0000-000000000001,2026-07-29T14:40:52.807Z,,
3b711e59-d2f2-47af-8599-cb3e14d0f3f6,a600f5da-0317-429c-81d2-6115505bd4e5,770000.00,IDR,1,2025-12-31T17:00:00.000Z,,,,medium,active,a0000000-0000-0000-0000-000000000001,2026-07-29T14:40:52.849Z,2026-07-29T14:40:52.849Z,a0000000-0000-0000-0000-000000000001,2026-07-29T14:40:52.849Z,,
93d8bb1c-b40a-470e-8514-bf5e350c0e22,dcc38b56-dc69-48c8-b755-bdaef1a63b89,2360000.00,IDR,1,2025-12-31T17:00:00.000Z,,,,medium,active,a0000000-0000-0000-0000-000000000001,2026-07-29T14:40:52.891Z,2026-07-29T14:40:52.891Z,a0000000-0000-0000-0000-000000000001,2026-07-29T14:40:52.891Z,,
6b0a25df-274e-4216-ac55-43386b6279e4,b1b96329-93f6-4d64-921a-f524f45112fa,5000.00,IDR,1,2025-12-31T17:00:00.000Z,,,,medium,active,a0000000-0000-0000-0000-000000000001,2026-07-29T14:40:52.934Z,2026-07-29T14:40:52.934Z,a0000000-0000-0000-0000-000000000001,2026-07-29T14:40:52.934Z,,
82502d06-ce87-4a07-9376-fb606224d24f,d2ec7894-2299-47f5-9b83-bcc30d125cf4,150000.00,IDR,1,2025-12-31T17:00:00.000Z,,,,medium,active,a0000000-0000-0000-0000-000000000001,2026-07-29T14:40:52.976Z,2026-07-29T14:40:52.976Z,a0000000-0000-0000-0000-000000000001,2026-07-29T14:40:52.976Z,,
ad5f3c5b-6db4-47f9-8bcf-3d376d65da56,7cb79ac8-d8ae-459b-acad-970f7b2250cb,265000.00,IDR,1,2025-12-31T17:00:00.000Z,,,,medium,active,a0000000-0000-0000-0000-000000000001,2026-07-29T14:40:53.017Z,2026-07-29T14:40:53.017Z,a0000000-0000-0000-0000-000000000001,2026-07-29T14:40:53.017Z,,
6575629c-e63c-4ec8-8d3a-82a17eb3f506,135f77c9-4747-4562-839f-d49030251f68,15000.00,IDR,1,2025-12-31T17:00:00.000Z,,,,medium,active,a0000000-0000-0000-0000-000000000001,2026-07-29T14:40:53.059Z,2026-07-29T14:40:53.059Z,a0000000-0000-0000-0000-000000000001,2026-07-29T14:40:53.059Z,,
a22e84d1-5471-4369-96da-c8893bc2c140,a5bbac14-0bc2-4fdd-bbe7-8423b7683c51,20000.00,IDR,1,2025-12-31T17:00:00.000Z,,,,medium,active,a0000000-0000-0000-0000-000000000001,2026-07-29T14:40:53.101Z,2026-07-29T14:40:53.101Z,a0000000-0000-0000-0000-000000000001,2026-07-29T14:40:53.101Z,,
a760332b-4a14-40fa-aa52-9df2ef4c6ebf,c6d247fe-39b0-47e1-8472-e3c710a78de0,240000.00,IDR,1,2025-12-31T17:00:00.000Z,,,,medium,active,a0000000-0000-0000-0000-000000000001,2026-07-29T14:40:53.143Z,2026-07-29T14:40:53.143Z,a0000000-0000-0000-0000-000000000001,2026-07-29T14:40:53.143Z,,
3bfdd585-85a6-4b7d-9fbe-752d8ed6601b,fe13afbd-dbb8-400a-bdc0-fdf431537073,81000.00,IDR,1,2025-12-31T17:00:00.000Z,,,,medium,active,a0000000-0000-0000-0000-000000000001,2026-07-29T14:40:53.185Z,2026-07-29T14:40:53.185Z,a0000000-0000-0000-0000-000000000001,2026-07-29T14:40:53.185Z,,
e1aeeb7c-44e6-4d23-a63f-4faa09f8671f,a48cad44-96ea-460b-82d8-605b570f89eb,255000.00,IDR,1,2025-12-31T17:00:00.000Z,,,,medium,active,a0000000-0000-0000-0000-000000000001,2026-07-29T14:40:53.227Z,2026-07-29T14:40:53.227Z,a0000000-0000-0000-0000-000000000001,2026-07-29T14:40:53.227Z,,
29c78322-76ec-46ec-af72-a6130f4e86e6,3215717a-554f-4a60-bd09-1fd8fb27e573,420000.00,IDR,1,2025-12-31T17:00:00.000Z,,,,medium,active,a0000000-0000-0000-0000-000000000001,2026-07-29T14:40:53.268Z,2026-07-29T14:40:53.268Z,a0000000-0000-0000-0000-000000000001,2026-07-29T14:40:53.268Z,,
8697737a-ce4e-49e1-823b-dd0f4758597f,d35fb5a2-11fc-4685-a953-cd39d4bee55a,38333.00,IDR,1,2025-12-31T17:00:00.000Z,,,,medium,active,a0000000-0000-0000-0000-000000000001,2026-07-29T14:40:53.310Z,2026-07-29T14:40:53.310Z,a0000000-0000-0000-0000-000000000001,2026-07-29T14:40:53.310Z,,
cbd61b87-1f60-4d44-a91b-a9c4ffa539d5,0dc8c12a-9e52-41bc-9aae-f82c93d2cef4,805200.00,IDR,1,2025-12-31T17:00:00.000Z,,,,medium,active,a0000000-0000-0000-0000-000000000001,2026-07-29T14:40:53.353Z,2026-07-29T14:40:53.353Z,a0000000-0000-0000-0000-000000000001,2026-07-29T14:40:53.353Z,,
a4274d25-7125-4605-b79f-6eaf48627177,e3ed3a8a-3830-4492-ae3d-d4d463925b3e,175000.00,IDR,1,2025-12-31T17:00:00.000Z,,,,medium,active,a0000000-0000-0000-0000-000000000001,2026-07-29T14:40:53.395Z,2026-07-29T14:40:53.395Z,a0000000-0000-0000-0000-000000000001,2026-07-29T14:40:53.395Z,,
3b59b6a6-71c5-4a05-b880-216be0420ee0,d6647418-5491-47f6-a30d-0dd42992de7c,67900.00,IDR,1,2025-12-31T17:00:00.000Z,,,,medium,active,a0000000-0000-0000-0000-000000000001,2026-07-29T14:40:53.437Z,2026-07-29T14:40:53.437Z,a0000000-0000-0000-0000-000000000001,2026-07-29T14:40:53.437Z,,
c5fa5b6e-115b-4742-adb1-83e14476b520,75366e12-b2a4-48f2-b75b-e8cbc0596302,670000.00,IDR,1,2025-12-31T17:00:00.000Z,,,,medium,active,a0000000-0000-0000-0000-000000000001,2026-07-29T14:40:53.479Z,2026-07-29T14:40:53.479Z,a0000000-0000-0000-0000-000000000001,2026-07-29T14:40:53.479Z,,
572c4677-6445-4e89-b04f-89e82e49900f,084160b6-7e06-4f56-80e2-b183ab92cb07,20000.00,IDR,1,2025-12-31T17:00:00.000Z,,,,medium,active,a0000000-0000-0000-0000-000000000001,2026-07-29T14:40:53.521Z,2026-07-29T14:40:53.521Z,a0000000-0000-0000-0000-000000000001,2026-07-29T14:40:53.521Z,,
9bb56f31-eb88-4e13-91c4-17fc4ac2d888,91cc797b-178f-4419-afeb-185c25b2eb7d,300000.00,IDR,1,2025-12-31T17:00:00.000Z,,,,medium,active,a0000000-0000-0000-0000-000000000001,2026-07-29T14:40:53.562Z,2026-07-29T14:40:53.562Z,a0000000-0000-0000-0000-000000000001,2026-07-29T14:40:53.562Z,,
83a3664a-b714-4e56-82e7-98eff44b8c0e,b56e4061-092c-4445-8be3-8455644e7f30,1.00,IDR,1,2025-12-31T17:00:00.000Z,,,,medium,active,a0000000-0000-0000-0000-000000000001,2026-07-29T14:40:53.604Z,2026-07-29T14:40:53.604Z,a0000000-0000-0000-0000-000000000001,2026-07-29T14:40:53.604Z,,
fc02c03c-6b37-4521-bd35-3732389a2acd,c246c19e-2251-40a7-bc49-a3943452fb51,20000.00,IDR,1,2025-12-31T17:00:00.000Z,,,,medium,active,a0000000-0000-0000-0000-000000000001,2026-07-29T14:40:53.646Z,2026-07-29T14:40:53.646Z,a0000000-0000-0000-0000-000000000001,2026-07-29T14:40:53.646Z,,
a6339381-ead7-4aa8-964e-c7b075aa3dcb,adb99a96-3798-4467-851b-a50437dc02e6,214500.00,IDR,1,2025-12-31T17:00:00.000Z,,,,medium,active,a0000000-0000-0000-0000-000000000001,2026-07-29T14:40:53.688Z,2026-07-29T14:40:53.688Z,a0000000-0000-0000-0000-000000000001,2026-07-29T14:40:53.688Z,,
b08920bb-d615-4457-8e0b-cb861fba711e,4ffa40ed-2e40-4e9c-93f8-cc284aba007e,6500000.00,IDR,1,2025-12-31T17:00:00.000Z,,,,medium,active,a0000000-0000-0000-0000-000000000001,2026-07-29T14:40:53.729Z,2026-07-29T14:40:53.729Z,a0000000-0000-0000-0000-000000000001,2026-07-29T14:40:53.729Z,,
0bd1c3aa-26b5-4b1e-b28a-33856d181f44,8fd10219-ff03-4ef9-aa21-8c18fc67c3cf,8750.00,IDR,1,2025-12-31T17:00:00.000Z,,,,medium,active,a0000000-0000-0000-0000-000000000001,2026-07-29T14:40:53.771Z,2026-07-29T14:40:53.771Z,a0000000-0000-0000-0000-000000000001,2026-07-29T14:40:53.771Z,,
fd6c05c1-5b2e-4163-8b23-5395a7cec79f,689111d9-bfa8-4dac-88f1-9aef351ae548,155000.00,IDR,1,2025-12-31T17:00:00.000Z,,,,medium,active,a0000000-0000-0000-0000-000000000001,2026-07-29T14:40:53.813Z,2026-07-29T14:40:53.813Z,a0000000-0000-0000-0000-000000000001,2026-07-29T14:40:53.813Z,,
642238c6-bd3f-4cad-9a5a-b0dd5e33a87a,19d81d95-5716-404b-a6f4-d440c24ae036,1000.00,IDR,1,2025-12-31T17:00:00.000Z,,,,medium,active,a0000000-0000-0000-0000-000000000001,2026-07-29T14:40:53.855Z,2026-07-29T14:40:53.855Z,a0000000-0000-0000-0000-000000000001,2026-07-29T14:40:53.855Z,,
a434f31c-9ae2-4274-a54a-231dee8707e4,4e72fdb8-590a-49fa-8417-581d449a7f87,225000.00,IDR,1,2025-12-31T17:00:00.000Z,,,,medium,active,a0000000-0000-0000-0000-000000000001,2026-07-29T14:40:53.896Z,2026-07-29T14:40:53.896Z,a0000000-0000-0000-0000-000000000001,2026-07-29T14:40:53.896Z,,
db005575-1f1e-45ce-8119-ab8ae5f4bc3d,66dfa643-29ab-4475-951c-a4c931a4b869,700000.00,IDR,1,2025-12-31T17:00:00.000Z,,,,medium,active,a0000000-0000-0000-0000-000000000001,2026-07-29T14:40:53.938Z,2026-07-29T14:40:53.938Z,a0000000-0000-0000-0000-000000000001,2026-07-29T14:40:53.938Z,,
b1b967b6-98ad-486d-b37c-0fbc39aee3ea,2b759b8d-92ed-43e5-be86-6b679c4fb374,20000.00,IDR,1,2025-12-31T17:00:00.000Z,,,,medium,active,a0000000-0000-0000-0000-000000000001,2026-07-29T14:40:53.980Z,2026-07-29T14:40:53.980Z,a0000000-0000-0000-0000-000000000001,2026-07-29T14:40:53.980Z,,
d4f0fc34-8f11-427d-8e3d-847a6d30697a,329235eb-3584-450e-8eb7-cce51d09d8e4,254700.00,IDR,1,2025-12-31T17:00:00.000Z,,,,medium,active,a0000000-0000-0000-0000-000000000001,2026-07-29T14:40:54.022Z,2026-07-29T14:40:54.022Z,a0000000-0000-0000-0000-000000000001,2026-07-29T14:40:54.022Z,,
100140f7-d83a-4a83-b457-a89d88b7b73a,5dc41e65-9440-4322-99be-510db2789685,7000.00,IDR,1,2025-12-31T17:00:00.000Z,,,,medium,active,a0000000-0000-0000-0000-000000000001,2026-07-29T14:40:54.063Z,2026-07-29T14:40:54.063Z,a0000000-0000-0000-0000-000000000001,2026-07-29T14:40:54.063Z,,
0b3d62a8-35e7-44e2-a689-3f1b9c40e6b8,bfa5160c-42e5-49d7-a1d2-3e21be91c147,288000.00,IDR,1,2025-12-31T17:00:00.000Z,,,,medium,active,a0000000-0000-0000-0000-000000000001,2026-07-29T14:40:54.105Z,2026-07-29T14:40:54.105Z,a0000000-0000-0000-0000-000000000001,2026-07-29T14:40:54.105Z,,
15468db3-abb8-4b0b-97a4-afd078596214,58b5664b-c7b2-42a3-b9df-23d6333fdea2,20000.00,IDR,1,2025-12-31T17:00:00.000Z,,,,medium,active,a0000000-0000-0000-0000-000000000001,2026-07-29T14:40:54.148Z,2026-07-29T14:40:54.148Z,a0000000-0000-0000-0000-000000000001,2026-07-29T14:40:54.148Z,,
eabbbe43-0990-4735-8887-3c622c25a2dc,1ddc4917-8e17-4391-a22d-3981405da0cd,67900.00,IDR,1,2025-12-31T17:00:00.000Z,,,,medium,active,a0000000-0000-0000-0000-000000000001,2026-07-29T14:40:54.190Z,2026-07-29T14:40:54.190Z,a0000000-0000-0000-0000-000000000001,2026-07-29T14:40:54.190Z,,
f72eecb1-1314-42af-9251-e68519807a69,25d4cd8e-8881-4268-99c2-0d6f0db4b933,67500.00,IDR,1,2025-12-31T17:00:00.000Z,,,,medium,active,a0000000-0000-0000-0000-000000000001,2026-07-29T14:40:54.232Z,2026-07-29T14:40:54.232Z,a0000000-0000-0000-0000-000000000001,2026-07-29T14:40:54.232Z,,
618b9cf2-fb09-47e3-9598-558398ae41bc,e952a78b-58a2-4884-b4a2-212e5f0da1fd,569000.00,IDR,1,2025-12-31T17:00:00.000Z,,,,medium,active,a0000000-0000-0000-0000-000000000001,2026-07-29T14:40:54.274Z,2026-07-29T14:40:54.274Z,a0000000-0000-0000-0000-000000000001,2026-07-29T14:40:54.274Z,,
08ffffee-3f24-4018-a494-d147019b3d54,a3ebbbbe-8aec-490e-87ea-c36148b762db,38200.00,IDR,1,2025-12-31T17:00:00.000Z,,,,medium,active,a0000000-0000-0000-0000-000000000001,2026-07-29T14:40:54.316Z,2026-07-29T14:40:54.316Z,a0000000-0000-0000-0000-000000000001,2026-07-29T14:40:54.316Z,,
1f47d86f-dcb1-4ff8-87f6-2a72d2d7b9b3,c51050f6-6b78-442d-8edb-14f1624bca8c,6000000.00,IDR,1,2025-12-31T17:00:00.000Z,,,,medium,active,a0000000-0000-0000-0000-000000000001,2026-07-29T14:40:54.359Z,2026-07-29T14:40:54.359Z,a0000000-0000-0000-0000-000000000001,2026-07-29T14:40:54.359Z,,
a95a182b-38c4-4e8b-9a99-91415680b2ad,952e9917-5991-42f9-a94d-3f9889604628,67900.00,IDR,1,2025-12-31T17:00:00.000Z,,,,medium,active,a0000000-0000-0000-0000-000000000001,2026-07-29T14:40:54.400Z,2026-07-29T14:40:54.400Z,a0000000-0000-0000-0000-000000000001,2026-07-29T14:40:54.400Z,,
84fafcba-08f8-400b-88b5-b3bb16c39aff,857ea7b3-9bd7-493b-afc0-90f567590b8d,210000.00,IDR,1,2025-12-31T17:00:00.000Z,,,,medium,active,a0000000-0000-0000-0000-000000000001,2026-07-29T14:40:54.442Z,2026-07-29T14:40:54.442Z,a0000000-0000-0000-0000-000000000001,2026-07-29T14:40:54.442Z,,
7af2eb60-bc97-433a-a8a7-8f119380f555,5611a576-8723-4cdd-b014-a5830a3a51fe,220000.00,IDR,1,2025-12-31T17:00:00.000Z,,,,medium,active,a0000000-0000-0000-0000-000000000001,2026-07-29T14:40:54.485Z,2026-07-29T14:40:54.485Z,a0000000-0000-0000-0000-000000000001,2026-07-29T14:40:54.485Z,,
0c859f2e-864b-4b84-8ac8-4bac5bae672d,a24bf5d6-4064-498d-85ab-d5e3288dcf68,1000000.00,IDR,1,2025-12-31T17:00:00.000Z,,,,medium,active,a0000000-0000-0000-0000-000000000001,2026-07-29T14:40:54.526Z,2026-07-29T14:40:54.526Z,a0000000-0000-0000-0000-000000000001,2026-07-29T14:40:54.526Z,,
89e58052-c3d1-4ef6-8a93-04b643cba830,327c280d-cc09-4e78-a86f-cdceed24b026,3000.00,IDR,1,2025-12-31T17:00:00.000Z,,,,medium,active,a0000000-0000-0000-0000-000000000001,2026-07-29T14:40:54.568Z,2026-07-29T14:40:54.568Z,a0000000-0000-0000-0000-000000000001,2026-07-29T14:40:54.568Z,,
d540ecca-7b00-473b-8b08-cd75546aa255,b89c5323-e277-4971-81f4-635ba3260b6a,55500.00,IDR,1,2025-12-31T17:00:00.000Z,,,,medium,active,a0000000-0000-0000-0000-000000000001,2026-07-29T14:40:54.609Z,2026-07-29T14:40:54.609Z,a0000000-0000-0000-0000-000000000001,2026-07-29T14:40:54.609Z,,
8b2caded-dddd-4e82-b204-f34b5cfeea04,b4211001-3690-4e90-bf47-04e97388bef6,67900.00,IDR,1,2025-12-31T17:00:00.000Z,,,,medium,active,a0000000-0000-0000-0000-000000000001,2026-07-29T14:40:54.652Z,2026-07-29T14:40:54.652Z,a0000000-0000-0000-0000-000000000001,2026-07-29T14:40:54.652Z,,
5a818179-4603-40c1-9b2e-6809a621f3fd,a689bf54-b543-4ae0-835b-0c727806655c,183500.00,IDR,1,2025-12-31T17:00:00.000Z,,,,medium,active,a0000000-0000-0000-0000-000000000001,2026-07-29T14:40:54.694Z,2026-07-29T14:40:54.694Z,a0000000-0000-0000-0000-000000000001,2026-07-29T14:40:54.694Z,,
3fa2ec5d-82a3-4d6e-9a03-225547923e0b,841d4276-f231-44b9-925d-e4d2c4d6dcf6,2300000.00,IDR,1,2025-12-31T17:00:00.000Z,,,,medium,active,a0000000-0000-0000-0000-000000000001,2026-07-29T14:40:54.736Z,2026-07-29T14:40:54.736Z,a0000000-0000-0000-0000-000000000001,2026-07-29T14:40:54.736Z,,
b81fe219-e0a5-43fa-bf7c-4213528651e7,307c8685-c232-4f77-8566-23c8caf0a45d,2305000.00,IDR,1,2025-12-31T17:00:00.000Z,,,,medium,active,a0000000-0000-0000-0000-000000000001,2026-07-29T14:40:54.777Z,2026-07-29T14:40:54.777Z,a0000000-0000-0000-0000-000000000001,2026-07-29T14:40:54.777Z,,
acce4159-d59e-4fdc-8400-04db6bd0c419,d0c84999-b426-44b3-858b-f3479a3eae44,1325000.00,IDR,1,2025-12-31T17:00:00.000Z,,,,medium,active,a0000000-0000-0000-0000-000000000001,2026-07-29T14:40:54.819Z,2026-07-29T14:40:54.819Z,a0000000-0000-0000-0000-000000000001,2026-07-29T14:40:54.819Z,,
029f707d-40da-46f2-b2e0-3cac766414a8,48965010-3b6f-4820-bde4-460ef3c62e43,2100000.00,IDR,1,2025-12-31T17:00:00.000Z,,,,medium,active,a0000000-0000-0000-0000-000000000001,2026-07-29T14:40:54.861Z,2026-07-29T14:40:54.861Z,a0000000-0000-0000-0000-000000000001,2026-07-29T14:40:54.861Z,,
3d0ba41d-62f7-4382-9538-f4668846c0a2,736b8ccd-612f-4e0d-b923-afb64f364634,250000.00,IDR,1,2025-12-31T17:00:00.000Z,,,,medium,active,a0000000-0000-0000-0000-000000000001,2026-07-29T14:40:54.903Z,2026-07-29T14:40:54.903Z,a0000000-0000-0000-0000-000000000001,2026-07-29T14:40:54.903Z,,
0f922a56-8d9d-4312-af5b-ec9667df6ebb,70a71acc-dc99-4b63-88ed-1b8eae9f11fa,3050000.00,IDR,1,2025-12-31T17:00:00.000Z,,,,medium,active,a0000000-0000-0000-0000-000000000001,2026-07-29T14:40:54.947Z,2026-07-29T14:40:54.947Z,a0000000-0000-0000-0000-000000000001,2026-07-29T14:40:54.947Z,,
0c4e41d2-d147-41fe-aa9d-d58bf287b351,b924a667-510b-4054-822e-fb067232a97d,670000.00,IDR,1,2025-12-31T17:00:00.000Z,,,,medium,active,a0000000-0000-0000-0000-000000000001,2026-07-29T14:40:54.992Z,2026-07-29T14:40:54.992Z,a0000000-0000-0000-0000-000000000001,2026-07-29T14:40:54.992Z,,
d32207f6-e81d-4b1b-983a-d52197c8b8f6,af412b2d-ca8b-4227-b803-69148c995ccf,937500.00,IDR,1,2025-12-31T17:00:00.000Z,,,,medium,active,a0000000-0000-0000-0000-000000000001,2026-07-29T14:40:55.036Z,2026-07-29T14:40:55.036Z,a0000000-0000-0000-0000-000000000001,2026-07-29T14:40:55.036Z,,
69444c78-40d6-4e91-b58a-5ce373622918,a023416d-5aec-41dc-92b6-6d4ce0370017,1187650.00,IDR,1,2025-12-31T17:00:00.000Z,,,,medium,active,a0000000-0000-0000-0000-000000000001,2026-07-29T14:40:55.078Z,2026-07-29T14:40:55.078Z,a0000000-0000-0000-0000-000000000001,2026-07-29T14:40:55.078Z,,
3fc0dc69-beab-4f8e-807e-331423259c3d,d15905aa-1158-4d67-9267-c48a835e9bfe,495000.00,IDR,1,2025-12-31T17:00:00.000Z,,,,medium,active,a0000000-0000-0000-0000-000000000001,2026-07-29T14:40:55.120Z,2026-07-29T14:40:55.120Z,a0000000-0000-0000-0000-000000000001,2026-07-29T14:40:55.120Z,,
42877380-30fe-4689-8a71-b25d81725864,b499050f-67a4-4a0a-88d2-aad819aa68cd,1.00,IDR,1,2025-12-31T17:00:00.000Z,,,,medium,active,a0000000-0000-0000-0000-000000000001,2026-07-29T14:40:55.162Z,2026-07-29T14:40:55.162Z,a0000000-0000-0000-0000-000000000001,2026-07-29T14:40:55.162Z,,
05fa6804-c6f7-4330-bb1d-0f38031a869b,ea6ad923-7fd2-4646-b2f3-d20bf781d47e,5740000.00,IDR,1,2025-12-31T17:00:00.000Z,,,,medium,active,a0000000-0000-0000-0000-000000000001,2026-07-29T14:40:55.204Z,2026-07-29T14:40:55.204Z,a0000000-0000-0000-0000-000000000001,2026-07-29T14:40:55.204Z,,
98673dde-ce19-4145-a34f-88793edf2fcc,b655f734-ba4d-4245-aafe-ec197d2565f9,220000.00,IDR,1,2025-12-31T17:00:00.000Z,,,,medium,active,a0000000-0000-0000-0000-000000000001,2026-07-29T14:40:55.246Z,2026-07-29T14:40:55.246Z,a0000000-0000-0000-0000-000000000001,2026-07-29T14:40:55.246Z,,
2dc04d07-fb24-4969-93b7-6fed79be1efa,bbf8e1c4-9f7d-4542-b98e-e64e2cce8a5d,1.00,IDR,1,2025-12-31T17:00:00.000Z,,,,medium,active,a0000000-0000-0000-0000-000000000001,2026-07-29T14:40:55.288Z,2026-07-29T14:40:55.288Z,a0000000-0000-0000-0000-000000000001,2026-07-29T14:40:55.288Z,,
fc3ad8b9-bcbf-42f3-b50d-2e0d29806d0a,fe66c386-10d1-4166-a6ec-a5305f8889fc,370000.00,IDR,1,2025-12-31T17:00:00.000Z,,,,medium,active,a0000000-0000-0000-0000-000000000001,2026-07-29T14:40:55.330Z,2026-07-29T14:40:55.330Z,a0000000-0000-0000-0000-000000000001,2026-07-29T14:40:55.330Z,,
9e8eecb8-6be3-4a5a-9dd2-7104e3428ecc,26930c9d-c049-4562-8a16-6e29d5cd74b0,7000.00,IDR,1,2025-12-31T17:00:00.000Z,,,,medium,active,a0000000-0000-0000-0000-000000000001,2026-07-29T14:40:55.372Z,2026-07-29T14:40:55.372Z,a0000000-0000-0000-0000-000000000001,2026-07-29T14:40:55.372Z,,
80e6d88a-ed62-48a5-b44c-6653ee962e95,816374cc-b5d5-4d67-8aad-f56295c94b37,222000.00,IDR,1,2025-12-31T17:00:00.000Z,,,,medium,active,a0000000-0000-0000-0000-000000000001,2026-07-29T14:40:55.415Z,2026-07-29T14:40:55.415Z,a0000000-0000-0000-0000-000000000001,2026-07-29T14:40:55.415Z,,
5ed986c1-d69e-4a05-bced-fd36dae9bae0,e72382e8-7c82-4c73-966f-da6c21050d6e,142500.00,IDR,1,2025-12-31T17:00:00.000Z,,,,medium,active,a0000000-0000-0000-0000-000000000001,2026-07-29T14:40:55.456Z,2026-07-29T14:40:55.456Z,a0000000-0000-0000-0000-000000000001,2026-07-29T14:40:55.456Z,,
10a6a7dc-852b-4786-925b-fbba4d7a3fd0,a9a82d2e-71ca-4789-8a1a-a7fe0944e30f,494000.00,IDR,1,2025-12-31T17:00:00.000Z,,,,medium,active,a0000000-0000-0000-0000-000000000001,2026-07-29T14:40:55.498Z,2026-07-29T14:40:55.498Z,a0000000-0000-0000-0000-000000000001,2026-07-29T14:40:55.498Z,,
bf834c4c-a4ea-4e13-b0f2-cb65ec2bffa1,3f99bab9-211a-4770-b7d0-59575d9a4c66,5000.00,IDR,1,2025-12-31T17:00:00.000Z,,,,medium,active,a0000000-0000-0000-0000-000000000001,2026-07-29T14:40:55.540Z,2026-07-29T14:40:55.540Z,a0000000-0000-0000-0000-000000000001,2026-07-29T14:40:55.540Z,,
84b4d1c1-7f96-4b68-93a6-dc92247e81fb,b33f5a55-33c9-4ed0-a0a3-3849ff6a16b2,1.00,IDR,1,2025-12-31T17:00:00.000Z,,,,medium,active,a0000000-0000-0000-0000-000000000001,2026-07-29T14:40:55.583Z,2026-07-29T14:40:55.583Z,a0000000-0000-0000-0000-000000000001,2026-07-29T14:40:55.583Z,,
e52bc81b-af56-460c-8807-82c8b44c210f,5189585a-8fa8-472f-85ac-7cfe05ed5594,157900.00,IDR,1,2025-12-31T17:00:00.000Z,,,,medium,active,a0000000-0000-0000-0000-000000000001,2026-07-29T14:40:55.625Z,2026-07-29T14:40:55.625Z,a0000000-0000-0000-0000-000000000001,2026-07-29T14:40:55.625Z,,
a6df1656-5109-4f72-ba2f-e82d4e6b6435,f117accb-36bd-48b9-ba6b-5262bc15c9ac,1678000.00,IDR,1,2025-12-31T17:00:00.000Z,,,,medium,active,a0000000-0000-0000-0000-000000000001,2026-07-29T14:40:55.667Z,2026-07-29T14:40:55.667Z,a0000000-0000-0000-0000-000000000001,2026-07-29T14:40:55.667Z,,
0a9c4012-97b5-4666-9388-55d3053870c2,1f73c38d-c628-4350-84a2-cbca959064bd,150600.00,IDR,1,2025-12-31T17:00:00.000Z,,,,medium,active,a0000000-0000-0000-0000-000000000001,2026-07-29T14:40:55.709Z,2026-07-29T14:40:55.709Z,a0000000-0000-0000-0000-000000000001,2026-07-29T14:40:55.709Z,,
324424df-39e1-4d15-b7e9-26c5721868b9,d390c597-5cd1-426f-aca7-393ebe7f91ba,1502000.00,IDR,1,2025-12-31T17:00:00.000Z,,,,medium,active,a0000000-0000-0000-0000-000000000001,2026-07-29T14:40:55.751Z,2026-07-29T14:40:55.751Z,a0000000-0000-0000-0000-000000000001,2026-07-29T14:40:55.751Z,,
78ffa659-9373-4f0d-85fc-83d6e0277107,4cf54c8c-072c-4d6d-a89d-e94654fc122b,132000.00,IDR,1,2025-12-31T17:00:00.000Z,,,,medium,active,a0000000-0000-0000-0000-000000000001,2026-07-29T14:40:55.793Z,2026-07-29T14:40:55.793Z,a0000000-0000-0000-0000-000000000001,2026-07-29T14:40:55.793Z,,
529467b0-f6d2-4aea-bafe-24df3a4f088c,ce275dfc-369c-4ab1-923b-418f5b7ff922,395000.00,IDR,1,2025-12-31T17:00:00.000Z,,,,medium,active,a0000000-0000-0000-0000-000000000001,2026-07-29T14:40:55.835Z,2026-07-29T14:40:55.835Z,a0000000-0000-0000-0000-000000000001,2026-07-29T14:40:55.835Z,,
3d712bde-2378-4a77-9e8a-100cc9199d02,daf55140-b8b4-4b9f-b483-6f017cd50573,185000.00,IDR,1,2025-12-31T17:00:00.000Z,,,,medium,active,a0000000-0000-0000-0000-000000000001,2026-07-29T14:40:55.877Z,2026-07-29T14:40:55.877Z,a0000000-0000-0000-0000-000000000001,2026-07-29T14:40:55.877Z,,
8c78e3ee-7004-492b-8909-2a02fb50ec70,f534e256-c86e-4c2a-809e-7f3de8dcbae0,1.00,IDR,1,2025-12-31T17:00:00.000Z,,,,medium,active,a0000000-0000-0000-0000-000000000001,2026-07-29T14:40:55.919Z,2026-07-29T14:40:55.919Z,a0000000-0000-0000-0000-000000000001,2026-07-29T14:40:55.919Z,,
93544a90-b89a-4265-9a03-f7ad26cf9cd6,93ac91b1-a2ce-4bc7-b0bc-1b85a10078e3,101000.00,IDR,1,2025-12-31T17:00:00.000Z,,,,medium,active,a0000000-0000-0000-0000-000000000001,2026-07-29T14:40:55.964Z,2026-07-29T14:40:55.964Z,a0000000-0000-0000-0000-000000000001,2026-07-29T14:40:55.964Z,,
2db967cf-bd21-41d0-b0d1-8c6b5eb10108,48705722-db31-410a-a985-68bbc0fffae0,67900.00,IDR,1,2025-12-31T17:00:00.000Z,,,,medium,active,a0000000-0000-0000-0000-000000000001,2026-07-29T14:40:56.005Z,2026-07-29T14:40:56.005Z,a0000000-0000-0000-0000-000000000001,2026-07-29T14:40:56.005Z,,
4ab7f403-3aad-471b-b6f9-36838c42ef3b,03954673-ec87-42f6-832e-31d7fdd16bdd,253500.00,IDR,1,2025-12-31T17:00:00.000Z,,,,medium,active,a0000000-0000-0000-0000-000000000001,2026-07-29T14:40:56.047Z,2026-07-29T14:40:56.047Z,a0000000-0000-0000-0000-000000000001,2026-07-29T14:40:56.047Z,,
724bdff6-093d-4896-b1e1-6fdd2646bb42,a88e8dd1-2507-48f7-8f65-1fe416d691d8,67900.00,IDR,1,2025-12-31T17:00:00.000Z,,,,medium,active,a0000000-0000-0000-0000-000000000001,2026-07-29T14:40:56.089Z,2026-07-29T14:40:56.089Z,a0000000-0000-0000-0000-000000000001,2026-07-29T14:40:56.089Z,,
b9b008cb-5bbe-4f5d-9283-0af27d135f32,62e036bc-834c-4948-a5c4-7dc4582ac40b,67900.00,IDR,1,2025-12-31T17:00:00.000Z,,,,medium,active,a0000000-0000-0000-0000-000000000001,2026-07-29T14:40:56.131Z,2026-07-29T14:40:56.131Z,a0000000-0000-0000-0000-000000000001,2026-07-29T14:40:56.131Z,,
92cb82d6-e275-4767-a5e0-92f4d7043a23,9ed449b9-90f1-4a3b-b175-51731370e921,39000.00,IDR,1,2025-12-31T17:00:00.000Z,,,,medium,active,a0000000-0000-0000-0000-000000000001,2026-07-29T14:40:56.173Z,2026-07-29T14:40:56.173Z,a0000000-0000-0000-0000-000000000001,2026-07-29T14:40:56.173Z,,
f034d959-60bc-449c-8627-8849a5338e87,57269978-9116-4231-92b2-24251790b151,70000.00,IDR,1,2025-12-31T17:00:00.000Z,,,,medium,active,a0000000-0000-0000-0000-000000000001,2026-07-29T14:40:56.215Z,2026-07-29T14:40:56.215Z,a0000000-0000-0000-0000-000000000001,2026-07-29T14:40:56.215Z,,
f774159a-540e-48c8-8a1e-2726ceb6651c,f4667808-aac4-4277-8dbf-35e0942b29b2,330000.00,IDR,1,2025-12-31T17:00:00.000Z,,,,medium,active,a0000000-0000-0000-0000-000000000001,2026-07-29T14:40:56.257Z,2026-07-29T14:40:56.257Z,a0000000-0000-0000-0000-000000000001,2026-07-29T14:40:56.257Z,,
384570c0-c07c-4c72-aef1-c7f56bdffad9,c8de4630-3455-4bbe-a455-a49f907057cf,67900.00,IDR,1,2025-12-31T17:00:00.000Z,,,,medium,active,a0000000-0000-0000-0000-000000000001,2026-07-29T14:40:56.299Z,2026-07-29T14:40:56.299Z,a0000000-0000-0000-0000-000000000001,2026-07-29T14:40:56.299Z,,
cd952843-f464-4bd0-8be8-9e6dca0fafb5,da3ad1a0-fedd-4b4e-acbc-88adff7864b8,170000.00,IDR,1,2025-12-31T17:00:00.000Z,,,,medium,active,a0000000-0000-0000-0000-000000000001,2026-07-29T14:40:56.341Z,2026-07-29T14:40:56.341Z,a0000000-0000-0000-0000-000000000001,2026-07-29T14:40:56.341Z,,
3913212d-bb9c-4019-825c-69c97abeb325,eff375e3-77a7-4d9f-b1f9-a37fcd72b1d8,75000.00,IDR,1,2025-12-31T17:00:00.000Z,,,,medium,active,a0000000-0000-0000-0000-000000000001,2026-07-29T14:40:56.383Z,2026-07-29T14:40:56.383Z,a0000000-0000-0000-0000-000000000001,2026-07-29T14:40:56.383Z,,
f979a5bb-ae68-4361-a738-b410e79e39e7,e30eb42b-ff0c-40fe-b345-26bb0eae1d25,1500000.00,IDR,1,2025-12-31T17:00:00.000Z,,,,medium,active,a0000000-0000-0000-0000-000000000001,2026-07-29T14:40:56.424Z,2026-07-29T14:40:56.424Z,a0000000-0000-0000-0000-000000000001,2026-07-29T14:40:56.424Z,,
18d1a108-9838-437d-bd4c-61edf64293b8,bbecc0e0-9c9c-4dc9-9a14-1c5682ce3b86,4000.00,IDR,1,2025-12-31T17:00:00.000Z,,,,medium,active,a0000000-0000-0000-0000-000000000001,2026-07-29T14:40:56.467Z,2026-07-29T14:40:56.467Z,a0000000-0000-0000-0000-000000000001,2026-07-29T14:40:56.467Z,,
3a20b14f-a13e-436f-a92c-988d970efd12,521b8a81-2cfd-4f45-b62f-7f0f25b2f1f4,20900000.00,IDR,1,2025-12-31T17:00:00.000Z,,,,medium,active,a0000000-0000-0000-0000-000000000001,2026-07-29T14:40:56.509Z,2026-07-29T14:40:56.509Z,a0000000-0000-0000-0000-000000000001,2026-07-29T14:40:56.509Z,,
2e7bf162-6a30-481e-b7f3-d19b6b45d96a,9a4a9f05-51ea-40ff-ae91-246aed212149,20190.00,IDR,1,2025-12-31T17:00:00.000Z,,,,medium,active,a0000000-0000-0000-0000-000000000001,2026-07-29T14:40:56.551Z,2026-07-29T14:40:56.551Z,a0000000-0000-0000-0000-000000000001,2026-07-29T14:40:56.551Z,,
9c8c22d4-f379-47df-8ff3-9c078569b0bc,9b4176cb-fa17-425e-87df-ebd4144cc17c,1.00,IDR,1,2025-12-31T17:00:00.000Z,,,,medium,active,a0000000-0000-0000-0000-000000000001,2026-07-29T14:40:56.593Z,2026-07-29T14:40:56.593Z,a0000000-0000-0000-0000-000000000001,2026-07-29T14:40:56.593Z,,
8e1e565c-a507-468d-9355-5f82138dc64f,25c65ac1-bb07-4c28-9c13-61b03909b3ea,1.00,IDR,1,2025-12-31T17:00:00.000Z,,,,medium,active,a0000000-0000-0000-0000-000000000001,2026-07-29T14:40:56.635Z,2026-07-29T14:40:56.635Z,a0000000-0000-0000-0000-000000000001,2026-07-29T14:40:56.635Z,,
eeccc5fd-4ab1-452a-95e6-c2cfb828dbd6,f3966066-4c17-4c7d-a85d-e5ca70cfb563,121600.00,IDR,1,2025-12-31T17:00:00.000Z,,,,medium,active,a0000000-0000-0000-0000-000000000001,2026-07-29T14:40:56.677Z,2026-07-29T14:40:56.677Z,a0000000-0000-0000-0000-000000000001,2026-07-29T14:40:56.677Z,,
b35d052d-5b38-4347-bf92-c2d98686d224,a90364fd-6d69-404e-b592-e30bef2dfae7,120000.00,IDR,1,2025-12-31T17:00:00.000Z,,,,medium,active,a0000000-0000-0000-0000-000000000001,2026-07-29T14:40:56.719Z,2026-07-29T14:40:56.719Z,a0000000-0000-0000-0000-000000000001,2026-07-29T14:40:56.719Z,,
0898fbd6-2ca1-40c5-9a3e-eb0eb34b6906,4c5c239d-50f3-4e98-a5f0-89701c2a5d4e,360000.00,IDR,1,2025-12-31T17:00:00.000Z,,,,medium,active,a0000000-0000-0000-0000-000000000001,2026-07-29T14:40:56.761Z,2026-07-29T14:40:56.761Z,a0000000-0000-0000-0000-000000000001,2026-07-29T14:40:56.761Z,,
722230be-7080-4c76-bbf3-037c84453817,15a3bc67-cc05-444b-a2a3-2824578f3262,5000.00,IDR,1,2025-12-31T17:00:00.000Z,,,,medium,active,a0000000-0000-0000-0000-000000000001,2026-07-29T14:40:56.802Z,2026-07-29T14:40:56.802Z,a0000000-0000-0000-0000-000000000001,2026-07-29T14:40:56.802Z,,
3d4106df-8ac1-4b6f-95ee-67761fdecf92,8df911c8-f9e8-481d-b9f5-b351eabe590b,300000.00,IDR,1,2025-12-31T17:00:00.000Z,,,,medium,active,a0000000-0000-0000-0000-000000000001,2026-07-29T14:40:56.845Z,2026-07-29T14:40:56.845Z,a0000000-0000-0000-0000-000000000001,2026-07-29T14:40:56.845Z,,
bf81e970-778d-4a79-a115-1fdb25b142d5,4ebc2e1a-d7b9-4b28-9e50-6735b2063b4b,1.00,IDR,1,2025-12-31T17:00:00.000Z,,,,medium,active,a0000000-0000-0000-0000-000000000001,2026-07-29T14:40:56.887Z,2026-07-29T14:40:56.887Z,a0000000-0000-0000-0000-000000000001,2026-07-29T14:40:56.887Z,,
dd34ec3a-5b04-4fe1-83e3-476021c775b9,e5a82384-e810-477a-aa44-75487b55d84a,8500000.00,IDR,1,2025-12-31T17:00:00.000Z,,,,medium,active,a0000000-0000-0000-0000-000000000001,2026-07-29T14:40:56.929Z,2026-07-29T14:40:56.929Z,a0000000-0000-0000-0000-000000000001,2026-07-29T14:40:56.929Z,,
fcbcda74-9d93-4ee0-b8b4-218d76757fdb,9119fd33-11a0-4cc1-b79c-cf5a7f428388,22000.00,IDR,1,2025-12-31T17:00:00.000Z,,,,medium,active,a0000000-0000-0000-0000-000000000001,2026-07-29T14:40:56.971Z,2026-07-29T14:40:56.971Z,a0000000-0000-0000-0000-000000000001,2026-07-29T14:40:56.971Z,,
58c22332-4c44-4e16-b18c-d89ed9f2bcb2,db372c90-d48a-45b8-b2b4-bc2e294a984d,2500.00,IDR,1,2025-12-31T17:00:00.000Z,,,,medium,active,a0000000-0000-0000-0000-000000000001,2026-07-29T14:40:57.013Z,2026-07-29T14:40:57.013Z,a0000000-0000-0000-0000-000000000001,2026-07-29T14:40:57.013Z,,
28708ff9-8fc6-47ca-8c5f-339731acab87,689c3e33-5ea9-489f-9e3e-02893a457734,1500000.00,IDR,1,2025-12-31T17:00:00.000Z,,,,medium,active,a0000000-0000-0000-0000-000000000001,2026-07-29T14:40:57.055Z,2026-07-29T14:40:57.055Z,a0000000-0000-0000-0000-000000000001,2026-07-29T14:40:57.055Z,,
e1502fa8-7d00-48d9-b175-abfc78db44c7,3db8a78f-474f-42a5-bbaf-af40d0c82fc4,870000.00,IDR,1,2025-12-31T17:00:00.000Z,,,,medium,active,a0000000-0000-0000-0000-000000000001,2026-07-29T14:40:57.097Z,2026-07-29T14:40:57.097Z,a0000000-0000-0000-0000-000000000001,2026-07-29T14:40:57.097Z,,
4a0b6f34-0680-44dd-b192-a3cf2cf34a59,e6b0841a-d6bd-440b-b909-ed92b3404dad,1500000.00,IDR,1,2025-12-31T17:00:00.000Z,,,,medium,active,a0000000-0000-0000-0000-000000000001,2026-07-29T14:40:57.139Z,2026-07-29T14:40:57.139Z,a0000000-0000-0000-0000-000000000001,2026-07-29T14:40:57.139Z,,
5e1a8734-28cf-49dd-a9ca-bdee736eedd8,bc030ec7-f5d5-4159-a283-a839f3013bb2,3500.00,IDR,1,2025-12-31T17:00:00.000Z,,,,medium,active,a0000000-0000-0000-0000-000000000001,2026-07-29T14:40:57.181Z,2026-07-29T14:40:57.181Z,a0000000-0000-0000-0000-000000000001,2026-07-29T14:40:57.181Z,,
6f4ec3cd-d88e-44ca-bf1a-3aa79ea42928,992e723a-dd71-455b-b084-10441e705e84,165000.00,IDR,1,2025-12-31T17:00:00.000Z,,,,medium,active,a0000000-0000-0000-0000-000000000001,2026-07-29T14:40:57.223Z,2026-07-29T14:40:57.223Z,a0000000-0000-0000-0000-000000000001,2026-07-29T14:40:57.223Z,,
412b54e5-f879-4c7f-9e1b-7abbcd74e9a7,a48be89c-350d-43df-823e-6ddc4d95dd36,35000.00,IDR,1,2025-12-31T17:00:00.000Z,,,,medium,active,a0000000-0000-0000-0000-000000000001,2026-07-29T14:40:57.265Z,2026-07-29T14:40:57.265Z,a0000000-0000-0000-0000-000000000001,2026-07-29T14:40:57.265Z,,
d102223f-4d4b-4f76-9787-586e01d1e2ed,6e7e2ebc-54a6-4141-acd3-820866bbca66,8000000.00,IDR,1,2025-12-31T17:00:00.000Z,,,,medium,active,a0000000-0000-0000-0000-000000000001,2026-07-29T14:40:57.307Z,2026-07-29T14:40:57.307Z,a0000000-0000-0000-0000-000000000001,2026-07-29T14:40:57.307Z,,
5a95528d-591f-4856-8fbd-f8d064bf5803,5c14b41b-e046-4cef-abbe-56f1af575de4,95000.00,IDR,1,2025-12-31T17:00:00.000Z,,,,medium,active,a0000000-0000-0000-0000-000000000001,2026-07-29T14:40:57.349Z,2026-07-29T14:40:57.349Z,a0000000-0000-0000-0000-000000000001,2026-07-29T14:40:57.349Z,,
d565638b-1bc5-4a34-9a2d-42dac039e766,a83234d5-739b-401e-9dda-b616e0886986,55000.00,IDR,1,2025-12-31T17:00:00.000Z,,,,medium,active,a0000000-0000-0000-0000-000000000001,2026-07-29T14:40:57.392Z,2026-07-29T14:40:57.392Z,a0000000-0000-0000-0000-000000000001,2026-07-29T14:40:57.392Z,,
f220ee99-b7bb-4b9e-983c-42f81a9a94f9,3d001c98-fdf1-427b-9a5d-6665f2bb9c8f,21300.00,IDR,1,2025-12-31T17:00:00.000Z,,,,medium,active,a0000000-0000-0000-0000-000000000001,2026-07-29T14:40:57.434Z,2026-07-29T14:40:57.434Z,a0000000-0000-0000-0000-000000000001,2026-07-29T14:40:57.434Z,,
2065ff9c-2694-44e8-a8be-b9066e4089c1,f4a8e359-2947-45a8-a9e7-21128e847548,390000.00,IDR,1,2025-12-31T17:00:00.000Z,,,,medium,active,a0000000-0000-0000-0000-000000000001,2026-07-29T14:40:57.477Z,2026-07-29T14:40:57.477Z,a0000000-0000-0000-0000-000000000001,2026-07-29T14:40:57.477Z,,
b5d55474-e9e9-49f6-8ddf-f9375a656e69,5776d720-ea10-4fd3-925b-1a5e31b1b861,1960000.00,IDR,1,2025-12-31T17:00:00.000Z,,,,medium,active,a0000000-0000-0000-0000-000000000001,2026-07-29T14:40:57.519Z,2026-07-29T14:40:57.519Z,a0000000-0000-0000-0000-000000000001,2026-07-29T14:40:57.519Z,,
916d2ddb-0614-42b8-afdd-db88e05f2d5e,1f96b627-d2d4-42a7-a45e-036801642bb4,165000.00,IDR,1,2025-12-31T17:00:00.000Z,,,,medium,active,a0000000-0000-0000-0000-000000000001,2026-07-29T14:40:57.560Z,2026-07-29T14:40:57.560Z,a0000000-0000-0000-0000-000000000001,2026-07-29T14:40:57.560Z,,
3d6b57a3-7781-446d-ace4-5b52a8b7b7c0,90fe8330-7182-4378-9133-36fb15f9e95f,596000.00,IDR,1,2025-12-31T17:00:00.000Z,,,,medium,active,a0000000-0000-0000-0000-000000000001,2026-07-29T14:40:57.602Z,2026-07-29T14:40:57.602Z,a0000000-0000-0000-0000-000000000001,2026-07-29T14:40:57.602Z,,
fe1eb57b-b6f8-4b8d-a402-3ad9561c6452,78524832-8d6c-4d75-a1db-68257c2599d8,1900000.00,IDR,1,2025-12-31T17:00:00.000Z,,,,medium,active,a0000000-0000-0000-0000-000000000001,2026-07-29T14:40:57.644Z,2026-07-29T14:40:57.644Z,a0000000-0000-0000-0000-000000000001,2026-07-29T14:40:57.644Z,,
e468dbef-1ec3-42ff-81d2-9f51a64aa482,26f0c4b6-d8ba-4178-a57c-d8f65e5c4744,46100.00,IDR,1,2025-12-31T17:00:00.000Z,,,,medium,active,a0000000-0000-0000-0000-000000000001,2026-07-29T14:40:57.685Z,2026-07-29T14:40:57.685Z,a0000000-0000-0000-0000-000000000001,2026-07-29T14:40:57.685Z,,
5e97894d-16fc-4e30-a0c9-9726f06583e7,d8f6a263-a184-4dd7-83f4-7b0b99dce45c,185000.00,IDR,1,2025-12-31T17:00:00.000Z,,,,medium,active,a0000000-0000-0000-0000-000000000001,2026-07-29T14:40:57.727Z,2026-07-29T14:40:57.727Z,a0000000-0000-0000-0000-000000000001,2026-07-29T14:40:57.727Z,,
ec3caec9-258c-4e37-bebb-3414c5468a8f,a7da1844-017e-41e1-b5cb-63a3576830aa,225000.00,IDR,1,2025-12-31T17:00:00.000Z,,,,medium,active,a0000000-0000-0000-0000-000000000001,2026-07-29T14:40:57.769Z,2026-07-29T14:40:57.769Z,a0000000-0000-0000-0000-000000000001,2026-07-29T14:40:57.769Z,,
e064481f-28a3-4cbf-9508-d6a92cddd639,a5fef130-b6a3-41d0-9d17-681ba957f3ef,1500.00,IDR,1,2025-12-31T17:00:00.000Z,,,,medium,active,a0000000-0000-0000-0000-000000000001,2026-07-29T14:40:57.811Z,2026-07-29T14:40:57.811Z,a0000000-0000-0000-0000-000000000001,2026-07-29T14:40:57.811Z,,
bb259dad-8649-4d48-80df-334227ac899b,a85955cd-29ac-4fbf-85c8-5da6776c64d4,77000.00,IDR,1,2025-12-31T17:00:00.000Z,,,,medium,active,a0000000-0000-0000-0000-000000000001,2026-07-29T14:40:57.853Z,2026-07-29T14:40:57.853Z,a0000000-0000-0000-0000-000000000001,2026-07-29T14:40:57.853Z,,
d5f2abfa-31f5-4458-b66a-14fdbdf50784,43a34c19-5e2d-4197-8ab3-b82c590e9ff1,200.00,IDR,1,2025-12-31T17:00:00.000Z,,,,medium,active,a0000000-0000-0000-0000-000000000001,2026-07-29T14:40:57.895Z,2026-07-29T14:40:57.895Z,a0000000-0000-0000-0000-000000000001,2026-07-29T14:40:57.895Z,,
28f7803a-0ba6-4814-9710-147ffbab3272,b85d015a-310c-4945-9831-549d502d7daf,12866.67,IDR,1,2025-12-31T17:00:00.000Z,,,,medium,active,a0000000-0000-0000-0000-000000000001,2026-07-29T14:40:57.937Z,2026-07-29T14:40:57.937Z,a0000000-0000-0000-0000-000000000001,2026-07-29T14:40:57.937Z,,
5156d1a6-73f3-45a8-a6a4-6db274dba36f,8642f1d8-43dd-4d0e-a203-4baf714afec1,26500.00,IDR,1,2025-12-31T17:00:00.000Z,,,,medium,active,a0000000-0000-0000-0000-000000000001,2026-07-29T14:40:57.979Z,2026-07-29T14:40:57.979Z,a0000000-0000-0000-0000-000000000001,2026-07-29T14:40:57.979Z,,
7bd6cf78-c0f8-4d56-b75d-b6647d014f2d,7339afb1-3cdf-4b61-a65e-4fe144cb8abd,20000.00,IDR,1,2025-12-31T17:00:00.000Z,,,,medium,active,a0000000-0000-0000-0000-000000000001,2026-07-29T14:40:58.021Z,2026-07-29T14:40:58.021Z,a0000000-0000-0000-0000-000000000001,2026-07-29T14:40:58.021Z,,
113cf604-bfe7-4cf3-a54d-b0fc08705b73,b662d037-da5f-4c4d-aa07-5459f4203848,14500.00,IDR,1,2025-12-31T17:00:00.000Z,,,,medium,active,a0000000-0000-0000-0000-000000000001,2026-07-29T14:40:58.063Z,2026-07-29T14:40:58.063Z,a0000000-0000-0000-0000-000000000001,2026-07-29T14:40:58.063Z,,
93e778fd-79b8-4a3d-b5a7-1fd2924a0e5f,03755da2-392f-42b0-85d0-fea33eddfeb1,756000.00,IDR,1,2025-12-31T17:00:00.000Z,,,,medium,active,a0000000-0000-0000-0000-000000000001,2026-07-29T14:40:58.105Z,2026-07-29T14:40:58.105Z,a0000000-0000-0000-0000-000000000001,2026-07-29T14:40:58.105Z,,
c063f91f-ba3d-4bd6-9552-ab5248e3d75e,40175141-48ec-43a4-966e-357921d0414e,20000.00,IDR,1,2025-12-31T17:00:00.000Z,,,,medium,active,a0000000-0000-0000-0000-000000000001,2026-07-29T14:40:58.147Z,2026-07-29T14:40:58.147Z,a0000000-0000-0000-0000-000000000001,2026-07-29T14:40:58.147Z,,
89196ea8-4fbc-4e6f-a433-e9384e25c1d0,69874e93-37a8-484b-bd08-d3a8838fd8c7,17500.00,IDR,1,2025-12-31T17:00:00.000Z,,,,medium,active,a0000000-0000-0000-0000-000000000001,2026-07-29T14:40:58.190Z,2026-07-29T14:40:58.190Z,a0000000-0000-0000-0000-000000000001,2026-07-29T14:40:58.190Z,,
cbeae04e-b7ff-45c1-8c41-9778d161896f,093abf6a-25f6-478f-9911-e146368653f7,110000.00,IDR,1,2025-12-31T17:00:00.000Z,,,,medium,active,a0000000-0000-0000-0000-000000000001,2026-07-29T14:40:58.231Z,2026-07-29T14:40:58.231Z,a0000000-0000-0000-0000-000000000001,2026-07-29T14:40:58.231Z,,
35da4c00-0da5-4e36-920e-7d871b394c80,0a846dc9-9fae-4375-9ae9-930be069a4d1,1.00,IDR,1,2025-12-31T17:00:00.000Z,,,,medium,active,a0000000-0000-0000-0000-000000000001,2026-07-29T14:40:58.272Z,2026-07-29T14:40:58.272Z,a0000000-0000-0000-0000-000000000001,2026-07-29T14:40:58.272Z,,
c7d24fd1-ba94-45f1-8527-ae74a73daf51,77ac360c-a497-43dc-b75b-c38f12ba303e,1.00,IDR,1,2025-12-31T17:00:00.000Z,,,,medium,active,a0000000-0000-0000-0000-000000000001,2026-07-29T14:40:58.314Z,2026-07-29T14:40:58.314Z,a0000000-0000-0000-0000-000000000001,2026-07-29T14:40:58.314Z,,
34a9d6fc-bdc9-4107-91e6-fd6be5f38a2f,0ebedde6-2ea5-4588-bb06-6bc21e19d9a0,350000.00,IDR,1,2025-12-31T17:00:00.000Z,,,,medium,active,a0000000-0000-0000-0000-000000000001,2026-07-29T14:40:58.356Z,2026-07-29T14:40:58.356Z,a0000000-0000-0000-0000-000000000001,2026-07-29T14:40:58.356Z,,
ce6a81a9-653a-448c-a5fe-51bb9d5ce396,a8b3d0df-55eb-4a90-9cb7-c55928e8bbdf,390000.00,IDR,1,2025-12-31T17:00:00.000Z,,,,medium,active,a0000000-0000-0000-0000-000000000001,2026-07-29T14:40:58.399Z,2026-07-29T14:40:58.399Z,a0000000-0000-0000-0000-000000000001,2026-07-29T14:40:58.399Z,,
6ac875d5-8b27-409c-a823-d5b6b410bce9,fd4281a7-4e0c-4bb6-ace8-816c9a6c2ffa,32900.00,IDR,1,2025-12-31T17:00:00.000Z,,,,medium,active,a0000000-0000-0000-0000-000000000001,2026-07-29T14:40:58.441Z,2026-07-29T14:40:58.441Z,a0000000-0000-0000-0000-000000000001,2026-07-29T14:40:58.441Z,,
c9862484-13d2-49e6-ba13-8579a24dd9cb,df71b336-406f-4887-a148-a5e293fbb150,5300.00,IDR,1,2025-12-31T17:00:00.000Z,,,,medium,active,a0000000-0000-0000-0000-000000000001,2026-07-29T14:40:58.483Z,2026-07-29T14:40:58.483Z,a0000000-0000-0000-0000-000000000001,2026-07-29T14:40:58.483Z,,
427b200b-8eba-49f5-ac11-0b77711e374c,442d3e6c-3148-432c-9dd3-b35f84b2592b,14400.00,IDR,1,2025-12-31T17:00:00.000Z,,,,medium,active,a0000000-0000-0000-0000-000000000001,2026-07-29T14:40:58.525Z,2026-07-29T14:40:58.525Z,a0000000-0000-0000-0000-000000000001,2026-07-29T14:40:58.525Z,,
b3fc2f75-fa82-4b98-817a-6efc0d5cef9a,6b751ecf-7249-4574-8a3e-8f370b2dc82a,200000.00,IDR,1,2025-12-31T17:00:00.000Z,,,,medium,active,a0000000-0000-0000-0000-000000000001,2026-07-29T14:40:58.566Z,2026-07-29T14:40:58.566Z,a0000000-0000-0000-0000-000000000001,2026-07-29T14:40:58.566Z,,
17e51c1f-b4a5-4af1-96f5-79fb5e846dac,c6a79654-f7a3-404d-8fc7-a1774b9d4d58,29167.00,IDR,1,2025-12-31T17:00:00.000Z,,,,medium,active,a0000000-0000-0000-0000-000000000001,2026-07-29T14:40:58.608Z,2026-07-29T14:40:58.608Z,a0000000-0000-0000-0000-000000000001,2026-07-29T14:40:58.608Z,,
b8516195-398e-4c01-80e9-9ad7d9d1e10e,8d09429e-59d6-48d5-b43f-1a71bc5552cf,10000.00,IDR,1,2025-12-31T17:00:00.000Z,,,,medium,active,a0000000-0000-0000-0000-000000000001,2026-07-29T14:40:58.650Z,2026-07-29T14:40:58.650Z,a0000000-0000-0000-0000-000000000001,2026-07-29T14:40:58.650Z,,
6b5baff0-df64-4ec7-89f4-6e3ed442b780,6676b4b7-cfe5-4a8e-b49c-a6bd61fdb04e,77000.00,IDR,1,2025-12-31T17:00:00.000Z,,,,medium,active,a0000000-0000-0000-0000-000000000001,2026-07-29T14:40:58.692Z,2026-07-29T14:40:58.692Z,a0000000-0000-0000-0000-000000000001,2026-07-29T14:40:58.692Z,,
860caf5d-242e-4b8d-acbf-c8e41cf448c7,5d0a7a03-df5a-4034-a9c0-d38cbee3c635,40000.00,IDR,1,2025-12-31T17:00:00.000Z,,,,medium,active,a0000000-0000-0000-0000-000000000001,2026-07-29T14:40:58.734Z,2026-07-29T14:40:58.734Z,a0000000-0000-0000-0000-000000000001,2026-07-29T14:40:58.734Z,,
754d475a-4f99-4cfd-8e75-b1567ac1b3e4,2bd9c186-330a-4bad-8631-135f39258d80,13800.00,IDR,1,2025-12-31T17:00:00.000Z,,,,medium,active,a0000000-0000-0000-0000-000000000001,2026-07-29T14:40:58.777Z,2026-07-29T14:40:58.777Z,a0000000-0000-0000-0000-000000000001,2026-07-29T14:40:58.777Z,,
ece31a3a-75d1-4911-94a2-cfd395b870fc,49c606c4-4435-45b9-aabd-ee47f361c814,350000.00,IDR,1,2025-12-31T17:00:00.000Z,,,,medium,active,a0000000-0000-0000-0000-000000000001,2026-07-29T14:40:58.818Z,2026-07-29T14:40:58.818Z,a0000000-0000-0000-0000-000000000001,2026-07-29T14:40:58.818Z,,
121584b3-46a5-4a69-8ce9-db7390f006e6,54ca7459-9d2c-4353-b5bb-ca55255ecf0c,9050.00,IDR,1,2025-12-31T17:00:00.000Z,,,,medium,active,a0000000-0000-0000-0000-000000000001,2026-07-29T14:40:58.860Z,2026-07-29T14:40:58.860Z,a0000000-0000-0000-0000-000000000001,2026-07-29T14:40:58.860Z,,
526cdf20-a8cd-47b5-82b5-b1c0ef697d71,cb042d90-deb8-4a69-90d1-9e17d48a0979,5000.00,IDR,1,2025-12-31T17:00:00.000Z,,,,medium,active,a0000000-0000-0000-0000-000000000001,2026-07-29T14:40:58.902Z,2026-07-29T14:40:58.902Z,a0000000-0000-0000-0000-000000000001,2026-07-29T14:40:58.902Z,,
ff057e38-f759-48bc-9d4d-ba8cc40dee29,b773d8e5-6d13-40a3-a3e5-a608fc96b27f,135000.00,IDR,1,2025-12-31T17:00:00.000Z,,,,medium,active,a0000000-0000-0000-0000-000000000001,2026-07-29T14:40:58.945Z,2026-07-29T14:40:58.945Z,a0000000-0000-0000-0000-000000000001,2026-07-29T14:40:58.945Z,,
824d4d05-4762-4202-935f-0ab68d34c25f,65ace3ab-6a07-4f1c-a650-b14997a63258,200000.00,IDR,1,2025-12-31T17:00:00.000Z,,,,medium,active,a0000000-0000-0000-0000-000000000001,2026-07-29T14:40:58.987Z,2026-07-29T14:40:58.987Z,a0000000-0000-0000-0000-000000000001,2026-07-29T14:40:58.987Z,,
9b7ecbec-b8ac-40cb-bffe-9fd86538fca7,c05eb439-363d-4094-bae2-a48cbfabac68,552000.00,IDR,1,2025-12-31T17:00:00.000Z,,,,medium,active,a0000000-0000-0000-0000-000000000001,2026-07-29T14:40:59.029Z,2026-07-29T14:40:59.029Z,a0000000-0000-0000-0000-000000000001,2026-07-29T14:40:59.029Z,,
7690bf20-c372-4fb5-9045-a254084d83d3,97623d28-2cb7-438f-a592-4fff06e61987,2392250.00,IDR,1,2025-12-31T17:00:00.000Z,,,,medium,active,a0000000-0000-0000-0000-000000000001,2026-07-29T14:40:59.071Z,2026-07-29T14:40:59.071Z,a0000000-0000-0000-0000-000000000001,2026-07-29T14:40:59.071Z,,
82a4a40d-e881-415a-851b-dabc7b32a95a,9685cb82-dc62-44d5-b179-725f1194a2a4,3500000.00,IDR,1,2025-12-31T17:00:00.000Z,,,,medium,active,a0000000-0000-0000-0000-000000000001,2026-07-29T14:40:59.112Z,2026-07-29T14:40:59.112Z,a0000000-0000-0000-0000-000000000001,2026-07-29T14:40:59.112Z,,
55568844-e47c-4de5-9800-252386062deb,4b96a34f-0153-487b-828f-fae4ba0a0869,3125.00,IDR,1,2025-12-31T17:00:00.000Z,,,,medium,active,a0000000-0000-0000-0000-000000000001,2026-07-29T14:40:59.154Z,2026-07-29T14:40:59.154Z,a0000000-0000-0000-0000-000000000001,2026-07-29T14:40:59.154Z,,
45cb9db6-914d-42bd-a650-187132c786d2,d347910d-88ba-40a1-9761-2f6a8e15904f,23000.00,IDR,1,2025-12-31T17:00:00.000Z,,,,medium,active,a0000000-0000-0000-0000-000000000001,2026-07-29T14:40:59.196Z,2026-07-29T14:40:59.196Z,a0000000-0000-0000-0000-000000000001,2026-07-29T14:40:59.196Z,,
b007fcd4-99cd-4f45-8788-080e9fcdf905,e7d395fc-7297-4921-b412-8f740cb37e38,138000.00,IDR,1,2025-12-31T17:00:00.000Z,,,,medium,active,a0000000-0000-0000-0000-000000000001,2026-07-29T14:40:59.238Z,2026-07-29T14:40:59.238Z,a0000000-0000-0000-0000-000000000001,2026-07-29T14:40:59.238Z,,
2d70f248-0bf4-45eb-9ef7-3cb502f9c6b2,2fc23063-1a13-4018-9f63-a6584180cca8,1000000.00,IDR,1,2025-12-31T17:00:00.000Z,,,,medium,active,a0000000-0000-0000-0000-000000000001,2026-07-29T14:40:59.279Z,2026-07-29T14:40:59.279Z,a0000000-0000-0000-0000-000000000001,2026-07-29T14:40:59.279Z,,
c0043a00-f5f6-4c1e-a4fe-1193edd38d45,005c991b-dd55-4b33-a831-2466515bfabe,85000.00,IDR,1,2025-12-31T17:00:00.000Z,,,,medium,active,a0000000-0000-0000-0000-000000000001,2026-07-29T14:40:59.321Z,2026-07-29T14:40:59.321Z,a0000000-0000-0000-0000-000000000001,2026-07-29T14:40:59.321Z,,
c3788a49-65c5-477b-a874-9e646392270b,816a27de-0d52-4364-9060-ce555eb188a6,114000.00,IDR,1,2025-12-31T17:00:00.000Z,,,,medium,active,a0000000-0000-0000-0000-000000000001,2026-07-29T14:40:59.363Z,2026-07-29T14:40:59.363Z,a0000000-0000-0000-0000-000000000001,2026-07-29T14:40:59.363Z,,
cbd71ce6-2404-4208-afca-fdb8913e17bc,11bd3b41-9987-40cf-b49f-4c8abd4b0222,412200.00,IDR,1,2025-12-31T17:00:00.000Z,,,,medium,active,a0000000-0000-0000-0000-000000000001,2026-07-29T14:40:59.405Z,2026-07-29T14:40:59.405Z,a0000000-0000-0000-0000-000000000001,2026-07-29T14:40:59.405Z,,
d2d7d33d-cd0c-4438-8460-607557aaf63e,482eaf79-4708-441a-ba1a-8b401566997e,1.00,IDR,1,2025-12-31T17:00:00.000Z,,,,medium,active,a0000000-0000-0000-0000-000000000001,2026-07-29T14:40:59.446Z,2026-07-29T14:40:59.446Z,a0000000-0000-0000-0000-000000000001,2026-07-29T14:40:59.446Z,,
d4c8bf5c-c6ed-4962-ae3d-3ae12952bd0b,4c651b6b-cb83-4107-aa25-504845f94a00,1.00,IDR,1,2025-12-31T17:00:00.000Z,,,,medium,active,a0000000-0000-0000-0000-000000000001,2026-07-29T14:40:59.489Z,2026-07-29T14:40:59.489Z,a0000000-0000-0000-0000-000000000001,2026-07-29T14:40:59.489Z,,
83a423bd-4f76-4c13-b229-09a4c88d9031,56566fb3-7fb0-428d-93ca-114974871388,67900.00,IDR,1,2025-12-31T17:00:00.000Z,,,,medium,active,a0000000-0000-0000-0000-000000000001,2026-07-29T14:40:59.532Z,2026-07-29T14:40:59.532Z,a0000000-0000-0000-0000-000000000001,2026-07-29T14:40:59.532Z,,
85e1c35a-10aa-4081-bdc2-3a980d105d9e,7f03abf6-d1ec-47c0-9ef3-4dd6fa78e566,700000.00,IDR,1,2025-12-31T17:00:00.000Z,,,,medium,active,a0000000-0000-0000-0000-000000000001,2026-07-29T14:40:59.574Z,2026-07-29T14:40:59.574Z,a0000000-0000-0000-0000-000000000001,2026-07-29T14:40:59.574Z,,
bcb307dd-9caa-4a1c-839c-3b2e9e379a89,ffdfdc0b-6ef5-4e7b-a554-3011ce0899ac,275000.00,IDR,1,2025-12-31T17:00:00.000Z,,,,medium,active,a0000000-0000-0000-0000-000000000001,2026-07-29T14:40:59.616Z,2026-07-29T14:40:59.616Z,a0000000-0000-0000-0000-000000000001,2026-07-29T14:40:59.616Z,,
67127cd4-2ed1-45c8-98a1-2d9a25a98fb4,11ca80f7-7942-4b48-86b6-18274f65e8dc,67900.00,IDR,1,2025-12-31T17:00:00.000Z,,,,medium,active,a0000000-0000-0000-0000-000000000001,2026-07-29T14:40:59.658Z,2026-07-29T14:40:59.658Z,a0000000-0000-0000-0000-000000000001,2026-07-29T14:40:59.658Z,,
44c3b6cc-4e94-48c7-af80-ea44df5dbb37,6beb66ba-25a4-4aae-a534-36b8f886ee0a,600600.00,IDR,1,2025-12-31T17:00:00.000Z,,,,medium,active,a0000000-0000-0000-0000-000000000001,2026-07-29T14:40:59.701Z,2026-07-29T14:40:59.701Z,a0000000-0000-0000-0000-000000000001,2026-07-29T14:40:59.701Z,,
6cb0f23e-2d67-4761-9b25-140af820f522,98876173-d984-4bdf-a2d8-99282294d2a4,150000.00,IDR,1,2025-12-31T17:00:00.000Z,,,,medium,active,a0000000-0000-0000-0000-000000000001,2026-07-29T14:40:59.742Z,2026-07-29T14:40:59.742Z,a0000000-0000-0000-0000-000000000001,2026-07-29T14:40:59.742Z,,
4c5fad4c-4f9f-4c9a-9faf-40ce3687d5a6,05c11b0e-d783-4b81-a7f9-b84a11c6ed7d,8100.00,IDR,1,2025-12-31T17:00:00.000Z,,,,medium,active,a0000000-0000-0000-0000-000000000001,2026-07-29T14:40:59.783Z,2026-07-29T14:40:59.783Z,a0000000-0000-0000-0000-000000000001,2026-07-29T14:40:59.783Z,,
48518eb5-b6e0-4dad-b3e2-a14b5bfa0c56,eb489ec4-6995-4493-b635-f32c520b9edf,33000000.00,IDR,1,2025-12-31T17:00:00.000Z,,,,medium,active,a0000000-0000-0000-0000-000000000001,2026-07-29T14:40:59.825Z,2026-07-29T14:40:59.825Z,a0000000-0000-0000-0000-000000000001,2026-07-29T14:40:59.825Z,,
4b70aa75-ad1d-4fda-a2c0-bfdf5c0ed666,b1f73531-7d96-4151-943d-7db3b9a8bf08,15000.00,IDR,1,2025-12-31T17:00:00.000Z,,,,medium,active,a0000000-0000-0000-0000-000000000001,2026-07-29T14:40:59.867Z,2026-07-29T14:40:59.867Z,a0000000-0000-0000-0000-000000000001,2026-07-29T14:40:59.867Z,,
fc3ee516-4875-4d5e-8372-2532438b3255,efa1baba-65db-46f3-9d96-b69b6d0f48e7,1050000.00,IDR,1,2025-12-31T17:00:00.000Z,,,,medium,active,a0000000-0000-0000-0000-000000000001,2026-07-29T14:40:59.909Z,2026-07-29T14:40:59.909Z,a0000000-0000-0000-0000-000000000001,2026-07-29T14:40:59.909Z,,
26a62312-dadf-4901-9a3c-ff832952d49d,184dc111-a4fe-49f8-9124-a34c64958828,110000.00,IDR,1,2025-12-31T17:00:00.000Z,,,,medium,active,a0000000-0000-0000-0000-000000000001,2026-07-29T14:40:59.955Z,2026-07-29T14:40:59.955Z,a0000000-0000-0000-0000-000000000001,2026-07-29T14:40:59.955Z,,
78e864d1-6600-4756-86a4-c1a7e9311726,395bda97-3f0a-4d83-92e3-0ac63199cfd2,9000.00,IDR,1,2025-12-31T17:00:00.000Z,,,,medium,active,a0000000-0000-0000-0000-000000000001,2026-07-29T14:40:59.997Z,2026-07-29T14:40:59.997Z,a0000000-0000-0000-0000-000000000001,2026-07-29T14:40:59.997Z,,
4731e8ff-b31c-4e64-be8b-e3ee1388d8f8,e8cf8471-540d-40da-878d-6a6593d700ba,25000.00,IDR,1,2025-12-31T17:00:00.000Z,,,,medium,active,a0000000-0000-0000-0000-000000000001,2026-07-29T14:41:00.040Z,2026-07-29T14:41:00.040Z,a0000000-0000-0000-0000-000000000001,2026-07-29T14:41:00.040Z,,
b673e178-b813-4078-bf1c-84dedcfd5652,2c79a5ea-302b-40c0-9e10-09cfabee6ae6,150000.00,IDR,1,2025-12-31T17:00:00.000Z,,,,medium,active,a0000000-0000-0000-0000-000000000001,2026-07-29T14:41:00.083Z,2026-07-29T14:41:00.083Z,a0000000-0000-0000-0000-000000000001,2026-07-29T14:41:00.083Z,,
220b83fa-f670-4cdd-917c-2b8af737c90a,a9f5a0ba-3cfd-40a4-9a06-4cf8fa53dba1,363000.00,IDR,1,2025-12-31T17:00:00.000Z,,,,medium,active,a0000000-0000-0000-0000-000000000001,2026-07-29T14:41:00.125Z,2026-07-29T14:41:00.125Z,a0000000-0000-0000-0000-000000000001,2026-07-29T14:41:00.125Z,,
7d231ced-163a-4313-9af7-d106fbcf89c2,4bafba05-1c59-4f3d-bd90-a0b294e7ed8a,222000.00,IDR,1,2025-12-31T17:00:00.000Z,,,,medium,active,a0000000-0000-0000-0000-000000000001,2026-07-29T14:41:00.167Z,2026-07-29T14:41:00.167Z,a0000000-0000-0000-0000-000000000001,2026-07-29T14:41:00.167Z,,
6a337310-cda1-4662-b0eb-d22068e03ca7,37744914-c2ae-4638-a765-e1224c8e3dc9,20000.00,IDR,1,2025-12-31T17:00:00.000Z,,,,medium,active,a0000000-0000-0000-0000-000000000001,2026-07-29T14:41:00.211Z,2026-07-29T14:41:00.211Z,a0000000-0000-0000-0000-000000000001,2026-07-29T14:41:00.211Z,,
4044187f-c0a1-48c6-89c2-fea89f8254a0,518f34d8-6054-4d3f-9b8d-c28e580a2fce,1.00,IDR,1,2025-12-31T17:00:00.000Z,,,,medium,active,a0000000-0000-0000-0000-000000000001,2026-07-29T14:41:00.253Z,2026-07-29T14:41:00.253Z,a0000000-0000-0000-0000-000000000001,2026-07-29T14:41:00.253Z,,
f462cfc6-eaaf-47c8-94dc-1dffc860921d,3b536c79-af80-4896-bb9f-ae2e81d02616,2995000.00,IDR,1,2025-12-31T17:00:00.000Z,,,,medium,active,a0000000-0000-0000-0000-000000000001,2026-07-29T14:41:00.295Z,2026-07-29T14:41:00.295Z,a0000000-0000-0000-0000-000000000001,2026-07-29T14:41:00.295Z,,
3fbf58bf-e0bb-4331-b35c-405deb74e497,440866b1-fdc9-4f27-9000-20cb9864cc7e,6131000.00,IDR,1,2025-12-31T17:00:00.000Z,,,,medium,active,a0000000-0000-0000-0000-000000000001,2026-07-29T14:41:00.347Z,2026-07-29T14:41:00.347Z,a0000000-0000-0000-0000-000000000001,2026-07-29T14:41:00.347Z,,
f8c97551-8e04-4a23-99ff-958f952e87bc,e81315b9-55bc-452e-9567-625ae14c3202,1230800.00,IDR,1,2025-12-31T17:00:00.000Z,,,,medium,active,a0000000-0000-0000-0000-000000000001,2026-07-29T14:41:00.389Z,2026-07-29T14:41:00.389Z,a0000000-0000-0000-0000-000000000001,2026-07-29T14:41:00.389Z,,
eb7dae56-d327-4efe-8169-3966e588e1c7,1845cc17-f16d-458f-9668-f891a27ac5c5,3125.00,IDR,1,2025-12-31T17:00:00.000Z,,,,medium,active,a0000000-0000-0000-0000-000000000001,2026-07-29T14:41:00.431Z,2026-07-29T14:41:00.431Z,a0000000-0000-0000-0000-000000000001,2026-07-29T14:41:00.431Z,,
4b777b89-62be-4f19-bece-ae49456afa49,6be0ff09-1e9f-48eb-ac29-6c5884f9c178,426000.00,IDR,1,2025-12-31T17:00:00.000Z,,,,medium,active,a0000000-0000-0000-0000-000000000001,2026-07-29T14:41:00.473Z,2026-07-29T14:41:00.473Z,a0000000-0000-0000-0000-000000000001,2026-07-29T14:41:00.473Z,,
aef02da3-f054-40c9-bc59-014839fb4a0a,712e02b9-dc67-4c9b-b35e-6d93c786e2e4,600000.00,IDR,1,2025-12-31T17:00:00.000Z,,,,medium,active,a0000000-0000-0000-0000-000000000001,2026-07-29T14:41:00.514Z,2026-07-29T14:41:00.514Z,a0000000-0000-0000-0000-000000000001,2026-07-29T14:41:00.514Z,,
2a35374a-eadd-4e09-849a-078908393c0d,0c6c4d8e-821f-46d7-988c-632bb1b365c7,2500000.00,IDR,1,2025-12-31T17:00:00.000Z,,,,medium,active,a0000000-0000-0000-0000-000000000001,2026-07-29T14:41:00.556Z,2026-07-29T14:41:00.556Z,a0000000-0000-0000-0000-000000000001,2026-07-29T14:41:00.556Z,,
d774f3cf-96f9-4978-b5e3-605d413a51d8,9bc2e36b-30f3-49d8-ab6f-7d9d8b6088f9,12000.00,IDR,1,2025-12-31T17:00:00.000Z,,,,medium,active,a0000000-0000-0000-0000-000000000001,2026-07-29T14:41:00.598Z,2026-07-29T14:41:00.598Z,a0000000-0000-0000-0000-000000000001,2026-07-29T14:41:00.598Z,,
3318d341-ce99-4776-8795-6683b5598437,1936994c-26a7-44fc-8d9a-175414a95d37,2795000.00,IDR,1,2025-12-31T17:00:00.000Z,,,,medium,active,a0000000-0000-0000-0000-000000000001,2026-07-29T14:41:00.640Z,2026-07-29T14:41:00.640Z,a0000000-0000-0000-0000-000000000001,2026-07-29T14:41:00.640Z,,
e8c8a12c-b202-4681-a242-0f968aa36b0d,8128171c-e69e-4ab9-a349-897dff61e2f4,16560.00,IDR,1,2025-12-31T17:00:00.000Z,,,,medium,active,a0000000-0000-0000-0000-000000000001,2026-07-29T14:41:00.681Z,2026-07-29T14:41:00.681Z,a0000000-0000-0000-0000-000000000001,2026-07-29T14:41:00.681Z,,
47234cc8-68e7-4e1c-8e13-a8e877aa4064,5a308ba7-b44e-487e-b032-4612f8f9848b,100000.00,IDR,1,2025-12-31T17:00:00.000Z,,,,medium,active,a0000000-0000-0000-0000-000000000001,2026-07-29T14:41:00.723Z,2026-07-29T14:41:00.723Z,a0000000-0000-0000-0000-000000000001,2026-07-29T14:41:00.723Z,,
17ef3bc5-de02-476f-aa8d-ad696a1c20cc,be5d3bcc-c7b5-436a-be8e-bb17ce59e4df,16100.00,IDR,1,2025-12-31T17:00:00.000Z,,,,medium,active,a0000000-0000-0000-0000-000000000001,2026-07-29T14:41:00.765Z,2026-07-29T14:41:00.765Z,a0000000-0000-0000-0000-000000000001,2026-07-29T14:41:00.765Z,,
c37b0d98-157f-4180-a4c4-d802211eedde,bf1922ec-5175-4916-9245-53b59dafbc24,20000.00,IDR,1,2025-12-31T17:00:00.000Z,,,,medium,active,a0000000-0000-0000-0000-000000000001,2026-07-29T14:41:00.808Z,2026-07-29T14:41:00.808Z,a0000000-0000-0000-0000-000000000001,2026-07-29T14:41:00.808Z,,
e276545e-ae35-4da7-9760-c53fde9b5731,ce0bf1a5-b8c9-43b0-8996-82f5c80b09bf,600000.00,IDR,1,2025-12-31T17:00:00.000Z,,,,medium,active,a0000000-0000-0000-0000-000000000001,2026-07-29T14:41:00.849Z,2026-07-29T14:41:00.849Z,a0000000-0000-0000-0000-000000000001,2026-07-29T14:41:00.849Z,,
38546b5a-4f59-4c4f-a74b-012c71440083,77bf5d92-f3af-458a-b15b-aef1ba7e86d5,198000.00,IDR,1,2025-12-31T17:00:00.000Z,,,,medium,active,a0000000-0000-0000-0000-000000000001,2026-07-29T14:41:00.891Z,2026-07-29T14:41:00.891Z,a0000000-0000-0000-0000-000000000001,2026-07-29T14:41:00.891Z,,
4d524d8a-b495-40dd-8844-0643c67eb729,48d12c61-2e86-45b8-a1eb-6e39296463ff,4000.00,IDR,1,2025-12-31T17:00:00.000Z,,,,medium,active,a0000000-0000-0000-0000-000000000001,2026-07-29T14:41:00.933Z,2026-07-29T14:41:00.933Z,a0000000-0000-0000-0000-000000000001,2026-07-29T14:41:00.933Z,,
880489c6-7711-4452-a792-d2e9310f8dcd,706d8685-5d34-4494-a696-8218ee182167,14500.00,IDR,1,2025-12-31T17:00:00.000Z,,,,medium,active,a0000000-0000-0000-0000-000000000001,2026-07-29T14:41:00.974Z,2026-07-29T14:41:00.974Z,a0000000-0000-0000-0000-000000000001,2026-07-29T14:41:00.974Z,,
95122859-e064-473c-87f9-6326f098ab59,81f8d70d-b3e2-40fb-aac8-fdecd1d68de7,67900.00,IDR,1,2025-12-31T17:00:00.000Z,,,,medium,active,a0000000-0000-0000-0000-000000000001,2026-07-29T14:41:01.016Z,2026-07-29T14:41:01.016Z,a0000000-0000-0000-0000-000000000001,2026-07-29T14:41:01.016Z,,
3a390d86-86b0-4e61-b31e-3c8b5fa115ef,693e53bb-3701-4e34-ae78-58d9b008b24f,270000.00,IDR,1,2025-12-31T17:00:00.000Z,,,,medium,active,a0000000-0000-0000-0000-000000000001,2026-07-29T14:41:01.058Z,2026-07-29T14:41:01.058Z,a0000000-0000-0000-0000-000000000001,2026-07-29T14:41:01.058Z,,
2c73003e-b79e-4653-bc09-1ed3bf9b5ee2,31ed1c7f-3e66-4369-9ac0-6fb822b4dac2,225000.00,IDR,1,2025-12-31T17:00:00.000Z,,,,medium,active,a0000000-0000-0000-0000-000000000001,2026-07-29T14:41:01.101Z,2026-07-29T14:41:01.101Z,a0000000-0000-0000-0000-000000000001,2026-07-29T14:41:01.101Z,,
00e78467-f8d1-440d-a907-5ba6a5a55eca,4814ad02-46fc-4eca-8d59-8fa54d8f703e,10600.00,IDR,1,2025-12-31T17:00:00.000Z,,,,medium,active,a0000000-0000-0000-0000-000000000001,2026-07-29T14:41:01.144Z,2026-07-29T14:41:01.144Z,a0000000-0000-0000-0000-000000000001,2026-07-29T14:41:01.144Z,,
10998382-f41f-4712-b331-cf454852c0c5,b8799f5d-7bef-422b-b61c-c211439be940,67900.00,IDR,1,2025-12-31T17:00:00.000Z,,,,medium,active,a0000000-0000-0000-0000-000000000001,2026-07-29T14:41:01.186Z,2026-07-29T14:41:01.186Z,a0000000-0000-0000-0000-000000000001,2026-07-29T14:41:01.186Z,,
f233da3a-8087-4061-8f13-608713b5c071,16ed840d-a387-4c54-a594-85432ecdadfb,29200.00,IDR,1,2025-12-31T17:00:00.000Z,,,,medium,active,a0000000-0000-0000-0000-000000000001,2026-07-29T14:41:01.228Z,2026-07-29T14:41:01.228Z,a0000000-0000-0000-0000-000000000001,2026-07-29T14:41:01.228Z,,
ca3e1326-68a2-4047-b171-d34d319cddc7,5ab7f800-90c8-4345-837a-5ec480fdd531,48000000.00,IDR,1,2025-12-31T17:00:00.000Z,,,,medium,active,a0000000-0000-0000-0000-000000000001,2026-07-29T14:41:01.270Z,2026-07-29T14:41:01.270Z,a0000000-0000-0000-0000-000000000001,2026-07-29T14:41:01.270Z,,
3656b1a1-1ff5-485f-acf6-79374dc26091,294079ae-bcb8-4753-96f4-49af836c9783,59000.00,IDR,1,2025-12-31T17:00:00.000Z,,,,medium,active,a0000000-0000-0000-0000-000000000001,2026-07-29T14:41:01.313Z,2026-07-29T14:41:01.313Z,a0000000-0000-0000-0000-000000000001,2026-07-29T14:41:01.313Z,,
c50a2273-e1cc-4f52-861f-3b3c961249da,1dbf55b0-65b8-4b57-9aea-8708853d41d1,67900.00,IDR,1,2025-12-31T17:00:00.000Z,,,,medium,active,a0000000-0000-0000-0000-000000000001,2026-07-29T14:41:01.355Z,2026-07-29T14:41:01.355Z,a0000000-0000-0000-0000-000000000001,2026-07-29T14:41:01.355Z,,
9e756161-1f6c-4467-a85d-559cd71151ec,e0fbe2f3-eed9-44cf-b514-89a920a3f481,580.00,IDR,1,2025-12-31T17:00:00.000Z,,,,medium,active,a0000000-0000-0000-0000-000000000001,2026-07-29T14:41:01.397Z,2026-07-29T14:41:01.397Z,a0000000-0000-0000-0000-000000000001,2026-07-29T14:41:01.397Z,,
57b267ad-b3f6-4e90-ade1-237757e9bcae,a62bb18e-2048-473b-8490-bd6ff690f4e8,200000.00,IDR,1,2025-12-31T17:00:00.000Z,,,,medium,active,a0000000-0000-0000-0000-000000000001,2026-07-29T14:41:01.439Z,2026-07-29T14:41:01.439Z,a0000000-0000-0000-0000-000000000001,2026-07-29T14:41:01.439Z,,
46db6a06-f8fc-429f-9b62-a8c1cfe122c3,bdd02444-d2e8-441c-9df3-750c9065c521,20000.00,IDR,1,2025-12-31T17:00:00.000Z,,,,medium,active,a0000000-0000-0000-0000-000000000001,2026-07-29T14:41:01.481Z,2026-07-29T14:41:01.481Z,a0000000-0000-0000-0000-000000000001,2026-07-29T14:41:01.481Z,,
e1d546d5-8190-47ef-a31e-0fd610c12201,81af33bc-311e-401e-9a44-589cad300ba9,1.00,IDR,1,2025-12-31T17:00:00.000Z,,,,medium,active,a0000000-0000-0000-0000-000000000001,2026-07-29T14:41:01.522Z,2026-07-29T14:41:01.522Z,a0000000-0000-0000-0000-000000000001,2026-07-29T14:41:01.522Z,,
bdfb2ef8-8f0a-4d61-8f77-68ccc476112a,427bf64d-3278-491d-827c-372b98a13818,1808900.00,IDR,1,2025-12-31T17:00:00.000Z,,,,medium,active,a0000000-0000-0000-0000-000000000001,2026-07-29T14:41:01.564Z,2026-07-29T14:41:01.564Z,a0000000-0000-0000-0000-000000000001,2026-07-29T14:41:01.564Z,,
391cb9fa-2a22-45b6-863d-e33f11640163,eaa18b8c-5088-4ec8-a4cb-d7c34b0322bb,64000.00,IDR,1,2025-12-31T17:00:00.000Z,,,,medium,active,a0000000-0000-0000-0000-000000000001,2026-07-29T14:41:01.607Z,2026-07-29T14:41:01.607Z,a0000000-0000-0000-0000-000000000001,2026-07-29T14:41:01.607Z,,
26b0fe93-3cc7-4aa0-b9d7-65124f6e3785,ec7d4d88-2a65-4f45-a930-8ff3ca48f405,36000.00,IDR,1,2025-12-31T17:00:00.000Z,,,,medium,active,a0000000-0000-0000-0000-000000000001,2026-07-29T14:41:01.648Z,2026-07-29T14:41:01.648Z,a0000000-0000-0000-0000-000000000001,2026-07-29T14:41:01.648Z,,
99279cfd-963f-45f7-8596-0915df429271,d6c38caa-4680-4751-b824-5680ed36b24f,500000.00,IDR,1,2025-12-31T17:00:00.000Z,,,,medium,active,a0000000-0000-0000-0000-000000000001,2026-07-29T14:41:01.690Z,2026-07-29T14:41:01.690Z,a0000000-0000-0000-0000-000000000001,2026-07-29T14:41:01.690Z,,
a9412715-138e-4f72-900e-4302c1010880,f47cafa4-f417-44a2-8880-df638bffd0a5,17000.00,IDR,1,2025-12-31T17:00:00.000Z,,,,medium,active,a0000000-0000-0000-0000-000000000001,2026-07-29T14:41:01.731Z,2026-07-29T14:41:01.731Z,a0000000-0000-0000-0000-000000000001,2026-07-29T14:41:01.731Z,,
1d47386f-fb0b-43b5-b0ce-32fec756c0e4,6a9e20b2-2f24-42e1-bab9-4a2afac4f089,28620.00,IDR,1,2025-12-31T17:00:00.000Z,,,,medium,active,a0000000-0000-0000-0000-000000000001,2026-07-29T14:41:01.773Z,2026-07-29T14:41:01.773Z,a0000000-0000-0000-0000-000000000001,2026-07-29T14:41:01.773Z,,
88f84325-a1a1-47b9-a009-f56cbd93a003,0cf6596e-0089-4edc-8f8e-0c7e662ee99c,17900.00,IDR,1,2025-12-31T17:00:00.000Z,,,,medium,active,a0000000-0000-0000-0000-000000000001,2026-07-29T14:41:01.816Z,2026-07-29T14:41:01.816Z,a0000000-0000-0000-0000-000000000001,2026-07-29T14:41:01.816Z,,
730cc0c5-ab37-4ded-b299-2204b8c5fba5,7b8355e4-548d-4e07-992a-e480e1a5d403,1.00,IDR,1,2025-12-31T17:00:00.000Z,,,,medium,active,a0000000-0000-0000-0000-000000000001,2026-07-29T14:41:01.858Z,2026-07-29T14:41:01.858Z,a0000000-0000-0000-0000-000000000001,2026-07-29T14:41:01.858Z,,
9f4949d1-42ad-47aa-a566-d8b1658908f0,e76fcad0-b186-4ab1-aa79-fca2ac645153,548000.00,IDR,1,2025-12-31T17:00:00.000Z,,,,medium,active,a0000000-0000-0000-0000-000000000001,2026-07-29T14:41:01.900Z,2026-07-29T14:41:01.900Z,a0000000-0000-0000-0000-000000000001,2026-07-29T14:41:01.900Z,,
5367472d-f208-431e-a43c-1a3ab882dc72,81996759-af6c-4e9e-9732-e5adc2ec97bf,1100000.00,IDR,1,2025-12-31T17:00:00.000Z,,,,medium,active,a0000000-0000-0000-0000-000000000001,2026-07-29T14:41:01.942Z,2026-07-29T14:41:01.942Z,a0000000-0000-0000-0000-000000000001,2026-07-29T14:41:01.942Z,,
12ec6b26-a450-4995-9a9c-9deb4fec7d9c,e74ca36e-a73a-4cbd-a8ec-7879e30cdbc0,50000.00,IDR,1,2025-12-31T17:00:00.000Z,,,,medium,active,a0000000-0000-0000-0000-000000000001,2026-07-29T14:41:01.985Z,2026-07-29T14:41:01.985Z,a0000000-0000-0000-0000-000000000001,2026-07-29T14:41:01.985Z,,
eb39548d-6aef-453a-89b2-aea4b7454352,c8bc347a-0fa1-4580-840f-5847c593b7b0,1.00,IDR,1,2025-12-31T17:00:00.000Z,,,,medium,active,a0000000-0000-0000-0000-000000000001,2026-07-29T14:41:02.027Z,2026-07-29T14:41:02.027Z,a0000000-0000-0000-0000-000000000001,2026-07-29T14:41:02.027Z,,
20d2cf3b-428d-4d4c-af58-a51b764d0a10,70167f97-3e32-4165-a974-9c3930822f60,187500.00,IDR,1,2025-12-31T17:00:00.000Z,,,,medium,active,a0000000-0000-0000-0000-000000000001,2026-07-29T14:41:02.069Z,2026-07-29T14:41:02.069Z,a0000000-0000-0000-0000-000000000001,2026-07-29T14:41:02.069Z,,
c8ee7c6c-5de9-43ad-90d4-d3cfee297504,d530d640-387f-49a6-808c-9b4b9e45c6e1,7500000.00,IDR,1,2025-12-31T17:00:00.000Z,,,,medium,active,a0000000-0000-0000-0000-000000000001,2026-07-29T14:41:02.111Z,2026-07-29T14:41:02.111Z,a0000000-0000-0000-0000-000000000001,2026-07-29T14:41:02.111Z,,
9346d27b-4d2f-4aad-89b5-cbbcde5ab897,e06e61cc-219f-4ef4-b55b-2dacb4c85ec3,370200.00,IDR,1,2025-12-31T17:00:00.000Z,,,,medium,active,a0000000-0000-0000-0000-000000000001,2026-07-29T14:41:02.153Z,2026-07-29T14:41:02.153Z,a0000000-0000-0000-0000-000000000001,2026-07-29T14:41:02.153Z,,
e07d810f-a188-4042-8410-1796e69c8b8e,98fb7e5f-f686-4651-8649-a3e6377da9ed,235000.00,IDR,1,2025-12-31T17:00:00.000Z,,,,medium,active,a0000000-0000-0000-0000-000000000001,2026-07-29T14:41:02.195Z,2026-07-29T14:41:02.195Z,a0000000-0000-0000-0000-000000000001,2026-07-29T14:41:02.195Z,,
776d1366-8040-472a-a413-a4dbb4028a18,035cdbf2-9134-4706-bf97-86f6bbc96ab1,35600.00,IDR,1,2025-12-31T17:00:00.000Z,,,,medium,active,a0000000-0000-0000-0000-000000000001,2026-07-29T14:41:02.237Z,2026-07-29T14:41:02.237Z,a0000000-0000-0000-0000-000000000001,2026-07-29T14:41:02.237Z,,
71c1d777-2ad9-4cf6-8631-ebbc77fcfb3d,631bdab6-bd49-4145-a69f-faabc3e8bfcf,1620000.00,IDR,1,2025-12-31T17:00:00.000Z,,,,medium,active,a0000000-0000-0000-0000-000000000001,2026-07-29T14:41:02.279Z,2026-07-29T14:41:02.279Z,a0000000-0000-0000-0000-000000000001,2026-07-29T14:41:02.279Z,,
46526878-3d0e-49dc-855a-ffeb386d31ac,c8c88e5b-d438-481c-a4f7-626e8794073c,30500.00,IDR,1,2025-12-31T17:00:00.000Z,,,,medium,active,a0000000-0000-0000-0000-000000000001,2026-07-29T14:41:02.321Z,2026-07-29T14:41:02.321Z,a0000000-0000-0000-0000-000000000001,2026-07-29T14:41:02.321Z,,
ba46b7ec-2478-4f29-a18d-c89924e12e61,7a7fa251-029f-4408-a662-14f8aaf78a64,700.00,IDR,1,2025-12-31T17:00:00.000Z,,,,medium,active,a0000000-0000-0000-0000-000000000001,2026-07-29T14:41:02.363Z,2026-07-29T14:41:02.363Z,a0000000-0000-0000-0000-000000000001,2026-07-29T14:41:02.363Z,,
287e2fde-aeb4-4d8d-827d-ebc3b621b791,be69d2d5-3cbf-4252-ac56-9dcfddf06a57,88400.00,IDR,1,2025-12-31T17:00:00.000Z,,,,medium,active,a0000000-0000-0000-0000-000000000001,2026-07-29T14:41:02.405Z,2026-07-29T14:41:02.405Z,a0000000-0000-0000-0000-000000000001,2026-07-29T14:41:02.405Z,,
b6dee704-6a96-46b0-8cbb-a09f9c1cf114,3dfca7cf-d2e0-49a8-8a24-431ab8c45a9c,11000.00,IDR,1,2025-12-31T17:00:00.000Z,,,,medium,active,a0000000-0000-0000-0000-000000000001,2026-07-29T14:41:02.447Z,2026-07-29T14:41:02.447Z,a0000000-0000-0000-0000-000000000001,2026-07-29T14:41:02.447Z,,
d961ea2a-db00-4cb8-8b77-d0b7664794ec,54b3bc20-8eaf-4cf4-8a86-b2cddc2a6941,67900.00,IDR,1,2025-12-31T17:00:00.000Z,,,,medium,active,a0000000-0000-0000-0000-000000000001,2026-07-29T14:41:02.489Z,2026-07-29T14:41:02.489Z,a0000000-0000-0000-0000-000000000001,2026-07-29T14:41:02.489Z,,
ae72793f-7b2f-4618-927b-4f442564f5d8,771feb4f-cfa0-4f21-88bf-4c8879816b63,100000.00,IDR,1,2025-12-31T17:00:00.000Z,,,,medium,active,a0000000-0000-0000-0000-000000000001,2026-07-29T14:41:02.531Z,2026-07-29T14:41:02.531Z,a0000000-0000-0000-0000-000000000001,2026-07-29T14:41:02.531Z,,
f2876771-b98d-4fb5-b6e5-fe1b50c2c771,635cad77-a71f-4ffe-bdd0-fb9bcfac126d,2655000.00,IDR,1,2025-12-31T17:00:00.000Z,,,,medium,active,a0000000-0000-0000-0000-000000000001,2026-07-29T14:41:02.573Z,2026-07-29T14:41:02.573Z,a0000000-0000-0000-0000-000000000001,2026-07-29T14:41:02.573Z,,
749273b9-8f31-4153-b5ae-477a82054c1b,4fe464fa-118a-4711-b79c-e2224cebccf0,12000000.00,IDR,1,2025-12-31T17:00:00.000Z,,,,medium,active,a0000000-0000-0000-0000-000000000001,2026-07-29T14:41:02.615Z,2026-07-29T14:41:02.615Z,a0000000-0000-0000-0000-000000000001,2026-07-29T14:41:02.615Z,,
c9425f65-45ba-4895-a7a9-68e40e1177a6,5ee84bfd-0f8d-49c5-8bf0-5c43b67ffa23,350000.00,IDR,1,2025-12-31T17:00:00.000Z,,,,medium,active,a0000000-0000-0000-0000-000000000001,2026-07-29T14:41:02.657Z,2026-07-29T14:41:02.657Z,a0000000-0000-0000-0000-000000000001,2026-07-29T14:41:02.657Z,,
5016c0da-2d50-4f9b-9c2e-5e185e89b102,ad680a49-69aa-474d-992a-23be123020b1,350000.00,IDR,1,2025-12-31T17:00:00.000Z,,,,medium,active,a0000000-0000-0000-0000-000000000001,2026-07-29T14:41:02.699Z,2026-07-29T14:41:02.699Z,a0000000-0000-0000-0000-000000000001,2026-07-29T14:41:02.699Z,,
c09a5472-5306-4ebf-814e-2c8eb8f3a30b,43b6a9a8-7811-4c50-9ca1-be00ad3b2534,200000.00,IDR,1,2025-12-31T17:00:00.000Z,,,,medium,active,a0000000-0000-0000-0000-000000000001,2026-07-29T14:41:02.741Z,2026-07-29T14:41:02.741Z,a0000000-0000-0000-0000-000000000001,2026-07-29T14:41:02.741Z,,
71d077e5-33d4-4e99-afd2-f0dec20fa06b,b83ede61-81d0-4e7c-b443-7963a4e15a36,411000.00,IDR,1,2025-12-31T17:00:00.000Z,,,,medium,active,a0000000-0000-0000-0000-000000000001,2026-07-29T14:41:02.783Z,2026-07-29T14:41:02.783Z,a0000000-0000-0000-0000-000000000001,2026-07-29T14:41:02.783Z,,
88ee1f20-0334-4ca7-a03c-1caf43f89e12,76948e9e-615b-4b04-b7ca-5b8f1b2a6d87,47500.00,IDR,1,2025-12-31T17:00:00.000Z,,,,medium,active,a0000000-0000-0000-0000-000000000001,2026-07-29T14:41:02.825Z,2026-07-29T14:41:02.825Z,a0000000-0000-0000-0000-000000000001,2026-07-29T14:41:02.825Z,,
26ed2395-8a71-41c1-b33d-95a469963e97,0ed987b7-6518-4713-909c-d658c07296a6,47000.00,IDR,1,2025-12-31T17:00:00.000Z,,,,medium,active,a0000000-0000-0000-0000-000000000001,2026-07-29T14:41:02.867Z,2026-07-29T14:41:02.867Z,a0000000-0000-0000-0000-000000000001,2026-07-29T14:41:02.867Z,,
3e8c99d6-fbdc-44ce-84e2-9e6333cb1db0,a997220c-c356-4fe2-8cdd-e39d0cf712ef,21000.00,IDR,1,2025-12-31T17:00:00.000Z,,,,medium,active,a0000000-0000-0000-0000-000000000001,2026-07-29T14:41:02.909Z,2026-07-29T14:41:02.909Z,a0000000-0000-0000-0000-000000000001,2026-07-29T14:41:02.909Z,,
03730e9c-d013-4978-88e8-d06030ddd2bf,76761b76-5c53-4868-8f23-673e12b6bb34,18000.00,IDR,1,2025-12-31T17:00:00.000Z,,,,medium,active,a0000000-0000-0000-0000-000000000001,2026-07-29T14:41:02.951Z,2026-07-29T14:41:02.951Z,a0000000-0000-0000-0000-000000000001,2026-07-29T14:41:02.951Z,,
46e9901b-a53e-4aeb-853c-5d0e83b80230,842339a1-a151-4926-bd51-c7c410f006bd,950000.00,IDR,1,2025-12-31T17:00:00.000Z,,,,medium,active,a0000000-0000-0000-0000-000000000001,2026-07-29T14:41:02.992Z,2026-07-29T14:41:02.992Z,a0000000-0000-0000-0000-000000000001,2026-07-29T14:41:02.992Z,,
7b890a22-be76-45e2-9002-ed0af1802829,69d9aa52-5626-4214-866e-d5c24a44c194,350000.00,IDR,1,2025-12-31T17:00:00.000Z,,,,medium,active,a0000000-0000-0000-0000-000000000001,2026-07-29T14:41:03.034Z,2026-07-29T14:41:03.034Z,a0000000-0000-0000-0000-000000000001,2026-07-29T14:41:03.034Z,,
46544ba3-32e0-47af-b08f-00436f494a14,007d4699-04ca-4731-9e35-4d297d29298b,310000.00,IDR,1,2025-12-31T17:00:00.000Z,,,,medium,active,a0000000-0000-0000-0000-000000000001,2026-07-29T14:41:03.076Z,2026-07-29T14:41:03.076Z,a0000000-0000-0000-0000-000000000001,2026-07-29T14:41:03.076Z,,
14a3a5bb-cdaf-495a-84c3-a72e96909fd0,a94dc943-86cb-417a-be38-14e968405844,2080000.00,IDR,1,2025-12-31T17:00:00.000Z,,,,medium,active,a0000000-0000-0000-0000-000000000001,2026-07-29T14:41:03.118Z,2026-07-29T14:41:03.118Z,a0000000-0000-0000-0000-000000000001,2026-07-29T14:41:03.118Z,,
d5c4378d-3aa5-4f45-bb24-991988b70dfd,14cae85f-5052-4ec1-9b20-3b23865a58c5,937100.00,IDR,1,2025-12-31T17:00:00.000Z,,,,medium,active,a0000000-0000-0000-0000-000000000001,2026-07-29T14:41:03.161Z,2026-07-29T14:41:03.161Z,a0000000-0000-0000-0000-000000000001,2026-07-29T14:41:03.161Z,,
a96ec422-021e-4b20-9f94-3da0713e5e1c,9aa4dcf0-32e1-42fc-93b1-d9d152cebeef,3570000.00,IDR,1,2025-12-31T17:00:00.000Z,,,,medium,active,a0000000-0000-0000-0000-000000000001,2026-07-29T14:41:03.202Z,2026-07-29T14:41:03.202Z,a0000000-0000-0000-0000-000000000001,2026-07-29T14:41:03.202Z,,
b5f94f05-9a2b-4cb1-aa48-ea9a1d78ec55,a71fd229-a81d-473a-8f6a-1b4c8f8dfc34,16000.00,IDR,1,2025-12-31T17:00:00.000Z,,,,medium,active,a0000000-0000-0000-0000-000000000001,2026-07-29T14:41:03.244Z,2026-07-29T14:41:03.244Z,a0000000-0000-0000-0000-000000000001,2026-07-29T14:41:03.244Z,,
a01d7d41-8fcf-45b3-89cd-4b9cb71a7f5c,33dd0b89-d360-41d3-8b5f-bb47f639e707,13500.00,IDR,1,2025-12-31T17:00:00.000Z,,,,medium,active,a0000000-0000-0000-0000-000000000001,2026-07-29T14:41:03.287Z,2026-07-29T14:41:03.287Z,a0000000-0000-0000-0000-000000000001,2026-07-29T14:41:03.287Z,,
2790a3fa-5f1f-48e8-8af3-47039e002cf7,7e9d9a70-fa5d-4b80-9d45-f1da339bc35c,20000.00,IDR,1,2025-12-31T17:00:00.000Z,,,,medium,active,a0000000-0000-0000-0000-000000000001,2026-07-29T14:41:03.329Z,2026-07-29T14:41:03.329Z,a0000000-0000-0000-0000-000000000001,2026-07-29T14:41:03.329Z,,
2016c315-1e38-48ea-bf41-7f0feebae377,6ab5ed94-02df-43ce-87e5-e57f7be90884,1.00,IDR,1,2025-12-31T17:00:00.000Z,,,,medium,active,a0000000-0000-0000-0000-000000000001,2026-07-29T14:41:03.371Z,2026-07-29T14:41:03.371Z,a0000000-0000-0000-0000-000000000001,2026-07-29T14:41:03.371Z,,
88a576d9-02e5-44d6-a376-6c73a1028514,07ac05f2-9d3d-4060-8479-64c70d450c0a,5000.00,IDR,1,2025-12-31T17:00:00.000Z,,,,medium,active,a0000000-0000-0000-0000-000000000001,2026-07-29T14:41:03.413Z,2026-07-29T14:41:03.413Z,a0000000-0000-0000-0000-000000000001,2026-07-29T14:41:03.413Z,,
b5b0273d-e881-46a2-a32f-5fce1b8cdf11,6e0cd02f-c739-46e6-9839-52ac9a90af99,3500.00,IDR,1,2025-12-31T17:00:00.000Z,,,,medium,active,a0000000-0000-0000-0000-000000000001,2026-07-29T14:41:03.455Z,2026-07-29T14:41:03.455Z,a0000000-0000-0000-0000-000000000001,2026-07-29T14:41:03.455Z,,
4887f67a-d399-4d3a-aea8-ef9a2956e1c3,614493da-1c8c-4aa8-8f8a-1e666be0d12b,3900.00,IDR,1,2025-12-31T17:00:00.000Z,,,,medium,active,a0000000-0000-0000-0000-000000000001,2026-07-29T14:41:03.498Z,2026-07-29T14:41:03.498Z,a0000000-0000-0000-0000-000000000001,2026-07-29T14:41:03.498Z,,
3b2f75ee-444f-4393-84f7-8ee4dcdc7498,707a6400-6efa-4c63-919d-9760a41827db,1135000.00,IDR,1,2025-12-31T17:00:00.000Z,,,,medium,active,a0000000-0000-0000-0000-000000000001,2026-07-29T14:41:03.540Z,2026-07-29T14:41:03.540Z,a0000000-0000-0000-0000-000000000001,2026-07-29T14:41:03.540Z,,
d6c2bd35-b6e5-4a5f-9134-87a829fd2283,c06f4dcc-6f20-44dc-b6a0-8522fabb679c,250000.00,IDR,1,2025-12-31T17:00:00.000Z,,,,medium,active,a0000000-0000-0000-0000-000000000001,2026-07-29T14:41:03.581Z,2026-07-29T14:41:03.581Z,a0000000-0000-0000-0000-000000000001,2026-07-29T14:41:03.581Z,,
b2d06ba4-ab6b-4a33-ad03-a38c68a5d6ec,deaddb86-e8de-4c6c-bebb-06401ab4b956,92900.00,IDR,1,2025-12-31T17:00:00.000Z,,,,medium,active,a0000000-0000-0000-0000-000000000001,2026-07-29T14:41:03.623Z,2026-07-29T14:41:03.623Z,a0000000-0000-0000-0000-000000000001,2026-07-29T14:41:03.623Z,,
9df6d150-d433-401f-b910-d89fbec85eda,c948267c-bb12-472e-b739-9fb8c2d41d91,340000.00,IDR,1,2025-12-31T17:00:00.000Z,,,,medium,active,a0000000-0000-0000-0000-000000000001,2026-07-29T14:41:03.667Z,2026-07-29T14:41:03.667Z,a0000000-0000-0000-0000-000000000001,2026-07-29T14:41:03.667Z,,
cc61e360-d1f8-412d-901f-89f03b73353d,04f00d3d-7280-40bb-9ebd-5ff38f25eee9,100000.00,IDR,1,2025-12-31T17:00:00.000Z,,,,medium,active,a0000000-0000-0000-0000-000000000001,2026-07-29T14:41:03.708Z,2026-07-29T14:41:03.708Z,a0000000-0000-0000-0000-000000000001,2026-07-29T14:41:03.708Z,,
e3567d36-41ed-4d5e-9e73-25a131ef0974,6c4952b9-7572-4490-b636-a7b459cccc26,310000.00,IDR,1,2025-12-31T17:00:00.000Z,,,,medium,active,a0000000-0000-0000-0000-000000000001,2026-07-29T14:41:03.750Z,2026-07-29T14:41:03.750Z,a0000000-0000-0000-0000-000000000001,2026-07-29T14:41:03.750Z,,
84adc10f-75d9-46e8-92e8-cb69641fe134,5b5018d4-b7d4-499e-be3b-48b08fddd06b,5300.00,IDR,1,2025-12-31T17:00:00.000Z,,,,medium,active,a0000000-0000-0000-0000-000000000001,2026-07-29T14:41:03.792Z,2026-07-29T14:41:03.792Z,a0000000-0000-0000-0000-000000000001,2026-07-29T14:41:03.792Z,,
cedd7813-9113-498e-815d-e10d15f62ff3,968b2c16-e1ef-4dc0-8f6b-bd7ac8df5715,340000.00,IDR,1,2025-12-31T17:00:00.000Z,,,,medium,active,a0000000-0000-0000-0000-000000000001,2026-07-29T14:41:03.834Z,2026-07-29T14:41:03.834Z,a0000000-0000-0000-0000-000000000001,2026-07-29T14:41:03.834Z,,
645f451c-409c-44f0-8d83-beece627639f,452cc0ca-1d68-4c8a-9074-d3ed9fd8aa72,1.00,IDR,1,2025-12-31T17:00:00.000Z,,,,medium,active,a0000000-0000-0000-0000-000000000001,2026-07-29T14:41:03.876Z,2026-07-29T14:41:03.876Z,a0000000-0000-0000-0000-000000000001,2026-07-29T14:41:03.876Z,,
548a9472-e495-4a21-9aca-666411716514,365d2d45-57c6-4e5c-b12f-8d9016a9a930,9000.00,IDR,1,2025-12-31T17:00:00.000Z,,,,medium,active,a0000000-0000-0000-0000-000000000001,2026-07-29T14:41:03.918Z,2026-07-29T14:41:03.918Z,a0000000-0000-0000-0000-000000000001,2026-07-29T14:41:03.918Z,,
e7fa88b1-241d-4934-80f0-8dbe268c828a,c69984fe-fde7-407d-939d-576ef4593cff,228000.00,IDR,1,2025-12-31T17:00:00.000Z,,,,medium,active,a0000000-0000-0000-0000-000000000001,2026-07-29T14:41:03.961Z,2026-07-29T14:41:03.961Z,a0000000-0000-0000-0000-000000000001,2026-07-29T14:41:03.961Z,,
50ef64a0-42b8-4e7a-93db-3a2e4111c0ce,299b8c44-904e-4106-a4e0-c827c33d0b62,1.00,IDR,1,2025-12-31T17:00:00.000Z,,,,medium,active,a0000000-0000-0000-0000-000000000001,2026-07-29T14:41:04.003Z,2026-07-29T14:41:04.003Z,a0000000-0000-0000-0000-000000000001,2026-07-29T14:41:04.003Z,,
5cabb484-bcf5-4232-8326-b1499cccd3b2,7d4ee421-e46e-482e-b1b9-16fd56713ff0,178900.00,IDR,1,2025-12-31T17:00:00.000Z,,,,medium,active,a0000000-0000-0000-0000-000000000001,2026-07-29T14:41:04.045Z,2026-07-29T14:41:04.045Z,a0000000-0000-0000-0000-000000000001,2026-07-29T14:41:04.045Z,,
ca4a8338-77db-4fda-aedd-b9f258ab6e75,c3f1aa00-ad2a-4a00-889d-3f7b63e520fa,45000.00,IDR,1,2025-12-31T17:00:00.000Z,,,,medium,active,a0000000-0000-0000-0000-000000000001,2026-07-29T14:41:04.088Z,2026-07-29T14:41:04.088Z,a0000000-0000-0000-0000-000000000001,2026-07-29T14:41:04.088Z,,
84d7c032-db11-4eb2-8c3d-5a698a440adc,71b3e528-2bb0-4ee3-84d5-0e65ab226be1,30090.00,IDR,1,2025-12-31T17:00:00.000Z,,,,medium,active,a0000000-0000-0000-0000-000000000001,2026-07-29T14:41:04.130Z,2026-07-29T14:41:04.130Z,a0000000-0000-0000-0000-000000000001,2026-07-29T14:41:04.130Z,,
80107801-73f3-4df5-80f0-0a9b49f48735,e1e8f7c2-b21d-4cee-b8f2-cea4c4e67630,1.00,IDR,1,2025-12-31T17:00:00.000Z,,,,medium,active,a0000000-0000-0000-0000-000000000001,2026-07-29T14:41:04.171Z,2026-07-29T14:41:04.171Z,a0000000-0000-0000-0000-000000000001,2026-07-29T14:41:04.171Z,,
cf305d74-fe70-4beb-b29a-20a956af199f,8c181c9e-421b-4aa8-b6f1-3b993aeae69b,303600.00,IDR,1,2025-12-31T17:00:00.000Z,,,,medium,active,a0000000-0000-0000-0000-000000000001,2026-07-29T14:41:04.213Z,2026-07-29T14:41:04.213Z,a0000000-0000-0000-0000-000000000001,2026-07-29T14:41:04.213Z,,
57348dd7-241b-4594-a11a-bed03fad1791,1d580e1d-d49f-480a-aa56-9a5e07ad49cc,49000.00,IDR,1,2025-12-31T17:00:00.000Z,,,,medium,active,a0000000-0000-0000-0000-000000000001,2026-07-29T14:41:04.256Z,2026-07-29T14:41:04.256Z,a0000000-0000-0000-0000-000000000001,2026-07-29T14:41:04.256Z,,
227277eb-7b27-4f7e-a89f-8f0c68a48505,3e3c60b4-a8e2-4603-8cb6-56b8d94dcbe7,1300000.00,IDR,1,2025-12-31T17:00:00.000Z,,,,medium,active,a0000000-0000-0000-0000-000000000001,2026-07-29T14:41:04.298Z,2026-07-29T14:41:04.298Z,a0000000-0000-0000-0000-000000000001,2026-07-29T14:41:04.298Z,,
21cfc75a-fef1-4311-b872-c29f71aa5624,984e9a4d-727e-4551-975e-ce8ffe67320d,144300.00,IDR,1,2025-12-31T17:00:00.000Z,,,,medium,active,a0000000-0000-0000-0000-000000000001,2026-07-29T14:41:04.340Z,2026-07-29T14:41:04.340Z,a0000000-0000-0000-0000-000000000001,2026-07-29T14:41:04.340Z,,
49a773d3-babc-4d9e-b192-1a9b17a0ab9a,0f1b62dd-5c6f-44f2-bc40-7eb40dc990dc,1678000.00,IDR,1,2025-12-31T17:00:00.000Z,,,,medium,active,a0000000-0000-0000-0000-000000000001,2026-07-29T14:41:04.382Z,2026-07-29T14:41:04.382Z,a0000000-0000-0000-0000-000000000001,2026-07-29T14:41:04.382Z,,
0fab6b19-e6c5-40c6-9ae4-5de4cefb9a73,c557de80-26a9-489c-96c5-db1e2c126f75,1.00,IDR,1,2025-12-31T17:00:00.000Z,,,,medium,active,a0000000-0000-0000-0000-000000000001,2026-07-29T14:41:04.424Z,2026-07-29T14:41:04.424Z,a0000000-0000-0000-0000-000000000001,2026-07-29T14:41:04.424Z,,
af16c393-2bb5-4cb0-aad0-ad4bc564a882,c6f03728-84a3-4b3f-8f2d-1c1da66280b8,27100.00,IDR,1,2025-12-31T17:00:00.000Z,,,,medium,active,a0000000-0000-0000-0000-000000000001,2026-07-29T14:41:04.466Z,2026-07-29T14:41:04.466Z,a0000000-0000-0000-0000-000000000001,2026-07-29T14:41:04.466Z,,
924f0afc-8c37-468e-a0ce-bfd00215cb67,61bd0063-e988-41cc-93e3-9ff976e1bd6a,9000.00,IDR,1,2025-12-31T17:00:00.000Z,,,,medium,active,a0000000-0000-0000-0000-000000000001,2026-07-29T14:41:04.508Z,2026-07-29T14:41:04.508Z,a0000000-0000-0000-0000-000000000001,2026-07-29T14:41:04.508Z,,
eb2f125f-64fd-4112-a36d-aa2f402ff0fc,1b71b94e-331b-44db-829e-fa942ce5ec9f,1.00,IDR,1,2025-12-31T17:00:00.000Z,,,,medium,active,a0000000-0000-0000-0000-000000000001,2026-07-29T14:41:04.550Z,2026-07-29T14:41:04.550Z,a0000000-0000-0000-0000-000000000001,2026-07-29T14:41:04.550Z,,
6d9e68d9-5f1f-47fa-8b18-886a82b6f6ba,ce122d13-40e6-404a-b83b-fcf4facd3d8c,50000.00,IDR,1,2025-12-31T17:00:00.000Z,,,,medium,active,a0000000-0000-0000-0000-000000000001,2026-07-29T14:41:04.592Z,2026-07-29T14:41:04.592Z,a0000000-0000-0000-0000-000000000001,2026-07-29T14:41:04.592Z,,
14cc7967-8314-4862-9895-c282966515df,b69b1802-906f-4799-b4da-e6499e07c56f,100000.00,IDR,1,2025-12-31T17:00:00.000Z,,,,medium,active,a0000000-0000-0000-0000-000000000001,2026-07-29T14:41:04.634Z,2026-07-29T14:41:04.634Z,a0000000-0000-0000-0000-000000000001,2026-07-29T14:41:04.634Z,,
0a3edae7-2e01-4a27-8de2-b9a7d741f062,17b50931-c65f-4b92-8ca5-1c3a1162e0e7,480000.00,IDR,1,2025-12-31T17:00:00.000Z,,,,medium,active,a0000000-0000-0000-0000-000000000001,2026-07-29T14:41:04.676Z,2026-07-29T14:41:04.676Z,a0000000-0000-0000-0000-000000000001,2026-07-29T14:41:04.676Z,,
050d7134-249c-42df-8616-bb4c7937efd5,067ac7f1-2f65-45dc-91c1-776ba2290fc3,27000.00,IDR,1,2025-12-31T17:00:00.000Z,,,,medium,active,a0000000-0000-0000-0000-000000000001,2026-07-29T14:41:04.719Z,2026-07-29T14:41:04.719Z,a0000000-0000-0000-0000-000000000001,2026-07-29T14:41:04.719Z,,
4f192908-dc8a-4ffb-9406-30bf763166c8,9a2b19a1-4088-4042-b53b-39b76086fd23,45000.00,IDR,1,2025-12-31T17:00:00.000Z,,,,medium,active,a0000000-0000-0000-0000-000000000001,2026-07-29T14:41:04.761Z,2026-07-29T14:41:04.761Z,a0000000-0000-0000-0000-000000000001,2026-07-29T14:41:04.761Z,,
3aad9212-a028-4399-99a7-02e67f6d78bd,d07e5ca0-b284-4d98-8e66-681f843e6845,58000.00,IDR,1,2025-12-31T17:00:00.000Z,,,,medium,active,a0000000-0000-0000-0000-000000000001,2026-07-29T14:41:04.803Z,2026-07-29T14:41:04.803Z,a0000000-0000-0000-0000-000000000001,2026-07-29T14:41:04.803Z,,
531ad5d7-5af2-4d10-bbe4-27ec8a2039c8,adb3b6c0-a19c-4179-9ffe-ec1c337e3328,285000.00,IDR,1,2025-12-31T17:00:00.000Z,,,,medium,active,a0000000-0000-0000-0000-000000000001,2026-07-29T14:41:04.845Z,2026-07-29T14:41:04.845Z,a0000000-0000-0000-0000-000000000001,2026-07-29T14:41:04.845Z,,
820ac6a1-9530-42ee-a165-b914e1b8a665,baa7164e-18fc-463e-a5c7-b7bc9b9621b2,220000.00,IDR,1,2025-12-31T17:00:00.000Z,,,,medium,active,a0000000-0000-0000-0000-000000000001,2026-07-29T14:41:04.887Z,2026-07-29T14:41:04.887Z,a0000000-0000-0000-0000-000000000001,2026-07-29T14:41:04.887Z,,
bb984733-8d06-4b0c-9929-27bae3584bf8,d42a972a-c8aa-4b2c-b83c-25020b825d09,49700.00,IDR,1,2025-12-31T17:00:00.000Z,,,,medium,active,a0000000-0000-0000-0000-000000000001,2026-07-29T14:41:04.929Z,2026-07-29T14:41:04.929Z,a0000000-0000-0000-0000-000000000001,2026-07-29T14:41:04.929Z,,
ed159c1a-51a3-43f8-aa86-7ee81f1b9953,17ca0ec9-0bdb-4b8d-9285-74694c980e19,9000.00,IDR,1,2025-12-31T17:00:00.000Z,,,,medium,active,a0000000-0000-0000-0000-000000000001,2026-07-29T14:41:04.971Z,2026-07-29T14:41:04.971Z,a0000000-0000-0000-0000-000000000001,2026-07-29T14:41:04.971Z,,
84204f6a-d77b-4ffe-bb40-63f742efc44c,35888c87-40d1-412e-9bb4-bcb7a2b25844,12000.00,IDR,1,2025-12-31T17:00:00.000Z,,,,medium,active,a0000000-0000-0000-0000-000000000001,2026-07-29T14:41:05.013Z,2026-07-29T14:41:05.013Z,a0000000-0000-0000-0000-000000000001,2026-07-29T14:41:05.013Z,,
7bf7f3f6-eaf3-4d70-b48a-17fd3dbed869,92060ec6-cfce-43ae-bda4-77a2aa50c900,500000.00,IDR,1,2025-12-31T17:00:00.000Z,,,,medium,active,a0000000-0000-0000-0000-000000000001,2026-07-29T14:41:05.055Z,2026-07-29T14:41:05.055Z,a0000000-0000-0000-0000-000000000001,2026-07-29T14:41:05.055Z,,
16014a8f-a9eb-4c4e-af52-bcb0ad9e1a1e,d8d2be69-4448-4f80-ac16-ee5d614b151b,1.00,IDR,1,2025-12-31T17:00:00.000Z,,,,medium,active,a0000000-0000-0000-0000-000000000001,2026-07-29T14:41:05.097Z,2026-07-29T14:41:05.097Z,a0000000-0000-0000-0000-000000000001,2026-07-29T14:41:05.097Z,,
9882ea7c-b932-460e-841a-6391a37dc8ab,2f17de73-4088-402d-8789-d3aef91e044f,7800.00,IDR,1,2025-12-31T17:00:00.000Z,,,,medium,active,a0000000-0000-0000-0000-000000000001,2026-07-29T14:41:05.139Z,2026-07-29T14:41:05.139Z,a0000000-0000-0000-0000-000000000001,2026-07-29T14:41:05.139Z,,
abfde244-f117-4aab-a29a-7472f871c224,d073d935-b909-48af-9684-a78c765d21ef,176000.00,IDR,1,2025-12-31T17:00:00.000Z,,,,medium,active,a0000000-0000-0000-0000-000000000001,2026-07-29T14:41:05.182Z,2026-07-29T14:41:05.182Z,a0000000-0000-0000-0000-000000000001,2026-07-29T14:41:05.182Z,,
ded71545-392a-41b8-affa-50a58975a287,ccd077f0-bd78-400f-a65c-daba5ed70c96,255000.00,IDR,1,2025-12-31T17:00:00.000Z,,,,medium,active,a0000000-0000-0000-0000-000000000001,2026-07-29T14:41:05.224Z,2026-07-29T14:41:05.224Z,a0000000-0000-0000-0000-000000000001,2026-07-29T14:41:05.224Z,,
0693a61b-1f75-4abb-ab2f-37736cb4d6d6,f05ba91f-8c63-4244-b81e-693c5cbba134,23000.00,IDR,1,2025-12-31T17:00:00.000Z,,,,medium,active,a0000000-0000-0000-0000-000000000001,2026-07-29T14:41:05.266Z,2026-07-29T14:41:05.266Z,a0000000-0000-0000-0000-000000000001,2026-07-29T14:41:05.266Z,,
5eeed280-8872-49cc-8be9-e71ce675f9f6,daa5e765-aed6-4017-88ac-6f6d9e084fdc,580.00,IDR,1,2025-12-31T17:00:00.000Z,,,,medium,active,a0000000-0000-0000-0000-000000000001,2026-07-29T14:41:05.308Z,2026-07-29T14:41:05.308Z,a0000000-0000-0000-0000-000000000001,2026-07-29T14:41:05.308Z,,
1f5d83fd-0a59-4343-bfd2-639c99e8a86c,5eaec7d1-b116-4b27-a49a-7f28555c9a21,16480.00,IDR,1,2025-12-31T17:00:00.000Z,,,,medium,active,a0000000-0000-0000-0000-000000000001,2026-07-29T14:41:05.350Z,2026-07-29T14:41:05.350Z,a0000000-0000-0000-0000-000000000001,2026-07-29T14:41:05.350Z,,
a6ef7f25-f5f7-42e2-81de-27cf361f0d09,7c7f10b1-99ab-4866-972f-882374755c4c,13000.00,IDR,1,2025-12-31T17:00:00.000Z,,,,medium,active,a0000000-0000-0000-0000-000000000001,2026-07-29T14:41:05.392Z,2026-07-29T14:41:05.392Z,a0000000-0000-0000-0000-000000000001,2026-07-29T14:41:05.392Z,,
67c9037b-f755-4bd0-9ba9-3489e56d5e2e,af9bb3f6-a0b9-447e-869d-fe3c4878d971,1.00,IDR,1,2025-12-31T17:00:00.000Z,,,,medium,active,a0000000-0000-0000-0000-000000000001,2026-07-29T14:41:05.435Z,2026-07-29T14:41:05.435Z,a0000000-0000-0000-0000-000000000001,2026-07-29T14:41:05.435Z,,
87de2ea9-3a70-48fb-b8d5-a972a0c18567,f60471c4-668d-4359-84ef-77251087c62c,33000.00,IDR,1,2025-12-31T17:00:00.000Z,,,,medium,active,a0000000-0000-0000-0000-000000000001,2026-07-29T14:41:05.477Z,2026-07-29T14:41:05.477Z,a0000000-0000-0000-0000-000000000001,2026-07-29T14:41:05.477Z,,
fc2917db-c82d-4280-9562-aa61ee10397d,a6e2e770-a36d-4ec7-badc-3cee82d5ecc5,200.00,IDR,1,2025-12-31T17:00:00.000Z,,,,medium,active,a0000000-0000-0000-0000-000000000001,2026-07-29T14:41:05.519Z,2026-07-29T14:41:05.519Z,a0000000-0000-0000-0000-000000000001,2026-07-29T14:41:05.519Z,,
4371c9be-8e09-442d-8571-8f616adb37c5,9b6d5a07-cfa0-430e-bfe1-6dbac7d85436,730000.00,IDR,1,2025-12-31T17:00:00.000Z,,,,medium,active,a0000000-0000-0000-0000-000000000001,2026-07-29T14:41:05.561Z,2026-07-29T14:41:05.561Z,a0000000-0000-0000-0000-000000000001,2026-07-29T14:41:05.561Z,,
db204c4a-c49d-473d-9c62-0ee16d8da84e,ed8c9f54-6bd3-4110-abde-806ee8d0f6d4,305500.00,IDR,1,2025-12-31T17:00:00.000Z,,,,medium,active,a0000000-0000-0000-0000-000000000001,2026-07-29T14:41:05.603Z,2026-07-29T14:41:05.603Z,a0000000-0000-0000-0000-000000000001,2026-07-29T14:41:05.603Z,,
3c7577ab-40fe-4982-a107-59702560f45e,fc4d92f5-20f9-4ad2-a68a-5b87c35b1cd1,1639000.00,IDR,1,2025-12-31T17:00:00.000Z,,,,medium,active,a0000000-0000-0000-0000-000000000001,2026-07-29T14:41:05.644Z,2026-07-29T14:41:05.644Z,a0000000-0000-0000-0000-000000000001,2026-07-29T14:41:05.644Z,,
e90c6219-df82-4e7f-b5d3-ff54c0d17620,09643963-2a6b-4af5-b3cc-dc7870c26489,20000000.00,IDR,1,2025-12-31T17:00:00.000Z,,,,medium,active,a0000000-0000-0000-0000-000000000001,2026-07-29T14:41:05.686Z,2026-07-29T14:41:05.686Z,a0000000-0000-0000-0000-000000000001,2026-07-29T14:41:05.686Z,,
4a9eb06b-581a-45d1-9567-ff196847c0f9,4395b5de-03ba-41e9-8c65-887b7c15b206,18000.00,IDR,1,2025-12-31T17:00:00.000Z,,,,medium,active,a0000000-0000-0000-0000-000000000001,2026-07-29T14:41:05.729Z,2026-07-29T14:41:05.729Z,a0000000-0000-0000-0000-000000000001,2026-07-29T14:41:05.729Z,,
2f7971fa-9616-44da-afbb-1966b67aafe4,a05cab3b-0e83-43b6-8234-69d9ad04656b,2750000.00,IDR,1,2025-12-31T17:00:00.000Z,,,,medium,active,a0000000-0000-0000-0000-000000000001,2026-07-29T14:41:05.771Z,2026-07-29T14:41:05.771Z,a0000000-0000-0000-0000-000000000001,2026-07-29T14:41:05.771Z,,
9308898e-d69f-4ca0-b683-39a319d3a182,464cfa20-0bb0-4a4a-9f85-de4961c45745,11700.00,IDR,1,2025-12-31T17:00:00.000Z,,,,medium,active,a0000000-0000-0000-0000-000000000001,2026-07-29T14:41:05.813Z,2026-07-29T14:41:05.813Z,a0000000-0000-0000-0000-000000000001,2026-07-29T14:41:05.813Z,,
18793cb3-702a-44fc-b409-62ba6c9caab2,2e5d05e1-f57b-4f39-b1eb-0cafc44bc711,1.00,IDR,1,2025-12-31T17:00:00.000Z,,,,medium,active,a0000000-0000-0000-0000-000000000001,2026-07-29T14:41:05.855Z,2026-07-29T14:41:05.855Z,a0000000-0000-0000-0000-000000000001,2026-07-29T14:41:05.855Z,,
b6d17342-e701-4187-ab9b-cab6a3fa9861,a577b0f0-13f4-4f92-a1e8-a67c4935314c,22000.00,IDR,1,2025-12-31T17:00:00.000Z,,,,medium,active,a0000000-0000-0000-0000-000000000001,2026-07-29T14:41:05.897Z,2026-07-29T14:41:05.897Z,a0000000-0000-0000-0000-000000000001,2026-07-29T14:41:05.897Z,,
229c105d-553c-4f89-9399-158c5b891107,7088f322-5823-49f5-86a4-418b2ae5f3d6,80000.00,IDR,1,2025-12-31T17:00:00.000Z,,,,medium,active,a0000000-0000-0000-0000-000000000001,2026-07-29T14:41:05.939Z,2026-07-29T14:41:05.939Z,a0000000-0000-0000-0000-000000000001,2026-07-29T14:41:05.939Z,,
8d351818-fbdb-4ce7-add4-2f2d0cbaa0a0,1288f9b6-f9e2-4cad-b5d3-2377f31c622e,6200.00,IDR,1,2025-12-31T17:00:00.000Z,,,,medium,active,a0000000-0000-0000-0000-000000000001,2026-07-29T14:41:05.985Z,2026-07-29T14:41:05.985Z,a0000000-0000-0000-0000-000000000001,2026-07-29T14:41:05.985Z,,
6e059b58-bb76-40f3-a908-c03c3e87c2ee,172bafb8-7d8b-45c4-81d5-442e640cc297,61300.00,IDR,1,2025-12-31T17:00:00.000Z,,,,medium,active,a0000000-0000-0000-0000-000000000001,2026-07-29T14:41:06.026Z,2026-07-29T14:41:06.026Z,a0000000-0000-0000-0000-000000000001,2026-07-29T14:41:06.026Z,,
32affe4f-7b6d-482f-a6f3-9dfce8200d9e,a5798d3b-4d24-4c26-a1e0-7a2235ea9090,185000.00,IDR,1,2025-12-31T17:00:00.000Z,,,,medium,active,a0000000-0000-0000-0000-000000000001,2026-07-29T14:41:06.068Z,2026-07-29T14:41:06.068Z,a0000000-0000-0000-0000-000000000001,2026-07-29T14:41:06.068Z,,
5fba3657-b101-48a9-b0cb-3a35ec410505,5a04e28b-60f2-4c56-ae79-1d20120e7f49,95500.00,IDR,1,2025-12-31T17:00:00.000Z,,,,medium,active,a0000000-0000-0000-0000-000000000001,2026-07-29T14:41:06.110Z,2026-07-29T14:41:06.110Z,a0000000-0000-0000-0000-000000000001,2026-07-29T14:41:06.110Z,,
52fe6c3f-71b6-40e4-be18-a51fe2f635b1,048509e8-a1b4-4527-a36f-f56506e065cf,5500000.00,IDR,1,2025-12-31T17:00:00.000Z,,,,medium,active,a0000000-0000-0000-0000-000000000001,2026-07-29T14:41:06.152Z,2026-07-29T14:41:06.152Z,a0000000-0000-0000-0000-000000000001,2026-07-29T14:41:06.152Z,,
7336244b-1af4-42bb-b032-5f4c22a0cf1d,c149d424-074e-467b-bdef-eead75f61d2f,250000.00,IDR,1,2025-12-31T17:00:00.000Z,,,,medium,active,a0000000-0000-0000-0000-000000000001,2026-07-29T14:41:06.194Z,2026-07-29T14:41:06.194Z,a0000000-0000-0000-0000-000000000001,2026-07-29T14:41:06.194Z,,
c16f9b54-d486-43c5-a083-57362d2f3302,330e1a2e-1cab-4e9e-b2aa-60e3fd5e1ca0,829900.00,IDR,1,2025-12-31T17:00:00.000Z,,,,medium,active,a0000000-0000-0000-0000-000000000001,2026-07-29T14:41:06.236Z,2026-07-29T14:41:06.236Z,a0000000-0000-0000-0000-000000000001,2026-07-29T14:41:06.236Z,,
0091fcb1-84be-4459-b9b0-988fc9be2af8,cf4df203-3cd0-493b-91ec-e074c9fed8f4,75000.00,IDR,1,2025-12-31T17:00:00.000Z,,,,medium,active,a0000000-0000-0000-0000-000000000001,2026-07-29T14:41:06.279Z,2026-07-29T14:41:06.279Z,a0000000-0000-0000-0000-000000000001,2026-07-29T14:41:06.279Z,,
691c3abb-76ec-4122-ad72-88de77a758f7,3092d11d-ce95-4006-affe-dc1d924a3ad6,425000.00,IDR,1,2025-12-31T17:00:00.000Z,,,,medium,active,a0000000-0000-0000-0000-000000000001,2026-07-29T14:41:06.321Z,2026-07-29T14:41:06.321Z,a0000000-0000-0000-0000-000000000001,2026-07-29T14:41:06.321Z,,
cab0c6a8-29d0-4581-8d21-cb857ccd6ff8,c8ec4e7f-03ff-492b-b544-c383c38b1a12,476900.00,IDR,1,2025-12-31T17:00:00.000Z,,,,medium,active,a0000000-0000-0000-0000-000000000001,2026-07-29T14:41:06.362Z,2026-07-29T14:41:06.362Z,a0000000-0000-0000-0000-000000000001,2026-07-29T14:41:06.362Z,,
1dc47d89-43d5-4f80-90e6-bea28a4a7fde,1d57236c-4c0f-4991-9209-70409f8a5d7e,550.00,IDR,1,2025-12-31T17:00:00.000Z,,,,medium,active,a0000000-0000-0000-0000-000000000001,2026-07-29T14:41:06.404Z,2026-07-29T14:41:06.404Z,a0000000-0000-0000-0000-000000000001,2026-07-29T14:41:06.404Z,,
ed723260-8261-4d38-b131-0488bd75405a,7fdd0cb1-93fe-4081-9add-735a02c025cd,100000.00,IDR,1,2025-12-31T17:00:00.000Z,,,,medium,active,a0000000-0000-0000-0000-000000000001,2026-07-29T14:41:06.446Z,2026-07-29T14:41:06.446Z,a0000000-0000-0000-0000-000000000001,2026-07-29T14:41:06.446Z,,
a042c39e-1bff-468f-8557-03bc47009efc,c8c27555-fcab-4909-ad35-1bbe38d2103b,3400000.00,IDR,1,2025-12-31T17:00:00.000Z,,,,medium,active,a0000000-0000-0000-0000-000000000001,2026-07-29T14:41:06.488Z,2026-07-29T14:41:06.488Z,a0000000-0000-0000-0000-000000000001,2026-07-29T14:41:06.488Z,,
77b3446b-71d9-49c9-81e0-4bdf4e312841,3262d8b3-1748-4244-b401-1c27ab244056,92000.00,IDR,1,2025-12-31T17:00:00.000Z,,,,medium,active,a0000000-0000-0000-0000-000000000001,2026-07-29T14:41:06.530Z,2026-07-29T14:41:06.530Z,a0000000-0000-0000-0000-000000000001,2026-07-29T14:41:06.530Z,,
57fffc1d-956c-425e-a8f8-b0ddece587ff,5ee4e036-8771-4e69-84e1-7d27c9d38f5b,16800.00,IDR,1,2025-12-31T17:00:00.000Z,,,,medium,active,a0000000-0000-0000-0000-000000000001,2026-07-29T14:41:06.571Z,2026-07-29T14:41:06.571Z,a0000000-0000-0000-0000-000000000001,2026-07-29T14:41:06.571Z,,
f9fe86da-2d0a-4ead-8df7-6bbcebabda43,cace03ba-ea0e-420f-bfc7-7763318ba4af,153000.00,IDR,1,2025-12-31T17:00:00.000Z,,,,medium,active,a0000000-0000-0000-0000-000000000001,2026-07-29T14:41:06.613Z,2026-07-29T14:41:06.613Z,a0000000-0000-0000-0000-000000000001,2026-07-29T14:41:06.613Z,,
95b9431e-5f0a-46e0-9f67-b9c06fe048f2,89dcd9b5-c3d9-40c4-be5e-8eeb9bc627e3,34300.00,IDR,1,2025-12-31T17:00:00.000Z,,,,medium,active,a0000000-0000-0000-0000-000000000001,2026-07-29T14:41:06.656Z,2026-07-29T14:41:06.656Z,a0000000-0000-0000-0000-000000000001,2026-07-29T14:41:06.656Z,,
952b14c4-22fa-4b3d-8867-c1337296d77d,41f45f82-ae91-4545-8b47-70c194f61d3d,810000.00,IDR,1,2025-12-31T17:00:00.000Z,,,,medium,active,a0000000-0000-0000-0000-000000000001,2026-07-29T14:41:06.697Z,2026-07-29T14:41:06.697Z,a0000000-0000-0000-0000-000000000001,2026-07-29T14:41:06.697Z,,
399fe9d4-2630-4d3f-8826-ceeeac370502,0bb24918-cea4-4f81-82f4-f51fefa8cc31,196500.00,IDR,1,2025-12-31T17:00:00.000Z,,,,medium,active,a0000000-0000-0000-0000-000000000001,2026-07-29T14:41:06.739Z,2026-07-29T14:41:06.739Z,a0000000-0000-0000-0000-000000000001,2026-07-29T14:41:06.739Z,,
27057c00-05f2-4195-bf61-ce08952cd6fa,6b996549-9a4e-4447-944e-e50efb6c1c47,570000.00,IDR,1,2025-12-31T17:00:00.000Z,,,,medium,active,a0000000-0000-0000-0000-000000000001,2026-07-29T14:41:06.781Z,2026-07-29T14:41:06.781Z,a0000000-0000-0000-0000-000000000001,2026-07-29T14:41:06.781Z,,
675ef245-3650-4897-a685-10ab9e3c0d27,f0123f5c-0b4b-4086-948a-b336274640dd,350000.00,IDR,1,2025-12-31T17:00:00.000Z,,,,medium,active,a0000000-0000-0000-0000-000000000001,2026-07-29T14:41:06.824Z,2026-07-29T14:41:06.824Z,a0000000-0000-0000-0000-000000000001,2026-07-29T14:41:06.824Z,,
b09c5e2a-e80f-4258-ae6e-bc8d68e851f5,38477fda-7cd0-4b16-87d8-4d5c8c5cb32c,30000.00,IDR,1,2025-12-31T17:00:00.000Z,,,,medium,active,a0000000-0000-0000-0000-000000000001,2026-07-29T14:41:06.865Z,2026-07-29T14:41:06.865Z,a0000000-0000-0000-0000-000000000001,2026-07-29T14:41:06.865Z,,
b36802a6-5990-4edd-a123-4c223cf3f5b2,7ce312d1-1f8b-4f17-8985-ceed30e8b9f1,8400.00,IDR,1,2025-12-31T17:00:00.000Z,,,,medium,active,a0000000-0000-0000-0000-000000000001,2026-07-29T14:41:06.908Z,2026-07-29T14:41:06.908Z,a0000000-0000-0000-0000-000000000001,2026-07-29T14:41:06.908Z,,
3019193d-0910-40b3-88a7-5c9f1ca0789e,8f3f6302-2a7f-4f62-99eb-0f5005029163,145000.00,IDR,1,2025-12-31T17:00:00.000Z,,,,medium,active,a0000000-0000-0000-0000-000000000001,2026-07-29T14:41:06.949Z,2026-07-29T14:41:06.949Z,a0000000-0000-0000-0000-000000000001,2026-07-29T14:41:06.949Z,,
139d2893-e28c-4cc3-b66a-70d41cf32717,d8c5ebec-e3c9-4cf5-ba96-fe6238699da8,145000.00,IDR,1,2025-12-31T17:00:00.000Z,,,,medium,active,a0000000-0000-0000-0000-000000000001,2026-07-29T14:41:06.991Z,2026-07-29T14:41:06.991Z,a0000000-0000-0000-0000-000000000001,2026-07-29T14:41:06.991Z,,
f2c89d12-ba4b-44a8-a938-ae78acd53e24,ec69231d-3ca1-4063-8fa8-26fefd1d6fe1,20825.00,IDR,1,2025-12-31T17:00:00.000Z,,,,medium,active,a0000000-0000-0000-0000-000000000001,2026-07-29T14:41:07.033Z,2026-07-29T14:41:07.033Z,a0000000-0000-0000-0000-000000000001,2026-07-29T14:41:07.033Z,,
0229dbb6-554e-4926-991b-21808d8998e2,fce71c60-dd92-4bce-b6f0-c64b53e63b52,1921500.00,IDR,1,2025-12-31T17:00:00.000Z,,,,medium,active,a0000000-0000-0000-0000-000000000001,2026-07-29T14:41:07.075Z,2026-07-29T14:41:07.075Z,a0000000-0000-0000-0000-000000000001,2026-07-29T14:41:07.075Z,,
001f823e-9016-40f9-86a5-bb253894384c,25468c2a-1e29-4669-bf1d-c27a2320a595,5000.00,IDR,1,2025-12-31T17:00:00.000Z,,,,medium,active,a0000000-0000-0000-0000-000000000001,2026-07-29T14:41:07.117Z,2026-07-29T14:41:07.117Z,a0000000-0000-0000-0000-000000000001,2026-07-29T14:41:07.117Z,,
608603c5-8f41-498f-85c4-5687c8eb0af0,a236d347-5fe1-4774-bd21-b8c6aa189513,20000.00,IDR,1,2025-12-31T17:00:00.000Z,,,,medium,active,a0000000-0000-0000-0000-000000000001,2026-07-29T14:41:07.160Z,2026-07-29T14:41:07.160Z,a0000000-0000-0000-0000-000000000001,2026-07-29T14:41:07.160Z,,
5370f215-4910-4fde-8d4a-9750e48e5a41,a7327024-6224-4731-be0d-b42ad6f1aa82,1083000.00,IDR,1,2025-12-31T17:00:00.000Z,,,,medium,active,a0000000-0000-0000-0000-000000000001,2026-07-29T14:41:07.202Z,2026-07-29T14:41:07.202Z,a0000000-0000-0000-0000-000000000001,2026-07-29T14:41:07.202Z,,
f4af3a4c-8a7f-4016-b793-cd3422f4175d,48140fac-94e7-4862-b7fe-28aca3ba1d15,150000.00,IDR,1,2025-12-31T17:00:00.000Z,,,,medium,active,a0000000-0000-0000-0000-000000000001,2026-07-29T14:41:07.244Z,2026-07-29T14:41:07.244Z,a0000000-0000-0000-0000-000000000001,2026-07-29T14:41:07.244Z,,
334e2b77-3398-4059-927e-3b79bae7fc92,771842fb-a6ac-4a02-bb74-01176a7a8606,3200.00,IDR,1,2025-12-31T17:00:00.000Z,,,,medium,active,a0000000-0000-0000-0000-000000000001,2026-07-29T14:41:07.286Z,2026-07-29T14:41:07.286Z,a0000000-0000-0000-0000-000000000001,2026-07-29T14:41:07.286Z,,
e566411a-9402-4cf6-97ec-789e32b9d40f,e3705537-2e13-48cd-82d4-956aa3e9defd,108000.00,IDR,1,2025-12-31T17:00:00.000Z,,,,medium,active,a0000000-0000-0000-0000-000000000001,2026-07-29T14:41:07.328Z,2026-07-29T14:41:07.328Z,a0000000-0000-0000-0000-000000000001,2026-07-29T14:41:07.328Z,,
cb739a8f-83b1-41d0-9773-0bb88a809603,cd55ed9c-4e49-4d3e-b1c4-6149792ba076,130000.00,IDR,1,2025-12-31T17:00:00.000Z,,,,medium,active,a0000000-0000-0000-0000-000000000001,2026-07-29T14:41:07.369Z,2026-07-29T14:41:07.369Z,a0000000-0000-0000-0000-000000000001,2026-07-29T14:41:07.369Z,,
8376d068-28d1-4980-b0ed-455f3261f79f,a76c0ee8-184f-48cb-a04a-df69a3f01cd3,1000000.00,IDR,1,2025-12-31T17:00:00.000Z,,,,medium,active,a0000000-0000-0000-0000-000000000001,2026-07-29T14:41:07.411Z,2026-07-29T14:41:07.411Z,a0000000-0000-0000-0000-000000000001,2026-07-29T14:41:07.411Z,,
faf90f65-5dfa-405a-a0ff-b491a8f3a44b,84edb789-68ee-4c10-9baa-c0ff069360a0,77000.00,IDR,1,2025-12-31T17:00:00.000Z,,,,medium,active,a0000000-0000-0000-0000-000000000001,2026-07-29T14:41:07.453Z,2026-07-29T14:41:07.453Z,a0000000-0000-0000-0000-000000000001,2026-07-29T14:41:07.453Z,,
23b6dbfb-6dce-412c-91ba-1fe7c847a427,1c126d06-881b-4a6c-b21b-4b2eef028d58,200000.00,IDR,1,2025-12-31T17:00:00.000Z,,,,medium,active,a0000000-0000-0000-0000-000000000001,2026-07-29T14:41:07.495Z,2026-07-29T14:41:07.495Z,a0000000-0000-0000-0000-000000000001,2026-07-29T14:41:07.495Z,,
b873da5f-b60b-4728-9420-164bb95f21c4,e739284d-7a46-4b83-b361-2f9577352302,85000.00,IDR,1,2025-12-31T17:00:00.000Z,,,,medium,active,a0000000-0000-0000-0000-000000000001,2026-07-29T14:41:07.537Z,2026-07-29T14:41:07.537Z,a0000000-0000-0000-0000-000000000001,2026-07-29T14:41:07.537Z,,
155f9f19-8c18-448e-9708-3954d529a8ab,22e3f325-697b-4814-9070-f77311f5890c,550.00,IDR,1,2025-12-31T17:00:00.000Z,,,,medium,active,a0000000-0000-0000-0000-000000000001,2026-07-29T14:41:07.579Z,2026-07-29T14:41:07.579Z,a0000000-0000-0000-0000-000000000001,2026-07-29T14:41:07.579Z,,
a6118d3e-7bbd-4188-b13e-17ff6c38726a,02dc71b7-b078-42a2-8f7a-2bddd9f835b7,360000.00,IDR,1,2025-12-31T17:00:00.000Z,,,,medium,active,a0000000-0000-0000-0000-000000000001,2026-07-29T14:41:07.621Z,2026-07-29T14:41:07.621Z,a0000000-0000-0000-0000-000000000001,2026-07-29T14:41:07.621Z,,
f7526143-8000-4876-87f5-c3744e4918e9,6eb866ba-65d7-45e1-b851-7b8816b60232,190000.00,IDR,1,2025-12-31T17:00:00.000Z,,,,medium,active,a0000000-0000-0000-0000-000000000001,2026-07-29T14:41:07.663Z,2026-07-29T14:41:07.663Z,a0000000-0000-0000-0000-000000000001,2026-07-29T14:41:07.663Z,,
4a9de072-914a-4683-803a-c513f4daaaff,bf42b85f-2675-426b-bed8-82f503b94ff9,966300.00,IDR,1,2025-12-31T17:00:00.000Z,,,,medium,active,a0000000-0000-0000-0000-000000000001,2026-07-29T14:41:07.704Z,2026-07-29T14:41:07.704Z,a0000000-0000-0000-0000-000000000001,2026-07-29T14:41:07.704Z,,
c1633bb5-4f60-449f-a377-bf0f34970e1f,961ec903-82c5-4311-809c-d6cac2df2185,1086000.00,IDR,1,2025-12-31T17:00:00.000Z,,,,medium,active,a0000000-0000-0000-0000-000000000001,2026-07-29T14:41:07.747Z,2026-07-29T14:41:07.747Z,a0000000-0000-0000-0000-000000000001,2026-07-29T14:41:07.747Z,,
79d4e3fb-e57a-4c20-8404-9c9575ea6b46,d499af95-27e4-4a29-901b-87cfe0dc1c0a,58500.00,IDR,1,2025-12-31T17:00:00.000Z,,,,medium,active,a0000000-0000-0000-0000-000000000001,2026-07-29T14:41:07.790Z,2026-07-29T14:41:07.790Z,a0000000-0000-0000-0000-000000000001,2026-07-29T14:41:07.790Z,,
9b2644f0-7edc-444c-b187-7c7c3ac4f2c6,b07949e0-b41b-4318-b8f3-e7befd1d8bbc,1500.00,IDR,1,2025-12-31T17:00:00.000Z,,,,medium,active,a0000000-0000-0000-0000-000000000001,2026-07-29T14:41:07.832Z,2026-07-29T14:41:07.832Z,a0000000-0000-0000-0000-000000000001,2026-07-29T14:41:07.832Z,,
84e82263-0b69-4363-8d00-4a89c3800049,aee5fe84-349a-41d7-bae5-2e708c793d0b,4000.00,IDR,1,2025-12-31T17:00:00.000Z,,,,medium,active,a0000000-0000-0000-0000-000000000001,2026-07-29T14:41:07.875Z,2026-07-29T14:41:07.875Z,a0000000-0000-0000-0000-000000000001,2026-07-29T14:41:07.875Z,,
c5b094f2-399a-4728-a5a8-86f1428ac159,5f016a37-12e3-4fef-9985-ca54692d9564,300000.00,IDR,1,2025-12-31T17:00:00.000Z,,,,medium,active,a0000000-0000-0000-0000-000000000001,2026-07-29T14:41:07.917Z,2026-07-29T14:41:07.917Z,a0000000-0000-0000-0000-000000000001,2026-07-29T14:41:07.917Z,,
99f0174e-310b-49a0-ac13-d2e77035eada,526371e1-fff4-4088-b646-b25dac997a0f,67900.00,IDR,1,2025-12-31T17:00:00.000Z,,,,medium,active,a0000000-0000-0000-0000-000000000001,2026-07-29T14:41:07.959Z,2026-07-29T14:41:07.959Z,a0000000-0000-0000-0000-000000000001,2026-07-29T14:41:07.959Z,,
0231cdec-3582-4aa2-8677-ba268ba38d27,92982904-9dce-4fed-baf1-6f51196f62cd,1214300.00,IDR,1,2025-12-31T17:00:00.000Z,,,,medium,active,a0000000-0000-0000-0000-000000000001,2026-07-29T14:41:08.002Z,2026-07-29T14:41:08.002Z,a0000000-0000-0000-0000-000000000001,2026-07-29T14:41:08.002Z,,
c5c89b1c-b146-47e3-92f2-9094b64ad3c8,35cea9dc-22d9-4e79-aba2-88505f409943,36750.00,IDR,1,2025-12-31T17:00:00.000Z,,,,medium,active,a0000000-0000-0000-0000-000000000001,2026-07-29T14:41:08.043Z,2026-07-29T14:41:08.043Z,a0000000-0000-0000-0000-000000000001,2026-07-29T14:41:08.043Z,,
86198a1f-db7a-42a1-965f-f39351c2fff9,0fda5328-b6f5-47df-af99-b8fddae2f273,1.00,IDR,1,2025-12-31T17:00:00.000Z,,,,medium,active,a0000000-0000-0000-0000-000000000001,2026-07-29T14:41:08.086Z,2026-07-29T14:41:08.086Z,a0000000-0000-0000-0000-000000000001,2026-07-29T14:41:08.086Z,,
ddd62782-67b9-4f8f-99c1-69d4e08944e2,28aca49a-4c8c-4adc-a6f2-e7f23562ade8,10000.00,IDR,1,2025-12-31T17:00:00.000Z,,,,medium,active,a0000000-0000-0000-0000-000000000001,2026-07-29T14:41:08.128Z,2026-07-29T14:41:08.128Z,a0000000-0000-0000-0000-000000000001,2026-07-29T14:41:08.128Z,,
36e7cd22-aff6-4280-8636-3e0f3176b38e,2bb4e02a-f7be-419c-9b21-73c10d642617,416.00,IDR,1,2025-12-31T17:00:00.000Z,,,,medium,active,a0000000-0000-0000-0000-000000000001,2026-07-29T14:41:08.170Z,2026-07-29T14:41:08.170Z,a0000000-0000-0000-0000-000000000001,2026-07-29T14:41:08.170Z,,
1fd9367a-b6a6-4197-96a4-13feefd9b8b9,c77825d3-1bd7-4311-aed1-b184689268b0,255000.00,IDR,1,2025-12-31T17:00:00.000Z,,,,medium,active,a0000000-0000-0000-0000-000000000001,2026-07-29T14:41:08.212Z,2026-07-29T14:41:08.212Z,a0000000-0000-0000-0000-000000000001,2026-07-29T14:41:08.212Z,,
624f0039-a090-4915-9ba8-bf988f4fad1a,4dfddafd-301a-4e81-9451-02fb7c21a71e,67900.00,IDR,1,2025-12-31T17:00:00.000Z,,,,medium,active,a0000000-0000-0000-0000-000000000001,2026-07-29T14:41:08.254Z,2026-07-29T14:41:08.254Z,a0000000-0000-0000-0000-000000000001,2026-07-29T14:41:08.254Z,,
a0c81ecf-dcbf-468c-9516-59236b6a0824,0fbeea4b-2360-44eb-9995-136159076b3f,19448.00,IDR,1,2025-12-31T17:00:00.000Z,,,,medium,active,a0000000-0000-0000-0000-000000000001,2026-07-29T14:41:08.297Z,2026-07-29T14:41:08.297Z,a0000000-0000-0000-0000-000000000001,2026-07-29T14:41:08.297Z,,
0113497c-a22d-44c0-8e2b-f028e7365d0f,a5611e2a-e866-47ef-b946-d49ac4fafb04,415500.00,IDR,1,2025-12-31T17:00:00.000Z,,,,medium,active,a0000000-0000-0000-0000-000000000001,2026-07-29T14:41:08.338Z,2026-07-29T14:41:08.338Z,a0000000-0000-0000-0000-000000000001,2026-07-29T14:41:08.338Z,,
9d320130-56f2-419f-801e-e4e5260f39f6,6da27c56-a699-4bea-a45a-3af1477a3728,4000000.00,IDR,1,2025-12-31T17:00:00.000Z,,,,medium,active,a0000000-0000-0000-0000-000000000001,2026-07-29T14:41:08.380Z,2026-07-29T14:41:08.380Z,a0000000-0000-0000-0000-000000000001,2026-07-29T14:41:08.380Z,,
436b0508-b016-4150-980a-0bc6786c5add,00d74e48-7d90-47db-9f99-14898880cd3f,166000.00,IDR,1,2025-12-31T17:00:00.000Z,,,,medium,active,a0000000-0000-0000-0000-000000000001,2026-07-29T14:41:08.422Z,2026-07-29T14:41:08.422Z,a0000000-0000-0000-0000-000000000001,2026-07-29T14:41:08.422Z,,
c4a56240-4c59-4345-9cfd-3dbe387982af,4c091f6c-68ed-4b67-9ffc-d631c857f793,5000.00,IDR,1,2025-12-31T17:00:00.000Z,,,,medium,active,a0000000-0000-0000-0000-000000000001,2026-07-29T14:41:08.464Z,2026-07-29T14:41:08.464Z,a0000000-0000-0000-0000-000000000001,2026-07-29T14:41:08.464Z,,
44d0ad22-669c-4d23-b915-fdd150585c66,db889997-7b65-4ec9-9ee4-5c7403d2fafb,600000.00,IDR,1,2025-12-31T17:00:00.000Z,,,,medium,active,a0000000-0000-0000-0000-000000000001,2026-07-29T14:41:08.506Z,2026-07-29T14:41:08.506Z,a0000000-0000-0000-0000-000000000001,2026-07-29T14:41:08.506Z,,
568ace09-353a-44f6-b91d-131a75dbd384,93abc265-4b1a-459e-aab1-92b3fc92284d,6000.00,IDR,1,2025-12-31T17:00:00.000Z,,,,medium,active,a0000000-0000-0000-0000-000000000001,2026-07-29T14:41:08.548Z,2026-07-29T14:41:08.548Z,a0000000-0000-0000-0000-000000000001,2026-07-29T14:41:08.548Z,,
d5a200b5-2dea-4018-968f-79c89cbd8105,1380d6cd-ebc1-4c5b-83ae-9451476b1029,350000.00,IDR,1,2025-12-31T17:00:00.000Z,,,,medium,active,a0000000-0000-0000-0000-000000000001,2026-07-29T14:41:08.591Z,2026-07-29T14:41:08.591Z,a0000000-0000-0000-0000-000000000001,2026-07-29T14:41:08.591Z,,
469b1f9f-1dd7-45fe-9b54-d6420f8d4539,2dc8555d-9f96-4f3b-86d6-3c7b94763778,796100.00,IDR,1,2025-12-31T17:00:00.000Z,,,,medium,active,a0000000-0000-0000-0000-000000000001,2026-07-29T14:41:08.633Z,2026-07-29T14:41:08.633Z,a0000000-0000-0000-0000-000000000001,2026-07-29T14:41:08.633Z,,
d1ddafbf-3138-4cba-918a-afafc04a2c3f,485402d5-ed3e-4fbe-ae68-21045d0e7aef,85000.00,IDR,1,2025-12-31T17:00:00.000Z,,,,medium,active,a0000000-0000-0000-0000-000000000001,2026-07-29T14:41:08.675Z,2026-07-29T14:41:08.675Z,a0000000-0000-0000-0000-000000000001,2026-07-29T14:41:08.675Z,,
789ea4ba-894e-48ff-a923-1b30c931636c,39eec952-2b6f-4cfe-a3b5-4e0ac1fc602b,18000.00,IDR,1,2025-12-31T17:00:00.000Z,,,,medium,active,a0000000-0000-0000-0000-000000000001,2026-07-29T14:41:08.716Z,2026-07-29T14:41:08.716Z,a0000000-0000-0000-0000-000000000001,2026-07-29T14:41:08.716Z,,
b0c3763f-5ae9-4bf1-9103-cf706600caba,a7ca92ad-e4ac-4b32-9b8c-36c816604b8e,9000.00,IDR,1,2025-12-31T17:00:00.000Z,,,,medium,active,a0000000-0000-0000-0000-000000000001,2026-07-29T14:41:08.758Z,2026-07-29T14:41:08.758Z,a0000000-0000-0000-0000-000000000001,2026-07-29T14:41:08.758Z,,
8a3ee3ce-787f-4e26-ac4d-b5bf19a9dc72,e1552242-ee14-431b-a050-563335966391,13000.00,IDR,1,2025-12-31T17:00:00.000Z,,,,medium,active,a0000000-0000-0000-0000-000000000001,2026-07-29T14:41:08.800Z,2026-07-29T14:41:08.800Z,a0000000-0000-0000-0000-000000000001,2026-07-29T14:41:08.800Z,,
17d686b0-113b-4650-8fc1-b53d6d03e06d,bd179bb3-7d4e-49e6-9e3d-800bcd55ec0e,85000.00,IDR,1,2025-12-31T17:00:00.000Z,,,,medium,active,a0000000-0000-0000-0000-000000000001,2026-07-29T14:41:08.843Z,2026-07-29T14:41:08.843Z,a0000000-0000-0000-0000-000000000001,2026-07-29T14:41:08.843Z,,
70dae078-8998-45dc-a689-c4d18b2b11e5,3c2e8df5-1491-48d1-ae06-3cd7791f4bbd,145000.00,IDR,1,2025-12-31T17:00:00.000Z,,,,medium,active,a0000000-0000-0000-0000-000000000001,2026-07-29T14:41:08.884Z,2026-07-29T14:41:08.884Z,a0000000-0000-0000-0000-000000000001,2026-07-29T14:41:08.884Z,,
30b2bc15-4232-4ab8-8dff-a0e5086b62a3,09e643ac-d065-4cff-9f68-fc0e2e69fbdf,1500000.00,IDR,1,2025-12-31T17:00:00.000Z,,,,medium,active,a0000000-0000-0000-0000-000000000001,2026-07-29T14:41:08.926Z,2026-07-29T14:41:08.926Z,a0000000-0000-0000-0000-000000000001,2026-07-29T14:41:08.926Z,,
b9e5bc14-003f-49ba-b3e2-00f2703da019,cc5561a4-4b8f-43dc-8cc5-df9c9de60337,850000.00,IDR,1,2025-12-31T17:00:00.000Z,,,,medium,active,a0000000-0000-0000-0000-000000000001,2026-07-29T14:41:08.968Z,2026-07-29T14:41:08.968Z,a0000000-0000-0000-0000-000000000001,2026-07-29T14:41:08.968Z,,
da67a2bf-9c90-4db8-9556-fe00bd6e0fae,40fb28e5-867d-4098-a89f-16ef8c270be3,136100.00,IDR,1,2025-12-31T17:00:00.000Z,,,,medium,active,a0000000-0000-0000-0000-000000000001,2026-07-29T14:41:09.010Z,2026-07-29T14:41:09.010Z,a0000000-0000-0000-0000-000000000001,2026-07-29T14:41:09.010Z,,
ca33ecf8-04b6-4795-9595-0f1c7e5a702a,291763b6-8d97-448a-b0e9-edc5178377f6,6000.00,IDR,1,2025-12-31T17:00:00.000Z,,,,medium,active,a0000000-0000-0000-0000-000000000001,2026-07-29T14:41:09.052Z,2026-07-29T14:41:09.052Z,a0000000-0000-0000-0000-000000000001,2026-07-29T14:41:09.052Z,,
96d71b7e-2381-410a-936b-9334d6ec7fc8,db1e855a-5e52-47b8-a063-084fb420b87f,80000.00,IDR,1,2025-12-31T17:00:00.000Z,,,,medium,active,a0000000-0000-0000-0000-000000000001,2026-07-29T14:41:09.095Z,2026-07-29T14:41:09.095Z,a0000000-0000-0000-0000-000000000001,2026-07-29T14:41:09.095Z,,
888d5b40-16a9-411e-89d1-7b8190db7612,1a3f20d1-5947-4523-8fee-a196be051785,67900.00,IDR,1,2025-12-31T17:00:00.000Z,,,,medium,active,a0000000-0000-0000-0000-000000000001,2026-07-29T14:41:09.137Z,2026-07-29T14:41:09.137Z,a0000000-0000-0000-0000-000000000001,2026-07-29T14:41:09.137Z,,
6ce28b2b-2760-464d-8c9b-4855c59395c4,0b97d86a-0621-4099-9d92-5d5a7cb406f2,30300000.00,IDR,1,2025-12-31T17:00:00.000Z,,,,medium,active,a0000000-0000-0000-0000-000000000001,2026-07-29T14:41:09.179Z,2026-07-29T14:41:09.179Z,a0000000-0000-0000-0000-000000000001,2026-07-29T14:41:09.179Z,,
816db113-7b43-472d-ba35-e56ef0859962,698eef99-f373-430e-9f8e-5957e9356262,2000000.00,IDR,1,2025-12-31T17:00:00.000Z,,,,medium,active,a0000000-0000-0000-0000-000000000001,2026-07-29T14:41:09.221Z,2026-07-29T14:41:09.221Z,a0000000-0000-0000-0000-000000000001,2026-07-29T14:41:09.221Z,,
4c9061ba-807e-4a7d-b024-301cd80c9775,75c63ea8-a4f7-487e-82a1-0675f54d6129,900000.00,IDR,1,2025-12-31T17:00:00.000Z,,,,medium,active,a0000000-0000-0000-0000-000000000001,2026-07-29T14:41:09.263Z,2026-07-29T14:41:09.263Z,a0000000-0000-0000-0000-000000000001,2026-07-29T14:41:09.263Z,,
4090e856-4d6d-4dc6-a8c9-336fa69578aa,359c5ec2-ec5d-43fc-b759-e864948f7811,1000000.00,IDR,1,2025-12-31T17:00:00.000Z,,,,medium,active,a0000000-0000-0000-0000-000000000001,2026-07-29T14:41:09.305Z,2026-07-29T14:41:09.305Z,a0000000-0000-0000-0000-000000000001,2026-07-29T14:41:09.305Z,,
8eb7dafd-a2a6-4e6e-a39d-89453e3d8e13,92594632-a985-4bb1-b565-49d16eb4bd14,2000.00,IDR,1,2025-12-31T17:00:00.000Z,,,,medium,active,a0000000-0000-0000-0000-000000000001,2026-07-29T14:41:09.347Z,2026-07-29T14:41:09.347Z,a0000000-0000-0000-0000-000000000001,2026-07-29T14:41:09.347Z,,
7109ba9c-9e67-4a06-b3c5-2dd0d579d749,b3351775-bb84-464f-b1ea-a55bc0c6a392,5000.00,IDR,1,2025-12-31T17:00:00.000Z,,,,medium,active,a0000000-0000-0000-0000-000000000001,2026-07-29T14:41:09.388Z,2026-07-29T14:41:09.388Z,a0000000-0000-0000-0000-000000000001,2026-07-29T14:41:09.388Z,,
faaf2fa2-3066-4a75-baab-037acec0ef8e,11ba927e-bd49-4c75-a8d8-b582aa159cd7,1500000.00,IDR,1,2025-12-31T17:00:00.000Z,,,,medium,active,a0000000-0000-0000-0000-000000000001,2026-07-29T14:41:09.430Z,2026-07-29T14:41:09.430Z,a0000000-0000-0000-0000-000000000001,2026-07-29T14:41:09.430Z,,
1e3c3f9f-31a7-4d05-bfe6-13549765414c,e120e586-313f-4b8c-8b1c-71cae99f5a07,502000.00,IDR,1,2025-12-31T17:00:00.000Z,,,,medium,active,a0000000-0000-0000-0000-000000000001,2026-07-29T14:41:09.472Z,2026-07-29T14:41:09.472Z,a0000000-0000-0000-0000-000000000001,2026-07-29T14:41:09.472Z,,
00c23c94-c917-48bb-b0e9-b13c8e239ab8,0c719f65-9937-46f7-805e-c8750b5d92f6,67900.00,IDR,1,2025-12-31T17:00:00.000Z,,,,medium,active,a0000000-0000-0000-0000-000000000001,2026-07-29T14:41:09.514Z,2026-07-29T14:41:09.514Z,a0000000-0000-0000-0000-000000000001,2026-07-29T14:41:09.514Z,,
74f5ded8-031b-4709-badd-68652fa19fc6,bdd5750f-4420-4f24-a04c-b7183691d8d9,21450.00,IDR,1,2025-12-31T17:00:00.000Z,,,,medium,active,a0000000-0000-0000-0000-000000000001,2026-07-29T14:41:09.556Z,2026-07-29T14:41:09.556Z,a0000000-0000-0000-0000-000000000001,2026-07-29T14:41:09.556Z,,
4fc07fd5-c449-4c0f-9791-4bc3b9f8273b,0da6f391-4f0e-472a-b573-f4be4f31cb93,500000.00,IDR,1,2025-12-31T17:00:00.000Z,,,,medium,active,a0000000-0000-0000-0000-000000000001,2026-07-29T14:41:09.598Z,2026-07-29T14:41:09.598Z,a0000000-0000-0000-0000-000000000001,2026-07-29T14:41:09.598Z,,
34e74e3b-1275-4d48-9075-ce3f906e30a3,dbe12fc6-843d-4d70-a9d0-53dc9db4d44a,3250000.00,IDR,1,2025-12-31T17:00:00.000Z,,,,medium,active,a0000000-0000-0000-0000-000000000001,2026-07-29T14:41:09.640Z,2026-07-29T14:41:09.640Z,a0000000-0000-0000-0000-000000000001,2026-07-29T14:41:09.640Z,,
e3811c0c-495c-438e-b854-29fe3cf76964,13afdcff-a0c7-4ea5-9b7a-124bef9f41f2,67900.00,IDR,1,2025-12-31T17:00:00.000Z,,,,medium,active,a0000000-0000-0000-0000-000000000001,2026-07-29T14:41:09.682Z,2026-07-29T14:41:09.682Z,a0000000-0000-0000-0000-000000000001,2026-07-29T14:41:09.682Z,,
13824fcc-4c5a-4c66-b747-380440339c78,95c6378b-ab77-4365-a762-fefad6f7e52a,130000.00,IDR,1,2025-12-31T17:00:00.000Z,,,,medium,active,a0000000-0000-0000-0000-000000000001,2026-07-29T14:41:09.724Z,2026-07-29T14:41:09.724Z,a0000000-0000-0000-0000-000000000001,2026-07-29T14:41:09.724Z,,
ed21364b-a64d-47df-be2c-051d570cc8c6,99348770-4790-4d84-b359-a64e9531b817,200000.00,IDR,1,2025-12-31T17:00:00.000Z,,,,medium,active,a0000000-0000-0000-0000-000000000001,2026-07-29T14:41:09.766Z,2026-07-29T14:41:09.766Z,a0000000-0000-0000-0000-000000000001,2026-07-29T14:41:09.766Z,,
6449ed5b-62c5-46b7-b0f8-d1ea111b93e9,2d7d04ed-78c6-4f24-8832-394674eaaec6,140000.00,IDR,1,2025-12-31T17:00:00.000Z,,,,medium,active,a0000000-0000-0000-0000-000000000001,2026-07-29T14:41:09.807Z,2026-07-29T14:41:09.807Z,a0000000-0000-0000-0000-000000000001,2026-07-29T14:41:09.807Z,,
6bd9638c-a5ca-495a-8a38-4cb39acde7d5,e68d28e5-76d3-4c06-bb23-634b3b865bc0,20000.00,IDR,1,2025-12-31T17:00:00.000Z,,,,medium,active,a0000000-0000-0000-0000-000000000001,2026-07-29T14:41:09.850Z,2026-07-29T14:41:09.850Z,a0000000-0000-0000-0000-000000000001,2026-07-29T14:41:09.850Z,,
1d3d4d70-940b-4b74-9c45-6dfe81e97759,f0fc6ec7-eede-4d35-aaa2-9646bdf50227,1.00,IDR,1,2025-12-31T17:00:00.000Z,,,,medium,active,a0000000-0000-0000-0000-000000000001,2026-07-29T14:41:09.892Z,2026-07-29T14:41:09.892Z,a0000000-0000-0000-0000-000000000001,2026-07-29T14:41:09.892Z,,
a5603cf0-a3ac-4bda-819b-4f17362f218d,e84a790f-23f4-446a-b94b-c51e87ef0717,4230900.00,IDR,1,2025-12-31T17:00:00.000Z,,,,medium,active,a0000000-0000-0000-0000-000000000001,2026-07-29T14:41:09.934Z,2026-07-29T14:41:09.934Z,a0000000-0000-0000-0000-000000000001,2026-07-29T14:41:09.934Z,,
8182bc5d-b828-4fba-94ce-5ba142eec1d2,3cb44e5b-a997-42a8-ac37-d9360b622109,128500.00,IDR,1,2025-12-31T17:00:00.000Z,,,,medium,active,a0000000-0000-0000-0000-000000000001,2026-07-29T14:41:09.976Z,2026-07-29T14:41:09.976Z,a0000000-0000-0000-0000-000000000001,2026-07-29T14:41:09.976Z,,
bec56c1d-b6a6-47e2-82ed-ed5962322a62,066c7a37-47fb-4be6-b829-af075a4729ca,2550900.00,IDR,1,2025-12-31T17:00:00.000Z,,,,medium,active,a0000000-0000-0000-0000-000000000001,2026-07-29T14:41:10.018Z,2026-07-29T14:41:10.018Z,a0000000-0000-0000-0000-000000000001,2026-07-29T14:41:10.018Z,,
d4295404-b71f-4de9-a44b-4e286628e30c,b8f2e4ba-e229-4c57-8ac4-873c233097cd,418000.00,IDR,1,2025-12-31T17:00:00.000Z,,,,medium,active,a0000000-0000-0000-0000-000000000001,2026-07-29T14:41:10.060Z,2026-07-29T14:41:10.060Z,a0000000-0000-0000-0000-000000000001,2026-07-29T14:41:10.060Z,,
e34c5a32-5218-4110-8d1c-226e180d7148,c80c41cd-b590-4573-99a6-81bb6c4c5eac,5200000.00,IDR,1,2025-12-31T17:00:00.000Z,,,,medium,active,a0000000-0000-0000-0000-000000000001,2026-07-29T14:41:10.102Z,2026-07-29T14:41:10.102Z,a0000000-0000-0000-0000-000000000001,2026-07-29T14:41:10.102Z,,
0652d110-daaf-412f-977b-d6b4f99b31f4,469af0bc-aaee-425f-b756-2b74fb97ffbe,50000.00,IDR,1,2025-12-31T17:00:00.000Z,,,,medium,active,a0000000-0000-0000-0000-000000000001,2026-07-29T14:41:10.144Z,2026-07-29T14:41:10.144Z,a0000000-0000-0000-0000-000000000001,2026-07-29T14:41:10.144Z,,
d7b859b5-5914-4de8-a2cd-2e4a4b7a904c,aacf77f0-fc1d-4713-9770-0d3c79544099,317000.00,IDR,1,2025-12-31T17:00:00.000Z,,,,medium,active,a0000000-0000-0000-0000-000000000001,2026-07-29T14:41:10.186Z,2026-07-29T14:41:10.186Z,a0000000-0000-0000-0000-000000000001,2026-07-29T14:41:10.186Z,,
ea72e371-7eba-41c6-af87-a13179972e35,12885e38-84dc-420f-ab26-3a21412eec66,67900.00,IDR,1,2025-12-31T17:00:00.000Z,,,,medium,active,a0000000-0000-0000-0000-000000000001,2026-07-29T14:41:10.228Z,2026-07-29T14:41:10.228Z,a0000000-0000-0000-0000-000000000001,2026-07-29T14:41:10.228Z,,
2d659787-32fd-4a9e-9950-191d5fd28a6d,8581dd1d-8221-4cd7-a97b-101ab8212ee0,1.00,IDR,1,2025-12-31T17:00:00.000Z,,,,medium,active,a0000000-0000-0000-0000-000000000001,2026-07-29T14:41:10.270Z,2026-07-29T14:41:10.270Z,a0000000-0000-0000-0000-000000000001,2026-07-29T14:41:10.270Z,,
77da55b3-a23c-42ee-8823-5ba2514a3897,72b12b40-902e-4236-952c-849fce31f2e7,175000.00,IDR,1,2025-12-31T17:00:00.000Z,,,,medium,active,a0000000-0000-0000-0000-000000000001,2026-07-29T14:41:10.312Z,2026-07-29T14:41:10.312Z,a0000000-0000-0000-0000-000000000001,2026-07-29T14:41:10.312Z,,
c00b7a9b-5e24-4ac9-9637-41df69e91e63,97ca18bb-c782-4718-9283-f707b63331eb,170000.00,IDR,1,2025-12-31T17:00:00.000Z,,,,medium,active,a0000000-0000-0000-0000-000000000001,2026-07-29T14:41:10.354Z,2026-07-29T14:41:10.354Z,a0000000-0000-0000-0000-000000000001,2026-07-29T14:41:10.354Z,,
15f7ff52-23f7-431c-be77-4dc686ff8529,8d2b9f5e-48ae-422e-ab56-314a3f704521,20000.00,IDR,1,2025-12-31T17:00:00.000Z,,,,medium,active,a0000000-0000-0000-0000-000000000001,2026-07-29T14:41:10.396Z,2026-07-29T14:41:10.396Z,a0000000-0000-0000-0000-000000000001,2026-07-29T14:41:10.396Z,,
e151f4a7-0290-47bd-9692-08d38696e68a,1c73e969-0640-41d1-a68a-6e358b2d398d,122700.00,IDR,1,2025-12-31T17:00:00.000Z,,,,medium,active,a0000000-0000-0000-0000-000000000001,2026-07-29T14:41:10.438Z,2026-07-29T14:41:10.438Z,a0000000-0000-0000-0000-000000000001,2026-07-29T14:41:10.438Z,,
6617c885-7b37-433e-b09c-f2c602e76b30,ac60d42d-f92a-4942-b49a-76ccbf03a89f,400000.00,IDR,1,2025-12-31T17:00:00.000Z,,,,medium,active,a0000000-0000-0000-0000-000000000001,2026-07-29T14:41:10.480Z,2026-07-29T14:41:10.480Z,a0000000-0000-0000-0000-000000000001,2026-07-29T14:41:10.480Z,,
17d6dbd0-f729-4c22-bd14-6b820190ba9c,0f2a3d25-0429-4b1e-beef-9b198961bf5c,144800.00,IDR,1,2025-12-31T17:00:00.000Z,,,,medium,active,a0000000-0000-0000-0000-000000000001,2026-07-29T14:41:10.522Z,2026-07-29T14:41:10.522Z,a0000000-0000-0000-0000-000000000001,2026-07-29T14:41:10.522Z,,
68992922-9730-4696-8503-5fa214429d87,89d9c647-abd8-4d71-a8a9-1e1bb5cbc513,18000.00,IDR,1,2025-12-31T17:00:00.000Z,,,,medium,active,a0000000-0000-0000-0000-000000000001,2026-07-29T14:41:10.565Z,2026-07-29T14:41:10.565Z,a0000000-0000-0000-0000-000000000001,2026-07-29T14:41:10.565Z,,
c5ce1b4f-c49a-4c5d-b717-3a9d8fef4ecf,5984361a-29dd-47fb-8564-1378dfdc46bb,350000.00,IDR,1,2025-12-31T17:00:00.000Z,,,,medium,active,a0000000-0000-0000-0000-000000000001,2026-07-29T14:41:10.606Z,2026-07-29T14:41:10.606Z,a0000000-0000-0000-0000-000000000001,2026-07-29T14:41:10.606Z,,
796f1564-090a-4f3f-8e23-1e6a7ca9be04,b26630c5-06ae-4236-828b-32aa7fadfe4c,530000.00,IDR,1,2025-12-31T17:00:00.000Z,,,,medium,active,a0000000-0000-0000-0000-000000000001,2026-07-29T14:41:10.648Z,2026-07-29T14:41:10.648Z,a0000000-0000-0000-0000-000000000001,2026-07-29T14:41:10.648Z,,
298fadda-82ba-4258-aa14-78f6db31e0fb,055830ac-2c4f-49f2-bdee-3dd2158d66e2,440000.00,IDR,1,2025-12-31T17:00:00.000Z,,,,medium,active,a0000000-0000-0000-0000-000000000001,2026-07-29T14:41:10.690Z,2026-07-29T14:41:10.690Z,a0000000-0000-0000-0000-000000000001,2026-07-29T14:41:10.690Z,,
bf4dac22-6a0c-4936-80e1-6e03d80cc5d7,635e947e-e9f1-4b1e-930b-cd488423ce9a,290000.00,IDR,1,2025-12-31T17:00:00.000Z,,,,medium,active,a0000000-0000-0000-0000-000000000001,2026-07-29T14:41:10.732Z,2026-07-29T14:41:10.732Z,a0000000-0000-0000-0000-000000000001,2026-07-29T14:41:10.732Z,,
7044442d-fd54-4e08-b053-96dea7aa8b09,0a044155-8993-40e6-bb26-943ce813fb44,225000.00,IDR,1,2025-12-31T17:00:00.000Z,,,,medium,active,a0000000-0000-0000-0000-000000000001,2026-07-29T14:41:10.774Z,2026-07-29T14:41:10.774Z,a0000000-0000-0000-0000-000000000001,2026-07-29T14:41:10.774Z,,
3231d930-236e-4d98-9666-4facc1742efa,3e6a752a-805e-4f25-88ba-bba33a9821ea,4900000.00,IDR,1,2025-12-31T17:00:00.000Z,,,,medium,active,a0000000-0000-0000-0000-000000000001,2026-07-29T14:41:10.815Z,2026-07-29T14:41:10.815Z,a0000000-0000-0000-0000-000000000001,2026-07-29T14:41:10.815Z,,
0e470fdb-50d1-461f-981b-adc32f474952,4b914039-69dd-4011-b3b5-11826d86c299,30000.00,IDR,1,2025-12-31T17:00:00.000Z,,,,medium,active,a0000000-0000-0000-0000-000000000001,2026-07-29T14:41:10.858Z,2026-07-29T14:41:10.858Z,a0000000-0000-0000-0000-000000000001,2026-07-29T14:41:10.858Z,,
56d97a3f-53ec-4b3c-9e5c-7798087e35f2,68583fe2-fe3e-4aa4-bf9a-480e3e96cb6a,200000.00,IDR,1,2025-12-31T17:00:00.000Z,,,,medium,active,a0000000-0000-0000-0000-000000000001,2026-07-29T14:41:10.900Z,2026-07-29T14:41:10.900Z,a0000000-0000-0000-0000-000000000001,2026-07-29T14:41:10.900Z,,
4c529d6e-eb25-41d9-a106-17fe12406b11,11996862-c247-4540-ab21-1cfb6ea8e4b4,300000.00,IDR,1,2025-12-31T17:00:00.000Z,,,,medium,active,a0000000-0000-0000-0000-000000000001,2026-07-29T14:41:10.943Z,2026-07-29T14:41:10.943Z,a0000000-0000-0000-0000-000000000001,2026-07-29T14:41:10.943Z,,
4b567a33-c280-4583-b49f-e4d7f322c851,082283e7-6c7e-49c3-a439-fdc1a97ff0fb,490000.00,IDR,1,2025-12-31T17:00:00.000Z,,,,medium,active,a0000000-0000-0000-0000-000000000001,2026-07-29T14:41:10.987Z,2026-07-29T14:41:10.987Z,a0000000-0000-0000-0000-000000000001,2026-07-29T14:41:10.987Z,,
5f854d90-c800-45c9-99ca-e25b05ce548b,673670e6-249f-4001-a0b4-dc9ca3099e59,987500.00,IDR,1,2025-12-31T17:00:00.000Z,,,,medium,active,a0000000-0000-0000-0000-000000000001,2026-07-29T14:41:11.030Z,2026-07-29T14:41:11.030Z,a0000000-0000-0000-0000-000000000001,2026-07-29T14:41:11.030Z,,
c6b76879-9994-4e60-857f-21af7113d084,34420779-3ee4-4e00-992e-01d84d6559ab,41700.00,IDR,1,2025-12-31T17:00:00.000Z,,,,medium,active,a0000000-0000-0000-0000-000000000001,2026-07-29T14:41:11.072Z,2026-07-29T14:41:11.072Z,a0000000-0000-0000-0000-000000000001,2026-07-29T14:41:11.072Z,,
5afa856d-337d-4471-a5d7-1b53b6cd8e47,6444fa77-91c0-4869-9a30-d86d04544619,70000.00,IDR,1,2025-12-31T17:00:00.000Z,,,,medium,active,a0000000-0000-0000-0000-000000000001,2026-07-29T14:41:11.114Z,2026-07-29T14:41:11.114Z,a0000000-0000-0000-0000-000000000001,2026-07-29T14:41:11.114Z,,
8623bec2-4139-453b-acb2-f189a6888873,803239e9-f80b-476b-a937-e378a886b4aa,29000.00,IDR,1,2025-12-31T17:00:00.000Z,,,,medium,active,a0000000-0000-0000-0000-000000000001,2026-07-29T14:41:11.156Z,2026-07-29T14:41:11.156Z,a0000000-0000-0000-0000-000000000001,2026-07-29T14:41:11.156Z,,
e98e2d86-d6f8-4dbd-80bd-bb5048f997a4,60e89b3c-0e3d-43c6-ae39-fef95c6b7b66,11950000.00,IDR,1,2025-12-31T17:00:00.000Z,,,,medium,active,a0000000-0000-0000-0000-000000000001,2026-07-29T14:41:11.197Z,2026-07-29T14:41:11.197Z,a0000000-0000-0000-0000-000000000001,2026-07-29T14:41:11.197Z,,
624697ef-0553-40e1-90da-2d4b35409b4e,51555cd9-35c6-4174-ba57-33fffb655ea1,70000.00,IDR,1,2025-12-31T17:00:00.000Z,,,,medium,active,a0000000-0000-0000-0000-000000000001,2026-07-29T14:41:11.239Z,2026-07-29T14:41:11.239Z,a0000000-0000-0000-0000-000000000001,2026-07-29T14:41:11.239Z,,
bc6711d1-cc44-4fc0-b531-a5fd9291a02e,237ac2c7-f7f4-49aa-8e31-2e6c30e33670,16000.00,IDR,1,2025-12-31T17:00:00.000Z,,,,medium,active,a0000000-0000-0000-0000-000000000001,2026-07-29T14:41:11.281Z,2026-07-29T14:41:11.281Z,a0000000-0000-0000-0000-000000000001,2026-07-29T14:41:11.281Z,,
e92b0ea1-97e6-4285-9d66-d3213c8220f2,35307d60-f1fa-4e9c-adef-b3b7ae9bbfe8,298.00,IDR,1,2025-12-31T17:00:00.000Z,,,,medium,active,a0000000-0000-0000-0000-000000000001,2026-07-29T14:41:11.322Z,2026-07-29T14:41:11.322Z,a0000000-0000-0000-0000-000000000001,2026-07-29T14:41:11.322Z,,
a6fa9271-c570-4958-876a-97c25c8dbfb4,cdffe16a-a31a-4d47-9d94-f0c397a4edfc,67900.00,IDR,1,2025-12-31T17:00:00.000Z,,,,medium,active,a0000000-0000-0000-0000-000000000001,2026-07-29T14:41:11.364Z,2026-07-29T14:41:11.364Z,a0000000-0000-0000-0000-000000000001,2026-07-29T14:41:11.364Z,,
6a6d284e-eb34-426e-86b9-66abdaba4b15,6dce6f03-b909-4928-8400-2c954e84aaf6,30090.00,IDR,1,2025-12-31T17:00:00.000Z,,,,medium,active,a0000000-0000-0000-0000-000000000001,2026-07-29T14:41:11.406Z,2026-07-29T14:41:11.406Z,a0000000-0000-0000-0000-000000000001,2026-07-29T14:41:11.406Z,,
f0f0fad4-2075-4d9a-b9fd-0bcb47a4d180,48c734e1-c1d2-401d-8988-fe1ac77c40fb,1.00,IDR,1,2025-12-31T17:00:00.000Z,,,,medium,active,a0000000-0000-0000-0000-000000000001,2026-07-29T14:41:11.448Z,2026-07-29T14:41:11.448Z,a0000000-0000-0000-0000-000000000001,2026-07-29T14:41:11.448Z,,
ca04c9e3-1c04-4b9e-a5aa-bb60529fc84a,6fa5177a-2328-4d82-9e83-05440e9e9bae,290000.00,IDR,1,2025-12-31T17:00:00.000Z,,,,medium,active,a0000000-0000-0000-0000-000000000001,2026-07-29T14:41:11.490Z,2026-07-29T14:41:11.490Z,a0000000-0000-0000-0000-000000000001,2026-07-29T14:41:11.490Z,,
26d05f9a-6829-48f2-a795-99faee4c7933,5c55521b-af58-4548-8dfb-92d699d7c9f8,67900.00,IDR,1,2025-12-31T17:00:00.000Z,,,,medium,active,a0000000-0000-0000-0000-000000000001,2026-07-29T14:41:11.531Z,2026-07-29T14:41:11.531Z,a0000000-0000-0000-0000-000000000001,2026-07-29T14:41:11.531Z,,
44d12db0-9b52-403e-a6d8-3f9dd99b3db2,88f5680b-f1b4-4de0-b6f8-3890c29483f1,18000.00,IDR,1,2025-12-31T17:00:00.000Z,,,,medium,active,a0000000-0000-0000-0000-000000000001,2026-07-29T14:41:11.573Z,2026-07-29T14:41:11.573Z,a0000000-0000-0000-0000-000000000001,2026-07-29T14:41:11.573Z,,
8c808ca4-52cd-455c-964d-ca65ff936288,2269c082-878e-480e-8997-30767fd89023,3500000.00,IDR,1,2025-12-31T17:00:00.000Z,,,,medium,active,a0000000-0000-0000-0000-000000000001,2026-07-29T14:41:11.615Z,2026-07-29T14:41:11.615Z,a0000000-0000-0000-0000-000000000001,2026-07-29T14:41:11.615Z,,
f0a59d67-51af-410f-8b99-0d560519d553,20905f91-2762-4a04-a448-c9a53f61e721,3000.00,IDR,1,2025-12-31T17:00:00.000Z,,,,medium,active,a0000000-0000-0000-0000-000000000001,2026-07-29T14:41:11.657Z,2026-07-29T14:41:11.657Z,a0000000-0000-0000-0000-000000000001,2026-07-29T14:41:11.657Z,,
38dd4b59-ccc2-437d-b87c-1d2a8cbfe484,b858cf02-4f07-4d9a-a368-060bcf16783b,370000.00,IDR,1,2025-12-31T17:00:00.000Z,,,,medium,active,a0000000-0000-0000-0000-000000000001,2026-07-29T14:41:11.699Z,2026-07-29T14:41:11.699Z,a0000000-0000-0000-0000-000000000001,2026-07-29T14:41:11.699Z,,
bac9834f-2f0c-41ac-acae-cb5699ec118b,0d683054-7a0d-4793-bc05-74272e59a238,10000.00,IDR,1,2025-12-31T17:00:00.000Z,,,,medium,active,a0000000-0000-0000-0000-000000000001,2026-07-29T14:41:11.741Z,2026-07-29T14:41:11.741Z,a0000000-0000-0000-0000-000000000001,2026-07-29T14:41:11.741Z,,
a656368b-49c6-4a0f-9465-74b1099f3a55,142ad351-61c1-42de-bd2e-a1de387f8706,120000.00,IDR,1,2025-12-31T17:00:00.000Z,,,,medium,active,a0000000-0000-0000-0000-000000000001,2026-07-29T14:41:11.783Z,2026-07-29T14:41:11.783Z,a0000000-0000-0000-0000-000000000001,2026-07-29T14:41:11.783Z,,
604bcb77-fa4e-4de6-a58f-88ff9e2db969,d73659c9-3dd9-4713-b87f-ae9373eabd03,5000.00,IDR,1,2025-12-31T17:00:00.000Z,,,,medium,active,a0000000-0000-0000-0000-000000000001,2026-07-29T14:41:11.825Z,2026-07-29T14:41:11.825Z,a0000000-0000-0000-0000-000000000001,2026-07-29T14:41:11.825Z,,
38d5fec8-9318-4c9f-8b41-baac7fa3b9bb,bd167a0b-b845-49d6-b734-3c0a5387d594,618000.00,IDR,1,2025-12-31T17:00:00.000Z,,,,medium,active,a0000000-0000-0000-0000-000000000001,2026-07-29T14:41:11.866Z,2026-07-29T14:41:11.866Z,a0000000-0000-0000-0000-000000000001,2026-07-29T14:41:11.866Z,,
eeb892b4-aa73-4487-bae6-560dee7038ae,dedb3bcb-b97b-4cf0-a713-4cabade15512,39700.00,IDR,1,2025-12-31T17:00:00.000Z,,,,medium,active,a0000000-0000-0000-0000-000000000001,2026-07-29T14:41:11.910Z,2026-07-29T14:41:11.910Z,a0000000-0000-0000-0000-000000000001,2026-07-29T14:41:11.910Z,,
b5834a73-e03b-4ad9-a050-50b74ff841e4,cefae567-1564-4d3c-b830-7db51e9ce63d,300300.00,IDR,1,2025-12-31T17:00:00.000Z,,,,medium,active,a0000000-0000-0000-0000-000000000001,2026-07-29T14:41:11.952Z,2026-07-29T14:41:11.952Z,a0000000-0000-0000-0000-000000000001,2026-07-29T14:41:11.952Z,,
d9ffb36d-281a-488e-9131-019cea94eaea,192898b0-b9a5-43a7-80ab-213c8427fb7e,890000.00,IDR,1,2025-12-31T17:00:00.000Z,,,,medium,active,a0000000-0000-0000-0000-000000000001,2026-07-29T14:41:11.994Z,2026-07-29T14:41:11.994Z,a0000000-0000-0000-0000-000000000001,2026-07-29T14:41:11.994Z,,
7114ed56-1f71-4aea-90fa-41826fb932cc,1e5806bd-a0cd-4f7e-b011-7667ebd7c126,887700.00,IDR,1,2025-12-31T17:00:00.000Z,,,,medium,active,a0000000-0000-0000-0000-000000000001,2026-07-29T14:41:12.036Z,2026-07-29T14:41:12.036Z,a0000000-0000-0000-0000-000000000001,2026-07-29T14:41:12.036Z,,
bed7c5c3-6244-456e-b0b4-de68f09f0d3f,a139252e-5b77-40be-8a9c-e4e91df183f3,2955000.00,IDR,1,2025-12-31T17:00:00.000Z,,,,medium,active,a0000000-0000-0000-0000-000000000001,2026-07-29T14:41:12.078Z,2026-07-29T14:41:12.078Z,a0000000-0000-0000-0000-000000000001,2026-07-29T14:41:12.078Z,,
b4931f3d-93e1-44bd-9069-6f02d22bdc91,2cdc0a58-5054-4fb5-8a8c-2c1efe26badd,2000.00,IDR,1,2025-12-31T17:00:00.000Z,,,,medium,active,a0000000-0000-0000-0000-000000000001,2026-07-29T14:41:12.120Z,2026-07-29T14:41:12.120Z,a0000000-0000-0000-0000-000000000001,2026-07-29T14:41:12.120Z,,
c21e7d6a-1101-414a-ac78-ef64547d4f57,f9a5a9b7-97cb-4e88-80b5-4be4cf40ffe5,15000.00,IDR,1,2025-12-31T17:00:00.000Z,,,,medium,active,a0000000-0000-0000-0000-000000000001,2026-07-29T14:41:12.162Z,2026-07-29T14:41:12.162Z,a0000000-0000-0000-0000-000000000001,2026-07-29T14:41:12.162Z,,
85f6a690-a5ed-4537-9410-dc51848b8458,3b23c927-6b8e-4fdc-811c-dcfb4c372d09,390000.00,IDR,1,2025-12-31T17:00:00.000Z,,,,medium,active,a0000000-0000-0000-0000-000000000001,2026-07-29T14:41:12.203Z,2026-07-29T14:41:12.203Z,a0000000-0000-0000-0000-000000000001,2026-07-29T14:41:12.203Z,,
0c2c1f90-073e-4fd1-b91a-9806c54058f8,84999c18-4461-4b6e-b254-899860249e55,140000.00,IDR,1,2025-12-31T17:00:00.000Z,,,,medium,active,a0000000-0000-0000-0000-000000000001,2026-07-29T14:41:12.245Z,2026-07-29T14:41:12.245Z,a0000000-0000-0000-0000-000000000001,2026-07-29T14:41:12.245Z,,
0d55adaa-5fc1-4be0-aaf6-78e0a5869677,d3a9416c-e2cb-40fa-9e0e-7a9ae977b823,350000.00,IDR,1,2025-12-31T17:00:00.000Z,,,,medium,active,a0000000-0000-0000-0000-000000000001,2026-07-29T14:41:12.287Z,2026-07-29T14:41:12.287Z,a0000000-0000-0000-0000-000000000001,2026-07-29T14:41:12.287Z,,
d17d1127-fcd5-44d1-9691-5de350f5d31d,6b2c67ea-ee1f-4501-b99c-b9e6c8af35c6,200000.00,IDR,1,2025-12-31T17:00:00.000Z,,,,medium,active,a0000000-0000-0000-0000-000000000001,2026-07-29T14:41:12.329Z,2026-07-29T14:41:12.329Z,a0000000-0000-0000-0000-000000000001,2026-07-29T14:41:12.329Z,,
a26b98af-0d29-43b1-bce4-fd02a93ee146,72cf045c-218b-472b-850d-5719a0a4c6b6,1.00,IDR,1,2025-12-31T17:00:00.000Z,,,,medium,active,a0000000-0000-0000-0000-000000000001,2026-07-29T14:41:12.371Z,2026-07-29T14:41:12.371Z,a0000000-0000-0000-0000-000000000001,2026-07-29T14:41:12.371Z,,
05810e6e-1284-4f9f-a9e0-e6d3f4a4c6f4,338eef70-6e9f-482e-9f68-3017e209260d,50000.00,IDR,1,2025-12-31T17:00:00.000Z,,,,medium,active,a0000000-0000-0000-0000-000000000001,2026-07-29T14:41:12.413Z,2026-07-29T14:41:12.413Z,a0000000-0000-0000-0000-000000000001,2026-07-29T14:41:12.413Z,,
20d3c8e3-860c-4f7b-b5e2-04c0ffaa8ab5,322de772-3432-42aa-a613-b6cb0d770211,200.00,IDR,1,2025-12-31T17:00:00.000Z,,,,medium,active,a0000000-0000-0000-0000-000000000001,2026-07-29T14:41:12.455Z,2026-07-29T14:41:12.455Z,a0000000-0000-0000-0000-000000000001,2026-07-29T14:41:12.455Z,,
dd8abda3-b3e9-4812-9e4f-7a5924880890,9d3b995c-c1ea-4419-b662-3e6416664054,26250000.00,IDR,1,2025-12-31T17:00:00.000Z,,,,medium,active,a0000000-0000-0000-0000-000000000001,2026-07-29T14:41:12.497Z,2026-07-29T14:41:12.497Z,a0000000-0000-0000-0000-000000000001,2026-07-29T14:41:12.497Z,,
96c50185-6cc9-4a9f-8047-315356f83174,b1cab776-540d-4b18-a87e-f6e6dd9e43ce,13700.00,IDR,1,2025-12-31T17:00:00.000Z,,,,medium,active,a0000000-0000-0000-0000-000000000001,2026-07-29T14:41:12.539Z,2026-07-29T14:41:12.539Z,a0000000-0000-0000-0000-000000000001,2026-07-29T14:41:12.539Z,,
f1f76edd-2621-4a0e-a034-1dd4fc357fe8,b27cc7cb-48e1-49c2-93f9-6bee67c9f24a,230880.00,IDR,1,2025-12-31T17:00:00.000Z,,,,medium,active,a0000000-0000-0000-0000-000000000001,2026-07-29T14:41:12.581Z,2026-07-29T14:41:12.581Z,a0000000-0000-0000-0000-000000000001,2026-07-29T14:41:12.581Z,,
f31deacc-a7ba-413c-b8b8-15322dcda2f3,02b36e7f-3b5c-406b-a499-710709f60693,84000000.00,IDR,1,2025-12-31T17:00:00.000Z,,,,medium,active,a0000000-0000-0000-0000-000000000001,2026-07-29T14:41:12.623Z,2026-07-29T14:41:12.623Z,a0000000-0000-0000-0000-000000000001,2026-07-29T14:41:12.623Z,,
880d8e5f-e289-4fc6-9fa7-2fef2e25774a,689f81e9-ea9d-4668-8d62-073edeb724ec,20000.00,IDR,1,2025-12-31T17:00:00.000Z,,,,medium,active,a0000000-0000-0000-0000-000000000001,2026-07-29T14:41:12.665Z,2026-07-29T14:41:12.665Z,a0000000-0000-0000-0000-000000000001,2026-07-29T14:41:12.665Z,,
a5308691-58ee-4692-901a-c33e4ec44b06,6bc41e5b-11ce-4369-ad88-3d2b12723e49,72000.00,IDR,1,2025-12-31T17:00:00.000Z,,,,medium,active,a0000000-0000-0000-0000-000000000001,2026-07-29T14:41:12.707Z,2026-07-29T14:41:12.707Z,a0000000-0000-0000-0000-000000000001,2026-07-29T14:41:12.707Z,,
b692224e-4465-492e-bdb8-ca984cd1839d,a7ef4217-217d-44f9-8bb2-70b4c1668cd6,100000.00,IDR,1,2025-12-31T17:00:00.000Z,,,,medium,active,a0000000-0000-0000-0000-000000000001,2026-07-29T14:41:12.748Z,2026-07-29T14:41:12.748Z,a0000000-0000-0000-0000-000000000001,2026-07-29T14:41:12.748Z,,
82528fa2-0aee-4950-85e4-e578fd98de2a,4b6e3d87-cabe-4658-af14-3894668d36f5,2000.00,IDR,1,2025-12-31T17:00:00.000Z,,,,medium,active,a0000000-0000-0000-0000-000000000001,2026-07-29T14:41:12.791Z,2026-07-29T14:41:12.791Z,a0000000-0000-0000-0000-000000000001,2026-07-29T14:41:12.791Z,,
6559dcaf-184e-4f3c-9158-634280618262,cd01ea72-989e-46bf-88f0-a22709db9604,15000.00,IDR,1,2025-12-31T17:00:00.000Z,,,,medium,active,a0000000-0000-0000-0000-000000000001,2026-07-29T14:41:12.832Z,2026-07-29T14:41:12.832Z,a0000000-0000-0000-0000-000000000001,2026-07-29T14:41:12.832Z,,
6bf60e20-92ff-40ab-bb3f-bf14cd0ef90c,bf5e4d27-d4a6-4b5d-9a21-91e5e8237e79,1.00,IDR,1,2025-12-31T17:00:00.000Z,,,,medium,active,a0000000-0000-0000-0000-000000000001,2026-07-29T14:41:12.875Z,2026-07-29T14:41:12.875Z,a0000000-0000-0000-0000-000000000001,2026-07-29T14:41:12.875Z,,
c6a9c310-7c94-4556-aa6b-fc91c87bf040,79c46058-e377-4d4e-a66b-996fe41001f5,1.00,IDR,1,2025-12-31T17:00:00.000Z,,,,medium,active,a0000000-0000-0000-0000-000000000001,2026-07-29T14:41:12.917Z,2026-07-29T14:41:12.917Z,a0000000-0000-0000-0000-000000000001,2026-07-29T14:41:12.917Z,,
d4dfd390-67ad-46a9-b5ba-396a43b0acc0,212eb6cc-d5d7-45a2-91fd-f79d28b1bdce,3470000.00,IDR,1,2025-12-31T17:00:00.000Z,,,,medium,active,a0000000-0000-0000-0000-000000000001,2026-07-29T14:41:12.959Z,2026-07-29T14:41:12.959Z,a0000000-0000-0000-0000-000000000001,2026-07-29T14:41:12.959Z,,
6abe03f6-4312-4127-ad56-59f6c61d411f,9ba3e6d6-366e-441b-a21e-765c9d115d5e,5500.00,IDR,1,2025-12-31T17:00:00.000Z,,,,medium,active,a0000000-0000-0000-0000-000000000001,2026-07-29T14:41:13.001Z,2026-07-29T14:41:13.001Z,a0000000-0000-0000-0000-000000000001,2026-07-29T14:41:13.001Z,,
e97fa658-0b24-4194-955f-2b604c045d83,f0f2438c-b676-4fbb-9536-fa1ac46a72a7,325100.00,IDR,1,2025-12-31T17:00:00.000Z,,,,medium,active,a0000000-0000-0000-0000-000000000001,2026-07-29T14:41:13.043Z,2026-07-29T14:41:13.043Z,a0000000-0000-0000-0000-000000000001,2026-07-29T14:41:13.043Z,,
fd7a755b-f9eb-44d6-9dc3-58f040c9e57d,70c7c3cf-65f4-4a7a-98f0-4b2d6e0cd636,85000.00,IDR,1,2025-12-31T17:00:00.000Z,,,,medium,active,a0000000-0000-0000-0000-000000000001,2026-07-29T14:41:13.085Z,2026-07-29T14:41:13.085Z,a0000000-0000-0000-0000-000000000001,2026-07-29T14:41:13.085Z,,
fc82d1bf-6bd7-4db0-9995-7ee011044cae,7113e054-e747-47f8-9c22-8fcd32cfff50,636000.00,IDR,1,2025-12-31T17:00:00.000Z,,,,medium,active,a0000000-0000-0000-0000-000000000001,2026-07-29T14:41:13.127Z,2026-07-29T14:41:13.127Z,a0000000-0000-0000-0000-000000000001,2026-07-29T14:41:13.127Z,,
ad330ff5-282f-42f1-aa67-836273c74638,53a0ba10-9d84-4123-b46a-37d78241b360,4000000.00,IDR,1,2025-12-31T17:00:00.000Z,,,,medium,active,a0000000-0000-0000-0000-000000000001,2026-07-29T14:41:13.170Z,2026-07-29T14:41:13.170Z,a0000000-0000-0000-0000-000000000001,2026-07-29T14:41:13.170Z,,
5b67a8a9-6bec-4eee-9c07-17f1d6167b62,c8a960c3-724e-46bf-b218-38ae755ec77e,5500000.00,IDR,1,2025-12-31T17:00:00.000Z,,,,medium,active,a0000000-0000-0000-0000-000000000001,2026-07-29T14:41:13.212Z,2026-07-29T14:41:13.212Z,a0000000-0000-0000-0000-000000000001,2026-07-29T14:41:13.212Z,,
64a3c794-d95b-4627-9acd-c84fbb9864b8,4d39efc6-cd19-4b22-8e09-b4789a0ed9db,883000.00,IDR,1,2025-12-31T17:00:00.000Z,,,,medium,active,a0000000-0000-0000-0000-000000000001,2026-07-29T14:41:13.254Z,2026-07-29T14:41:13.254Z,a0000000-0000-0000-0000-000000000001,2026-07-29T14:41:13.254Z,,
b7fa6a9d-359f-4d4e-8850-af56bdb57bb5,ecbcbeef-3e59-46ca-8561-d31ac462075d,280000.00,IDR,1,2025-12-31T17:00:00.000Z,,,,medium,active,a0000000-0000-0000-0000-000000000001,2026-07-29T14:41:13.295Z,2026-07-29T14:41:13.295Z,a0000000-0000-0000-0000-000000000001,2026-07-29T14:41:13.295Z,,
bf9a8fed-5268-4fce-ba77-7bb68cf6798b,54e6e01b-94a8-4a4c-a21b-0cf4c14d9417,17000000.00,IDR,1,2025-12-31T17:00:00.000Z,,,,medium,active,a0000000-0000-0000-0000-000000000001,2026-07-29T14:41:14.135Z,2026-07-29T14:41:14.135Z,a0000000-0000-0000-0000-000000000001,2026-07-29T14:41:14.135Z,,
559790a9-7171-47af-ab8b-d4e2ef52fc3e,c90a4075-8fed-46e0-bafd-3650ddce66a1,587600.00,IDR,1,2025-12-31T17:00:00.000Z,,,,medium,active,a0000000-0000-0000-0000-000000000001,2026-07-29T14:41:14.178Z,2026-07-29T14:41:14.178Z,a0000000-0000-0000-0000-000000000001,2026-07-29T14:41:14.178Z,,
fe61c2dc-ba8c-4818-ae4d-59719960617e,18fd1a35-b777-4a66-ae76-ea32d2675455,40000.00,IDR,1,2025-12-31T17:00:00.000Z,,,,medium,active,a0000000-0000-0000-0000-000000000001,2026-07-29T14:41:14.220Z,2026-07-29T14:41:14.220Z,a0000000-0000-0000-0000-000000000001,2026-07-29T14:41:14.220Z,,
01b9b4e9-137c-4bba-bc7b-edfb9eb7c961,08b8bd3d-5bdf-4a8c-963c-5cc2dbd3ebd4,1000000.00,IDR,1,2025-12-31T17:00:00.000Z,,,,medium,active,a0000000-0000-0000-0000-000000000001,2026-07-29T14:41:14.262Z,2026-07-29T14:41:14.262Z,a0000000-0000-0000-0000-000000000001,2026-07-29T14:41:14.262Z,,
89f3f2b1-fabb-48b2-a5f4-959e05dacc0a,5dafba02-b6ad-4b47-973a-7170212de17d,180400.00,IDR,1,2025-12-31T17:00:00.000Z,,,,medium,active,a0000000-0000-0000-0000-000000000001,2026-07-29T14:41:14.303Z,2026-07-29T14:41:14.303Z,a0000000-0000-0000-0000-000000000001,2026-07-29T14:41:14.303Z,,
5ac1617e-72b9-4e46-aef8-75a9c7196a01,5e035e8b-06d2-4236-a7ba-e5193cb226a6,20000.00,IDR,1,2025-12-31T17:00:00.000Z,,,,medium,active,a0000000-0000-0000-0000-000000000001,2026-07-29T14:41:14.345Z,2026-07-29T14:41:14.345Z,a0000000-0000-0000-0000-000000000001,2026-07-29T14:41:14.345Z,,
f3e61de5-4489-4e01-b398-426c549b3577,35e9a358-567a-4833-a995-5984fbc4df9c,24000.00,IDR,1,2025-12-31T17:00:00.000Z,,,,medium,active,a0000000-0000-0000-0000-000000000001,2026-07-29T14:41:14.387Z,2026-07-29T14:41:14.387Z,a0000000-0000-0000-0000-000000000001,2026-07-29T14:41:14.387Z,,
1a7bb0fd-7c3b-487d-9fb3-8b668306cd68,11a443e3-024b-4bdd-8a7e-040d60825de7,90000.00,IDR,1,2025-12-31T17:00:00.000Z,,,,medium,active,a0000000-0000-0000-0000-000000000001,2026-07-29T14:41:14.430Z,2026-07-29T14:41:14.430Z,a0000000-0000-0000-0000-000000000001,2026-07-29T14:41:14.430Z,,
d219454a-84d5-45e3-927c-0de751dd2d1e,6cf74838-8ae2-4244-81a2-0e0fc8e1f38a,29120.00,IDR,1,2025-12-31T17:00:00.000Z,,,,medium,active,a0000000-0000-0000-0000-000000000001,2026-07-29T14:41:14.472Z,2026-07-29T14:41:14.472Z,a0000000-0000-0000-0000-000000000001,2026-07-29T14:41:14.472Z,,
2a6673d6-735c-44a3-b566-417ab22abbd2,ae737160-cd00-4411-a0ef-c82d9504fd8b,5000.00,IDR,1,2025-12-31T17:00:00.000Z,,,,medium,active,a0000000-0000-0000-0000-000000000001,2026-07-29T14:41:14.514Z,2026-07-29T14:41:14.514Z,a0000000-0000-0000-0000-000000000001,2026-07-29T14:41:14.514Z,,
e5e69fe4-0252-48f4-86a2-6340ae175fe2,6d9ae07c-2cc5-483e-91db-d09d2b40cce7,1.00,IDR,1,2025-12-31T17:00:00.000Z,,,,medium,active,a0000000-0000-0000-0000-000000000001,2026-07-29T14:41:14.556Z,2026-07-29T14:41:14.556Z,a0000000-0000-0000-0000-000000000001,2026-07-29T14:41:14.556Z,,
45c0f70f-61e7-4fc8-b871-c5229d949d64,4ada4515-3b3a-421a-b34d-841f95ace4da,496000.00,IDR,1,2025-12-31T17:00:00.000Z,,,,medium,active,a0000000-0000-0000-0000-000000000001,2026-07-29T14:41:14.599Z,2026-07-29T14:41:14.599Z,a0000000-0000-0000-0000-000000000001,2026-07-29T14:41:14.599Z,,
f4eeeeda-4980-4f3e-9995-2941bf5d92de,af66de98-ac0b-4c6b-af48-e1bab8443d53,226.47,IDR,1,2025-12-31T17:00:00.000Z,,,,medium,active,a0000000-0000-0000-0000-000000000001,2026-07-29T14:41:14.640Z,2026-07-29T14:41:14.640Z,a0000000-0000-0000-0000-000000000001,2026-07-29T14:41:14.640Z,,
a849b072-b059-4200-ab55-f1b49eb48de9,5f895c82-a4d7-48d2-b916-bdf70d4b3f78,142000.00,IDR,1,2025-12-31T17:00:00.000Z,,,,medium,active,a0000000-0000-0000-0000-000000000001,2026-07-29T14:41:14.683Z,2026-07-29T14:41:14.683Z,a0000000-0000-0000-0000-000000000001,2026-07-29T14:41:14.683Z,,
f6043ee7-31a2-4c70-b381-493727ae8062,76bd96f8-4fd3-4385-baf0-444370d8e731,20000.00,IDR,1,2025-12-31T17:00:00.000Z,,,,medium,active,a0000000-0000-0000-0000-000000000001,2026-07-29T14:41:14.724Z,2026-07-29T14:41:14.724Z,a0000000-0000-0000-0000-000000000001,2026-07-29T14:41:14.724Z,,
5d945795-fee5-408e-830b-670c20ff95b5,340839d3-6f9c-4488-ab52-9337f509748d,369000.00,IDR,1,2025-12-31T17:00:00.000Z,,,,medium,active,a0000000-0000-0000-0000-000000000001,2026-07-29T14:41:14.766Z,2026-07-29T14:41:14.766Z,a0000000-0000-0000-0000-000000000001,2026-07-29T14:41:14.766Z,,
d1af9a1f-9b45-4f1f-903a-423d7eebab61,e4c31b28-bdc9-43c1-87a1-ff3af6cd5eb0,14200.00,IDR,1,2025-12-31T17:00:00.000Z,,,,medium,active,a0000000-0000-0000-0000-000000000001,2026-07-29T14:41:14.808Z,2026-07-29T14:41:14.808Z,a0000000-0000-0000-0000-000000000001,2026-07-29T14:41:14.808Z,,
bb08026b-dae7-4ced-a9e1-d2601f4e66a7,73a6d2e2-5fdb-43e6-94f3-7e19f26deed3,20000.00,IDR,1,2025-12-31T17:00:00.000Z,,,,medium,active,a0000000-0000-0000-0000-000000000001,2026-07-29T14:41:14.851Z,2026-07-29T14:41:14.851Z,a0000000-0000-0000-0000-000000000001,2026-07-29T14:41:14.851Z,,
033c0e23-c585-4949-8208-fc93df5a9427,e1bde971-2110-4b4a-ad7f-c8439d5c0b9d,2800.00,IDR,1,2025-12-31T17:00:00.000Z,,,,medium,active,a0000000-0000-0000-0000-000000000001,2026-07-29T14:41:14.892Z,2026-07-29T14:41:14.892Z,a0000000-0000-0000-0000-000000000001,2026-07-29T14:41:14.892Z,,
d7438f49-c771-4155-b61c-cc4352fb49a7,585052d3-9b2d-4d17-a175-7cb03b2c69b5,72200.00,IDR,1,2025-12-31T17:00:00.000Z,,,,medium,active,a0000000-0000-0000-0000-000000000001,2026-07-29T14:41:14.934Z,2026-07-29T14:41:14.934Z,a0000000-0000-0000-0000-000000000001,2026-07-29T14:41:14.934Z,,
ad23cd2f-6a5e-40a2-8375-a6c9c353008a,1294c1da-96bb-407a-8f45-74380535d956,100600.00,IDR,1,2025-12-31T17:00:00.000Z,,,,medium,active,a0000000-0000-0000-0000-000000000001,2026-07-29T14:41:14.980Z,2026-07-29T14:41:14.980Z,a0000000-0000-0000-0000-000000000001,2026-07-29T14:41:14.980Z,,
ac30150c-3b27-44d6-a04f-8f31c9e03205,18f9f39d-c353-408b-9391-83560959733b,250000.00,IDR,1,2025-12-31T17:00:00.000Z,,,,medium,active,a0000000-0000-0000-0000-000000000001,2026-07-29T14:41:15.022Z,2026-07-29T14:41:15.022Z,a0000000-0000-0000-0000-000000000001,2026-07-29T14:41:15.022Z,,
6f92e917-cc37-4b21-a1cc-deb45fc57c88,584e872c-3c68-46ad-8e61-313b378584eb,66200.00,IDR,1,2025-12-31T17:00:00.000Z,,,,medium,active,a0000000-0000-0000-0000-000000000001,2026-07-29T14:41:15.064Z,2026-07-29T14:41:15.064Z,a0000000-0000-0000-0000-000000000001,2026-07-29T14:41:15.064Z,,
bbc50e89-37e7-4f54-a263-fc0449e6175e,a3302c6d-2908-4a86-b743-8b37024bf1d1,75000.00,IDR,1,2025-12-31T17:00:00.000Z,,,,medium,active,a0000000-0000-0000-0000-000000000001,2026-07-29T14:41:15.107Z,2026-07-29T14:41:15.107Z,a0000000-0000-0000-0000-000000000001,2026-07-29T14:41:15.107Z,,
5ebf0171-0340-47f6-a356-143f49e2888f,860767d4-a200-4ce3-ba29-ed7e50d324b7,200000.00,IDR,1,2025-12-31T17:00:00.000Z,,,,medium,active,a0000000-0000-0000-0000-000000000001,2026-07-29T14:41:15.149Z,2026-07-29T14:41:15.149Z,a0000000-0000-0000-0000-000000000001,2026-07-29T14:41:15.149Z,,
e4042d5c-a5cf-409b-9957-733ba539059f,fc4085a8-bf76-42e8-a188-d10430c8a17a,93000.00,IDR,1,2025-12-31T17:00:00.000Z,,,,medium,active,a0000000-0000-0000-0000-000000000001,2026-07-29T14:41:15.191Z,2026-07-29T14:41:15.191Z,a0000000-0000-0000-0000-000000000001,2026-07-29T14:41:15.191Z,,
7770b57b-f6fb-44cc-9aaf-ae0a75ca4dac,0ae8d380-10c5-472f-a4b2-b61eb0832c5f,265000.00,IDR,1,2025-12-31T17:00:00.000Z,,,,medium,active,a0000000-0000-0000-0000-000000000001,2026-07-29T14:41:15.235Z,2026-07-29T14:41:15.235Z,a0000000-0000-0000-0000-000000000001,2026-07-29T14:41:15.235Z,,
c9f6ba0d-5745-4231-b6f3-ba617b6deae1,d270ca1c-8fc4-4965-80ea-176c30fa2e32,167300.00,IDR,1,2025-12-31T17:00:00.000Z,,,,medium,active,a0000000-0000-0000-0000-000000000001,2026-07-29T14:41:15.276Z,2026-07-29T14:41:15.276Z,a0000000-0000-0000-0000-000000000001,2026-07-29T14:41:15.276Z,,
25ca0413-20c4-4860-857f-7fcae2e59f82,4b53b839-6745-4f9f-a31c-f1f5a15dd991,95000.00,IDR,1,2025-12-31T17:00:00.000Z,,,,medium,active,a0000000-0000-0000-0000-000000000001,2026-07-29T14:41:15.318Z,2026-07-29T14:41:15.318Z,a0000000-0000-0000-0000-000000000001,2026-07-29T14:41:15.318Z,,
f4175053-bd79-4f40-98af-271d151d67c2,fc926916-9d1c-497f-9dbf-e5bb9d4f2ede,1050000.00,IDR,1,2025-12-31T17:00:00.000Z,,,,medium,active,a0000000-0000-0000-0000-000000000001,2026-07-29T14:41:15.359Z,2026-07-29T14:41:15.359Z,a0000000-0000-0000-0000-000000000001,2026-07-29T14:41:15.359Z,,
0d0a48f5-7ae8-481b-8ea2-7727ccecb6ee,6e8f2729-b81f-4939-b238-7eda6d19ac17,67900.00,IDR,1,2025-12-31T17:00:00.000Z,,,,medium,active,a0000000-0000-0000-0000-000000000001,2026-07-29T14:41:15.401Z,2026-07-29T14:41:15.401Z,a0000000-0000-0000-0000-000000000001,2026-07-29T14:41:15.401Z,,
ad9a6b3f-4636-4a29-94a8-a9c6a3c94254,af1282d0-970e-460a-83cc-4362850451d3,20000.00,IDR,1,2025-12-31T17:00:00.000Z,,,,medium,active,a0000000-0000-0000-0000-000000000001,2026-07-29T14:41:15.443Z,2026-07-29T14:41:15.443Z,a0000000-0000-0000-0000-000000000001,2026-07-29T14:41:15.443Z,,
ce423d96-4d32-4c20-93ae-0d91a4210eaf,60acbf14-e5f0-4a07-b3a6-491753c3ba75,115000.00,IDR,1,2025-12-31T17:00:00.000Z,,,,medium,active,a0000000-0000-0000-0000-000000000001,2026-07-29T14:41:15.486Z,2026-07-29T14:41:15.486Z,a0000000-0000-0000-0000-000000000001,2026-07-29T14:41:15.486Z,,
8413c755-ce35-4a5e-898a-e7dc8dfd25eb,4a51e91e-d443-49ee-a0e0-1e3c146585cb,590000.00,IDR,1,2025-12-31T17:00:00.000Z,,,,medium,active,a0000000-0000-0000-0000-000000000001,2026-07-29T14:41:15.528Z,2026-07-29T14:41:15.528Z,a0000000-0000-0000-0000-000000000001,2026-07-29T14:41:15.528Z,,
e67ee799-66d0-454e-b97a-630775e7ce3e,fff7fed6-fad5-4c2e-97c5-fde5eacb5e8b,328400.00,IDR,1,2025-12-31T17:00:00.000Z,,,,medium,active,a0000000-0000-0000-0000-000000000001,2026-07-29T14:41:15.569Z,2026-07-29T14:41:15.569Z,a0000000-0000-0000-0000-000000000001,2026-07-29T14:41:15.569Z,,
33c076af-45c2-476a-a3a3-14c4f8ffe6d0,f472e548-2a30-4b0f-bf4f-0d9cd2252e98,35000.00,IDR,1,2025-12-31T17:00:00.000Z,,,,medium,active,a0000000-0000-0000-0000-000000000001,2026-07-29T14:41:15.611Z,2026-07-29T14:41:15.611Z,a0000000-0000-0000-0000-000000000001,2026-07-29T14:41:15.611Z,,
7674698a-05aa-4337-8cab-d99ffb796b51,8916c2de-58b4-4378-892d-0986b492967b,51500.00,IDR,1,2025-12-31T17:00:00.000Z,,,,medium,active,a0000000-0000-0000-0000-000000000001,2026-07-29T14:41:15.653Z,2026-07-29T14:41:15.653Z,a0000000-0000-0000-0000-000000000001,2026-07-29T14:41:15.653Z,,
1f68dcc9-3ae3-4bc8-a7d0-839a5dcdd87a,8196fb97-8ad0-4047-a78b-aabfa1eadcb4,20000.00,IDR,1,2025-12-31T17:00:00.000Z,,,,medium,active,a0000000-0000-0000-0000-000000000001,2026-07-29T14:41:15.695Z,2026-07-29T14:41:15.695Z,a0000000-0000-0000-0000-000000000001,2026-07-29T14:41:15.695Z,,
35b9cf5e-acbd-4711-941a-fdfabbc06fa9,09f3beba-ea7b-45ea-a727-15fd60809de5,2730000.00,IDR,1,2025-12-31T17:00:00.000Z,,,,medium,active,a0000000-0000-0000-0000-000000000001,2026-07-29T14:41:15.736Z,2026-07-29T14:41:15.736Z,a0000000-0000-0000-0000-000000000001,2026-07-29T14:41:15.736Z,,
9cb90502-e07b-41c7-a3fa-a6c80a35374c,24eb1584-0e77-466b-b6ba-428d29432345,75000000.00,IDR,1,2025-12-31T17:00:00.000Z,,,,medium,active,a0000000-0000-0000-0000-000000000001,2026-07-29T14:41:15.778Z,2026-07-29T14:41:15.778Z,a0000000-0000-0000-0000-000000000001,2026-07-29T14:41:15.778Z,,
3716a4f8-ca6f-4828-bfc6-9219666c03da,4a506c0f-f3c7-4a94-a797-a2727e37246b,176000.00,IDR,1,2025-12-31T17:00:00.000Z,,,,medium,active,a0000000-0000-0000-0000-000000000001,2026-07-29T14:41:15.820Z,2026-07-29T14:41:15.820Z,a0000000-0000-0000-0000-000000000001,2026-07-29T14:41:15.820Z,,
3c010d42-18f4-42a0-b4cd-7f29a473a903,9447340a-4277-4fed-931b-bc47baf50102,100000.00,IDR,1,2025-12-31T17:00:00.000Z,,,,medium,active,a0000000-0000-0000-0000-000000000001,2026-07-29T14:41:15.862Z,2026-07-29T14:41:15.862Z,a0000000-0000-0000-0000-000000000001,2026-07-29T14:41:15.862Z,,
205e90cb-95eb-4983-8fb4-7942eced0ced,a744cc06-9e55-4a44-a136-5de90ca33f43,200000.00,IDR,1,2025-12-31T17:00:00.000Z,,,,medium,active,a0000000-0000-0000-0000-000000000001,2026-07-29T14:41:15.904Z,2026-07-29T14:41:15.904Z,a0000000-0000-0000-0000-000000000001,2026-07-29T14:41:15.904Z,,
d22e95be-0140-44e2-8f17-2e49cc0ffd50,6732cbf2-7072-4af0-bc6b-cec977391fa5,150000.00,IDR,1,2025-12-31T17:00:00.000Z,,,,medium,active,a0000000-0000-0000-0000-000000000001,2026-07-29T14:41:15.946Z,2026-07-29T14:41:15.946Z,a0000000-0000-0000-0000-000000000001,2026-07-29T14:41:15.946Z,,
21c635ef-3865-4491-8baa-e564292d446c,eb9836cc-a504-4aae-8f34-318b958693df,261800.00,IDR,1,2025-12-31T17:00:00.000Z,,,,medium,active,a0000000-0000-0000-0000-000000000001,2026-07-29T14:41:15.988Z,2026-07-29T14:41:15.988Z,a0000000-0000-0000-0000-000000000001,2026-07-29T14:41:15.988Z,,
5e04eae6-f478-47a4-82ae-2bd5792336d5,7e8104e2-606c-4ff1-bc7f-4ba5a9c71081,222000.00,IDR,1,2025-12-31T17:00:00.000Z,,,,medium,active,a0000000-0000-0000-0000-000000000001,2026-07-29T14:41:16.029Z,2026-07-29T14:41:16.029Z,a0000000-0000-0000-0000-000000000001,2026-07-29T14:41:16.029Z,,
0fd46321-b017-4472-b1cb-7f581bb984b4,ecea0605-9128-4437-8104-ca7ebf294c5d,1.00,IDR,1,2025-12-31T17:00:00.000Z,,,,medium,active,a0000000-0000-0000-0000-000000000001,2026-07-29T14:41:16.072Z,2026-07-29T14:41:16.072Z,a0000000-0000-0000-0000-000000000001,2026-07-29T14:41:16.072Z,,
fd1f16da-aeb1-4b46-8fdc-8e4b7bc88623,1c9890cb-c717-4ce4-bb27-e5ecca074d69,85000.00,IDR,1,2025-12-31T17:00:00.000Z,,,,medium,active,a0000000-0000-0000-0000-000000000001,2026-07-29T14:41:16.113Z,2026-07-29T14:41:16.113Z,a0000000-0000-0000-0000-000000000001,2026-07-29T14:41:16.113Z,,
17727d13-b74c-47bf-965e-12283530bb81,c22bfa5a-3903-4811-a26e-0f6f9fd17b8c,72000.00,IDR,1,2025-12-31T17:00:00.000Z,,,,medium,active,a0000000-0000-0000-0000-000000000001,2026-07-29T14:41:16.155Z,2026-07-29T14:41:16.155Z,a0000000-0000-0000-0000-000000000001,2026-07-29T14:41:16.155Z,,
7eab4854-d3bc-4c32-8e6b-4bdff759ea8c,1de233fc-59ba-444d-bae3-31ff141eccb6,145000.00,IDR,1,2025-12-31T17:00:00.000Z,,,,medium,active,a0000000-0000-0000-0000-000000000001,2026-07-29T14:41:16.197Z,2026-07-29T14:41:16.197Z,a0000000-0000-0000-0000-000000000001,2026-07-29T14:41:16.197Z,,
566647af-f3a4-41c7-9ce1-0b9762096826,b5aadca6-a8b7-41a8-826d-44c6d27ff54b,375000.00,IDR,1,2025-12-31T17:00:00.000Z,,,,medium,active,a0000000-0000-0000-0000-000000000001,2026-07-29T14:41:16.238Z,2026-07-29T14:41:16.238Z,a0000000-0000-0000-0000-000000000001,2026-07-29T14:41:16.238Z,,
423c1ab6-72a4-4810-a1e9-78610a381935,87cfe112-36b5-4413-950f-6d7085c448f2,5500000.00,IDR,1,2025-12-31T17:00:00.000Z,,,,medium,active,a0000000-0000-0000-0000-000000000001,2026-07-29T14:41:16.280Z,2026-07-29T14:41:16.280Z,a0000000-0000-0000-0000-000000000001,2026-07-29T14:41:16.280Z,,
b14349e4-b505-418b-b279-998dc22e84e3,ff844b9c-4a4b-406f-a86e-a6df3b73ff15,5700000.00,IDR,1,2025-12-31T17:00:00.000Z,,,,medium,active,a0000000-0000-0000-0000-000000000001,2026-07-29T14:41:16.323Z,2026-07-29T14:41:16.323Z,a0000000-0000-0000-0000-000000000001,2026-07-29T14:41:16.323Z,,
df9974ee-213e-4832-a680-7102fce52f28,bee72821-2eff-4f29-b311-bb417b4aadb7,680000.00,IDR,1,2025-12-31T17:00:00.000Z,,,,medium,active,a0000000-0000-0000-0000-000000000001,2026-07-29T14:41:16.365Z,2026-07-29T14:41:16.365Z,a0000000-0000-0000-0000-000000000001,2026-07-29T14:41:16.365Z,,
76add129-d7d0-4348-b402-8d0b91694fd8,3a2a1ae6-8f84-4b73-be4a-07c857fa251b,70000.00,IDR,1,2025-12-31T17:00:00.000Z,,,,medium,active,a0000000-0000-0000-0000-000000000001,2026-07-29T14:41:16.407Z,2026-07-29T14:41:16.407Z,a0000000-0000-0000-0000-000000000001,2026-07-29T14:41:16.407Z,,
43d54f13-008b-48eb-9aa1-cedbe665f3ed,a643679b-bf30-4c59-9a58-70cd6ed13f7c,306000.00,IDR,1,2025-12-31T17:00:00.000Z,,,,medium,active,a0000000-0000-0000-0000-000000000001,2026-07-29T14:41:16.448Z,2026-07-29T14:41:16.448Z,a0000000-0000-0000-0000-000000000001,2026-07-29T14:41:16.448Z,,
b07d3229-9324-4735-a7cb-0c41ecbb0d3b,632f165f-96b1-46c9-863b-385f02caf492,4500.00,IDR,1,2025-12-31T17:00:00.000Z,,,,medium,active,a0000000-0000-0000-0000-000000000001,2026-07-29T14:41:16.490Z,2026-07-29T14:41:16.490Z,a0000000-0000-0000-0000-000000000001,2026-07-29T14:41:16.490Z,,
e6d55c1e-42b2-4ba8-b720-719ce8c5c744,0bfedc03-4eac-4fb9-ba4d-931b064eb977,351000.00,IDR,1,2025-12-31T17:00:00.000Z,,,,medium,active,a0000000-0000-0000-0000-000000000001,2026-07-29T14:41:16.532Z,2026-07-29T14:41:16.532Z,a0000000-0000-0000-0000-000000000001,2026-07-29T14:41:16.532Z,,
37062eb2-54a6-4197-9b8e-ef806db45baa,7192d08f-c26f-44e7-882b-77d79bf6af71,77300.00,IDR,1,2025-12-31T17:00:00.000Z,,,,medium,active,a0000000-0000-0000-0000-000000000001,2026-07-29T14:41:16.574Z,2026-07-29T14:41:16.574Z,a0000000-0000-0000-0000-000000000001,2026-07-29T14:41:16.574Z,,
0756d858-6ff4-42b7-b218-495869c26f91,3daa0a53-1471-4b9b-bd73-28f67924e4c3,82000.00,IDR,1,2025-12-31T17:00:00.000Z,,,,medium,active,a0000000-0000-0000-0000-000000000001,2026-07-29T14:41:16.616Z,2026-07-29T14:41:16.616Z,a0000000-0000-0000-0000-000000000001,2026-07-29T14:41:16.616Z,,
a6811ad3-782b-4d1c-8f69-5725f50a3b68,8aa7d7d8-b70d-478a-b733-f9732e287dba,350000.00,IDR,1,2025-12-31T17:00:00.000Z,,,,medium,active,a0000000-0000-0000-0000-000000000001,2026-07-29T14:41:16.659Z,2026-07-29T14:41:16.659Z,a0000000-0000-0000-0000-000000000001,2026-07-29T14:41:16.659Z,,
b1742c37-bd33-44c7-b331-758d327d6b21,da2e7c41-4fd7-4fb6-bef4-06dcc37d5d90,2700000.00,IDR,1,2025-12-31T17:00:00.000Z,,,,medium,active,a0000000-0000-0000-0000-000000000001,2026-07-29T14:41:16.701Z,2026-07-29T14:41:16.701Z,a0000000-0000-0000-0000-000000000001,2026-07-29T14:41:16.701Z,,
96331b03-e197-43a4-b112-111121832693,037e4f00-9a35-476c-a3ff-3bb4bf630a5a,25000.00,IDR,1,2025-12-31T17:00:00.000Z,,,,medium,active,a0000000-0000-0000-0000-000000000001,2026-07-29T14:41:16.743Z,2026-07-29T14:41:16.743Z,a0000000-0000-0000-0000-000000000001,2026-07-29T14:41:16.743Z,,
d218b102-a3b0-4933-bbf9-69803f1b5ed0,b775db9c-e107-4438-bdfb-cfa93883c729,250000.00,IDR,1,2025-12-31T17:00:00.000Z,,,,medium,active,a0000000-0000-0000-0000-000000000001,2026-07-29T14:41:16.785Z,2026-07-29T14:41:16.785Z,a0000000-0000-0000-0000-000000000001,2026-07-29T14:41:16.785Z,,
f5510ec6-db0b-4b90-bc7e-31ada7289268,3cf7525c-8ad7-4f2e-8703-e42643417668,160000.00,IDR,1,2025-12-31T17:00:00.000Z,,,,medium,active,a0000000-0000-0000-0000-000000000001,2026-07-29T14:41:16.828Z,2026-07-29T14:41:16.828Z,a0000000-0000-0000-0000-000000000001,2026-07-29T14:41:16.828Z,,
b5b21df7-4dd9-4665-9c07-d7e1cbb60f3c,41e803ab-26a3-4c3b-b17c-a6569b777d3e,5750000.00,IDR,1,2025-12-31T17:00:00.000Z,,,,medium,active,a0000000-0000-0000-0000-000000000001,2026-07-29T14:41:16.870Z,2026-07-29T14:41:16.870Z,a0000000-0000-0000-0000-000000000001,2026-07-29T14:41:16.870Z,,
9290f3b2-acd2-4510-ae28-cba4c0526f7f,0058982b-2d09-4f20-9dce-134b301655ce,95000.00,IDR,1,2025-12-31T17:00:00.000Z,,,,medium,active,a0000000-0000-0000-0000-000000000001,2026-07-29T14:41:16.912Z,2026-07-29T14:41:16.912Z,a0000000-0000-0000-0000-000000000001,2026-07-29T14:41:16.912Z,,
184520c5-af23-4131-89e2-3eeb13c67e25,27493dae-20b3-4082-a0ff-7ac4b704a895,150000.00,IDR,1,2025-12-31T17:00:00.000Z,,,,medium,active,a0000000-0000-0000-0000-000000000001,2026-07-29T14:41:16.954Z,2026-07-29T14:41:16.954Z,a0000000-0000-0000-0000-000000000001,2026-07-29T14:41:16.954Z,,
330e6d23-15cb-4b32-b9a9-19aef6a292aa,78bf8e3d-a476-41af-98b0-7a5e72b928a0,15500.00,IDR,1,2025-12-31T17:00:00.000Z,,,,medium,active,a0000000-0000-0000-0000-000000000001,2026-07-29T14:41:16.996Z,2026-07-29T14:41:16.996Z,a0000000-0000-0000-0000-000000000001,2026-07-29T14:41:16.996Z,,
2881ff90-ae92-4f88-b418-019049a45a6f,80a5649d-393d-4066-ab05-2390f9069e24,4800000.00,IDR,1,2025-12-31T17:00:00.000Z,,,,medium,active,a0000000-0000-0000-0000-000000000001,2026-07-29T14:41:17.038Z,2026-07-29T14:41:17.038Z,a0000000-0000-0000-0000-000000000001,2026-07-29T14:41:17.038Z,,
94d7a37b-f2db-4a20-8fa7-a16a46880fac,f11a5975-8fb0-4f38-acbd-9f41808d38fe,340000.00,IDR,1,2025-12-31T17:00:00.000Z,,,,medium,active,a0000000-0000-0000-0000-000000000001,2026-07-29T14:41:17.080Z,2026-07-29T14:41:17.080Z,a0000000-0000-0000-0000-000000000001,2026-07-29T14:41:17.080Z,,
91779427-a7ff-4b1e-b5f9-3a75d1f478a5,0b815dd6-f0f5-4cc1-86ea-6b9dee5cfc5b,550000.00,IDR,1,2025-12-31T17:00:00.000Z,,,,medium,active,a0000000-0000-0000-0000-000000000001,2026-07-29T14:41:17.122Z,2026-07-29T14:41:17.122Z,a0000000-0000-0000-0000-000000000001,2026-07-29T14:41:17.122Z,,
a6e4d948-d949-41bc-8f1c-9d118ac8f9ce,e224163e-c337-40ae-82d7-8c9a3d020503,45550.00,IDR,1,2025-12-31T17:00:00.000Z,,,,medium,active,a0000000-0000-0000-0000-000000000001,2026-07-29T14:41:17.164Z,2026-07-29T14:41:17.164Z,a0000000-0000-0000-0000-000000000001,2026-07-29T14:41:17.164Z,,
cc5a6825-a6ee-496a-a5f4-428d606d4064,448f872b-3d8a-4e9f-89cc-41f7a54a178f,1.00,IDR,1,2025-12-31T17:00:00.000Z,,,,medium,active,a0000000-0000-0000-0000-000000000001,2026-07-29T14:41:17.206Z,2026-07-29T14:41:17.206Z,a0000000-0000-0000-0000-000000000001,2026-07-29T14:41:17.206Z,,
52e9cef4-0a35-4777-8bd7-c3be9b492a88,bb8d5298-b847-4dde-825f-c0af68193436,415600.00,IDR,1,2025-12-31T17:00:00.000Z,,,,medium,active,a0000000-0000-0000-0000-000000000001,2026-07-29T14:41:17.248Z,2026-07-29T14:41:17.248Z,a0000000-0000-0000-0000-000000000001,2026-07-29T14:41:17.248Z,,
806cd29f-c705-42d0-b026-d407f4353519,e82274c1-a087-41ee-b406-94d947213310,9300.00,IDR,1,2025-12-31T17:00:00.000Z,,,,medium,active,a0000000-0000-0000-0000-000000000001,2026-07-29T14:41:17.291Z,2026-07-29T14:41:17.291Z,a0000000-0000-0000-0000-000000000001,2026-07-29T14:41:17.291Z,,
3602e116-6420-459a-8287-4b55d44eec87,cd5a41a8-0e64-4a9a-ad7c-ab3a5ddca44f,145000.00,IDR,1,2025-12-31T17:00:00.000Z,,,,medium,active,a0000000-0000-0000-0000-000000000001,2026-07-29T14:41:17.332Z,2026-07-29T14:41:17.332Z,a0000000-0000-0000-0000-000000000001,2026-07-29T14:41:17.332Z,,
eb894580-fb4e-47b1-a394-efa948e1bc28,9b76ee2f-9f4a-436a-9ab1-33618c9f352c,1.00,IDR,1,2025-12-31T17:00:00.000Z,,,,medium,active,a0000000-0000-0000-0000-000000000001,2026-07-29T14:41:17.374Z,2026-07-29T14:41:17.374Z,a0000000-0000-0000-0000-000000000001,2026-07-29T14:41:17.374Z,,
9aeb490e-e3b0-490f-acb4-2c4803095bd9,41c5effd-5bfd-449b-9f6e-476701d5b605,1820000.00,IDR,1,2025-12-31T17:00:00.000Z,,,,medium,active,a0000000-0000-0000-0000-000000000001,2026-07-29T14:41:17.415Z,2026-07-29T14:41:17.415Z,a0000000-0000-0000-0000-000000000001,2026-07-29T14:41:17.415Z,,
7738c11e-829c-494c-b39c-f8d046ca32c3,355c942b-8c4a-420a-9c80-48802d305c7b,72000.00,IDR,1,2025-12-31T17:00:00.000Z,,,,medium,active,a0000000-0000-0000-0000-000000000001,2026-07-29T14:41:17.458Z,2026-07-29T14:41:17.458Z,a0000000-0000-0000-0000-000000000001,2026-07-29T14:41:17.458Z,,
03b381df-525c-4468-9068-7f171edd6c3f,da713ae6-e307-48cb-b51e-4784fd7c931d,30000.00,IDR,1,2025-12-31T17:00:00.000Z,,,,medium,active,a0000000-0000-0000-0000-000000000001,2026-07-29T14:41:17.500Z,2026-07-29T14:41:17.500Z,a0000000-0000-0000-0000-000000000001,2026-07-29T14:41:17.500Z,,
a7ecfdc7-74f4-458b-8c1c-9726f09d29b6,93069129-e0ee-472f-946d-e20da6e4bbe3,57500.00,IDR,1,2025-12-31T17:00:00.000Z,,,,medium,active,a0000000-0000-0000-0000-000000000001,2026-07-29T14:41:17.541Z,2026-07-29T14:41:17.541Z,a0000000-0000-0000-0000-000000000001,2026-07-29T14:41:17.541Z,,
95bcf95b-4757-4815-8f19-78acf9dd3792,07d99882-da53-49ab-9682-118f12d02f03,1600.00,IDR,1,2025-12-31T17:00:00.000Z,,,,medium,active,a0000000-0000-0000-0000-000000000001,2026-07-29T14:41:17.583Z,2026-07-29T14:41:17.583Z,a0000000-0000-0000-0000-000000000001,2026-07-29T14:41:17.583Z,,
4f1c0f93-01fe-4648-b724-b1db5a352428,0f9e11d5-4ebc-4ccf-ba7d-70825f2f2c15,13100.00,IDR,1,2025-12-31T17:00:00.000Z,,,,medium,active,a0000000-0000-0000-0000-000000000001,2026-07-29T14:41:17.625Z,2026-07-29T14:41:17.625Z,a0000000-0000-0000-0000-000000000001,2026-07-29T14:41:17.625Z,,
f4bd265e-5d29-48c0-ad7a-1ee7530f2400,8e701a88-816f-47cf-ac3c-9c30695c4295,74600.00,IDR,1,2025-12-31T17:00:00.000Z,,,,medium,active,a0000000-0000-0000-0000-000000000001,2026-07-29T14:41:17.667Z,2026-07-29T14:41:17.667Z,a0000000-0000-0000-0000-000000000001,2026-07-29T14:41:17.667Z,,
00898209-78cc-4239-9f14-9cb2de2e7e43,11cdc195-751a-4895-a086-3f9c0899bdf1,64000.00,IDR,1,2025-12-31T17:00:00.000Z,,,,medium,active,a0000000-0000-0000-0000-000000000001,2026-07-29T14:41:17.709Z,2026-07-29T14:41:17.709Z,a0000000-0000-0000-0000-000000000001,2026-07-29T14:41:17.709Z,,
3b6081f7-f85a-4da9-83c2-f115f412d3dd,dd3223a9-89b8-4576-8212-51d231804751,370200.00,IDR,1,2025-12-31T17:00:00.000Z,,,,medium,active,a0000000-0000-0000-0000-000000000001,2026-07-29T14:41:17.750Z,2026-07-29T14:41:17.750Z,a0000000-0000-0000-0000-000000000001,2026-07-29T14:41:17.750Z,,
42250fa9-1eaa-4fcd-93af-c39d4b3db8c9,cd445800-8db1-4ed5-adce-12bfcea5ee58,12000.00,IDR,1,2025-12-31T17:00:00.000Z,,,,medium,active,a0000000-0000-0000-0000-000000000001,2026-07-29T14:41:17.792Z,2026-07-29T14:41:17.792Z,a0000000-0000-0000-0000-000000000001,2026-07-29T14:41:17.792Z,,
13f729ec-f8bd-4a1a-b2fd-3cac76a00cdd,38697290-fc91-441a-88fa-61b3b949d41d,2480000.00,IDR,1,2025-12-31T17:00:00.000Z,,,,medium,active,a0000000-0000-0000-0000-000000000001,2026-07-29T14:41:17.834Z,2026-07-29T14:41:17.834Z,a0000000-0000-0000-0000-000000000001,2026-07-29T14:41:17.834Z,,
2aa11e6e-3e24-4ee0-a013-8f94f586fccc,cf73a627-0b80-4055-8bf3-5760dc849a4f,360000.00,IDR,1,2025-12-31T17:00:00.000Z,,,,medium,active,a0000000-0000-0000-0000-000000000001,2026-07-29T14:41:17.877Z,2026-07-29T14:41:17.877Z,a0000000-0000-0000-0000-000000000001,2026-07-29T14:41:17.877Z,,
2880a45f-485b-4698-ae59-bad00dde5b53,e87f5666-c70d-4dce-9d38-d148a63aa81e,4500.00,IDR,1,2025-12-31T17:00:00.000Z,,,,medium,active,a0000000-0000-0000-0000-000000000001,2026-07-29T14:41:18.159Z,2026-07-29T14:41:18.159Z,a0000000-0000-0000-0000-000000000001,2026-07-29T14:41:18.159Z,,
c927d7e9-22ef-4a1b-ba4f-bc77b137cd22,cd07cb7e-b687-4960-804e-537bdd4eeedd,928000.00,IDR,1,2025-12-31T17:00:00.000Z,,,,medium,active,a0000000-0000-0000-0000-000000000001,2026-07-29T14:41:18.202Z,2026-07-29T14:41:18.202Z,a0000000-0000-0000-0000-000000000001,2026-07-29T14:41:18.202Z,,
798216fb-d40e-406e-9a09-7b1fc82e1b41,dfa63574-7c65-44ca-8a73-182b0979d29d,430000.00,IDR,1,2025-12-31T17:00:00.000Z,,,,medium,active,a0000000-0000-0000-0000-000000000001,2026-07-29T14:41:18.244Z,2026-07-29T14:41:18.244Z,a0000000-0000-0000-0000-000000000001,2026-07-29T14:41:18.244Z,,
d4d383d8-3f69-430c-8e64-0681fa7a1bcb,7374ecbe-cfaf-47b2-9e5f-02a64ee7fea0,300000.00,IDR,1,2025-12-31T17:00:00.000Z,,,,medium,active,a0000000-0000-0000-0000-000000000001,2026-07-29T14:41:18.286Z,2026-07-29T14:41:18.286Z,a0000000-0000-0000-0000-000000000001,2026-07-29T14:41:18.286Z,,
5ba2ee1e-e1bc-40dd-9561-0a9782f588a7,d224e852-d7b1-40ef-bd45-923c93058cb2,1279000.00,IDR,1,2025-12-31T17:00:00.000Z,,,,medium,active,a0000000-0000-0000-0000-000000000001,2026-07-29T14:41:18.328Z,2026-07-29T14:41:18.328Z,a0000000-0000-0000-0000-000000000001,2026-07-29T14:41:18.328Z,,
c370e3af-a215-4972-a670-b5a96b6c803c,eed5bc31-80dd-42c4-bb39-61a0b98b8ced,815000.00,IDR,1,2025-12-31T17:00:00.000Z,,,,medium,active,a0000000-0000-0000-0000-000000000001,2026-07-29T14:41:18.370Z,2026-07-29T14:41:18.370Z,a0000000-0000-0000-0000-000000000001,2026-07-29T14:41:18.370Z,,
f516874b-4bfa-4e62-963a-352c7ff12ca8,ba28338d-8e86-4cf9-a034-056404a88c3b,4000.00,IDR,1,2025-12-31T17:00:00.000Z,,,,medium,active,a0000000-0000-0000-0000-000000000001,2026-07-29T14:41:18.412Z,2026-07-29T14:41:18.412Z,a0000000-0000-0000-0000-000000000001,2026-07-29T14:41:18.412Z,,
888673a7-f3d8-4a27-909d-d76e03fcc4cb,13961157-b829-4214-9c92-805852506698,1740000.00,IDR,1,2025-12-31T17:00:00.000Z,,,,medium,active,a0000000-0000-0000-0000-000000000001,2026-07-29T14:41:18.454Z,2026-07-29T14:41:18.454Z,a0000000-0000-0000-0000-000000000001,2026-07-29T14:41:18.454Z,,
afba1471-e0f8-49bd-af1e-fdc6dac53d74,6e3b0959-46af-4a58-a0ec-0a4566a5433c,5070.00,IDR,1,2025-12-31T17:00:00.000Z,,,,medium,active,a0000000-0000-0000-0000-000000000001,2026-07-29T14:41:18.496Z,2026-07-29T14:41:18.496Z,a0000000-0000-0000-0000-000000000001,2026-07-29T14:41:18.496Z,,
f6384998-dfdc-4191-8ce8-3c7fb057f032,3dfb2d87-695b-4dbe-86a0-69397d76cca9,28000.00,IDR,1,2025-12-31T17:00:00.000Z,,,,medium,active,a0000000-0000-0000-0000-000000000001,2026-07-29T14:41:18.538Z,2026-07-29T14:41:18.538Z,a0000000-0000-0000-0000-000000000001,2026-07-29T14:41:18.538Z,,
c5db612e-3667-48d4-8a7e-9798e2dbc3e7,0343bb93-63fe-45bb-9f3a-6d6307463fad,3150000.00,IDR,1,2025-12-31T17:00:00.000Z,,,,medium,active,a0000000-0000-0000-0000-000000000001,2026-07-29T14:41:18.579Z,2026-07-29T14:41:18.579Z,a0000000-0000-0000-0000-000000000001,2026-07-29T14:41:18.579Z,,
41f18a97-aa87-47f9-89bd-aadd7e4a8c22,f19809c9-b9b4-4f8a-a64c-8c1cca017f2b,13100.00,IDR,1,2025-12-31T17:00:00.000Z,,,,medium,active,a0000000-0000-0000-0000-000000000001,2026-07-29T14:41:18.621Z,2026-07-29T14:41:18.621Z,a0000000-0000-0000-0000-000000000001,2026-07-29T14:41:18.621Z,,
4d18f675-4298-49cb-9718-5ac0b2a812db,4ce924b0-7672-4563-bd0b-9433ff8751ef,180000.00,IDR,1,2025-12-31T17:00:00.000Z,,,,medium,active,a0000000-0000-0000-0000-000000000001,2026-07-29T14:41:18.663Z,2026-07-29T14:41:18.663Z,a0000000-0000-0000-0000-000000000001,2026-07-29T14:41:18.663Z,,
f84b7514-f715-4dde-8355-247f422dda6c,4503ba8a-7bdd-49d9-ba0e-8e564a3eb838,1.00,IDR,1,2025-12-31T17:00:00.000Z,,,,medium,active,a0000000-0000-0000-0000-000000000001,2026-07-29T14:41:18.705Z,2026-07-29T14:41:18.705Z,a0000000-0000-0000-0000-000000000001,2026-07-29T14:41:18.705Z,,
35849098-d7bb-4aca-af2a-67ca65d4b830,01c11bc6-b98a-4fad-aebe-3fa3670448f7,300000.00,IDR,1,2025-12-31T17:00:00.000Z,,,,medium,active,a0000000-0000-0000-0000-000000000001,2026-07-29T14:41:18.747Z,2026-07-29T14:41:18.747Z,a0000000-0000-0000-0000-000000000001,2026-07-29T14:41:18.747Z,,
bea7166a-82c4-4f02-8f0f-06eab870d35c,6ae3701d-360d-4949-b8da-cbbed874ece6,22750.00,IDR,1,2025-12-31T17:00:00.000Z,,,,medium,active,a0000000-0000-0000-0000-000000000001,2026-07-29T14:41:18.789Z,2026-07-29T14:41:18.789Z,a0000000-0000-0000-0000-000000000001,2026-07-29T14:41:18.789Z,,
3181efc7-d9ff-432e-8ca1-5c7caf4cb093,2fe745c1-9f32-4592-9629-a886cac3fbef,1001900.00,IDR,1,2025-12-31T17:00:00.000Z,,,,medium,active,a0000000-0000-0000-0000-000000000001,2026-07-29T14:41:18.831Z,2026-07-29T14:41:18.831Z,a0000000-0000-0000-0000-000000000001,2026-07-29T14:41:18.831Z,,
a77123c5-2d39-4691-837b-46a549789152,ba531f9c-5d29-4837-a27c-bab7e7b54108,67900.00,IDR,1,2025-12-31T17:00:00.000Z,,,,medium,active,a0000000-0000-0000-0000-000000000001,2026-07-29T14:41:18.873Z,2026-07-29T14:41:18.873Z,a0000000-0000-0000-0000-000000000001,2026-07-29T14:41:18.873Z,,
cfd7942e-49e0-4cba-9ce5-0b91ce184f63,2571b4d1-dfb2-4bdd-885b-d29beb3fbac6,350000.00,IDR,1,2025-12-31T17:00:00.000Z,,,,medium,active,a0000000-0000-0000-0000-000000000001,2026-07-29T14:41:18.915Z,2026-07-29T14:41:18.915Z,a0000000-0000-0000-0000-000000000001,2026-07-29T14:41:18.915Z,,
b09f74d2-bf19-4bb8-afd1-2ab884bcef7f,8dbaf6f2-25b1-472f-bf66-184a3f04c8ac,3000.00,IDR,1,2025-12-31T17:00:00.000Z,,,,medium,active,a0000000-0000-0000-0000-000000000001,2026-07-29T14:41:18.957Z,2026-07-29T14:41:18.957Z,a0000000-0000-0000-0000-000000000001,2026-07-29T14:41:18.957Z,,
11219913-a5cb-4920-9217-94fb366b10cc,384a78fd-30a1-46fc-ba8b-5a10e0fa7d46,255000.00,IDR,1,2025-12-31T17:00:00.000Z,,,,medium,active,a0000000-0000-0000-0000-000000000001,2026-07-29T14:41:18.999Z,2026-07-29T14:41:18.999Z,a0000000-0000-0000-0000-000000000001,2026-07-29T14:41:18.999Z,,
3754ae1c-c6d0-479e-a792-b4825cc24c40,7d048777-97ac-4d74-8dff-758937d1d4d3,1.00,IDR,1,2025-12-31T17:00:00.000Z,,,,medium,active,a0000000-0000-0000-0000-000000000001,2026-07-29T14:41:19.041Z,2026-07-29T14:41:19.041Z,a0000000-0000-0000-0000-000000000001,2026-07-29T14:41:19.041Z,,
c4d0092d-ddee-42fe-b505-0acca79a32a7,b8cfa710-04d5-4af5-b6c6-56612a238b80,300000.00,IDR,1,2025-12-31T17:00:00.000Z,,,,medium,active,a0000000-0000-0000-0000-000000000001,2026-07-29T14:41:19.083Z,2026-07-29T14:41:19.083Z,a0000000-0000-0000-0000-000000000001,2026-07-29T14:41:19.083Z,,
ae279ed3-a710-4a3f-bfc8-96fae232c152,88eb8f9c-937a-45cf-a154-799151572db8,4000.00,IDR,1,2025-12-31T17:00:00.000Z,,,,medium,active,a0000000-0000-0000-0000-000000000001,2026-07-29T14:41:19.126Z,2026-07-29T14:41:19.126Z,a0000000-0000-0000-0000-000000000001,2026-07-29T14:41:19.126Z,,
55a31fcc-c8af-4ab2-bcd8-e460fb76ec28,7ff7d132-f8e5-4bad-9488-bc02d1ca2144,124000.00,IDR,1,2025-12-31T17:00:00.000Z,,,,medium,active,a0000000-0000-0000-0000-000000000001,2026-07-29T14:41:19.168Z,2026-07-29T14:41:19.168Z,a0000000-0000-0000-0000-000000000001,2026-07-29T14:41:19.168Z,,
f8aab530-ac8b-4175-a611-b8f4a7b7702e,ac670263-0beb-4f9f-a944-df0ad54badc9,350000.00,IDR,1,2025-12-31T17:00:00.000Z,,,,medium,active,a0000000-0000-0000-0000-000000000001,2026-07-29T14:41:19.211Z,2026-07-29T14:41:19.211Z,a0000000-0000-0000-0000-000000000001,2026-07-29T14:41:19.211Z,,
e7079e01-ebdb-43f4-8c6b-b9a37a73c180,7f47fdd0-21f9-42cc-b068-b0c9005b7890,12000000.00,IDR,1,2025-12-31T17:00:00.000Z,,,,medium,active,a0000000-0000-0000-0000-000000000001,2026-07-29T14:41:19.253Z,2026-07-29T14:41:19.253Z,a0000000-0000-0000-0000-000000000001,2026-07-29T14:41:19.253Z,,
1593d770-80cb-4917-9713-512936f50cb6,696af157-79d1-450b-a4fa-2cd93466fc2a,97500.00,IDR,1,2025-12-31T17:00:00.000Z,,,,medium,active,a0000000-0000-0000-0000-000000000001,2026-07-29T14:41:19.295Z,2026-07-29T14:41:19.295Z,a0000000-0000-0000-0000-000000000001,2026-07-29T14:41:19.295Z,,
d0f43b9e-df6c-460e-850c-d06216d389b4,94878e95-f402-45f1-bbb7-a5b87c3d05be,85000.00,IDR,1,2025-12-31T17:00:00.000Z,,,,medium,active,a0000000-0000-0000-0000-000000000001,2026-07-29T14:41:19.336Z,2026-07-29T14:41:19.336Z,a0000000-0000-0000-0000-000000000001,2026-07-29T14:41:19.336Z,,
34921592-e70f-43ee-a07c-86de9ee83dd6,d0a5ec7f-dce0-4e2e-90cd-595bc67c9c58,20000.00,IDR,1,2025-12-31T17:00:00.000Z,,,,medium,active,a0000000-0000-0000-0000-000000000001,2026-07-29T14:41:19.377Z,2026-07-29T14:41:19.377Z,a0000000-0000-0000-0000-000000000001,2026-07-29T14:41:19.377Z,,
07e1a007-309c-4519-8e02-081d6d965382,9f2f330d-b876-4608-8ff4-c6cab047167d,1011900.00,IDR,1,2025-12-31T17:00:00.000Z,,,,medium,active,a0000000-0000-0000-0000-000000000001,2026-07-29T14:41:19.419Z,2026-07-29T14:41:19.419Z,a0000000-0000-0000-0000-000000000001,2026-07-29T14:41:19.419Z,,
b2f8cf9c-fe45-43da-bb7a-f5757854832c,b6095618-e321-44e0-a800-fc42d1e86dde,20000.00,IDR,1,2025-12-31T17:00:00.000Z,,,,medium,active,a0000000-0000-0000-0000-000000000001,2026-07-29T14:41:19.462Z,2026-07-29T14:41:19.462Z,a0000000-0000-0000-0000-000000000001,2026-07-29T14:41:19.462Z,,
0cfe16eb-b4a3-4292-a74b-6713a30c2871,9bcc1405-6c2b-4056-a6c2-3fa7fc1cd648,150000.00,IDR,1,2025-12-31T17:00:00.000Z,,,,medium,active,a0000000-0000-0000-0000-000000000001,2026-07-29T14:41:19.504Z,2026-07-29T14:41:19.504Z,a0000000-0000-0000-0000-000000000001,2026-07-29T14:41:19.504Z,,
f9387a51-8ab5-46f2-a05c-a2bfdd00c978,98df87af-7a89-451c-a311-1c921a29dbce,350000.00,IDR,1,2025-12-31T17:00:00.000Z,,,,medium,active,a0000000-0000-0000-0000-000000000001,2026-07-29T14:41:19.545Z,2026-07-29T14:41:19.545Z,a0000000-0000-0000-0000-000000000001,2026-07-29T14:41:19.545Z,,
6ec652ac-9782-4faa-ace4-37eccfaf1be7,5eeb79b7-9b92-4cc3-b571-c4d2d05ff385,45000.00,IDR,1,2025-12-31T17:00:00.000Z,,,,medium,active,a0000000-0000-0000-0000-000000000001,2026-07-29T14:41:19.587Z,2026-07-29T14:41:19.587Z,a0000000-0000-0000-0000-000000000001,2026-07-29T14:41:19.587Z,,
06e295c1-feb0-415d-8c21-d1e2060ac38e,855f3f3f-9d57-470e-9cb5-3a2354bc21d9,180000.00,IDR,1,2025-12-31T17:00:00.000Z,,,,medium,active,a0000000-0000-0000-0000-000000000001,2026-07-29T14:41:19.629Z,2026-07-29T14:41:19.629Z,a0000000-0000-0000-0000-000000000001,2026-07-29T14:41:19.629Z,,
015498a6-ac4c-4687-9df3-32079d3edd5e,0fd32918-871d-4363-818d-03328218edb5,400000.00,IDR,1,2025-12-31T17:00:00.000Z,,,,medium,active,a0000000-0000-0000-0000-000000000001,2026-07-29T14:41:19.671Z,2026-07-29T14:41:19.671Z,a0000000-0000-0000-0000-000000000001,2026-07-29T14:41:19.671Z,,
9d787c83-188f-429c-a415-1a64db6aaa39,e2212d5a-c91c-4926-ac91-f0cf03a17456,21000.00,IDR,1,2025-12-31T17:00:00.000Z,,,,medium,active,a0000000-0000-0000-0000-000000000001,2026-07-29T14:41:19.713Z,2026-07-29T14:41:19.713Z,a0000000-0000-0000-0000-000000000001,2026-07-29T14:41:19.713Z,,
fb1cde41-56b8-4fc8-810d-0565a346521e,b6dc98bf-3619-4872-8ea6-45a76d847461,20000.00,IDR,1,2025-12-31T17:00:00.000Z,,,,medium,active,a0000000-0000-0000-0000-000000000001,2026-07-29T14:41:19.755Z,2026-07-29T14:41:19.755Z,a0000000-0000-0000-0000-000000000001,2026-07-29T14:41:19.755Z,,
e97e7d31-fbfe-4e07-8a35-2bedf64171b2,d5c5f214-c1d3-47ce-96ad-e5661c913a30,1.00,IDR,1,2025-12-31T17:00:00.000Z,,,,medium,active,a0000000-0000-0000-0000-000000000001,2026-07-29T14:41:19.798Z,2026-07-29T14:41:19.798Z,a0000000-0000-0000-0000-000000000001,2026-07-29T14:41:19.798Z,,
279d2fdd-8506-48af-9844-46d68af89041,73014112-21a8-4c31-b859-e8523f3e56c9,130000.00,IDR,1,2025-12-31T17:00:00.000Z,,,,medium,active,a0000000-0000-0000-0000-000000000001,2026-07-29T14:41:19.839Z,2026-07-29T14:41:19.839Z,a0000000-0000-0000-0000-000000000001,2026-07-29T14:41:19.839Z,,
1535de6d-793b-44c7-a534-89402a366b3f,fa511f93-f1bd-4640-b8b5-aed6761e7766,179000.00,IDR,1,2025-12-31T17:00:00.000Z,,,,medium,active,a0000000-0000-0000-0000-000000000001,2026-07-29T14:41:19.881Z,2026-07-29T14:41:19.881Z,a0000000-0000-0000-0000-000000000001,2026-07-29T14:41:19.881Z,,
b231dc78-07af-4ad4-b006-894d31b618cb,26873c26-f8ab-4c66-836d-a69f36ee1131,123000.00,IDR,1,2025-12-31T17:00:00.000Z,,,,medium,active,a0000000-0000-0000-0000-000000000001,2026-07-29T14:41:19.922Z,2026-07-29T14:41:19.922Z,a0000000-0000-0000-0000-000000000001,2026-07-29T14:41:19.922Z,,
928b33a0-e364-434d-a8af-8b34bfd8fb50,e6af9837-2a92-4e0a-8e80-0313f793bff5,4750000.00,IDR,1,2025-12-31T17:00:00.000Z,,,,medium,active,a0000000-0000-0000-0000-000000000001,2026-07-29T14:41:19.966Z,2026-07-29T14:41:19.966Z,a0000000-0000-0000-0000-000000000001,2026-07-29T14:41:19.966Z,,
92e1fe62-817d-49fb-a2ee-9097996ccde9,17fc8448-0dfa-4a24-a5dc-22d78050185d,1500000.00,IDR,1,2025-12-31T17:00:00.000Z,,,,medium,active,a0000000-0000-0000-0000-000000000001,2026-07-29T14:41:20.008Z,2026-07-29T14:41:20.008Z,a0000000-0000-0000-0000-000000000001,2026-07-29T14:41:20.008Z,,
3e1ce7d0-591b-405f-ab23-7a2ba3533d7b,8d5ef6c2-e3dd-4b64-8bd6-5da9eb8e38d8,200000.00,IDR,1,2025-12-31T17:00:00.000Z,,,,medium,active,a0000000-0000-0000-0000-000000000001,2026-07-29T14:41:20.050Z,2026-07-29T14:41:20.050Z,a0000000-0000-0000-0000-000000000001,2026-07-29T14:41:20.050Z,,
cf1a5724-efff-4678-9395-a959d5abb049,b595a86d-1b60-4018-b62a-7c082290753a,1.00,IDR,1,2025-12-31T17:00:00.000Z,,,,medium,active,a0000000-0000-0000-0000-000000000001,2026-07-29T14:41:20.093Z,2026-07-29T14:41:20.093Z,a0000000-0000-0000-0000-000000000001,2026-07-29T14:41:20.093Z,,
9810d756-857d-4669-bb4f-49a213a02083,d7ee260b-252d-4a53-8338-bec62c2c64c8,5000.00,IDR,1,2025-12-31T17:00:00.000Z,,,,medium,active,a0000000-0000-0000-0000-000000000001,2026-07-29T14:41:20.135Z,2026-07-29T14:41:20.135Z,a0000000-0000-0000-0000-000000000001,2026-07-29T14:41:20.135Z,,
e1f6a3e9-ac8d-46e8-9fe9-72f4f68c5b83,3b63adcb-a7ad-499d-bd7c-df1145c9eb10,216000.00,IDR,1,2025-12-31T17:00:00.000Z,,,,medium,active,a0000000-0000-0000-0000-000000000001,2026-07-29T14:41:20.177Z,2026-07-29T14:41:20.177Z,a0000000-0000-0000-0000-000000000001,2026-07-29T14:41:20.177Z,,
151dbebb-608d-45f0-80ae-99f64e2af328,6426c37d-6e60-487b-840d-12e951d84fd2,68000.00,IDR,1,2025-12-31T17:00:00.000Z,,,,medium,active,a0000000-0000-0000-0000-000000000001,2026-07-29T14:41:20.220Z,2026-07-29T14:41:20.220Z,a0000000-0000-0000-0000-000000000001,2026-07-29T14:41:20.220Z,,
77d41352-3031-4b8c-bc37-543503f650cf,1e10e893-7d44-4af0-8d9f-6d94ac77ca2e,317500.00,IDR,1,2025-12-31T17:00:00.000Z,,,,medium,active,a0000000-0000-0000-0000-000000000001,2026-07-29T14:41:20.261Z,2026-07-29T14:41:20.261Z,a0000000-0000-0000-0000-000000000001,2026-07-29T14:41:20.261Z,,
a573a18e-e295-4570-b698-4d8f35a9fdb2,4dae5624-fdbd-4870-90a9-63d26e91a6b5,67900.00,IDR,1,2025-12-31T17:00:00.000Z,,,,medium,active,a0000000-0000-0000-0000-000000000001,2026-07-29T14:41:20.303Z,2026-07-29T14:41:20.303Z,a0000000-0000-0000-0000-000000000001,2026-07-29T14:41:20.303Z,,
0500b606-da85-4915-981e-61624e5c0a50,dbf11e69-8a20-4208-9bb3-8dc275431d2b,710000.00,IDR,1,2025-12-31T17:00:00.000Z,,,,medium,active,a0000000-0000-0000-0000-000000000001,2026-07-29T14:41:20.345Z,2026-07-29T14:41:20.345Z,a0000000-0000-0000-0000-000000000001,2026-07-29T14:41:20.345Z,,
f10d0ba5-f153-407d-8938-737eec62c1ef,52760c0a-ba79-4146-9137-5fb453f0e4ce,69200.00,IDR,1,2025-12-31T17:00:00.000Z,,,,medium,active,a0000000-0000-0000-0000-000000000001,2026-07-29T14:41:20.386Z,2026-07-29T14:41:20.386Z,a0000000-0000-0000-0000-000000000001,2026-07-29T14:41:20.386Z,,
894cc42d-544f-47f6-95bc-96e0161a0441,4db618a2-9ed1-41f0-88fa-e0f1b3aafec1,260000.00,IDR,1,2025-12-31T17:00:00.000Z,,,,medium,active,a0000000-0000-0000-0000-000000000001,2026-07-29T14:41:20.428Z,2026-07-29T14:41:20.428Z,a0000000-0000-0000-0000-000000000001,2026-07-29T14:41:20.428Z,,
a74e1183-f652-4ebc-85e6-5508f9098cd3,27e597da-a5b0-4388-8a5c-0c2ffc063e71,1.00,IDR,1,2025-12-31T17:00:00.000Z,,,,medium,active,a0000000-0000-0000-0000-000000000001,2026-07-29T14:41:20.470Z,2026-07-29T14:41:20.470Z,a0000000-0000-0000-0000-000000000001,2026-07-29T14:41:20.470Z,,
fa61e30d-2d74-4c65-92a7-40e296baa8de,dab6fb6f-20d2-4e94-93b3-40cbca822f02,33500.00,IDR,1,2025-12-31T17:00:00.000Z,,,,medium,active,a0000000-0000-0000-0000-000000000001,2026-07-29T14:41:20.511Z,2026-07-29T14:41:20.511Z,a0000000-0000-0000-0000-000000000001,2026-07-29T14:41:20.511Z,,
d636ab82-dff8-4d4d-ac78-c0ce5cdbd39c,b79950ae-ffa7-4c32-9aa3-67ef5a37368b,780000.00,IDR,1,2025-12-31T17:00:00.000Z,,,,medium,active,a0000000-0000-0000-0000-000000000001,2026-07-29T14:41:20.553Z,2026-07-29T14:41:20.553Z,a0000000-0000-0000-0000-000000000001,2026-07-29T14:41:20.553Z,,
c6bf4358-88c0-4ba3-af66-1f6f023049e1,6377c06b-756f-4f47-8a27-e0462dfb3aef,46400.00,IDR,1,2025-12-31T17:00:00.000Z,,,,medium,active,a0000000-0000-0000-0000-000000000001,2026-07-29T14:41:20.595Z,2026-07-29T14:41:20.595Z,a0000000-0000-0000-0000-000000000001,2026-07-29T14:41:20.595Z,,
8e1151b5-f8a7-4910-8aa2-9f9f3245b5cf,ed1b1808-83fa-4967-a09c-b991043cfe76,200000.00,IDR,1,2025-12-31T17:00:00.000Z,,,,medium,active,a0000000-0000-0000-0000-000000000001,2026-07-29T14:41:20.637Z,2026-07-29T14:41:20.637Z,a0000000-0000-0000-0000-000000000001,2026-07-29T14:41:20.637Z,,
ee37f5b0-ed0b-4f97-b8df-dc1207ca6696,0ae403b7-12d3-42f6-b266-e4136ddcd52c,1.00,IDR,1,2025-12-31T17:00:00.000Z,,,,medium,active,a0000000-0000-0000-0000-000000000001,2026-07-29T14:41:20.679Z,2026-07-29T14:41:20.679Z,a0000000-0000-0000-0000-000000000001,2026-07-29T14:41:20.679Z,,
ada8e7b1-7ea4-4c1f-b5a6-9a4089bd36ce,6de1bf47-7ea9-428e-a00e-d6e0caaf8e86,360000.00,IDR,1,2025-12-31T17:00:00.000Z,,,,medium,active,a0000000-0000-0000-0000-000000000001,2026-07-29T14:41:20.720Z,2026-07-29T14:41:20.720Z,a0000000-0000-0000-0000-000000000001,2026-07-29T14:41:20.720Z,,
32342717-9dde-4180-b31f-0fa6bd8c385c,8fbfc022-961c-49da-b554-f1955228a8f6,757000.00,IDR,1,2025-12-31T17:00:00.000Z,,,,medium,active,a0000000-0000-0000-0000-000000000001,2026-07-29T14:41:20.763Z,2026-07-29T14:41:20.763Z,a0000000-0000-0000-0000-000000000001,2026-07-29T14:41:20.763Z,,
dfab5d7a-2b2f-4f32-911f-7cf5e53a4b9d,6a06454a-a302-4374-abb0-328a018e6366,825000.00,IDR,1,2025-12-31T17:00:00.000Z,,,,medium,active,a0000000-0000-0000-0000-000000000001,2026-07-29T14:41:20.805Z,2026-07-29T14:41:20.805Z,a0000000-0000-0000-0000-000000000001,2026-07-29T14:41:20.805Z,,
1eb24206-e3c7-4f6a-bde3-73f50ea23fdc,0aacff68-7bf0-4495-b5dd-f37503b80254,510000.00,IDR,1,2025-12-31T17:00:00.000Z,,,,medium,active,a0000000-0000-0000-0000-000000000001,2026-07-29T14:41:20.847Z,2026-07-29T14:41:20.847Z,a0000000-0000-0000-0000-000000000001,2026-07-29T14:41:20.847Z,,
32362d3e-3362-4dc3-82a5-e7738ca90c11,d7863ba5-4e27-4334-842c-646e866f0f36,5000.00,IDR,1,2025-12-31T17:00:00.000Z,,,,medium,active,a0000000-0000-0000-0000-000000000001,2026-07-29T14:41:20.889Z,2026-07-29T14:41:20.889Z,a0000000-0000-0000-0000-000000000001,2026-07-29T14:41:20.889Z,,
26e1b339-5920-47f3-b34a-af2d657c239b,f0dd7aad-cadc-4a88-9d7c-fc71f207d462,663500.00,IDR,1,2025-12-31T17:00:00.000Z,,,,medium,active,a0000000-0000-0000-0000-000000000001,2026-07-29T14:41:20.931Z,2026-07-29T14:41:20.931Z,a0000000-0000-0000-0000-000000000001,2026-07-29T14:41:20.931Z,,
44889163-b750-4294-8004-62703ba24140,82deaa56-9eb9-4901-8ccb-ed2841b415e2,14250000.00,IDR,1,2025-12-31T17:00:00.000Z,,,,medium,active,a0000000-0000-0000-0000-000000000001,2026-07-29T14:41:20.973Z,2026-07-29T14:41:20.973Z,a0000000-0000-0000-0000-000000000001,2026-07-29T14:41:20.973Z,,
a17a7722-907f-430b-bdee-57c0266b9fb0,09c3678b-865b-4676-b449-1bf078540cc3,130000.00,IDR,1,2025-12-31T17:00:00.000Z,,,,medium,active,a0000000-0000-0000-0000-000000000001,2026-07-29T14:41:21.015Z,2026-07-29T14:41:21.015Z,a0000000-0000-0000-0000-000000000001,2026-07-29T14:41:21.015Z,,
cef3be9e-7982-4f3e-8192-d3f2a6a17b4b,87db7f5a-f9a8-49e6-8e8e-8ed94ccac809,220800.00,IDR,1,2025-12-31T17:00:00.000Z,,,,medium,active,a0000000-0000-0000-0000-000000000001,2026-07-29T14:41:21.058Z,2026-07-29T14:41:21.058Z,a0000000-0000-0000-0000-000000000001,2026-07-29T14:41:21.058Z,,
1102b26e-2842-4dfe-9607-031db4dae824,39f4116a-5a8d-4f57-8734-812c71e2d443,82000.00,IDR,1,2025-12-31T17:00:00.000Z,,,,medium,active,a0000000-0000-0000-0000-000000000001,2026-07-29T14:41:21.121Z,2026-07-29T14:41:21.121Z,a0000000-0000-0000-0000-000000000001,2026-07-29T14:41:21.121Z,,
d6ac9708-e0c8-4773-915d-af22aa5353b0,96a9e275-18c9-4302-991b-e7d7f6d115a6,62500.00,IDR,1,2025-12-31T17:00:00.000Z,,,,medium,active,a0000000-0000-0000-0000-000000000001,2026-07-29T14:41:21.162Z,2026-07-29T14:41:21.162Z,a0000000-0000-0000-0000-000000000001,2026-07-29T14:41:21.162Z,,
ce259fd8-f9ec-4680-9119-863ed2642b3d,c8368451-1091-44f7-a2a4-be60dc230170,8900.00,IDR,1,2025-12-31T17:00:00.000Z,,,,medium,active,a0000000-0000-0000-0000-000000000001,2026-07-29T14:41:21.206Z,2026-07-29T14:41:21.206Z,a0000000-0000-0000-0000-000000000001,2026-07-29T14:41:21.206Z,,
cb124976-c146-45ac-92df-bb012de45ef3,bd19dac2-14f6-46c3-a4fd-c6a2a672a4a1,4000000.00,IDR,1,2025-12-31T17:00:00.000Z,,,,medium,active,a0000000-0000-0000-0000-000000000001,2026-07-29T14:41:21.247Z,2026-07-29T14:41:21.247Z,a0000000-0000-0000-0000-000000000001,2026-07-29T14:41:21.247Z,,
fcef62bd-be15-46b8-8315-3ba02021990a,b50280e3-4ab8-45f3-8029-1d2687fe78a0,1440000.00,IDR,1,2025-12-31T17:00:00.000Z,,,,medium,active,a0000000-0000-0000-0000-000000000001,2026-07-29T14:41:21.290Z,2026-07-29T14:41:21.290Z,a0000000-0000-0000-0000-000000000001,2026-07-29T14:41:21.290Z,,
6527724b-9ac4-4b9f-bda5-72d59cb9d61d,45c4df83-b930-4081-b7f5-7b1b0349b226,77000.00,IDR,1,2025-12-31T17:00:00.000Z,,,,medium,active,a0000000-0000-0000-0000-000000000001,2026-07-29T14:41:21.332Z,2026-07-29T14:41:21.332Z,a0000000-0000-0000-0000-000000000001,2026-07-29T14:41:21.332Z,,
0869c55d-428a-4188-b768-8498c8bb6aec,d93e5a19-5b8c-4ca4-8a7f-2387cdccc2a9,77000.00,IDR,1,2025-12-31T17:00:00.000Z,,,,medium,active,a0000000-0000-0000-0000-000000000001,2026-07-29T14:41:21.374Z,2026-07-29T14:41:21.374Z,a0000000-0000-0000-0000-000000000001,2026-07-29T14:41:21.374Z,,
149875b2-5bd6-40fd-8a83-3f30790d6548,e51d98f8-e624-46f7-b0fe-6c003932027c,6298700.00,IDR,1,2025-12-31T17:00:00.000Z,,,,medium,active,a0000000-0000-0000-0000-000000000001,2026-07-29T14:41:21.417Z,2026-07-29T14:41:21.417Z,a0000000-0000-0000-0000-000000000001,2026-07-29T14:41:21.417Z,,
516020ff-8edb-45ca-8df2-b37203a79bbe,ec9c37b8-5908-462a-a88a-2a78a3de5f97,67900.00,IDR,1,2025-12-31T17:00:00.000Z,,,,medium,active,a0000000-0000-0000-0000-000000000001,2026-07-29T14:41:21.459Z,2026-07-29T14:41:21.459Z,a0000000-0000-0000-0000-000000000001,2026-07-29T14:41:21.459Z,,
48f3c33a-608c-4b18-a26c-47d9900dad66,e4dfc5dc-17ee-40ea-8bea-eb5085363dee,185000.00,IDR,1,2025-12-31T17:00:00.000Z,,,,medium,active,a0000000-0000-0000-0000-000000000001,2026-07-29T14:41:21.501Z,2026-07-29T14:41:21.501Z,a0000000-0000-0000-0000-000000000001,2026-07-29T14:41:21.501Z,,
7c1384a9-a42c-49d7-9c3c-061441b7d380,097e79e7-85f9-481b-b77a-d28e3a729cd0,11522.00,IDR,1,2025-12-31T17:00:00.000Z,,,,medium,active,a0000000-0000-0000-0000-000000000001,2026-07-29T14:41:21.543Z,2026-07-29T14:41:21.543Z,a0000000-0000-0000-0000-000000000001,2026-07-29T14:41:21.543Z,,
59687ae7-1c6e-4e52-9872-0bc64ded4b8d,95de709c-b9ca-40b1-ad64-d215d5b1ea2e,14500000.00,IDR,1,2025-12-31T17:00:00.000Z,,,,medium,active,a0000000-0000-0000-0000-000000000001,2026-07-29T14:41:21.585Z,2026-07-29T14:41:21.585Z,a0000000-0000-0000-0000-000000000001,2026-07-29T14:41:21.585Z,,
8af1552a-a5bb-4009-95e1-000ff8665a11,e4da8592-f19d-4d5a-98fb-1cbfdce2c655,94000.00,IDR,1,2025-12-31T17:00:00.000Z,,,,medium,active,a0000000-0000-0000-0000-000000000001,2026-07-29T14:41:21.627Z,2026-07-29T14:41:21.627Z,a0000000-0000-0000-0000-000000000001,2026-07-29T14:41:21.627Z,,
967a4092-ff26-4b56-a173-a076bf4d1f8c,7e4ce5a1-c9fc-4162-befd-93ca79da1521,255000.00,IDR,1,2025-12-31T17:00:00.000Z,,,,medium,active,a0000000-0000-0000-0000-000000000001,2026-07-29T14:41:21.669Z,2026-07-29T14:41:21.669Z,a0000000-0000-0000-0000-000000000001,2026-07-29T14:41:21.669Z,,
bd69cb7a-78e4-425f-857a-a6871d6e299a,c186ea67-2b83-493b-a227-d536e24e4292,4900000.00,IDR,1,2025-12-31T17:00:00.000Z,,,,medium,active,a0000000-0000-0000-0000-000000000001,2026-07-29T14:41:21.711Z,2026-07-29T14:41:21.711Z,a0000000-0000-0000-0000-000000000001,2026-07-29T14:41:21.711Z,,
be5fa1ac-0a32-481e-9e9a-af9fa0f77a09,575b6650-9285-4263-85a3-8b14f6d8b256,2750000.00,IDR,1,2025-12-31T17:00:00.000Z,,,,medium,active,a0000000-0000-0000-0000-000000000001,2026-07-29T14:41:21.753Z,2026-07-29T14:41:21.753Z,a0000000-0000-0000-0000-000000000001,2026-07-29T14:41:21.753Z,,
f68913b0-e897-4e1f-9f5c-484c5e735f62,923fbe91-d855-4520-90ef-979a98872bc1,44700.00,IDR,1,2025-12-31T17:00:00.000Z,,,,medium,active,a0000000-0000-0000-0000-000000000001,2026-07-29T14:41:21.796Z,2026-07-29T14:41:21.796Z,a0000000-0000-0000-0000-000000000001,2026-07-29T14:41:21.796Z,,
1a24c673-36f0-47e6-b7d2-f4735f006fdd,66ead0dc-c60e-4647-a873-8a8a420ba062,95000.00,IDR,1,2025-12-31T17:00:00.000Z,,,,medium,active,a0000000-0000-0000-0000-000000000001,2026-07-29T14:41:21.838Z,2026-07-29T14:41:21.838Z,a0000000-0000-0000-0000-000000000001,2026-07-29T14:41:21.838Z,,
28528328-8be2-4178-989e-7e3d10f072a1,8238ad0d-3f42-444e-87f4-6a20d7b43891,1.00,IDR,1,2025-12-31T17:00:00.000Z,,,,medium,active,a0000000-0000-0000-0000-000000000001,2026-07-29T14:41:21.880Z,2026-07-29T14:41:21.880Z,a0000000-0000-0000-0000-000000000001,2026-07-29T14:41:21.880Z,,
9e2dcd04-5eb5-4c93-9ee4-bd0477864a78,b4474b82-bfd5-4217-972c-ed284d48d165,2400000.00,IDR,1,2025-12-31T17:00:00.000Z,,,,medium,active,a0000000-0000-0000-0000-000000000001,2026-07-29T14:41:21.922Z,2026-07-29T14:41:21.922Z,a0000000-0000-0000-0000-000000000001,2026-07-29T14:41:21.922Z,,
21e2c0b6-b652-4a67-a65f-a9754f19f7bd,b944ed43-227b-4d42-906d-b1a39194972c,100000.00,IDR,1,2025-12-31T17:00:00.000Z,,,,medium,active,a0000000-0000-0000-0000-000000000001,2026-07-29T14:41:21.967Z,2026-07-29T14:41:21.967Z,a0000000-0000-0000-0000-000000000001,2026-07-29T14:41:21.967Z,,
a9ab2204-f5d5-42f0-880e-3ddb6927fdec,49e6e665-f63a-4bf8-9126-35ce79f1e5a4,10214200.00,IDR,1,2025-12-31T17:00:00.000Z,,,,medium,active,a0000000-0000-0000-0000-000000000001,2026-07-29T14:41:22.009Z,2026-07-29T14:41:22.009Z,a0000000-0000-0000-0000-000000000001,2026-07-29T14:41:22.009Z,,
7e908e5d-6c8e-47f3-a93b-3303f5cd1078,0d35bc1e-d671-4090-a4e9-a94542313dd9,50000.00,IDR,1,2025-12-31T17:00:00.000Z,,,,medium,active,a0000000-0000-0000-0000-000000000001,2026-07-29T14:41:22.051Z,2026-07-29T14:41:22.051Z,a0000000-0000-0000-0000-000000000001,2026-07-29T14:41:22.051Z,,
ca76ef8e-18fa-4ad2-8fb8-19bc3f6d7eeb,de3d6f98-9387-4755-9394-03625417e40c,3000.00,IDR,1,2025-12-31T17:00:00.000Z,,,,medium,active,a0000000-0000-0000-0000-000000000001,2026-07-29T14:41:22.093Z,2026-07-29T14:41:22.093Z,a0000000-0000-0000-0000-000000000001,2026-07-29T14:41:22.093Z,,
72f4ec7a-92f3-403b-944a-e9cee752a3f9,248ce90b-9d30-4eb6-be82-b90450cffa1c,30000.00,IDR,1,2025-12-31T17:00:00.000Z,,,,medium,active,a0000000-0000-0000-0000-000000000001,2026-07-29T14:41:22.134Z,2026-07-29T14:41:22.134Z,a0000000-0000-0000-0000-000000000001,2026-07-29T14:41:22.134Z,,
8485ef68-05f2-46c3-a0e4-64884f1d0813,573c5da5-2c35-42da-9fae-71c414c709c8,300000.00,IDR,1,2025-12-31T17:00:00.000Z,,,,medium,active,a0000000-0000-0000-0000-000000000001,2026-07-29T14:41:22.176Z,2026-07-29T14:41:22.176Z,a0000000-0000-0000-0000-000000000001,2026-07-29T14:41:22.176Z,,
d5bf1011-e121-4cc6-bef0-c2e8d24a1546,88af5f3f-c3d5-43a0-8174-05dd76c42ed9,1.00,IDR,1,2025-12-31T17:00:00.000Z,,,,medium,active,a0000000-0000-0000-0000-000000000001,2026-07-29T14:41:22.219Z,2026-07-29T14:41:22.219Z,a0000000-0000-0000-0000-000000000001,2026-07-29T14:41:22.219Z,,
f20a6072-7fee-4a99-880e-9e231c1bf7c0,a7d3df7e-616f-43d4-8b1a-42985aaf587d,82000.00,IDR,1,2025-12-31T17:00:00.000Z,,,,medium,active,a0000000-0000-0000-0000-000000000001,2026-07-29T14:41:22.261Z,2026-07-29T14:41:22.261Z,a0000000-0000-0000-0000-000000000001,2026-07-29T14:41:22.261Z,,
864bc5a1-6ad8-4af8-8fb4-15442a641752,289cb866-dd70-4b7f-99ae-39f8022a26af,50000.00,IDR,1,2025-12-31T17:00:00.000Z,,,,medium,active,a0000000-0000-0000-0000-000000000001,2026-07-29T14:41:22.302Z,2026-07-29T14:41:22.302Z,a0000000-0000-0000-0000-000000000001,2026-07-29T14:41:22.302Z,,
7861ccc2-051b-4e3d-b52a-fb905e9a7767,d7edac3e-c800-4ffb-a2b5-5a7715a0401f,12000000.00,IDR,1,2025-12-31T17:00:00.000Z,,,,medium,active,a0000000-0000-0000-0000-000000000001,2026-07-29T14:41:22.343Z,2026-07-29T14:41:22.343Z,a0000000-0000-0000-0000-000000000001,2026-07-29T14:41:22.343Z,,
f68427d2-f375-4c6a-a2cf-4ca6a4d277ee,76999737-3e5d-40ef-a291-f6e9ae383d2b,571000.00,IDR,1,2025-12-31T17:00:00.000Z,,,,medium,active,a0000000-0000-0000-0000-000000000001,2026-07-29T14:41:22.385Z,2026-07-29T14:41:22.385Z,a0000000-0000-0000-0000-000000000001,2026-07-29T14:41:22.385Z,,
436bd382-4f57-45d8-915a-25fe0b5764d9,eeb72757-4129-4b35-9380-7e49c37644cd,51500.00,IDR,1,2025-12-31T17:00:00.000Z,,,,medium,active,a0000000-0000-0000-0000-000000000001,2026-07-29T14:41:22.427Z,2026-07-29T14:41:22.427Z,a0000000-0000-0000-0000-000000000001,2026-07-29T14:41:22.427Z,,
3e25dbe1-f866-4b24-94f3-3b91809230b5,5f5baa31-5efe-4f41-b94c-3a3f6da34d18,45000.00,IDR,1,2025-12-31T17:00:00.000Z,,,,medium,active,a0000000-0000-0000-0000-000000000001,2026-07-29T14:41:22.468Z,2026-07-29T14:41:22.468Z,a0000000-0000-0000-0000-000000000001,2026-07-29T14:41:22.468Z,,
b54977b1-25fc-4433-b22c-c0e57bf8e133,d3e09794-b68c-4d11-b4d8-adf0f1a2a67d,200000.00,IDR,1,2025-12-31T17:00:00.000Z,,,,medium,active,a0000000-0000-0000-0000-000000000001,2026-07-29T14:41:22.511Z,2026-07-29T14:41:22.511Z,a0000000-0000-0000-0000-000000000001,2026-07-29T14:41:22.511Z,,
9bba8550-bfd2-4b35-870e-c2d3aad044e9,d02f23d9-2256-467c-a861-59b38a88c6e5,1.00,IDR,1,2025-12-31T17:00:00.000Z,,,,medium,active,a0000000-0000-0000-0000-000000000001,2026-07-29T14:41:22.553Z,2026-07-29T14:41:22.553Z,a0000000-0000-0000-0000-000000000001,2026-07-29T14:41:22.553Z,,
9b774441-4738-4635-80d8-223ef0079bcc,191b7680-6edb-4646-9caf-c7fdb146bcd7,670000.00,IDR,1,2025-12-31T17:00:00.000Z,,,,medium,active,a0000000-0000-0000-0000-000000000001,2026-07-29T14:41:22.595Z,2026-07-29T14:41:22.595Z,a0000000-0000-0000-0000-000000000001,2026-07-29T14:41:22.595Z,,
a1655e49-8260-4c78-a318-c35071ba4def,3db1f890-24b8-4ab6-b945-95f66be706c7,2115000.00,IDR,1,2025-12-31T17:00:00.000Z,,,,medium,active,a0000000-0000-0000-0000-000000000001,2026-07-29T14:41:22.637Z,2026-07-29T14:41:22.637Z,a0000000-0000-0000-0000-000000000001,2026-07-29T14:41:22.637Z,,
5cd90151-eb3b-4e58-b90b-d5c4c6a4a928,8ae5f3b6-e8ba-4067-a4e7-d8cd9aec614d,222000.00,IDR,1,2025-12-31T17:00:00.000Z,,,,medium,active,a0000000-0000-0000-0000-000000000001,2026-07-29T14:41:22.679Z,2026-07-29T14:41:22.679Z,a0000000-0000-0000-0000-000000000001,2026-07-29T14:41:22.679Z,,
e76d2af3-e54c-4779-ad75-cb3a2c5508ef,03777020-6c73-46ac-a7cb-d10375a10fd3,350000.00,IDR,1,2025-12-31T17:00:00.000Z,,,,medium,active,a0000000-0000-0000-0000-000000000001,2026-07-29T14:41:22.720Z,2026-07-29T14:41:22.720Z,a0000000-0000-0000-0000-000000000001,2026-07-29T14:41:22.720Z,,
6158937b-a602-4799-9070-c70b06e850e3,1b652186-3ec0-49fc-b138-d094d68d9933,468000.00,IDR,1,2025-12-31T17:00:00.000Z,,,,medium,active,a0000000-0000-0000-0000-000000000001,2026-07-29T14:41:22.762Z,2026-07-29T14:41:22.762Z,a0000000-0000-0000-0000-000000000001,2026-07-29T14:41:22.762Z,,
ff2fb083-220b-4c93-b480-87bdc64013cf,85b27405-3ced-49c1-a170-4bb7ca832411,71250.00,IDR,1,2025-12-31T17:00:00.000Z,,,,medium,active,a0000000-0000-0000-0000-000000000001,2026-07-29T14:41:22.804Z,2026-07-29T14:41:22.804Z,a0000000-0000-0000-0000-000000000001,2026-07-29T14:41:22.804Z,,
0092fad9-f16d-4849-8f20-9ae6acd67def,30569966-442f-4d0f-bbba-54c3ad5ac27f,67900.00,IDR,1,2025-12-31T17:00:00.000Z,,,,medium,active,a0000000-0000-0000-0000-000000000001,2026-07-29T14:41:22.846Z,2026-07-29T14:41:22.846Z,a0000000-0000-0000-0000-000000000001,2026-07-29T14:41:22.846Z,,
d28c6daa-247b-45eb-a1b0-22e8fcaf2cc5,50db289f-efc5-4bd6-bac2-4e4dff54a89a,55000.00,IDR,1,2025-12-31T17:00:00.000Z,,,,medium,active,a0000000-0000-0000-0000-000000000001,2026-07-29T14:41:22.889Z,2026-07-29T14:41:22.889Z,a0000000-0000-0000-0000-000000000001,2026-07-29T14:41:22.889Z,,
4072e710-59bd-49b5-98d4-7302fae04a80,6c4dac44-ca9d-479c-845f-b858ef20a2dd,5000.00,IDR,1,2025-12-31T17:00:00.000Z,,,,medium,active,a0000000-0000-0000-0000-000000000001,2026-07-29T14:41:22.930Z,2026-07-29T14:41:22.930Z,a0000000-0000-0000-0000-000000000001,2026-07-29T14:41:22.930Z,,
2dce5336-c216-48db-9e0f-70fb072c046d,79e96b6c-df05-48a3-8c7d-fdcceb24ee03,2500000.00,IDR,1,2025-12-31T17:00:00.000Z,,,,medium,active,a0000000-0000-0000-0000-000000000001,2026-07-29T14:41:22.972Z,2026-07-29T14:41:22.972Z,a0000000-0000-0000-0000-000000000001,2026-07-29T14:41:22.972Z,,
7cdd01d3-06ef-4187-bd56-36d343414cf9,7076e790-deff-4f1f-a3d2-e6c6ad0b3d1f,24700.00,IDR,1,2025-12-31T17:00:00.000Z,,,,medium,active,a0000000-0000-0000-0000-000000000001,2026-07-29T14:41:23.014Z,2026-07-29T14:41:23.014Z,a0000000-0000-0000-0000-000000000001,2026-07-29T14:41:23.014Z,,
ea3f3b78-d53c-48ff-bf3b-ccf636130237,ea3fd67f-3ce3-486a-a36d-89c0e655c23e,49500.00,IDR,1,2025-12-31T17:00:00.000Z,,,,medium,active,a0000000-0000-0000-0000-000000000001,2026-07-29T14:41:23.056Z,2026-07-29T14:41:23.056Z,a0000000-0000-0000-0000-000000000001,2026-07-29T14:41:23.056Z,,
df030aa4-1550-42ed-a450-7106f76e7e74,6ce83647-2453-4047-83c7-68d4614d8bec,454000.00,IDR,1,2025-12-31T17:00:00.000Z,,,,medium,active,a0000000-0000-0000-0000-000000000001,2026-07-29T14:41:23.099Z,2026-07-29T14:41:23.099Z,a0000000-0000-0000-0000-000000000001,2026-07-29T14:41:23.099Z,,
3743a4f4-8162-4daf-8644-82d5058ba3e4,806761bf-8e26-4caa-9563-2364ed050a61,1.00,IDR,1,2025-12-31T17:00:00.000Z,,,,medium,active,a0000000-0000-0000-0000-000000000001,2026-07-29T14:41:23.140Z,2026-07-29T14:41:23.140Z,a0000000-0000-0000-0000-000000000001,2026-07-29T14:41:23.140Z,,
03625927-eaed-48c2-acd4-2e773d1fe255,cac63059-62f0-4f8a-9ca0-b9c67b6e1cd8,90000.00,IDR,1,2025-12-31T17:00:00.000Z,,,,medium,active,a0000000-0000-0000-0000-000000000001,2026-07-29T14:41:23.182Z,2026-07-29T14:41:23.182Z,a0000000-0000-0000-0000-000000000001,2026-07-29T14:41:23.182Z,,
ea703d97-9c94-4144-ba10-637c36d1a608,76272a46-5b22-4d38-869b-b71d8670bdf7,39000.00,IDR,1,2025-12-31T17:00:00.000Z,,,,medium,active,a0000000-0000-0000-0000-000000000001,2026-07-29T14:41:23.224Z,2026-07-29T14:41:23.224Z,a0000000-0000-0000-0000-000000000001,2026-07-29T14:41:23.224Z,,
adac09c4-d141-4a26-99ff-27b7eb70ca7e,c11d06b7-450e-4370-ba78-38c767978e96,170000.00,IDR,1,2025-12-31T17:00:00.000Z,,,,medium,active,a0000000-0000-0000-0000-000000000001,2026-07-29T14:41:23.268Z,2026-07-29T14:41:23.268Z,a0000000-0000-0000-0000-000000000001,2026-07-29T14:41:23.268Z,,
51ce7846-69b5-4781-bcd4-52cbdb8a7748,cd23e427-562e-4fb3-8d78-bcd82b81b2d5,2475000.00,IDR,1,2025-12-31T17:00:00.000Z,,,,medium,active,a0000000-0000-0000-0000-000000000001,2026-07-29T14:41:23.310Z,2026-07-29T14:41:23.310Z,a0000000-0000-0000-0000-000000000001,2026-07-29T14:41:23.310Z,,
d8e6ba4c-fde8-4a74-8c77-312f76441f58,4d647a79-0152-49c8-8e54-9179ce5ff2b9,1.00,IDR,1,2025-12-31T17:00:00.000Z,,,,medium,active,a0000000-0000-0000-0000-000000000001,2026-07-29T14:41:23.352Z,2026-07-29T14:41:23.352Z,a0000000-0000-0000-0000-000000000001,2026-07-29T14:41:23.352Z,,
e833b42e-c153-4aea-8004-911037b04100,436f8a07-220d-42ab-8b68-03b6b092b1ba,200000.00,IDR,1,2025-12-31T17:00:00.000Z,,,,medium,active,a0000000-0000-0000-0000-000000000001,2026-07-29T14:41:23.394Z,2026-07-29T14:41:23.394Z,a0000000-0000-0000-0000-000000000001,2026-07-29T14:41:23.394Z,,
6d907696-d9a3-4849-a802-f450c611083e,ab25ad78-a848-442f-9f4d-83a34bc6085c,1500000.00,IDR,1,2025-12-31T17:00:00.000Z,,,,medium,active,a0000000-0000-0000-0000-000000000001,2026-07-29T14:41:23.436Z,2026-07-29T14:41:23.436Z,a0000000-0000-0000-0000-000000000001,2026-07-29T14:41:23.436Z,,
84c7d2c9-aee7-4913-9e6a-37c54a73aff0,656f721f-3892-4cc0-8221-44997adf726b,470000.00,IDR,1,2025-12-31T17:00:00.000Z,,,,medium,active,a0000000-0000-0000-0000-000000000001,2026-07-29T14:41:23.477Z,2026-07-29T14:41:23.477Z,a0000000-0000-0000-0000-000000000001,2026-07-29T14:41:23.477Z,,
9e535d36-297d-4837-99fe-c96a8d1fcede,e736df6e-d200-45d0-b71d-c999b6ac4256,67900.00,IDR,1,2025-12-31T17:00:00.000Z,,,,medium,active,a0000000-0000-0000-0000-000000000001,2026-07-29T14:41:23.519Z,2026-07-29T14:41:23.519Z,a0000000-0000-0000-0000-000000000001,2026-07-29T14:41:23.519Z,,
84d05738-ace2-44dd-a7b1-1588dae64020,fb76fd5e-cd33-4937-955b-c017177e2fc9,16000.00,IDR,1,2025-12-31T17:00:00.000Z,,,,medium,active,a0000000-0000-0000-0000-000000000001,2026-07-29T14:41:23.561Z,2026-07-29T14:41:23.561Z,a0000000-0000-0000-0000-000000000001,2026-07-29T14:41:23.561Z,,
a21ecca2-7838-4e30-be79-bac139fc5b40,cd87b1c6-d8d7-44b3-9830-dc8b80569e85,3000.00,IDR,1,2025-12-31T17:00:00.000Z,,,,medium,active,a0000000-0000-0000-0000-000000000001,2026-07-29T14:41:23.602Z,2026-07-29T14:41:23.602Z,a0000000-0000-0000-0000-000000000001,2026-07-29T14:41:23.602Z,,
caabb5bc-58f0-48ef-8113-83f49c7a15fb,0f51eb8c-6451-4062-a1f1-a742655f684e,67900.00,IDR,1,2025-12-31T17:00:00.000Z,,,,medium,active,a0000000-0000-0000-0000-000000000001,2026-07-29T14:41:23.644Z,2026-07-29T14:41:23.644Z,a0000000-0000-0000-0000-000000000001,2026-07-29T14:41:23.644Z,,
51679ec4-605d-46c7-a3a6-926b44a225b6,50ecd3a0-8c40-4391-8953-3c275adf1187,1.00,IDR,1,2025-12-31T17:00:00.000Z,,,,medium,active,a0000000-0000-0000-0000-000000000001,2026-07-29T14:41:23.686Z,2026-07-29T14:41:23.686Z,a0000000-0000-0000-0000-000000000001,2026-07-29T14:41:23.686Z,,
3701c38d-e711-4077-b16f-429124c2df11,88d51e7a-423c-42a0-abd3-f583b257297d,2500.00,IDR,1,2025-12-31T17:00:00.000Z,,,,medium,active,a0000000-0000-0000-0000-000000000001,2026-07-29T14:41:23.727Z,2026-07-29T14:41:23.727Z,a0000000-0000-0000-0000-000000000001,2026-07-29T14:41:23.727Z,,
d338cfb9-a600-4a12-975c-6587f6d1805f,ad599bad-0c92-4c78-a0ee-ff8055716480,200000.00,IDR,1,2025-12-31T17:00:00.000Z,,,,medium,active,a0000000-0000-0000-0000-000000000001,2026-07-29T14:41:23.769Z,2026-07-29T14:41:23.769Z,a0000000-0000-0000-0000-000000000001,2026-07-29T14:41:23.769Z,,
4be9da6c-6ace-4a28-9f6a-f425f7bcc8c6,78cb4f5a-5fbf-4eaa-8da2-786b58419b40,410600.00,IDR,1,2025-12-31T17:00:00.000Z,,,,medium,active,a0000000-0000-0000-0000-000000000001,2026-07-29T14:41:23.810Z,2026-07-29T14:41:23.810Z,a0000000-0000-0000-0000-000000000001,2026-07-29T14:41:23.810Z,,
467c1848-59dd-4b9e-9300-c13a5d63f980,f9460fdb-8dcc-4d63-a0ff-5a98bba4f2be,165400.00,IDR,1,2025-12-31T17:00:00.000Z,,,,medium,active,a0000000-0000-0000-0000-000000000001,2026-07-29T14:41:23.853Z,2026-07-29T14:41:23.853Z,a0000000-0000-0000-0000-000000000001,2026-07-29T14:41:23.853Z,,
85593f31-c2ba-4d04-8aae-09c2f3bb3151,55a4439b-1283-4bde-8794-f290047938c8,100000.00,IDR,1,2025-12-31T17:00:00.000Z,,,,medium,active,a0000000-0000-0000-0000-000000000001,2026-07-29T14:41:23.894Z,2026-07-29T14:41:23.894Z,a0000000-0000-0000-0000-000000000001,2026-07-29T14:41:23.894Z,,
c023e915-94a8-4b32-8fa9-7d00f53f905b,3af883b0-9dbf-402e-a05c-09f0a0bec4ef,515200.00,IDR,1,2025-12-31T17:00:00.000Z,,,,medium,active,a0000000-0000-0000-0000-000000000001,2026-07-29T14:41:23.936Z,2026-07-29T14:41:23.936Z,a0000000-0000-0000-0000-000000000001,2026-07-29T14:41:23.936Z,,
7b14b2c8-e9a2-4aee-9cbf-8a7c07d25fc6,e39d54f0-cde7-4abb-8721-35bcd5f7e412,9900.00,IDR,1,2025-12-31T17:00:00.000Z,,,,medium,active,a0000000-0000-0000-0000-000000000001,2026-07-29T14:41:23.978Z,2026-07-29T14:41:23.978Z,a0000000-0000-0000-0000-000000000001,2026-07-29T14:41:23.978Z,,
504cbca0-5f01-47e3-be4e-bbf3aa898152,2ca27d09-b046-47e6-b6e1-f74a943a2c31,115000.00,IDR,1,2025-12-31T17:00:00.000Z,,,,medium,active,a0000000-0000-0000-0000-000000000001,2026-07-29T14:41:24.021Z,2026-07-29T14:41:24.021Z,a0000000-0000-0000-0000-000000000001,2026-07-29T14:41:24.021Z,,
b80e423a-7aae-4a3d-9722-cc78c9b4a9ce,1ed5a4ea-e4a0-440e-bdd4-743bc04f6e18,400000.00,IDR,1,2025-12-31T17:00:00.000Z,,,,medium,active,a0000000-0000-0000-0000-000000000001,2026-07-29T14:41:24.063Z,2026-07-29T14:41:24.063Z,a0000000-0000-0000-0000-000000000001,2026-07-29T14:41:24.063Z,,
8176c1d8-7445-42e9-9bc1-5990e638e9d2,a90ee14e-15c4-4376-8fa6-542b492ce656,15000.00,IDR,1,2025-12-31T17:00:00.000Z,,,,medium,active,a0000000-0000-0000-0000-000000000001,2026-07-29T14:41:24.104Z,2026-07-29T14:41:24.104Z,a0000000-0000-0000-0000-000000000001,2026-07-29T14:41:24.104Z,,
fba21668-f577-47c1-850d-b0e7bc9ada04,db40dfd0-7400-4fb8-8a03-cc9df606f626,7000.00,IDR,1,2025-12-31T17:00:00.000Z,,,,medium,active,a0000000-0000-0000-0000-000000000001,2026-07-29T14:41:24.147Z,2026-07-29T14:41:24.147Z,a0000000-0000-0000-0000-000000000001,2026-07-29T14:41:24.147Z,,
d26cc4bf-b745-4a09-ad0e-a49eb7c28ce7,39a132f1-9047-4fd3-9f96-0601ee3bfee3,222000.00,IDR,1,2025-12-31T17:00:00.000Z,,,,medium,active,a0000000-0000-0000-0000-000000000001,2026-07-29T14:41:24.189Z,2026-07-29T14:41:24.189Z,a0000000-0000-0000-0000-000000000001,2026-07-29T14:41:24.189Z,,
6dae2e39-c41e-4ec8-9a4d-5c775dd7c0ed,a97961d2-9953-4ff8-a606-da1b0675ead9,58620.00,IDR,1,2025-12-31T17:00:00.000Z,,,,medium,active,a0000000-0000-0000-0000-000000000001,2026-07-29T14:41:24.232Z,2026-07-29T14:41:24.232Z,a0000000-0000-0000-0000-000000000001,2026-07-29T14:41:24.232Z,,
cec42269-2d8f-4c11-ad28-7aee7981c375,e34bd75f-b799-41ac-95ce-8bbfc60aaeea,750000.00,IDR,1,2025-12-31T17:00:00.000Z,,,,medium,active,a0000000-0000-0000-0000-000000000001,2026-07-29T14:41:24.274Z,2026-07-29T14:41:24.274Z,a0000000-0000-0000-0000-000000000001,2026-07-29T14:41:24.274Z,,
16679c7f-d0c3-438f-b58d-557e7df7cbe1,d9830a00-ac55-42bf-a5e1-2a1908f65ba5,20500.00,IDR,1,2025-12-31T17:00:00.000Z,,,,medium,active,a0000000-0000-0000-0000-000000000001,2026-07-29T14:41:24.316Z,2026-07-29T14:41:24.316Z,a0000000-0000-0000-0000-000000000001,2026-07-29T14:41:24.316Z,,
2bbdc8f8-183d-46b4-a016-d97a10d0a6a6,017c3d57-5b9c-405d-86f0-b341a7ed1694,1500.00,IDR,1,2025-12-31T17:00:00.000Z,,,,medium,active,a0000000-0000-0000-0000-000000000001,2026-07-29T14:41:24.358Z,2026-07-29T14:41:24.358Z,a0000000-0000-0000-0000-000000000001,2026-07-29T14:41:24.358Z,,
065228e4-2701-40e7-9c89-4cb5953d7cd7,cae9c8d8-20b2-4a51-92ce-d88883034ff0,30500.00,IDR,1,2025-12-31T17:00:00.000Z,,,,medium,active,a0000000-0000-0000-0000-000000000001,2026-07-29T14:41:24.401Z,2026-07-29T14:41:24.401Z,a0000000-0000-0000-0000-000000000001,2026-07-29T14:41:24.401Z,,
02145157-0993-4681-9da6-601268c6c1fa,b08689c6-2123-448a-9fee-988073484268,488000.00,IDR,1,2025-12-31T17:00:00.000Z,,,,medium,active,a0000000-0000-0000-0000-000000000001,2026-07-29T14:41:24.443Z,2026-07-29T14:41:24.443Z,a0000000-0000-0000-0000-000000000001,2026-07-29T14:41:24.443Z,,
60fbd7c0-639c-4e0b-8ef5-18b25d7031b8,4d55361c-3182-4174-bcca-233e5f7a453b,4110000.00,IDR,1,2025-12-31T17:00:00.000Z,,,,medium,active,a0000000-0000-0000-0000-000000000001,2026-07-29T14:41:24.485Z,2026-07-29T14:41:24.485Z,a0000000-0000-0000-0000-000000000001,2026-07-29T14:41:24.485Z,,
5ff7deb4-52cc-4f67-9e4c-5e4becfa9afb,e5a795d3-6f64-490a-945a-9aba2de3b46a,17667.00,IDR,1,2025-12-31T17:00:00.000Z,,,,medium,active,a0000000-0000-0000-0000-000000000001,2026-07-29T14:41:24.527Z,2026-07-29T14:41:24.527Z,a0000000-0000-0000-0000-000000000001,2026-07-29T14:41:24.527Z,,
df596da2-79ec-48fa-bf3a-bc201b8917af,7357cea3-b99f-4696-badd-c3ad40a5d4c6,375000.00,IDR,1,2025-12-31T17:00:00.000Z,,,,medium,active,a0000000-0000-0000-0000-000000000001,2026-07-29T14:41:24.569Z,2026-07-29T14:41:24.569Z,a0000000-0000-0000-0000-000000000001,2026-07-29T14:41:24.569Z,,
171585e3-26af-4839-8b2c-bf1f604799f9,c4d5681d-58bc-47be-9cf4-db409fba7604,340000.00,IDR,1,2025-12-31T17:00:00.000Z,,,,medium,active,a0000000-0000-0000-0000-000000000001,2026-07-29T14:41:24.612Z,2026-07-29T14:41:24.612Z,a0000000-0000-0000-0000-000000000001,2026-07-29T14:41:24.612Z,,
03cb4060-6412-4884-93f9-6af6c630ec06,f3e3a132-1e07-44bd-ab18-59b827607a1e,72375.00,IDR,1,2025-12-31T17:00:00.000Z,,,,medium,active,a0000000-0000-0000-0000-000000000001,2026-07-29T14:41:24.654Z,2026-07-29T14:41:24.654Z,a0000000-0000-0000-0000-000000000001,2026-07-29T14:41:24.654Z,,
c7f4538c-cfaf-4b40-9fb8-8c7fe004f872,caa32e92-e06e-40d3-993e-992e357d68e6,45000.00,IDR,1,2025-12-31T17:00:00.000Z,,,,medium,active,a0000000-0000-0000-0000-000000000001,2026-07-29T14:41:24.696Z,2026-07-29T14:41:24.696Z,a0000000-0000-0000-0000-000000000001,2026-07-29T14:41:24.696Z,,
bddff90c-82d9-4020-b90f-189f741c387c,b66854f3-6768-4adb-862c-580df873702c,205000.00,IDR,1,2025-12-31T17:00:00.000Z,,,,medium,active,a0000000-0000-0000-0000-000000000001,2026-07-29T14:41:24.739Z,2026-07-29T14:41:24.739Z,a0000000-0000-0000-0000-000000000001,2026-07-29T14:41:24.739Z,,
388f5971-9d29-443b-91f6-066bbab7dbd8,99881e0e-a9f7-480e-8422-976f681998d7,350000.00,IDR,1,2025-12-31T17:00:00.000Z,,,,medium,active,a0000000-0000-0000-0000-000000000001,2026-07-29T14:41:24.781Z,2026-07-29T14:41:24.781Z,a0000000-0000-0000-0000-000000000001,2026-07-29T14:41:24.781Z,,
b4a4db52-9a09-4a7b-8139-18cf2f7a9b3a,1baa1ac2-86b3-4636-8f3d-6aba40d72a43,12000000.00,IDR,1,2025-12-31T17:00:00.000Z,,,,medium,active,a0000000-0000-0000-0000-000000000001,2026-07-29T14:41:24.824Z,2026-07-29T14:41:24.824Z,a0000000-0000-0000-0000-000000000001,2026-07-29T14:41:24.824Z,,
0559fea2-5674-4998-bd22-554a58957157,0e52ea22-7635-45ec-98a9-dc7e79111ce9,1000.00,IDR,1,2025-12-31T17:00:00.000Z,,,,medium,active,a0000000-0000-0000-0000-000000000001,2026-07-29T14:41:24.866Z,2026-07-29T14:41:24.866Z,a0000000-0000-0000-0000-000000000001,2026-07-29T14:41:24.866Z,,
15e8d351-d060-4386-8123-2b68ab8b44b3,66baab01-a275-4f90-97bd-f5e6ec1193eb,1043100.00,IDR,1,2025-12-31T17:00:00.000Z,,,,medium,active,a0000000-0000-0000-0000-000000000001,2026-07-29T14:41:24.909Z,2026-07-29T14:41:24.909Z,a0000000-0000-0000-0000-000000000001,2026-07-29T14:41:24.909Z,,
316a129e-4891-41d2-a0c6-7e9a7c3a8e05,e72cc77f-b520-4b68-916f-0213538a6515,1.00,IDR,1,2025-12-31T17:00:00.000Z,,,,medium,active,a0000000-0000-0000-0000-000000000001,2026-07-29T14:41:24.951Z,2026-07-29T14:41:24.951Z,a0000000-0000-0000-0000-000000000001,2026-07-29T14:41:24.951Z,,
e150758a-8203-43d6-885e-34adb6efe5e6,9f917770-d106-45e0-8ff8-7d0cfbf95a43,1850.00,IDR,1,2025-12-31T17:00:00.000Z,,,,medium,active,a0000000-0000-0000-0000-000000000001,2026-07-29T14:41:24.993Z,2026-07-29T14:41:24.993Z,a0000000-0000-0000-0000-000000000001,2026-07-29T14:41:24.993Z,,
3309ec10-0f21-40ab-b954-bc79880f5084,de468b5b-aca3-458c-9c2b-314df45dc068,352000.00,IDR,1,2025-12-31T17:00:00.000Z,,,,medium,active,a0000000-0000-0000-0000-000000000001,2026-07-29T14:41:25.035Z,2026-07-29T14:41:25.035Z,a0000000-0000-0000-0000-000000000001,2026-07-29T14:41:25.035Z,,
bdceba7e-9e4d-476d-bacb-401a534d0e55,13848da1-03ea-46fa-a155-65663fa15ab5,30000.00,IDR,1,2018-12-31T17:00:00.000Z,,Kabupaten Bandung,,medium,active,a0000000-0000-0000-0000-000000000001,2026-07-29T14:41:25.106Z,2026-07-29T14:41:25.106Z,a0000000-0000-0000-0000-000000000001,2026-07-29T14:41:25.106Z,,48befb54-113d-4e1b-b4dd-91cf79d6d8a0
6bd682f5-92e0-493a-8518-a5762049da8c,36c0a098-60fa-4d16-9d28-04ffb2651cbc,85000.00,IDR,1,2018-12-31T17:00:00.000Z,,Kabupaten Bandung,,medium,active,a0000000-0000-0000-0000-000000000001,2026-07-29T14:41:25.151Z,2026-07-29T14:41:25.151Z,a0000000-0000-0000-0000-000000000001,2026-07-29T14:41:25.151Z,,48befb54-113d-4e1b-b4dd-91cf79d6d8a0
afb89620-42f9-43be-bcc3-bf99d28437d8,c3bbb587-219f-4fbc-9767-176a2fa97b54,15000.00,IDR,1,2018-12-31T17:00:00.000Z,,Kabupaten Bandung,,medium,active,a0000000-0000-0000-0000-000000000001,2026-07-29T14:41:25.193Z,2026-07-29T14:41:25.193Z,a0000000-0000-0000-0000-000000000001,2026-07-29T14:41:25.193Z,,48befb54-113d-4e1b-b4dd-91cf79d6d8a0
465dcfec-c63f-4bd1-a043-28172a084e39,d0dd0473-aaeb-43fb-95fa-e29751ea2afd,25000.00,IDR,1,2018-12-31T17:00:00.000Z,,Kabupaten Bandung,,medium,active,a0000000-0000-0000-0000-000000000001,2026-07-29T14:41:25.236Z,2026-07-29T14:41:25.236Z,a0000000-0000-0000-0000-000000000001,2026-07-29T14:41:25.236Z,,48befb54-113d-4e1b-b4dd-91cf79d6d8a0
cc56e7dd-200e-4e08-ac06-9aad3692a3e8,aefc4c82-683b-406f-bd12-3d41e5c9ed88,250000.00,IDR,1,2018-12-31T17:00:00.000Z,,Kabupaten Bandung,,medium,active,a0000000-0000-0000-0000-000000000001,2026-07-29T14:41:25.278Z,2026-07-29T14:41:25.278Z,a0000000-0000-0000-0000-000000000001,2026-07-29T14:41:25.278Z,,48befb54-113d-4e1b-b4dd-91cf79d6d8a0
04cdd460-c87f-454b-b5c5-f6e0238550ea,d94c6121-ca39-4f2d-963d-c87a6b5aeeee,154000.00,IDR,1,2018-12-31T17:00:00.000Z,,Kabupaten Bandung,,medium,active,a0000000-0000-0000-0000-000000000001,2026-07-29T14:41:25.322Z,2026-07-29T14:41:25.322Z,a0000000-0000-0000-0000-000000000001,2026-07-29T14:41:25.322Z,,48befb54-113d-4e1b-b4dd-91cf79d6d8a0
615f83ef-17b3-44f7-89b9-091e856ae2b5,636bfae6-91e9-4906-9911-1fb6c158ffd8,132000.00,IDR,1,2018-12-31T17:00:00.000Z,,Kabupaten Bandung,,medium,active,a0000000-0000-0000-0000-000000000001,2026-07-29T14:41:25.364Z,2026-07-29T14:41:25.364Z,a0000000-0000-0000-0000-000000000001,2026-07-29T14:41:25.364Z,,48befb54-113d-4e1b-b4dd-91cf79d6d8a0
c3fae313-54cc-4ac2-90bd-41a893c63b73,56a0b1ef-b78e-4b0f-8a11-c6afa06eb191,9500.00,IDR,1,2018-12-31T17:00:00.000Z,,Kabupaten Bandung,,medium,active,a0000000-0000-0000-0000-000000000001,2026-07-29T14:41:25.406Z,2026-07-29T14:41:25.406Z,a0000000-0000-0000-0000-000000000001,2026-07-29T14:41:25.406Z,,48befb54-113d-4e1b-b4dd-91cf79d6d8a0
626ea9b5-6611-4771-8371-caa518dfe964,c00e407f-8f14-446e-8360-bfe45596c843,159500.00,IDR,1,2018-12-31T17:00:00.000Z,,Kabupaten Bandung,,medium,active,a0000000-0000-0000-0000-000000000001,2026-07-29T14:41:25.448Z,2026-07-29T14:41:25.448Z,a0000000-0000-0000-0000-000000000001,2026-07-29T14:41:25.448Z,,48befb54-113d-4e1b-b4dd-91cf79d6d8a0
6b906e5c-348f-4892-86c3-c42d3235aa32,0cf54f75-f54a-479e-af16-fac9a38a55f0,25000.00,IDR,1,2018-12-31T17:00:00.000Z,,Kabupaten Bandung,,medium,active,a0000000-0000-0000-0000-000000000001,2026-07-29T14:41:25.491Z,2026-07-29T14:41:25.491Z,a0000000-0000-0000-0000-000000000001,2026-07-29T14:41:25.491Z,,48befb54-113d-4e1b-b4dd-91cf79d6d8a0
abed8053-2948-4708-8238-01e3efabc9e4,fb88dd1d-3c46-4181-bdc5-3f320bc2f7af,102000.00,IDR,1,2018-12-31T17:00:00.000Z,,Kabupaten Bandung,,medium,active,a0000000-0000-0000-0000-000000000001,2026-07-29T14:41:25.533Z,2026-07-29T14:41:25.533Z,a0000000-0000-0000-0000-000000000001,2026-07-29T14:41:25.533Z,,48befb54-113d-4e1b-b4dd-91cf79d6d8a0
33462bd5-e0af-4209-b4f2-a67bf438c709,aee735e4-a618-4436-94bc-7bcd7ed1afdd,66000.00,IDR,1,2018-12-31T17:00:00.000Z,,Kabupaten Bandung,,medium,active,a0000000-0000-0000-0000-000000000001,2026-07-29T14:41:25.575Z,2026-07-29T14:41:25.575Z,a0000000-0000-0000-0000-000000000001,2026-07-29T14:41:25.575Z,,48befb54-113d-4e1b-b4dd-91cf79d6d8a0
6879e02c-1bab-490f-b4a9-f0037502e2ea,416f90b2-bc8d-437e-a0b7-a710f90be152,36000.00,IDR,1,2018-12-31T17:00:00.000Z,,Kabupaten Bandung,,medium,active,a0000000-0000-0000-0000-000000000001,2026-07-29T14:41:25.617Z,2026-07-29T14:41:25.617Z,a0000000-0000-0000-0000-000000000001,2026-07-29T14:41:25.617Z,,48befb54-113d-4e1b-b4dd-91cf79d6d8a0
a0b2eb7c-997e-4fbf-8c2f-e487d4bbdae4,1cba4576-bc62-4ddc-95fc-c36e7df60def,12500.00,IDR,1,2018-12-31T17:00:00.000Z,,Kabupaten Bandung,,medium,active,a0000000-0000-0000-0000-000000000001,2026-07-29T14:41:25.659Z,2026-07-29T14:41:25.659Z,a0000000-0000-0000-0000-000000000001,2026-07-29T14:41:25.659Z,,48befb54-113d-4e1b-b4dd-91cf79d6d8a0
861c9473-0467-4bd4-b96a-28260ee8e958,00494304-0525-44b1-a01c-4bc8da62660f,60000.00,IDR,1,2018-12-31T17:00:00.000Z,,Kabupaten Bandung,,medium,active,a0000000-0000-0000-0000-000000000001,2026-07-29T14:41:25.701Z,2026-07-29T14:41:25.701Z,a0000000-0000-0000-0000-000000000001,2026-07-29T14:41:25.701Z,,48befb54-113d-4e1b-b4dd-91cf79d6d8a0
5d5241a7-c763-4357-9935-9c4cd715221b,27dc91d2-b711-4cd4-a7c9-e8cb2c565e48,8500.00,IDR,1,2018-12-31T17:00:00.000Z,,Kabupaten Bandung,,medium,active,a0000000-0000-0000-0000-000000000001,2026-07-29T14:41:25.744Z,2026-07-29T14:41:25.744Z,a0000000-0000-0000-0000-000000000001,2026-07-29T14:41:25.744Z,,48befb54-113d-4e1b-b4dd-91cf79d6d8a0
901557dc-da1d-4d02-8fe9-15031b1ee9ee,0b45ee51-ed56-4e1f-8ab2-436268571ca5,132000.00,IDR,1,2018-12-31T17:00:00.000Z,,Kabupaten Bandung,,medium,active,a0000000-0000-0000-0000-000000000001,2026-07-29T14:41:25.786Z,2026-07-29T14:41:25.786Z,a0000000-0000-0000-0000-000000000001,2026-07-29T14:41:25.786Z,,48befb54-113d-4e1b-b4dd-91cf79d6d8a0
d21522cb-4320-4e75-87e5-93d3b1c59fee,e3e1b62e-90c6-43d2-af1e-7e662698a36d,20500.00,IDR,1,2018-12-31T17:00:00.000Z,,Kabupaten Bandung,,medium,active,a0000000-0000-0000-0000-000000000001,2026-07-29T14:41:25.828Z,2026-07-29T14:41:25.828Z,a0000000-0000-0000-0000-000000000001,2026-07-29T14:41:25.828Z,,48befb54-113d-4e1b-b4dd-91cf79d6d8a0
edc008d3-8142-48e0-b72e-aab2be624154,9e8a91a3-c8ca-49cb-be7a-2dd487b73370,115000.00,IDR,1,2018-12-31T17:00:00.000Z,,Kabupaten Bandung,,medium,active,a0000000-0000-0000-0000-000000000001,2026-07-29T14:41:25.870Z,2026-07-29T14:41:25.870Z,a0000000-0000-0000-0000-000000000001,2026-07-29T14:41:25.870Z,,48befb54-113d-4e1b-b4dd-91cf79d6d8a0
36baf7a1-a3ce-4771-8125-adab0ec717b0,f33ea55e-b1c0-47ec-87fd-593c9cbb15a1,277000.00,IDR,1,2018-12-31T17:00:00.000Z,,Kabupaten Bandung,,medium,active,a0000000-0000-0000-0000-000000000001,2026-07-29T14:41:25.913Z,2026-07-29T14:41:25.913Z,a0000000-0000-0000-0000-000000000001,2026-07-29T14:41:25.913Z,,48befb54-113d-4e1b-b4dd-91cf79d6d8a0
4a876e7e-b39d-4939-9562-4042664919e4,20b38e74-f4d7-47b4-8318-145fc1028709,16000.00,IDR,1,2018-12-31T17:00:00.000Z,,Kabupaten Bandung,,medium,active,a0000000-0000-0000-0000-000000000001,2026-07-29T14:41:25.955Z,2026-07-29T14:41:25.955Z,a0000000-0000-0000-0000-000000000001,2026-07-29T14:41:25.955Z,,48befb54-113d-4e1b-b4dd-91cf79d6d8a0
a9c07440-d43a-4155-a99c-4699a5185b2f,26d673c4-21f7-44b1-b7a2-3cd4f821bb22,159500.00,IDR,1,2018-12-31T17:00:00.000Z,,Kabupaten Bandung,,medium,active,a0000000-0000-0000-0000-000000000001,2026-07-29T14:41:25.998Z,2026-07-29T14:41:25.998Z,a0000000-0000-0000-0000-000000000001,2026-07-29T14:41:25.998Z,,48befb54-113d-4e1b-b4dd-91cf79d6d8a0
ef0b95f0-65e9-40ed-bcf4-444daf271156,f9740070-7640-4c4b-b6bf-f1f2e61c79ce,85000.00,IDR,1,2018-12-31T17:00:00.000Z,,Kabupaten Bandung,,medium,active,a0000000-0000-0000-0000-000000000001,2026-07-29T14:41:26.040Z,2026-07-29T14:41:26.040Z,a0000000-0000-0000-0000-000000000001,2026-07-29T14:41:26.040Z,,48befb54-113d-4e1b-b4dd-91cf79d6d8a0
6a0f1be6-8852-41bc-a417-37a2df515284,5a349c3e-d26d-48b8-b925-9a4c50a54d70,399000.00,IDR,1,2018-12-31T17:00:00.000Z,,Kabupaten Bandung,,medium,active,a0000000-0000-0000-0000-000000000001,2026-07-29T14:41:26.082Z,2026-07-29T14:41:26.082Z,a0000000-0000-0000-0000-000000000001,2026-07-29T14:41:26.082Z,,48befb54-113d-4e1b-b4dd-91cf79d6d8a0
df013bfe-369f-4598-a279-25fc868b0293,7ab7ffc6-a536-493b-9562-21c1f7fe7cec,6000000.00,IDR,1,2018-12-31T17:00:00.000Z,,Kabupaten Bandung,,medium,active,a0000000-0000-0000-0000-000000000001,2026-07-29T14:41:26.124Z,2026-07-29T14:41:26.124Z,a0000000-0000-0000-0000-000000000001,2026-07-29T14:41:26.124Z,,48befb54-113d-4e1b-b4dd-91cf79d6d8a0
db9b5c2a-6502-4ab8-9399-f887a7d03449,b01a988d-585d-48a5-8c3c-86012e9d0763,78000.00,IDR,1,2018-12-31T17:00:00.000Z,,Kabupaten Bandung,,medium,active,a0000000-0000-0000-0000-000000000001,2026-07-29T14:41:26.166Z,2026-07-29T14:41:26.166Z,a0000000-0000-0000-0000-000000000001,2026-07-29T14:41:26.166Z,,48befb54-113d-4e1b-b4dd-91cf79d6d8a0
10eb523b-55e0-4c46-a285-fb0a3008edca,2284931f-35ce-4929-a4c0-ec7be8d38db5,14400.00,IDR,1,2018-12-31T17:00:00.000Z,,Kabupaten Bandung,,medium,active,a0000000-0000-0000-0000-000000000001,2026-07-29T14:41:26.208Z,2026-07-29T14:41:26.208Z,a0000000-0000-0000-0000-000000000001,2026-07-29T14:41:26.208Z,,48befb54-113d-4e1b-b4dd-91cf79d6d8a0
8755d821-ea18-4aa8-9f80-11268a92b6f2,bf207723-5c4c-4235-86c5-8e218502246c,40000.00,IDR,1,2018-12-31T17:00:00.000Z,,Kabupaten Bandung,,medium,active,a0000000-0000-0000-0000-000000000001,2026-07-29T14:41:26.249Z,2026-07-29T14:41:26.249Z,a0000000-0000-0000-0000-000000000001,2026-07-29T14:41:26.249Z,,48befb54-113d-4e1b-b4dd-91cf79d6d8a0
e0037830-2b58-45a3-bd2f-fecadb5cd36c,d254670d-fca5-4073-912e-1146f9c78c41,97000.00,IDR,1,2018-12-31T17:00:00.000Z,,Kabupaten Bandung,,medium,active,a0000000-0000-0000-0000-000000000001,2026-07-29T14:41:26.292Z,2026-07-29T14:41:26.292Z,a0000000-0000-0000-0000-000000000001,2026-07-29T14:41:26.292Z,,48befb54-113d-4e1b-b4dd-91cf79d6d8a0
223c2d0d-599a-4886-8c61-763157e16df1,cf0510d2-b88f-4cec-b163-c9b80a5f9a5a,45000.00,IDR,1,2018-12-31T17:00:00.000Z,,Kabupaten Bandung,,medium,active,a0000000-0000-0000-0000-000000000001,2026-07-29T14:41:26.333Z,2026-07-29T14:41:26.333Z,a0000000-0000-0000-0000-000000000001,2026-07-29T14:41:26.333Z,,48befb54-113d-4e1b-b4dd-91cf79d6d8a0
1e57d915-8b3b-4c59-9ea3-b70f9783e4bb,ce790879-442c-43b5-a9b8-b18a8d6fa6c7,18000.00,IDR,1,2018-12-31T17:00:00.000Z,,Kabupaten Bandung,,medium,active,a0000000-0000-0000-0000-000000000001,2026-07-29T14:41:26.376Z,2026-07-29T14:41:26.376Z,a0000000-0000-0000-0000-000000000001,2026-07-29T14:41:26.376Z,,48befb54-113d-4e1b-b4dd-91cf79d6d8a0
506c82e6-b107-4f91-b96d-cc53dc511b04,310fd991-c792-4f35-94c1-66b06c4ac8f0,53000.00,IDR,1,2018-12-31T17:00:00.000Z,,Kabupaten Bandung,,medium,active,a0000000-0000-0000-0000-000000000001,2026-07-29T14:41:26.418Z,2026-07-29T14:41:26.418Z,a0000000-0000-0000-0000-000000000001,2026-07-29T14:41:26.418Z,,48befb54-113d-4e1b-b4dd-91cf79d6d8a0
0ec377d3-eb51-4571-9aac-3c9f19cfd541,4716a627-55e3-410a-99b1-70cc271e9a49,55000.00,IDR,1,2018-12-31T17:00:00.000Z,,Kabupaten Bandung,,medium,active,a0000000-0000-0000-0000-000000000001,2026-07-29T14:41:26.460Z,2026-07-29T14:41:26.460Z,a0000000-0000-0000-0000-000000000001,2026-07-29T14:41:26.460Z,,48befb54-113d-4e1b-b4dd-91cf79d6d8a0
aae4c662-7cfb-4b7b-8bd5-1d81211b5bd8,580cf33a-d666-4dda-8bb5-baf5286087bb,4500.00,IDR,1,2018-12-31T17:00:00.000Z,,Kabupaten Bandung,,medium,active,a0000000-0000-0000-0000-000000000001,2026-07-29T14:41:26.502Z,2026-07-29T14:41:26.502Z,a0000000-0000-0000-0000-000000000001,2026-07-29T14:41:26.502Z,,48befb54-113d-4e1b-b4dd-91cf79d6d8a0
a3ffda25-aa94-464d-944a-fe002d157a0c,6cf7f4f6-7682-447f-95e0-010ba939bb89,240000.00,IDR,1,2018-12-31T17:00:00.000Z,,Kabupaten Bandung,,medium,active,a0000000-0000-0000-0000-000000000001,2026-07-29T14:41:26.544Z,2026-07-29T14:41:26.544Z,a0000000-0000-0000-0000-000000000001,2026-07-29T14:41:26.544Z,,48befb54-113d-4e1b-b4dd-91cf79d6d8a0
32a2441a-f559-4412-af93-d62cb56be8ad,7cf05ba8-96e1-4281-89df-fcc353fd231b,9700000.00,IDR,1,2018-12-31T17:00:00.000Z,,Kabupaten Bandung,,medium,active,a0000000-0000-0000-0000-000000000001,2026-07-29T14:41:26.587Z,2026-07-29T14:41:26.587Z,a0000000-0000-0000-0000-000000000001,2026-07-29T14:41:26.587Z,,48befb54-113d-4e1b-b4dd-91cf79d6d8a0
d2dcafd0-4e97-4fbe-b728-ac50a162b5f0,49180229-f02b-4fd8-b47f-4abc965f7cbc,75000.00,IDR,1,2018-12-31T17:00:00.000Z,,Kabupaten Bandung,,medium,active,a0000000-0000-0000-0000-000000000001,2026-07-29T14:41:26.631Z,2026-07-29T14:41:26.631Z,a0000000-0000-0000-0000-000000000001,2026-07-29T14:41:26.631Z,,48befb54-113d-4e1b-b4dd-91cf79d6d8a0
9ffec02b-9f88-408d-afcc-410b0dfdfd91,4ed220f9-c79e-4f9f-a779-97c9b9912e13,18000.00,IDR,1,2018-12-31T17:00:00.000Z,,Kabupaten Bandung,,medium,active,a0000000-0000-0000-0000-000000000001,2026-07-29T14:41:26.673Z,2026-07-29T14:41:26.673Z,a0000000-0000-0000-0000-000000000001,2026-07-29T14:41:26.673Z,,48befb54-113d-4e1b-b4dd-91cf79d6d8a0
0e373946-49f7-4ae9-9be8-fb26e14e6478,ccf6b830-1ec1-4789-8449-202c3e03c39e,165000.00,IDR,1,2018-12-31T17:00:00.000Z,,Kabupaten Bandung,,medium,active,a0000000-0000-0000-0000-000000000001,2026-07-29T14:41:26.715Z,2026-07-29T14:41:26.715Z,a0000000-0000-0000-0000-000000000001,2026-07-29T14:41:26.715Z,,48befb54-113d-4e1b-b4dd-91cf79d6d8a0
b96802d1-1f00-4cd9-8dae-744e062697fd,c89a5eb3-dee6-4601-a4c5-0d63a28cd99b,69000.00,IDR,1,2018-12-31T17:00:00.000Z,,Kabupaten Bandung,,medium,active,a0000000-0000-0000-0000-000000000001,2026-07-29T14:41:26.757Z,2026-07-29T14:41:26.757Z,a0000000-0000-0000-0000-000000000001,2026-07-29T14:41:26.757Z,,48befb54-113d-4e1b-b4dd-91cf79d6d8a0
332496cc-377c-4d15-902d-14c4b900fda1,a250b825-c312-44f7-a99b-60bde94f9c4b,154000.00,IDR,1,2018-12-31T17:00:00.000Z,,Kabupaten Bandung,,medium,active,a0000000-0000-0000-0000-000000000001,2026-07-29T14:41:26.799Z,2026-07-29T14:41:26.799Z,a0000000-0000-0000-0000-000000000001,2026-07-29T14:41:26.799Z,,48befb54-113d-4e1b-b4dd-91cf79d6d8a0
076ae0bf-3b0c-48cc-bb57-fba74c7d646e,d49bb84c-5b0e-4c55-aeb9-18e01291ee9a,12750.00,IDR,1,2018-12-31T17:00:00.000Z,,Kabupaten Bandung,,medium,active,a0000000-0000-0000-0000-000000000001,2026-07-29T14:41:26.841Z,2026-07-29T14:41:26.841Z,a0000000-0000-0000-0000-000000000001,2026-07-29T14:41:26.841Z,,48befb54-113d-4e1b-b4dd-91cf79d6d8a0
8f29e100-11d8-4736-be24-c792d0a2ed8b,81095a34-562a-4a5d-bf07-258cd533d565,150000.00,IDR,1,2018-12-31T17:00:00.000Z,,Kabupaten Bandung,,medium,active,a0000000-0000-0000-0000-000000000001,2026-07-29T14:41:26.883Z,2026-07-29T14:41:26.883Z,a0000000-0000-0000-0000-000000000001,2026-07-29T14:41:26.883Z,,48befb54-113d-4e1b-b4dd-91cf79d6d8a0
52190077-d1b2-40a9-b19e-5fb96092da7a,6acdaaf5-33fb-4792-be19-b2fc57e3ea68,20000.00,IDR,1,2018-12-31T17:00:00.000Z,,Kabupaten Bandung,,medium,active,a0000000-0000-0000-0000-000000000001,2026-07-29T14:41:26.925Z,2026-07-29T14:41:26.925Z,a0000000-0000-0000-0000-000000000001,2026-07-29T14:41:26.925Z,,48befb54-113d-4e1b-b4dd-91cf79d6d8a0
29d4d084-5ad6-4939-ab38-224855e00133,980ead7b-be9c-454e-9e35-122a3b7bf4bd,3500000.00,IDR,1,2018-12-31T17:00:00.000Z,,Kabupaten Bandung,,medium,active,a0000000-0000-0000-0000-000000000001,2026-07-29T14:41:26.967Z,2026-07-29T14:41:26.967Z,a0000000-0000-0000-0000-000000000001,2026-07-29T14:41:26.967Z,,48befb54-113d-4e1b-b4dd-91cf79d6d8a0
50ed0d51-f373-4f8e-ae54-bcf05824b01b,f517947b-8799-41f8-af10-e3004c2d09c1,2500.00,IDR,1,2018-12-31T17:00:00.000Z,,Kabupaten Bandung,,medium,active,a0000000-0000-0000-0000-000000000001,2026-07-29T14:41:27.010Z,2026-07-29T14:41:27.010Z,a0000000-0000-0000-0000-000000000001,2026-07-29T14:41:27.010Z,,48befb54-113d-4e1b-b4dd-91cf79d6d8a0
0c5610af-bf98-4d66-8bad-6607b737f26f,e6a987b2-b14d-4004-89b2-7e1bffe08cf7,23000.00,IDR,1,2018-12-31T17:00:00.000Z,,Kabupaten Bandung,,medium,active,a0000000-0000-0000-0000-000000000001,2026-07-29T14:41:27.053Z,2026-07-29T14:41:27.053Z,a0000000-0000-0000-0000-000000000001,2026-07-29T14:41:27.053Z,,48befb54-113d-4e1b-b4dd-91cf79d6d8a0
941748f7-9be1-41d5-9742-93ef39e30324,2debabc9-ad43-4e45-88af-abff517c4319,176000.00,IDR,1,2018-12-31T17:00:00.000Z,,Kabupaten Bandung,,medium,active,a0000000-0000-0000-0000-000000000001,2026-07-29T14:41:27.095Z,2026-07-29T14:41:27.095Z,a0000000-0000-0000-0000-000000000001,2026-07-29T14:41:27.095Z,,48befb54-113d-4e1b-b4dd-91cf79d6d8a0
beb53758-f220-4259-b143-6f963b8f0843,9c94ec3b-285b-4adb-97f6-120ead4c79b5,137500.00,IDR,1,2018-12-31T17:00:00.000Z,,Kabupaten Bandung,,medium,active,a0000000-0000-0000-0000-000000000001,2026-07-29T14:41:27.137Z,2026-07-29T14:41:27.137Z,a0000000-0000-0000-0000-000000000001,2026-07-29T14:41:27.137Z,,48befb54-113d-4e1b-b4dd-91cf79d6d8a0
41a249d2-8628-4af9-aea7-28541f2929ea,eb95993e-5c06-4a51-b023-b83bc237de00,2375.00,IDR,1,2018-12-31T17:00:00.000Z,,Kabupaten Bandung,,medium,active,a0000000-0000-0000-0000-000000000001,2026-07-29T14:41:27.179Z,2026-07-29T14:41:27.179Z,a0000000-0000-0000-0000-000000000001,2026-07-29T14:41:27.179Z,,48befb54-113d-4e1b-b4dd-91cf79d6d8a0
a1d8eb83-2ec0-425b-ba95-6f291a381db3,0158c8ae-61c6-46bf-abab-a450e137d232,30000.00,IDR,1,2018-12-31T17:00:00.000Z,,Kabupaten Bandung,,medium,active,a0000000-0000-0000-0000-000000000001,2026-07-29T14:41:27.221Z,2026-07-29T14:41:27.221Z,a0000000-0000-0000-0000-000000000001,2026-07-29T14:41:27.221Z,,48befb54-113d-4e1b-b4dd-91cf79d6d8a0
6a51b81c-7450-4de2-bb8e-a1419efcc76d,46dd6c2b-e041-4575-a756-dfc8994a59b0,3500000.00,IDR,1,2018-12-31T17:00:00.000Z,,Kabupaten Bandung,,medium,active,a0000000-0000-0000-0000-000000000001,2026-07-29T14:41:27.263Z,2026-07-29T14:41:27.263Z,a0000000-0000-0000-0000-000000000001,2026-07-29T14:41:27.263Z,,48befb54-113d-4e1b-b4dd-91cf79d6d8a0
2b170b98-35a5-4347-8395-afc9c7b23462,a90b823e-44c6-4c41-b16d-5457dff5d4d2,6000000.00,IDR,1,2018-12-31T17:00:00.000Z,,Kabupaten Bandung,,medium,active,a0000000-0000-0000-0000-000000000001,2026-07-29T14:41:27.305Z,2026-07-29T14:41:27.305Z,a0000000-0000-0000-0000-000000000001,2026-07-29T14:41:27.305Z,,48befb54-113d-4e1b-b4dd-91cf79d6d8a0
af1efac1-7041-467b-94d8-70b66077b898,73c2a3a0-2bf6-4474-937b-8568f59fe15a,81000.00,IDR,1,2018-12-31T17:00:00.000Z,,Kabupaten Bandung,,medium,active,a0000000-0000-0000-0000-000000000001,2026-07-29T14:41:27.347Z,2026-07-29T14:41:27.347Z,a0000000-0000-0000-0000-000000000001,2026-07-29T14:41:27.347Z,,48befb54-113d-4e1b-b4dd-91cf79d6d8a0
525365dd-6c0d-433f-94da-6df047cd5da4,97c8617d-33e0-4cd7-9ff5-9ee423a12f02,199500.00,IDR,1,2018-12-31T17:00:00.000Z,,Kabupaten Bandung,,medium,active,a0000000-0000-0000-0000-000000000001,2026-07-29T14:41:27.388Z,2026-07-29T14:41:27.388Z,a0000000-0000-0000-0000-000000000001,2026-07-29T14:41:27.388Z,,48befb54-113d-4e1b-b4dd-91cf79d6d8a0
a97a040c-cf22-4457-a6bd-a05a892144ab,2eb50a0a-59bf-4167-80ca-6eca5595049d,180000.00,IDR,1,2018-12-31T17:00:00.000Z,,Kabupaten Bandung,,medium,active,a0000000-0000-0000-0000-000000000001,2026-07-29T14:41:27.431Z,2026-07-29T14:41:27.431Z,a0000000-0000-0000-0000-000000000001,2026-07-29T14:41:27.431Z,,48befb54-113d-4e1b-b4dd-91cf79d6d8a0
120a5fdc-17e6-4d0f-888a-64588199ec57,8aec13e7-6d6c-4fe3-acb0-b5b2e0120e1c,185000.00,IDR,1,2018-12-31T17:00:00.000Z,,Kabupaten Bandung,,medium,active,a0000000-0000-0000-0000-000000000001,2026-07-29T14:41:27.473Z,2026-07-29T14:41:27.473Z,a0000000-0000-0000-0000-000000000001,2026-07-29T14:41:27.473Z,,48befb54-113d-4e1b-b4dd-91cf79d6d8a0
621a46fa-2fcf-4253-bf7d-fdb8c20d842f,e674e3a4-6f65-41d0-87f9-0eb524c305b9,154000.00,IDR,1,2018-12-31T17:00:00.000Z,,Kabupaten Bandung,,medium,active,a0000000-0000-0000-0000-000000000001,2026-07-29T14:41:27.515Z,2026-07-29T14:41:27.515Z,a0000000-0000-0000-0000-000000000001,2026-07-29T14:41:27.515Z,,48befb54-113d-4e1b-b4dd-91cf79d6d8a0
f796a8f6-6bd0-4e67-bf3b-889f2c03a283,b9e2c904-1772-4fa9-842a-e22a30ce3f1b,2000000.00,IDR,1,2018-12-31T17:00:00.000Z,,Kabupaten Bandung,,medium,active,a0000000-0000-0000-0000-000000000001,2026-07-29T14:41:27.557Z,2026-07-29T14:41:27.557Z,a0000000-0000-0000-0000-000000000001,2026-07-29T14:41:27.557Z,,48befb54-113d-4e1b-b4dd-91cf79d6d8a0
0dad615d-f63d-42ea-a8ff-b06c8e03e54d,7b8bcce2-5334-492c-8859-d0756b325e4e,14400.00,IDR,1,2018-12-31T17:00:00.000Z,,Kabupaten Bandung,,medium,active,a0000000-0000-0000-0000-000000000001,2026-07-29T14:41:27.599Z,2026-07-29T14:41:27.599Z,a0000000-0000-0000-0000-000000000001,2026-07-29T14:41:27.599Z,,48befb54-113d-4e1b-b4dd-91cf79d6d8a0
f55c1042-70ea-4286-bd57-efd834ebf8f4,e6507895-879c-45b2-bccd-a107371b08c6,159500.00,IDR,1,2018-12-31T17:00:00.000Z,,Kabupaten Bandung,,medium,active,a0000000-0000-0000-0000-000000000001,2026-07-29T14:41:27.641Z,2026-07-29T14:41:27.641Z,a0000000-0000-0000-0000-000000000001,2026-07-29T14:41:27.641Z,,48befb54-113d-4e1b-b4dd-91cf79d6d8a0
372c4ac4-441c-47a0-b646-0b3a951ffe2d,5abeb5ab-1f7b-477b-bc6a-8ae76c7b62e1,3000000.00,IDR,1,2018-12-31T17:00:00.000Z,,Kabupaten Bandung,,medium,active,a0000000-0000-0000-0000-000000000001,2026-07-29T14:41:27.683Z,2026-07-29T14:41:27.683Z,a0000000-0000-0000-0000-000000000001,2026-07-29T14:41:27.683Z,,48befb54-113d-4e1b-b4dd-91cf79d6d8a0
b5a1d0c1-6857-446d-ae94-2a5fc90e25aa,da99f4bf-f845-4b2c-862c-748936c59c4d,9700000.00,IDR,1,2018-12-31T17:00:00.000Z,,Kabupaten Bandung,,medium,active,a0000000-0000-0000-0000-000000000001,2026-07-29T14:41:27.724Z,2026-07-29T14:41:27.724Z,a0000000-0000-0000-0000-000000000001,2026-07-29T14:41:27.724Z,,48befb54-113d-4e1b-b4dd-91cf79d6d8a0
4e999539-f25f-49b9-9182-f029a21e0ec4,353e749f-6187-4de1-82f2-beb791413f9d,55000.00,IDR,1,2018-12-31T17:00:00.000Z,,Kabupaten Bandung,,medium,active,a0000000-0000-0000-0000-000000000001,2026-07-29T14:41:27.767Z,2026-07-29T14:41:27.767Z,a0000000-0000-0000-0000-000000000001,2026-07-29T14:41:27.767Z,,48befb54-113d-4e1b-b4dd-91cf79d6d8a0
d4e0ea6a-7a07-4f0e-8742-ca31dacbcb23,85be9f31-379a-4c4a-8e4b-0f3b45a509a4,900.00,IDR,1,2018-12-31T17:00:00.000Z,,Kabupaten Bandung,,medium,active,a0000000-0000-0000-0000-000000000001,2026-07-29T14:41:27.809Z,2026-07-29T14:41:27.809Z,a0000000-0000-0000-0000-000000000001,2026-07-29T14:41:27.809Z,,48befb54-113d-4e1b-b4dd-91cf79d6d8a0
4f881e1b-12b5-43b2-811b-37bb3091e39d,6682a9a7-28b9-4f14-bf96-6101d8331797,216000.00,IDR,1,2018-12-31T17:00:00.000Z,,Kabupaten Bandung,,medium,active,a0000000-0000-0000-0000-000000000001,2026-07-29T14:41:27.851Z,2026-07-29T14:41:27.851Z,a0000000-0000-0000-0000-000000000001,2026-07-29T14:41:27.851Z,,48befb54-113d-4e1b-b4dd-91cf79d6d8a0
8bbc76e6-5654-4b2d-b648-960e77ae48fb,b2ff45ea-6c52-4352-ae75-27758436b7ed,156000.00,IDR,1,2018-12-31T17:00:00.000Z,,Kabupaten Bandung,,medium,active,a0000000-0000-0000-0000-000000000001,2026-07-29T14:41:27.893Z,2026-07-29T14:41:27.893Z,a0000000-0000-0000-0000-000000000001,2026-07-29T14:41:27.893Z,,48befb54-113d-4e1b-b4dd-91cf79d6d8a0
68ed3abf-d827-468f-83a6-a4dc79243dbd,1b29a6af-abe2-4fd1-83a1-79ad1003110f,36000.00,IDR,1,2018-12-31T17:00:00.000Z,,Kabupaten Bandung,,medium,active,a0000000-0000-0000-0000-000000000001,2026-07-29T14:41:27.934Z,2026-07-29T14:41:27.934Z,a0000000-0000-0000-0000-000000000001,2026-07-29T14:41:27.934Z,,48befb54-113d-4e1b-b4dd-91cf79d6d8a0
5dbe9604-9fbc-46ac-87e1-1a6e412e8f4a,bd73e580-db09-49b4-ac9b-e61d64b027a4,25000.00,IDR,1,2018-12-31T17:00:00.000Z,,Kabupaten Bandung,,medium,active,a0000000-0000-0000-0000-000000000001,2026-07-29T14:41:27.977Z,2026-07-29T14:41:27.977Z,a0000000-0000-0000-0000-000000000001,2026-07-29T14:41:27.977Z,,48befb54-113d-4e1b-b4dd-91cf79d6d8a0
2eacde40-2245-4f8c-8283-adeea08cdb50,5c8eead2-48e7-4306-96da-f7481036328c,165000.00,IDR,1,2018-12-31T17:00:00.000Z,,Kabupaten Bandung,,medium,active,a0000000-0000-0000-0000-000000000001,2026-07-29T14:41:28.018Z,2026-07-29T14:41:28.018Z,a0000000-0000-0000-0000-000000000001,2026-07-29T14:41:28.018Z,,48befb54-113d-4e1b-b4dd-91cf79d6d8a0
557c88ea-a106-4967-895c-17ce1b4b8b2d,e9adb1a3-9508-4493-8315-a29229c00247,85000.00,IDR,1,2018-12-31T17:00:00.000Z,,Kabupaten Bandung,,medium,active,a0000000-0000-0000-0000-000000000001,2026-07-29T14:41:28.060Z,2026-07-29T14:41:28.060Z,a0000000-0000-0000-0000-000000000001,2026-07-29T14:41:28.060Z,,48befb54-113d-4e1b-b4dd-91cf79d6d8a0
062e4b04-af2d-4027-bcfc-ad6458ef5e46,337cede9-7b2f-41df-a808-bc00ec756331,195000.00,IDR,1,2018-12-31T17:00:00.000Z,,Kabupaten Bandung,,medium,active,a0000000-0000-0000-0000-000000000001,2026-07-29T14:41:28.102Z,2026-07-29T14:41:28.102Z,a0000000-0000-0000-0000-000000000001,2026-07-29T14:41:28.102Z,,48befb54-113d-4e1b-b4dd-91cf79d6d8a0
228d173e-4dfe-4b2a-b54f-15a1c0721f53,34a2d0de-1237-48b2-84f8-7de578d64442,24000.00,IDR,1,2018-12-31T17:00:00.000Z,,Kabupaten Bandung,,medium,active,a0000000-0000-0000-0000-000000000001,2026-07-29T14:41:28.144Z,2026-07-29T14:41:28.144Z,a0000000-0000-0000-0000-000000000001,2026-07-29T14:41:28.144Z,,48befb54-113d-4e1b-b4dd-91cf79d6d8a0
994bf7ce-2bcb-4a5a-a8e6-2dd4ab2efb1e,37268221-2afa-4817-9488-097aadddf999,55000.00,IDR,1,2018-12-31T17:00:00.000Z,,Kabupaten Bandung,,medium,active,a0000000-0000-0000-0000-000000000001,2026-07-29T14:41:28.186Z,2026-07-29T14:41:28.186Z,a0000000-0000-0000-0000-000000000001,2026-07-29T14:41:28.186Z,,48befb54-113d-4e1b-b4dd-91cf79d6d8a0
41f8e9f6-1d4e-461b-b65d-f7fd453b0cc2,aa54f8d6-070c-4d2c-876e-9d133027cd0d,57000.00,IDR,1,2018-12-31T17:00:00.000Z,,Kabupaten Bandung,,medium,active,a0000000-0000-0000-0000-000000000001,2026-07-29T14:41:28.228Z,2026-07-29T14:41:28.228Z,a0000000-0000-0000-0000-000000000001,2026-07-29T14:41:28.228Z,,48befb54-113d-4e1b-b4dd-91cf79d6d8a0
08c16001-6874-4153-93d7-df74f834603a,6c200d6a-7b26-49bd-a802-70d693821e40,85250.00,IDR,1,2018-12-31T17:00:00.000Z,,Kabupaten Bandung,,medium,active,a0000000-0000-0000-0000-000000000001,2026-07-29T14:41:28.269Z,2026-07-29T14:41:28.269Z,a0000000-0000-0000-0000-000000000001,2026-07-29T14:41:28.269Z,,48befb54-113d-4e1b-b4dd-91cf79d6d8a0
771c9cd1-53f9-4ab8-b595-3e866e270864,ed7094f3-cacc-41da-8732-f66fd15d6827,270000.00,IDR,1,2018-12-31T17:00:00.000Z,,Kabupaten Bandung,,medium,active,a0000000-0000-0000-0000-000000000001,2026-07-29T14:41:28.311Z,2026-07-29T14:41:28.311Z,a0000000-0000-0000-0000-000000000001,2026-07-29T14:41:28.311Z,,48befb54-113d-4e1b-b4dd-91cf79d6d8a0
38bed3e5-0fa5-4071-8f38-a6fc54e73440,8d3c9bea-c9ef-4fdb-a4d1-f03dfc406f1d,2000000.00,IDR,1,2018-12-31T17:00:00.000Z,,Kabupaten Bandung,,medium,active,a0000000-0000-0000-0000-000000000001,2026-07-29T14:41:28.353Z,2026-07-29T14:41:28.353Z,a0000000-0000-0000-0000-000000000001,2026-07-29T14:41:28.353Z,,48befb54-113d-4e1b-b4dd-91cf79d6d8a0
4149b633-c8fa-40a9-8a26-0926072bfb22,d16d1c89-f69b-481d-868d-fa13537a539a,39500.00,IDR,1,2018-12-31T17:00:00.000Z,,Kabupaten Bandung,,medium,active,a0000000-0000-0000-0000-000000000001,2026-07-29T14:41:28.395Z,2026-07-29T14:41:28.395Z,a0000000-0000-0000-0000-000000000001,2026-07-29T14:41:28.395Z,,48befb54-113d-4e1b-b4dd-91cf79d6d8a0
c95b1ffd-5d1b-4404-bf18-d777371e8ad8,f659875f-0520-44a5-a875-702ce58c59cb,66000.00,IDR,1,2018-12-31T17:00:00.000Z,,Kabupaten Bandung,,medium,active,a0000000-0000-0000-0000-000000000001,2026-07-29T14:41:28.436Z,2026-07-29T14:41:28.436Z,a0000000-0000-0000-0000-000000000001,2026-07-29T14:41:28.436Z,,48befb54-113d-4e1b-b4dd-91cf79d6d8a0
d477a3e8-8dd5-4602-9e98-033c56ef83ca,0369715c-8887-49fa-81cf-62487118b261,35000.00,IDR,1,2018-12-31T17:00:00.000Z,,Kabupaten Bandung,,medium,active,a0000000-0000-0000-0000-000000000001,2026-07-29T14:41:28.478Z,2026-07-29T14:41:28.478Z,a0000000-0000-0000-0000-000000000001,2026-07-29T14:41:28.478Z,,48befb54-113d-4e1b-b4dd-91cf79d6d8a0
a661b5ed-4724-419a-b767-b39222a34448,0bbb525f-3233-4c40-a767-d7a45f1ff4d1,6000000.00,IDR,1,2018-12-31T17:00:00.000Z,,Kabupaten Bandung,,medium,active,a0000000-0000-0000-0000-000000000001,2026-07-29T14:41:28.519Z,2026-07-29T14:41:28.519Z,a0000000-0000-0000-0000-000000000001,2026-07-29T14:41:28.519Z,,48befb54-113d-4e1b-b4dd-91cf79d6d8a0
ee0b0112-feb1-4b63-ab6d-d93f6ff09e7f,eaa75463-acc6-4f69-bb77-1d1f2ec8ba23,232750.00,IDR,1,2018-12-31T17:00:00.000Z,,Kabupaten Bandung,,medium,active,a0000000-0000-0000-0000-000000000001,2026-07-29T14:41:28.561Z,2026-07-29T14:41:28.561Z,a0000000-0000-0000-0000-000000000001,2026-07-29T14:41:28.561Z,,48befb54-113d-4e1b-b4dd-91cf79d6d8a0
6cffaab2-ee8b-4444-ba0e-f4fa8945c4ef,85d7cc46-eae3-4c0a-ab11-ae126a4e43d2,88.00,IDR,1,2018-12-31T17:00:00.000Z,,Kabupaten Bandung,,medium,active,a0000000-0000-0000-0000-000000000001,2026-07-29T14:41:28.603Z,2026-07-29T14:41:28.603Z,a0000000-0000-0000-0000-000000000001,2026-07-29T14:41:28.603Z,,48befb54-113d-4e1b-b4dd-91cf79d6d8a0
45df330c-95b4-4bb6-86f6-e92d79217f76,21e2db0c-38da-4395-8c99-707eba9e80e0,55000.00,IDR,1,2018-12-31T17:00:00.000Z,,Kabupaten Bandung,,medium,active,a0000000-0000-0000-0000-000000000001,2026-07-29T14:41:28.645Z,2026-07-29T14:41:28.645Z,a0000000-0000-0000-0000-000000000001,2026-07-29T14:41:28.645Z,,48befb54-113d-4e1b-b4dd-91cf79d6d8a0
0825d94d-c81e-41d0-8188-df6b865f117e,3e9285aa-6a84-4aca-8220-84dadcbc766e,85000.00,IDR,1,2018-12-31T17:00:00.000Z,,Kabupaten Bandung,,medium,active,a0000000-0000-0000-0000-000000000001,2026-07-29T14:41:28.687Z,2026-07-29T14:41:28.687Z,a0000000-0000-0000-0000-000000000001,2026-07-29T14:41:28.687Z,,48befb54-113d-4e1b-b4dd-91cf79d6d8a0
74949f79-3e0b-4cce-a64d-5d79fc42adc9,0b435bde-124d-48db-b4a0-2caebfb7a2f5,3000000.00,IDR,1,2018-12-31T17:00:00.000Z,,Kabupaten Bandung,,medium,active,a0000000-0000-0000-0000-000000000001,2026-07-29T14:41:28.729Z,2026-07-29T14:41:28.729Z,a0000000-0000-0000-0000-000000000001,2026-07-29T14:41:28.729Z,,48befb54-113d-4e1b-b4dd-91cf79d6d8a0
938619da-c655-40ca-8a51-897f0d8389a7,af69001b-1159-4568-b8e5-b9837871fe8b,4500.00,IDR,1,2018-12-31T17:00:00.000Z,,Kabupaten Bandung,,medium,active,a0000000-0000-0000-0000-000000000001,2026-07-29T14:41:28.772Z,2026-07-29T14:41:28.772Z,a0000000-0000-0000-0000-000000000001,2026-07-29T14:41:28.772Z,,48befb54-113d-4e1b-b4dd-91cf79d6d8a0
0c4efd22-a7f4-4204-b576-fb3195d2dd97,ce256c3e-7fe6-429f-ba5e-0b09b3de6180,39500.00,IDR,1,2018-12-31T17:00:00.000Z,,Kabupaten Bandung,,medium,active,a0000000-0000-0000-0000-000000000001,2026-07-29T14:41:28.815Z,2026-07-29T14:41:28.815Z,a0000000-0000-0000-0000-000000000001,2026-07-29T14:41:28.815Z,,48befb54-113d-4e1b-b4dd-91cf79d6d8a0
d893314d-04e0-440e-9600-532f585e45d9,48aa7982-e493-4a77-abd2-d1f3b22b026e,6000000.00,IDR,1,2018-12-31T17:00:00.000Z,,Kabupaten Bandung,,medium,active,a0000000-0000-0000-0000-000000000001,2026-07-29T14:41:28.857Z,2026-07-29T14:41:28.857Z,a0000000-0000-0000-0000-000000000001,2026-07-29T14:41:28.857Z,,48befb54-113d-4e1b-b4dd-91cf79d6d8a0
21d3df2b-fa64-4737-a148-2f7310735aab,9a11b92e-8da0-4278-8d6f-eaab6f37ad61,16500.00,IDR,1,2018-12-31T17:00:00.000Z,,Kabupaten Bandung,,medium,active,a0000000-0000-0000-0000-000000000001,2026-07-29T14:41:28.898Z,2026-07-29T14:41:28.898Z,a0000000-0000-0000-0000-000000000001,2026-07-29T14:41:28.898Z,,48befb54-113d-4e1b-b4dd-91cf79d6d8a0
9c60e06d-f833-4f32-a82e-a122f47a46d3,3e5e0ce2-8e0a-4187-b7a5-7b219697d95e,18000000.00,IDR,1,2018-12-31T17:00:00.000Z,,Kabupaten Bandung,,medium,active,a0000000-0000-0000-0000-000000000001,2026-07-29T14:41:28.940Z,2026-07-29T14:41:28.940Z,a0000000-0000-0000-0000-000000000001,2026-07-29T14:41:28.940Z,,48befb54-113d-4e1b-b4dd-91cf79d6d8a0
c8088797-529e-45b3-beec-2458bf77917b,1da1770f-f352-432b-8d22-027b1294fb42,4000.00,IDR,1,2018-12-31T17:00:00.000Z,,Kabupaten Bandung,,medium,active,a0000000-0000-0000-0000-000000000001,2026-07-29T14:41:28.983Z,2026-07-29T14:41:28.983Z,a0000000-0000-0000-0000-000000000001,2026-07-29T14:41:28.983Z,,48befb54-113d-4e1b-b4dd-91cf79d6d8a0
e0fea661-dcdd-4f64-baed-ab40cba71265,3d99f926-f164-4e77-84f9-9fbe9ff4162f,2000000.00,IDR,1,2018-12-31T17:00:00.000Z,,Kabupaten Bandung,,medium,active,a0000000-0000-0000-0000-000000000001,2026-07-29T14:41:29.025Z,2026-07-29T14:41:29.025Z,a0000000-0000-0000-0000-000000000001,2026-07-29T14:41:29.025Z,,48befb54-113d-4e1b-b4dd-91cf79d6d8a0
fb55aceb-0523-498e-987a-4c7e5122236d,884bd828-c899-47d0-8516-00f84f31dfdd,80750.00,IDR,1,2018-12-31T17:00:00.000Z,,Kabupaten Bandung,,medium,active,a0000000-0000-0000-0000-000000000001,2026-07-29T14:41:29.066Z,2026-07-29T14:41:29.066Z,a0000000-0000-0000-0000-000000000001,2026-07-29T14:41:29.066Z,,48befb54-113d-4e1b-b4dd-91cf79d6d8a0
91f877a2-9353-4494-9748-b2ee232f182c,59bb17cd-4dbe-4e2e-9b38-e13dacce4b0c,230000.00,IDR,1,2018-12-31T17:00:00.000Z,,Kabupaten Bandung,,medium,active,a0000000-0000-0000-0000-000000000001,2026-07-29T14:41:29.108Z,2026-07-29T14:41:29.108Z,a0000000-0000-0000-0000-000000000001,2026-07-29T14:41:29.108Z,,48befb54-113d-4e1b-b4dd-91cf79d6d8a0
6a422d28-71f1-47d6-a9c2-317a575393f6,fd50b5a7-8214-4c8d-a1eb-e69b641c9212,25000.00,IDR,1,2018-12-31T17:00:00.000Z,,Kabupaten Bandung,,medium,active,a0000000-0000-0000-0000-000000000001,2026-07-29T14:41:29.150Z,2026-07-29T14:41:29.150Z,a0000000-0000-0000-0000-000000000001,2026-07-29T14:41:29.150Z,,48befb54-113d-4e1b-b4dd-91cf79d6d8a0
fbbb0746-48fa-4f99-89b8-f77d5e9bb205,75c97e01-3217-46e3-9f4a-bdb2080ddf8f,2850.00,IDR,1,2018-12-31T17:00:00.000Z,,Kabupaten Bandung,,medium,active,a0000000-0000-0000-0000-000000000001,2026-07-29T14:41:29.191Z,2026-07-29T14:41:29.191Z,a0000000-0000-0000-0000-000000000001,2026-07-29T14:41:29.191Z,,48befb54-113d-4e1b-b4dd-91cf79d6d8a0
e8657c89-c10a-4dfd-93ee-0ba243b0a7bd,144c9fbb-5f42-4868-917e-4aa79995e4d1,300000.00,IDR,1,2018-12-31T17:00:00.000Z,,Kabupaten Bandung,,medium,active,a0000000-0000-0000-0000-000000000001,2026-07-29T14:41:29.233Z,2026-07-29T14:41:29.233Z,a0000000-0000-0000-0000-000000000001,2026-07-29T14:41:29.233Z,,48befb54-113d-4e1b-b4dd-91cf79d6d8a0
c53a1ca7-759e-455b-abc2-f9cafc975233,e1d80876-3994-44ef-b122-99d982f1fb08,6500.00,IDR,1,2018-12-31T17:00:00.000Z,,Kabupaten Bandung,,medium,active,a0000000-0000-0000-0000-000000000001,2026-07-29T14:41:29.275Z,2026-07-29T14:41:29.275Z,a0000000-0000-0000-0000-000000000001,2026-07-29T14:41:29.275Z,,48befb54-113d-4e1b-b4dd-91cf79d6d8a0
8f81437e-98c4-41c5-a9f2-b47bb92335e2,29c3952d-6818-416e-8c19-edb92af7442c,12000.00,IDR,1,2018-12-31T17:00:00.000Z,,Kabupaten Bandung,,medium,active,a0000000-0000-0000-0000-000000000001,2026-07-29T14:41:29.317Z,2026-07-29T14:41:29.317Z,a0000000-0000-0000-0000-000000000001,2026-07-29T14:41:29.317Z,,48befb54-113d-4e1b-b4dd-91cf79d6d8a0
5927ff17-0d32-41d8-ae2e-1251669ec4ca,d3e978d9-0ade-45c4-b8d2-72fd8e992533,8000.00,IDR,1,2018-12-31T17:00:00.000Z,,Kabupaten Bandung,,medium,active,a0000000-0000-0000-0000-000000000001,2026-07-29T14:41:29.358Z,2026-07-29T14:41:29.358Z,a0000000-0000-0000-0000-000000000001,2026-07-29T14:41:29.358Z,,48befb54-113d-4e1b-b4dd-91cf79d6d8a0
07b4726d-d717-4d6b-93fa-02474fb70cb2,6c0ffacf-deb0-4315-aef4-7f607759e318,15400.00,IDR,1,2018-12-31T17:00:00.000Z,,Kabupaten Bandung,,medium,active,a0000000-0000-0000-0000-000000000001,2026-07-29T14:41:29.400Z,2026-07-29T14:41:29.400Z,a0000000-0000-0000-0000-000000000001,2026-07-29T14:41:29.400Z,,48befb54-113d-4e1b-b4dd-91cf79d6d8a0
262dca50-b5dc-4e62-88b0-ea4a6348ddd7,a9948010-f2b5-4824-97ba-72f3c31e4990,20500.00,IDR,1,2018-12-31T17:00:00.000Z,,Kabupaten Bandung,,medium,active,a0000000-0000-0000-0000-000000000001,2026-07-29T14:41:29.442Z,2026-07-29T14:41:29.442Z,a0000000-0000-0000-0000-000000000001,2026-07-29T14:41:29.442Z,,48befb54-113d-4e1b-b4dd-91cf79d6d8a0
92577a99-3bd6-4947-8e4f-4437c76f2043,6cd11a3b-93c1-4ee4-89c7-37245348a7b9,155000.00,IDR,1,2018-12-31T17:00:00.000Z,,Kabupaten Bandung,,medium,active,a0000000-0000-0000-0000-000000000001,2026-07-29T14:41:29.484Z,2026-07-29T14:41:29.484Z,a0000000-0000-0000-0000-000000000001,2026-07-29T14:41:29.484Z,,48befb54-113d-4e1b-b4dd-91cf79d6d8a0
6c1dc04b-6e7d-4d7d-985a-20e604ec9842,2e48e2a0-8685-4f5a-b73d-62c7dd88bded,8500.00,IDR,1,2018-12-31T17:00:00.000Z,,Kabupaten Bandung,,medium,active,a0000000-0000-0000-0000-000000000001,2026-07-29T14:41:29.526Z,2026-07-29T14:41:29.526Z,a0000000-0000-0000-0000-000000000001,2026-07-29T14:41:29.526Z,,48befb54-113d-4e1b-b4dd-91cf79d6d8a0
e5a3e8ba-a8a2-46a0-be39-3d2d99302e70,906fb9cc-1932-406b-bfb2-1f818e697154,2900.00,IDR,1,2018-12-31T17:00:00.000Z,,Kabupaten Bandung,,medium,active,a0000000-0000-0000-0000-000000000001,2026-07-29T14:41:29.568Z,2026-07-29T14:41:29.568Z,a0000000-0000-0000-0000-000000000001,2026-07-29T14:41:29.568Z,,48befb54-113d-4e1b-b4dd-91cf79d6d8a0
b814f583-f3ca-4733-aecf-9c571a7bbfb7,e1541fd9-32e2-449b-aa20-5f74fada7ccd,8500.00,IDR,1,2018-12-31T17:00:00.000Z,,Kabupaten Bandung,,medium,active,a0000000-0000-0000-0000-000000000001,2026-07-29T14:41:29.610Z,2026-07-29T14:41:29.610Z,a0000000-0000-0000-0000-000000000001,2026-07-29T14:41:29.610Z,,48befb54-113d-4e1b-b4dd-91cf79d6d8a0
ca4eb546-27f8-4469-bba7-2131f163d974,5cdeb6cf-ea10-4689-b4dc-0daad4d755e5,125000.00,IDR,1,2018-12-31T17:00:00.000Z,,Kabupaten Bandung,,medium,active,a0000000-0000-0000-0000-000000000001,2026-07-29T14:41:29.652Z,2026-07-29T14:41:29.652Z,a0000000-0000-0000-0000-000000000001,2026-07-29T14:41:29.652Z,,48befb54-113d-4e1b-b4dd-91cf79d6d8a0
d09a4538-0db0-4efa-8d06-cdd13d0c2e3d,205ba722-109a-44a5-9ab9-cbafabf6f4c5,115000.00,IDR,1,2018-12-31T17:00:00.000Z,,Kabupaten Bandung,,medium,active,a0000000-0000-0000-0000-000000000001,2026-07-29T14:41:29.694Z,2026-07-29T14:41:29.694Z,a0000000-0000-0000-0000-000000000001,2026-07-29T14:41:29.694Z,,48befb54-113d-4e1b-b4dd-91cf79d6d8a0
9ee1f251-74d8-4fe8-8d74-57723b71318a,60c6dc56-664e-4fd2-b460-d6dd0208255c,25000.00,IDR,1,2018-12-31T17:00:00.000Z,,Kabupaten Bandung,,medium,active,a0000000-0000-0000-0000-000000000001,2026-07-29T14:41:29.736Z,2026-07-29T14:41:29.736Z,a0000000-0000-0000-0000-000000000001,2026-07-29T14:41:29.736Z,,48befb54-113d-4e1b-b4dd-91cf79d6d8a0
4815a02a-a95d-4d5e-bb0d-f051ad1eedb6,dd7e8ba7-e807-4357-b5e3-9fbf53fde1f1,1450.00,IDR,1,2018-12-31T17:00:00.000Z,,Kabupaten Bandung,,medium,active,a0000000-0000-0000-0000-000000000001,2026-07-29T14:41:29.777Z,2026-07-29T14:41:29.777Z,a0000000-0000-0000-0000-000000000001,2026-07-29T14:41:29.777Z,,48befb54-113d-4e1b-b4dd-91cf79d6d8a0
dfeb245e-c1ab-4734-85d5-f918e4885888,512b8219-ada0-46d6-b701-7a0b4dae6e46,27500.00,IDR,1,2018-12-31T17:00:00.000Z,,Kabupaten Bandung,,medium,active,a0000000-0000-0000-0000-000000000001,2026-07-29T14:41:29.820Z,2026-07-29T14:41:29.820Z,a0000000-0000-0000-0000-000000000001,2026-07-29T14:41:29.820Z,,48befb54-113d-4e1b-b4dd-91cf79d6d8a0
1999bc75-9b97-49ba-b147-081f322f5948,cb108e69-f8eb-44a1-b205-0c7933774fef,12350.00,IDR,1,2018-12-31T17:00:00.000Z,,Kabupaten Bandung,,medium,active,a0000000-0000-0000-0000-000000000001,2026-07-29T14:41:29.862Z,2026-07-29T14:41:29.862Z,a0000000-0000-0000-0000-000000000001,2026-07-29T14:41:29.862Z,,48befb54-113d-4e1b-b4dd-91cf79d6d8a0
57f0eb62-c4e5-43e0-8c0c-04a472a87039,e73ffc91-3be2-492f-8a7d-5ed2103f8f56,110000.00,IDR,1,2018-12-31T17:00:00.000Z,,Kabupaten Bandung,,medium,active,a0000000-0000-0000-0000-000000000001,2026-07-29T14:41:29.904Z,2026-07-29T14:41:29.904Z,a0000000-0000-0000-0000-000000000001,2026-07-29T14:41:29.904Z,,48befb54-113d-4e1b-b4dd-91cf79d6d8a0
a97a2b8a-d7c9-44b0-85c4-f021345ab387,8e5b62e4-cfd2-47d8-a52f-cc13410fd9ff,2000000.00,IDR,1,2018-12-31T17:00:00.000Z,,Kabupaten Bandung,,medium,active,a0000000-0000-0000-0000-000000000001,2026-07-29T14:41:29.955Z,2026-07-29T14:41:29.955Z,a0000000-0000-0000-0000-000000000001,2026-07-29T14:41:29.955Z,,48befb54-113d-4e1b-b4dd-91cf79d6d8a0
2b83f709-e41e-43c2-84c2-5f2875fa8966,f4b7769c-bd06-4914-8dae-55cfaa72fa0d,47500.00,IDR,1,2018-12-31T17:00:00.000Z,,Kabupaten Bandung,,medium,active,a0000000-0000-0000-0000-000000000001,2026-07-29T14:41:29.999Z,2026-07-29T14:41:29.999Z,a0000000-0000-0000-0000-000000000001,2026-07-29T14:41:29.999Z,,48befb54-113d-4e1b-b4dd-91cf79d6d8a0
886dc3fd-d01e-47f4-9495-4024b541984a,739ed562-8576-4661-a438-e909b4429422,30000.00,IDR,1,2018-12-31T17:00:00.000Z,,Kabupaten Bandung,,medium,active,a0000000-0000-0000-0000-000000000001,2026-07-29T14:41:30.041Z,2026-07-29T14:41:30.041Z,a0000000-0000-0000-0000-000000000001,2026-07-29T14:41:30.041Z,,48befb54-113d-4e1b-b4dd-91cf79d6d8a0
5d2c1289-c23a-4fba-ae3f-403de92e8dd1,fe06718c-5356-4315-b345-5c45fa24ffd9,67000.00,IDR,1,2018-12-31T17:00:00.000Z,,Kabupaten Bandung,,medium,active,a0000000-0000-0000-0000-000000000001,2026-07-29T14:41:30.083Z,2026-07-29T14:41:30.083Z,a0000000-0000-0000-0000-000000000001,2026-07-29T14:41:30.083Z,,48befb54-113d-4e1b-b4dd-91cf79d6d8a0
0fe4909d-682c-4693-8ef0-890c6d92f6c5,2e2b81f1-0ee4-4022-85d2-f6a2a64d5158,25000.00,IDR,1,2018-12-31T17:00:00.000Z,,Kabupaten Bandung,,medium,active,a0000000-0000-0000-0000-000000000001,2026-07-29T14:41:30.125Z,2026-07-29T14:41:30.125Z,a0000000-0000-0000-0000-000000000001,2026-07-29T14:41:30.125Z,,48befb54-113d-4e1b-b4dd-91cf79d6d8a0
6a35db14-c9c1-4cba-ac86-d0357d972eed,7c1a743c-e7cf-4651-91a8-b6b158a42463,159500.00,IDR,1,2018-12-31T17:00:00.000Z,,Kabupaten Bandung,,medium,active,a0000000-0000-0000-0000-000000000001,2026-07-29T14:41:30.167Z,2026-07-29T14:41:30.167Z,a0000000-0000-0000-0000-000000000001,2026-07-29T14:41:30.167Z,,48befb54-113d-4e1b-b4dd-91cf79d6d8a0
18b0bbe5-d471-4d57-80ca-3a7fa3961ce0,09df81c2-057f-475b-add6-07d57b0902ff,25000.00,IDR,1,2018-12-31T17:00:00.000Z,,Kabupaten Bandung,,medium,active,a0000000-0000-0000-0000-000000000001,2026-07-29T14:41:30.208Z,2026-07-29T14:41:30.208Z,a0000000-0000-0000-0000-000000000001,2026-07-29T14:41:30.208Z,,48befb54-113d-4e1b-b4dd-91cf79d6d8a0
ce2d0809-f4a0-4ca9-bbb5-0c87ae698987,83fb52cc-14cf-4f0d-bcc7-0f63f2dfb3f6,225000.00,IDR,1,2018-12-31T17:00:00.000Z,,Kabupaten Bandung,,medium,active,a0000000-0000-0000-0000-000000000001,2026-07-29T14:41:30.250Z,2026-07-29T14:41:30.250Z,a0000000-0000-0000-0000-000000000001,2026-07-29T14:41:30.250Z,,48befb54-113d-4e1b-b4dd-91cf79d6d8a0
b4ca1af3-ba96-4ad2-b8a4-88aadde060a2,f255680b-3bc8-4fea-9ba4-9dd8a92cf940,160000.00,IDR,1,2018-12-31T17:00:00.000Z,,Kabupaten Bandung,,medium,active,a0000000-0000-0000-0000-000000000001,2026-07-29T14:41:30.292Z,2026-07-29T14:41:30.292Z,a0000000-0000-0000-0000-000000000001,2026-07-29T14:41:30.292Z,,48befb54-113d-4e1b-b4dd-91cf79d6d8a0
e0808698-7778-4fa8-a1b1-6e885b3458b8,37cfdd1f-0715-47af-a442-45c6486452e0,1000.00,IDR,1,2018-12-31T17:00:00.000Z,,Kabupaten Bandung,,medium,active,a0000000-0000-0000-0000-000000000001,2026-07-29T14:41:30.333Z,2026-07-29T14:41:30.333Z,a0000000-0000-0000-0000-000000000001,2026-07-29T14:41:30.333Z,,48befb54-113d-4e1b-b4dd-91cf79d6d8a0
9c24d266-ae75-44b7-9c4b-e4799159a022,fc3b7bc4-4322-4601-b441-47eb0eec756c,23000.00,IDR,1,2018-12-31T17:00:00.000Z,,Kabupaten Bandung,,medium,active,a0000000-0000-0000-0000-000000000001,2026-07-29T14:41:30.375Z,2026-07-29T14:41:30.375Z,a0000000-0000-0000-0000-000000000001,2026-07-29T14:41:30.375Z,,48befb54-113d-4e1b-b4dd-91cf79d6d8a0
7836d5be-87a8-46ce-a66e-412aa0543639,c93fa3e8-d7aa-4747-a8a0-311328c07deb,192000.00,IDR,1,2018-12-31T17:00:00.000Z,,Kabupaten Bandung,,medium,active,a0000000-0000-0000-0000-000000000001,2026-07-29T14:41:30.417Z,2026-07-29T14:41:30.417Z,a0000000-0000-0000-0000-000000000001,2026-07-29T14:41:30.417Z,,48befb54-113d-4e1b-b4dd-91cf79d6d8a0
6ecfae33-0b34-4136-8204-a49adfffd2c8,a27a8926-a28e-4c67-a17a-a9f536ab2d6c,37500.00,IDR,1,2018-12-31T17:00:00.000Z,,Kabupaten Bandung,,medium,active,a0000000-0000-0000-0000-000000000001,2026-07-29T14:41:30.458Z,2026-07-29T14:41:30.458Z,a0000000-0000-0000-0000-000000000001,2026-07-29T14:41:30.458Z,,48befb54-113d-4e1b-b4dd-91cf79d6d8a0
2d41b638-84f2-4e9e-a647-f22e62b67e40,a6333831-3933-4819-8171-8ee1813b36b8,7200.00,IDR,1,2018-12-31T17:00:00.000Z,,Kabupaten Bandung,,medium,active,a0000000-0000-0000-0000-000000000001,2026-07-29T14:41:30.500Z,2026-07-29T14:41:30.500Z,a0000000-0000-0000-0000-000000000001,2026-07-29T14:41:30.500Z,,48befb54-113d-4e1b-b4dd-91cf79d6d8a0
2b6ead30-6a01-4906-b4d4-c98f8fbdebb3,60185f05-fba2-43da-b22d-469dacb9d4ff,66000.00,IDR,1,2018-12-31T17:00:00.000Z,,Kabupaten Bandung,,medium,active,a0000000-0000-0000-0000-000000000001,2026-07-29T14:41:30.543Z,2026-07-29T14:41:30.543Z,a0000000-0000-0000-0000-000000000001,2026-07-29T14:41:30.543Z,,48befb54-113d-4e1b-b4dd-91cf79d6d8a0
84156b35-6934-497c-8224-594b3e8ddfbf,bab39b58-ee30-47bf-bc51-3eebb8572586,475.00,IDR,1,2018-12-31T17:00:00.000Z,,Kabupaten Bandung,,medium,active,a0000000-0000-0000-0000-000000000001,2026-07-29T14:41:30.586Z,2026-07-29T14:41:30.586Z,a0000000-0000-0000-0000-000000000001,2026-07-29T14:41:30.586Z,,48befb54-113d-4e1b-b4dd-91cf79d6d8a0
76dd7ef3-e7c9-4ae8-a2d8-e1f5bbefff9c,2c5f3e8b-481d-4aac-b640-70f71ef2116b,170000.00,IDR,1,2018-12-31T17:00:00.000Z,,Kabupaten Bandung,,medium,active,a0000000-0000-0000-0000-000000000001,2026-07-29T14:41:30.628Z,2026-07-29T14:41:30.628Z,a0000000-0000-0000-0000-000000000001,2026-07-29T14:41:30.628Z,,48befb54-113d-4e1b-b4dd-91cf79d6d8a0
077b2ceb-8555-48a7-9973-94739d4d07db,73027f5f-da17-4dbb-9fae-b6e99a7e4c62,8500.00,IDR,1,2018-12-31T17:00:00.000Z,,Kabupaten Bandung,,medium,active,a0000000-0000-0000-0000-000000000001,2026-07-29T14:41:30.669Z,2026-07-29T14:41:30.669Z,a0000000-0000-0000-0000-000000000001,2026-07-29T14:41:30.669Z,,48befb54-113d-4e1b-b4dd-91cf79d6d8a0
7248593b-f296-4ab8-8ce1-4c0c61e06fbc,49b21278-4309-4ed3-a208-d2519c58a88f,154000.00,IDR,1,2018-12-31T17:00:00.000Z,,Kabupaten Bandung,,medium,active,a0000000-0000-0000-0000-000000000001,2026-07-29T14:41:30.712Z,2026-07-29T14:41:30.712Z,a0000000-0000-0000-0000-000000000001,2026-07-29T14:41:30.712Z,,48befb54-113d-4e1b-b4dd-91cf79d6d8a0
c45a3666-2675-446f-8295-1f7ff42e4d6f,77ba6db2-92e0-4290-ad88-f8c4b6ddbcee,137500.00,IDR,1,2018-12-31T17:00:00.000Z,,Kabupaten Bandung,,medium,active,a0000000-0000-0000-0000-000000000001,2026-07-29T14:41:30.754Z,2026-07-29T14:41:30.754Z,a0000000-0000-0000-0000-000000000001,2026-07-29T14:41:30.754Z,,48befb54-113d-4e1b-b4dd-91cf79d6d8a0
c8569f7b-e0d9-4f3e-882e-ac2375ffa6ae,c8090fec-0850-451d-af28-91f4ad9a9a06,155000.00,IDR,1,2018-12-31T17:00:00.000Z,,Kabupaten Bandung,,medium,active,a0000000-0000-0000-0000-000000000001,2026-07-29T14:41:30.796Z,2026-07-29T14:41:30.796Z,a0000000-0000-0000-0000-000000000001,2026-07-29T14:41:30.796Z,,48befb54-113d-4e1b-b4dd-91cf79d6d8a0
5adf9576-161d-4ce3-9def-a576214978d6,067fac14-f9c6-4ee8-8849-004eeb61b6a8,27500.00,IDR,1,2018-12-31T17:00:00.000Z,,Kabupaten Bandung,,medium,active,a0000000-0000-0000-0000-000000000001,2026-07-29T14:41:30.839Z,2026-07-29T14:41:30.839Z,a0000000-0000-0000-0000-000000000001,2026-07-29T14:41:30.839Z,,48befb54-113d-4e1b-b4dd-91cf79d6d8a0
4bad7fdb-c0a3-48f4-bcc7-b21d36ce2f20,459afd0b-19c4-4a74-a323-6f3b1b8bf574,270000.00,IDR,1,2018-12-31T17:00:00.000Z,,Kabupaten Bandung,,medium,active,a0000000-0000-0000-0000-000000000001,2026-07-29T14:41:30.880Z,2026-07-29T14:41:30.880Z,a0000000-0000-0000-0000-000000000001,2026-07-29T14:41:30.880Z,,48befb54-113d-4e1b-b4dd-91cf79d6d8a0
1e96800f-2e93-4728-9434-6e6bb1c2b11c,c36dcbfa-d893-4943-842d-94422d7e2c93,7500.00,IDR,1,2018-12-31T17:00:00.000Z,,Kabupaten Bandung,,medium,active,a0000000-0000-0000-0000-000000000001,2026-07-29T14:41:30.922Z,2026-07-29T14:41:30.922Z,a0000000-0000-0000-0000-000000000001,2026-07-29T14:41:30.922Z,,48befb54-113d-4e1b-b4dd-91cf79d6d8a0
e1ffeee9-72e8-489e-80ae-7db3fb619f94,f98cd223-4bcd-4d4a-8578-caa2dabead8e,125000.00,IDR,1,2018-12-31T17:00:00.000Z,,Kabupaten Bandung,,medium,active,a0000000-0000-0000-0000-000000000001,2026-07-29T14:41:30.965Z,2026-07-29T14:41:30.965Z,a0000000-0000-0000-0000-000000000001,2026-07-29T14:41:30.965Z,,48befb54-113d-4e1b-b4dd-91cf79d6d8a0
22285b1f-0466-4b21-b7b8-77970e42bc73,35544c83-89ea-4c81-b51c-842b86f2158b,14650.00,IDR,1,2018-12-31T17:00:00.000Z,,Kabupaten Bandung,,medium,active,a0000000-0000-0000-0000-000000000001,2026-07-29T14:41:31.007Z,2026-07-29T14:41:31.007Z,a0000000-0000-0000-0000-000000000001,2026-07-29T14:41:31.007Z,,48befb54-113d-4e1b-b4dd-91cf79d6d8a0
9fddc017-f61e-4327-8337-becf57082b77,8979693b-40d1-4936-bc39-1b0c57ebc168,132000.00,IDR,1,2018-12-31T17:00:00.000Z,,Kabupaten Bandung,,medium,active,a0000000-0000-0000-0000-000000000001,2026-07-29T14:41:31.049Z,2026-07-29T14:41:31.049Z,a0000000-0000-0000-0000-000000000001,2026-07-29T14:41:31.049Z,,48befb54-113d-4e1b-b4dd-91cf79d6d8a0
55661d68-9d51-43ff-abde-ea502ad603c7,94169983-5fc9-41e0-9438-33b30540bd70,17500.00,IDR,1,2018-12-31T17:00:00.000Z,,Kabupaten Bandung,,medium,active,a0000000-0000-0000-0000-000000000001,2026-07-29T14:41:31.092Z,2026-07-29T14:41:31.092Z,a0000000-0000-0000-0000-000000000001,2026-07-29T14:41:31.092Z,,48befb54-113d-4e1b-b4dd-91cf79d6d8a0
675a522b-aa52-438e-990f-17db5958e124,aba67cad-efc3-49e2-b2f3-cf12b36f5793,32500.00,IDR,1,2018-12-31T17:00:00.000Z,,Kabupaten Bandung,,medium,active,a0000000-0000-0000-0000-000000000001,2026-07-29T14:41:31.134Z,2026-07-29T14:41:31.134Z,a0000000-0000-0000-0000-000000000001,2026-07-29T14:41:31.134Z,,48befb54-113d-4e1b-b4dd-91cf79d6d8a0
a3b15ec7-3f69-4837-9446-38dcc99984f0,6e26863a-036d-48c9-8c23-59953308bb62,399000.00,IDR,1,2018-12-31T17:00:00.000Z,,Kabupaten Bandung,,medium,active,a0000000-0000-0000-0000-000000000001,2026-07-29T14:41:31.175Z,2026-07-29T14:41:31.175Z,a0000000-0000-0000-0000-000000000001,2026-07-29T14:41:31.175Z,,48befb54-113d-4e1b-b4dd-91cf79d6d8a0
9e2d3b67-1d41-4e5e-ac71-cecc405a0d6f,6c17fe20-ae2c-4a70-9bf3-535641dcafab,60000.00,IDR,1,2018-12-31T17:00:00.000Z,,Kabupaten Bandung,,medium,active,a0000000-0000-0000-0000-000000000001,2026-07-29T14:41:31.217Z,2026-07-29T14:41:31.217Z,a0000000-0000-0000-0000-000000000001,2026-07-29T14:41:31.217Z,,48befb54-113d-4e1b-b4dd-91cf79d6d8a0
015a0cee-ae06-40e2-bbe1-6c702dd8ecf5,660007fe-927c-40db-b18a-618029d6a4d1,24000.00,IDR,1,2018-12-31T17:00:00.000Z,,Kabupaten Bandung,,medium,active,a0000000-0000-0000-0000-000000000001,2026-07-29T14:41:31.259Z,2026-07-29T14:41:31.259Z,a0000000-0000-0000-0000-000000000001,2026-07-29T14:41:31.259Z,,48befb54-113d-4e1b-b4dd-91cf79d6d8a0
da5caa66-ee20-4b45-beb6-c1b711c16054,bfcced05-754e-47cb-bd7e-4bb71ba33623,27500.00,IDR,1,2018-12-31T17:00:00.000Z,,Kabupaten Bandung,,medium,active,a0000000-0000-0000-0000-000000000001,2026-07-29T14:41:31.302Z,2026-07-29T14:41:31.302Z,a0000000-0000-0000-0000-000000000001,2026-07-29T14:41:31.302Z,,48befb54-113d-4e1b-b4dd-91cf79d6d8a0
ceaa1055-b641-4ecf-90d0-c7f20e280005,0e820874-e7d9-466f-ae5b-c1c30b6b394c,110000.00,IDR,1,2018-12-31T17:00:00.000Z,,Kabupaten Bandung,,medium,active,a0000000-0000-0000-0000-000000000001,2026-07-29T14:41:31.344Z,2026-07-29T14:41:31.344Z,a0000000-0000-0000-0000-000000000001,2026-07-29T14:41:31.344Z,,48befb54-113d-4e1b-b4dd-91cf79d6d8a0
e6fce9bc-c352-4658-ae2e-8e3df6200cff,c8cb1580-0870-4380-a0bc-4486d16b70da,45000.00,IDR,1,2018-12-31T17:00:00.000Z,,Kabupaten Bandung,,medium,active,a0000000-0000-0000-0000-000000000001,2026-07-29T14:41:31.386Z,2026-07-29T14:41:31.386Z,a0000000-0000-0000-0000-000000000001,2026-07-29T14:41:31.386Z,,48befb54-113d-4e1b-b4dd-91cf79d6d8a0
247c49f9-3d9d-4ab4-b769-bfccc8fc8afb,b606b457-4acf-4c8c-9979-560bbccaee6a,85000.00,IDR,1,2018-12-31T17:00:00.000Z,,Kabupaten Bandung,,medium,active,a0000000-0000-0000-0000-000000000001,2026-07-29T14:41:31.427Z,2026-07-29T14:41:31.427Z,a0000000-0000-0000-0000-000000000001,2026-07-29T14:41:31.427Z,,48befb54-113d-4e1b-b4dd-91cf79d6d8a0
6dd97a7f-b3d5-41d5-aa64-bec73544a7cf,88ba9db6-46f9-4a89-b60c-f98387c3643c,125000.00,IDR,1,2018-12-31T17:00:00.000Z,,Kabupaten Bandung,,medium,active,a0000000-0000-0000-0000-000000000001,2026-07-29T14:41:31.470Z,2026-07-29T14:41:31.470Z,a0000000-0000-0000-0000-000000000001,2026-07-29T14:41:31.470Z,,48befb54-113d-4e1b-b4dd-91cf79d6d8a0
64562939-675b-4c35-b2c8-ff25f3feec80,7393efca-d6b0-4b99-9e89-9d58f218f9fd,125000.00,IDR,1,2018-12-31T17:00:00.000Z,,Kabupaten Bandung,,medium,active,a0000000-0000-0000-0000-000000000001,2026-07-29T14:41:31.512Z,2026-07-29T14:41:31.512Z,a0000000-0000-0000-0000-000000000001,2026-07-29T14:41:31.512Z,,48befb54-113d-4e1b-b4dd-91cf79d6d8a0
1d9ec3f8-f134-4b6e-a228-011bc48c5817,a4b06f76-49d0-4bad-aabd-b50f3c36a4e5,25000.00,IDR,1,2018-12-31T17:00:00.000Z,,Kabupaten Bandung,,medium,active,a0000000-0000-0000-0000-000000000001,2026-07-29T14:41:31.553Z,2026-07-29T14:41:31.553Z,a0000000-0000-0000-0000-000000000001,2026-07-29T14:41:31.553Z,,48befb54-113d-4e1b-b4dd-91cf79d6d8a0
9a91c2d5-9f4f-4177-965f-9f13381b07e3,e91d74da-f1a7-424f-8620-a5467689c9a0,159500.00,IDR,1,2018-12-31T17:00:00.000Z,,Kabupaten Bandung,,medium,active,a0000000-0000-0000-0000-000000000001,2026-07-29T14:41:31.595Z,2026-07-29T14:41:31.595Z,a0000000-0000-0000-0000-000000000001,2026-07-29T14:41:31.595Z,,48befb54-113d-4e1b-b4dd-91cf79d6d8a0
bfd2ff08-97d2-4065-8a81-cec7c9d39f19,6998b92e-3042-461e-8e14-2fb0c6a5bcdb,130000.00,IDR,1,2018-12-31T17:00:00.000Z,,Kabupaten Bandung,,medium,active,a0000000-0000-0000-0000-000000000001,2026-07-29T14:41:31.637Z,2026-07-29T14:41:31.637Z,a0000000-0000-0000-0000-000000000001,2026-07-29T14:41:31.637Z,,48befb54-113d-4e1b-b4dd-91cf79d6d8a0
f3150e9b-28ca-4b66-a06e-335f92c49805,b90d2488-6781-4e7a-a527-cdb3efc032cf,4000.00,IDR,1,2018-12-31T17:00:00.000Z,,Kabupaten Bandung,,medium,active,a0000000-0000-0000-0000-000000000001,2026-07-29T14:41:31.679Z,2026-07-29T14:41:31.679Z,a0000000-0000-0000-0000-000000000001,2026-07-29T14:41:31.679Z,,48befb54-113d-4e1b-b4dd-91cf79d6d8a0
05536e55-581a-424d-91a9-8d2cffb934df,9410333d-227c-4bd1-a6e7-7045161b9a05,39500.00,IDR,1,2018-12-31T17:00:00.000Z,,Kabupaten Bandung,,medium,active,a0000000-0000-0000-0000-000000000001,2026-07-29T14:41:31.720Z,2026-07-29T14:41:31.720Z,a0000000-0000-0000-0000-000000000001,2026-07-29T14:41:31.720Z,,48befb54-113d-4e1b-b4dd-91cf79d6d8a0
e34a2498-1c86-47b7-874a-6786242b8216,8300d7de-9a42-41ec-875c-3e915863a1f0,55000.00,IDR,1,2018-12-31T17:00:00.000Z,,Kabupaten Bandung,,medium,active,a0000000-0000-0000-0000-000000000001,2026-07-29T14:41:31.762Z,2026-07-29T14:41:31.762Z,a0000000-0000-0000-0000-000000000001,2026-07-29T14:41:31.762Z,,48befb54-113d-4e1b-b4dd-91cf79d6d8a0
f32aa503-22b4-4c9a-821d-1f6d5765b24b,26bfa766-4105-464f-93ab-417ab23a1e0c,2000000.00,IDR,1,2018-12-31T17:00:00.000Z,,Kabupaten Bandung,,medium,active,a0000000-0000-0000-0000-000000000001,2026-07-29T14:41:31.804Z,2026-07-29T14:41:31.804Z,a0000000-0000-0000-0000-000000000001,2026-07-29T14:41:31.804Z,,48befb54-113d-4e1b-b4dd-91cf79d6d8a0
f7193533-6a2c-4df5-b1ce-4f6ee7378f7c,8ec09661-7cae-48b0-8c35-4f8003f3a6ea,9000.00,IDR,1,2018-12-31T17:00:00.000Z,,Kabupaten Bandung,,medium,active,a0000000-0000-0000-0000-000000000001,2026-07-29T14:41:31.846Z,2026-07-29T14:41:31.846Z,a0000000-0000-0000-0000-000000000001,2026-07-29T14:41:31.846Z,,48befb54-113d-4e1b-b4dd-91cf79d6d8a0
8f7599c4-20a4-4bd2-8524-6320add26a8c,52fb3701-0d09-41e4-bcb8-b4f11cc91c7e,218500.00,IDR,1,2018-12-31T17:00:00.000Z,,Kabupaten Bandung,,medium,active,a0000000-0000-0000-0000-000000000001,2026-07-29T14:41:31.888Z,2026-07-29T14:41:31.888Z,a0000000-0000-0000-0000-000000000001,2026-07-29T14:41:31.888Z,,48befb54-113d-4e1b-b4dd-91cf79d6d8a0
32f9d8ce-c18c-4fbf-a0ab-6d89e826b863,404093d9-026a-4c27-8682-790a921df840,30000.00,IDR,1,2018-12-31T17:00:00.000Z,,Kabupaten Bandung,,medium,active,a0000000-0000-0000-0000-000000000001,2026-07-29T14:41:31.931Z,2026-07-29T14:41:31.931Z,a0000000-0000-0000-0000-000000000001,2026-07-29T14:41:31.931Z,,48befb54-113d-4e1b-b4dd-91cf79d6d8a0
396be999-ccad-4ece-a7a7-3fe654a1872d,5e21ad36-1708-4e14-9b67-604e5059220f,25000.00,IDR,1,2018-12-31T17:00:00.000Z,,Kabupaten Bandung,,medium,active,a0000000-0000-0000-0000-000000000001,2026-07-29T14:41:31.973Z,2026-07-29T14:41:31.973Z,a0000000-0000-0000-0000-000000000001,2026-07-29T14:41:31.973Z,,48befb54-113d-4e1b-b4dd-91cf79d6d8a0
62146788-654c-413d-a0df-f2c2689f0748,5a2d3fcd-18cf-4137-a93f-115cd2e3e912,240000.00,IDR,1,2018-12-31T17:00:00.000Z,,Kabupaten Bandung,,medium,active,a0000000-0000-0000-0000-000000000001,2026-07-29T14:41:32.015Z,2026-07-29T14:41:32.015Z,a0000000-0000-0000-0000-000000000001,2026-07-29T14:41:32.015Z,,48befb54-113d-4e1b-b4dd-91cf79d6d8a0
28deffaf-6ad6-45c0-85b6-4f6ad45991b0,e622724f-3e13-424d-aeb1-7a04d10bb401,2000000.00,IDR,1,2018-12-31T17:00:00.000Z,,Kabupaten Bandung,,medium,active,a0000000-0000-0000-0000-000000000001,2026-07-29T14:41:32.057Z,2026-07-29T14:41:32.057Z,a0000000-0000-0000-0000-000000000001,2026-07-29T14:41:32.057Z,,48befb54-113d-4e1b-b4dd-91cf79d6d8a0
8f102027-e260-4135-808d-e2771035523b,6b7b1796-6bac-4f7b-b5b1-fd513bed3b6f,81000.00,IDR,1,2018-12-31T17:00:00.000Z,,Kabupaten Bandung,,medium,active,a0000000-0000-0000-0000-000000000001,2026-07-29T14:41:32.101Z,2026-07-29T14:41:32.101Z,a0000000-0000-0000-0000-000000000001,2026-07-29T14:41:32.101Z,,48befb54-113d-4e1b-b4dd-91cf79d6d8a0
2fa71d75-a95b-44eb-b920-2509088a2a7e,94b2ebcf-81af-42b3-8781-beec0cdd7b34,25000.00,IDR,1,2018-12-31T17:00:00.000Z,,Kabupaten Bandung,,medium,active,a0000000-0000-0000-0000-000000000001,2026-07-29T14:41:32.144Z,2026-07-29T14:41:32.144Z,a0000000-0000-0000-0000-000000000001,2026-07-29T14:41:32.144Z,,48befb54-113d-4e1b-b4dd-91cf79d6d8a0
7c8d44ef-7bdb-4882-8727-336953301471,3c17c72c-f3ec-4d3c-bee6-c3e10dde7892,40000.00,IDR,1,2018-12-31T17:00:00.000Z,,Kabupaten Bandung,,medium,active,a0000000-0000-0000-0000-000000000001,2026-07-29T14:41:32.186Z,2026-07-29T14:41:32.186Z,a0000000-0000-0000-0000-000000000001,2026-07-29T14:41:32.186Z,,48befb54-113d-4e1b-b4dd-91cf79d6d8a0
8378ec8f-f26c-401c-b42b-3756db903044,49b70194-1f93-4d37-9cc6-ea3dd1813268,700.00,IDR,1,2018-12-31T17:00:00.000Z,,Kabupaten Bandung,,medium,active,a0000000-0000-0000-0000-000000000001,2026-07-29T14:41:32.228Z,2026-07-29T14:41:32.228Z,a0000000-0000-0000-0000-000000000001,2026-07-29T14:41:32.228Z,,48befb54-113d-4e1b-b4dd-91cf79d6d8a0
468da8c0-6feb-41cf-92b5-d6ccbe3f7097,5e30e6c7-c6d4-4c70-86cd-7faa4f15c589,128000.00,IDR,1,2018-12-31T17:00:00.000Z,,Kabupaten Bandung,,medium,active,a0000000-0000-0000-0000-000000000001,2026-07-29T14:41:32.270Z,2026-07-29T14:41:32.270Z,a0000000-0000-0000-0000-000000000001,2026-07-29T14:41:32.270Z,,48befb54-113d-4e1b-b4dd-91cf79d6d8a0
e5251c28-9354-4093-8395-1955574e44f3,7aec2e92-3c03-4fa4-95de-496234b28096,120000.00,IDR,1,2018-12-31T17:00:00.000Z,,Kabupaten Bandung,,medium,active,a0000000-0000-0000-0000-000000000001,2026-07-29T14:41:32.312Z,2026-07-29T14:41:32.312Z,a0000000-0000-0000-0000-000000000001,2026-07-29T14:41:32.312Z,,48befb54-113d-4e1b-b4dd-91cf79d6d8a0
c4a912f9-ff5f-4a1a-bd00-0f32d5084e80,647e7a9b-ebb3-431d-8b7a-1988e46450a0,47500.00,IDR,1,2018-12-31T17:00:00.000Z,,Kabupaten Bandung,,medium,active,a0000000-0000-0000-0000-000000000001,2026-07-29T14:41:32.353Z,2026-07-29T14:41:32.353Z,a0000000-0000-0000-0000-000000000001,2026-07-29T14:41:32.353Z,,48befb54-113d-4e1b-b4dd-91cf79d6d8a0
d89ae03e-acc0-44fb-a323-611e0cce5130,35384f5b-a53b-4d26-a3c7-73cc6d1f157e,32000.00,IDR,1,2018-12-31T17:00:00.000Z,,Kabupaten Bandung,,medium,active,a0000000-0000-0000-0000-000000000001,2026-07-29T14:41:32.395Z,2026-07-29T14:41:32.395Z,a0000000-0000-0000-0000-000000000001,2026-07-29T14:41:32.395Z,,48befb54-113d-4e1b-b4dd-91cf79d6d8a0
b12230bf-42c6-45c3-9c02-dbe5ae2b2915,85920b13-0e6e-4899-a305-7658596021c3,361000.00,IDR,1,2018-12-31T17:00:00.000Z,,Kabupaten Bandung,,medium,active,a0000000-0000-0000-0000-000000000001,2026-07-29T14:41:32.438Z,2026-07-29T14:41:32.438Z,a0000000-0000-0000-0000-000000000001,2026-07-29T14:41:32.438Z,,48befb54-113d-4e1b-b4dd-91cf79d6d8a0
fd1d309b-5846-4a9a-9c44-de28764e0026,111fdf52-6cc6-4a76-a8b4-c7f5d2cb391a,130000.00,IDR,1,2018-12-31T17:00:00.000Z,,Kabupaten Bandung,,medium,active,a0000000-0000-0000-0000-000000000001,2026-07-29T14:41:32.479Z,2026-07-29T14:41:32.479Z,a0000000-0000-0000-0000-000000000001,2026-07-29T14:41:32.479Z,,48befb54-113d-4e1b-b4dd-91cf79d6d8a0
a61d0791-4ebf-4d77-bb33-3ef11be55253,f1e8d63d-906a-4566-b046-1ea96b6ec956,6000000.00,IDR,1,2018-12-31T17:00:00.000Z,,Kabupaten Bandung,,medium,active,a0000000-0000-0000-0000-000000000001,2026-07-29T14:41:32.521Z,2026-07-29T14:41:32.521Z,a0000000-0000-0000-0000-000000000001,2026-07-29T14:41:32.521Z,,48befb54-113d-4e1b-b4dd-91cf79d6d8a0
1fa7156a-07d1-48c4-9b5e-72a5deff8459,60ced9bd-df66-41f4-b1be-54ebb8bac94e,25000.00,IDR,1,2018-12-31T17:00:00.000Z,,Kabupaten Bandung,,medium,active,a0000000-0000-0000-0000-000000000001,2026-07-29T14:41:32.562Z,2026-07-29T14:41:32.562Z,a0000000-0000-0000-0000-000000000001,2026-07-29T14:41:32.562Z,,48befb54-113d-4e1b-b4dd-91cf79d6d8a0
e6cf70bf-2604-45eb-8787-e2fb7d17246a,c6531548-fa11-4761-9dc0-8d8de82fb2c5,25000.00,IDR,1,2018-12-31T17:00:00.000Z,,Kabupaten Bandung,,medium,active,a0000000-0000-0000-0000-000000000001,2026-07-29T14:41:32.604Z,2026-07-29T14:41:32.604Z,a0000000-0000-0000-0000-000000000001,2026-07-29T14:41:32.604Z,,48befb54-113d-4e1b-b4dd-91cf79d6d8a0
3dd4cff6-e9ef-4738-8f5b-ca351f98b076,94e634b7-6957-41b2-b655-ef6d0cef7679,144000.00,IDR,1,2018-12-31T17:00:00.000Z,,Kabupaten Bandung,,medium,active,a0000000-0000-0000-0000-000000000001,2026-07-29T14:41:32.647Z,2026-07-29T14:41:32.647Z,a0000000-0000-0000-0000-000000000001,2026-07-29T14:41:32.647Z,,48befb54-113d-4e1b-b4dd-91cf79d6d8a0
81c0a56f-3f38-421e-9985-13ed59fc59af,02af477b-5f1f-4145-8a1f-74f92d40a87e,132000.00,IDR,1,2018-12-31T17:00:00.000Z,,Kabupaten Bandung,,medium,active,a0000000-0000-0000-0000-000000000001,2026-07-29T14:41:32.689Z,2026-07-29T14:41:32.689Z,a0000000-0000-0000-0000-000000000001,2026-07-29T14:41:32.689Z,,48befb54-113d-4e1b-b4dd-91cf79d6d8a0
d0c390a4-80bd-4c30-8595-5790b8418e44,a0fb3fa6-e255-4873-8fa5-1f59fb3d57af,2850.00,IDR,1,2018-12-31T17:00:00.000Z,,Kabupaten Bandung,,medium,active,a0000000-0000-0000-0000-000000000001,2026-07-29T14:41:32.731Z,2026-07-29T14:41:32.731Z,a0000000-0000-0000-0000-000000000001,2026-07-29T14:41:32.731Z,,48befb54-113d-4e1b-b4dd-91cf79d6d8a0
294b90b0-8535-4aa7-a5bd-594dbd9db530,0f42e844-e945-4bfe-9956-6d5a62913eba,8000.00,IDR,1,2018-12-31T17:00:00.000Z,,Kabupaten Bandung,,medium,active,a0000000-0000-0000-0000-000000000001,2026-07-29T14:41:32.773Z,2026-07-29T14:41:32.773Z,a0000000-0000-0000-0000-000000000001,2026-07-29T14:41:32.773Z,,48befb54-113d-4e1b-b4dd-91cf79d6d8a0
feda7b14-3015-4352-a063-acc547469cd3,abfafa4f-9645-45a1-8bfe-c8c6bd11d863,22500.00,IDR,1,2018-12-31T17:00:00.000Z,,Kabupaten Bandung,,medium,active,a0000000-0000-0000-0000-000000000001,2026-07-29T14:41:32.815Z,2026-07-29T14:41:32.815Z,a0000000-0000-0000-0000-000000000001,2026-07-29T14:41:32.815Z,,48befb54-113d-4e1b-b4dd-91cf79d6d8a0
4e53a4aa-7705-4cca-8a17-bd0e61898fbb,2eac9214-2158-49e5-80d3-8747b3d659fd,125000.00,IDR,1,2018-12-31T17:00:00.000Z,,Kabupaten Bandung,,medium,active,a0000000-0000-0000-0000-000000000001,2026-07-29T14:41:32.856Z,2026-07-29T14:41:32.856Z,a0000000-0000-0000-0000-000000000001,2026-07-29T14:41:32.856Z,,48befb54-113d-4e1b-b4dd-91cf79d6d8a0
7a383b25-cd8e-4a0c-b56e-6ed0a3935990,371d76ba-36cc-4d9d-8974-45dc594f674a,84000.00,IDR,1,2018-12-31T17:00:00.000Z,,Kabupaten Bandung,,medium,active,a0000000-0000-0000-0000-000000000001,2026-07-29T14:41:32.898Z,2026-07-29T14:41:32.898Z,a0000000-0000-0000-0000-000000000001,2026-07-29T14:41:32.898Z,,48befb54-113d-4e1b-b4dd-91cf79d6d8a0
5c98adf7-8c10-46d3-9cf7-7c9c1561e710,232ff444-70d6-42ab-a037-300eabe9db12,195000.00,IDR,1,2018-12-31T17:00:00.000Z,,Kabupaten Bandung,,medium,active,a0000000-0000-0000-0000-000000000001,2026-07-29T14:41:32.942Z,2026-07-29T14:41:32.942Z,a0000000-0000-0000-0000-000000000001,2026-07-29T14:41:32.942Z,,48befb54-113d-4e1b-b4dd-91cf79d6d8a0
b6396664-831a-446b-80e3-4f57a060ae89,0b41ff00-e747-4a0d-9cac-9b6efffc6d83,6000000.00,IDR,1,2018-12-31T17:00:00.000Z,,Kabupaten Bandung,,medium,active,a0000000-0000-0000-0000-000000000001,2026-07-29T14:41:32.984Z,2026-07-29T14:41:32.984Z,a0000000-0000-0000-0000-000000000001,2026-07-29T14:41:32.984Z,,48befb54-113d-4e1b-b4dd-91cf79d6d8a0
30d7cfc8-1152-4b30-8864-aad1ff3743bf,93d85ed7-52f0-4171-8897-44194fbbf300,75000.00,IDR,1,2018-12-31T17:00:00.000Z,,Kabupaten Bandung,,medium,active,a0000000-0000-0000-0000-000000000001,2026-07-29T14:41:33.026Z,2026-07-29T14:41:33.026Z,a0000000-0000-0000-0000-000000000001,2026-07-29T14:41:33.026Z,,48befb54-113d-4e1b-b4dd-91cf79d6d8a0
5e1ecd61-cb71-4216-8873-0e72ca3caef7,159e2fff-6101-458d-bdce-a2826d284bb3,6800.00,IDR,1,2018-12-31T17:00:00.000Z,,Kabupaten Bandung,,medium,active,a0000000-0000-0000-0000-000000000001,2026-07-29T14:41:33.068Z,2026-07-29T14:41:33.068Z,a0000000-0000-0000-0000-000000000001,2026-07-29T14:41:33.068Z,,48befb54-113d-4e1b-b4dd-91cf79d6d8a0
7e3e2d30-c535-4a0c-af51-499d53c7d43b,fbb48882-792d-430d-bd02-684c401f9b61,66000.00,IDR,1,2018-12-31T17:00:00.000Z,,Kabupaten Bandung,,medium,active,a0000000-0000-0000-0000-000000000001,2026-07-29T14:41:33.110Z,2026-07-29T14:41:33.110Z,a0000000-0000-0000-0000-000000000001,2026-07-29T14:41:33.110Z,,48befb54-113d-4e1b-b4dd-91cf79d6d8a0
afdec6cd-21da-44db-bdc8-d292fb23fb04,bb825757-5cea-4edc-9ba1-34c0710048ce,102000.00,IDR,1,2018-12-31T17:00:00.000Z,,Kabupaten Bandung,,medium,active,a0000000-0000-0000-0000-000000000001,2026-07-29T14:41:33.154Z,2026-07-29T14:41:33.154Z,a0000000-0000-0000-0000-000000000001,2026-07-29T14:41:33.154Z,,48befb54-113d-4e1b-b4dd-91cf79d6d8a0
e9353381-5639-4331-ac69-0b9329142fe9,e959b143-0bdd-431e-8aa3-5ff74446bb64,3500000.00,IDR,1,2018-12-31T17:00:00.000Z,,Kabupaten Bandung,,medium,active,a0000000-0000-0000-0000-000000000001,2026-07-29T14:41:33.196Z,2026-07-29T14:41:33.196Z,a0000000-0000-0000-0000-000000000001,2026-07-29T14:41:33.196Z,,48befb54-113d-4e1b-b4dd-91cf79d6d8a0
2352a62e-cc05-426d-9c69-7208086f7bfa,2cc7a4ae-5b1c-4836-b427-0311415980b2,6000.00,IDR,1,2018-12-31T17:00:00.000Z,,Kabupaten Bandung,,medium,active,a0000000-0000-0000-0000-000000000001,2026-07-29T14:41:33.238Z,2026-07-29T14:41:33.238Z,a0000000-0000-0000-0000-000000000001,2026-07-29T14:41:33.238Z,,48befb54-113d-4e1b-b4dd-91cf79d6d8a0
eb27c13d-2f43-4f42-b54f-a6d633136923,d524da98-77fa-4c8d-b297-604d73681891,143000.00,IDR,1,2018-12-31T17:00:00.000Z,,Kabupaten Bandung,,medium,active,a0000000-0000-0000-0000-000000000001,2026-07-29T14:41:33.280Z,2026-07-29T14:41:33.280Z,a0000000-0000-0000-0000-000000000001,2026-07-29T14:41:33.280Z,,48befb54-113d-4e1b-b4dd-91cf79d6d8a0
d949a7b3-64eb-48fd-9567-4153f82b7671,99fa2d87-bd2d-46de-a894-75fa1ec1053c,6000000.00,IDR,1,2018-12-31T17:00:00.000Z,,Kabupaten Bandung,,medium,active,a0000000-0000-0000-0000-000000000001,2026-07-29T14:41:33.322Z,2026-07-29T14:41:33.322Z,a0000000-0000-0000-0000-000000000001,2026-07-29T14:41:33.322Z,,48befb54-113d-4e1b-b4dd-91cf79d6d8a0
4d2374d5-923e-4180-b7f6-1f65a2f82dfd,ffe2b53d-512c-4d00-93f7-682d7c0a4d48,1000.00,IDR,1,2018-12-31T17:00:00.000Z,,Kabupaten Bandung,,medium,active,a0000000-0000-0000-0000-000000000001,2026-07-29T14:41:33.363Z,2026-07-29T14:41:33.363Z,a0000000-0000-0000-0000-000000000001,2026-07-29T14:41:33.363Z,,48befb54-113d-4e1b-b4dd-91cf79d6d8a0
086d97f0-6e44-4fdb-b74b-b789add1442a,8d6226fd-4e27-4ce5-ad88-fbf8e405bfae,25000.00,IDR,1,2018-12-31T17:00:00.000Z,,Kabupaten Bandung,,medium,active,a0000000-0000-0000-0000-000000000001,2026-07-29T14:41:33.405Z,2026-07-29T14:41:33.405Z,a0000000-0000-0000-0000-000000000001,2026-07-29T14:41:33.405Z,,48befb54-113d-4e1b-b4dd-91cf79d6d8a0
19dd0793-2281-487c-affd-ffe9cf040111,aa33e11e-984e-4890-89aa-058d8483db84,4000.00,IDR,1,2018-12-31T17:00:00.000Z,,Kabupaten Bandung,,medium,active,a0000000-0000-0000-0000-000000000001,2026-07-29T14:41:33.447Z,2026-07-29T14:41:33.447Z,a0000000-0000-0000-0000-000000000001,2026-07-29T14:41:33.447Z,,48befb54-113d-4e1b-b4dd-91cf79d6d8a0
1d4b57da-dc45-4a2f-b0a6-d2d8f75bf926,ea8f96a6-baf7-4f23-b291-827756373ee6,84000.00,IDR,1,2018-12-31T17:00:00.000Z,,Kabupaten Bandung,,medium,active,a0000000-0000-0000-0000-000000000001,2026-07-29T14:41:33.489Z,2026-07-29T14:41:33.489Z,a0000000-0000-0000-0000-000000000001,2026-07-29T14:41:33.489Z,,48befb54-113d-4e1b-b4dd-91cf79d6d8a0
f89766e7-8bbf-45c2-98f5-05bb57d02abe,178c0a71-8a55-4c2d-8fdc-65d62ce52864,250000.00,IDR,1,2018-12-31T17:00:00.000Z,,Kabupaten Bandung,,medium,active,a0000000-0000-0000-0000-000000000001,2026-07-29T14:41:33.531Z,2026-07-29T14:41:33.531Z,a0000000-0000-0000-0000-000000000001,2026-07-29T14:41:33.531Z,,48befb54-113d-4e1b-b4dd-91cf79d6d8a0
49575ce9-aa64-4f13-b0b7-5fb02ce936d3,baae372d-2453-4f24-ab23-9ffa22cb2946,75000.00,IDR,1,2018-12-31T17:00:00.000Z,,Kabupaten Bandung,,medium,active,a0000000-0000-0000-0000-000000000001,2026-07-29T14:41:33.573Z,2026-07-29T14:41:33.573Z,a0000000-0000-0000-0000-000000000001,2026-07-29T14:41:33.573Z,,48befb54-113d-4e1b-b4dd-91cf79d6d8a0
3a1c1698-8ffb-47a4-917a-6b8f9612a597,d0ede8cb-d358-4e6b-83d7-a5b60658c272,35000.00,IDR,1,2018-12-31T17:00:00.000Z,,Kabupaten Bandung,,medium,active,a0000000-0000-0000-0000-000000000001,2026-07-29T14:41:33.615Z,2026-07-29T14:41:33.615Z,a0000000-0000-0000-0000-000000000001,2026-07-29T14:41:33.615Z,,48befb54-113d-4e1b-b4dd-91cf79d6d8a0
0c5ce646-d61a-44da-ad1e-47a8ed452d73,5e7fd18c-821e-46a9-986a-c5abb68c2fcb,16000000.00,IDR,1,2018-12-31T17:00:00.000Z,,Kabupaten Bandung,,medium,active,a0000000-0000-0000-0000-000000000001,2026-07-29T14:41:33.657Z,2026-07-29T14:41:33.657Z,a0000000-0000-0000-0000-000000000001,2026-07-29T14:41:33.657Z,,48befb54-113d-4e1b-b4dd-91cf79d6d8a0
eca82a77-1923-4586-b857-5483fccf6c70,517fcc1c-5972-4343-9f1a-b169d5a52e0f,90000.00,IDR,1,2018-12-31T17:00:00.000Z,,Kabupaten Bandung,,medium,active,a0000000-0000-0000-0000-000000000001,2026-07-29T14:41:33.699Z,2026-07-29T14:41:33.699Z,a0000000-0000-0000-0000-000000000001,2026-07-29T14:41:33.699Z,,48befb54-113d-4e1b-b4dd-91cf79d6d8a0
780c5fe1-9a9c-428e-81be-8159a6cf28cd,cf95543d-5d6d-4001-bead-52b4304fa3a2,7500.00,IDR,1,2018-12-31T17:00:00.000Z,,Kabupaten Bandung,,medium,active,a0000000-0000-0000-0000-000000000001,2026-07-29T14:41:33.741Z,2026-07-29T14:41:33.741Z,a0000000-0000-0000-0000-000000000001,2026-07-29T14:41:33.741Z,,48befb54-113d-4e1b-b4dd-91cf79d6d8a0
f670ad67-07eb-4ec7-b3e6-e7f759a7701e,94bb8f78-fcdd-481e-93ef-b6648673cd7a,35000.00,IDR,1,2018-12-31T17:00:00.000Z,,Kabupaten Bandung,,medium,active,a0000000-0000-0000-0000-000000000001,2026-07-29T14:41:33.783Z,2026-07-29T14:41:33.783Z,a0000000-0000-0000-0000-000000000001,2026-07-29T14:41:33.783Z,,48befb54-113d-4e1b-b4dd-91cf79d6d8a0
de2a79c6-96c7-482c-9a5a-7f223e33bc50,f628b433-932c-428b-b62f-f16ee4d306c8,39500.00,IDR,1,2018-12-31T17:00:00.000Z,,Kabupaten Bandung,,medium,active,a0000000-0000-0000-0000-000000000001,2026-07-29T14:41:33.825Z,2026-07-29T14:41:33.825Z,a0000000-0000-0000-0000-000000000001,2026-07-29T14:41:33.825Z,,48befb54-113d-4e1b-b4dd-91cf79d6d8a0
02a350ce-19ac-4458-8e0b-b9ca1a658eb5,aaa28605-5a46-4d96-b1ca-406bfe9c3249,70000.00,IDR,1,2018-12-31T17:00:00.000Z,,Kabupaten Bandung,,medium,active,a0000000-0000-0000-0000-000000000001,2026-07-29T14:41:33.868Z,2026-07-29T14:41:33.868Z,a0000000-0000-0000-0000-000000000001,2026-07-29T14:41:33.868Z,,48befb54-113d-4e1b-b4dd-91cf79d6d8a0
f7a91205-57bc-407f-86a9-1fd4dd6f6a6a,577e36e6-5669-4b9a-bcdd-3112db24a4ce,3000000.00,IDR,1,2018-12-31T17:00:00.000Z,,Kabupaten Bandung,,medium,active,a0000000-0000-0000-0000-000000000001,2026-07-29T14:41:33.910Z,2026-07-29T14:41:33.910Z,a0000000-0000-0000-0000-000000000001,2026-07-29T14:41:33.910Z,,48befb54-113d-4e1b-b4dd-91cf79d6d8a0
c0d1f8f6-7bff-4543-8c87-945fa9c83bf0,8a74e269-6cbf-4d95-a253-b02d5e004b05,6000.00,IDR,1,2018-12-31T17:00:00.000Z,,Kabupaten Bandung,,medium,active,a0000000-0000-0000-0000-000000000001,2026-07-29T14:41:33.954Z,2026-07-29T14:41:33.954Z,a0000000-0000-0000-0000-000000000001,2026-07-29T14:41:33.954Z,,48befb54-113d-4e1b-b4dd-91cf79d6d8a0
b4a59e31-c71c-46a0-b08f-16841388d4f3,3d67f2db-5dd2-4c89-adf8-7dd202c65743,24000.00,IDR,1,2018-12-31T17:00:00.000Z,,Kabupaten Bandung,,medium,active,a0000000-0000-0000-0000-000000000001,2026-07-29T14:41:33.996Z,2026-07-29T14:41:33.996Z,a0000000-0000-0000-0000-000000000001,2026-07-29T14:41:33.996Z,,48befb54-113d-4e1b-b4dd-91cf79d6d8a0
63e12d24-2bbd-42ec-a206-136c62d163de,4a5a940f-3fcb-493d-a6c9-445cbe3f10eb,2425.00,IDR,1,2018-12-31T17:00:00.000Z,,Kabupaten Bandung,,medium,active,a0000000-0000-0000-0000-000000000001,2026-07-29T14:41:34.038Z,2026-07-29T14:41:34.038Z,a0000000-0000-0000-0000-000000000001,2026-07-29T14:41:34.038Z,,48befb54-113d-4e1b-b4dd-91cf79d6d8a0
055f1f6c-fcc9-4a02-b5ce-550718128d77,9697ec82-8b25-4d91-9e69-5b96b2020fac,24000.00,IDR,1,2018-12-31T17:00:00.000Z,,Kabupaten Bandung,,medium,active,a0000000-0000-0000-0000-000000000001,2026-07-29T14:41:34.080Z,2026-07-29T14:41:34.080Z,a0000000-0000-0000-0000-000000000001,2026-07-29T14:41:34.080Z,,48befb54-113d-4e1b-b4dd-91cf79d6d8a0
482f2e5b-2e93-4d9e-a064-e180794eb668,b095b7c5-deda-44b4-9ac1-d19c55e8c50d,6500.00,IDR,1,2018-12-31T17:00:00.000Z,,Kabupaten Bandung,,medium,active,a0000000-0000-0000-0000-000000000001,2026-07-29T14:41:34.122Z,2026-07-29T14:41:34.122Z,a0000000-0000-0000-0000-000000000001,2026-07-29T14:41:34.122Z,,48befb54-113d-4e1b-b4dd-91cf79d6d8a0
2422bb41-fce5-4822-9704-8644448db571,8dfae48d-c402-4830-9ecc-9b6e5fb7813b,750000.00,IDR,1,2018-12-31T17:00:00.000Z,,Kabupaten Bandung,,medium,active,a0000000-0000-0000-0000-000000000001,2026-07-29T14:41:34.163Z,2026-07-29T14:41:34.163Z,a0000000-0000-0000-0000-000000000001,2026-07-29T14:41:34.163Z,,48befb54-113d-4e1b-b4dd-91cf79d6d8a0
6132449a-7199-4f0d-898b-b7f42d85ef2d,67a124b3-22a9-4a57-ba11-2682c313333c,4300.00,IDR,1,2018-12-31T17:00:00.000Z,,Kabupaten Bandung,,medium,active,a0000000-0000-0000-0000-000000000001,2026-07-29T14:41:34.206Z,2026-07-29T14:41:34.206Z,a0000000-0000-0000-0000-000000000001,2026-07-29T14:41:34.206Z,,48befb54-113d-4e1b-b4dd-91cf79d6d8a0
25924403-6dc9-4833-8519-fa11552ac6cd,2f6d0b09-3760-4901-af04-0fae486b5113,72000.00,IDR,1,2018-12-31T17:00:00.000Z,,Kabupaten Bandung,,medium,active,a0000000-0000-0000-0000-000000000001,2026-07-29T14:41:34.248Z,2026-07-29T14:41:34.248Z,a0000000-0000-0000-0000-000000000001,2026-07-29T14:41:34.248Z,,48befb54-113d-4e1b-b4dd-91cf79d6d8a0
9b5830ba-d3b0-4bd8-b019-613d2e0f2a45,feb1a4d5-7cb9-46e4-a6ee-89fc4c7688c1,255000.00,IDR,1,2018-12-31T17:00:00.000Z,,Kabupaten Bandung,,medium,active,a0000000-0000-0000-0000-000000000001,2026-07-29T14:41:34.291Z,2026-07-29T14:41:34.291Z,a0000000-0000-0000-0000-000000000001,2026-07-29T14:41:34.291Z,,48befb54-113d-4e1b-b4dd-91cf79d6d8a0
11c072e9-6658-4fdf-85c8-ea8d76b46b2f,eff375e3-77a7-4d9f-b1f9-a37fcd72b1d8,85000.00,IDR,1,2018-12-31T17:00:00.000Z,,Kabupaten Bandung,,medium,active,a0000000-0000-0000-0000-000000000001,2026-07-29T14:41:34.331Z,2026-07-29T14:41:34.331Z,a0000000-0000-0000-0000-000000000001,2026-07-29T14:41:34.331Z,,48befb54-113d-4e1b-b4dd-91cf79d6d8a0
3f6b6e27-8788-4805-b2a8-3933a0f67dfa,3b93e82c-f7e0-4719-877a-596141831893,45000.00,IDR,1,2018-12-31T17:00:00.000Z,,Kabupaten Bandung,,medium,active,a0000000-0000-0000-0000-000000000001,2026-07-29T14:41:34.373Z,2026-07-29T14:41:34.373Z,a0000000-0000-0000-0000-000000000001,2026-07-29T14:41:34.373Z,,48befb54-113d-4e1b-b4dd-91cf79d6d8a0
a9e553cb-5327-4a92-8e65-ee8e97d25b92,9a4a9f05-51ea-40ff-ae91-246aed212149,8500.00,IDR,1,2018-12-31T17:00:00.000Z,,Kabupaten Bandung,,medium,active,a0000000-0000-0000-0000-000000000001,2026-07-29T14:41:34.415Z,2026-07-29T14:41:34.415Z,a0000000-0000-0000-0000-000000000001,2026-07-29T14:41:34.415Z,,48befb54-113d-4e1b-b4dd-91cf79d6d8a0
671a4c90-d2b9-45a2-b72a-bc55850fbf76,e90a9c8e-1851-4a8d-8c95-4ecd75f2bdcf,2000000.00,IDR,1,2018-12-31T17:00:00.000Z,,Kabupaten Bandung,,medium,active,a0000000-0000-0000-0000-000000000001,2026-07-29T14:41:34.456Z,2026-07-29T14:41:34.456Z,a0000000-0000-0000-0000-000000000001,2026-07-29T14:41:34.456Z,,48befb54-113d-4e1b-b4dd-91cf79d6d8a0
6a31d4a0-2900-44e1-ad1f-4aa459dbdc2c,923b4abe-de64-4d61-bfd9-683ed9e0ffaf,52000.00,IDR,1,2018-12-31T17:00:00.000Z,,Kabupaten Bandung,,medium,active,a0000000-0000-0000-0000-000000000001,2026-07-29T14:41:34.498Z,2026-07-29T14:41:34.498Z,a0000000-0000-0000-0000-000000000001,2026-07-29T14:41:34.498Z,,48befb54-113d-4e1b-b4dd-91cf79d6d8a0
66e01c66-83b7-4caf-a13d-13ddfda81cb1,e420f77b-4afe-4141-94f8-628f850dd7cd,2000000.00,IDR,1,2018-12-31T17:00:00.000Z,,Kabupaten Bandung,,medium,active,a0000000-0000-0000-0000-000000000001,2026-07-29T14:41:34.540Z,2026-07-29T14:41:34.540Z,a0000000-0000-0000-0000-000000000001,2026-07-29T14:41:34.540Z,,48befb54-113d-4e1b-b4dd-91cf79d6d8a0
ef7333ac-446b-41ef-8afb-77109e16c3c5,9d3411d4-ea6d-4397-94c0-cb50d16df2d9,72000.00,IDR,1,2018-12-31T17:00:00.000Z,,Kabupaten Bandung,,medium,active,a0000000-0000-0000-0000-000000000001,2026-07-29T14:41:34.582Z,2026-07-29T14:41:34.582Z,a0000000-0000-0000-0000-000000000001,2026-07-29T14:41:34.582Z,,48befb54-113d-4e1b-b4dd-91cf79d6d8a0
67c26955-32b5-4ad8-88d4-19f9190e84c0,8d7fcaf2-5618-4573-9c72-e670d5124d72,20000.00,IDR,1,2018-12-31T17:00:00.000Z,,Kabupaten Bandung,,medium,active,a0000000-0000-0000-0000-000000000001,2026-07-29T14:41:34.624Z,2026-07-29T14:41:34.624Z,a0000000-0000-0000-0000-000000000001,2026-07-29T14:41:34.624Z,,48befb54-113d-4e1b-b4dd-91cf79d6d8a0
b5bc61c7-430f-4962-83af-1dd19dc8d561,7ec855bf-bf7d-49dd-a316-8233cafa26b9,125000.00,IDR,1,2018-12-31T17:00:00.000Z,,Kabupaten Bandung,,medium,active,a0000000-0000-0000-0000-000000000001,2026-07-29T14:41:34.667Z,2026-07-29T14:41:34.667Z,a0000000-0000-0000-0000-000000000001,2026-07-29T14:41:34.667Z,,48befb54-113d-4e1b-b4dd-91cf79d6d8a0
eac5ed49-27cf-451f-8f01-8897fb88d647,4da14893-d917-46a7-ba1e-7b8a13ca60b7,18000.00,IDR,1,2018-12-31T17:00:00.000Z,,Kabupaten Bandung,,medium,active,a0000000-0000-0000-0000-000000000001,2026-07-29T14:41:34.708Z,2026-07-29T14:41:34.708Z,a0000000-0000-0000-0000-000000000001,2026-07-29T14:41:34.708Z,,48befb54-113d-4e1b-b4dd-91cf79d6d8a0
1c88a067-11b7-4318-934a-b1421ef15811,d9dc911b-6b0f-487d-8f25-d0cf4e65e5a2,2000000.00,IDR,1,2018-12-31T17:00:00.000Z,,Kabupaten Bandung,,medium,active,a0000000-0000-0000-0000-000000000001,2026-07-29T14:41:34.750Z,2026-07-29T14:41:34.750Z,a0000000-0000-0000-0000-000000000001,2026-07-29T14:41:34.750Z,,48befb54-113d-4e1b-b4dd-91cf79d6d8a0
54f04ec3-2ef0-461b-b6ed-cd04e5625f68,2ab0cb5c-e83c-419b-b10f-6957d56acd9e,66000.00,IDR,1,2018-12-31T17:00:00.000Z,,Kabupaten Bandung,,medium,active,a0000000-0000-0000-0000-000000000001,2026-07-29T14:41:34.793Z,2026-07-29T14:41:34.793Z,a0000000-0000-0000-0000-000000000001,2026-07-29T14:41:34.793Z,,48befb54-113d-4e1b-b4dd-91cf79d6d8a0
386160ea-4d31-4a51-b4f2-2f5b2da4de46,52531d70-befa-42ba-85e2-263a2a41a05e,16000.00,IDR,1,2018-12-31T17:00:00.000Z,,Kabupaten Bandung,,medium,active,a0000000-0000-0000-0000-000000000001,2026-07-29T14:41:34.834Z,2026-07-29T14:41:34.834Z,a0000000-0000-0000-0000-000000000001,2026-07-29T14:41:34.834Z,,48befb54-113d-4e1b-b4dd-91cf79d6d8a0
9e8f7066-8d2f-46eb-bb67-055583050ff4,fb81efd6-b967-4e02-a5bd-0c821cc9fa57,80000.00,IDR,1,2018-12-31T17:00:00.000Z,,Kabupaten Bandung,,medium,active,a0000000-0000-0000-0000-000000000001,2026-07-29T14:41:34.876Z,2026-07-29T14:41:34.876Z,a0000000-0000-0000-0000-000000000001,2026-07-29T14:41:34.876Z,,48befb54-113d-4e1b-b4dd-91cf79d6d8a0
9481ee67-910c-4092-a136-06382163d06c,10f46f6e-0d31-48ee-a96f-11f337cb17ac,159500.00,IDR,1,2018-12-31T17:00:00.000Z,,Kabupaten Bandung,,medium,active,a0000000-0000-0000-0000-000000000001,2026-07-29T14:41:34.918Z,2026-07-29T14:41:34.918Z,a0000000-0000-0000-0000-000000000001,2026-07-29T14:41:34.918Z,,48befb54-113d-4e1b-b4dd-91cf79d6d8a0
b5f75bdd-b271-498d-a02e-d3f16a2a53c9,d0cda3ea-5d36-497a-89c7-f68ffb6ebd17,1900.00,IDR,1,2018-12-31T17:00:00.000Z,,Kabupaten Bandung,,medium,active,a0000000-0000-0000-0000-000000000001,2026-07-29T14:41:34.966Z,2026-07-29T14:41:34.966Z,a0000000-0000-0000-0000-000000000001,2026-07-29T14:41:34.966Z,,48befb54-113d-4e1b-b4dd-91cf79d6d8a0
c45bb60e-e05f-42fd-99ec-09cc83e28bdd,b18bd7ce-3911-4a27-9db7-aada29fc05b0,27500.00,IDR,1,2018-12-31T17:00:00.000Z,,Kabupaten Bandung,,medium,active,a0000000-0000-0000-0000-000000000001,2026-07-29T14:41:35.008Z,2026-07-29T14:41:35.008Z,a0000000-0000-0000-0000-000000000001,2026-07-29T14:41:35.008Z,,48befb54-113d-4e1b-b4dd-91cf79d6d8a0
12750d5d-88b5-4df3-842a-683332105baa,16ed840d-a387-4c54-a594-85432ecdadfb,33000.00,IDR,1,2018-12-31T17:00:00.000Z,,Kabupaten Bandung,,medium,active,a0000000-0000-0000-0000-000000000001,2026-07-29T14:41:35.050Z,2026-07-29T14:41:35.050Z,a0000000-0000-0000-0000-000000000001,2026-07-29T14:41:35.050Z,,48befb54-113d-4e1b-b4dd-91cf79d6d8a0
76de7be7-6f13-40dc-a8a5-07b1a1621d05,a27de7b9-56b4-412b-9749-88c952b2296e,35000.00,IDR,1,2018-12-31T17:00:00.000Z,,Kabupaten Bandung,,medium,active,a0000000-0000-0000-0000-000000000001,2026-07-29T14:41:35.093Z,2026-07-29T14:41:35.093Z,a0000000-0000-0000-0000-000000000001,2026-07-29T14:41:35.093Z,,48befb54-113d-4e1b-b4dd-91cf79d6d8a0
ee1b8bf6-c815-4438-a0f3-92d4c7d6424c,7abb8c5f-bab9-45fc-be54-8d071a35c798,6500.00,IDR,1,2018-12-31T17:00:00.000Z,,Kabupaten Bandung,,medium,active,a0000000-0000-0000-0000-000000000001,2026-07-29T14:41:35.135Z,2026-07-29T14:41:35.135Z,a0000000-0000-0000-0000-000000000001,2026-07-29T14:41:35.135Z,,48befb54-113d-4e1b-b4dd-91cf79d6d8a0
9d04c602-3b3b-4fde-85b5-9db58478f57e,0cf6596e-0089-4edc-8f8e-0c7e662ee99c,15600.00,IDR,1,2018-12-31T17:00:00.000Z,,Kabupaten Bandung,,medium,active,a0000000-0000-0000-0000-000000000001,2026-07-29T14:41:35.177Z,2026-07-29T14:41:35.177Z,a0000000-0000-0000-0000-000000000001,2026-07-29T14:41:35.177Z,,48befb54-113d-4e1b-b4dd-91cf79d6d8a0
160f327c-0a85-41b6-aebe-fa2e11a485f9,c5601465-f1a6-455e-8229-91f75aea7cc9,7650.00,IDR,1,2018-12-31T17:00:00.000Z,,Kabupaten Bandung,,medium,active,a0000000-0000-0000-0000-000000000001,2026-07-29T14:41:35.219Z,2026-07-29T14:41:35.219Z,a0000000-0000-0000-0000-000000000001,2026-07-29T14:41:35.219Z,,48befb54-113d-4e1b-b4dd-91cf79d6d8a0
2e021a2b-ac69-47bc-bf16-70a18ce8bd41,2011c8b3-78df-478f-9de0-222f6fc0c015,25000.00,IDR,1,2018-12-31T17:00:00.000Z,,Kabupaten Bandung,,medium,active,a0000000-0000-0000-0000-000000000001,2026-07-29T14:41:35.262Z,2026-07-29T14:41:35.262Z,a0000000-0000-0000-0000-000000000001,2026-07-29T14:41:35.262Z,,48befb54-113d-4e1b-b4dd-91cf79d6d8a0
2a3ccee5-da7a-428c-94e7-4be89e46b09a,2f9cc96e-8b53-461d-bca0-8d17eef979f9,195000.00,IDR,1,2018-12-31T17:00:00.000Z,,Kabupaten Bandung,,medium,active,a0000000-0000-0000-0000-000000000001,2026-07-29T14:41:35.304Z,2026-07-29T14:41:35.304Z,a0000000-0000-0000-0000-000000000001,2026-07-29T14:41:35.304Z,,48befb54-113d-4e1b-b4dd-91cf79d6d8a0
65238a87-9803-4273-9925-852e77946b8f,bf8cd695-d840-45d1-8ecc-c4fb6ea279cc,30000.00,IDR,1,2018-12-31T17:00:00.000Z,,Kabupaten Bandung,,medium,active,a0000000-0000-0000-0000-000000000001,2026-07-29T14:41:35.345Z,2026-07-29T14:41:35.345Z,a0000000-0000-0000-0000-000000000001,2026-07-29T14:41:35.345Z,,48befb54-113d-4e1b-b4dd-91cf79d6d8a0
b5d8437a-156b-4a15-b557-33c22d2747e5,93429805-90d3-483d-9084-b566cc72162f,137500.00,IDR,1,2018-12-31T17:00:00.000Z,,Kabupaten Bandung,,medium,active,a0000000-0000-0000-0000-000000000001,2026-07-29T14:41:35.387Z,2026-07-29T14:41:35.387Z,a0000000-0000-0000-0000-000000000001,2026-07-29T14:41:35.387Z,,48befb54-113d-4e1b-b4dd-91cf79d6d8a0
849785f2-8449-49e0-a438-3f282742aad7,c68543b7-27cd-43e5-8ca9-8fd5107910e1,95000.00,IDR,1,2018-12-31T17:00:00.000Z,,Kabupaten Bandung,,medium,active,a0000000-0000-0000-0000-000000000001,2026-07-29T14:41:35.429Z,2026-07-29T14:41:35.429Z,a0000000-0000-0000-0000-000000000001,2026-07-29T14:41:35.429Z,,48befb54-113d-4e1b-b4dd-91cf79d6d8a0
7eca8c62-36a4-469a-adbd-1f8473c1e00f,cb5e1b00-6975-4c29-b516-a9474177851f,155000.00,IDR,1,2018-12-31T17:00:00.000Z,,Kabupaten Bandung,,medium,active,a0000000-0000-0000-0000-000000000001,2026-07-29T14:41:35.471Z,2026-07-29T14:41:35.471Z,a0000000-0000-0000-0000-000000000001,2026-07-29T14:41:35.471Z,,48befb54-113d-4e1b-b4dd-91cf79d6d8a0
f37653a6-6b68-4633-be2c-f362564e792c,e2dce327-60f3-4677-ade8-b011e2b84a9a,250000.00,IDR,1,2018-12-31T17:00:00.000Z,,Kabupaten Bandung,,medium,active,a0000000-0000-0000-0000-000000000001,2026-07-29T14:41:35.513Z,2026-07-29T14:41:35.513Z,a0000000-0000-0000-0000-000000000001,2026-07-29T14:41:35.513Z,,48befb54-113d-4e1b-b4dd-91cf79d6d8a0
2b703081-815a-4cf3-a457-a3f91bdcf932,576ccd77-320f-41bf-8e6b-9480bd7ad82a,3500000.00,IDR,1,2018-12-31T17:00:00.000Z,,Kabupaten Bandung,,medium,active,a0000000-0000-0000-0000-000000000001,2026-07-29T14:41:35.554Z,2026-07-29T14:41:35.554Z,a0000000-0000-0000-0000-000000000001,2026-07-29T14:41:35.554Z,,48befb54-113d-4e1b-b4dd-91cf79d6d8a0
0d08182e-54df-4807-8dc9-b8b410021f35,984e9a4d-727e-4551-975e-ce8ffe67320d,210000.00,IDR,1,2018-12-31T17:00:00.000Z,,Kabupaten Bandung,,medium,active,a0000000-0000-0000-0000-000000000001,2026-07-29T14:41:35.596Z,2026-07-29T14:41:35.596Z,a0000000-0000-0000-0000-000000000001,2026-07-29T14:41:35.596Z,,48befb54-113d-4e1b-b4dd-91cf79d6d8a0
0e05ba4a-e866-4f60-a00f-e7e7236d334a,636fdf81-2369-4cfa-bc6b-a97fa364aae5,275000.00,IDR,1,2018-12-31T17:00:00.000Z,,Kabupaten Bandung,,medium,active,a0000000-0000-0000-0000-000000000001,2026-07-29T14:41:35.638Z,2026-07-29T14:41:35.638Z,a0000000-0000-0000-0000-000000000001,2026-07-29T14:41:35.638Z,,48befb54-113d-4e1b-b4dd-91cf79d6d8a0
756e30ec-7d84-4db5-903a-20cd3fd02ef2,2f17de73-4088-402d-8789-d3aef91e044f,11000.00,IDR,1,2018-12-31T17:00:00.000Z,,Kabupaten Bandung,,medium,active,a0000000-0000-0000-0000-000000000001,2026-07-29T14:41:35.681Z,2026-07-29T14:41:35.681Z,a0000000-0000-0000-0000-000000000001,2026-07-29T14:41:35.681Z,,48befb54-113d-4e1b-b4dd-91cf79d6d8a0
a694c2c6-6322-4ca4-b72c-3b0c45eb5562,0b34857e-4339-4c63-987d-aaeda0c19866,3000000.00,IDR,1,2018-12-31T17:00:00.000Z,,Kabupaten Bandung,,medium,active,a0000000-0000-0000-0000-000000000001,2026-07-29T14:41:35.723Z,2026-07-29T14:41:35.723Z,a0000000-0000-0000-0000-000000000001,2026-07-29T14:41:35.723Z,,48befb54-113d-4e1b-b4dd-91cf79d6d8a0
e925bcf1-e399-4202-af6f-591e2fe5aed3,6f630bd4-ade2-4adb-a160-3395e84f3145,55000.00,IDR,1,2018-12-31T17:00:00.000Z,,Kabupaten Bandung,,medium,active,a0000000-0000-0000-0000-000000000001,2026-07-29T14:41:35.765Z,2026-07-29T14:41:35.765Z,a0000000-0000-0000-0000-000000000001,2026-07-29T14:41:35.765Z,,48befb54-113d-4e1b-b4dd-91cf79d6d8a0
750b1b18-fb32-4a3f-b117-376dd7672815,5ee4e036-8771-4e69-84e1-7d27c9d38f5b,33000.00,IDR,1,2018-12-31T17:00:00.000Z,,Kabupaten Bandung,,medium,active,a0000000-0000-0000-0000-000000000001,2026-07-29T14:41:35.807Z,2026-07-29T14:41:35.807Z,a0000000-0000-0000-0000-000000000001,2026-07-29T14:41:35.807Z,,48befb54-113d-4e1b-b4dd-91cf79d6d8a0
8a1211a0-23e8-431b-ae9c-0d6ad0a6f9a0,bcadda64-d3de-460f-9dbf-5ae4919e69b9,22500.00,IDR,1,2018-12-31T17:00:00.000Z,,Kabupaten Bandung,,medium,active,a0000000-0000-0000-0000-000000000001,2026-07-29T14:41:35.849Z,2026-07-29T14:41:35.849Z,a0000000-0000-0000-0000-000000000001,2026-07-29T14:41:35.849Z,,48befb54-113d-4e1b-b4dd-91cf79d6d8a0
0564da79-492c-4b0e-9516-3c2e193a0e46,92fe0499-ad79-4af7-afce-7203b2935e8d,18000000.00,IDR,1,2018-12-31T17:00:00.000Z,,Kabupaten Bandung,,medium,active,a0000000-0000-0000-0000-000000000001,2026-07-29T14:41:35.891Z,2026-07-29T14:41:35.891Z,a0000000-0000-0000-0000-000000000001,2026-07-29T14:41:35.891Z,,48befb54-113d-4e1b-b4dd-91cf79d6d8a0
07134f43-7398-4d77-aad2-f5f601bca16c,d499af95-27e4-4a29-901b-87cfe0dc1c0a,50000.00,IDR,1,2018-12-31T17:00:00.000Z,,Kabupaten Bandung,,medium,active,a0000000-0000-0000-0000-000000000001,2026-07-29T14:41:35.933Z,2026-07-29T14:41:35.933Z,a0000000-0000-0000-0000-000000000001,2026-07-29T14:41:35.933Z,,48befb54-113d-4e1b-b4dd-91cf79d6d8a0
a3cc60ac-3491-4f8f-90b0-cb457f17c28a,9cced651-e240-4111-aa4e-7b5336665a6c,5000.00,IDR,1,2018-12-31T17:00:00.000Z,,Kabupaten Bandung,,medium,active,a0000000-0000-0000-0000-000000000001,2026-07-29T14:41:35.975Z,2026-07-29T14:41:35.975Z,a0000000-0000-0000-0000-000000000001,2026-07-29T14:41:35.975Z,,48befb54-113d-4e1b-b4dd-91cf79d6d8a0
e2e0278a-af7c-47fe-a2bb-9c0dbff7466d,42b402e4-d062-4c77-94eb-92f687b4316d,32000.00,IDR,1,2018-12-31T17:00:00.000Z,,Kabupaten Bandung,,medium,active,a0000000-0000-0000-0000-000000000001,2026-07-29T14:41:36.017Z,2026-07-29T14:41:36.017Z,a0000000-0000-0000-0000-000000000001,2026-07-29T14:41:36.017Z,,48befb54-113d-4e1b-b4dd-91cf79d6d8a0
ddc60af3-2183-41fd-aef4-a18da1f284e9,7fd5ec29-5eb9-4c3b-ad42-131c7b7d884c,24000.00,IDR,1,2018-12-31T17:00:00.000Z,,Kabupaten Bandung,,medium,active,a0000000-0000-0000-0000-000000000001,2026-07-29T14:41:36.059Z,2026-07-29T14:41:36.059Z,a0000000-0000-0000-0000-000000000001,2026-07-29T14:41:36.059Z,,48befb54-113d-4e1b-b4dd-91cf79d6d8a0
1425bf24-0b31-4102-b515-c1393de72151,23685cbe-9a9b-4c60-867b-dfc1ec73d784,71000.00,IDR,1,2018-12-31T17:00:00.000Z,,Kabupaten Bandung,,medium,active,a0000000-0000-0000-0000-000000000001,2026-07-29T14:41:36.101Z,2026-07-29T14:41:36.101Z,a0000000-0000-0000-0000-000000000001,2026-07-29T14:41:36.101Z,,48befb54-113d-4e1b-b4dd-91cf79d6d8a0
8d6ea7ca-74c5-4495-aa2c-1dca115b5352,eb51875b-897a-4cc4-8f54-8201945f13ce,115000.00,IDR,1,2018-12-31T17:00:00.000Z,,Kabupaten Bandung,,medium,active,a0000000-0000-0000-0000-000000000001,2026-07-29T14:41:36.144Z,2026-07-29T14:41:36.144Z,a0000000-0000-0000-0000-000000000001,2026-07-29T14:41:36.144Z,,48befb54-113d-4e1b-b4dd-91cf79d6d8a0
98ee1a3d-ca1b-4fa5-91b4-63d30268c3e8,fe1f7b1d-4827-4dd3-a23f-3f1b0a593a51,475.00,IDR,1,2018-12-31T17:00:00.000Z,,Kabupaten Bandung,,medium,active,a0000000-0000-0000-0000-000000000001,2026-07-29T14:41:36.186Z,2026-07-29T14:41:36.186Z,a0000000-0000-0000-0000-000000000001,2026-07-29T14:41:36.186Z,,48befb54-113d-4e1b-b4dd-91cf79d6d8a0
786c6b4c-c104-4298-b4cf-b0095c6a050b,926699a7-e7ec-4994-835a-868109b1a108,50000.00,IDR,1,2018-12-31T17:00:00.000Z,,Kabupaten Bandung,,medium,active,a0000000-0000-0000-0000-000000000001,2026-07-29T14:41:36.228Z,2026-07-29T14:41:36.228Z,a0000000-0000-0000-0000-000000000001,2026-07-29T14:41:36.228Z,,48befb54-113d-4e1b-b4dd-91cf79d6d8a0
e66fefcc-4581-4710-8980-d46456a13a6c,3c9e2154-1d90-491b-a388-89e0bd308a44,169000.00,IDR,1,2018-12-31T17:00:00.000Z,,Kabupaten Bandung,,medium,active,a0000000-0000-0000-0000-000000000001,2026-07-29T14:41:36.270Z,2026-07-29T14:41:36.270Z,a0000000-0000-0000-0000-000000000001,2026-07-29T14:41:36.270Z,,48befb54-113d-4e1b-b4dd-91cf79d6d8a0
09b1e394-c789-42c7-afd2-6f71114a49e4,cb43c2ce-170e-46e7-bc7c-4dc1c40a52e2,57000.00,IDR,1,2018-12-31T17:00:00.000Z,,Kabupaten Bandung,,medium,active,a0000000-0000-0000-0000-000000000001,2026-07-29T14:41:36.312Z,2026-07-29T14:41:36.312Z,a0000000-0000-0000-0000-000000000001,2026-07-29T14:41:36.312Z,,48befb54-113d-4e1b-b4dd-91cf79d6d8a0
fdd401ec-ac93-4689-a87b-a5d33b3339e8,ec10c452-128f-4963-b60b-3597e37afff3,108000.00,IDR,1,2018-12-31T17:00:00.000Z,,Kabupaten Bandung,,medium,active,a0000000-0000-0000-0000-000000000001,2026-07-29T14:41:36.354Z,2026-07-29T14:41:36.354Z,a0000000-0000-0000-0000-000000000001,2026-07-29T14:41:36.354Z,,48befb54-113d-4e1b-b4dd-91cf79d6d8a0
830e0a53-e328-4590-bf37-df828ce8e752,79cdfeb2-f46d-403d-b96f-1f88583e34a0,30000.00,IDR,1,2018-12-31T17:00:00.000Z,,Kabupaten Bandung,,medium,active,a0000000-0000-0000-0000-000000000001,2026-07-29T14:41:36.396Z,2026-07-29T14:41:36.396Z,a0000000-0000-0000-0000-000000000001,2026-07-29T14:41:36.396Z,,48befb54-113d-4e1b-b4dd-91cf79d6d8a0
76821ab4-6263-486d-bd83-c867fe8592d0,72b12b40-902e-4236-952c-849fce31f2e7,137500.00,IDR,1,2018-12-31T17:00:00.000Z,,Kabupaten Bandung,,medium,active,a0000000-0000-0000-0000-000000000001,2026-07-29T14:41:36.439Z,2026-07-29T14:41:36.439Z,a0000000-0000-0000-0000-000000000001,2026-07-29T14:41:36.439Z,,48befb54-113d-4e1b-b4dd-91cf79d6d8a0
91cd3372-9661-428e-9038-57e099918225,9922bbc8-2869-4884-8e06-965093044564,24000.00,IDR,1,2018-12-31T17:00:00.000Z,,Kabupaten Bandung,,medium,active,a0000000-0000-0000-0000-000000000001,2026-07-29T14:41:36.480Z,2026-07-29T14:41:36.480Z,a0000000-0000-0000-0000-000000000001,2026-07-29T14:41:36.480Z,,48befb54-113d-4e1b-b4dd-91cf79d6d8a0
0aa9ba9a-d3f4-47fb-83c3-220def07ea69,2488f0e3-044a-4809-8e70-f0de30cef48b,57000.00,IDR,1,2018-12-31T17:00:00.000Z,,Kabupaten Bandung,,medium,active,a0000000-0000-0000-0000-000000000001,2026-07-29T14:41:36.522Z,2026-07-29T14:41:36.522Z,a0000000-0000-0000-0000-000000000001,2026-07-29T14:41:36.522Z,,48befb54-113d-4e1b-b4dd-91cf79d6d8a0
f885fe1a-dab2-48b5-b922-1d3e8b1ba094,60fd0246-3f2e-4dae-9c58-6ee8a27e3fe1,27500.00,IDR,1,2018-12-31T17:00:00.000Z,,Kabupaten Bandung,,medium,active,a0000000-0000-0000-0000-000000000001,2026-07-29T14:41:36.564Z,2026-07-29T14:41:36.564Z,a0000000-0000-0000-0000-000000000001,2026-07-29T14:41:36.564Z,,48befb54-113d-4e1b-b4dd-91cf79d6d8a0
051d4b6d-6504-418f-ad04-e2b71603e344,ccb08834-b6e5-4845-82f2-829661cf0adf,16000000.00,IDR,1,2018-12-31T17:00:00.000Z,,Kabupaten Bandung,,medium,active,a0000000-0000-0000-0000-000000000001,2026-07-29T14:41:36.607Z,2026-07-29T14:41:36.607Z,a0000000-0000-0000-0000-000000000001,2026-07-29T14:41:36.607Z,,48befb54-113d-4e1b-b4dd-91cf79d6d8a0
9356f2d5-a3c9-4c2e-b5ab-73079b90ebff,f2d245e2-ac75-4cce-ae1d-647d8dc22260,3000000.00,IDR,1,2018-12-31T17:00:00.000Z,,Kabupaten Bandung,,medium,active,a0000000-0000-0000-0000-000000000001,2026-07-29T14:41:36.649Z,2026-07-29T14:41:36.649Z,a0000000-0000-0000-0000-000000000001,2026-07-29T14:41:36.649Z,,48befb54-113d-4e1b-b4dd-91cf79d6d8a0
6459386f-50b2-4be5-99a9-b1869fccebb3,5a2845f0-ecc0-4d60-9507-7b2fbbad83b4,8500.00,IDR,1,2018-12-31T17:00:00.000Z,,Kabupaten Bandung,,medium,active,a0000000-0000-0000-0000-000000000001,2026-07-29T14:41:36.691Z,2026-07-29T14:41:36.691Z,a0000000-0000-0000-0000-000000000001,2026-07-29T14:41:36.691Z,,48befb54-113d-4e1b-b4dd-91cf79d6d8a0
5256af47-747e-402f-bd85-76627aef84aa,6dce6f03-b909-4928-8400-2c954e84aaf6,23000.00,IDR,1,2018-12-31T17:00:00.000Z,,Kabupaten Bandung,,medium,active,a0000000-0000-0000-0000-000000000001,2026-07-29T14:41:36.732Z,2026-07-29T14:41:36.732Z,a0000000-0000-0000-0000-000000000001,2026-07-29T14:41:36.732Z,,48befb54-113d-4e1b-b4dd-91cf79d6d8a0
3a5e46ab-c70a-48af-af34-36d5f406472c,e90ff08f-662f-49d6-8a99-78666f9a1ab7,76000.00,IDR,1,2018-12-31T17:00:00.000Z,,Kabupaten Bandung,,medium,active,a0000000-0000-0000-0000-000000000001,2026-07-29T14:41:36.774Z,2026-07-29T14:41:36.774Z,a0000000-0000-0000-0000-000000000001,2026-07-29T14:41:36.774Z,,48befb54-113d-4e1b-b4dd-91cf79d6d8a0
35ec143a-ae1d-4cda-ace2-b8ab86248e1c,dedb3bcb-b97b-4cf0-a713-4cabade15512,36000.00,IDR,1,2018-12-31T17:00:00.000Z,,Kabupaten Bandung,,medium,active,a0000000-0000-0000-0000-000000000001,2026-07-29T14:41:36.816Z,2026-07-29T14:41:36.816Z,a0000000-0000-0000-0000-000000000001,2026-07-29T14:41:36.816Z,,48befb54-113d-4e1b-b4dd-91cf79d6d8a0
79c7af2e-142e-4d35-b4bd-c4cda5778a64,0745381e-f905-4027-b88a-2a573d956f5b,8500.00,IDR,1,2018-12-31T17:00:00.000Z,,Kabupaten Bandung,,medium,active,a0000000-0000-0000-0000-000000000001,2026-07-29T14:41:36.859Z,2026-07-29T14:41:36.859Z,a0000000-0000-0000-0000-000000000001,2026-07-29T14:41:36.859Z,,48befb54-113d-4e1b-b4dd-91cf79d6d8a0
b61ad21b-5823-46d8-920b-1de5050ee17b,1b7f986a-6931-4be0-8ec2-3022ec1c1c99,81000.00,IDR,1,2018-12-31T17:00:00.000Z,,Kabupaten Bandung,,medium,active,a0000000-0000-0000-0000-000000000001,2026-07-29T14:41:36.900Z,2026-07-29T14:41:36.900Z,a0000000-0000-0000-0000-000000000001,2026-07-29T14:41:36.900Z,,48befb54-113d-4e1b-b4dd-91cf79d6d8a0
c803f34f-1261-440d-947a-3b8fd867d29a,f45d6c81-d4ee-45ab-b0d1-11436da28dfe,85000.00,IDR,1,2018-12-31T17:00:00.000Z,,Kabupaten Bandung,,medium,active,a0000000-0000-0000-0000-000000000001,2026-07-29T14:41:36.942Z,2026-07-29T14:41:36.942Z,a0000000-0000-0000-0000-000000000001,2026-07-29T14:41:36.942Z,,48befb54-113d-4e1b-b4dd-91cf79d6d8a0
339a9caa-9ee5-4fb8-a39b-f64b3f3b2307,6daa3173-87d7-455c-98e6-64a9e360a2ee,250000.00,IDR,1,2018-12-31T17:00:00.000Z,,Kabupaten Bandung,,medium,active,a0000000-0000-0000-0000-000000000001,2026-07-29T14:41:36.985Z,2026-07-29T14:41:36.985Z,a0000000-0000-0000-0000-000000000001,2026-07-29T14:41:36.985Z,,48befb54-113d-4e1b-b4dd-91cf79d6d8a0
1d63d584-2181-4c9b-9147-8734d79cf55e,dac76ebb-6ee1-4df6-93aa-2d7ec44917ec,20000.00,IDR,1,2018-12-31T17:00:00.000Z,,Kabupaten Bandung,,medium,active,a0000000-0000-0000-0000-000000000001,2026-07-29T14:41:37.026Z,2026-07-29T14:41:37.026Z,a0000000-0000-0000-0000-000000000001,2026-07-29T14:41:37.026Z,,48befb54-113d-4e1b-b4dd-91cf79d6d8a0
3851eb61-d785-49d6-990f-42fc72bff056,cc991bf9-21b9-4bea-a8fe-4e4ce2fe0477,85000.00,IDR,1,2018-12-31T17:00:00.000Z,,Kabupaten Bandung,,medium,active,a0000000-0000-0000-0000-000000000001,2026-07-29T14:41:37.068Z,2026-07-29T14:41:37.068Z,a0000000-0000-0000-0000-000000000001,2026-07-29T14:41:37.068Z,,48befb54-113d-4e1b-b4dd-91cf79d6d8a0
3c16b8dd-520e-4a49-88e4-1b2feae6f616,11a443e3-024b-4bdd-8a7e-040d60825de7,78000.00,IDR,1,2018-12-31T17:00:00.000Z,,Kabupaten Bandung,,medium,active,a0000000-0000-0000-0000-000000000001,2026-07-29T14:41:37.110Z,2026-07-29T14:41:37.110Z,a0000000-0000-0000-0000-000000000001,2026-07-29T14:41:37.110Z,,48befb54-113d-4e1b-b4dd-91cf79d6d8a0
d413bec1-daf0-435c-96ae-f33cd355487f,65431dca-a115-4a12-8d7e-0a30a45195bf,6500.00,IDR,1,2018-12-31T17:00:00.000Z,,Kabupaten Bandung,,medium,active,a0000000-0000-0000-0000-000000000001,2026-07-29T14:41:37.152Z,2026-07-29T14:41:37.152Z,a0000000-0000-0000-0000-000000000001,2026-07-29T14:41:37.152Z,,48befb54-113d-4e1b-b4dd-91cf79d6d8a0
56896c34-77a0-48ce-8cd8-d5a17abfd300,afc55484-3433-4ddb-ab77-0f5eb9416290,75000.00,IDR,1,2018-12-31T17:00:00.000Z,,Kabupaten Bandung,,medium,active,a0000000-0000-0000-0000-000000000001,2026-07-29T14:41:37.194Z,2026-07-29T14:41:37.194Z,a0000000-0000-0000-0000-000000000001,2026-07-29T14:41:37.194Z,,48befb54-113d-4e1b-b4dd-91cf79d6d8a0
4aa720ed-6a6d-4af8-8db2-ca1a1cd87957,8bc6860f-c579-4334-a34f-c98ca415ce29,30000.00,IDR,1,2018-12-31T17:00:00.000Z,,Kabupaten Bandung,,medium,active,a0000000-0000-0000-0000-000000000001,2026-07-29T14:41:37.236Z,2026-07-29T14:41:37.236Z,a0000000-0000-0000-0000-000000000001,2026-07-29T14:41:37.236Z,,48befb54-113d-4e1b-b4dd-91cf79d6d8a0
6635bec2-bcef-4f24-af0c-bed75a13e180,c2a8c425-418c-445e-8b23-5d8caf4206a9,66000.00,IDR,1,2018-12-31T17:00:00.000Z,,Kabupaten Bandung,,medium,active,a0000000-0000-0000-0000-000000000001,2026-07-29T14:41:37.278Z,2026-07-29T14:41:37.278Z,a0000000-0000-0000-0000-000000000001,2026-07-29T14:41:37.278Z,,48befb54-113d-4e1b-b4dd-91cf79d6d8a0
2325a152-5d2a-456a-89d1-5cd551d8c592,f518f321-90e5-427c-bbe0-5b5b90f1c0fe,6000000.00,IDR,1,2018-12-31T17:00:00.000Z,,Kabupaten Bandung,,medium,active,a0000000-0000-0000-0000-000000000001,2026-07-29T14:41:37.320Z,2026-07-29T14:41:37.320Z,a0000000-0000-0000-0000-000000000001,2026-07-29T14:41:37.320Z,,48befb54-113d-4e1b-b4dd-91cf79d6d8a0
fd9b81f3-d6cd-444a-98a1-a36dc64254e8,1de233fc-59ba-444d-bae3-31ff141eccb6,143000.00,IDR,1,2018-12-31T17:00:00.000Z,,Kabupaten Bandung,,medium,active,a0000000-0000-0000-0000-000000000001,2026-07-29T14:41:37.362Z,2026-07-29T14:41:37.362Z,a0000000-0000-0000-0000-000000000001,2026-07-29T14:41:37.362Z,,48befb54-113d-4e1b-b4dd-91cf79d6d8a0
f4e8bce4-102c-41df-b7c2-60fa2cd72845,4ed18615-69ac-4a49-b340-8f292c4a86e0,9500.00,IDR,1,2018-12-31T17:00:00.000Z,,Kabupaten Bandung,,medium,active,a0000000-0000-0000-0000-000000000001,2026-07-29T14:41:37.405Z,2026-07-29T14:41:37.405Z,a0000000-0000-0000-0000-000000000001,2026-07-29T14:41:37.405Z,,48befb54-113d-4e1b-b4dd-91cf79d6d8a0
5ce207ea-c9d0-433e-8fad-3462810c27f6,189c80fd-0474-468c-a777-d4c83352e0ba,250000.00,IDR,1,2018-12-31T17:00:00.000Z,,Kabupaten Bandung,,medium,active,a0000000-0000-0000-0000-000000000001,2026-07-29T14:41:37.448Z,2026-07-29T14:41:37.448Z,a0000000-0000-0000-0000-000000000001,2026-07-29T14:41:37.448Z,,48befb54-113d-4e1b-b4dd-91cf79d6d8a0
6dbb7a84-4ce4-4ddb-90df-08b06474d598,01780d8a-de1c-45be-bce9-2dbc6bbe50b5,25000.00,IDR,1,2018-12-31T17:00:00.000Z,,Kabupaten Bandung,,medium,active,a0000000-0000-0000-0000-000000000001,2026-07-29T14:41:37.489Z,2026-07-29T14:41:37.489Z,a0000000-0000-0000-0000-000000000001,2026-07-29T14:41:37.489Z,,48befb54-113d-4e1b-b4dd-91cf79d6d8a0
ba6d65d1-4c4b-4515-8109-9896a55142f2,07d99882-da53-49ab-9682-118f12d02f03,475.00,IDR,1,2018-12-31T17:00:00.000Z,,Kabupaten Bandung,,medium,active,a0000000-0000-0000-0000-000000000001,2026-07-29T14:41:37.532Z,2026-07-29T14:41:37.532Z,a0000000-0000-0000-0000-000000000001,2026-07-29T14:41:37.532Z,,48befb54-113d-4e1b-b4dd-91cf79d6d8a0
3cf570c3-317c-40d3-b716-4e5fccce1c49,fccc6d4f-6dd5-469a-84ed-94d224d6a11c,25000.00,IDR,1,2018-12-31T17:00:00.000Z,,Kabupaten Bandung,,medium,active,a0000000-0000-0000-0000-000000000001,2026-07-29T14:41:37.574Z,2026-07-29T14:41:37.574Z,a0000000-0000-0000-0000-000000000001,2026-07-29T14:41:37.574Z,,48befb54-113d-4e1b-b4dd-91cf79d6d8a0
48ea82fa-f140-458f-aae2-15d281c87978,4595d4cf-5c9d-44c6-bcdd-946cfe4f78a7,24000.00,IDR,1,2018-12-31T17:00:00.000Z,,Kabupaten Bandung,,medium,active,a0000000-0000-0000-0000-000000000001,2026-07-29T14:41:37.615Z,2026-07-29T14:41:37.615Z,a0000000-0000-0000-0000-000000000001,2026-07-29T14:41:37.615Z,,48befb54-113d-4e1b-b4dd-91cf79d6d8a0
4f824c5c-ef22-4b1a-9f37-f9ef3651c20a,fd6c4c84-3cf4-43a7-aaaa-348376318060,275000.00,IDR,1,2018-12-31T17:00:00.000Z,,Kabupaten Bandung,,medium,active,a0000000-0000-0000-0000-000000000001,2026-07-29T14:41:37.658Z,2026-07-29T14:41:37.658Z,a0000000-0000-0000-0000-000000000001,2026-07-29T14:41:37.658Z,,48befb54-113d-4e1b-b4dd-91cf79d6d8a0
3a1dc3e7-32b9-48ee-97b1-4c0cbc25cdd5,9825ef33-6e74-439c-a980-4f511aca03a1,8500.00,IDR,1,2018-12-31T17:00:00.000Z,,Kabupaten Bandung,,medium,active,a0000000-0000-0000-0000-000000000001,2026-07-29T14:41:37.700Z,2026-07-29T14:41:37.700Z,a0000000-0000-0000-0000-000000000001,2026-07-29T14:41:37.700Z,,48befb54-113d-4e1b-b4dd-91cf79d6d8a0
64b85187-01b0-47b3-bb97-66c374027747,7c1ec6e9-0c25-4237-afa9-1c193309f1cd,110000.00,IDR,1,2018-12-31T17:00:00.000Z,,Kabupaten Bandung,,medium,active,a0000000-0000-0000-0000-000000000001,2026-07-29T14:41:37.741Z,2026-07-29T14:41:37.741Z,a0000000-0000-0000-0000-000000000001,2026-07-29T14:41:37.741Z,,48befb54-113d-4e1b-b4dd-91cf79d6d8a0
e70ae344-5a17-4532-9eb9-7952a1abe45d,0635e3d0-943b-4937-bc70-4b18c48e0435,25000.00,IDR,1,2018-12-31T17:00:00.000Z,,Kabupaten Bandung,,medium,active,a0000000-0000-0000-0000-000000000001,2026-07-29T14:41:37.783Z,2026-07-29T14:41:37.783Z,a0000000-0000-0000-0000-000000000001,2026-07-29T14:41:37.783Z,,48befb54-113d-4e1b-b4dd-91cf79d6d8a0
e9327c7a-7ec6-4896-a5f6-8acbcfd558df,4824bbb4-74b6-4185-8e20-5eea369b1372,6000000.00,IDR,1,2018-12-31T17:00:00.000Z,,Kabupaten Bandung,,medium,active,a0000000-0000-0000-0000-000000000001,2026-07-29T14:41:37.826Z,2026-07-29T14:41:37.826Z,a0000000-0000-0000-0000-000000000001,2026-07-29T14:41:37.826Z,,48befb54-113d-4e1b-b4dd-91cf79d6d8a0
60a3ad7e-dfd3-4497-a072-4fef9577a217,abb12f99-52b2-475b-88dc-8689c8fdc6dc,50000.00,IDR,1,2018-12-31T17:00:00.000Z,,Kabupaten Bandung,,medium,active,a0000000-0000-0000-0000-000000000001,2026-07-29T14:41:37.868Z,2026-07-29T14:41:37.868Z,a0000000-0000-0000-0000-000000000001,2026-07-29T14:41:37.868Z,,48befb54-113d-4e1b-b4dd-91cf79d6d8a0
e2dbcbbf-e49f-4491-8766-7bffdf7ca99e,e5668f54-1767-4610-861a-c5d7f509138e,3100.00,IDR,1,2018-12-31T17:00:00.000Z,,Kabupaten Bandung,,medium,active,a0000000-0000-0000-0000-000000000001,2026-07-29T14:41:37.910Z,2026-07-29T14:41:37.910Z,a0000000-0000-0000-0000-000000000001,2026-07-29T14:41:37.910Z,,48befb54-113d-4e1b-b4dd-91cf79d6d8a0
43a30cd2-6c1d-408f-927d-7eb1bbc7b6a3,d5b520cc-8060-4901-ad42-768c5974666f,125000.00,IDR,1,2018-12-31T17:00:00.000Z,,Kabupaten Bandung,,medium,active,a0000000-0000-0000-0000-000000000001,2026-07-29T14:41:37.952Z,2026-07-29T14:41:37.952Z,a0000000-0000-0000-0000-000000000001,2026-07-29T14:41:37.952Z,,48befb54-113d-4e1b-b4dd-91cf79d6d8a0
c32c2d15-004d-4672-bec5-83d5f5f09691,80a127d8-1beb-4d18-9321-b811f7127f17,6000000.00,IDR,1,2018-12-31T17:00:00.000Z,,Kabupaten Bandung,,medium,active,a0000000-0000-0000-0000-000000000001,2026-07-29T14:41:37.994Z,2026-07-29T14:41:37.994Z,a0000000-0000-0000-0000-000000000001,2026-07-29T14:41:37.994Z,,48befb54-113d-4e1b-b4dd-91cf79d6d8a0
fcfbdf4a-88fd-4643-b20e-f0a2ce22dfc7,0b0fdf0d-c290-4902-b3b0-542a84a9df0e,8500.00,IDR,1,2018-12-31T17:00:00.000Z,,Kabupaten Bandung,,medium,active,a0000000-0000-0000-0000-000000000001,2026-07-29T14:41:38.036Z,2026-07-29T14:41:38.036Z,a0000000-0000-0000-0000-000000000001,2026-07-29T14:41:38.036Z,,48befb54-113d-4e1b-b4dd-91cf79d6d8a0
3d518250-b01e-4d56-bf5e-c9e42cf0825f,e55ec5ba-df3e-49a5-9043-9c81a7f85e1c,53000.00,IDR,1,2018-12-31T17:00:00.000Z,,Kabupaten Bandung,,medium,active,a0000000-0000-0000-0000-000000000001,2026-07-29T14:41:38.078Z,2026-07-29T14:41:38.078Z,a0000000-0000-0000-0000-000000000001,2026-07-29T14:41:38.078Z,,48befb54-113d-4e1b-b4dd-91cf79d6d8a0
752cbca5-09e4-453f-817e-35385ebd21ea,dab6fb6f-20d2-4e94-93b3-40cbca822f02,47500.00,IDR,1,2018-12-31T17:00:00.000Z,,Kabupaten Bandung,,medium,active,a0000000-0000-0000-0000-000000000001,2026-07-29T14:41:38.120Z,2026-07-29T14:41:38.120Z,a0000000-0000-0000-0000-000000000001,2026-07-29T14:41:38.120Z,,48befb54-113d-4e1b-b4dd-91cf79d6d8a0
595d2d18-651a-48c3-a8bd-b6d837ae8c9e,b4ccf68b-632a-4549-bb2e-4208f7b9a56b,25000.00,IDR,1,2018-12-31T17:00:00.000Z,,Kabupaten Bandung,,medium,active,a0000000-0000-0000-0000-000000000001,2026-07-29T14:41:38.163Z,2026-07-29T14:41:38.163Z,a0000000-0000-0000-0000-000000000001,2026-07-29T14:41:38.163Z,,48befb54-113d-4e1b-b4dd-91cf79d6d8a0
9d8d1021-9c45-4b63-ac95-de6645a36269,3e3ecff7-0ec0-4275-942b-f81ec2f496fd,7000000.00,IDR,1,2018-12-31T17:00:00.000Z,,Kabupaten Bandung,,medium,active,a0000000-0000-0000-0000-000000000001,2026-07-29T14:41:38.204Z,2026-07-29T14:41:38.204Z,a0000000-0000-0000-0000-000000000001,2026-07-29T14:41:38.204Z,,48befb54-113d-4e1b-b4dd-91cf79d6d8a0
84e52280-0bad-4fc4-b229-e894854904e9,05a2bcc0-2b84-4ed5-affa-6ec80b496b02,16000.00,IDR,1,2018-12-31T17:00:00.000Z,,Kabupaten Bandung,,medium,active,a0000000-0000-0000-0000-000000000001,2026-07-29T14:41:38.246Z,2026-07-29T14:41:38.246Z,a0000000-0000-0000-0000-000000000001,2026-07-29T14:41:38.246Z,,48befb54-113d-4e1b-b4dd-91cf79d6d8a0
e7fcc268-f5ef-4678-9c3b-6cb36e965ba4,cdb74569-e604-4f93-b488-fdc1ae35c4f3,81000.00,IDR,1,2018-12-31T17:00:00.000Z,,Kabupaten Bandung,,medium,active,a0000000-0000-0000-0000-000000000001,2026-07-29T14:41:38.290Z,2026-07-29T14:41:38.290Z,a0000000-0000-0000-0000-000000000001,2026-07-29T14:41:38.290Z,,48befb54-113d-4e1b-b4dd-91cf79d6d8a0
4c114fe3-2931-4cc5-bee8-a4c1c391cea1,6b8309a9-b49a-43da-9e95-f2e90765d2d3,66000.00,IDR,1,2018-12-31T17:00:00.000Z,,Kabupaten Bandung,,medium,active,a0000000-0000-0000-0000-000000000001,2026-07-29T14:41:38.332Z,2026-07-29T14:41:38.332Z,a0000000-0000-0000-0000-000000000001,2026-07-29T14:41:38.332Z,,48befb54-113d-4e1b-b4dd-91cf79d6d8a0
cb255250-48c2-4f02-8dd3-50de29cd0765,67caa6b0-30ff-4b3e-9562-a464a1e11c27,280000.00,IDR,1,2018-12-31T17:00:00.000Z,,Kabupaten Bandung,,medium,active,a0000000-0000-0000-0000-000000000001,2026-07-29T14:41:38.374Z,2026-07-29T14:41:38.374Z,a0000000-0000-0000-0000-000000000001,2026-07-29T14:41:38.374Z,,48befb54-113d-4e1b-b4dd-91cf79d6d8a0
5dac2b32-1fe0-4742-904d-1711f94eecfe,6e2488d6-4ef2-4175-a96e-bc38d8520d46,9700000.00,IDR,1,2018-12-31T17:00:00.000Z,,Kabupaten Bandung,,medium,active,a0000000-0000-0000-0000-000000000001,2026-07-29T14:41:38.416Z,2026-07-29T14:41:38.416Z,a0000000-0000-0000-0000-000000000001,2026-07-29T14:41:38.416Z,,48befb54-113d-4e1b-b4dd-91cf79d6d8a0
ab8f4412-a7bd-4413-9b5a-5ca62cc11f5b,3b4d9a71-35ed-4eae-bfb8-71db42e29700,110000.00,IDR,1,2018-12-31T17:00:00.000Z,,Kabupaten Bandung,,medium,active,a0000000-0000-0000-0000-000000000001,2026-07-29T14:41:38.458Z,2026-07-29T14:41:38.458Z,a0000000-0000-0000-0000-000000000001,2026-07-29T14:41:38.458Z,,48befb54-113d-4e1b-b4dd-91cf79d6d8a0
880561e6-c8fd-4daf-b0bf-d2d8c7f3eed3,110dc696-670a-4ffd-8e77-7a1fbebe9851,85000.00,IDR,1,2018-12-31T17:00:00.000Z,,Kabupaten Bandung,,medium,active,a0000000-0000-0000-0000-000000000001,2026-07-29T14:41:38.500Z,2026-07-29T14:41:38.500Z,a0000000-0000-0000-0000-000000000001,2026-07-29T14:41:38.500Z,,48befb54-113d-4e1b-b4dd-91cf79d6d8a0
e4b4cfa3-d572-4df9-ab5b-0fec45a3b4e6,d3bdc23a-d595-4551-82b5-257628d3ef30,6400.00,IDR,1,2018-12-31T17:00:00.000Z,,Kabupaten Bandung,,medium,active,a0000000-0000-0000-0000-000000000001,2026-07-29T14:41:38.542Z,2026-07-29T14:41:38.542Z,a0000000-0000-0000-0000-000000000001,2026-07-29T14:41:38.542Z,,48befb54-113d-4e1b-b4dd-91cf79d6d8a0
566328d0-9b18-4c39-9efc-a2e721c701a3,35857c66-8eb9-4090-b7ce-f2a09285899f,25000.00,IDR,1,2018-12-31T17:00:00.000Z,,Kabupaten Bandung,,medium,active,a0000000-0000-0000-0000-000000000001,2026-07-29T14:41:38.584Z,2026-07-29T14:41:38.584Z,a0000000-0000-0000-0000-000000000001,2026-07-29T14:41:38.584Z,,48befb54-113d-4e1b-b4dd-91cf79d6d8a0
d6e7889b-e853-4b2e-8275-60020b515984,b6e657e8-708d-4c3d-86c6-9767b902f83e,165000.00,IDR,1,2018-12-31T17:00:00.000Z,,Kabupaten Bandung,,medium,active,a0000000-0000-0000-0000-000000000001,2026-07-29T14:41:38.626Z,2026-07-29T14:41:38.626Z,a0000000-0000-0000-0000-000000000001,2026-07-29T14:41:38.626Z,,48befb54-113d-4e1b-b4dd-91cf79d6d8a0
7ffd6c7f-1983-4017-a917-a5834e66513b,3951e933-27ba-417d-a1bd-69e6adb7f9c0,23000.00,IDR,1,2018-12-31T17:00:00.000Z,,Kabupaten Bandung,,medium,active,a0000000-0000-0000-0000-000000000001,2026-07-29T14:41:38.668Z,2026-07-29T14:41:38.668Z,a0000000-0000-0000-0000-000000000001,2026-07-29T14:41:38.668Z,,48befb54-113d-4e1b-b4dd-91cf79d6d8a0
fbc52ddf-5df5-4610-a815-5396da0c2c51,cd6b8994-6c7f-48d3-9fde-c49af984df20,15000.00,IDR,1,2018-12-31T17:00:00.000Z,,Kabupaten Bandung,,medium,active,a0000000-0000-0000-0000-000000000001,2026-07-29T14:41:38.711Z,2026-07-29T14:41:38.711Z,a0000000-0000-0000-0000-000000000001,2026-07-29T14:41:38.711Z,,48befb54-113d-4e1b-b4dd-91cf79d6d8a0
c8e5d060-9cd0-40d8-b085-69670e0d1bee,797bb69f-209e-4641-a706-c477e7b0225c,25000.00,IDR,1,2019-12-31T17:00:00.000Z,,,,,active,a0000000-0000-0000-0000-000000000001,2026-07-29T14:45:44.429Z,2026-07-29T14:45:44.429Z,a0000000-0000-0000-0000-000000000001,2026-07-29T14:45:44.429Z,,
7a407906-b334-4006-b50c-30e9aee83dcd,d66e10a2-709c-4c0d-af19-f4d26170d1b8,25000.00,IDR,1,2019-12-31T17:00:00.000Z,,,,,active,a0000000-0000-0000-0000-000000000001,2026-08-01T07:39:27.381Z,2026-08-01T07:39:27.381Z,a0000000-0000-0000-0000-000000000001,2026-08-01T07:39:27.381Z,,
8b271144-172e-483a-aba1-d1acb966a7c6,511edfd8-d05e-4697-9f00-5ded68a73f7f,25000.00,IDR,1,2019-12-31T17:00:00.000Z,,,,,active,a0000000-0000-0000-0000-000000000001,2026-08-01T12:35:43.121Z,2026-08-01T12:35:43.121Z,a0000000-0000-0000-0000-000000000001,2026-08-01T12:35:43.121Z,,
07918be9-15a0-4acc-a21e-aab00550c928,c0d517b8-2fd3-4ab2-aa28-ed4817b0526d,25000.00,IDR,1,2019-12-31T17:00:00.000Z,,,,,active,a0000000-0000-0000-0000-000000000001,2026-08-01T14:02:39.743Z,2026-08-01T14:02:39.743Z,a0000000-0000-0000-0000-000000000001,2026-08-01T14:02:39.743Z,,
da969b2b-ad1f-45de-a682-fc20a9224377,a599c276-a7df-4d98-8901-774f96bf2fe9,25000.00,IDR,1,2019-12-31T17:00:00.000Z,,,,,active,a0000000-0000-0000-0000-000000000001,2026-07-29T15:28:29.526Z,2026-07-29T15:28:29.526Z,a0000000-0000-0000-0000-000000000001,2026-07-29T15:28:29.526Z,,
9e3ef9e4-edb1-4735-8f5b-d4d08ccf8016,4ef4904e-5182-48bb-ad85-642a81fe1323,25000.00,IDR,1,2019-12-31T17:00:00.000Z,,,,,active,a0000000-0000-0000-0000-000000000001,2026-07-29T15:44:20.653Z,2026-07-29T15:44:20.653Z,a0000000-0000-0000-0000-000000000001,2026-07-29T15:44:20.653Z,,
b7c0e222-dd0f-47fb-b990-4db65f219fb0,e1595a4d-15d3-4f79-8832-a899e45fb402,25000.00,IDR,1,2019-12-31T17:00:00.000Z,,,,,active,a0000000-0000-0000-0000-000000000001,2026-07-29T16:24:57.316Z,2026-07-29T16:24:57.316Z,a0000000-0000-0000-0000-000000000001,2026-07-29T16:24:57.316Z,,
5a19d2d1-ad3d-4398-ab29-13ac2de4d9d7,90b3368f-abda-4552-8373-c9882ce21223,25000.00,IDR,1,2019-12-31T17:00:00.000Z,,,,,active,a0000000-0000-0000-0000-000000000001,2026-07-29T16:53:29.780Z,2026-07-29T16:53:29.780Z,a0000000-0000-0000-0000-000000000001,2026-07-29T16:53:29.780Z,,
9fee6c6e-ff21-4bbd-8a56-4e65812f6f9e,bbcbe6a6-2204-46a6-9aaa-24b48e458f20,25000.00,IDR,1,2019-12-31T17:00:00.000Z,,,,,active,a0000000-0000-0000-0000-000000000001,2026-07-29T18:01:33.463Z,2026-07-29T18:01:33.463Z,a0000000-0000-0000-0000-000000000001,2026-07-29T18:01:33.463Z,,
067c0d6c-90b2-496c-b4a5-43b2d4ef3baf,506cb6d7-616d-4bfd-958e-ec7b248e17f1,25000.00,IDR,1,2019-12-31T17:00:00.000Z,,,,,active,a0000000-0000-0000-0000-000000000001,2026-07-29T18:35:54.811Z,2026-07-29T18:35:54.811Z,a0000000-0000-0000-0000-000000000001,2026-07-29T18:35:54.811Z,,
d6bf18f7-9ce7-4f3f-a8f6-b7a4dce79913,9a986ec6-b1dc-4985-89d5-80deba120a3a,25000.00,IDR,1,2019-12-31T17:00:00.000Z,,,,,active,a0000000-0000-0000-0000-000000000001,2026-07-30T16:12:50.815Z,2026-07-30T16:12:50.815Z,a0000000-0000-0000-0000-000000000001,2026-07-30T16:12:50.815Z,,
24dea49d-3a7c-4779-b710-9d45555a5216,fa4fe0c4-e1c3-432a-9f8e-03873527af46,25000.00,IDR,1,2019-12-31T17:00:00.000Z,,,,,active,a0000000-0000-0000-0000-000000000001,2026-07-30T18:11:16.985Z,2026-07-30T18:11:16.985Z,a0000000-0000-0000-0000-000000000001,2026-07-30T18:11:16.985Z,,
bfdb6724-7b26-4382-99fc-b99610d6a966,155cff7d-6a1d-4199-bdc1-65c23dec875d,25000.00,IDR,1,2019-12-31T17:00:00.000Z,,,,,active,a0000000-0000-0000-0000-000000000001,2026-07-30T18:16:01.932Z,2026-07-30T18:16:01.932Z,a0000000-0000-0000-0000-000000000001,2026-07-30T18:16:01.932Z,,
2e4d96fd-3db7-46de-91c9-2972c7b38f96,8f4ed848-11be-4cde-abf7-75e43c45dfde,25000.00,IDR,1,2019-12-31T17:00:00.000Z,,,,,active,a0000000-0000-0000-0000-000000000001,2026-07-30T19:37:01.159Z,2026-07-30T19:37:01.159Z,a0000000-0000-0000-0000-000000000001,2026-07-30T19:37:01.159Z,,
01135b4e-74f6-411c-b5a9-2b2e8e13c62e,a04598f1-9ff7-48b1-a0ac-bf5a31290e5c,25000.00,IDR,1,2019-12-31T17:00:00.000Z,,,,,active,a0000000-0000-0000-0000-000000000001,2026-07-30T20:07:09.954Z,2026-07-30T20:07:09.954Z,a0000000-0000-0000-0000-000000000001,2026-07-30T20:07:09.954Z,,
63eae746-f96a-44bd-8555-83e89451650c,2db316b0-f7c1-4d4e-badd-77f14ef6aee3,7000000.00,IDR,1,2025-12-31T17:00:00.000Z,,Kabupaten Bandung,workbook Cibuluh ANALISA STANDAR:2671,medium,draft,,,2026-07-31T09:06:16.259Z,,2026-07-31T09:06:16.259Z,,
15ab54c0-f2ca-4477-b55a-a4b41290484e,237cc3ef-091e-447f-8c79-2505b2b1171c,15000.00,IDR,1,2025-12-31T17:00:00.000Z,,Kabupaten Bandung,workbook Cibuluh ANALISA STANDAR:2673,medium,draft,,,2026-07-31T09:06:16.358Z,,2026-07-31T09:06:16.358Z,,
d6eb1d43-e38f-43e6-86b3-55c4a14233cb,f7a7eada-9c2c-4278-8951-017612c2d9a6,6000000.00,IDR,1,2025-12-31T17:00:00.000Z,,Kabupaten Bandung,workbook Cibuluh ANALISA STANDAR:2685,medium,draft,,,2026-07-31T09:06:16.402Z,,2026-07-31T09:06:16.402Z,,
39758e16-0745-4185-87cc-369b3dcddf43,7c197445-48f3-4214-b393-73073b2fea6a,2000000.00,IDR,1,2025-12-31T17:00:00.000Z,,Kabupaten Bandung,workbook Cibuluh ANALISA STANDAR:44,medium,draft,,,2026-07-31T09:06:16.447Z,,2026-07-31T09:06:16.447Z,,
30e2a900-9494-44a2-93b1-106d36275c68,591ba354-1784-4c1a-a975-3efc4e5efaeb,3000000.00,IDR,1,2025-12-31T17:00:00.000Z,,Kabupaten Bandung,workbook Cibuluh ANALISA STANDAR:74,medium,draft,,,2026-07-31T09:06:16.493Z,,2026-07-31T09:06:16.493Z,,
044db1a9-f05f-48fd-b02b-521f6475c052,a62c69b4-f72c-4f3b-96db-6e5277c45934,220000.00,IDR,1,2025-12-31T17:00:00.000Z,,Kabupaten Bandung,workbook Cibuluh ANALISA STANDAR:106,medium,draft,,,2026-07-31T09:06:16.537Z,,2026-07-31T09:06:16.537Z,,
7f24c344-7435-4ac5-92bb-bd5515403526,188bed53-7b43-45d0-ad54-0fb00127d3f8,125000.00,IDR,1,2025-12-31T17:00:00.000Z,,Kabupaten Bandung,workbook Cibuluh ANALISA STANDAR:108,medium,draft,,,2026-07-31T09:06:16.582Z,,2026-07-31T09:06:16.582Z,,
02a27085-4ec1-4523-855b-77477d2dfdb3,374859fd-836a-497b-b2fb-e3a74376acf4,35000.00,IDR,1,2025-12-31T17:00:00.000Z,,Kabupaten Bandung,workbook Cibuluh ANALISA STANDAR:135,medium,draft,,,2026-07-31T09:06:16.626Z,,2026-07-31T09:06:16.626Z,,
941909c7-2b1d-467a-9c6b-bb5011af453f,352945fc-6c9e-459a-ab46-797e1dd08a59,280000.00,IDR,1,2025-12-31T17:00:00.000Z,,Kabupaten Bandung,workbook Cibuluh ANALISA STANDAR:388,medium,draft,,,2026-07-31T09:06:16.670Z,,2026-07-31T09:06:16.670Z,,
f5b0ed41-eab9-4f3a-8fa1-cf61fcd709b6,2d6011fd-54d6-4e90-b32a-0589513f55ea,195000.00,IDR,1,2025-12-31T17:00:00.000Z,,Kabupaten Bandung,workbook Cibuluh ANALISA STANDAR:578,medium,draft,,,2026-07-31T09:06:16.714Z,,2026-07-31T09:06:16.714Z,,
f6de704f-7692-4423-baf6-9a75f55a1dc9,49fa9ffd-84b2-4318-aed4-7b3e31c370c1,2000000.00,IDR,1,2025-12-31T17:00:00.000Z,,Kabupaten Bandung,workbook Cibuluh ANALISA STANDAR:584,medium,draft,,,2026-07-31T09:06:16.759Z,,2026-07-31T09:06:16.759Z,,
ff8737ca-b2a2-42db-ac70-1168a093f08d,f1c39707-87e8-4620-9d22-37e9db4da420,115000.00,IDR,1,2025-12-31T17:00:00.000Z,,Kabupaten Bandung,workbook Cibuluh ANALISA STANDAR:852,medium,draft,,,2026-07-31T09:06:16.802Z,,2026-07-31T09:06:16.802Z,,
bf3ad954-4a15-4e5c-89dc-496008c1d1e9,4b62712c-bbe2-470b-afcc-514f34fe56a9,8500.00,IDR,1,2025-12-31T17:00:00.000Z,,Kabupaten Bandung,workbook Cibuluh ANALISA STANDAR:882,medium,draft,,,2026-07-31T09:06:16.844Z,,2026-07-31T09:06:16.844Z,,
3d0017a7-7da3-4e9d-899e-11cc616161bf,953bb9cd-9450-41e4-946d-597adfe7f2a0,4275.00,IDR,1,2025-12-31T17:00:00.000Z,,Kabupaten Bandung,workbook Cibuluh ANALISA STANDAR:1445,medium,draft,,,2026-07-31T09:06:16.886Z,,2026-07-31T09:06:16.886Z,,
fd952df2-2593-4776-a8c5-5c2962151e9f,f4eff59d-42f8-4617-925f-f0f86ca85da6,275000.00,IDR,1,2025-12-31T17:00:00.000Z,,Kabupaten Bandung,workbook Cibuluh ANALISA STANDAR:1549,medium,draft,,,2026-07-31T09:06:16.930Z,,2026-07-31T09:06:16.930Z,,
a270414d-4212-4c87-b63e-e31edc4da8d9,81eb5e37-abe6-4139-9041-808833422567,14750.00,IDR,1,2025-12-31T17:00:00.000Z,,Kabupaten Bandung,workbook Cibuluh ANALISA STANDAR:1680,medium,draft,,,2026-07-31T09:06:16.973Z,,2026-07-31T09:06:16.973Z,,
4986386b-2b73-42b0-a7d2-e6e08d147429,b893dd4a-309b-4353-b9ef-734463230fae,108000.00,IDR,1,2025-12-31T17:00:00.000Z,,Kabupaten Bandung,workbook Cibuluh ANALISA STANDAR:2150,medium,draft,,,2026-07-31T09:06:17.016Z,,2026-07-31T09:06:17.016Z,,
b98480ee-3f22-443f-9132-f27af3d5d471,52535680-22ca-4001-a620-a4303fe3fc89,144000.00,IDR,1,2025-12-31T17:00:00.000Z,,Kabupaten Bandung,workbook Cibuluh ANALISA STANDAR:2166,medium,draft,,,2026-07-31T09:06:17.059Z,,2026-07-31T09:06:17.059Z,,
b2d8dd76-4f32-46d2-b4a6-f9bdf99f4f53,ee5a1845-dc75-4d04-8c77-440398bf1b63,144000.00,IDR,1,2025-12-31T17:00:00.000Z,,Kabupaten Bandung,workbook Cibuluh ANALISA STANDAR:2231,medium,draft,,,2026-07-31T09:06:17.103Z,,2026-07-31T09:06:17.103Z,,
12a215ee-b49a-4889-9e9a-b41c6bc1ed95,3ca55538-b680-40a1-8340-07d013ef55e5,108000.00,IDR,1,2025-12-31T17:00:00.000Z,,Kabupaten Bandung,workbook Cibuluh ANALISA STANDAR:2323,medium,draft,,,2026-07-31T09:06:17.145Z,,2026-07-31T09:06:17.145Z,,
059d6bd6-eafc-420d-9581-25c40a10b643,ad860429-9b98-41bc-b9b8-10745344e8fe,23000.00,IDR,1,2025-12-31T17:00:00.000Z,,Kabupaten Bandung,workbook Cibuluh ANALISA STANDAR:2443,medium,draft,,,2026-07-31T09:06:17.188Z,,2026-07-31T09:06:17.188Z,,
0b277d29-62a7-4cbd-a215-3778fa52e14a,0626d16a-254f-4ed7-9093-a55205f7e53e,39500.00,IDR,1,2025-12-31T17:00:00.000Z,,Kabupaten Bandung,workbook Cibuluh ANALISA STANDAR:2478,medium,draft,,,2026-07-31T09:06:17.230Z,,2026-07-31T09:06:17.230Z,,
2bd0edbc-cbff-43ed-a09e-fd5a61fb7f13,32a4e949-4ef4-46a0-a9b5-2c9df66fcc76,30000.00,IDR,1,2025-12-31T17:00:00.000Z,,Kabupaten Bandung,workbook Cibuluh ANALISA STANDAR:2637,medium,draft,,,2026-07-31T09:06:17.272Z,,2026-07-31T09:06:17.272Z,,
37b2106a-6c76-4093-ac50-ee65ec9d2d51,dd97e073-8c72-4cc2-a43e-f21a857d2178,10200.00,IDR,1,2025-12-31T17:00:00.000Z,,Kabupaten Bandung,workbook Cibuluh ANALISA STANDAR:2653,medium,draft,,,2026-07-31T09:06:17.314Z,,2026-07-31T09:06:17.314Z,,
b0eadfbc-48d8-4975-a833-329f4bf155c3,43462b00-df55-4934-a40e-50545d12fe64,750.00,IDR,1,2025-12-31T17:00:00.000Z,,Kabupaten Bandung,workbook Cibuluh ANALISA STANDAR:2654,medium,draft,,,2026-07-31T09:06:17.356Z,,2026-07-31T09:06:17.356Z,,
edd6380e-1c39-49ce-b0df-1f4e0e235062,b2eb4dfe-946b-4dbc-81a7-ac3fd989c7d2,7500.00,IDR,1,2025-12-31T17:00:00.000Z,,Kabupaten Bandung,workbook Cibuluh ANALISA STANDAR:2656,medium,draft,,,2026-07-31T09:06:17.399Z,,2026-07-31T09:06:17.399Z,,
3dd0a69b-8e91-491f-815c-613860985537,f28d8f17-95bb-4026-8665-ed6ec36b59da,125.00,IDR,1,2025-12-31T17:00:00.000Z,,Kabupaten Bandung,workbook Cibuluh ANALISA STANDAR:2657,medium,draft,,,2026-07-31T09:06:17.442Z,,2026-07-31T09:06:17.442Z,,
9ab49217-4e51-4285-ac78-d5e130a4bd52,b7d97b07-4bef-4a07-be53-a0e2bcc39a42,75.00,IDR,1,2025-12-31T17:00:00.000Z,,Kabupaten Bandung,workbook Cibuluh ANALISA STANDAR:2658,medium,draft,,,2026-07-31T09:06:17.484Z,,2026-07-31T09:06:17.484Z,,
b60aa291-f7fe-484a-9fe1-f9763c183231,93c9b1d1-2204-4e5c-9ebb-9d888a125870,9000.00,IDR,1,2025-12-31T17:00:00.000Z,,Kabupaten Bandung,workbook Cibuluh ANALISA STANDAR:3001,medium,draft,,,2026-07-31T09:06:17.525Z,,2026-07-31T09:06:17.525Z,,
0992c304-6cfc-4684-8f78-3a5b9035c8da,f1c526e0-805e-4019-be8b-b9cfc1e5edab,2500.00,IDR,1,2025-12-31T17:00:00.000Z,,Kabupaten Bandung,workbook Cibuluh ANALISA STANDAR:3003,medium,draft,,,2026-07-31T09:06:17.568Z,,2026-07-31T09:06:17.568Z,,
ee0d4e83-222b-4253-a143-ffa9e34d12e2,427a92b9-7faa-40a9-8c41-decab69a95d6,23000.00,IDR,1,2025-12-31T17:00:00.000Z,,Kabupaten Bandung,workbook Cibuluh ANALISA STANDAR:3064,medium,draft,,,2026-07-31T09:06:17.610Z,,2026-07-31T09:06:17.610Z,,
482dee07-546a-4475-bd7b-ad8048c710e1,eaa8f53a-c9c2-430f-b5de-be7d4b574667,24000.00,IDR,1,2025-12-31T17:00:00.000Z,,Kabupaten Bandung,workbook Cibuluh ANALISA STANDAR:3251,medium,draft,,,2026-07-31T09:06:17.652Z,,2026-07-31T09:06:17.652Z,,
207a623e-01bf-4fcf-ad9d-ef2c9c3771a1,84b3bbce-302e-4ec2-b569-3a96546092ce,51000.00,IDR,1,2025-12-31T17:00:00.000Z,,Kabupaten Bandung,workbook Cibuluh ANALISA STANDAR:3277,medium,draft,,,2026-07-31T09:06:17.695Z,,2026-07-31T09:06:17.695Z,,
88598cf4-9d5a-4588-9bce-73e6d4a52900,4d9feee1-4181-4619-8640-dfb51e4e70b8,53000.00,IDR,1,2025-12-31T17:00:00.000Z,,Kabupaten Bandung,workbook Cibuluh ANALISA STANDAR:3373,medium,draft,,,2026-07-31T09:06:17.737Z,,2026-07-31T09:06:17.737Z,,
576a645f-3df1-4a04-a670-80079ebc1377,f3d3e05f-6fec-4104-b37a-aa666b3db839,24000.00,IDR,1,2025-12-31T17:00:00.000Z,,Kabupaten Bandung,workbook Cibuluh ANALISA STANDAR:3400,medium,draft,,,2026-07-31T09:06:17.784Z,,2026-07-31T09:06:17.784Z,,
bf8996c4-0dec-4edf-8723-ebc69fd4c631,d781dc58-b1f6-4965-8286-1e24b50cc6d0,24000.00,IDR,1,2025-12-31T17:00:00.000Z,,Kabupaten Bandung,workbook Cibuluh ANALISA STANDAR:3413,medium,draft,,,2026-07-31T09:06:17.829Z,,2026-07-31T09:06:17.829Z,,
80d22d96-5720-4308-8742-58be4ea46adf,66d63f45-6c86-4fe9-b9e9-34d8959de23a,7000.00,IDR,1,2025-12-31T17:00:00.000Z,,Kabupaten Bandung,workbook Cibuluh ANALISA STANDAR:3425,medium,draft,,,2026-07-31T09:06:17.872Z,,2026-07-31T09:06:17.872Z,,
258edf84-7abc-4ffa-986d-a5e912351520,cc4b6fde-b393-4359-8594-b791f3240cea,52000.00,IDR,1,2025-12-31T17:00:00.000Z,,Kabupaten Bandung,workbook Cibuluh ANALISA STANDAR:3547,medium,draft,,,2026-07-31T09:06:17.913Z,,2026-07-31T09:06:17.913Z,,
670328d4-3d4f-49b6-b894-7022597b270e,6ba6bc68-9e4c-4cee-ae77-107a7390ed53,6500.00,IDR,1,2025-12-31T17:00:00.000Z,,Kabupaten Bandung,workbook Cibuluh ANALISA STANDAR:3612,medium,draft,,,2026-07-31T09:06:17.956Z,,2026-07-31T09:06:17.956Z,,
500cf5dd-32cf-40db-b1ac-b5ef8c219836,4d027bdb-931f-4f15-a0dd-50e404993c1c,52000.00,IDR,1,2025-12-31T17:00:00.000Z,,Kabupaten Bandung,workbook Cibuluh ANALISA STANDAR:3680,medium,draft,,,2026-07-31T09:06:17.999Z,,2026-07-31T09:06:17.999Z,,
96f5113a-4834-4455-be4e-f414c8c7c23d,7f171bd4-5fad-4e54-9f00-a73daffd2125,94416.00,IDR,1,2025-12-31T17:00:00.000Z,,Kabupaten Bandung,workbook Cibuluh ANALISA STANDAR:4168,medium,draft,,,2026-07-31T09:06:18.041Z,,2026-07-31T09:06:18.041Z,,
18eddaaa-9b86-4f77-8429-86c7f8bee824,77d12c16-67ef-45f3-85bc-11035c767abe,80636.50,IDR,1,2025-12-31T17:00:00.000Z,,Kabupaten Bandung,workbook Cibuluh ANALISA STANDAR:4188,medium,draft,,,2026-07-31T09:06:18.083Z,,2026-07-31T09:06:18.083Z,,
284f5493-54bc-45e6-9c14-3fbdba881553,ff3fed1c-a20e-4f5f-aa52-32f7fb40dcbf,23403.60,IDR,1,2025-12-31T17:00:00.000Z,,Kabupaten Bandung,workbook Cibuluh ANALISA STANDAR:4189,medium,draft,,,2026-07-31T09:06:18.125Z,,2026-07-31T09:06:18.125Z,,
bcea75f3-b6b9-4756-b62a-8e71e6614177,847b9856-479b-4ec4-96eb-decf1e0d685f,129020.92,IDR,1,2025-12-31T17:00:00.000Z,,Kabupaten Bandung,workbook Cibuluh ANALISA STANDAR:4198,medium,draft,,,2026-07-31T09:06:18.167Z,,2026-07-31T09:06:18.167Z,,
d64ae26d-7dbd-4d2e-804e-91692331f639,183f4067-2020-4012-85b9-6e23ded692b4,228530.00,IDR,1,2025-12-31T17:00:00.000Z,,Kabupaten Bandung,workbook Cibuluh ANALISA STANDAR:4199,medium,draft,,,2026-07-31T09:06:18.209Z,,2026-07-31T09:06:18.209Z,,
3c372f52-e5ad-4666-b179-465aef32df18,80fcfc0b-9765-4472-abb3-483b54d30870,5241236.00,IDR,1,2025-12-31T17:00:00.000Z,,Kabupaten Bandung,workbook Cibuluh ANALISA STANDAR:4200,medium,draft,,,2026-07-31T09:06:18.252Z,,2026-07-31T09:06:18.252Z,,
d508235e-8cb6-4126-88cd-24d9af310606,18036cdf-a647-4770-9dac-1820ecf7b8e1,130320.00,IDR,1,2025-12-31T17:00:00.000Z,,Kabupaten Bandung,workbook Cibuluh ANALISA STANDAR:4201,medium,draft,,,2026-07-31T09:06:18.294Z,,2026-07-31T09:06:18.294Z,,
7eb79c93-d25a-4872-9ddb-082aaa3c5018,904f2eab-de8e-493a-8d31-a007f6fcb3f4,255190.00,IDR,1,2025-12-31T17:00:00.000Z,,Kabupaten Bandung,workbook Cibuluh ANALISA STANDAR:4202,medium,draft,,,2026-07-31T09:06:18.336Z,,2026-07-31T09:06:18.336Z,,
1dcbbcf8-7a01-42d4-a9f0-5f8064d1d72b,cbb5ca15-2eea-47fb-a8e5-0f4879a82092,95590.00,IDR,1,2025-12-31T17:00:00.000Z,,Kabupaten Bandung,workbook Cibuluh ANALISA STANDAR:4203,medium,draft,,,2026-07-31T09:06:18.378Z,,2026-07-31T09:06:18.378Z,,
b377a763-3df8-4cc8-b10d-b802187ac27a,60941e17-c506-414a-a800-b171af65e421,12000.00,IDR,1,2025-12-31T17:00:00.000Z,,Kabupaten Bandung,workbook Cibuluh ANALISA STANDAR:4204,medium,draft,,,2026-07-31T09:06:18.420Z,,2026-07-31T09:06:18.420Z,,
54848f5e-78d2-47ff-9b3f-5a26ad2bfe64,140f1538-75b0-4972-9d40-d1283f85b92b,130320.00,IDR,1,2025-12-31T17:00:00.000Z,,Kabupaten Bandung,workbook Cibuluh ANALISA STANDAR:4206,medium,draft,,,2026-07-31T09:06:18.462Z,,2026-07-31T09:06:18.462Z,,
45dce91e-be5c-4320-89a4-720f23773f12,c44c552b-6843-4e0f-8f6d-e7e8723a30ad,70180.00,IDR,1,2025-12-31T17:00:00.000Z,,Kabupaten Bandung,workbook Cibuluh ANALISA STANDAR:4207,medium,draft,,,2026-07-31T09:06:18.504Z,,2026-07-31T09:06:18.504Z,,
86c39e2f-c24c-4105-abe5-65d4b66ce0f3,67ed2bbc-a5d5-4857-a92e-a596e7050e40,2190.00,IDR,1,2025-12-31T17:00:00.000Z,,Kabupaten Bandung,workbook Cibuluh ANALISA STANDAR:4324,medium,draft,,,2026-07-31T09:06:18.548Z,,2026-07-31T09:06:18.548Z,,
3da20bbe-4344-451a-8a93-19953dd157ec,af05fe89-525d-446c-8ef3-5c3e8de06cbd,165000.00,IDR,1,2025-12-31T17:00:00.000Z,,Kabupaten Bandung,workbook Cibuluh ANALISA STANDAR:4328,medium,draft,,,2026-07-31T09:06:18.589Z,,2026-07-31T09:06:18.589Z,,
5c99eca3-c7f5-4b68-9977-61c5edbed568,a58990c3-83a0-4a5e-828d-915fbaee797b,2800.00,IDR,1,2025-12-31T17:00:00.000Z,,Kabupaten Bandung,workbook Cibuluh ANALISA STANDAR:4338,medium,draft,,,2026-07-31T09:06:18.631Z,,2026-07-31T09:06:18.631Z,,
1d39119a-2f6a-4a30-85c9-1f5f0e909703,5a7ef2d2-65a8-4a71-8a92-04ae4b628f57,1680.00,IDR,1,2025-12-31T17:00:00.000Z,,Kabupaten Bandung,workbook Cibuluh ANALISA STANDAR:4352,medium,draft,,,2026-07-31T09:06:18.673Z,,2026-07-31T09:06:18.673Z,,
c05bfc1f-79e1-4b4a-931f-b1d3bb17a39c,c0500c87-63bf-4033-beac-dab5a2e23888,216000.00,IDR,1,2025-12-31T17:00:00.000Z,,Kabupaten Bandung,workbook Cibuluh ANALISA STANDAR:4799,medium,draft,,,2026-07-31T09:06:18.715Z,,2026-07-31T09:06:18.715Z,,
c83cfd8a-96cd-474f-a7a2-f87cdf2f4b50,ebe510b2-ed65-4bc9-b462-848b13b38e0d,240000.00,IDR,1,2025-12-31T17:00:00.000Z,,Kabupaten Bandung,workbook Cibuluh ANALISA STANDAR:4814,medium,draft,,,2026-07-31T09:06:18.758Z,,2026-07-31T09:06:18.758Z,,
4ec7fcab-9462-464d-9bcd-7b342dd609e6,04f0ef9b-a939-4dda-9b13-170b2ebaadff,216000.00,IDR,1,2025-12-31T17:00:00.000Z,,Kabupaten Bandung,workbook Cibuluh ANALISA STANDAR:4829,medium,draft,,,2026-07-31T09:06:18.800Z,,2026-07-31T09:06:18.800Z,,
6d96690e-28ff-47ae-a24d-29d85ca35397,554eb5f6-ae9f-4f2f-9550-86aab4e913a9,108000.00,IDR,1,2025-12-31T17:00:00.000Z,,Kabupaten Bandung,workbook Cibuluh ANALISA STANDAR:5065,medium,draft,,,2026-07-31T09:06:18.842Z,,2026-07-31T09:06:18.842Z,,
5c7cad3f-e80c-44a6-90db-02a4d6bf00f9,73432aa8-2445-41e4-b966-7dd84fc30c42,1600.00,IDR,1,2025-12-31T17:00:00.000Z,,Kabupaten Bandung,workbook Cibuluh ANALISA STANDAR:5175,medium,draft,,,2026-07-31T09:06:18.884Z,,2026-07-31T09:06:18.884Z,,
efd91950-85ef-4bc1-b034-192aea1a073e,40058d92-adfe-4adc-b314-2602a6ee8b51,3365.40,IDR,1,2025-12-31T17:00:00.000Z,,Kabupaten Bandung,workbook Cibuluh ANALISA STANDAR:5428,medium,draft,,,2026-07-31T09:06:18.926Z,,2026-07-31T09:06:18.926Z,,
e59f7fcd-50a5-470c-9611-f111bda9d063,7fb1add2-fc9b-4ffd-8499-a0a22c696df1,110000.00,IDR,1,2025-12-31T17:00:00.000Z,,Kabupaten Bandung,workbook Cibuluh ANALISA STANDAR:5457,medium,draft,,,2026-07-31T09:06:18.968Z,,2026-07-31T09:06:18.968Z,,
29fac168-c72d-4611-834b-27e90f431076,0ae6a9b2-14f9-46e5-9d0e-3ac09b19f231,1500.00,IDR,1,2025-12-31T17:00:00.000Z,,Kabupaten Bandung,workbook Cibuluh ANALISA STANDAR:5487,medium,draft,,,2026-07-31T09:06:19.011Z,,2026-07-31T09:06:19.011Z,,
3c275004-2e06-4ce9-9309-5e930e09c135,41ce8a5d-a130-49e9-a6e0-d4367f4f4153,1280680.00,IDR,1,2025-12-31T17:00:00.000Z,,Kabupaten Bandung,workbook Cibuluh ANALISA BETON:11,medium,draft,,,2026-07-31T09:06:19.053Z,,2026-07-31T09:06:19.053Z,,
1a03be06-2596-4ad7-866e-6327da3d2913,cc20b0cf-d2e0-41c2-9c6e-c51e0f297345,12410.00,IDR,1,2025-12-31T17:00:00.000Z,,Kabupaten Bandung,workbook Cibuluh ANALISA BETON:12,medium,draft,,,2026-07-31T09:06:19.096Z,,2026-07-31T09:06:19.096Z,,
405348d9-58e1-4229-ba22-fd8b9b442117,4b8dca72-1512-40d3-9aac-093728b37c8c,1280680.00,IDR,1,2025-12-31T17:00:00.000Z,,Kabupaten Bandung,workbook Cibuluh ANALISA BETON:17,medium,draft,,,2026-07-31T09:06:19.138Z,,2026-07-31T09:06:19.138Z,,
8ec7c615-ca06-4f2e-b689-91a4c5634a2c,af7fa1b3-395f-4542-ae1a-1f3bef83eaed,1280680.00,IDR,1,2025-12-31T17:00:00.000Z,,Kabupaten Bandung,workbook Cibuluh ANALISA BETON:47,medium,draft,,,2026-07-31T09:06:19.180Z,,2026-07-31T09:06:19.180Z,,
6bac6ed6-c65a-4215-a45b-ec39332c2c66,8e237edb-50db-40cb-b4bd-51187e1bd3e7,188150.00,IDR,1,2025-12-31T17:00:00.000Z,,Kabupaten Bandung,workbook Cibuluh ANALISA BETON:62,medium,draft,,,2026-07-31T09:06:19.222Z,,2026-07-31T09:06:19.222Z,,
378f00fc-055b-4f4a-95ef-38814d843434,ba78a57e-5274-4328-a996-3356fb7a500b,1035060.00,IDR,1,2025-12-31T17:00:00.000Z,,Kabupaten Bandung,workbook Cibuluh ANALISA BETON:319,medium,draft,,,2026-07-31T09:06:19.265Z,,2026-07-31T09:06:19.265Z,,
a1d977e7-c869-4018-93ba-ffb7e6145748,92176fb8-bc21-452a-b250-0842bb0fc54a,15000.00,IDR,1,2025-12-31T17:00:00.000Z,,Kabupaten Bandung,workbook Cibuluh ANALBONGKAR:57,medium,draft,,,2026-07-31T09:06:19.307Z,,2026-07-31T09:06:19.307Z,,
0ae67ec7-e688-4cc8-ae2d-4171a1577f2e,7334b50c-e039-402c-a323-1832c4d4b4ee,50000.00,IDR,1,2025-12-31T17:00:00.000Z,,Kabupaten Bandung,workbook Cibuluh ANALBONGKAR:59,medium,draft,,,2026-07-31T09:06:19.349Z,,2026-07-31T09:06:19.349Z,,
ffc5e6ee-fcb4-4f5d-a654-7bc8b612e8fd,334d8e33-3f20-4ad5-8777-8ce69478e32c,9500.00,IDR,1,2025-12-31T17:00:00.000Z,,Kabupaten Bandung,workbook Cibuluh ANALBONGKAR:60,medium,draft,,,2026-07-31T09:06:19.390Z,,2026-07-31T09:06:19.390Z,,
50de4517-cb9c-4547-9099-11648d45e0b0,3e8b9fff-42a8-468a-876b-03791a7192fd,5000.00,IDR,1,2025-12-31T17:00:00.000Z,,Kabupaten Bandung,workbook Cibuluh ANALBONGKAR:61,medium,draft,,,2026-07-31T09:06:19.432Z,,2026-07-31T09:06:19.432Z,,
097e768b-1b36-4898-8f5a-796bf2d3386c,19e43acb-b6c6-45a5-87a2-0bad7bc6c904,89347.50,IDR,1,2025-12-31T17:00:00.000Z,,Kabupaten Bandung,workbook Cibuluh ANALISA STANDAR:3004,medium,draft,,,2026-07-31T10:27:09.791Z,,2026-07-31T10:27:09.791Z,,
fb56d5d2-9dd3-4453-8fef-3e8ae237aa0a,432bc858-9d51-4b60-97d8-0a714adfbb9b,11000000.00,IDR,1,2025-12-31T17:00:00.000Z,,Kabupaten Bandung,workbook Cibuluh ANALISA STANDAR:1890,medium,draft,,,2026-07-31T10:27:10.223Z,,2026-07-31T10:27:10.223Z,,
f232ea7b-e9b1-4260-8ec4-5d642b397b0a,190ec260-f98d-4e11-94da-380a80e4d181,25000.00,IDR,1,2025-12-31T17:00:00.000Z,,Kabupaten Bandung,workbook Cibuluh ANALISA STANDAR:2034,medium,draft,,,2026-07-31T10:27:10.267Z,,2026-07-31T10:27:10.267Z,,
81e27e76-5a8b-4969-8639-372f003596c7,db05eabe-3fdf-40b4-9baf-909046b3a5dd,25000.00,IDR,1,2025-12-31T17:00:00.000Z,,Kabupaten Bandung,workbook Cibuluh ANALISA STANDAR:2034,medium,draft,,,2026-07-31T10:27:10.374Z,,2026-07-31T10:27:10.374Z,,
e288fcf5-5b69-4531-a4b2-2be559ae438d,0c78360a-f55b-4ddf-9777-b533ac81f95f,85000.00,IDR,1,2025-12-31T17:00:00.000Z,,Kabupaten Bandung,workbook Cibuluh ANALISA STANDAR:4696,medium,draft,,,2026-07-31T10:27:11.200Z,,2026-07-31T10:27:11.200Z,,
fb4d51d9-0e1c-4da5-9954-3b286aa476b3,99a92d80-13b2-4aac-bc41-50174a4dc776,174400.00,IDR,1,2025-12-31T17:00:00.000Z,,Kabupaten Bandung,workbook Cibuluh ANALISA BETON:25,medium,draft,,,2026-07-31T10:27:11.459Z,,2026-07-31T10:27:11.459Z,,
9d46b982-c756-4d11-80ba-589618b1f15f,56f02365-1ecc-4c2b-8e29-6f1c993d5f7d,1119290.00,IDR,1,2025-12-31T17:00:00.000Z,,Kabupaten Bandung,workbook Cibuluh ANALISA BETON:23,medium,draft,,,2026-07-31T10:27:11.524Z,,2026-07-31T10:27:11.524Z,,
b0da0982-d043-444f-b3a3-bab962507929,90b782a3-9cee-44d5-a57e-efb1654e833b,2900000.00,IDR,1,2025-12-31T17:00:00.000Z,,,,medium,active,a0000000-0000-0000-0000-000000000001,2026-07-31T10:32:53.501Z,2026-07-31T10:32:53.501Z,a0000000-0000-0000-0000-000000000001,2026-07-31T10:32:53.501Z,,
6f002d37-57b0-4c0b-b4a1-3c2b989ce3d5,538bf98e-b244-444d-a68b-be368b0b477a,1700000.00,IDR,1,2025-12-31T17:00:00.000Z,,,,medium,active,a0000000-0000-0000-0000-000000000001,2026-07-31T10:32:55.026Z,2026-07-31T10:32:55.026Z,a0000000-0000-0000-0000-000000000001,2026-07-31T10:32:55.026Z,,
adc912a2-ec95-44af-938a-8dd9b49cf473,25874802-1d69-48cd-b71f-8730e9d3b066,4500000.00,IDR,1,2025-12-31T17:00:00.000Z,,,,medium,active,a0000000-0000-0000-0000-000000000001,2026-07-31T10:32:56.852Z,2026-07-31T10:32:56.852Z,a0000000-0000-0000-0000-000000000001,2026-07-31T10:32:56.852Z,,
6765f4f8-398a-466a-b71e-56f6688ff92b,a3a017b8-18d0-4e7e-af46-f197ee9baf90,250000.00,IDR,1,2025-12-31T17:00:00.000Z,,,,medium,active,a0000000-0000-0000-0000-000000000001,2026-07-31T10:32:57.270Z,2026-07-31T10:32:57.270Z,a0000000-0000-0000-0000-000000000001,2026-07-31T10:32:57.270Z,,
bc9e2fbd-4aaf-446b-873f-ac3e67779cf4,a715bc2f-def7-413f-b870-522a1546e3c7,1500000.00,IDR,1,2025-12-31T17:00:00.000Z,,,,medium,active,a0000000-0000-0000-0000-000000000001,2026-07-31T10:32:57.559Z,2026-07-31T10:32:57.559Z,a0000000-0000-0000-0000-000000000001,2026-07-31T10:32:57.559Z,,
2600fe62-63c0-42dd-b872-c3921f477323,443ce21f-80e8-42a7-a310-7c12e8cd9ed0,189000.00,IDR,1,2025-12-31T17:00:00.000Z,,,,medium,active,a0000000-0000-0000-0000-000000000001,2026-07-31T10:32:57.694Z,2026-07-31T10:32:57.694Z,a0000000-0000-0000-0000-000000000001,2026-07-31T10:32:57.694Z,,
c3d66c78-42a8-4ba0-8920-e624afca318a,2447b4e5-a531-4477-ac12-69a53398c56e,88500.00,IDR,1,2025-12-31T17:00:00.000Z,,,,medium,active,a0000000-0000-0000-0000-000000000001,2026-07-31T10:32:58.421Z,2026-07-31T10:32:58.421Z,a0000000-0000-0000-0000-000000000001,2026-07-31T10:32:58.421Z,,
8bddc031-8908-4472-84e1-66cf8165a1d0,4c22917e-79e2-4115-92d5-6d4eb995678b,2300000.00,IDR,1,2025-12-31T17:00:00.000Z,,,,medium,active,a0000000-0000-0000-0000-000000000001,2026-07-31T10:32:58.532Z,2026-07-31T10:32:58.532Z,a0000000-0000-0000-0000-000000000001,2026-07-31T10:32:58.532Z,,
f389caec-21a7-43c0-bbd3-bd677e8cdd41,880df118-a9e2-461a-82b0-b93a00d32c42,14285.71,IDR,1,2025-12-31T17:00:00.000Z,,,,medium,active,a0000000-0000-0000-0000-000000000001,2026-07-31T10:32:59.827Z,2026-07-31T10:32:59.827Z,a0000000-0000-0000-0000-000000000001,2026-07-31T10:32:59.827Z,,
1b75a10b-fa81-4586-a8ee-42ef9725b013,595fe9a4-eedd-4327-8e5e-497703d4c8d2,1350000.00,IDR,1,2025-12-31T17:00:00.000Z,,,,medium,active,a0000000-0000-0000-0000-000000000001,2026-07-31T10:33:00.114Z,2026-07-31T10:33:00.114Z,a0000000-0000-0000-0000-000000000001,2026-07-31T10:33:00.114Z,,
f6913cad-fd5d-49ca-9b5a-1629c06ccae4,8404560f-5656-4c72-80cd-143c035cc914,350000.00,IDR,1,2025-12-31T17:00:00.000Z,,,,medium,active,a0000000-0000-0000-0000-000000000001,2026-07-31T10:33:00.763Z,2026-07-31T10:33:00.763Z,a0000000-0000-0000-0000-000000000001,2026-07-31T10:33:00.763Z,,
36b23c9d-b869-41f2-9a07-7818e3130324,7526d0e1-3b47-49c5-a31c-f816c798cefd,780000.00,IDR,1,2025-12-31T17:00:00.000Z,,,,medium,active,a0000000-0000-0000-0000-000000000001,2026-07-31T10:33:00.984Z,2026-07-31T10:33:00.984Z,a0000000-0000-0000-0000-000000000001,2026-07-31T10:33:00.984Z,,
d8f348b6-a0dd-4662-b8d7-01bf092a5de5,a6fde8c1-cb9d-422c-be1a-c7a4f8ab2afb,100000.00,IDR,1,2025-12-31T17:00:00.000Z,,,,medium,active,a0000000-0000-0000-0000-000000000001,2026-07-31T10:33:01.052Z,2026-07-31T10:33:01.052Z,a0000000-0000-0000-0000-000000000001,2026-07-31T10:33:01.052Z,,
5377b07c-e15d-4136-bc0c-35190456b666,4dd26bf2-694a-4c47-955e-cc099fdec0ca,465000.00,IDR,1,2025-12-31T17:00:00.000Z,,,,medium,active,a0000000-0000-0000-0000-000000000001,2026-07-31T10:33:01.602Z,2026-07-31T10:33:01.602Z,a0000000-0000-0000-0000-000000000001,2026-07-31T10:33:01.602Z,,
bd6a1ec0-9f4f-43f6-a300-eaa69769cb20,3a2ee238-53e9-45c5-a9f2-d1b21ab1e9ff,130000.00,IDR,1,2025-12-31T17:00:00.000Z,,,,medium,active,a0000000-0000-0000-0000-000000000001,2026-07-31T10:33:01.759Z,2026-07-31T10:33:01.759Z,a0000000-0000-0000-0000-000000000001,2026-07-31T10:33:01.759Z,,
19a09932-8425-45c0-bae8-1e47c354bbb7,d7e3aeb7-696e-4868-8f42-c978051917cc,140000.00,IDR,1,2025-12-31T17:00:00.000Z,,,,medium,active,a0000000-0000-0000-0000-000000000001,2026-07-31T10:33:01.914Z,2026-07-31T10:33:01.914Z,a0000000-0000-0000-0000-000000000001,2026-07-31T10:33:01.914Z,,
f3b2f679-5ccb-4c18-8180-59710c443c12,ad935a52-4bb9-4abd-9430-fde089327618,1300000.00,IDR,1,2025-12-31T17:00:00.000Z,,,,medium,active,a0000000-0000-0000-0000-000000000001,2026-07-31T10:33:02.003Z,2026-07-31T10:33:02.003Z,a0000000-0000-0000-0000-000000000001,2026-07-31T10:33:02.003Z,,
2c1c7372-b7f3-4d46-a0e2-08b86972279e,199e9869-3057-40c5-86ca-58e667ed6607,250000.00,IDR,1,2025-12-31T17:00:00.000Z,,,,medium,active,a0000000-0000-0000-0000-000000000001,2026-07-31T10:33:02.332Z,2026-07-31T10:33:02.332Z,a0000000-0000-0000-0000-000000000001,2026-07-31T10:33:02.332Z,,
b22d530e-f583-446d-b55d-c23f415cb047,2755c8f2-cad3-4251-bf80-62b6559b52b9,1960000.00,IDR,1,2025-12-31T17:00:00.000Z,,,,medium,active,a0000000-0000-0000-0000-000000000001,2026-07-31T10:33:03.296Z,2026-07-31T10:33:03.296Z,a0000000-0000-0000-0000-000000000001,2026-07-31T10:33:03.296Z,,
47aea92d-b5e3-4786-9cb3-4efeeb34b053,37b37a3e-c9e8-462c-8c1a-5d9828891e71,10700.00,IDR,1,2025-12-31T17:00:00.000Z,,,,medium,active,a0000000-0000-0000-0000-000000000001,2026-07-31T10:33:04.482Z,2026-07-31T10:33:04.482Z,a0000000-0000-0000-0000-000000000001,2026-07-31T10:33:04.482Z,,
68224cfb-8723-4c70-b411-474fce0836f4,470e0281-443f-433a-9d05-e702e41ab2ef,2900000.00,IDR,1,2025-12-31T17:00:00.000Z,,,,medium,active,a0000000-0000-0000-0000-000000000001,2026-07-31T10:33:04.877Z,2026-07-31T10:33:04.877Z,a0000000-0000-0000-0000-000000000001,2026-07-31T10:33:04.877Z,,
839f6546-dfbd-4aa7-a097-d6f57da0449c,1deaa4e6-617a-4e57-a118-69a3f4d89162,130000.00,IDR,1,2025-12-31T17:00:00.000Z,,,,medium,active,a0000000-0000-0000-0000-000000000001,2026-07-31T10:33:04.944Z,2026-07-31T10:33:04.944Z,a0000000-0000-0000-0000-000000000001,2026-07-31T10:33:04.944Z,,
fe886456-5264-4154-9414-d6626fced694,1db8d368-a355-4856-bccf-4eb0748b425a,670000.00,IDR,1,2025-12-31T17:00:00.000Z,,,,medium,active,a0000000-0000-0000-0000-000000000001,2026-07-31T10:33:05.189Z,2026-07-31T10:33:05.189Z,a0000000-0000-0000-0000-000000000001,2026-07-31T10:33:05.189Z,,
2a285390-da74-415e-861b-dd56a48005e5,466f5693-0449-43d5-b549-a1b07a6c30ce,2500000.00,IDR,1,2025-12-31T17:00:00.000Z,,,,medium,active,a0000000-0000-0000-0000-000000000001,2026-07-31T10:33:06.460Z,2026-07-31T10:33:06.460Z,a0000000-0000-0000-0000-000000000001,2026-07-31T10:33:06.460Z,,
0d389dbf-819a-4643-b323-70b4088d0fe4,7cac3019-7dfe-44eb-84d3-507bb719c47b,770000.00,IDR,1,2025-12-31T17:00:00.000Z,,,,medium,active,a0000000-0000-0000-0000-000000000001,2026-07-31T10:33:07.334Z,2026-07-31T10:33:07.334Z,a0000000-0000-0000-0000-000000000001,2026-07-31T10:33:07.334Z,,
c1f976bc-6240-4c1d-8e12-24f508d6c130,53d8fd09-1d9e-4cdb-8d64-38a64a9b6d61,3900000.00,IDR,1,2025-12-31T17:00:00.000Z,,,,medium,active,a0000000-0000-0000-0000-000000000001,2026-07-31T10:33:07.664Z,2026-07-31T10:33:07.664Z,a0000000-0000-0000-0000-000000000001,2026-07-31T10:33:07.664Z,,
5b118297-c3d4-498f-8058-b081057a8cb2,73eda50e-93fe-4cbf-8ccc-ec39db2bf7a8,995000.00,IDR,1,2025-12-31T17:00:00.000Z,,,,medium,active,a0000000-0000-0000-0000-000000000001,2026-07-31T10:33:08.061Z,2026-07-31T10:33:08.061Z,a0000000-0000-0000-0000-000000000001,2026-07-31T10:33:08.061Z,,
f579cfd2-979b-45d7-a4b8-727ad9d481cf,a6509842-a38b-41d8-802a-e03b82464d2f,2300000.00,IDR,1,2025-12-31T17:00:00.000Z,,,,medium,active,a0000000-0000-0000-0000-000000000001,2026-07-31T10:33:08.260Z,2026-07-31T10:33:08.260Z,a0000000-0000-0000-0000-000000000001,2026-07-31T10:33:08.260Z,,
683a2ee2-bf58-4d5a-97a3-40071f6824fa,194352ca-8ea3-48ca-9523-8405b4d9c192,56500.00,IDR,1,2025-12-31T17:00:00.000Z,,,,medium,active,a0000000-0000-0000-0000-000000000001,2026-07-31T10:33:08.652Z,2026-07-31T10:33:08.652Z,a0000000-0000-0000-0000-000000000001,2026-07-31T10:33:08.652Z,,
5272279a-961a-4ea9-9e08-cb25d7f7570b,734488d6-7aa7-4ac1-8803-ab443f84332f,92000.00,IDR,1,2025-12-31T17:00:00.000Z,,,,medium,active,a0000000-0000-0000-0000-000000000001,2026-07-31T10:33:08.872Z,2026-07-31T10:33:08.872Z,a0000000-0000-0000-0000-000000000001,2026-07-31T10:33:08.872Z,,
1253e487-6a0c-4533-84ef-f779202a0beb,23145ab7-03c8-490f-89e3-0120b8adbfb5,2475000.00,IDR,1,2025-12-31T17:00:00.000Z,,,,medium,active,a0000000-0000-0000-0000-000000000001,2026-07-31T10:33:09.555Z,2026-07-31T10:33:09.555Z,a0000000-0000-0000-0000-000000000001,2026-07-31T10:33:09.555Z,,
bbd9b33b-e429-4109-88b5-fb90c667d360,f7a3b569-9e5e-410e-8a04-7285b23e0436,14285.71,IDR,1,2025-12-31T17:00:00.000Z,,,,medium,active,a0000000-0000-0000-0000-000000000001,2026-07-31T10:33:09.733Z,2026-07-31T10:33:09.733Z,a0000000-0000-0000-0000-000000000001,2026-07-31T10:33:09.733Z,,
f6a6f67f-ffbb-43a5-95f0-b13b4ea6c7c7,a3874685-d861-481b-abd5-7d9d13629014,270000.00,IDR,1,2025-12-31T17:00:00.000Z,,,,medium,active,a0000000-0000-0000-0000-000000000001,2026-07-31T10:33:09.979Z,2026-07-31T10:33:09.979Z,a0000000-0000-0000-0000-000000000001,2026-07-31T10:33:09.979Z,,
fbfa1b98-0086-4647-aa34-d468bc982251,f8650fee-fa3c-43f2-83b0-e8276f2f423d,55000.00,IDR,1,2025-12-31T17:00:00.000Z,,,,medium,active,a0000000-0000-0000-0000-000000000001,2026-07-31T10:33:10.309Z,2026-07-31T10:33:10.309Z,a0000000-0000-0000-0000-000000000001,2026-07-31T10:33:10.309Z,,
24f59c98-c7ba-4506-98b1-e2c9949efcce,70ef39b6-f3c6-4c14-b1d6-32ba585314fd,550000.00,IDR,1,2025-12-31T17:00:00.000Z,,,,medium,active,a0000000-0000-0000-0000-000000000001,2026-07-31T10:33:10.748Z,2026-07-31T10:33:10.748Z,a0000000-0000-0000-0000-000000000001,2026-07-31T10:33:10.748Z,,
fa92072d-c9df-4fe7-a521-b75ad3c42e07,dd908d29-fdce-4942-a272-18550b4e38c5,250000.00,IDR,1,2025-12-31T17:00:00.000Z,,,,medium,active,a0000000-0000-0000-0000-000000000001,2026-07-31T10:33:10.858Z,2026-07-31T10:33:10.858Z,a0000000-0000-0000-0000-000000000001,2026-07-31T10:33:10.858Z,,
39644630-fbef-4f97-b73a-af320c752188,7b111d2f-60e3-4b77-8961-a56fdf84efa3,1000000.00,IDR,1,2025-12-31T17:00:00.000Z,,,,medium,active,a0000000-0000-0000-0000-000000000001,2026-07-31T10:33:11.803Z,2026-07-31T10:33:11.803Z,a0000000-0000-0000-0000-000000000001,2026-07-31T10:33:11.803Z,,
cacf8f2f-d3f1-479a-8cf1-4d091b953b18,2e55994d-8cc3-48ff-9d3e-182eaa629486,1800000.00,IDR,1,2025-12-31T17:00:00.000Z,,,,medium,active,a0000000-0000-0000-0000-000000000001,2026-07-31T10:33:12.306Z,2026-07-31T10:33:12.306Z,a0000000-0000-0000-0000-000000000001,2026-07-31T10:33:12.306Z,,
3911e655-23f9-48c2-95eb-6e2dcb9534e0,28755ddf-6ae9-46a4-9604-017a2485e236,160000.00,IDR,1,2025-12-31T17:00:00.000Z,,,,medium,active,a0000000-0000-0000-0000-000000000001,2026-07-31T10:33:12.723Z,2026-07-31T10:33:12.723Z,a0000000-0000-0000-0000-000000000001,2026-07-31T10:33:12.723Z,,
377b7d15-18c6-4c3b-870a-0d201b62e850,9c1163eb-d5bf-48a0-b13f-ea79a9cf08fb,8300000.00,IDR,1,2025-12-31T17:00:00.000Z,,,,medium,active,a0000000-0000-0000-0000-000000000001,2026-07-31T10:33:12.878Z,2026-07-31T10:33:12.878Z,a0000000-0000-0000-0000-000000000001,2026-07-31T10:33:12.878Z,,
fd988cce-817a-4ae0-b5e7-e3968bee06fb,13466e22-e557-41d7-9584-91c1aa73a124,640000.00,IDR,1,2025-12-31T17:00:00.000Z,,,,medium,active,a0000000-0000-0000-0000-000000000001,2026-07-31T10:33:13.076Z,2026-07-31T10:33:13.076Z,a0000000-0000-0000-0000-000000000001,2026-07-31T10:33:13.076Z,,
f6850901-c424-4021-90b9-6135833d5b0d,25df716d-f249-4f2b-9795-f3760417e376,750000.00,IDR,1,2025-12-31T17:00:00.000Z,,,,medium,active,a0000000-0000-0000-0000-000000000001,2026-07-31T10:33:13.209Z,2026-07-31T10:33:13.209Z,a0000000-0000-0000-0000-000000000001,2026-07-31T10:33:13.209Z,,
9561bd4d-0875-4b05-a3eb-42985d1f0eae,228d9fb0-e358-4998-9ea9-50d0c38b4939,220000.00,IDR,1,2025-12-31T17:00:00.000Z,,,,medium,active,a0000000-0000-0000-0000-000000000001,2026-07-31T10:33:13.472Z,2026-07-31T10:33:13.472Z,a0000000-0000-0000-0000-000000000001,2026-07-31T10:33:13.472Z,,
bbeaf5f4-4f69-4cfd-b4b7-3c1155cbff9d,f4592cdb-1276-4c59-8cdd-5e10eb346476,850000.00,IDR,1,2025-12-31T17:00:00.000Z,,,,medium,active,a0000000-0000-0000-0000-000000000001,2026-07-31T10:33:13.671Z,2026-07-31T10:33:13.671Z,a0000000-0000-0000-0000-000000000001,2026-07-31T10:33:13.671Z,,
ea9d8a06-d356-40e2-bd27-a8319343dfdb,df9eec98-332a-43b5-afdf-b026967a0227,160000.00,IDR,1,2025-12-31T17:00:00.000Z,,,,medium,active,a0000000-0000-0000-0000-000000000001,2026-07-31T10:33:13.956Z,2026-07-31T10:33:13.956Z,a0000000-0000-0000-0000-000000000001,2026-07-31T10:33:13.956Z,,
9e1914e1-462c-4270-a505-88d131ccc91c,c95d2f4b-d01b-47ef-8903-c978e4f361dc,1200000.00,IDR,1,2025-12-31T17:00:00.000Z,,,,medium,active,a0000000-0000-0000-0000-000000000001,2026-07-31T10:33:14.506Z,2026-07-31T10:33:14.506Z,a0000000-0000-0000-0000-000000000001,2026-07-31T10:33:14.506Z,,
12b9e64b-6d31-4fbc-bb2a-83c539cb5ca8,847d3ad2-e557-4cbc-8807-160738a07cfd,150000.00,IDR,1,2025-12-31T17:00:00.000Z,,,,medium,active,a0000000-0000-0000-0000-000000000001,2026-07-31T10:33:14.903Z,2026-07-31T10:33:14.903Z,a0000000-0000-0000-0000-000000000001,2026-07-31T10:33:14.903Z,,
e9d82c36-91a5-453d-94a7-3c7786a6b8f9,695a520e-96f5-4794-918b-74e4301e99c5,4200000.00,IDR,1,2025-12-31T17:00:00.000Z,,,,medium,active,a0000000-0000-0000-0000-000000000001,2026-07-31T10:33:15.518Z,2026-07-31T10:33:15.518Z,a0000000-0000-0000-0000-000000000001,2026-07-31T10:33:15.518Z,,
4a5f4082-8f4f-4458-aced-51e546d43fe8,ec899b88-2acc-4aea-81c7-5eda7cde8152,95000.00,IDR,1,2025-12-31T17:00:00.000Z,,,,medium,active,a0000000-0000-0000-0000-000000000001,2026-07-31T10:33:15.848Z,2026-07-31T10:33:15.848Z,a0000000-0000-0000-0000-000000000001,2026-07-31T10:33:15.848Z,,
0822b06f-529b-4936-b218-d8b95f1c8f9d,268d8b9e-67d5-46e4-9958-07f7f2af8b99,150000.00,IDR,1,2025-12-31T17:00:00.000Z,,,,medium,active,a0000000-0000-0000-0000-000000000001,2026-07-31T10:33:16.242Z,2026-07-31T10:33:16.242Z,a0000000-0000-0000-0000-000000000001,2026-07-31T10:33:16.242Z,,
9717ad37-e033-4925-a149-6d24171435f5,9c325c66-88e3-4580-a423-6c3f72a547f8,1020000.00,IDR,1,2025-12-31T17:00:00.000Z,,,,medium,active,a0000000-0000-0000-0000-000000000001,2026-07-31T10:33:18.062Z,2026-07-31T10:33:18.062Z,a0000000-0000-0000-0000-000000000001,2026-07-31T10:33:18.062Z,,
fd168980-50c6-4791-88a5-314c3b484149,59355471-dda5-4644-9230-c9ab76c2d1ae,650000.00,IDR,1,2025-12-31T17:00:00.000Z,,,,medium,active,a0000000-0000-0000-0000-000000000001,2026-07-31T10:33:18.172Z,2026-07-31T10:33:18.172Z,a0000000-0000-0000-0000-000000000001,2026-07-31T10:33:18.172Z,,
5af64b69-9842-4ed6-8c12-342a6e6f3eb7,79e0ead9-0e03-4bf3-8d1f-1307c02e8057,250000.00,IDR,1,2025-12-31T17:00:00.000Z,,,,medium,active,a0000000-0000-0000-0000-000000000001,2026-07-31T10:33:18.610Z,2026-07-31T10:33:18.610Z,a0000000-0000-0000-0000-000000000001,2026-07-31T10:33:18.610Z,,
5979f391-fc8d-4f74-a382-5bf56158d1b4,7e20277d-36d9-478d-bbd1-f09fc96240eb,1500000.00,IDR,1,2025-12-31T17:00:00.000Z,,,,medium,active,a0000000-0000-0000-0000-000000000001,2026-07-31T10:33:18.677Z,2026-07-31T10:33:18.677Z,a0000000-0000-0000-0000-000000000001,2026-07-31T10:33:18.677Z,,
ddf4ed15-c300-42a5-a917-d8e32def019e,161853aa-08b1-47be-9744-8f3246001c8b,1200000.00,IDR,1,2025-12-31T17:00:00.000Z,,,,medium,active,a0000000-0000-0000-0000-000000000001,2026-07-31T10:33:18.788Z,2026-07-31T10:33:18.788Z,a0000000-0000-0000-0000-000000000001,2026-07-31T10:33:18.788Z,,
f3554433-8db1-4207-88dd-2a9ed90dc6cd,3cc1d821-515d-4dd1-aa78-740316eb6ac0,230000.00,IDR,1,2025-12-31T17:00:00.000Z,,,,medium,active,a0000000-0000-0000-0000-000000000001,2026-07-31T10:33:18.899Z,2026-07-31T10:33:18.899Z,a0000000-0000-0000-0000-000000000001,2026-07-31T10:33:18.899Z,,
a3e86168-2ac7-4f0d-b4b7-feb8165c0207,f1b64e42-fee7-4871-8e0d-2bc9f650fcf2,7600000.00,IDR,1,2025-12-31T17:00:00.000Z,,,,medium,active,a0000000-0000-0000-0000-000000000001,2026-07-31T10:33:19.207Z,2026-07-31T10:33:19.207Z,a0000000-0000-0000-0000-000000000001,2026-07-31T10:33:19.207Z,,
d5d68097-4897-4b6d-931c-10c1ece6beae,49fb9c4b-be0c-4cc4-9b24-f6f773d7e012,250000.00,IDR,1,2025-12-31T17:00:00.000Z,,,,medium,active,a0000000-0000-0000-0000-000000000001,2026-07-31T10:33:20.025Z,2026-07-31T10:33:20.025Z,a0000000-0000-0000-0000-000000000001,2026-07-31T10:33:20.025Z,,
761b98e0-61c8-4e5f-aa37-7ea8777fbb1f,c3299122-7a95-40fa-b884-8cafe79e0d2d,5500000.00,IDR,1,2025-12-31T17:00:00.000Z,,,,medium,active,a0000000-0000-0000-0000-000000000001,2026-07-31T10:33:20.311Z,2026-07-31T10:33:20.311Z,a0000000-0000-0000-0000-000000000001,2026-07-31T10:33:20.311Z,,
3fefcb6b-1591-4f01-af7c-747fa9d7c3c4,db282ba4-9802-445c-b430-59ea089dbcc7,150000.00,IDR,1,2025-12-31T17:00:00.000Z,,,,medium,active,a0000000-0000-0000-0000-000000000001,2026-07-31T10:33:21.404Z,2026-07-31T10:33:21.404Z,a0000000-0000-0000-0000-000000000001,2026-07-31T10:33:21.404Z,,
c169aca3-f42e-4c2e-8f07-c50aae28bfd6,397a2b00-3ddd-4a57-82fe-cae4d69a703a,3800000.00,IDR,1,2025-12-31T17:00:00.000Z,,,,medium,active,a0000000-0000-0000-0000-000000000001,2026-07-31T10:33:22.632Z,2026-07-31T10:33:22.632Z,a0000000-0000-0000-0000-000000000001,2026-07-31T10:33:22.632Z,,
bcbe0b0f-11a0-4323-8383-38a543841481,03b04537-e972-4e52-a58a-6b1f3142c9c8,200000.00,IDR,1,2025-12-31T17:00:00.000Z,,,,medium,active,a0000000-0000-0000-0000-000000000001,2026-07-31T10:33:22.962Z,2026-07-31T10:33:22.962Z,a0000000-0000-0000-0000-000000000001,2026-07-31T10:33:22.962Z,,
cff2ed10-d8d9-493e-be7b-c97dd7e274de,6d3a2d1b-e0a6-4fee-a969-0720a9ba67fe,145000.00,IDR,1,2025-12-31T17:00:00.000Z,,,,medium,active,a0000000-0000-0000-0000-000000000001,2026-07-31T10:33:23.117Z,2026-07-31T10:33:23.117Z,a0000000-0000-0000-0000-000000000001,2026-07-31T10:33:23.117Z,,
f46f96ab-087e-4885-8b4e-59af6104b4ca,1a4c4195-2644-401b-8657-462780bc4c4f,1700000.00,IDR,1,2025-12-31T17:00:00.000Z,,,,medium,active,a0000000-0000-0000-0000-000000000001,2026-07-31T10:33:25.021Z,2026-07-31T10:33:25.021Z,a0000000-0000-0000-0000-000000000001,2026-07-31T10:33:25.021Z,,
54d80810-0806-431c-b021-ffd63cf06838,78c2afab-f8a4-441e-a17f-294680a05a85,582000.00,IDR,1,2025-12-31T17:00:00.000Z,,,,medium,active,a0000000-0000-0000-0000-000000000001,2026-07-31T10:33:25.154Z,2026-07-31T10:33:25.154Z,a0000000-0000-0000-0000-000000000001,2026-07-31T10:33:25.154Z,,
164c2aa7-9c5c-48b4-bd04-0f7b00183f9e,62a9f4a8-dbea-4753-b051-4cc9e90dd104,2550.00,IDR,1,2025-12-31T17:00:00.000Z,,,,medium,active,a0000000-0000-0000-0000-000000000001,2026-07-31T10:33:25.439Z,2026-07-31T10:33:25.439Z,a0000000-0000-0000-0000-000000000001,2026-07-31T10:33:25.439Z,,
d99225a3-9d54-459a-a5ba-01ddc6faf0aa,fccabb30-756e-4114-b855-7b8cce2e0ebc,135000.00,IDR,1,2025-12-31T17:00:00.000Z,,,,medium,active,a0000000-0000-0000-0000-000000000001,2026-07-31T10:33:25.856Z,2026-07-31T10:33:25.856Z,a0000000-0000-0000-0000-000000000001,2026-07-31T10:33:25.856Z,,
5f29e3e2-9855-4ce3-92f0-bebdc7e4e42d,f9f1e8b8-cdc1-4aa2-8622-1d4e13d0f9b0,110000.00,IDR,1,2025-12-31T17:00:00.000Z,,,,medium,active,a0000000-0000-0000-0000-000000000001,2026-07-31T10:33:26.423Z,2026-07-31T10:33:26.423Z,a0000000-0000-0000-0000-000000000001,2026-07-31T10:33:26.423Z,,
e37a54f8-e70c-4944-b0ac-29822eb2a2a9,31e37eb0-687b-4006-b349-80216f85ef3e,30000.00,IDR,1,2025-12-31T17:00:00.000Z,,,,medium,active,a0000000-0000-0000-0000-000000000001,2026-07-31T10:33:27.102Z,2026-07-31T10:33:27.102Z,a0000000-0000-0000-0000-000000000001,2026-07-31T10:33:27.102Z,,
e4da88a7-5f46-494a-8c94-bce764b27e61,f20550fd-24cd-4542-844b-90d8ee8cb4c5,680000.00,IDR,1,2025-12-31T17:00:00.000Z,,,,medium,active,a0000000-0000-0000-0000-000000000001,2026-07-31T10:33:27.675Z,2026-07-31T10:33:27.675Z,a0000000-0000-0000-0000-000000000001,2026-07-31T10:33:27.675Z,,
49276fc8-2dea-4c1d-9c76-70bea0b7fde8,05c49ae6-4701-47ae-aa47-f3a7143d1cc6,10000000.00,IDR,1,2025-12-31T17:00:00.000Z,,,,medium,active,a0000000-0000-0000-0000-000000000001,2026-07-31T10:33:28.289Z,2026-07-31T10:33:28.289Z,a0000000-0000-0000-0000-000000000001,2026-07-31T10:33:28.289Z,,
256de646-552e-46a6-89cf-a61e09a3a3bc,ed283fe6-9c1e-49d7-9206-b5dd3b5c11ae,150000.00,IDR,1,2025-12-31T17:00:00.000Z,,,,medium,active,a0000000-0000-0000-0000-000000000001,2026-07-31T10:33:28.532Z,2026-07-31T10:33:28.532Z,a0000000-0000-0000-0000-000000000001,2026-07-31T10:33:28.532Z,,
602b75fc-bdc4-4003-aa6a-0ebbb700035c,df7501f9-c33d-49bf-87e9-82f6d2c3d6a8,9500.00,IDR,1,2025-12-31T17:00:00.000Z,,,,medium,active,a0000000-0000-0000-0000-000000000001,2026-07-31T10:33:30.088Z,2026-07-31T10:33:30.088Z,a0000000-0000-0000-0000-000000000001,2026-07-31T10:33:30.088Z,,
d878acae-fc5d-4611-8450-401727a75b2e,3400e71c-44fb-49ca-be30-4b4427ea6829,125000.00,IDR,1,2025-12-31T17:00:00.000Z,,,,medium,active,a0000000-0000-0000-0000-000000000001,2026-07-31T10:33:30.616Z,2026-07-31T10:33:30.616Z,a0000000-0000-0000-0000-000000000001,2026-07-31T10:33:30.616Z,,
d6266e8d-9819-4841-809d-f98c305ac391,7241ca49-0dc3-4769-8fbb-024b6517e74d,245000.00,IDR,1,2025-12-31T17:00:00.000Z,,,,medium,active,a0000000-0000-0000-0000-000000000001,2026-07-31T10:33:30.879Z,2026-07-31T10:33:30.879Z,a0000000-0000-0000-0000-000000000001,2026-07-31T10:33:30.879Z,,
8d337a87-3a11-46d8-b9fb-dcbb41f6482f,5be63e8d-e991-4caf-b3f3-da3541b7541a,300000.00,IDR,1,2025-12-31T17:00:00.000Z,,,,medium,active,a0000000-0000-0000-0000-000000000001,2026-07-31T10:33:30.991Z,2026-07-31T10:33:30.991Z,a0000000-0000-0000-0000-000000000001,2026-07-31T10:33:30.991Z,,
cbfbf3a8-8194-4a0e-b85d-7aa6a7f0e65c,6eafda91-5f82-4ebd-866b-01ff694ea14d,2380000.00,IDR,1,2025-12-31T17:00:00.000Z,,,,medium,active,a0000000-0000-0000-0000-000000000001,2026-07-31T10:33:31.650Z,2026-07-31T10:33:31.650Z,a0000000-0000-0000-0000-000000000001,2026-07-31T10:33:31.650Z,,
027f9f00-5a38-4957-9c65-997d2f5879c4,3c8cb76c-0d7b-4dec-9eb2-936a2bc2b4f4,5300000.00,IDR,1,2025-12-31T17:00:00.000Z,,,,medium,active,a0000000-0000-0000-0000-000000000001,2026-07-31T10:33:31.761Z,2026-07-31T10:33:31.761Z,a0000000-0000-0000-0000-000000000001,2026-07-31T10:33:31.761Z,,
ea524e8d-ffb1-49b7-96ff-2f034e8c9999,2f994653-29ef-44cd-aa6b-8bde966d2e5c,250000.00,IDR,1,2025-12-31T17:00:00.000Z,,,,medium,active,a0000000-0000-0000-0000-000000000001,2026-07-31T10:33:32.419Z,2026-07-31T10:33:32.419Z,a0000000-0000-0000-0000-000000000001,2026-07-31T10:33:32.419Z,,
44bec547-6264-44a7-8402-774195ad4770,b7429f68-c7f6-4a0f-8994-6fab85cf8eae,4500000.00,IDR,1,2025-12-31T17:00:00.000Z,,,,medium,active,a0000000-0000-0000-0000-000000000001,2026-07-31T10:33:32.486Z,2026-07-31T10:33:32.486Z,a0000000-0000-0000-0000-000000000001,2026-07-31T10:33:32.486Z,,
1959df55-6342-4a0d-a528-03dbd2c06992,ae4da0aa-b1a6-4d9c-b07e-dfd207785035,250000.00,IDR,1,2025-12-31T17:00:00.000Z,,,,medium,active,a0000000-0000-0000-0000-000000000001,2026-07-31T10:33:32.926Z,2026-07-31T10:33:32.926Z,a0000000-0000-0000-0000-000000000001,2026-07-31T10:33:32.926Z,,
d6cd3dcc-7df8-48d9-9e8c-38c0906cdbfa,216832f7-1ee3-448e-b6bd-f2e85027aabb,860000.00,IDR,1,2025-12-31T17:00:00.000Z,,,,medium,active,a0000000-0000-0000-0000-000000000001,2026-07-31T10:33:33.169Z,2026-07-31T10:33:33.169Z,a0000000-0000-0000-0000-000000000001,2026-07-31T10:33:33.169Z,,
29d051e6-14fe-4de5-8adf-5cabc33acbe0,5e5b6398-395b-4c2c-9840-3ad89cdd21a5,1350000.00,IDR,1,2025-12-31T17:00:00.000Z,,,,medium,active,a0000000-0000-0000-0000-000000000001,2026-07-31T10:33:33.432Z,2026-07-31T10:33:33.432Z,a0000000-0000-0000-0000-000000000001,2026-07-31T10:33:33.432Z,,
5c884ede-fd3c-4d5d-bbdb-0782813c2636,e0cde2aa-bbdd-475c-957a-93eea9fdbef8,900000.00,IDR,1,2025-12-31T17:00:00.000Z,,,,medium,active,a0000000-0000-0000-0000-000000000001,2026-07-31T10:33:33.674Z,2026-07-31T10:33:33.674Z,a0000000-0000-0000-0000-000000000001,2026-07-31T10:33:33.674Z,,
5c52eb02-0127-48b9-99bf-a2adbeae0b54,1ef104a0-6d3d-4612-9c21-698abf2d9d66,115000.00,IDR,1,2025-12-31T17:00:00.000Z,,,,medium,active,a0000000-0000-0000-0000-000000000001,2026-07-31T10:33:35.622Z,2026-07-31T10:33:35.622Z,a0000000-0000-0000-0000-000000000001,2026-07-31T10:33:35.622Z,,
3e375a5c-e45f-4fda-89ec-3845ff55e244,3f850796-24df-4c6a-95ca-e7238a0cd173,2550000.00,IDR,1,2025-12-31T17:00:00.000Z,,,,medium,active,a0000000-0000-0000-0000-000000000001,2026-07-31T10:33:35.667Z,2026-07-31T10:33:35.667Z,a0000000-0000-0000-0000-000000000001,2026-07-31T10:33:35.667Z,,
faecf3d7-a24b-4f1d-abbd-28a2d16c44fe,9bfe02f0-ecfd-4373-a084-773ccbb1d7b9,1500000.00,IDR,1,2025-12-31T17:00:00.000Z,,,,medium,active,a0000000-0000-0000-0000-000000000001,2026-07-31T10:33:36.413Z,2026-07-31T10:33:36.413Z,a0000000-0000-0000-0000-000000000001,2026-07-31T10:33:36.413Z,,
f65891df-d250-44cc-b0e4-270e434b9b63,48b00122-431e-4d93-b4b5-84965dcb6e43,250000.00,IDR,1,2025-12-31T17:00:00.000Z,,,,medium,active,a0000000-0000-0000-0000-000000000001,2026-07-31T10:33:36.831Z,2026-07-31T10:33:36.831Z,a0000000-0000-0000-0000-000000000001,2026-07-31T10:33:36.831Z,,
354e19d1-3498-4d3f-ae77-501d7745aa3d,a790949e-e66b-4e91-9d2b-4f879197756e,50000.00,IDR,1,2025-12-31T17:00:00.000Z,,,,medium,active,a0000000-0000-0000-0000-000000000001,2026-07-31T10:33:37.585Z,2026-07-31T10:33:37.585Z,a0000000-0000-0000-0000-000000000001,2026-07-31T10:33:37.585Z,,
331c1f49-33d8-4b50-b26e-578b66fa48c5,77be939f-094c-477a-a7fe-3d2944a63721,222000.00,IDR,1,2025-12-31T17:00:00.000Z,,,,medium,active,a0000000-0000-0000-0000-000000000001,2026-07-31T10:33:37.695Z,2026-07-31T10:33:37.695Z,a0000000-0000-0000-0000-000000000001,2026-07-31T10:33:37.695Z,,
4c77a43f-88ff-4536-90bf-1e222e947b44,8bab4c94-8d64-49f3-889b-b949e3882059,250000.00,IDR,1,2025-12-31T17:00:00.000Z,,,,medium,active,a0000000-0000-0000-0000-000000000001,2026-07-31T10:33:37.762Z,2026-07-31T10:33:37.762Z,a0000000-0000-0000-0000-000000000001,2026-07-31T10:33:37.762Z,,
7c32625d-372a-4b38-a3ef-99a955600b46,d7e293b3-ae1e-41aa-bef9-588c5b18bd10,150000.00,IDR,1,2025-12-31T17:00:00.000Z,,,,medium,active,a0000000-0000-0000-0000-000000000001,2026-07-31T10:33:37.851Z,2026-07-31T10:33:37.851Z,a0000000-0000-0000-0000-000000000001,2026-07-31T10:33:37.851Z,,
cfde35e3-ab49-45d9-9c25-9014db19ba30,e997d6cc-a796-461c-bdfa-32accf2c3f8d,2100000.00,IDR,1,2025-12-31T17:00:00.000Z,,,,medium,active,a0000000-0000-0000-0000-000000000001,2026-07-31T10:33:38.149Z,2026-07-31T10:33:38.149Z,a0000000-0000-0000-0000-000000000001,2026-07-31T10:33:38.149Z,,
3988ade5-303c-4eac-9c64-10b22d1f598e,20abc18f-dcb4-43e6-92b3-c402fd76f85c,150000.00,IDR,1,2025-12-31T17:00:00.000Z,,,,medium,active,a0000000-0000-0000-0000-000000000001,2026-07-31T10:33:38.237Z,2026-07-31T10:33:38.237Z,a0000000-0000-0000-0000-000000000001,2026-07-31T10:33:38.237Z,,
4a9126a9-147e-41d2-8b57-ec30bb2c8923,5b23e839-819c-453e-b756-f2a70d944abc,1450000.00,IDR,1,2025-12-31T17:00:00.000Z,,,,medium,active,a0000000-0000-0000-0000-000000000001,2026-07-31T10:33:38.632Z,2026-07-31T10:33:38.632Z,a0000000-0000-0000-0000-000000000001,2026-07-31T10:33:38.632Z,,
4e913614-1cb9-4dc5-87e6-f9cf4d6a3bf8,23cd7360-1996-4edc-8b75-63c49c019231,273000.00,IDR,1,2025-12-31T17:00:00.000Z,,,,medium,active,a0000000-0000-0000-0000-000000000001,2026-07-31T10:33:40.014Z,2026-07-31T10:33:40.014Z,a0000000-0000-0000-0000-000000000001,2026-07-31T10:33:40.014Z,,
dd72e1d9-d974-45cf-a227-bd1270344704,4d84aa6a-8368-4564-8d49-3dfa64ce0ca2,500000.00,IDR,1,2025-12-31T17:00:00.000Z,,,,medium,active,a0000000-0000-0000-0000-000000000001,2026-07-31T10:33:40.410Z,2026-07-31T10:33:40.410Z,a0000000-0000-0000-0000-000000000001,2026-07-31T10:33:40.410Z,,
e28b47ff-d00b-4e63-8bbc-5157bfcb048c,66499391-586d-4ecf-89e4-cfe20ea36c7d,504000.00,IDR,1,2025-12-31T17:00:00.000Z,,,,medium,active,a0000000-0000-0000-0000-000000000001,2026-07-31T10:33:40.499Z,2026-07-31T10:33:40.499Z,a0000000-0000-0000-0000-000000000001,2026-07-31T10:33:40.499Z,,
89a622e1-fb21-41b4-9fb1-4663f4633dff,b80f9e61-100e-47e3-a4dc-77209cdfc9c4,3500000.00,IDR,1,2025-12-31T17:00:00.000Z,,,,medium,active,a0000000-0000-0000-0000-000000000001,2026-07-31T10:33:40.697Z,2026-07-31T10:33:40.697Z,a0000000-0000-0000-0000-000000000001,2026-07-31T10:33:40.697Z,,
448918d6-6350-4710-916f-7dcb77d799fa,c24130ce-b69d-4ae9-a768-158057d813a6,1500000.00,IDR,1,2025-12-31T17:00:00.000Z,,,,medium,active,a0000000-0000-0000-0000-000000000001,2026-07-31T10:33:41.643Z,2026-07-31T10:33:41.643Z,a0000000-0000-0000-0000-000000000001,2026-07-31T10:33:41.643Z,,
fa021849-2668-4263-979e-e425105bd082,9b048e7c-f8f1-4a0f-b923-a0522cd5fe90,75000.00,IDR,1,2025-12-31T17:00:00.000Z,,,,medium,active,a0000000-0000-0000-0000-000000000001,2026-07-31T10:33:42.412Z,2026-07-31T10:33:42.412Z,a0000000-0000-0000-0000-000000000001,2026-07-31T10:33:42.412Z,,
727c3a9e-4804-4afa-ad29-d0e95f99f831,cf0549e6-38a3-45df-a3bd-c9443464394e,450000.00,IDR,1,2025-12-31T17:00:00.000Z,,,,medium,active,a0000000-0000-0000-0000-000000000001,2026-07-31T10:33:43.045Z,2026-07-31T10:33:43.045Z,a0000000-0000-0000-0000-000000000001,2026-07-31T10:33:43.045Z,,
70d7d4a6-8d11-447a-bfd9-fd11c629a7fd,9886348e-8ff3-4f8a-89fe-5b5b33d17262,28571.43,IDR,1,2025-12-31T17:00:00.000Z,,,,medium,active,a0000000-0000-0000-0000-000000000001,2026-07-31T10:33:43.967Z,2026-07-31T10:33:43.967Z,a0000000-0000-0000-0000-000000000001,2026-07-31T10:33:43.967Z,,
4aa5afcd-5679-4fec-a8b1-b04b4ec16181,ebbbef62-a3e5-4a6d-8490-4480a9f740a9,3500000.00,IDR,1,2025-12-31T17:00:00.000Z,,,,medium,active,a0000000-0000-0000-0000-000000000001,2026-07-31T10:33:44.709Z,2026-07-31T10:33:44.709Z,a0000000-0000-0000-0000-000000000001,2026-07-31T10:33:44.709Z,,
c622c5d3-99d5-4370-b74e-43bf0b4d2bf1,1f8ed495-62cd-4df8-bf17-b86323532c74,3200000.00,IDR,1,2025-12-31T17:00:00.000Z,,,,medium,active,a0000000-0000-0000-0000-000000000001,2026-07-31T10:33:44.775Z,2026-07-31T10:33:44.775Z,a0000000-0000-0000-0000-000000000001,2026-07-31T10:33:44.775Z,,
c1a852c6-9257-4fc9-9817-a0b102badc8f,2223fa36-97cb-4145-a622-bef0a6fa1066,28571.43,IDR,1,2025-12-31T17:00:00.000Z,,,,medium,active,a0000000-0000-0000-0000-000000000001,2026-07-31T10:33:45.108Z,2026-07-31T10:33:45.108Z,a0000000-0000-0000-0000-000000000001,2026-07-31T10:33:45.108Z,,
a4c07829-b15f-46fb-ba3f-231f2ab22aa8,633351e2-e11e-4c38-ac40-d9da498fff8e,3200000.00,IDR,1,2025-12-31T17:00:00.000Z,,,,medium,active,a0000000-0000-0000-0000-000000000001,2026-07-31T10:33:45.591Z,2026-07-31T10:33:45.591Z,a0000000-0000-0000-0000-000000000001,2026-07-31T10:33:45.591Z,,
7d63f167-d3cf-4b3d-bfcd-130627e9d236,b58c1601-47a2-4a8b-b8cc-a7d581d7878d,110000.00,IDR,1,2025-12-31T17:00:00.000Z,,,,medium,active,a0000000-0000-0000-0000-000000000001,2026-07-31T10:33:45.701Z,2026-07-31T10:33:45.701Z,a0000000-0000-0000-0000-000000000001,2026-07-31T10:33:45.701Z,,
3e90c94f-a4e0-4c7a-9c33-ac65b2534d19,237cc3ef-091e-447f-8c79-2505b2b1171c,30000.00,IDR,1,2018-12-31T17:00:00.000Z,,Kabupaten Bandung,,medium,active,a0000000-0000-0000-0000-000000000001,2026-07-31T10:33:51.609Z,2026-07-31T10:33:51.609Z,a0000000-0000-0000-0000-000000000001,2026-07-31T10:33:51.609Z,,48befb54-113d-4e1b-b4dd-91cf79d6d8a0
ad528f92-1493-4493-ad73-6b201debb818,2db316b0-f7c1-4d4e-badd-77f14ef6aee3,7000000.00,IDR,1,2018-12-31T17:00:00.000Z,,Kabupaten Bandung,,medium,active,a0000000-0000-0000-0000-000000000001,2026-07-31T10:33:52.005Z,2026-07-31T10:33:52.005Z,a0000000-0000-0000-0000-000000000001,2026-07-31T10:33:52.005Z,,48befb54-113d-4e1b-b4dd-91cf79d6d8a0
f6517c14-897d-411e-9b26-b1d524912ce2,f7a7eada-9c2c-4278-8951-017612c2d9a6,6000000.00,IDR,1,2018-12-31T17:00:00.000Z,,Kabupaten Bandung,,medium,active,a0000000-0000-0000-0000-000000000001,2026-07-31T10:33:52.575Z,2026-07-31T10:33:52.575Z,a0000000-0000-0000-0000-000000000001,2026-07-31T10:33:52.575Z,,48befb54-113d-4e1b-b4dd-91cf79d6d8a0
28be522a-b293-412a-8560-de8f203eeb85,8f573d2a-9667-4838-ade4-a268e87f6ecb,255000.00,IDR,1,2025-12-31T17:00:00.000Z,,,,medium,active,a0000000-0000-0000-0000-000000000001,2026-07-31T10:36:55.040Z,2026-07-31T10:36:55.040Z,a0000000-0000-0000-0000-000000000001,2026-07-31T10:36:55.040Z,,
3f3cc83a-8025-410f-b8b0-c98f9ee5b032,12f03102-042f-42fe-abfe-5f505ff399df,200000.00,IDR,1,2025-12-31T17:00:00.000Z,,,,medium,active,a0000000-0000-0000-0000-000000000001,2026-07-31T10:36:56.485Z,2026-07-31T10:36:56.485Z,a0000000-0000-0000-0000-000000000001,2026-07-31T10:36:56.485Z,,
bc03a15d-c858-4629-99e8-0fb94a3a8165,98a37d02-4979-4245-9583-b1c5eba5d865,124500.00,IDR,1,2025-12-31T17:00:00.000Z,,,,medium,active,a0000000-0000-0000-0000-000000000001,2026-07-31T10:36:57.288Z,2026-07-31T10:36:57.288Z,a0000000-0000-0000-0000-000000000001,2026-07-31T10:36:57.288Z,,
55e39662-d6a6-4792-b609-048cb48e0dca,3b8dc692-d0b0-4054-9af0-85afbffc72d3,124500.00,IDR,1,2025-12-31T17:00:00.000Z,,,,medium,active,a0000000-0000-0000-0000-000000000001,2026-07-31T10:36:57.470Z,2026-07-31T10:36:57.470Z,a0000000-0000-0000-0000-000000000001,2026-07-31T10:36:57.470Z,,
e87dac5e-22f3-4f0b-924d-e6cfda36d39b,4bb3a31c-a0d6-4fe8-9777-f18e30a7470f,1500000.00,IDR,1,2025-12-31T17:00:00.000Z,,,,medium,active,a0000000-0000-0000-0000-000000000001,2026-07-31T10:36:59.317Z,2026-07-31T10:36:59.317Z,a0000000-0000-0000-0000-000000000001,2026-07-31T10:36:59.317Z,,
15853bd9-c7cd-4030-b11d-d05de2912081,75b95c73-ac3b-436b-a3cc-cffc63abd3de,250000.00,IDR,1,2025-12-31T17:00:00.000Z,,,,medium,active,a0000000-0000-0000-0000-000000000001,2026-07-31T10:37:02.570Z,2026-07-31T10:37:02.570Z,a0000000-0000-0000-0000-000000000001,2026-07-31T10:37:02.570Z,,
9d93f598-bf89-40e4-9340-b3897217daf2,8fbf5ee7-b590-4050-afd4-6507947c3c6a,135000.00,IDR,1,2025-12-31T17:00:00.000Z,,,,medium,active,a0000000-0000-0000-0000-000000000001,2026-07-31T10:37:02.652Z,2026-07-31T10:37:02.652Z,a0000000-0000-0000-0000-000000000001,2026-07-31T10:37:02.652Z,,
cb94df8a-471a-4d6e-977b-563d407e295d,bcbbe043-b239-4dbc-8dd4-e300c04b3991,92500.00,IDR,1,2025-12-31T17:00:00.000Z,,,,medium,active,a0000000-0000-0000-0000-000000000001,2026-07-31T10:37:08.488Z,2026-07-31T10:37:08.488Z,a0000000-0000-0000-0000-000000000001,2026-07-31T10:37:08.488Z,,
87349e69-700b-433a-b03d-a89879895875,b1d05faf-6095-4159-82ab-a27af0e94a90,250000.00,IDR,1,2025-12-31T17:00:00.000Z,,,,medium,active,a0000000-0000-0000-0000-000000000001,2026-07-31T10:37:14.410Z,2026-07-31T10:37:14.410Z,a0000000-0000-0000-0000-000000000001,2026-07-31T10:37:14.410Z,,
304bf06d-ffc3-4f49-b485-5f7df9c79480,55bbc362-e4d9-4b09-a5ad-0b5c705e4af0,250000.00,IDR,1,2025-12-31T17:00:00.000Z,,,,medium,active,a0000000-0000-0000-0000-000000000001,2026-07-31T10:37:15.514Z,2026-07-31T10:37:15.514Z,a0000000-0000-0000-0000-000000000001,2026-07-31T10:37:15.514Z,,
37c0bef3-b9cd-4eb4-80b1-38dc607a19a8,cb49cabb-afef-4a5e-8241-24da12d77c6f,75000.00,IDR,1,2025-12-31T17:00:00.000Z,,,,medium,active,a0000000-0000-0000-0000-000000000001,2026-07-31T10:37:16.157Z,2026-07-31T10:37:16.157Z,a0000000-0000-0000-0000-000000000001,2026-07-31T10:37:16.157Z,,
f32575d5-7206-45fb-a173-9c6102af65f3,be66a8be-4beb-45d1-85d0-e1919e6e63bd,35000.00,IDR,1,2025-12-31T17:00:00.000Z,,,,medium,active,a0000000-0000-0000-0000-000000000001,2026-07-31T10:37:16.339Z,2026-07-31T10:37:16.339Z,a0000000-0000-0000-0000-000000000001,2026-07-31T10:37:16.339Z,,
847c7c8c-2471-4dec-9f09-81c902f177ed,07d2e720-c84f-49d1-ab02-65f7bb9df507,108000.00,IDR,1,2025-12-31T17:00:00.000Z,,,,medium,active,a0000000-0000-0000-0000-000000000001,2026-07-31T10:37:21.063Z,2026-07-31T10:37:21.063Z,a0000000-0000-0000-0000-000000000001,2026-07-31T10:37:21.063Z,,
771e1ac1-eb6c-4e80-a713-9c8636c09629,e6b16191-f92b-436d-ad31-98547c0c9e44,140000.00,IDR,1,2025-12-31T17:00:00.000Z,,,,medium,active,a0000000-0000-0000-0000-000000000001,2026-07-31T10:37:24.345Z,2026-07-31T10:37:24.345Z,a0000000-0000-0000-0000-000000000001,2026-07-31T10:37:24.345Z,,
08192fda-93d4-45b3-a1ca-a74b1373a59c,8b2e314e-1237-449d-b6d2-4904fde69a88,18500.00,IDR,1,2025-12-31T17:00:00.000Z,,,,medium,active,a0000000-0000-0000-0000-000000000001,2026-07-31T10:37:28.581Z,2026-07-31T10:37:28.581Z,a0000000-0000-0000-0000-000000000001,2026-07-31T10:37:28.581Z,,
d4e5186e-5a83-4249-8542-d70f8f19e192,78c14775-43b3-4be4-bc7c-e421e2ca7a63,350000.00,IDR,1,2025-12-31T17:00:00.000Z,,,,medium,active,a0000000-0000-0000-0000-000000000001,2026-07-31T10:37:33.377Z,2026-07-31T10:37:33.377Z,a0000000-0000-0000-0000-000000000001,2026-07-31T10:37:33.377Z,,
d8f54889-8b37-48fb-baf7-ff10dc55b171,bdaf9a13-c46a-4c36-8111-867eeeb7cddf,1144000.00,IDR,1,2025-12-31T17:00:00.000Z,,,,medium,active,a0000000-0000-0000-0000-000000000001,2026-07-31T10:37:38.576Z,2026-07-31T10:37:38.576Z,a0000000-0000-0000-0000-000000000001,2026-07-31T10:37:38.576Z,,
2e01d95d-8981-400a-8519-9d127260cdd9,26b4b6c0-7f6b-48f0-b60c-21d1fa62ea8f,128600.00,IDR,1,2025-12-31T17:00:00.000Z,,,,medium,active,a0000000-0000-0000-0000-000000000001,2026-07-31T10:41:54.101Z,2026-07-31T10:41:54.101Z,a0000000-0000-0000-0000-000000000001,2026-07-31T10:41:54.101Z,,
bd456d07-2200-4f4e-a9c7-88e2d312c9bf,342fc37a-9654-44ac-8743-d81e1295ade1,178200.00,IDR,1,2025-12-31T17:00:00.000Z,,,,medium,active,a0000000-0000-0000-0000-000000000001,2026-07-31T10:41:58.320Z,2026-07-31T10:41:58.320Z,a0000000-0000-0000-0000-000000000001,2026-07-31T10:41:58.320Z,,
3f31aad7-d7c0-4c7d-b3f9-462bb1d40ec4,98fa0274-7b52-415d-9b1a-c264f3e33982,18473.95,IDR,1,2025-12-31T17:00:00.000Z,,,,medium,active,a0000000-0000-0000-0000-000000000001,2026-07-31T10:41:59.505Z,2026-07-31T10:41:59.505Z,a0000000-0000-0000-0000-000000000001,2026-07-31T10:41:59.505Z,,
4d940220-ef55-485a-800b-b45d69c68981,15c78560-7a3d-432e-b817-12953f0a072f,56784.20,IDR,1,2025-12-31T17:00:00.000Z,,,,medium,active,a0000000-0000-0000-0000-000000000001,2026-07-31T10:42:03.954Z,2026-07-31T10:42:03.954Z,a0000000-0000-0000-0000-000000000001,2026-07-31T10:42:03.954Z,,
95a17056-c1ee-4baf-873f-f84c611f630d,133ac86d-171c-4773-aff6-b9b9e35e33d4,30000.00,IDR,1,2025-12-31T17:00:00.000Z,,,,medium,active,a0000000-0000-0000-0000-000000000001,2026-07-31T10:42:08.400Z,2026-07-31T10:42:08.400Z,a0000000-0000-0000-0000-000000000001,2026-07-31T10:42:08.400Z,,
72595636-aa5f-4711-b278-a270256a1bf0,38dae31b-c159-4683-8ab9-41a3af1b4151,1566728.63,IDR,1,2025-12-31T17:00:00.000Z,,,,medium,active,a0000000-0000-0000-0000-000000000001,2026-07-31T10:42:09.898Z,2026-07-31T10:42:09.898Z,a0000000-0000-0000-0000-000000000001,2026-07-31T10:42:09.898Z,,
a7369f3a-9a34-43da-9b39-1523a659f7c4,0d944ab0-0b32-490e-9ee1-0d1240f8b997,758435.25,IDR,1,2025-12-31T17:00:00.000Z,,,,medium,active,a0000000-0000-0000-0000-000000000001,2026-07-31T10:42:13.026Z,2026-07-31T10:42:13.026Z,a0000000-0000-0000-0000-000000000001,2026-07-31T10:42:13.026Z,,
633f9519-0996-42da-aa2c-5c7403397518,9bcf2c11-e65f-4658-abd3-3c6dacbe0f63,1380634.81,IDR,1,2025-12-31T17:00:00.000Z,,,,medium,active,a0000000-0000-0000-0000-000000000001,2026-07-31T10:42:14.495Z,2026-07-31T10:42:14.495Z,a0000000-0000-0000-0000-000000000001,2026-07-31T10:42:14.495Z,,
b4a2908c-e5e7-4e7d-91de-4269ad328bbf,87907c96-60d5-4d2b-9b4f-2225d23b8041,13807.96,IDR,1,2025-12-31T17:00:00.000Z,,,,medium,active,a0000000-0000-0000-0000-000000000001,2026-07-31T10:42:15.737Z,2026-07-31T10:42:15.737Z,a0000000-0000-0000-0000-000000000001,2026-07-31T10:42:15.737Z,,
56deaa01-14f2-4673-b6de-10d1f44646e0,e3424893-9514-426e-b79a-1a014a2095c7,13292.40,IDR,1,2025-12-31T17:00:00.000Z,,,,medium,active,a0000000-0000-0000-0000-000000000001,2026-07-31T10:42:16.695Z,2026-07-31T10:42:16.695Z,a0000000-0000-0000-0000-000000000001,2026-07-31T10:42:16.695Z,,
0f102a4b-67ed-4ea2-b369-e9182b792da1,6ece68d6-7396-4478-91e0-7e203f801e60,1268500.00,IDR,1,2025-12-31T17:00:00.000Z,,,,medium,active,a0000000-0000-0000-0000-000000000001,2026-07-31T10:42:19.986Z,2026-07-31T10:42:19.986Z,a0000000-0000-0000-0000-000000000001,2026-07-31T10:42:19.986Z,,
27745c51-4faf-49d9-beb7-d600e10ec050,d280cae8-4361-4cf3-852d-ebeb3857a6e8,1326121.50,IDR,1,2025-12-31T17:00:00.000Z,,,,medium,active,a0000000-0000-0000-0000-000000000001,2026-07-31T10:42:23.052Z,2026-07-31T10:42:23.052Z,a0000000-0000-0000-0000-000000000001,2026-07-31T10:42:23.052Z,,
12faaed0-5f25-4325-8dea-0272c8448ad0,af525b44-a362-46b6-962a-70f131a8784d,586.67,IDR,1,2025-12-31T17:00:00.000Z,,,,medium,active,a0000000-0000-0000-0000-000000000001,2026-07-31T10:42:27.598Z,2026-07-31T10:42:27.598Z,a0000000-0000-0000-0000-000000000001,2026-07-31T10:42:27.598Z,,
c082875e-1d2a-4c57-b092-19ad02780de3,b9bbce93-c847-4254-a736-87c49dabb4f8,154800.00,IDR,1,2025-12-31T17:00:00.000Z,,,,medium,active,a0000000-0000-0000-0000-000000000001,2026-07-31T10:42:29.111Z,2026-07-31T10:42:29.111Z,a0000000-0000-0000-0000-000000000001,2026-07-31T10:42:29.111Z,,
d35cdb44-654c-4af8-8dcb-893a014126cb,8b125aa0-5aa2-4f5f-9bb7-5b6973891577,67573.00,IDR,1,2025-12-31T17:00:00.000Z,,,,medium,active,a0000000-0000-0000-0000-000000000001,2026-07-31T10:42:34.965Z,2026-07-31T10:42:34.965Z,a0000000-0000-0000-0000-000000000001,2026-07-31T10:42:34.965Z,,
6d298fca-38cd-4dba-9d57-3b458eb0107e,b61ad24b-9858-44f9-8627-5ed80e3d19f5,120800.00,IDR,1,2025-12-31T17:00:00.000Z,,,,medium,active,a0000000-0000-0000-0000-000000000001,2026-07-31T10:42:38.156Z,2026-07-31T10:42:38.156Z,a0000000-0000-0000-0000-000000000001,2026-07-31T10:42:38.156Z,,
897c6bde-348b-4bfd-8c2f-dca65ae61b11,591ba354-1784-4c1a-a975-3efc4e5efaeb,3000000.00,IDR,1,2018-12-31T17:00:00.000Z,,Kabupaten Bandung,,medium,active,a0000000-0000-0000-0000-000000000001,2026-07-31T10:42:38.732Z,2026-07-31T10:42:38.732Z,a0000000-0000-0000-0000-000000000001,2026-07-31T10:42:38.732Z,,48befb54-113d-4e1b-b4dd-91cf79d6d8a0
d7a44b1e-3667-4686-a6e7-58fb1ba17151,3e8b9fff-42a8-468a-876b-03791a7192fd,5000.00,IDR,1,2018-12-31T17:00:00.000Z,,Kabupaten Bandung,,medium,active,a0000000-0000-0000-0000-000000000001,2026-07-31T10:42:38.859Z,2026-07-31T10:42:38.859Z,a0000000-0000-0000-0000-000000000001,2026-07-31T10:42:38.859Z,,48befb54-113d-4e1b-b4dd-91cf79d6d8a0
8774316f-a95e-4456-9319-f7841340b8f9,7c197445-48f3-4214-b393-73073b2fea6a,2000000.00,IDR,1,2018-12-31T17:00:00.000Z,,Kabupaten Bandung,,medium,active,a0000000-0000-0000-0000-000000000001,2026-07-31T10:42:39.045Z,2026-07-31T10:42:39.045Z,a0000000-0000-0000-0000-000000000001,2026-07-31T10:42:39.045Z,,48befb54-113d-4e1b-b4dd-91cf79d6d8a0
0c1809d3-2021-44aa-958e-b4a06cbf9668,0626d16a-254f-4ed7-9093-a55205f7e53e,39500.00,IDR,1,2018-12-31T17:00:00.000Z,,Kabupaten Bandung,,medium,active,a0000000-0000-0000-0000-000000000001,2026-07-31T10:42:39.189Z,2026-07-31T10:42:39.189Z,a0000000-0000-0000-0000-000000000001,2026-07-31T10:42:39.189Z,,48befb54-113d-4e1b-b4dd-91cf79d6d8a0
abbd57de-0271-4116-b231-01ecae1af09b,81eb5e37-abe6-4139-9041-808833422567,14750.00,IDR,1,2018-12-31T17:00:00.000Z,,Kabupaten Bandung,,medium,active,a0000000-0000-0000-0000-000000000001,2026-07-31T10:42:39.311Z,2026-07-31T10:42:39.311Z,a0000000-0000-0000-0000-000000000001,2026-07-31T10:42:39.311Z,,48befb54-113d-4e1b-b4dd-91cf79d6d8a0
e8b5171b-a2f1-4677-a810-b869f03fb331,8e237edb-50db-40cb-b4bd-51187e1bd3e7,188150.00,IDR,1,2018-12-31T17:00:00.000Z,,Kabupaten Bandung,,medium,active,a0000000-0000-0000-0000-000000000001,2026-07-31T10:42:39.495Z,2026-07-31T10:42:39.495Z,a0000000-0000-0000-0000-000000000001,2026-07-31T10:42:39.495Z,,48befb54-113d-4e1b-b4dd-91cf79d6d8a0
cfe97077-ccc2-4253-994e-f4f7fa774733,847b9856-479b-4ec4-96eb-decf1e0d685f,129020.92,IDR,1,2018-12-31T17:00:00.000Z,,Kabupaten Bandung,,medium,active,a0000000-0000-0000-0000-000000000001,2026-07-31T10:42:39.536Z,2026-07-31T10:42:39.536Z,a0000000-0000-0000-0000-000000000001,2026-07-31T10:42:39.536Z,,48befb54-113d-4e1b-b4dd-91cf79d6d8a0
3d8df4ab-216e-4b96-b6ee-0b5d8e8072d3,b893dd4a-309b-4353-b9ef-734463230fae,108000.00,IDR,1,2018-12-31T17:00:00.000Z,,Kabupaten Bandung,,medium,active,a0000000-0000-0000-0000-000000000001,2026-07-31T10:42:39.578Z,2026-07-31T10:42:39.578Z,a0000000-0000-0000-0000-000000000001,2026-07-31T10:42:39.578Z,,48befb54-113d-4e1b-b4dd-91cf79d6d8a0
d5fcd4dc-0e16-467b-ac30-225c7c0496bf,c44c552b-6843-4e0f-8f6d-e7e8723a30ad,70180.00,IDR,1,2018-12-31T17:00:00.000Z,,Kabupaten Bandung,,medium,active,a0000000-0000-0000-0000-000000000001,2026-07-31T10:42:39.620Z,2026-07-31T10:42:39.620Z,a0000000-0000-0000-0000-000000000001,2026-07-31T10:42:39.620Z,,48befb54-113d-4e1b-b4dd-91cf79d6d8a0
bc8f59d4-4641-498f-88fe-dd018b75e8c6,99a92d80-13b2-4aac-bc41-50174a4dc776,174400.00,IDR,1,2018-12-31T17:00:00.000Z,,Kabupaten Bandung,,medium,active,a0000000-0000-0000-0000-000000000001,2026-07-31T10:42:39.742Z,2026-07-31T10:42:39.742Z,a0000000-0000-0000-0000-000000000001,2026-07-31T10:42:39.742Z,,48befb54-113d-4e1b-b4dd-91cf79d6d8a0
96cb62f8-5496-4aad-bf6b-30063925b755,77d12c16-67ef-45f3-85bc-11035c767abe,80636.50,IDR,1,2018-12-31T17:00:00.000Z,,Kabupaten Bandung,,medium,active,a0000000-0000-0000-0000-000000000001,2026-07-31T10:42:39.783Z,2026-07-31T10:42:39.783Z,a0000000-0000-0000-0000-000000000001,2026-07-31T10:42:39.783Z,,48befb54-113d-4e1b-b4dd-91cf79d6d8a0
ba07898b-af34-45ad-b9bc-f0391a72b935,7f171bd4-5fad-4e54-9f00-a73daffd2125,94416.00,IDR,1,2018-12-31T17:00:00.000Z,,Kabupaten Bandung,,medium,active,a0000000-0000-0000-0000-000000000001,2026-07-31T10:42:39.865Z,2026-07-31T10:42:39.865Z,a0000000-0000-0000-0000-000000000001,2026-07-31T10:42:39.865Z,,48befb54-113d-4e1b-b4dd-91cf79d6d8a0
6978c604-963e-47a6-9a2d-4f0ccecf4a4c,0c78360a-f55b-4ddf-9777-b533ac81f95f,85000.00,IDR,1,2018-12-31T17:00:00.000Z,,Kabupaten Bandung,,medium,active,a0000000-0000-0000-0000-000000000001,2026-07-31T10:42:39.926Z,2026-07-31T10:42:39.926Z,a0000000-0000-0000-0000-000000000001,2026-07-31T10:42:39.926Z,,48befb54-113d-4e1b-b4dd-91cf79d6d8a0
7deb9a7a-4a2f-49d6-8f04-1ce697aae751,93c9b1d1-2204-4e5c-9ebb-9d888a125870,9000.00,IDR,1,2018-12-31T17:00:00.000Z,,Kabupaten Bandung,,medium,active,a0000000-0000-0000-0000-000000000001,2026-07-31T10:42:39.968Z,2026-07-31T10:42:39.968Z,a0000000-0000-0000-0000-000000000001,2026-07-31T10:42:39.968Z,,48befb54-113d-4e1b-b4dd-91cf79d6d8a0
2a23f612-8967-4f9c-bab9-7e2bcfab1499,3c7941e9-2389-4cbd-8018-11c18983de48,89347.50,IDR,1,2018-12-31T17:00:00.000Z,,Kabupaten Bandung,,medium,active,a0000000-0000-0000-0000-000000000001,2026-07-31T10:42:40.193Z,2026-07-31T10:42:40.193Z,a0000000-0000-0000-0000-000000000001,2026-07-31T10:42:40.193Z,,48befb54-113d-4e1b-b4dd-91cf79d6d8a0
9287a7e1-b3cd-4a39-9b59-5ef0468a981f,ba78a57e-5274-4328-a996-3356fb7a500b,1035060.00,IDR,1,2018-12-31T17:00:00.000Z,,Kabupaten Bandung,,medium,active,a0000000-0000-0000-0000-000000000001,2026-07-31T10:42:40.419Z,2026-07-31T10:42:40.419Z,a0000000-0000-0000-0000-000000000001,2026-07-31T10:42:40.419Z,,48befb54-113d-4e1b-b4dd-91cf79d6d8a0
841a3392-994f-4f37-806f-058dd6724f21,80fcfc0b-9765-4472-abb3-483b54d30870,5241236.00,IDR,1,2018-12-31T17:00:00.000Z,,Kabupaten Bandung,,medium,active,a0000000-0000-0000-0000-000000000001,2026-07-31T10:42:40.926Z,2026-07-31T10:42:40.926Z,a0000000-0000-0000-0000-000000000001,2026-07-31T10:42:40.926Z,,48befb54-113d-4e1b-b4dd-91cf79d6d8a0
cb35bead-be9b-47e8-8243-7fec580336d0,d781dc58-b1f6-4965-8286-1e24b50cc6d0,24000.00,IDR,1,2018-12-31T17:00:00.000Z,,Kabupaten Bandung,,medium,active,a0000000-0000-0000-0000-000000000001,2026-07-31T10:42:41.313Z,2026-07-31T10:42:41.313Z,a0000000-0000-0000-0000-000000000001,2026-07-31T10:42:41.313Z,,48befb54-113d-4e1b-b4dd-91cf79d6d8a0
a3f556e0-373e-44d7-a58f-b95e80dae492,84b3bbce-302e-4ec2-b569-3a96546092ce,51000.00,IDR,1,2018-12-31T17:00:00.000Z,,Kabupaten Bandung,,medium,active,a0000000-0000-0000-0000-000000000001,2026-07-31T10:42:41.415Z,2026-07-31T10:42:41.415Z,a0000000-0000-0000-0000-000000000001,2026-07-31T10:42:41.415Z,,48befb54-113d-4e1b-b4dd-91cf79d6d8a0
31b82026-b652-4c33-98a2-457049f5c8a9,f1c39707-87e8-4620-9d22-37e9db4da420,115000.00,IDR,1,2018-12-31T17:00:00.000Z,,Kabupaten Bandung,,medium,active,a0000000-0000-0000-0000-000000000001,2026-07-31T10:42:41.539Z,2026-07-31T10:42:41.539Z,a0000000-0000-0000-0000-000000000001,2026-07-31T10:42:41.539Z,,48befb54-113d-4e1b-b4dd-91cf79d6d8a0
24374f05-30ad-45dc-8bee-5443dee5375a,a58990c3-83a0-4a5e-828d-915fbaee797b,2800.00,IDR,1,2018-12-31T17:00:00.000Z,,Kabupaten Bandung,,medium,active,a0000000-0000-0000-0000-000000000001,2026-07-31T10:42:41.602Z,2026-07-31T10:42:41.602Z,a0000000-0000-0000-0000-000000000001,2026-07-31T10:42:41.602Z,,48befb54-113d-4e1b-b4dd-91cf79d6d8a0
768c7531-95f0-47f6-82c6-91b5088c0a96,56f02365-1ecc-4c2b-8e29-6f1c993d5f7d,1119290.00,IDR,1,2018-12-31T17:00:00.000Z,,Kabupaten Bandung,,medium,active,a0000000-0000-0000-0000-000000000001,2026-07-31T10:42:41.644Z,2026-07-31T10:42:41.644Z,a0000000-0000-0000-0000-000000000001,2026-07-31T10:42:41.644Z,,48befb54-113d-4e1b-b4dd-91cf79d6d8a0
66f6accd-94c1-4120-8014-840f9849931e,6ba6bc68-9e4c-4cee-ae77-107a7390ed53,6500.00,IDR,1,2018-12-31T17:00:00.000Z,,Kabupaten Bandung,,medium,active,a0000000-0000-0000-0000-000000000001,2026-07-31T10:42:41.686Z,2026-07-31T10:42:41.686Z,a0000000-0000-0000-0000-000000000001,2026-07-31T10:42:41.686Z,,48befb54-113d-4e1b-b4dd-91cf79d6d8a0
1825845e-a3d2-4a47-8a25-87fdd0c05042,18036cdf-a647-4770-9dac-1820ecf7b8e1,130320.00,IDR,1,2018-12-31T17:00:00.000Z,,Kabupaten Bandung,,medium,active,a0000000-0000-0000-0000-000000000001,2026-07-31T10:42:41.789Z,2026-07-31T10:42:41.789Z,a0000000-0000-0000-0000-000000000001,2026-07-31T10:42:41.789Z,,48befb54-113d-4e1b-b4dd-91cf79d6d8a0
2434fc5a-18c9-4821-bc0e-753fc6830e94,66d63f45-6c86-4fe9-b9e9-34d8959de23a,7000.00,IDR,1,2018-12-31T17:00:00.000Z,,Kabupaten Bandung,,medium,active,a0000000-0000-0000-0000-000000000001,2026-07-31T10:42:41.850Z,2026-07-31T10:42:41.850Z,a0000000-0000-0000-0000-000000000001,2026-07-31T10:42:41.850Z,,48befb54-113d-4e1b-b4dd-91cf79d6d8a0
77d1f72e-1616-4c17-827f-d4b59a1642d0,7334b50c-e039-402c-a323-1832c4d4b4ee,50000.00,IDR,1,2018-12-31T17:00:00.000Z,,Kabupaten Bandung,,medium,active,a0000000-0000-0000-0000-000000000001,2026-07-31T10:42:41.992Z,2026-07-31T10:42:41.992Z,a0000000-0000-0000-0000-000000000001,2026-07-31T10:42:41.992Z,,48befb54-113d-4e1b-b4dd-91cf79d6d8a0
052aa3e6-bb5d-43f9-b9bd-ffafce79be75,ad860429-9b98-41bc-b9b8-10745344e8fe,23000.00,IDR,1,2018-12-31T17:00:00.000Z,,Kabupaten Bandung,,medium,active,a0000000-0000-0000-0000-000000000001,2026-07-31T10:42:42.039Z,2026-07-31T10:42:42.039Z,a0000000-0000-0000-0000-000000000001,2026-07-31T10:42:42.039Z,,48befb54-113d-4e1b-b4dd-91cf79d6d8a0
88faea4c-4751-4365-a2a5-14c3fa1c0f85,243f9fe8-ca9c-4e05-912b-a66424d38a16,25000.00,IDR,1,2018-12-31T17:00:00.000Z,,Kabupaten Bandung,,medium,active,a0000000-0000-0000-0000-000000000001,2026-07-31T10:42:42.101Z,2026-07-31T10:42:42.101Z,a0000000-0000-0000-0000-000000000001,2026-07-31T10:42:42.101Z,,48befb54-113d-4e1b-b4dd-91cf79d6d8a0
cde85c0f-cb78-4998-a411-ceb3a7efd9d7,67ed2bbc-a5d5-4857-a92e-a596e7050e40,2190.00,IDR,1,2018-12-31T17:00:00.000Z,,Kabupaten Bandung,,medium,active,a0000000-0000-0000-0000-000000000001,2026-07-31T10:42:42.204Z,2026-07-31T10:42:42.204Z,a0000000-0000-0000-0000-000000000001,2026-07-31T10:42:42.204Z,,48befb54-113d-4e1b-b4dd-91cf79d6d8a0
dc47339f-fca2-434d-b4b6-08b9a663ba99,04f0ef9b-a939-4dda-9b13-170b2ebaadff,216000.00,IDR,1,2018-12-31T17:00:00.000Z,,Kabupaten Bandung,,medium,active,a0000000-0000-0000-0000-000000000001,2026-07-31T10:42:42.332Z,2026-07-31T10:42:42.332Z,a0000000-0000-0000-0000-000000000001,2026-07-31T10:42:42.332Z,,48befb54-113d-4e1b-b4dd-91cf79d6d8a0
87017478-0a3c-49f1-ae70-22cc05fb8d41,953bb9cd-9450-41e4-946d-597adfe7f2a0,4275.00,IDR,1,2018-12-31T17:00:00.000Z,,Kabupaten Bandung,,medium,active,a0000000-0000-0000-0000-000000000001,2026-07-31T10:42:42.557Z,2026-07-31T10:42:42.557Z,a0000000-0000-0000-0000-000000000001,2026-07-31T10:42:42.557Z,,48befb54-113d-4e1b-b4dd-91cf79d6d8a0
65b9921d-bd59-4fca-a2a7-d638ead04bc5,43462b00-df55-4934-a40e-50545d12fe64,750.00,IDR,1,2018-12-31T17:00:00.000Z,,Kabupaten Bandung,,medium,active,a0000000-0000-0000-0000-000000000001,2026-07-31T10:42:42.599Z,2026-07-31T10:42:42.599Z,a0000000-0000-0000-0000-000000000001,2026-07-31T10:42:42.599Z,,48befb54-113d-4e1b-b4dd-91cf79d6d8a0
062e99ec-5ce5-4b31-9be5-8b498d580562,d6d35869-afd2-463f-b646-5e581f29c4b5,85000.00,IDR,1,2018-12-31T17:00:00.000Z,,Kabupaten Bandung,,medium,active,a0000000-0000-0000-0000-000000000001,2026-07-31T10:42:42.722Z,2026-07-31T10:42:42.722Z,a0000000-0000-0000-0000-000000000001,2026-07-31T10:42:42.722Z,,48befb54-113d-4e1b-b4dd-91cf79d6d8a0
3c96751f-7013-41da-abad-b7bb5820430e,40058d92-adfe-4adc-b314-2602a6ee8b51,3365.40,IDR,1,2018-12-31T17:00:00.000Z,,Kabupaten Bandung,,medium,active,a0000000-0000-0000-0000-000000000001,2026-07-31T10:42:42.926Z,2026-07-31T10:42:42.926Z,a0000000-0000-0000-0000-000000000001,2026-07-31T10:42:42.926Z,,48befb54-113d-4e1b-b4dd-91cf79d6d8a0
3f35304b-9ec6-4156-8030-d2d23d873bc5,8e20e81b-044a-4e77-bf4c-7c8450f7d188,67500.00,IDR,1,2018-12-31T17:00:00.000Z,,Kabupaten Bandung,,medium,active,a0000000-0000-0000-0000-000000000001,2026-07-31T10:42:42.988Z,2026-07-31T10:42:42.988Z,a0000000-0000-0000-0000-000000000001,2026-07-31T10:42:42.988Z,,48befb54-113d-4e1b-b4dd-91cf79d6d8a0
4d45b0f3-17c6-4272-a33d-cbb18fd259a3,427a92b9-7faa-40a9-8c41-decab69a95d6,23000.00,IDR,1,2018-12-31T17:00:00.000Z,,Kabupaten Bandung,,medium,active,a0000000-0000-0000-0000-000000000001,2026-07-31T10:42:43.051Z,2026-07-31T10:42:43.051Z,a0000000-0000-0000-0000-000000000001,2026-07-31T10:42:43.051Z,,48befb54-113d-4e1b-b4dd-91cf79d6d8a0
3c0bbc13-607e-42f8-8de9-27cd4b505a4f,3ca55538-b680-40a1-8340-07d013ef55e5,108000.00,IDR,1,2018-12-31T17:00:00.000Z,,Kabupaten Bandung,,medium,active,a0000000-0000-0000-0000-000000000001,2026-07-31T10:42:43.214Z,2026-07-31T10:42:43.214Z,a0000000-0000-0000-0000-000000000001,2026-07-31T10:42:43.214Z,,48befb54-113d-4e1b-b4dd-91cf79d6d8a0
02beadde-160e-4d32-a680-c1792b5c92f6,190ec260-f98d-4e11-94da-380a80e4d181,25000.00,IDR,1,2018-12-31T17:00:00.000Z,,Kabupaten Bandung,,medium,active,a0000000-0000-0000-0000-000000000001,2026-07-31T10:42:43.316Z,2026-07-31T10:42:43.316Z,a0000000-0000-0000-0000-000000000001,2026-07-31T10:42:43.316Z,,48befb54-113d-4e1b-b4dd-91cf79d6d8a0
6cd80cde-6ff7-4a7b-9c4b-497c9b82dc0f,cc4b6fde-b393-4359-8594-b791f3240cea,52000.00,IDR,1,2018-12-31T17:00:00.000Z,,Kabupaten Bandung,,medium,active,a0000000-0000-0000-0000-000000000001,2026-07-31T10:42:43.519Z,2026-07-31T10:42:43.519Z,a0000000-0000-0000-0000-000000000001,2026-07-31T10:42:43.519Z,,48befb54-113d-4e1b-b4dd-91cf79d6d8a0
f602c364-4698-4636-bdb2-e76a4d5d4e5c,af7fa1b3-395f-4542-ae1a-1f3bef83eaed,1280680.00,IDR,1,2018-12-31T17:00:00.000Z,,Kabupaten Bandung,,medium,active,a0000000-0000-0000-0000-000000000001,2026-07-31T10:42:43.744Z,2026-07-31T10:42:43.744Z,a0000000-0000-0000-0000-000000000001,2026-07-31T10:42:43.744Z,,48befb54-113d-4e1b-b4dd-91cf79d6d8a0
869590d8-d85c-415f-a52d-5ed26eeab424,5b4fbdb1-37ec-444e-ad15-378f8454f7b2,132000.00,IDR,1,2018-12-31T17:00:00.000Z,,Kabupaten Bandung,,medium,active,a0000000-0000-0000-0000-000000000001,2026-07-31T10:42:43.786Z,2026-07-31T10:42:43.786Z,a0000000-0000-0000-0000-000000000001,2026-07-31T10:42:43.786Z,,48befb54-113d-4e1b-b4dd-91cf79d6d8a0
c017d3af-684f-4590-b545-7779d031c8e6,52535680-22ca-4001-a620-a4303fe3fc89,144000.00,IDR,1,2018-12-31T17:00:00.000Z,,Kabupaten Bandung,,medium,active,a0000000-0000-0000-0000-000000000001,2026-07-31T10:42:43.910Z,2026-07-31T10:42:43.910Z,a0000000-0000-0000-0000-000000000001,2026-07-31T10:42:43.910Z,,48befb54-113d-4e1b-b4dd-91cf79d6d8a0
408928ba-a1ff-4e9d-872e-381c6017dd4d,19e43acb-b6c6-45a5-87a2-0bad7bc6c904,89347.50,IDR,1,2018-12-31T17:00:00.000Z,,Kabupaten Bandung,,medium,active,a0000000-0000-0000-0000-000000000001,2026-07-31T10:42:43.993Z,2026-07-31T10:42:43.993Z,a0000000-0000-0000-0000-000000000001,2026-07-31T10:42:43.993Z,,48befb54-113d-4e1b-b4dd-91cf79d6d8a0
0b71e850-7bef-4339-a484-408c1b0f5147,140f1538-75b0-4972-9d40-d1283f85b92b,130320.00,IDR,1,2018-12-31T17:00:00.000Z,,Kabupaten Bandung,,medium,active,a0000000-0000-0000-0000-000000000001,2026-07-31T10:42:44.076Z,2026-07-31T10:42:44.076Z,a0000000-0000-0000-0000-000000000001,2026-07-31T10:42:44.076Z,,48befb54-113d-4e1b-b4dd-91cf79d6d8a0
6350766e-72a0-4573-af01-28c1adc22592,60941e17-c506-414a-a800-b171af65e421,12000.00,IDR,1,2018-12-31T17:00:00.000Z,,Kabupaten Bandung,,medium,active,a0000000-0000-0000-0000-000000000001,2026-07-31T10:42:44.138Z,2026-07-31T10:42:44.138Z,a0000000-0000-0000-0000-000000000001,2026-07-31T10:42:44.138Z,,48befb54-113d-4e1b-b4dd-91cf79d6d8a0
daa6fc0d-e844-4439-9daa-4ee3a8e9c64c,c0500c87-63bf-4033-beac-dab5a2e23888,216000.00,IDR,1,2018-12-31T17:00:00.000Z,,Kabupaten Bandung,,medium,active,a0000000-0000-0000-0000-000000000001,2026-07-31T10:42:44.221Z,2026-07-31T10:42:44.221Z,a0000000-0000-0000-0000-000000000001,2026-07-31T10:42:44.221Z,,48befb54-113d-4e1b-b4dd-91cf79d6d8a0
4dea2fc8-9a7b-40d3-beee-e386a6c8c9ec,f3d3e05f-6fec-4104-b37a-aa666b3db839,24000.00,IDR,1,2018-12-31T17:00:00.000Z,,Kabupaten Bandung,,medium,active,a0000000-0000-0000-0000-000000000001,2026-07-31T10:42:44.283Z,2026-07-31T10:42:44.283Z,a0000000-0000-0000-0000-000000000001,2026-07-31T10:42:44.283Z,,48befb54-113d-4e1b-b4dd-91cf79d6d8a0
65bc4969-cbe9-4bd8-b26b-1e022740ac3d,ee5a1845-dc75-4d04-8c77-440398bf1b63,144000.00,IDR,1,2018-12-31T17:00:00.000Z,,Kabupaten Bandung,,medium,active,a0000000-0000-0000-0000-000000000001,2026-07-31T10:42:44.385Z,2026-07-31T10:42:44.385Z,a0000000-0000-0000-0000-000000000001,2026-07-31T10:42:44.385Z,,48befb54-113d-4e1b-b4dd-91cf79d6d8a0
77982450-8d30-4169-b19c-99efb9bf575e,352945fc-6c9e-459a-ab46-797e1dd08a59,280000.00,IDR,1,2018-12-31T17:00:00.000Z,,Kabupaten Bandung,,medium,active,a0000000-0000-0000-0000-000000000001,2026-07-31T10:42:44.468Z,2026-07-31T10:42:44.468Z,a0000000-0000-0000-0000-000000000001,2026-07-31T10:42:44.468Z,,48befb54-113d-4e1b-b4dd-91cf79d6d8a0
e34ed2e1-a00a-41a1-8400-96824ddfaa30,f28d8f17-95bb-4026-8665-ed6ec36b59da,125.00,IDR,1,2018-12-31T17:00:00.000Z,,Kabupaten Bandung,,medium,active,a0000000-0000-0000-0000-000000000001,2026-07-31T10:42:44.652Z,2026-07-31T10:42:44.652Z,a0000000-0000-0000-0000-000000000001,2026-07-31T10:42:44.652Z,,48befb54-113d-4e1b-b4dd-91cf79d6d8a0
646378c3-a913-4d0b-97a5-32d33361b382,a62c69b4-f72c-4f3b-96db-6e5277c45934,220000.00,IDR,1,2018-12-31T17:00:00.000Z,,Kabupaten Bandung,,medium,active,a0000000-0000-0000-0000-000000000001,2026-07-31T10:42:44.694Z,2026-07-31T10:42:44.694Z,a0000000-0000-0000-0000-000000000001,2026-07-31T10:42:44.694Z,,48befb54-113d-4e1b-b4dd-91cf79d6d8a0
79c89151-69b8-4e4c-9d4c-c748b3b752e2,ebe510b2-ed65-4bc9-b462-848b13b38e0d,240000.00,IDR,1,2018-12-31T17:00:00.000Z,,Kabupaten Bandung,,medium,active,a0000000-0000-0000-0000-000000000001,2026-07-31T10:42:44.797Z,2026-07-31T10:42:44.797Z,a0000000-0000-0000-0000-000000000001,2026-07-31T10:42:44.797Z,,48befb54-113d-4e1b-b4dd-91cf79d6d8a0
d16a575d-18ed-4d16-9353-ce739e8775e8,2d6011fd-54d6-4e90-b32a-0589513f55ea,195000.00,IDR,1,2018-12-31T17:00:00.000Z,,Kabupaten Bandung,,medium,active,a0000000-0000-0000-0000-000000000001,2026-07-31T10:42:45.150Z,2026-07-31T10:42:45.150Z,a0000000-0000-0000-0000-000000000001,2026-07-31T10:42:45.150Z,,48befb54-113d-4e1b-b4dd-91cf79d6d8a0
5c6e9efa-7a41-42aa-930c-3c863b922430,5a7ef2d2-65a8-4a71-8a92-04ae4b628f57,1680.00,IDR,1,2018-12-31T17:00:00.000Z,,Kabupaten Bandung,,medium,active,a0000000-0000-0000-0000-000000000001,2026-07-31T10:42:45.457Z,2026-07-31T10:42:45.457Z,a0000000-0000-0000-0000-000000000001,2026-07-31T10:42:45.457Z,,48befb54-113d-4e1b-b4dd-91cf79d6d8a0
db9c5b8f-b246-4c4b-9ddc-5d04e03143d9,dd97e073-8c72-4cc2-a43e-f21a857d2178,10200.00,IDR,1,2018-12-31T17:00:00.000Z,,Kabupaten Bandung,,medium,active,a0000000-0000-0000-0000-000000000001,2026-07-31T10:42:45.582Z,2026-07-31T10:42:45.582Z,a0000000-0000-0000-0000-000000000001,2026-07-31T10:42:45.582Z,,48befb54-113d-4e1b-b4dd-91cf79d6d8a0
daae1b1d-df23-45bc-a897-42fd7dd49934,b7d97b07-4bef-4a07-be53-a0e2bcc39a42,75.00,IDR,1,2018-12-31T17:00:00.000Z,,Kabupaten Bandung,,medium,active,a0000000-0000-0000-0000-000000000001,2026-07-31T10:42:45.643Z,2026-07-31T10:42:45.643Z,a0000000-0000-0000-0000-000000000001,2026-07-31T10:42:45.643Z,,48befb54-113d-4e1b-b4dd-91cf79d6d8a0
6c4f7142-6a72-4a1c-a13a-4bb2e0dd4293,0ae6a9b2-14f9-46e5-9d0e-3ac09b19f231,1500.00,IDR,1,2018-12-31T17:00:00.000Z,,Kabupaten Bandung,,medium,active,a0000000-0000-0000-0000-000000000001,2026-07-31T10:42:45.685Z,2026-07-31T10:42:45.685Z,a0000000-0000-0000-0000-000000000001,2026-07-31T10:42:45.685Z,,48befb54-113d-4e1b-b4dd-91cf79d6d8a0
5dd66e89-2a1e-426b-bae7-3cebb4267f07,7fb1add2-fc9b-4ffd-8499-a0a22c696df1,110000.00,IDR,1,2018-12-31T17:00:00.000Z,,Kabupaten Bandung,,medium,active,a0000000-0000-0000-0000-000000000001,2026-07-31T10:42:45.889Z,2026-07-31T10:42:45.889Z,a0000000-0000-0000-0000-000000000001,2026-07-31T10:42:45.889Z,,48befb54-113d-4e1b-b4dd-91cf79d6d8a0
6debb39c-59e9-46a1-b822-ff11e7137bae,554eb5f6-ae9f-4f2f-9550-86aab4e913a9,108000.00,IDR,1,2018-12-31T17:00:00.000Z,,Kabupaten Bandung,,medium,active,a0000000-0000-0000-0000-000000000001,2026-07-31T10:42:46.012Z,2026-07-31T10:42:46.012Z,a0000000-0000-0000-0000-000000000001,2026-07-31T10:42:46.012Z,,48befb54-113d-4e1b-b4dd-91cf79d6d8a0
b8ac1829-ec5a-40e0-8a00-a57ea6284122,cc20b0cf-d2e0-41c2-9c6e-c51e0f297345,12410.00,IDR,1,2018-12-31T17:00:00.000Z,,Kabupaten Bandung,,medium,active,a0000000-0000-0000-0000-000000000001,2026-07-31T10:42:46.135Z,2026-07-31T10:42:46.135Z,a0000000-0000-0000-0000-000000000001,2026-07-31T10:42:46.135Z,,48befb54-113d-4e1b-b4dd-91cf79d6d8a0
b02ef0f2-cf11-44d2-87bc-ebff3ff9e9d8,b2eb4dfe-946b-4dbc-81a7-ac3fd989c7d2,7500.00,IDR,1,2018-12-31T17:00:00.000Z,,Kabupaten Bandung,,medium,active,a0000000-0000-0000-0000-000000000001,2026-07-31T10:42:46.359Z,2026-07-31T10:42:46.359Z,a0000000-0000-0000-0000-000000000001,2026-07-31T10:42:46.359Z,,48befb54-113d-4e1b-b4dd-91cf79d6d8a0
1a287ebd-84ed-49d6-b215-a8b9c0cc4fe1,92176fb8-bc21-452a-b250-0842bb0fc54a,15000.00,IDR,1,2018-12-31T17:00:00.000Z,,Kabupaten Bandung,,medium,active,a0000000-0000-0000-0000-000000000001,2026-07-31T10:42:46.401Z,2026-07-31T10:42:46.401Z,a0000000-0000-0000-0000-000000000001,2026-07-31T10:42:46.401Z,,48befb54-113d-4e1b-b4dd-91cf79d6d8a0
3ce65fd3-c4da-4e90-aebb-2108fbbdcf09,f4eff59d-42f8-4617-925f-f0f86ca85da6,275000.00,IDR,1,2018-12-31T17:00:00.000Z,,Kabupaten Bandung,,medium,active,a0000000-0000-0000-0000-000000000001,2026-07-31T10:42:46.443Z,2026-07-31T10:42:46.443Z,a0000000-0000-0000-0000-000000000001,2026-07-31T10:42:46.443Z,,48befb54-113d-4e1b-b4dd-91cf79d6d8a0
f6886a16-2232-460a-bb2f-2bc52b43dad9,4d027bdb-931f-4f15-a0dd-50e404993c1c,52000.00,IDR,1,2018-12-31T17:00:00.000Z,,Kabupaten Bandung,,medium,active,a0000000-0000-0000-0000-000000000001,2026-07-31T10:42:46.545Z,2026-07-31T10:42:46.545Z,a0000000-0000-0000-0000-000000000001,2026-07-31T10:42:46.545Z,,48befb54-113d-4e1b-b4dd-91cf79d6d8a0
089333cf-c482-4f6e-8b47-163e66d4bbe9,eaa8f53a-c9c2-430f-b5de-be7d4b574667,24000.00,IDR,1,2018-12-31T17:00:00.000Z,,Kabupaten Bandung,,medium,active,a0000000-0000-0000-0000-000000000001,2026-07-31T10:42:46.750Z,2026-07-31T10:42:46.750Z,a0000000-0000-0000-0000-000000000001,2026-07-31T10:42:46.750Z,,48befb54-113d-4e1b-b4dd-91cf79d6d8a0
e622441f-082d-44b4-b152-4d1a6d0393cf,334d8e33-3f20-4ad5-8777-8ce69478e32c,9500.00,IDR,1,2018-12-31T17:00:00.000Z,,Kabupaten Bandung,,medium,active,a0000000-0000-0000-0000-000000000001,2026-07-31T10:42:46.792Z,2026-07-31T10:42:46.792Z,a0000000-0000-0000-0000-000000000001,2026-07-31T10:42:46.792Z,,48befb54-113d-4e1b-b4dd-91cf79d6d8a0
487d8a64-df0a-4c56-859c-2ab7de69e69e,db05eabe-3fdf-40b4-9baf-909046b3a5dd,25000.00,IDR,1,2018-12-31T17:00:00.000Z,,Kabupaten Bandung,,medium,active,a0000000-0000-0000-0000-000000000001,2026-07-31T10:42:46.915Z,2026-07-31T10:42:46.915Z,a0000000-0000-0000-0000-000000000001,2026-07-31T10:42:46.915Z,,48befb54-113d-4e1b-b4dd-91cf79d6d8a0
06c5ca85-4328-445e-a86b-d9decffa5380,432bc858-9d51-4b60-97d8-0a714adfbb9b,11000000.00,IDR,1,2018-12-31T17:00:00.000Z,,Kabupaten Bandung,,medium,active,a0000000-0000-0000-0000-000000000001,2026-07-31T10:42:47.162Z,2026-07-31T10:42:47.162Z,a0000000-0000-0000-0000-000000000001,2026-07-31T10:42:47.162Z,,48befb54-113d-4e1b-b4dd-91cf79d6d8a0
0a776802-c9c5-4860-99fc-62e14aaa9bbc,188bed53-7b43-45d0-ad54-0fb00127d3f8,125000.00,IDR,1,2018-12-31T17:00:00.000Z,,Kabupaten Bandung,,medium,active,a0000000-0000-0000-0000-000000000001,2026-07-31T10:42:47.263Z,2026-07-31T10:42:47.263Z,a0000000-0000-0000-0000-000000000001,2026-07-31T10:42:47.263Z,,48befb54-113d-4e1b-b4dd-91cf79d6d8a0
1f685f84-a063-48ec-b1df-69c291d4b623,73432aa8-2445-41e4-b966-7dd84fc30c42,1600.00,IDR,1,2018-12-31T17:00:00.000Z,,Kabupaten Bandung,,medium,active,a0000000-0000-0000-0000-000000000001,2026-07-31T10:42:47.428Z,2026-07-31T10:42:47.428Z,a0000000-0000-0000-0000-000000000001,2026-07-31T10:42:47.428Z,,48befb54-113d-4e1b-b4dd-91cf79d6d8a0
c5d032e8-73b3-4431-8b78-54f1f5469f3c,183f4067-2020-4012-85b9-6e23ded692b4,228530.00,IDR,1,2018-12-31T17:00:00.000Z,,Kabupaten Bandung,,medium,active,a0000000-0000-0000-0000-000000000001,2026-07-31T10:42:47.531Z,2026-07-31T10:42:47.531Z,a0000000-0000-0000-0000-000000000001,2026-07-31T10:42:47.531Z,,48befb54-113d-4e1b-b4dd-91cf79d6d8a0
7da3f4e5-3d7e-4f98-8e84-17f49611949c,32a4e949-4ef4-46a0-a9b5-2c9df66fcc76,30000.00,IDR,1,2018-12-31T17:00:00.000Z,,Kabupaten Bandung,,medium,active,a0000000-0000-0000-0000-000000000001,2026-07-31T10:42:47.634Z,2026-07-31T10:42:47.634Z,a0000000-0000-0000-0000-000000000001,2026-07-31T10:42:47.634Z,,48befb54-113d-4e1b-b4dd-91cf79d6d8a0
032338b5-03d2-4609-94eb-5a2b649abdd1,cbb5ca15-2eea-47fb-a8e5-0f4879a82092,95590.00,IDR,1,2018-12-31T17:00:00.000Z,,Kabupaten Bandung,,medium,active,a0000000-0000-0000-0000-000000000001,2026-07-31T10:42:47.758Z,2026-07-31T10:42:47.758Z,a0000000-0000-0000-0000-000000000001,2026-07-31T10:42:47.758Z,,48befb54-113d-4e1b-b4dd-91cf79d6d8a0
f9658b46-6726-48a9-a415-98f43b4d2e43,49fa9ffd-84b2-4318-aed4-7b3e31c370c1,2000000.00,IDR,1,2018-12-31T17:00:00.000Z,,Kabupaten Bandung,,medium,active,a0000000-0000-0000-0000-000000000001,2026-07-31T10:42:47.921Z,2026-07-31T10:42:47.921Z,a0000000-0000-0000-0000-000000000001,2026-07-31T10:42:47.921Z,,48befb54-113d-4e1b-b4dd-91cf79d6d8a0
c9e3e1e3-e8cf-4c69-b91c-4ef2f1d6426c,e2212d5a-c91c-4926-ac91-f0cf03a17456,37500.00,IDR,1,2018-12-31T17:00:00.000Z,,Kabupaten Bandung,,medium,active,a0000000-0000-0000-0000-000000000001,2026-07-31T10:42:48.044Z,2026-07-31T10:42:48.044Z,a0000000-0000-0000-0000-000000000001,2026-07-31T10:42:48.044Z,,48befb54-113d-4e1b-b4dd-91cf79d6d8a0
f108c8a5-b89c-4990-9244-6a31995e960d,4b62712c-bbe2-470b-afcc-514f34fe56a9,8500.00,IDR,1,2018-12-31T17:00:00.000Z,,Kabupaten Bandung,,medium,active,a0000000-0000-0000-0000-000000000001,2026-07-31T10:42:48.186Z,2026-07-31T10:42:48.186Z,a0000000-0000-0000-0000-000000000001,2026-07-31T10:42:48.186Z,,48befb54-113d-4e1b-b4dd-91cf79d6d8a0
cce73411-7aad-44ca-b3aa-20b69a9d4a16,904f2eab-de8e-493a-8d31-a007f6fcb3f4,255190.00,IDR,1,2018-12-31T17:00:00.000Z,,Kabupaten Bandung,,medium,active,a0000000-0000-0000-0000-000000000001,2026-07-31T10:42:48.229Z,2026-07-31T10:42:48.229Z,a0000000-0000-0000-0000-000000000001,2026-07-31T10:42:48.229Z,,48befb54-113d-4e1b-b4dd-91cf79d6d8a0
baa07c20-d6d5-4718-969a-a4fe51997c3e,ff3fed1c-a20e-4f5f-aa52-32f7fb40dcbf,23403.60,IDR,1,2018-12-31T17:00:00.000Z,,Kabupaten Bandung,,medium,active,a0000000-0000-0000-0000-000000000001,2026-07-31T10:42:48.310Z,2026-07-31T10:42:48.310Z,a0000000-0000-0000-0000-000000000001,2026-07-31T10:42:48.310Z,,48befb54-113d-4e1b-b4dd-91cf79d6d8a0
69877cb8-605a-4eb7-90d7-082bc1585878,374859fd-836a-497b-b2fb-e3a74376acf4,35000.00,IDR,1,2018-12-31T17:00:00.000Z,,Kabupaten Bandung,,medium,active,a0000000-0000-0000-0000-000000000001,2026-07-31T10:42:48.352Z,2026-07-31T10:42:48.352Z,a0000000-0000-0000-0000-000000000001,2026-07-31T10:42:48.352Z,,48befb54-113d-4e1b-b4dd-91cf79d6d8a0
8cda7e09-05e0-417f-b706-eaabc6a38dfb,af05fe89-525d-446c-8ef3-5c3e8de06cbd,165000.00,IDR,1,2018-12-31T17:00:00.000Z,,Kabupaten Bandung,,medium,active,a0000000-0000-0000-0000-000000000001,2026-07-31T10:42:48.455Z,2026-07-31T10:42:48.455Z,a0000000-0000-0000-0000-000000000001,2026-07-31T10:42:48.455Z,,48befb54-113d-4e1b-b4dd-91cf79d6d8a0
e899162c-4004-44fb-8844-de5246c0bfac,f1c526e0-805e-4019-be8b-b9cfc1e5edab,2500.00,IDR,1,2018-12-31T17:00:00.000Z,,Kabupaten Bandung,,medium,active,a0000000-0000-0000-0000-000000000001,2026-07-31T10:42:48.496Z,2026-07-31T10:42:48.496Z,a0000000-0000-0000-0000-000000000001,2026-07-31T10:42:48.496Z,,48befb54-113d-4e1b-b4dd-91cf79d6d8a0
26524044-e4ac-4ede-87c3-ddcf3fe84260,4d9feee1-4181-4619-8640-dfb51e4e70b8,53000.00,IDR,1,2018-12-31T17:00:00.000Z,,Kabupaten Bandung,,medium,active,a0000000-0000-0000-0000-000000000001,2026-07-31T10:42:48.660Z,2026-07-31T10:42:48.660Z,a0000000-0000-0000-0000-000000000001,2026-07-31T10:42:48.660Z,,48befb54-113d-4e1b-b4dd-91cf79d6d8a0
7710ed12-638a-4818-8da4-8466e57aa263,b289f555-e6c2-47e6-b275-3463dbe6bd35,7500.00,IDR,1,2018-12-31T17:00:00.000Z,,Kabupaten Bandung,,medium,active,a0000000-0000-0000-0000-000000000001,2026-07-31T10:45:45.617Z,2026-07-31T10:45:45.617Z,a0000000-0000-0000-0000-000000000001,2026-07-31T10:45:45.617Z,,48befb54-113d-4e1b-b4dd-91cf79d6d8a0
47de79cb-3e44-4703-b596-ab3769743eda,1e94f7e7-d79d-4acb-a5df-ee7013139167,137500.00,IDR,1,2018-12-31T17:00:00.000Z,,Kabupaten Bandung,,medium,active,a0000000-0000-0000-0000-000000000001,2026-07-31T10:45:46.451Z,2026-07-31T10:45:46.451Z,a0000000-0000-0000-0000-000000000001,2026-07-31T10:45:46.451Z,,48befb54-113d-4e1b-b4dd-91cf79d6d8a0
9613bb8a-da6b-41c6-a71b-5b8d71ce66cb,31ed171d-c372-4198-90ad-a4209248de3f,8650.00,IDR,1,2018-12-31T17:00:00.000Z,,Kabupaten Bandung,,medium,active,a0000000-0000-0000-0000-000000000001,2026-07-31T10:45:46.984Z,2026-07-31T10:45:46.984Z,a0000000-0000-0000-0000-000000000001,2026-07-31T10:45:46.984Z,,48befb54-113d-4e1b-b4dd-91cf79d6d8a0
e1d9ef11-3119-40a5-b6d5-432f2c34d072,1024cffa-9051-457e-8205-418077e0f9df,2800.00,IDR,1,2018-12-31T17:00:00.000Z,,Kabupaten Bandung,,medium,active,a0000000-0000-0000-0000-000000000001,2026-07-31T10:45:47.024Z,2026-07-31T10:45:47.024Z,a0000000-0000-0000-0000-000000000001,2026-07-31T10:45:47.024Z,,48befb54-113d-4e1b-b4dd-91cf79d6d8a0
c825a452-c4f0-47be-8f49-c01310e11487,b392fd5d-a64c-4443-a6c9-ee44d1bacea0,6000000.00,IDR,1,2018-12-31T17:00:00.000Z,,Kabupaten Bandung,,medium,active,a0000000-0000-0000-0000-000000000001,2026-07-31T10:45:47.596Z,2026-07-31T10:45:47.596Z,a0000000-0000-0000-0000-000000000001,2026-07-31T10:45:47.596Z,,48befb54-113d-4e1b-b4dd-91cf79d6d8a0
07db4536-e163-46f3-9e63-66466cadb7bd,0e965b4c-801b-42c5-8f28-1ed931c31ded,322000.00,IDR,1,2018-12-31T17:00:00.000Z,,Kabupaten Bandung,,medium,active,a0000000-0000-0000-0000-000000000001,2026-07-31T10:45:47.891Z,2026-07-31T10:45:47.891Z,a0000000-0000-0000-0000-000000000001,2026-07-31T10:45:47.891Z,,48befb54-113d-4e1b-b4dd-91cf79d6d8a0
01112eee-8832-4df9-87a7-191254d5fba8,91d7c0f1-71af-49b4-b38e-f27f903abf8a,99750.00,IDR,1,2018-12-31T17:00:00.000Z,,Kabupaten Bandung,,medium,active,a0000000-0000-0000-0000-000000000001,2026-07-31T10:45:49.033Z,2026-07-31T10:45:49.033Z,a0000000-0000-0000-0000-000000000001,2026-07-31T10:45:49.033Z,,48befb54-113d-4e1b-b4dd-91cf79d6d8a0
aaeb0942-a67b-4f09-a6ea-dbacd8dcdefa,52e13bea-caaa-4319-ae0a-f2fda1c3bcb9,45000.00,IDR,1,2018-12-31T17:00:00.000Z,,Kabupaten Bandung,,medium,active,a0000000-0000-0000-0000-000000000001,2026-07-31T10:45:50.199Z,2026-07-31T10:45:50.199Z,a0000000-0000-0000-0000-000000000001,2026-07-31T10:45:50.199Z,,48befb54-113d-4e1b-b4dd-91cf79d6d8a0
fa5ff556-e4d6-4f03-a746-05a77172e82e,fee712d8-6aee-4633-b1ea-316014ef0266,159500.00,IDR,1,2018-12-31T17:00:00.000Z,,Kabupaten Bandung,,medium,active,a0000000-0000-0000-0000-000000000001,2026-07-31T10:45:50.891Z,2026-07-31T10:45:50.891Z,a0000000-0000-0000-0000-000000000001,2026-07-31T10:45:50.891Z,,48befb54-113d-4e1b-b4dd-91cf79d6d8a0
2af56e61-5712-4f14-afba-9385fd58d23f,e74ca36e-a73a-4cbd-a8ec-7879e30cdbc0,4800.00,IDR,1,2018-12-31T17:00:00.000Z,,Kabupaten Bandung,,medium,active,a0000000-0000-0000-0000-000000000001,2026-07-31T10:45:51.267Z,2026-07-31T10:45:51.267Z,a0000000-0000-0000-0000-000000000001,2026-07-31T10:45:51.267Z,,48befb54-113d-4e1b-b4dd-91cf79d6d8a0
adc448d6-5bbe-4db1-8ba0-92911eeff238,2a34c178-79da-4192-a308-f9525a3f0b55,99750.00,IDR,1,2018-12-31T17:00:00.000Z,,Kabupaten Bandung,,medium,active,a0000000-0000-0000-0000-000000000001,2026-07-31T10:45:51.826Z,2026-07-31T10:45:51.826Z,a0000000-0000-0000-0000-000000000001,2026-07-31T10:45:51.826Z,,48befb54-113d-4e1b-b4dd-91cf79d6d8a0
d5647f2f-775d-4966-8701-7fc69c22ee2d,322de772-3432-42aa-a613-b6cb0d770211,100.00,IDR,1,2018-12-31T17:00:00.000Z,,Kabupaten Bandung,,medium,active,a0000000-0000-0000-0000-000000000001,2026-07-31T10:45:52.575Z,2026-07-31T10:45:52.575Z,a0000000-0000-0000-0000-000000000001,2026-07-31T10:45:52.575Z,,48befb54-113d-4e1b-b4dd-91cf79d6d8a0
62824c3f-3c33-435b-834a-d4330b7112a9,b5d09270-f3e4-4994-afd6-3b9878ad67b2,110000.00,IDR,1,2018-12-31T17:00:00.000Z,,Kabupaten Bandung,,medium,active,a0000000-0000-0000-0000-000000000001,2026-07-31T10:45:53.524Z,2026-07-31T10:45:53.524Z,a0000000-0000-0000-0000-000000000001,2026-07-31T10:45:53.524Z,,48befb54-113d-4e1b-b4dd-91cf79d6d8a0
3785da1e-b83b-45e9-8b44-d844297e7c86,09dcc631-b7eb-44e1-9861-a34e4ecde8bc,25000.00,IDR,1,2019-12-31T17:00:00.000Z,,,,,active,a0000000-0000-0000-0000-000000000001,2026-07-31T11:50:04.890Z,2026-07-31T11:50:04.890Z,a0000000-0000-0000-0000-000000000001,2026-07-31T11:50:04.890Z,,
3edaae74-8941-495d-9d7b-3ab781751d28,dbb7898b-8fad-4a5d-af33-4a5a306a384b,25000.00,IDR,1,2019-12-31T17:00:00.000Z,,,,,active,a0000000-0000-0000-0000-000000000001,2026-08-01T08:32:12.115Z,2026-08-01T08:32:12.115Z,a0000000-0000-0000-0000-000000000001,2026-08-01T08:32:12.115Z,,
59c74e98-2f27-4641-a6d0-079b5afad46b,d29dcc1f-13ce-4d4f-bfcb-c7640035fdbc,25000.00,IDR,1,2019-12-31T17:00:00.000Z,,,,,active,a0000000-0000-0000-0000-000000000001,2026-07-31T12:17:48.649Z,2026-07-31T12:17:48.649Z,a0000000-0000-0000-0000-000000000001,2026-07-31T12:17:48.649Z,,
9b73a1ce-1749-40fe-908e-455b2bb45fe6,c6211a18-bd5d-4ed5-bcaf-d1af49ab81e6,25000.00,IDR,1,2019-12-31T17:00:00.000Z,,,,,active,a0000000-0000-0000-0000-000000000001,2026-08-01T09:32:38.275Z,2026-08-01T09:32:38.275Z,a0000000-0000-0000-0000-000000000001,2026-08-01T09:32:38.275Z,,
3b32a24a-f82b-4a17-a678-7e138595bc37,c04ad1df-bc35-4dff-a127-059cffea2609,25000.00,IDR,1,2019-12-31T17:00:00.000Z,,,,,active,a0000000-0000-0000-0000-000000000001,2026-08-01T10:57:55.576Z,2026-08-01T10:57:55.576Z,a0000000-0000-0000-0000-000000000001,2026-08-01T10:57:55.576Z,,
513fdb5f-6e18-4ff7-954b-b58b0315555f,6656c5a9-5d33-4205-9f8c-58ed757d9ff0,25000.00,IDR,1,2019-12-31T17:00:00.000Z,,,,,active,a0000000-0000-0000-0000-000000000001,2026-07-31T12:25:07.831Z,2026-07-31T12:25:07.831Z,a0000000-0000-0000-0000-000000000001,2026-07-31T12:25:07.831Z,,
06cda695-1e94-4c43-9f30-8caf104ba280,71943d59-8e99-4b41-b0a7-e195532f158a,25000.00,IDR,1,2019-12-31T17:00:00.000Z,,,,,active,a0000000-0000-0000-0000-000000000001,2026-08-01T13:02:53.115Z,2026-08-01T13:02:53.115Z,a0000000-0000-0000-0000-000000000001,2026-08-01T13:02:53.115Z,,
d57a43bd-7bc7-4585-8463-f02ad2ecf1c0,db0f8806-e926-4366-af77-2cf49871f41f,25000.00,IDR,1,2019-12-31T17:00:00.000Z,,,,,active,a0000000-0000-0000-0000-000000000001,2026-07-31T12:47:46.226Z,2026-07-31T12:47:46.226Z,a0000000-0000-0000-0000-000000000001,2026-07-31T12:47:46.226Z,,
71a3cf30-08a9-4734-80b7-b8d8a850641b,4c3e4e42-74e5-4221-805b-48a89d740414,25000.00,IDR,1,2019-12-31T17:00:00.000Z,,,,,active,a0000000-0000-0000-0000-000000000001,2026-07-31T13:08:25.314Z,2026-07-31T13:08:25.314Z,a0000000-0000-0000-0000-000000000001,2026-07-31T13:08:25.314Z,,
ef734066-980d-47d4-8f2a-61019acdad5e,90e501d8-dcd8-4782-aca9-904c872b9518,25000.00,IDR,1,2019-12-31T17:00:00.000Z,,,,,active,a0000000-0000-0000-0000-000000000001,2026-07-31T13:44:29.871Z,2026-07-31T13:44:29.871Z,a0000000-0000-0000-0000-000000000001,2026-07-31T13:44:29.871Z,,
72914269-0518-41c9-8a60-194cd88ae8cc,8c9f724f-34ec-453e-8b50-21034ab982db,25000.00,IDR,1,2019-12-31T17:00:00.000Z,,,,,active,a0000000-0000-0000-0000-000000000001,2026-07-31T14:43:45.635Z,2026-07-31T14:43:45.635Z,a0000000-0000-0000-0000-000000000001,2026-07-31T14:43:45.635Z,,
3f63e65b-82a0-42ba-96c8-5a936b5c61c1,42f33002-e008-45e5-82b2-29d71a76d4c3,25000.00,IDR,1,2019-12-31T17:00:00.000Z,,,,,active,a0000000-0000-0000-0000-000000000001,2026-07-31T14:46:53.670Z,2026-07-31T14:46:53.670Z,a0000000-0000-0000-0000-000000000001,2026-07-31T14:46:53.670Z,,
92050c2c-9f05-4e93-82fa-0e72bfc6c2e2,548fea0a-609d-478b-8620-387e55f35bf3,25000.00,IDR,1,2019-12-31T17:00:00.000Z,,,,,active,a0000000-0000-0000-0000-000000000001,2026-07-31T14:49:55.289Z,2026-07-31T14:49:55.289Z,a0000000-0000-0000-0000-000000000001,2026-07-31T14:49:55.289Z,,
5f402cf5-1497-4677-ab6a-c76a54f817fd,d0ac3639-8713-44a6-8750-aa6b9e9ffdfe,25000.00,IDR,1,2019-12-31T17:00:00.000Z,,,,,active,a0000000-0000-0000-0000-000000000001,2026-08-01T12:09:28.852Z,2026-08-01T12:09:28.852Z,a0000000-0000-0000-0000-000000000001,2026-08-01T12:09:28.852Z,,
89386942-33f3-4e9a-a596-64dc68a227f3,4ef82d14-25c1-4be8-8555-4790f41655fa,25000.00,IDR,1,2019-12-31T17:00:00.000Z,,,,,active,a0000000-0000-0000-0000-000000000001,2026-07-31T14:53:05.887Z,2026-07-31T14:53:05.887Z,a0000000-0000-0000-0000-000000000001,2026-07-31T14:53:05.887Z,,
573cf7c7-9608-40cc-9792-56f35cb49a86,7deb0e3c-baef-420d-a40a-2703c2b6c8e5,25000.00,IDR,1,2019-12-31T17:00:00.000Z,,,,,active,a0000000-0000-0000-0000-000000000001,2026-08-01T12:39:05.611Z,2026-08-01T12:39:05.611Z,a0000000-0000-0000-0000-000000000001,2026-08-01T12:39:05.611Z,,
434f7d01-1617-4e14-b0ea-2e48f5c089a8,8d5f5b41-6640-4e03-acb4-69425779cbe1,25000.00,IDR,1,2019-12-31T17:00:00.000Z,,,,,active,a0000000-0000-0000-0000-000000000001,2026-07-31T15:19:30.310Z,2026-07-31T15:19:30.310Z,a0000000-0000-0000-0000-000000000001,2026-07-31T15:19:30.310Z,,
23107920-d9bf-4973-98da-81ea68ae993f,e1d0e8d4-3c05-4db5-843f-d60563b6c8b1,25000.00,IDR,1,2019-12-31T17:00:00.000Z,,,,,active,a0000000-0000-0000-0000-000000000001,2026-08-01T16:10:16.100Z,2026-08-01T16:10:16.100Z,a0000000-0000-0000-0000-000000000001,2026-08-01T16:10:16.100Z,,
a72bfa36-e127-487f-8988-e430f7c729e5,9fa84d97-70f8-4b49-a623-5a0926904830,25000.00,IDR,1,2019-12-31T17:00:00.000Z,,,,,active,a0000000-0000-0000-0000-000000000001,2026-07-31T15:26:08.017Z,2026-07-31T15:26:08.017Z,a0000000-0000-0000-0000-000000000001,2026-07-31T15:26:08.017Z,,
3257ef66-86d9-4a16-805c-bb9891620982,fcef0a3c-f36d-4240-adcb-08f9c8bd2338,25000.00,IDR,1,2019-12-31T17:00:00.000Z,,,,,active,a0000000-0000-0000-0000-000000000001,2026-07-31T16:01:47.633Z,2026-07-31T16:01:47.633Z,a0000000-0000-0000-0000-000000000001,2026-07-31T16:01:47.633Z,,
ddb25cb8-d8eb-4395-b559-271c964ad203,cca3a35d-c892-4531-a577-720a353db2bf,25000.00,IDR,1,2019-12-31T17:00:00.000Z,,,,,active,a0000000-0000-0000-0000-000000000001,2026-08-01T16:59:44.309Z,2026-08-01T16:59:44.309Z,a0000000-0000-0000-0000-000000000001,2026-08-01T16:59:44.309Z,,
3ec70947-a296-4f77-9fcb-840a7cb8541e,4137a66b-8f16-4dcc-9318-b7212d092c8a,25000.00,IDR,1,2019-12-31T17:00:00.000Z,,,,,active,a0000000-0000-0000-0000-000000000001,2026-07-31T16:04:50.743Z,2026-07-31T16:04:50.743Z,a0000000-0000-0000-0000-000000000001,2026-07-31T16:04:50.743Z,,
ef713764-31d6-4315-ae43-3031122b6176,2f8c7a88-4b67-46ad-9288-d87535ba1783,25000.00,IDR,1,2019-12-31T17:00:00.000Z,,,,,active,a0000000-0000-0000-0000-000000000001,2026-07-31T16:08:48.974Z,2026-07-31T16:08:48.974Z,a0000000-0000-0000-0000-000000000001,2026-07-31T16:08:48.974Z,,
6b09dc96-711f-4a12-bef0-e101c93c9425,ead3a55c-bd1a-43b3-9c18-6ef7bdd91603,25000.00,IDR,1,2019-12-31T17:00:00.000Z,,,,,active,a0000000-0000-0000-0000-000000000001,2026-08-01T12:42:06.054Z,2026-08-01T12:42:06.054Z,a0000000-0000-0000-0000-000000000001,2026-08-01T12:42:06.054Z,,
5b8c527e-8d47-4c2e-96e2-6413363962b0,0098aa47-375d-47a6-a5d5-20a13fb3ae3f,25000.00,IDR,1,2019-12-31T17:00:00.000Z,,,,,active,a0000000-0000-0000-0000-000000000001,2026-07-31T16:17:23.767Z,2026-07-31T16:17:23.767Z,a0000000-0000-0000-0000-000000000001,2026-07-31T16:17:23.767Z,,
73d9260c-e37f-4968-a367-b29692fbb9a7,38086029-6540-4aad-a97a-8ac2fba5d686,25000.00,IDR,1,2019-12-31T17:00:00.000Z,,,,,active,a0000000-0000-0000-0000-000000000001,2026-07-31T16:20:26.817Z,2026-07-31T16:20:26.817Z,a0000000-0000-0000-0000-000000000001,2026-07-31T16:20:26.817Z,,
19946fca-96f2-4c3a-a3be-1b4bd85ff3f8,62c94011-c5ee-479c-ad54-c5fca003614a,25000.00,IDR,1,2019-12-31T17:00:00.000Z,,,,,active,a0000000-0000-0000-0000-000000000001,2026-07-31T16:23:35.692Z,2026-07-31T16:23:35.692Z,a0000000-0000-0000-0000-000000000001,2026-07-31T16:23:35.692Z,,
95d9266c-a62f-4b03-8a92-1745b78039f8,d85c5627-ab0d-4b24-83b1-6593b530b458,25000.00,IDR,1,2019-12-31T17:00:00.000Z,,,,,active,a0000000-0000-0000-0000-000000000001,2026-08-01T07:43:48.872Z,2026-08-01T07:43:48.872Z,a0000000-0000-0000-0000-000000000001,2026-08-01T07:43:48.872Z,,
781e0f84-5bc7-47c1-ae5c-4dc16a36c364,937f10b3-624d-44bd-9f92-7e8e7aa2f386,25000.00,IDR,1,2019-12-31T17:00:00.000Z,,,,,active,a0000000-0000-0000-0000-000000000001,2026-08-01T08:36:06.196Z,2026-08-01T08:36:06.196Z,a0000000-0000-0000-0000-000000000001,2026-08-01T08:36:06.196Z,,
5f351882-b7f3-43cd-9bde-59e5d47405b3,0929d574-4e21-4dcf-ad6d-7c0ee3c2733d,25000.00,IDR,1,2019-12-31T17:00:00.000Z,,,,,active,a0000000-0000-0000-0000-000000000001,2026-08-01T11:11:27.755Z,2026-08-01T11:11:27.755Z,a0000000-0000-0000-0000-000000000001,2026-08-01T11:11:27.755Z,,
69f138cb-a032-483e-80c0-99fef4f10b96,25429d9c-bb2b-428e-9540-c888319ae3d3,25000.00,IDR,1,2019-12-31T17:00:00.000Z,,,,,active,a0000000-0000-0000-0000-000000000001,2026-08-01T17:14:27.786Z,2026-08-01T17:14:27.786Z,a0000000-0000-0000-0000-000000000001,2026-08-01T17:14:27.786Z,,
4f5be628-d64b-4fe2-97a1-9d4eda1d1751,b1b004d7-0efe-4020-b18a-0b16552e7407,25000.00,IDR,1,2019-12-31T17:00:00.000Z,,,,,active,a0000000-0000-0000-0000-000000000001,2026-07-31T16:26:36.679Z,2026-07-31T16:26:36.679Z,a0000000-0000-0000-0000-000000000001,2026-07-31T16:26:36.679Z,,
b7d6096a-302a-44d3-b42b-eba03b501d41,02965a1a-c19d-40a4-90b3-873cbd21b891,25000.00,IDR,1,2019-12-31T17:00:00.000Z,,,,,active,a0000000-0000-0000-0000-000000000001,2026-08-01T09:41:58.059Z,2026-08-01T09:41:58.059Z,a0000000-0000-0000-0000-000000000001,2026-08-01T09:41:58.059Z,,
ad9c2282-a9bb-4d5f-9fdd-4c3260f972c8,8bdb5983-41e0-4efc-bad7-bd962fa7fdf1,25000.00,IDR,1,2019-12-31T17:00:00.000Z,,,,,active,a0000000-0000-0000-0000-000000000001,2026-07-31T16:39:39.976Z,2026-07-31T16:39:39.976Z,a0000000-0000-0000-0000-000000000001,2026-07-31T16:39:39.976Z,,
3b32a75f-870b-48f6-8c29-04290a93fb59,8cabd845-e778-4397-a78d-2aa8724d625b,25000.00,IDR,1,2019-12-31T17:00:00.000Z,,,,,active,a0000000-0000-0000-0000-000000000001,2026-08-01T12:30:13.057Z,2026-08-01T12:30:13.057Z,a0000000-0000-0000-0000-000000000001,2026-08-01T12:30:13.057Z,,
2f2b1049-a7ef-48d6-ab97-10196fd07868,3bc7c371-cf04-4549-8472-fe3cafb2c339,25000.00,IDR,1,2019-12-31T17:00:00.000Z,,,,,active,a0000000-0000-0000-0000-000000000001,2026-07-31T16:48:19.060Z,2026-07-31T16:48:19.060Z,a0000000-0000-0000-0000-000000000001,2026-07-31T16:48:19.060Z,,
08dd39c6-8e8b-42d1-898f-40631790457a,448c1744-3bf7-4a2e-ad98-878ecdefb9a0,25000.00,IDR,1,2019-12-31T17:00:00.000Z,,,,,active,a0000000-0000-0000-0000-000000000001,2026-08-01T13:16:37.316Z,2026-08-01T13:16:37.316Z,a0000000-0000-0000-0000-000000000001,2026-08-01T13:16:37.316Z,,
67bd79b4-704d-425b-aadb-465c10c7d30d,944d679a-5386-4233-839b-8c1666da59d8,25000.00,IDR,1,2019-12-31T17:00:00.000Z,,,,,active,a0000000-0000-0000-0000-000000000001,2026-07-31T16:53:21.163Z,2026-07-31T16:53:21.163Z,a0000000-0000-0000-0000-000000000001,2026-07-31T16:53:21.163Z,,
22e84d2f-3da1-4728-801a-9bdb2f1081ba,7f949085-15fa-4ad0-9fd6-4212928e1e39,25000.00,IDR,1,2019-12-31T17:00:00.000Z,,,,,active,a0000000-0000-0000-0000-000000000001,2026-08-01T16:16:56.752Z,2026-08-01T16:16:56.752Z,a0000000-0000-0000-0000-000000000001,2026-08-01T16:16:56.752Z,,
51b0193f-fca9-4212-8786-41cc37fd5460,d63218a1-9a9c-4b0f-a187-4db52b904736,25000.00,IDR,1,2019-12-31T17:00:00.000Z,,,,,active,a0000000-0000-0000-0000-000000000001,2026-08-01T16:30:39.677Z,2026-08-01T16:30:39.677Z,a0000000-0000-0000-0000-000000000001,2026-08-01T16:30:39.677Z,,
1a5970ce-8242-4ac0-85d7-0f6d874e042d,cbd45ffd-08d9-46a9-aee6-42e93952c68a,25000.00,IDR,1,2019-12-31T17:00:00.000Z,,,,,active,a0000000-0000-0000-0000-000000000001,2026-07-31T17:07:15.196Z,2026-07-31T17:07:15.196Z,a0000000-0000-0000-0000-000000000001,2026-07-31T17:07:15.196Z,,
917c6495-be62-443c-b0a5-5f1443815c53,3ef7bd18-c69e-492b-ad11-292d2f165023,25000.00,IDR,1,2019-12-31T17:00:00.000Z,,,,,active,a0000000-0000-0000-0000-000000000001,2026-07-31T17:10:18.800Z,2026-07-31T17:10:18.800Z,a0000000-0000-0000-0000-000000000001,2026-07-31T17:10:18.800Z,,
f3ac696b-eeaf-4c81-a220-c9eb328475b3,f6d881c0-f2f6-4de7-950c-dd1a128219ad,25000.00,IDR,1,2019-12-31T17:00:00.000Z,,,,,active,a0000000-0000-0000-0000-000000000001,2026-08-01T12:59:09.676Z,2026-08-01T12:59:09.676Z,a0000000-0000-0000-0000-000000000001,2026-08-01T12:59:09.676Z,,
b7fc3ee0-99f8-4616-8c1e-aa343449372b,64f07a1b-f902-448b-bac6-13d9e4c3d7e5,25000.00,IDR,1,2019-12-31T17:00:00.000Z,,,,,active,a0000000-0000-0000-0000-000000000001,2026-07-31T17:14:16.632Z,2026-07-31T17:14:16.632Z,a0000000-0000-0000-0000-000000000001,2026-07-31T17:14:16.632Z,,
9baa54b1-700f-4cb9-82c7-463ff27952b0,88e72825-8457-40fe-879f-a30a86031a51,25000.00,IDR,1,2019-12-31T17:00:00.000Z,,,,,active,a0000000-0000-0000-0000-000000000001,2026-08-01T14:23:36.053Z,2026-08-01T14:23:36.053Z,a0000000-0000-0000-0000-000000000001,2026-08-01T14:23:36.053Z,,
24d5cb72-f1b2-443e-96b8-b07a863e04eb,e73bb471-5c27-4935-abfc-bcfdb02c6035,25000.00,IDR,1,2019-12-31T17:00:00.000Z,,,,,active,a0000000-0000-0000-0000-000000000001,2026-07-31T17:28:52.600Z,2026-07-31T17:28:52.600Z,a0000000-0000-0000-0000-000000000001,2026-07-31T17:28:52.600Z,,
97ec6d4f-cbc5-4607-aa8f-abd826da02c5,11638025-ab40-4341-b6ef-48c9053de28f,25000.00,IDR,1,2019-12-31T17:00:00.000Z,,,,,active,a0000000-0000-0000-0000-000000000001,2026-07-31T17:41:27.834Z,2026-07-31T17:41:27.834Z,a0000000-0000-0000-0000-000000000001,2026-07-31T17:41:27.834Z,,
d36a3ce1-7173-4de7-b30f-3c250c175209,a13a801c-c03c-4dff-8dc8-5a00aa702bbb,25000.00,IDR,1,2019-12-31T17:00:00.000Z,,,,,active,a0000000-0000-0000-0000-000000000001,2026-07-31T17:48:19.988Z,2026-07-31T17:48:19.988Z,a0000000-0000-0000-0000-000000000001,2026-07-31T17:48:19.988Z,,
f939ea96-abd8-421a-8bd7-b9043bac8212,1e3dc697-e8e3-47a7-83fa-715b78fc0c5d,25000.00,IDR,1,2019-12-31T17:00:00.000Z,,,,,active,a0000000-0000-0000-0000-000000000001,2026-08-01T09:19:36.475Z,2026-08-01T09:19:36.475Z,a0000000-0000-0000-0000-000000000001,2026-08-01T09:19:36.475Z,,
fb31eece-787c-41dc-897d-5a954b638963,887ce9a9-aca4-4f70-b33b-1e03b9e90493,25000.00,IDR,1,2019-12-31T17:00:00.000Z,,,,,active,a0000000-0000-0000-0000-000000000001,2026-07-31T17:51:23.956Z,2026-07-31T17:51:23.956Z,a0000000-0000-0000-0000-000000000001,2026-07-31T17:51:23.956Z,,
51c7cf3a-8bf9-4c7b-b996-a50497968d98,62a05090-0790-454d-91fb-93ce17f735dc,25000.00,IDR,1,2019-12-31T17:00:00.000Z,,,,,active,a0000000-0000-0000-0000-000000000001,2026-08-01T04:26:32.565Z,2026-08-01T04:26:32.565Z,a0000000-0000-0000-0000-000000000001,2026-08-01T04:26:32.565Z,,
86f44335-b219-4a7d-810e-fb75a834ee6e,ff5c1e77-cc6f-408a-b5b3-2e7fe02a99b2,25000.00,IDR,1,2019-12-31T17:00:00.000Z,,,,,active,a0000000-0000-0000-0000-000000000001,2026-08-01T04:34:38.297Z,2026-08-01T04:34:38.297Z,a0000000-0000-0000-0000-000000000001,2026-08-01T04:34:38.297Z,,
b915822b-83d9-4e1f-9b73-75cea90c2adf,899511f9-a56c-480f-8c32-c610a7fcd91f,25000.00,IDR,1,2019-12-31T17:00:00.000Z,,,,,active,a0000000-0000-0000-0000-000000000001,2026-08-01T16:23:29.028Z,2026-08-01T16:23:29.028Z,a0000000-0000-0000-0000-000000000001,2026-08-01T16:23:29.028Z,,
192182a5-7fb2-497e-8b94-bafef7f8c651,f7ac8182-e603-48f2-a94d-b5489e6d9f41,25000.00,IDR,1,2019-12-31T17:00:00.000Z,,,,,active,a0000000-0000-0000-0000-000000000001,2026-08-01T05:30:10.346Z,2026-08-01T05:30:10.346Z,a0000000-0000-0000-0000-000000000001,2026-08-01T05:30:10.346Z,,
caf8d5a7-5715-4bde-9158-95e3f7450e75,5fd70e25-e297-435f-91f9-30a7e26f5413,25000.00,IDR,1,2019-12-31T17:00:00.000Z,,,,,active,a0000000-0000-0000-0000-000000000001,2026-08-01T05:41:42.448Z,2026-08-01T05:41:42.448Z,a0000000-0000-0000-0000-000000000001,2026-08-01T05:41:42.448Z,,
28dac36b-a844-48a2-bca7-d372b208a63a,240a27da-cc64-4f26-a332-9a0a76854294,25000.00,IDR,1,2019-12-31T17:00:00.000Z,,,,,active,a0000000-0000-0000-0000-000000000001,2026-08-01T05:44:58.325Z,2026-08-01T05:44:58.325Z,a0000000-0000-0000-0000-000000000001,2026-08-01T05:44:58.325Z,,
cc63e98a-640c-46ec-aae5-0ec3cc148336,7139c13e-35e8-43bf-84c6-241b46fe097e,25000.00,IDR,1,2019-12-31T17:00:00.000Z,,,,,active,a0000000-0000-0000-0000-000000000001,2026-08-01T05:48:07.777Z,2026-08-01T05:48:07.777Z,a0000000-0000-0000-0000-000000000001,2026-08-01T05:48:07.777Z,,
b5719bb8-4388-41c1-bd98-531723de22d3,3d9efce0-9bd8-4be8-bf89-20ebd8ef85cd,25000.00,IDR,1,2019-12-31T17:00:00.000Z,,,,,active,a0000000-0000-0000-0000-000000000001,2026-08-01T05:50:43.542Z,2026-08-01T05:50:43.542Z,a0000000-0000-0000-0000-000000000001,2026-08-01T05:50:43.542Z,,
4912ba79-f90e-4e8b-af0f-de555f6798b4,da4e8b6d-674b-4935-a715-acb64ec3218e,25000.00,IDR,1,2019-12-31T17:00:00.000Z,,,,,active,a0000000-0000-0000-0000-000000000001,2026-08-01T08:04:58.110Z,2026-08-01T08:04:58.110Z,a0000000-0000-0000-0000-000000000001,2026-08-01T08:04:58.110Z,,
1af63dce-b65f-4f64-adc8-14f629cfac46,9deeb86d-0e71-40d0-bd00-053a63910b7a,25000.00,IDR,1,2019-12-31T17:00:00.000Z,,,,,active,a0000000-0000-0000-0000-000000000001,2026-08-01T05:53:28.312Z,2026-08-01T05:53:28.312Z,a0000000-0000-0000-0000-000000000001,2026-08-01T05:53:28.312Z,,
07911bbc-daa7-4959-8aba-2163d8bf97cf,79b0fed5-9867-441c-abd7-771f3f8b61d8,25000.00,IDR,1,2019-12-31T17:00:00.000Z,,,,,active,a0000000-0000-0000-0000-000000000001,2026-08-01T10:00:24.455Z,2026-08-01T10:00:24.455Z,a0000000-0000-0000-0000-000000000001,2026-08-01T10:00:24.455Z,,
fb990ad4-b047-4941-8b3f-635b97d5d12a,f1be3089-d1ef-4cbb-8267-6992ca200b69,25000.00,IDR,1,2019-12-31T17:00:00.000Z,,,,,active,a0000000-0000-0000-0000-000000000001,2026-08-01T11:43:32.735Z,2026-08-01T11:43:32.735Z,a0000000-0000-0000-0000-000000000001,2026-08-01T11:43:32.735Z,,
36b3c6f1-c1d9-4a5f-ae2b-5ab292022739,63c2165f-3784-42fc-a201-d357861d6965,25000.00,IDR,1,2019-12-31T17:00:00.000Z,,,,,active,a0000000-0000-0000-0000-000000000001,2026-08-01T06:16:18.023Z,2026-08-01T06:16:18.023Z,a0000000-0000-0000-0000-000000000001,2026-08-01T06:16:18.023Z,,
1e9f0c72-2f0e-4501-9fc4-f58b840a3aa4,39d09125-38b1-49ac-9a68-ead0038e62f8,25000.00,IDR,1,2019-12-31T17:00:00.000Z,,,,,active,a0000000-0000-0000-0000-000000000001,2026-08-01T06:20:15.649Z,2026-08-01T06:20:15.649Z,a0000000-0000-0000-0000-000000000001,2026-08-01T06:20:15.649Z,,
256807a1-c954-4b79-85db-ade5845ed57d,f8481e99-671c-456d-884f-c84b89eca157,25000.00,IDR,1,2019-12-31T17:00:00.000Z,,,,,active,a0000000-0000-0000-0000-000000000001,2026-08-01T07:33:03.045Z,2026-08-01T07:33:03.045Z,a0000000-0000-0000-0000-000000000001,2026-08-01T07:33:03.045Z,,
