id,code,name,description,category,status,deactivated_at,created_at,created_by,updated_at,updated_by,unit_code
21f2fd94-7ad1-4f33-a91c-ca463996f63d,AHSP-R0037,Dynabolt dia. 12 x 120 mm,,material,active,,2026-07-26T19:43:40.816Z,a0000000-0000-0000-0000-000000000001,2026-07-26T19:43:40.816Z,,buah
83b64917-e66f-4816-a3d6-78441b15891c,RBS-SMOKE-OFF,Tukang Uji,,labor,inactive,2026-07-24T19:43:39.655Z,2026-07-24T19:43:39.509Z,,2026-07-25T13:21:40.595Z,,unit
dac5390c-f4ef-4459-9a57-6a5adcafe886,RBS-PRICE-SMOKE,Smoke,,material,active,,2026-07-24T20:34:55.795Z,a0000000-0000-0000-0000-000000000001,2026-07-25T13:21:40.595Z,,unit
0dd775bd-b136-40c3-94c0-ef1ee3628e35,AHSP-R0038,Self Drilling Screw dia-6 x 20 mm (Main Truss Screw),,material,active,,2026-07-26T19:43:40.861Z,a0000000-0000-0000-0000-000000000001,2026-07-26T19:43:40.861Z,,buah
0e820874-e7d9-466f-ae5b-c1c30b6b394c,AHSP-PEKERJA,Pekerja,,labor,active,,2026-07-26T13:51:12.051Z,a0000000-0000-0000-0000-000000000001,2026-07-26T13:51:12.051Z,,OH
49b21278-4309-4ed3-a208-d2519c58a88f,AHSP-TUKANG-BATU,Tukang batu,,labor,active,,2026-07-26T13:51:12.098Z,a0000000-0000-0000-0000-000000000001,2026-07-26T13:51:12.098Z,,OH
72b12b40-902e-4236-952c-849fce31f2e7,AHSP-KEPALA-TUKANG,Kepala tukang,,labor,active,,2026-07-26T13:51:12.121Z,a0000000-0000-0000-0000-000000000001,2026-07-26T13:51:12.121Z,,OH
2debabc9-ad43-4e45-88af-abff517c4319,AHSP-MANDOR,Mandor,,labor,active,,2026-07-26T13:51:12.144Z,a0000000-0000-0000-0000-000000000001,2026-07-26T13:51:12.144Z,,OH
49b70194-1f93-4d37-9cc6-ea3dd1813268,AHSP-BATA-MERAH,Bata merah,,material,active,,2026-07-26T13:51:12.167Z,a0000000-0000-0000-0000-000000000001,2026-07-26T13:51:12.167Z,,buah
452ad5ef-cb96-4058-ac56-33beab54be12,AHSP-SEMEN-PC,Semen portland (PC),,material,active,,2026-07-26T13:51:12.190Z,a0000000-0000-0000-0000-000000000001,2026-07-26T13:51:12.190Z,,kg
ffdfdc0b-6ef5-4e7b-a554-3011ce0899ac,AHSP-PASIR-PASANG,Pasir pasang (quarry - lokasi pekerjaan),,material,active,,2026-07-26T13:51:12.215Z,a0000000-0000-0000-0000-000000000001,2026-07-26T13:51:12.215Z,,m3
841d4276-f231-44b9-925d-e4d2c4d6dcf6,AHSP-R0003,Jack hammer + genset,,equipment,active,,2026-07-26T19:43:39.326Z,a0000000-0000-0000-0000-000000000001,2026-07-26T19:43:39.326Z,,hari
514c5bf9-7879-4df4-82a0-c54532d64941,AHSP-R0004,Pompa Sedot Pasir,,equipment,active,,2026-07-26T19:43:39.378Z,a0000000-0000-0000-0000-000000000001,2026-07-26T19:43:39.378Z,,hari
4db618a2-9ed1-41f0-88fa-e0f1b3aafec1,AHSP-R0005,Pompa Lumpur,,equipment,active,,2026-07-26T19:43:39.423Z,a0000000-0000-0000-0000-000000000001,2026-07-26T19:43:39.423Z,,hari
329235eb-3584-450e-8eb7-cce51d09d8e4,AHSP-R0006,Pasir urug (quarry - lokasi pekerjaan),,material,active,,2026-07-26T19:43:39.468Z,a0000000-0000-0000-0000-000000000001,2026-07-26T19:43:39.468Z,,m3
177399b9-361d-448f-8934-d870980fb807,AHSP-R0007,Tanah biasa (quarry - lokasi pekerjaan),,material,active,,2026-07-26T19:43:39.514Z,a0000000-0000-0000-0000-000000000001,2026-07-26T19:43:39.514Z,,m3
1e0cba22-9df4-40ff-89e5-a2b01f35d43a,AHSP-R0008,Tanah liat (quarry-lokasi pekerjaan),,material,active,,2026-07-26T19:43:39.559Z,a0000000-0000-0000-0000-000000000001,2026-07-26T19:43:39.559Z,,m3
7053303f-9745-4176-852f-bf0c1d0c44c5,AHSP-R0009,Kerikil,,material,active,,2026-07-26T19:43:39.604Z,a0000000-0000-0000-0000-000000000001,2026-07-26T19:43:39.604Z,,m3
992e723a-dd71-455b-b084-10441e705e84,AHSP-R0010,Tanah Subur,,material,active,,2026-07-26T19:43:39.649Z,a0000000-0000-0000-0000-000000000001,2026-07-26T19:43:39.649Z,,m3
eb9836cc-a504-4aae-8f34-318b958693df,AHSP-R0011,Sirtu (quarry - lokasi pekerjaan),,material,active,,2026-07-26T19:43:39.695Z,a0000000-0000-0000-0000-000000000001,2026-07-26T19:43:39.695Z,,m3
23a05af9-00c9-4062-90e0-3918270ae9bc,AHSP-R0012,Stamper Kuda,,equipment,active,,2026-07-26T19:43:39.739Z,a0000000-0000-0000-0000-000000000001,2026-07-26T19:43:39.739Z,,hari
3ba885fc-246b-4f77-b62e-132bee619f41,AHSP-R0013,Stamper kodok 150 kg,,equipment,active,,2026-07-26T19:43:39.784Z,a0000000-0000-0000-0000-000000000001,2026-07-26T19:43:39.784Z,,hari
6c4952b9-7572-4490-b636-a7b459cccc26,AHSP-R0014,Stamper D-Drum,,equipment,active,,2026-07-26T19:43:39.829Z,a0000000-0000-0000-0000-000000000001,2026-07-26T19:43:39.829Z,,hari
a8046d77-2f6d-452b-8c9b-f9503a3ff50f,AHSP-R0015,Stamper Smooth_Drum,,equipment,active,,2026-07-26T19:43:39.873Z,a0000000-0000-0000-0000-000000000001,2026-07-26T19:43:39.873Z,,hari
65c81bbd-ef4d-4e27-837e-b2d9455cc45b,AHSP-R0016,batu pecah 5/7,,material,active,,2026-07-26T19:43:39.918Z,a0000000-0000-0000-0000-000000000001,2026-07-26T19:43:39.918Z,,m3
880df118-a9e2-461a-82b0-b93a00d32c42,AHSP-R0017,Pekerja ( OJ ),,labor,active,,2026-07-26T19:43:39.964Z,a0000000-0000-0000-0000-000000000001,2026-07-26T19:43:39.964Z,,OJ
2223fa36-97cb-4145-a622-bef0a6fa1066,AHSP-R0018,Mandor ( OJ ),,labor,active,,2026-07-26T19:43:40.008Z,a0000000-0000-0000-0000-000000000001,2026-07-26T19:43:40.008Z,,OJ
25d4cd8e-8881-4268-99c2-0d6f0db4b933,AHSP-R0019,Mobil Sedot Lumpur,,equipment,active,,2026-07-26T19:43:40.053Z,a0000000-0000-0000-0000-000000000001,2026-07-26T19:43:40.053Z,,jam
05edaea9-4b5c-4ffe-a8c2-08f0edbd3009,AHSP-R0020,Tukang las geotextile,,labor,active,,2026-07-26T19:43:40.099Z,a0000000-0000-0000-0000-000000000001,2026-07-26T19:43:40.099Z,,OH
69874e93-37a8-484b-bd08-d3a8838fd8c7,AHSP-R0021,Geotextile >100 gr/m2,,material,active,,2026-07-26T19:43:40.144Z,a0000000-0000-0000-0000-000000000001,2026-07-26T19:43:40.144Z,,m2
5211be93-4353-4376-9ef6-b38a608cb051,AHSP-R0022,Mesin Las Gotextile,,equipment,active,,2026-07-26T19:43:40.189Z,a0000000-0000-0000-0000-000000000001,2026-07-26T19:43:40.189Z,,hari
c665c858-fa23-4b4a-b62c-98ea4ac7bf84,AHSP-R0023,Flat deck truck 7 ton,,equipment,active,,2026-07-26T19:43:40.234Z,a0000000-0000-0000-0000-000000000001,2026-07-26T19:43:40.234Z,,hari
ccc2b60c-bea4-4215-9ec9-04424828fce5,AHSP-R0024,Geotextile >400 gr/m2,,material,active,,2026-07-26T19:43:40.279Z,a0000000-0000-0000-0000-000000000001,2026-07-26T19:43:40.279Z,,m2
d8bca162-a221-40cc-b3be-f1a4ae977142,AHSP-R0025,Geotextile >800 gr/m2,,material,active,,2026-07-26T19:43:40.323Z,a0000000-0000-0000-0000-000000000001,2026-07-26T19:43:40.323Z,,m2
122a3306-4bb4-4f56-9f1f-21384d96c6b1,AHSP-R0027,Geomembran,,material,active,,2026-07-26T19:43:40.390Z,a0000000-0000-0000-0000-000000000001,2026-07-26T19:43:40.390Z,,m2
07d2e720-c84f-49d1-ab02-65f7bb9df507,AHSP-R0028,Sewa Tripot,,equipment,active,,2026-07-26T19:43:40.435Z,a0000000-0000-0000-0000-000000000001,2026-07-26T19:43:40.435Z,,hari
cc32ed7d-771b-41e2-8864-e16f01f5c6bb,AHSP-R0030,Geosynthetic Clay Liner,,material,active,,2026-07-26T19:43:40.502Z,a0000000-0000-0000-0000-000000000001,2026-07-26T19:43:40.502Z,,m2
a057648d-7cd3-44d7-9ced-721484535ab4,AHSP-R0031,Bentonite,,material,active,,2026-07-26T19:43:40.547Z,a0000000-0000-0000-0000-000000000001,2026-07-26T19:43:40.547Z,,kg
8b2e314e-1237-449d-b6d2-4904fde69a88,AHSP-R0032,Angkur M16,,material,active,,2026-07-26T19:43:40.593Z,a0000000-0000-0000-0000-000000000001,2026-07-26T19:43:40.593Z,,buah
636bfae6-91e9-4906-9911-1fb6c158ffd8,AHSP-R0033,Tukang besi,,labor,active,,2026-07-26T19:43:40.638Z,a0000000-0000-0000-0000-000000000001,2026-07-26T19:43:40.638Z,,OH
7192d08f-c26f-44e7-882b-77d79bf6af71,AHSP-R0034,"Baja Ringan C75, t=1 mm (Batang Utama)",,material,active,,2026-07-26T19:43:40.683Z,a0000000-0000-0000-0000-000000000001,2026-07-26T19:43:40.683Z,,batang
4e4d3ad6-b2ca-4eeb-a8e4-e9505732a7a7,AHSP-R0035,"Baja Ringan C75, t=0,75 mm (Batang Pengaku)",,material,active,,2026-07-26T19:43:40.727Z,a0000000-0000-0000-0000-000000000001,2026-07-26T19:43:40.727Z,,batang
5f75ca67-af04-4b47-97d1-696375ede35f,AHSP-R0036,"Baja Ringan C.75, t=1,00 mm (L Bracket)",,material,active,,2026-07-26T19:43:40.772Z,a0000000-0000-0000-0000-000000000001,2026-07-26T19:43:40.772Z,,batang
212ec8da-b8c1-427d-acb2-bd3a29c9f0c8,AHSP-R0039,"Reng/ Roof Bottom RT-35 t=0,45 mm",,material,active,,2026-07-26T19:43:40.906Z,a0000000-0000-0000-0000-000000000001,2026-07-26T19:43:40.906Z,,batang
b86081b5-476f-4647-b5b3-379c30e6f6e0,AHSP-R0040,"Self Drilling Screw dia-4 x 16 mm (Roof 
Bottom Screw)",,material,active,,2026-07-26T19:43:40.951Z,a0000000-0000-0000-0000-000000000001,2026-07-26T19:43:40.951Z,,buah
485402d5-ed3e-4fbe-ae68-21045d0e7aef,AHSP-R0041,Mesin bor (jam),,equipment,active,,2026-07-26T19:43:40.995Z,a0000000-0000-0000-0000-000000000001,2026-07-26T19:43:40.995Z,,jam
f2d5e250-e8a1-4fe6-98bb-0f5e1e8cb149,AHSP-R0042,"Baja ringan C75 x 0,75 mm",,material,active,,2026-07-26T19:43:41.040Z,a0000000-0000-0000-0000-000000000001,2026-07-26T19:43:41.040Z,,batang
b85d015a-310c-4945-9831-549d502d7daf,AHSP-R0043,"Baja ringan C75 x 0,75 mm (permeter)",,material,active,,2026-07-26T19:43:41.085Z,a0000000-0000-0000-0000-000000000001,2026-07-26T19:43:41.085Z,,m
09194f4c-0fa0-4f67-bd40-df3a2a8f9f96,AHSP-R0044,Paku Rivet,,material,active,,2026-07-26T19:43:41.131Z,a0000000-0000-0000-0000-000000000001,2026-07-26T19:43:41.131Z,,buah
291763b6-8d97-448a-b0e9-edc5178377f6,AHSP-R0045,Reng Baja Ringan,,material,active,,2026-07-26T19:43:41.176Z,a0000000-0000-0000-0000-000000000001,2026-07-26T19:43:41.176Z,,m
77ba6db2-92e0-4290-ad88-f8c4b6ddbcee,AHSP-R0046,Tukang kayu,,labor,active,,2026-07-26T19:43:41.221Z,a0000000-0000-0000-0000-000000000001,2026-07-26T19:43:41.221Z,,OH
0456b663-f692-4f1a-9f2d-4aa69db70bed,AHSP-R0047,Kayu balok 6/12 kelas II,,material,active,,2026-07-26T19:43:41.266Z,a0000000-0000-0000-0000-000000000001,2026-07-26T19:43:41.266Z,,m3
9fc97377-5470-4d5b-af91-e2aea703bff9,AHSP-R0048,Besi strip tebal 5 mm,,material,active,,2026-07-26T19:43:41.310Z,a0000000-0000-0000-0000-000000000001,2026-07-26T19:43:41.310Z,,kg
cbe2bcfc-108f-44ea-8e23-c1941796ce82,AHSP-R0049,Paku 12 cm,,material,active,,2026-07-26T19:43:41.355Z,a0000000-0000-0000-0000-000000000001,2026-07-26T19:43:41.355Z,,kg
0e35ccd7-5ba1-42c7-b677-2507fc122ff4,AHSP-R0050,Kayu balok 6/12 kelas I,,material,active,,2026-07-26T19:43:41.400Z,a0000000-0000-0000-0000-000000000001,2026-07-26T19:43:41.400Z,,m3
46a6a886-6a11-4fc8-97c3-74b16d425c83,AHSP-R0051,Kaso 5/7 kayu Kelas II,,material,active,,2026-07-26T19:43:41.445Z,a0000000-0000-0000-0000-000000000001,2026-07-26T19:43:41.445Z,,m3
9fe8c41d-f5b1-4474-82a1-0f79f42c4378,AHSP-R0052,Reng 2x3 cm,,material,active,,2026-07-26T19:43:41.490Z,a0000000-0000-0000-0000-000000000001,2026-07-26T19:43:41.490Z,,m3
a42c8da6-2665-418d-98c0-5932f9eb06e6,AHSP-R0053,Paku 5 dan 10 cm,,material,active,,2026-07-26T19:43:41.539Z,a0000000-0000-0000-0000-000000000001,2026-07-26T19:43:41.539Z,,kg
7e53c2c2-27b2-48ea-82e7-572dae6cd06e,AHSP-R0054,Reng 3x4 cm,,material,active,,2026-07-26T19:43:41.583Z,a0000000-0000-0000-0000-000000000001,2026-07-26T19:43:41.583Z,,m3
8616f0b6-a234-4561-b2ea-79bd2e79cd5b,AHSP-R0055,Kayu balok 6/15 kelas II (batang),,material,active,,2026-07-26T19:43:41.629Z,a0000000-0000-0000-0000-000000000001,2026-07-26T19:43:41.629Z,,batang
9b3e998a-4c74-4b1b-b3d2-a47f4ff072f5,AHSP-R0056,Paku 4 inch,,material,active,,2026-07-26T19:43:41.674Z,a0000000-0000-0000-0000-000000000001,2026-07-26T19:43:41.674Z,,kg
fb76fd5e-cd33-4937-955b-c017177e2fc9,AHSP-R0057,Baja Tulangan Polos (BjTP) diameter < 12 mm,,material,active,,2026-07-26T19:43:41.719Z,a0000000-0000-0000-0000-000000000001,2026-07-26T19:43:41.719Z,,kg
739ed562-8576-4661-a438-e909b4429422,AHSP-R0058,Kawat beton,,material,active,,2026-07-26T19:43:41.764Z,a0000000-0000-0000-0000-000000000001,2026-07-26T19:43:41.764Z,,kg
e28f989b-cf47-4404-9fcb-3e567a7945bc,AHSP-R0059,Baja Tulangan Polos (BjTP) diameter >12 mm,,material,active,,2026-07-26T19:43:41.808Z,a0000000-0000-0000-0000-000000000001,2026-07-26T19:43:41.808Z,,kg
4e7819b6-5963-4fe9-b57e-01058718a725,AHSP-R0060,Cutter baja beton,,equipment,active,,2026-07-26T19:43:41.854Z,a0000000-0000-0000-0000-000000000001,2026-07-26T19:43:41.854Z,,hari
200e9dc3-879b-43ce-8fa0-f9c91dd8ed5a,AHSP-R0061,Bender baja beton,,equipment,active,,2026-07-26T19:43:41.898Z,a0000000-0000-0000-0000-000000000001,2026-07-26T19:43:41.898Z,,hari
097e79e7-85f9-481b-b77a-d28e3a729cd0,AHSP-R0062,Wiremesh M6,,material,active,,2026-07-26T19:43:41.944Z,a0000000-0000-0000-0000-000000000001,2026-07-26T19:43:41.944Z,,kg
6a12b853-aec1-4cd1-8653-919c0885746b,AHSP-R0063,Tower crane arm 30 m,,equipment,active,,2026-07-26T19:43:41.989Z,a0000000-0000-0000-0000-000000000001,2026-07-26T19:43:41.989Z,,hari
d98d80ec-f766-454b-b4c4-f422fb627893,AHSP-R0064,Wiremesh M12,,material,active,,2026-07-26T19:43:42.033Z,a0000000-0000-0000-0000-000000000001,2026-07-26T19:43:42.033Z,,kg
4f68668f-1585-498c-bc74-edde4ed70bbf,AHSP-R0065,Waterstop lebar 150 mm,,material,active,,2026-07-26T19:43:42.079Z,a0000000-0000-0000-0000-000000000001,2026-07-26T19:43:42.079Z,,m1
744a783c-93e0-4932-925a-c3e1e89c448e,AHSP-R0066,Waterstop lebar 200 mm,,material,active,,2026-07-26T19:43:42.123Z,a0000000-0000-0000-0000-000000000001,2026-07-26T19:43:42.123Z,,m1
f832b38b-9b7f-4afb-ba59-819772f1eeeb,AHSP-R0067,Waterstop lebar 250 mm,,material,active,,2026-07-26T19:43:42.169Z,a0000000-0000-0000-0000-000000000001,2026-07-26T19:43:42.169Z,,m1
6e7e2ebc-54a6-4141-acd3-820866bbca66,AHSP-R0068,Kayu papan kelas III,,material,active,,2026-07-26T19:43:42.214Z,a0000000-0000-0000-0000-000000000001,2026-07-26T19:43:42.214Z,,m3
5ee4e036-8771-4e69-84e1-7d27c9d38f5b,AHSP-R0069,Minyak bekisting,,material,active,,2026-07-26T19:43:42.259Z,a0000000-0000-0000-0000-000000000001,2026-07-26T19:43:42.259Z,,liter
507a1aff-3ca8-424b-a080-873728f7bc74,AHSP-R0070,Kayu papan kelas III,,material,active,,2026-07-26T19:43:42.304Z,a0000000-0000-0000-0000-000000000001,2026-07-26T19:43:42.304Z,,buah
fa5baaf5-8183-4c55-a6d3-1119e2e4e86c,AHSP-R0071,Minyak Bekisting,,material,active,,2026-07-26T19:43:42.349Z,a0000000-0000-0000-0000-000000000001,2026-07-26T19:43:42.349Z,,m3
d270ca1c-8fc4-4965-80ea-176c30fa2e32,AHSP-R0072,Plywood 12 mm,,material,active,,2026-07-26T19:43:42.394Z,a0000000-0000-0000-0000-000000000001,2026-07-26T19:43:42.394Z,,lembar
44ecde41-5133-4b7e-9201-6e43e72a8d18,AHSP-R0073,Dolken kayu φ 8-10 panjang 400 cm,,material,active,,2026-07-26T19:43:42.439Z,a0000000-0000-0000-0000-000000000001,2026-07-26T19:43:42.439Z,,batang
db40dfd0-7400-4fb8-8a03-cc9df606f626,AHSP-R0074,Formtie/penjaga jarak bekesting/spacer,,material,active,,2026-07-26T19:43:42.484Z,a0000000-0000-0000-0000-000000000001,2026-07-26T19:43:42.484Z,,buah
dd3223a9-89b8-4576-8212-51d231804751,AHSP-R0076,Pasir beton,,material,active,,2026-07-26T19:43:42.551Z,a0000000-0000-0000-0000-000000000001,2026-07-26T19:43:42.551Z,,kg
c83efd4a-461a-4c87-9b31-be9cb88f56b3,AHSP-R0077,Kerikil,,material,active,,2026-07-26T19:43:42.595Z,a0000000-0000-0000-0000-000000000001,2026-07-26T19:43:42.595Z,,kg
322de772-3432-42aa-a613-b6cb0d770211,AHSP-R0078,Air,,material,active,,2026-07-26T19:43:42.640Z,a0000000-0000-0000-0000-000000000001,2026-07-26T19:43:42.640Z,,liter
7e669ec3-0339-4888-a401-03dfd1a73e93,AHSP-R0079,Molen beton mixer 350 liter,,equipment,active,,2026-07-26T19:43:42.684Z,a0000000-0000-0000-0000-000000000001,2026-07-26T19:43:42.684Z,,hari
c7359445-d313-42aa-98e9-f0241d3939ae,AHSP-R0080,Fly ash,,material,active,,2026-07-26T19:43:42.729Z,a0000000-0000-0000-0000-000000000001,2026-07-26T19:43:42.729Z,,kg
5d0a7a03-df5a-4034-a9c0-d38cbee3c635,AHSP-R0081,Strorox-100,,material,active,,2026-07-26T19:43:42.774Z,a0000000-0000-0000-0000-000000000001,2026-07-26T19:43:42.774Z,,kg
14cae85f-5052-4ec1-9b20-3b23865a58c5,AHSP-R0082,Adukan beton K-275 ready mix,,material,active,,2026-07-26T19:43:42.819Z,a0000000-0000-0000-0000-000000000001,2026-07-26T19:43:42.819Z,,m3
858ece3d-c6e0-4132-81a7-01cf8e17e254,AHSP-R0083,Beton Ready Mixed f'c 15 MPa,,material,active,,2026-07-26T19:43:42.864Z,a0000000-0000-0000-0000-000000000001,2026-07-26T19:43:42.864Z,,m3
7bab841d-b9c0-473e-89f3-7b87a8dcb94a,AHSP-R0084,Beton Ready Mixed f'c 17 MPa,,material,active,,2026-07-26T19:43:42.908Z,a0000000-0000-0000-0000-000000000001,2026-07-26T19:43:42.908Z,,m3
1e5806bd-a0cd-4f7e-b011-7667ebd7c126,AHSP-R0085,Beton Ready Mixed f'c 20 MPa,,material,active,,2026-07-26T19:43:42.953Z,a0000000-0000-0000-0000-000000000001,2026-07-26T19:43:42.953Z,,m3
2cae0a69-b54d-4484-afbd-ee52d68057a2,AHSP-R0086,Beton Ready Mixed f'c 21 MPa,,material,active,,2026-07-26T19:43:42.998Z,a0000000-0000-0000-0000-000000000001,2026-07-26T19:43:42.998Z,,m3
21f55db4-5d06-4264-a19e-2f99335c3937,AHSP-R0087,Beton Ready Mixed f'c 25 MPa,,material,active,,2026-07-26T19:43:43.042Z,a0000000-0000-0000-0000-000000000001,2026-07-26T19:43:43.042Z,,m3
38083168-7785-45f5-9521-bdee5b67fe7d,AHSP-R0088,Beton Ready Mixed f'c 28 MPa,,material,active,,2026-07-26T19:43:43.087Z,a0000000-0000-0000-0000-000000000001,2026-07-26T19:43:43.087Z,,m3
8fa12023-cfdf-47ba-a373-66e6773206eb,AHSP-R0089,Beton Ready Mixed f'c 30 Mpa,,material,active,,2026-07-26T19:43:43.132Z,a0000000-0000-0000-0000-000000000001,2026-07-26T19:43:43.132Z,,m3
f8bbbaf3-af12-48a6-bf97-fbb63216d23d,AHSP-R0090,Beton Ready Mixed f'c 31 MPa,,material,active,,2026-07-26T19:43:43.177Z,a0000000-0000-0000-0000-000000000001,2026-07-26T19:43:43.177Z,,m3
f50b9ebb-c5d3-4af2-bbf1-102f0fd07734,AHSP-R0091,Beton Ready Mixed f'c 35 MPa,,material,active,,2026-07-26T19:43:43.222Z,a0000000-0000-0000-0000-000000000001,2026-07-26T19:43:43.222Z,,m3
165bc537-12d3-480e-b772-6acf98340f25,AHSP-R0092,"Pompa beton φ 1,5"";5 KW; 8 bar; T = 5 m'",,equipment,active,,2026-07-26T19:43:43.268Z,a0000000-0000-0000-0000-000000000001,2026-07-26T19:43:43.268Z,,hari
e523907c-8d00-4300-89af-f8709e37ea13,AHSP-R0093,"Pompa beton ∅ 2,5"",20 KW; 20 bar, T = 18 m'",,equipment,active,,2026-07-26T19:43:43.313Z,a0000000-0000-0000-0000-000000000001,2026-07-26T19:43:43.313Z,,hari
3969f94c-4a0c-4d24-adf7-ad36dbb5ea2a,AHSP-R0094,"Pompa beton ∅ 2,5"", 75KW; 120 bar, T= 50 m'/H=80 m’",,equipment,active,,2026-07-26T19:43:43.358Z,a0000000-0000-0000-0000-000000000001,2026-07-26T19:43:43.358Z,,hari
65c2cfad-222e-4bc5-8730-62259467e1ac,AHSP-R0095,"Pompa beton ∅ 3"",140KW; 180 bar, T = 75 m' / H=150 m'",,equipment,active,,2026-07-26T19:43:43.403Z,a0000000-0000-0000-0000-000000000001,2026-07-26T19:43:43.403Z,,hari
515a41c4-d50c-4bdd-b30b-461c61826592,AHSP-R0096,Concrete vibrator,,equipment,active,,2026-07-26T19:43:43.448Z,a0000000-0000-0000-0000-000000000001,2026-07-26T19:43:43.448Z,,hari
ed7094f3-cacc-41da-8732-f66fd15d6827,AHSP-R0097,Pasir Pasang,,material,active,,2026-07-26T19:43:43.493Z,a0000000-0000-0000-0000-000000000001,2026-07-26T19:43:43.493Z,,m3
cd445800-8db1-4ed5-adce-12bfcea5ee58,AHSP-R0098,Terpal,,material,active,,2026-07-26T19:43:43.539Z,a0000000-0000-0000-0000-000000000001,2026-07-26T19:43:43.539Z,,m2
706d8685-5d34-4494-a696-8218ee182167,AHSP-R0099,Karung goni,,material,active,,2026-07-26T19:43:43.584Z,a0000000-0000-0000-0000-000000000001,2026-07-26T19:43:43.584Z,,m2
71f567e8-443d-4da8-946a-e147f07e7fa7,AHSP-R0100,BjTP,,material,active,,2026-07-26T19:43:43.629Z,a0000000-0000-0000-0000-000000000001,2026-07-26T19:43:43.629Z,,kg
e06e61cc-219f-4ef4-b55b-2dacb4c85ec3,AHSP-R0101,Pasir beton (quarry - lokasi pekerjaan),,material,active,,2026-07-26T19:43:43.673Z,a0000000-0000-0000-0000-000000000001,2026-07-26T19:43:43.673Z,,m3
5d9a1e0a-9643-4b33-87bd-bdd764243f29,AHSP-R0102,Batu split 1/2,,material,active,,2026-07-26T19:43:43.718Z,a0000000-0000-0000-0000-000000000001,2026-07-26T19:43:43.718Z,,m3
93abc265-4b1a-459e-aab1-92b3fc92284d,AHSP-R0103,Semen grout,,material,active,,2026-07-26T19:43:43.763Z,a0000000-0000-0000-0000-000000000001,2026-07-26T19:43:43.763Z,,kg
3912e4cf-509a-45e1-964b-554e04ece653,AHSP-R0104,Epoxy resin grout,,material,active,,2026-07-26T19:43:43.809Z,a0000000-0000-0000-0000-000000000001,2026-07-26T19:43:43.809Z,,kg
948d39a1-7b01-4ed6-a460-c48b42806e39,AHSP-R0105,Pressure grout machine 30 KW; 60 -75 bar (D),,equipment,active,,2026-07-26T19:43:43.854Z,a0000000-0000-0000-0000-000000000001,2026-07-26T19:43:43.854Z,,jam
7ee9c8fd-8b84-4e15-9fe7-2af535f9fc8d,AHSP-R0106,Batu belah (quarry - lokasi pekerjaan),,material,active,,2026-07-26T19:43:43.898Z,a0000000-0000-0000-0000-000000000001,2026-07-26T19:43:43.898Z,,m3
cdbbcb61-ef9b-44e1-b475-897f0de1b1d7,AHSP-R0108,Pasir beton (quarry - lokasi pekerjaan),,material,active,,2026-07-26T19:43:43.965Z,a0000000-0000-0000-0000-000000000001,2026-07-26T19:43:43.965Z,,kg
e7ebee78-4cda-4c29-9baf-c62d43aa3783,AHSP-R0109,Agregat kasar,,material,active,,2026-07-26T19:43:44.011Z,a0000000-0000-0000-0000-000000000001,2026-07-26T19:43:44.011Z,,kg
e8cf8471-540d-40da-878d-6a6593d700ba,AHSP-R0110,Bentonite,,material,active,,2026-07-26T19:43:44.056Z,a0000000-0000-0000-0000-000000000001,2026-07-26T19:43:44.056Z,,m3
0058982b-2d09-4f20-9dce-134b301655ce,AHSP-R0111,"Stang bor, batang bor dia. 1-1/4""",,equipment,active,,2026-07-26T19:43:44.103Z,a0000000-0000-0000-0000-000000000001,2026-07-26T19:43:44.103Z,,hari
068147cd-15bb-4dbf-b28e-cfdb7cd4693e,AHSP-R0112,Mata bor auger 20 cm,,equipment,active,,2026-07-26T19:43:44.148Z,a0000000-0000-0000-0000-000000000001,2026-07-26T19:43:44.148Z,,hari
0769b546-2c55-423d-8cb9-e2a1a84e3ef6,AHSP-R0113,Sewa casing PVC dia. 20 cm,,equipment,active,,2026-07-26T19:43:44.193Z,a0000000-0000-0000-0000-000000000001,2026-07-26T19:43:44.193Z,,m1
c11d06b7-450e-4370-ba78-38c767978e96,AHSP-R0114,Mata bor auger 30 cm,,equipment,active,,2026-07-26T19:43:44.238Z,a0000000-0000-0000-0000-000000000001,2026-07-26T19:43:44.238Z,,hari
466f2b64-631e-491c-93f8-029b43ecb6b4,AHSP-R0115,Sewa casing pipa baja dia. 30 cm,,equipment,active,,2026-07-26T19:43:44.283Z,a0000000-0000-0000-0000-000000000001,2026-07-26T19:43:44.283Z,,m1
4a8d7310-952f-484d-a0e4-839420d3cdfb,AHSP-R0116,Mata bor auger 40 cm,,equipment,active,,2026-07-26T19:43:44.329Z,a0000000-0000-0000-0000-000000000001,2026-07-26T19:43:44.329Z,,hari
4881711c-8a02-4d3c-8d93-75afa12abcec,AHSP-R0117,Sewa casing pipa baja dia. 40 cm,,equipment,active,,2026-07-26T19:43:44.373Z,a0000000-0000-0000-0000-000000000001,2026-07-26T19:43:44.373Z,,m1
c948267c-bb12-472e-b739-9fb8c2d41d91,AHSP-R0118,Mata bor auger 50 cm,,equipment,active,,2026-07-26T19:43:44.418Z,a0000000-0000-0000-0000-000000000001,2026-07-26T19:43:44.418Z,,hari
1c743775-7154-4fc4-8441-a38f91050f2f,AHSP-R0119,Sewa casing pipa baja dia. 50 cm,,equipment,active,,2026-07-26T19:43:44.462Z,a0000000-0000-0000-0000-000000000001,2026-07-26T19:43:44.462Z,,m1
891e29ee-6595-4518-a349-47c057ef4c9e,AHSP-R0120,Tukang batu ( OJ ),,labor,active,,2026-07-26T19:43:44.507Z,a0000000-0000-0000-0000-000000000001,2026-07-26T19:43:44.507Z,,OJ
c8ec4e7f-03ff-492b-b544-c383c38b1a12,AHSP-R0121,Bore Pile Machine,,equipment,active,,2026-07-26T19:43:44.552Z,a0000000-0000-0000-0000-000000000001,2026-07-26T19:43:44.552Z,,jam
12f03102-042f-42fe-abfe-5f505ff399df,AHSP-R0122,Alat Penyambung Balok,,material,active,,2026-07-26T19:43:44.597Z,a0000000-0000-0000-0000-000000000001,2026-07-26T19:43:44.597Z,,buah
3b8dc692-d0b0-4054-9af0-85afbffc72d3,AHSP-R0123,Sepatu pancang beton,,material,active,,2026-07-26T19:43:44.643Z,a0000000-0000-0000-0000-000000000001,2026-07-26T19:43:44.643Z,,buah
92060ec6-cfce-43ae-bda4-77a2aa50c900,AHSP-R0124,Crawler Crane 10 ton + Ladder 14 ton,,equipment,active,,2026-07-26T19:43:44.687Z,a0000000-0000-0000-0000-000000000001,2026-07-26T19:43:44.687Z,,jam
4f33cde7-4d9d-4bc9-93f5-f4eff06bc4f6,AHSP-R0125,Driver Hammer,,equipment,active,,2026-07-26T19:43:44.732Z,a0000000-0000-0000-0000-000000000001,2026-07-26T19:43:44.732Z,,jam
55bbc362-e4d9-4b09-a5ad-0b5c705e4af0,AHSP-R0126,Alat Penyambung beton,,material,active,,2026-07-26T19:43:44.777Z,a0000000-0000-0000-0000-000000000001,2026-07-26T19:43:44.777Z,,buah
98a37d02-4979-4245-9583-b1c5eba5d865,AHSP-R0127,Sepatu Pancang,,material,active,,2026-07-26T19:43:44.822Z,a0000000-0000-0000-0000-000000000001,2026-07-26T19:43:44.822Z,,buah
338eef70-6e9f-482e-9f68-3017e209260d,AHSP-R0128,Driver Hammer 2 ton,,equipment,active,,2026-07-26T19:43:44.867Z,a0000000-0000-0000-0000-000000000001,2026-07-26T19:43:44.867Z,,jam
b1d05faf-6095-4159-82ab-a27af0e94a90,AHSP-R0129,Alat Penyambung beton dia. 30 cm,,material,active,,2026-07-26T19:43:44.912Z,a0000000-0000-0000-0000-000000000001,2026-07-26T19:43:44.912Z,,buah
8fbf5ee7-b590-4050-afd4-6507947c3c6a,AHSP-R0130,Sepatu pancang dia. 30 cm,,material,active,,2026-07-26T19:43:44.957Z,a0000000-0000-0000-0000-000000000001,2026-07-26T19:43:44.957Z,,buah
8f573d2a-9667-4838-ade4-a268e87f6ecb,AHSP-R0131,Alat Penyambung beton dia. 35 cm,,material,active,,2026-07-26T19:43:45.003Z,a0000000-0000-0000-0000-000000000001,2026-07-26T19:43:45.003Z,,buah
e6b16191-f92b-436d-ad31-98547c0c9e44,AHSP-R0132,Sepatu pancang dia. 35 cm,,material,active,,2026-07-26T19:43:45.048Z,a0000000-0000-0000-0000-000000000001,2026-07-26T19:43:45.048Z,,buah
abfafa4f-9645-45a1-8bfe-c8c6bd11d863,AHSP-R0133,Kawat Las,,material,active,,2026-07-26T19:43:45.093Z,a0000000-0000-0000-0000-000000000001,2026-07-26T19:43:45.093Z,,kg
4b96a34f-0153-487b-828f-fae4ba0a0869,AHSP-R0134,Alat Las Listrik 150 A,,equipment,active,,2026-07-26T19:43:45.139Z,a0000000-0000-0000-0000-000000000001,2026-07-26T19:43:45.139Z,,jam
f4881c2a-29b2-48f6-864c-c628d557c620,AHSP-R0135,Alat Las Listrik 250 A,,equipment,active,,2026-07-26T19:43:45.184Z,a0000000-0000-0000-0000-000000000001,2026-07-26T19:43:45.184Z,,jam
21738bf9-8c49-4f27-a062-7aabe5a3c672,AHSP-R0136,Alat Las Listrik 350 A,,equipment,active,,2026-07-26T19:43:45.230Z,a0000000-0000-0000-0000-000000000001,2026-07-26T19:43:45.230Z,,jam
ff3db785-eb9b-4c4e-8cd1-f6a4f15b5309,AHSP-R0137,Alat Las Listrik 500 A,,equipment,active,,2026-07-26T19:43:45.281Z,a0000000-0000-0000-0000-000000000001,2026-07-26T19:43:45.281Z,,jam
fff9b2aa-ba69-4326-9107-a5ad0208717a,AHSP-R0138,Alat pancang Hidraulik Pile Driver,,equipment,active,,2026-07-26T19:43:45.326Z,a0000000-0000-0000-0000-000000000001,2026-07-26T19:43:45.326Z,,jam
f142988f-b21f-49af-ab67-56eec9a41a92,AHSP-R0139,Crawler Crane 20 ton + Ladder 14 ton,,equipment,active,,2026-07-26T19:43:45.371Z,a0000000-0000-0000-0000-000000000001,2026-07-26T19:43:45.371Z,,jam
5eaec7d1-b116-4b27-a49a-7f28555c9a21,AHSP-R0140,Baja Profil,,material,active,,2026-07-26T19:43:45.416Z,a0000000-0000-0000-0000-000000000001,2026-07-26T19:43:45.416Z,,kg
485a905b-7b21-485c-a79d-a92a6acc99d7,AHSP-R0141,Alat Las Listrik,,equipment,active,,2026-07-26T19:43:45.460Z,a0000000-0000-0000-0000-000000000001,2026-07-26T19:43:45.460Z,,jam
e17decda-0c04-4c54-94c9-0091c7bd8235,AHSP-R0142,Sewa mobil crane,,equipment,active,,2026-07-26T19:43:45.505Z,a0000000-0000-0000-0000-000000000001,2026-07-26T19:43:45.505Z,,jam
5b4fbdb1-37ec-444e-ad15-378f8454f7b2,AHSP-R0143,Tukang las,,labor,active,,2026-07-26T19:43:45.550Z,a0000000-0000-0000-0000-000000000001,2026-07-26T19:43:45.550Z,,OH
e73092da-7863-4288-ac0b-71e4d476f74c,AHSP-R0144,Besi angkur/mur/baut,,material,active,,2026-07-26T19:43:45.594Z,a0000000-0000-0000-0000-000000000001,2026-07-26T19:43:45.594Z,,kg
1845cc17-f16d-458f-9668-f891a27ac5c5,AHSP-R0145,Alat Las Listrik,,equipment,active,,2026-07-26T19:43:45.639Z,a0000000-0000-0000-0000-000000000001,2026-07-26T19:43:45.639Z,,hari
f47cafa4-f417-44a2-8880-df638bffd0a5,AHSP-R0146,Baut,,material,active,,2026-07-26T19:43:45.684Z,a0000000-0000-0000-0000-000000000001,2026-07-26T19:43:45.684Z,,kg
8020307c-041f-412a-8826-395c38dcea72,AHSP-R0147,Kunci momen,,equipment,active,,2026-07-26T19:43:45.729Z,a0000000-0000-0000-0000-000000000001,2026-07-26T19:43:45.729Z,,hari
4138b0dd-12a8-4c5c-9aa8-36e876b84446,AHSP-R0148,Besi plat baja tebal 2 mm,,material,active,,2026-07-26T19:43:45.773Z,a0000000-0000-0000-0000-000000000001,2026-07-26T19:43:45.773Z,,kg
7e5acd77-150d-4840-9b8c-8bd6dfe2b839,AHSP-R0149,Baja Profil Siku,,material,active,,2026-07-26T19:43:45.818Z,a0000000-0000-0000-0000-000000000001,2026-07-26T19:43:45.818Z,,kg
bfec00c3-15f8-4da5-ab67-4521bd62dc39,AHSP-R0150,U-bolt dan nut,,material,active,,2026-07-26T19:43:45.863Z,a0000000-0000-0000-0000-000000000001,2026-07-26T19:43:45.863Z,,kg
aba91747-614d-4b51-a49b-e5dadd2a5274,AHSP-R0151,Lantai kerja,,material,active,,2026-07-26T19:43:45.908Z,a0000000-0000-0000-0000-000000000001,2026-07-26T19:43:45.908Z,,m3
2bd9c186-330a-4bad-8631-135f39258d80,AHSP-R0152,Besi hollow  50.50.3,,material,active,,2026-07-26T19:43:45.953Z,a0000000-0000-0000-0000-000000000001,2026-07-26T19:43:45.953Z,,kg
49e6e665-f63a-4bf8-9126-35ce79f1e5a4,AHSP-R0153,kaso 5/7,,material,active,,2026-07-26T19:43:45.999Z,a0000000-0000-0000-0000-000000000001,2026-07-26T19:43:45.999Z,,m3
48b1f2fb-d00b-4275-b0d1-f86d2e301a68,AHSP-R0154,Phenol film 12mm,,material,active,,2026-07-26T19:43:46.044Z,a0000000-0000-0000-0000-000000000001,2026-07-26T19:43:46.044Z,,lembar
2a806c1d-e85f-461d-9779-58e5550911c3,AHSP-R0155,Dinabolt dia. 12mm (10-15 cm),,material,active,,2026-07-26T19:43:46.090Z,a0000000-0000-0000-0000-000000000001,2026-07-26T19:43:46.090Z,,buah
4395b5de-03ba-41e9-8c65-887b7c15b206,AHSP-R0156,Paku 2 inch,,material,active,,2026-07-26T19:43:46.135Z,a0000000-0000-0000-0000-000000000001,2026-07-26T19:43:46.135Z,,kg
60e89b3c-0e3d-43c6-ae39-fef95c6b7b66,AHSP-R0157,kayu,,material,active,,2026-07-26T19:43:46.180Z,a0000000-0000-0000-0000-000000000001,2026-07-26T19:43:46.180Z,,m3
fd5a9920-dfe3-4409-93e5-a2dbb357a957,AHSP-R0158,Papan Cor,,material,active,,2026-07-26T19:43:46.225Z,a0000000-0000-0000-0000-000000000001,2026-07-26T19:43:46.225Z,,m3
5a648c68-fece-44d3-9025-5791995e0a0b,AHSP-R0159,Paku 2 inch,,material,active,,2026-07-26T19:43:46.270Z,a0000000-0000-0000-0000-000000000001,2026-07-26T19:43:46.270Z,,liter
0d48ef8a-f99a-4fc3-96a1-b4da65af8549,AHSP-R0160,Tenaga Terampil Operator,,labor,active,,2026-07-26T19:43:46.315Z,a0000000-0000-0000-0000-000000000001,2026-07-26T19:43:46.315Z,,OH
2fe4b4ca-ee4e-4812-8223-0aabc15e71ed,AHSP-R0161,Crane,,equipment,active,,2026-07-26T19:43:46.361Z,a0000000-0000-0000-0000-000000000001,2026-07-26T19:43:46.361Z,,unit_hari
3c2e8df5-1491-48d1-ae06-3cd7791f4bbd,AHSP-R0162,Tukang erection,,labor,active,,2026-07-26T19:43:46.406Z,a0000000-0000-0000-0000-000000000001,2026-07-26T19:43:46.406Z,,OH
90600d0a-aec4-4512-abe7-5cbbdff182f4,AHSP-R0163,Sewa Pipe Support,,equipment,active,,2026-07-26T19:43:46.451Z,a0000000-0000-0000-0000-000000000001,2026-07-26T19:43:46.451Z,,buah_hari
af525b44-a362-46b6-962a-70f131a8784d,AHSP-R0164,- Scaffolding Pipe brancing 6 m,,equipment,active,,2026-07-26T19:43:46.496Z,a0000000-0000-0000-0000-000000000001,2026-07-26T19:43:46.496Z,,buah_hari
3523e672-c403-486d-a1e7-ea746c0bd37c,AHSP-R0165,Prestressed Concrete (PC) Strand,,material,active,,2026-07-26T19:43:46.541Z,a0000000-0000-0000-0000-000000000001,2026-07-26T19:43:46.541Z,,kg
78c14775-43b3-4be4-bc7c-e421e2ca7a63,AHSP-R0166,Alat  penyambung tiang pancang dolken,,material,active,,2026-07-26T19:43:46.586Z,a0000000-0000-0000-0000-000000000001,2026-07-26T19:43:46.586Z,,buah
736b8ccd-612f-4e0d-b923-afb64f364634,AHSP-R0167,Alat Pancang Mini Pile,,equipment,active,,2026-07-26T19:43:46.633Z,a0000000-0000-0000-0000-000000000001,2026-07-26T19:43:46.633Z,,hari
75b95c73-ac3b-436b-a3cc-cffc63abd3de,AHSP-R0168,Alat sambung kayu terbuat dari baja,,material,active,,2026-07-26T19:43:46.677Z,a0000000-0000-0000-0000-000000000001,2026-07-26T19:43:46.677Z,,buah
6b2c67ea-ee1f-4501-b99c-b9e6c8af35c6,AHSP-R0169,Sewa mobil crane Hari,,equipment,active,,2026-07-26T19:43:46.722Z,a0000000-0000-0000-0000-000000000001,2026-07-26T19:43:46.722Z,,hari
b944ed43-227b-4d42-906d-b1a39194972c,AHSP-R0170,Alat Pancang Mini Pile Hari,,equipment,active,,2026-07-26T19:43:46.767Z,a0000000-0000-0000-0000-000000000001,2026-07-26T19:43:46.767Z,,hari
b662d037-da5f-4c4d-aa07-5459f4203848,AHSP-R0171,"Bambu panjang 4,5 m",,material,active,,2026-07-26T19:43:46.812Z,a0000000-0000-0000-0000-000000000001,2026-07-26T19:43:46.812Z,,batang
5533b349-f618-414c-b281-4e63b714fbf7,AHSP-R0172,Anyaman Bambu,,material,active,,2026-07-26T19:43:46.857Z,a0000000-0000-0000-0000-000000000001,2026-07-26T19:43:46.857Z,,lembar
131c0120-da30-4d53-93f0-bacef0c8d480,AHSP-R0173,Kawat bendrat,,material,active,,2026-07-26T19:43:46.901Z,a0000000-0000-0000-0000-000000000001,2026-07-26T19:43:46.901Z,,kg
04d07f3c-1c46-417d-87cc-38f548796c63,AHSP-R0174,"Pipa PVC dia. 1""",,material,active,,2026-07-26T19:43:46.946Z,a0000000-0000-0000-0000-000000000001,2026-07-26T19:43:46.946Z,,m1
aadeeee6-dbb6-4426-9bff-93049121b9d0,AHSP-R0175,Ijuk,,material,active,,2026-07-26T19:43:46.991Z,a0000000-0000-0000-0000-000000000001,2026-07-26T19:43:46.991Z,,kg
037e4f00-9a35-476c-a3ff-3bb4bf630a5a,AHSP-R0176,Geotekstil woven 400 gr/m2,,material,active,,2026-07-26T19:43:47.036Z,a0000000-0000-0000-0000-000000000001,2026-07-26T19:43:47.036Z,,m2
e6414cf9-74f0-4dcc-bcc9-a5a878e63dc2,AHSP-R0177,"Pipa PVC dia. 2""",,material,active,,2026-07-26T19:43:47.081Z,a0000000-0000-0000-0000-000000000001,2026-07-26T19:43:47.081Z,,m1
e3a56564-23c3-4f1f-9bfd-397ff688e491,AHSP-R0178,Tukang penganyam bronjong,,labor,active,,2026-07-26T19:43:47.127Z,a0000000-0000-0000-0000-000000000001,2026-07-26T19:43:47.127Z,,OH
696af157-79d1-450b-a4fa-2cd93466fc2a,AHSP-R0179,Batu,,material,active,,2026-07-26T19:43:47.175Z,a0000000-0000-0000-0000-000000000001,2026-07-26T19:43:47.175Z,,m3
f974fec3-dbf5-46c1-9d7e-c029d8784162,AHSP-R0180,Kawat  bronjong,,material,active,,2026-07-26T19:43:47.221Z,a0000000-0000-0000-0000-000000000001,2026-07-26T19:43:47.221Z,,kg
976c9bc9-cf6c-433c-8566-11b71442638b,AHSP-R0181,"Bronjong kawat  pabrikan Uk.2x1x0,5 ø  3mm mesh 8x10",,material,active,,2026-07-26T19:43:47.266Z,a0000000-0000-0000-0000-000000000001,2026-07-26T19:43:47.266Z,,buah
e1bde971-2110-4b4a-ad7f-c8439d5c0b9d,AHSP-R0182,Genteng palentong,,material,active,,2026-07-26T19:43:47.311Z,a0000000-0000-0000-0000-000000000001,2026-07-26T19:43:47.311Z,,buah
3922ab07-e8f2-416b-a519-187d4ce32592,AHSP-R0183,Genteng kodok glazuur,,material,active,,2026-07-26T19:43:47.357Z,a0000000-0000-0000-0000-000000000001,2026-07-26T19:43:47.357Z,,buah
5b5018d4-b7d4-499e-be3b-48b08fddd06b,AHSP-R0184,Genteng palentong super,,material,active,,2026-07-26T19:43:47.402Z,a0000000-0000-0000-0000-000000000001,2026-07-26T19:43:47.402Z,,buah
94169983-5fc9-41e0-9438-33b30540bd70,AHSP-R0185,Genteng beton,,material,active,,2026-07-26T19:43:47.447Z,a0000000-0000-0000-0000-000000000001,2026-07-26T19:43:47.447Z,,buah
93485526-15f8-4196-87d8-e886d71edf23,AHSP-R0186,Paku biasa 5 inchi,,material,active,,2026-07-26T19:43:47.493Z,a0000000-0000-0000-0000-000000000001,2026-07-26T19:43:47.493Z,,kg
8a65ab53-4fd5-4e32-8159-5d3bb56651f2,AHSP-R0187,Bubung genteng palentong,,material,active,,2026-07-26T19:43:47.538Z,a0000000-0000-0000-0000-000000000001,2026-07-26T19:43:47.538Z,,buah
cfadbaee-a25e-4cf2-b1f4-74f3242a6b5e,AHSP-R0188,Bubung genteng kodok,,material,active,,2026-07-26T19:43:47.583Z,a0000000-0000-0000-0000-000000000001,2026-07-26T19:43:47.583Z,,buah
205ae44d-6c4b-46cc-adbd-cc7c8ad2e21b,AHSP-R0189,Nok genteng beton,,material,active,,2026-07-26T19:43:47.629Z,a0000000-0000-0000-0000-000000000001,2026-07-26T19:43:47.629Z,,buah
74767b30-5f14-4ca6-b2df-174ba95fccb8,AHSP-R0190,Paku 1 inch,,material,active,,2026-07-26T19:43:47.674Z,a0000000-0000-0000-0000-000000000001,2026-07-26T19:43:47.674Z,,kg
2f17de73-4088-402d-8789-d3aef91e044f,AHSP-R0191,Semen warna,,material,active,,2026-07-26T19:43:47.719Z,a0000000-0000-0000-0000-000000000001,2026-07-26T19:43:47.719Z,,kg
b310da55-b07c-4107-90c1-4206c023eeaa,AHSP-R0192,"Asbes gelombang besar 5 mm, 250x92 cm",,material,active,,2026-07-26T19:43:47.764Z,a0000000-0000-0000-0000-000000000001,2026-07-26T19:43:47.764Z,,lembar
b079a9ae-b63c-434c-8c91-1ba630b56acb,AHSP-R0193,Paku pancing 6x23,,material,active,,2026-07-26T19:43:47.809Z,a0000000-0000-0000-0000-000000000001,2026-07-26T19:43:47.809Z,,kg
8834950f-4f37-4ba2-99e4-e26e7c232995,AHSP-R0194,"Asbes gelombang besar 5 mm, 225x92 cm",,material,active,,2026-07-26T19:43:47.854Z,a0000000-0000-0000-0000-000000000001,2026-07-26T19:43:47.854Z,,lembar
feb551e8-7e6f-45d8-989f-c89c9ae9d89c,AHSP-R0195,"Asbes gelombang besar 5 mm, 200x92 cm",,material,active,,2026-07-26T19:43:47.899Z,a0000000-0000-0000-0000-000000000001,2026-07-26T19:43:47.899Z,,lembar
fcd3bcd3-7a9f-459f-9a3e-0a11a1a73bd0,AHSP-R0196,"Asbes gelombang besar 5 mm, 180x92 cm",,material,active,,2026-07-26T19:43:47.945Z,a0000000-0000-0000-0000-000000000001,2026-07-26T19:43:47.945Z,,lembar
be69d2d5-3cbf-4252-ac56-9dcfddf06a57,AHSP-R0197,"Asbes gelombang kecil 4 mm, 270x105 cm",,material,active,,2026-07-26T19:43:47.990Z,a0000000-0000-0000-0000-000000000001,2026-07-26T19:43:47.990Z,,lembar
df164847-4d27-42c5-8fce-36359dee851f,AHSP-R0198,"Asbes gelombang besar 5 mm, 300x105 cm",,material,active,,2026-07-26T19:43:48.034Z,a0000000-0000-0000-0000-000000000001,2026-07-26T19:43:48.034Z,,lembar
312bcdb1-dbd8-45a4-963a-185007ea6ae7,AHSP-R0199,"Asbes gelombang besar 5 mm, 240x105 cm",,material,active,,2026-07-26T19:43:48.079Z,a0000000-0000-0000-0000-000000000001,2026-07-26T19:43:48.079Z,,lembar
db3b44d5-802b-42b9-9900-1752f5a16aba,AHSP-R0200,"Asbes gelombang besar 5 mm, 210x105 cm",,material,active,,2026-07-26T19:43:48.124Z,a0000000-0000-0000-0000-000000000001,2026-07-26T19:43:48.124Z,,lembar
78736b70-b3bb-4a38-b7e1-c32472f18bd2,AHSP-R0201,"Asbes gelombang besar 5 mm, 150x105 cm",,material,active,,2026-07-26T19:43:48.169Z,a0000000-0000-0000-0000-000000000001,2026-07-26T19:43:48.169Z,,lembar
0fbb5bb7-8102-460a-a530-c81e34874868,AHSP-R0202,"Asbes gelombang besar 6 mm, 300x108 cm",,material,active,,2026-07-26T19:43:48.214Z,a0000000-0000-0000-0000-000000000001,2026-07-26T19:43:48.214Z,,lembar
37be495f-3e2f-436c-bc24-402b72cecd2a,AHSP-R0203,"Asbes gelombang besar 6 mm, 270x108 cm",,material,active,,2026-07-26T19:43:48.258Z,a0000000-0000-0000-0000-000000000001,2026-07-26T19:43:48.258Z,,lembar
b6fbba25-6215-47ef-bba8-4f85cb051286,AHSP-R0204,"Asbes gelombang besar 6 mm, 240x108 cm",,material,active,,2026-07-26T19:43:48.303Z,a0000000-0000-0000-0000-000000000001,2026-07-26T19:43:48.303Z,,lembar
deaddb86-e8de-4c6c-bebb-06401ab4b956,AHSP-R0205,"Asbes gelombang besar 6 mm, 210x108 cm",,material,active,,2026-07-26T19:43:48.348Z,a0000000-0000-0000-0000-000000000001,2026-07-26T19:43:48.348Z,,lembar
413ac72c-ba6f-4b90-b682-a40f6b198583,AHSP-R0206,"Asbes gelombang besar 6 mm, 180x108 cm",,material,active,,2026-07-26T19:43:48.394Z,a0000000-0000-0000-0000-000000000001,2026-07-26T19:43:48.394Z,,lembar
d329f89d-a303-42a2-a9cc-52eedc168cbe,AHSP-R0207,Nok stel gelombang 92 cm,,material,active,,2026-07-26T19:43:48.438Z,a0000000-0000-0000-0000-000000000001,2026-07-26T19:43:48.438Z,,lembar
6dce6f03-b909-4928-8400-2c954e84aaf6,AHSP-R0208,Paku sekrup,,material,active,,2026-07-26T19:43:48.483Z,a0000000-0000-0000-0000-000000000001,2026-07-26T19:43:48.483Z,,kg
b273f5a5-a7eb-4ccb-b120-af512769071d,AHSP-R0209,Nok stel gelombang 105 cm,,material,active,,2026-07-26T19:43:48.528Z,a0000000-0000-0000-0000-000000000001,2026-07-26T19:43:48.528Z,,lembar
6e56d43a-c386-4564-9c5a-600c56efae91,AHSP-R0210,Nok stel gelombang 108 cm,,material,active,,2026-07-26T19:43:48.572Z,a0000000-0000-0000-0000-000000000001,2026-07-26T19:43:48.572Z,,lembar
2979af6d-e657-479d-ba75-bf832cbda690,AHSP-R0211,Nok paten 92 cm,,material,active,,2026-07-26T19:43:48.617Z,a0000000-0000-0000-0000-000000000001,2026-07-26T19:43:48.617Z,,lembar
71b3e528-2bb0-4ee3-84d5-0e65ab226be1,AHSP-R0212,Paku sekrup,,material,active,,2026-07-26T19:43:48.662Z,a0000000-0000-0000-0000-000000000001,2026-07-26T19:43:48.662Z,,buah
51555cd9-35c6-4174-ba57-33fffb655ea1,AHSP-R0213,Nok paten 105 cm,,material,active,,2026-07-26T19:43:48.707Z,a0000000-0000-0000-0000-000000000001,2026-07-26T19:43:48.707Z,,lembar
cf4df203-3cd0-493b-91ec-e074c9fed8f4,AHSP-R0214,Nok paten 108 cm,,material,active,,2026-07-26T19:43:48.752Z,a0000000-0000-0000-0000-000000000001,2026-07-26T19:43:48.752Z,,lembar
a17e90cd-a6c7-4479-b4b7-f81eb84c03e7,AHSP-R0215,Nok setel rata 92 cm,,material,active,,2026-07-26T19:43:48.797Z,a0000000-0000-0000-0000-000000000001,2026-07-26T19:43:48.797Z,,lembar
7605880b-74ee-4a73-8e8d-2c852ad11424,AHSP-R0216,Nok setel rata 105 cm,,material,active,,2026-07-26T19:43:48.842Z,a0000000-0000-0000-0000-000000000001,2026-07-26T19:43:48.842Z,,lembar
6037ecb0-209e-40ff-b77d-a50a42efec65,AHSP-R0217,Nok setel rata 108 cm,,material,active,,2026-07-26T19:43:48.887Z,a0000000-0000-0000-0000-000000000001,2026-07-26T19:43:48.887Z,,lembar
94878e95-f402-45f1-bbb7-a5b87c3d05be,AHSP-R0218,Seng Gelombang 105 cm x 180 cm,,material,active,,2026-07-26T19:43:48.933Z,a0000000-0000-0000-0000-000000000001,2026-07-26T19:43:48.933Z,,lembar
5dafba02-b6ad-4b47-973a-7170212de17d,AHSP-R0219,Aluminium gelombang 95x180 cm,,material,active,,2026-07-26T19:43:48.978Z,a0000000-0000-0000-0000-000000000001,2026-07-26T19:43:48.978Z,,lembar
15a3bc67-cc05-444b-a2a3-2824578f3262,AHSP-R0220,Sirap kayu,,material,active,,2026-07-26T19:43:49.022Z,a0000000-0000-0000-0000-000000000001,2026-07-26T19:43:49.022Z,,buah
6236c547-3100-4a2b-bfee-62b629979a81,AHSP-R0221,Roof light fiberglass,,material,active,,2026-07-26T19:43:49.070Z,a0000000-0000-0000-0000-000000000001,2026-07-26T19:43:49.070Z,,lembar
8d5ef6c2-e3dd-4b64-8bd6-5da9eb8e38d8,AHSP-R0222,Atap UPVC,,material,active,,2026-07-26T19:43:49.115Z,a0000000-0000-0000-0000-000000000001,2026-07-26T19:43:49.115Z,,m2
600c824d-e06d-405e-8a1b-1a6c46c8ac9c,AHSP-R0223,Paku sekrup (buah),,material,active,,2026-07-26T19:43:49.160Z,a0000000-0000-0000-0000-000000000001,2026-07-26T19:43:49.160Z,,buah
b44720ab-6fce-414c-92c9-b5e9aafb688a,AHSP-R0224,Genteng aspal 80x100 cm,,material,active,,2026-07-26T19:43:49.205Z,a0000000-0000-0000-0000-000000000001,2026-07-26T19:43:49.205Z,,buah
0d853af8-9890-4ac6-98ba-cf354b2622b4,AHSP-R0225,Plywood 6 mm,,material,active,,2026-07-26T19:43:49.249Z,a0000000-0000-0000-0000-000000000001,2026-07-26T19:43:49.249Z,,lembar
d1842366-a0dd-49dc-b7db-2773ccfd2169,AHSP-R0226,Plastik aerator,,material,active,,2026-07-26T19:43:49.295Z,a0000000-0000-0000-0000-000000000001,2026-07-26T19:43:49.295Z,,buah
7252a269-b331-4fde-8323-d67a7d07ac92,AHSP-R0227,Atap metal lembaran,,material,active,,2026-07-26T19:43:49.340Z,a0000000-0000-0000-0000-000000000001,2026-07-26T19:43:49.340Z,,m2
8f31a97d-f54c-40e4-8846-3f378f3235fb,AHSP-R0228,Atap metal menerus,,material,active,,2026-07-26T19:43:49.385Z,a0000000-0000-0000-0000-000000000001,2026-07-26T19:43:49.385Z,,m2
712e02b9-dc67-4c9b-b35e-6d93c786e2e4,AHSP-R0229,Kaca tempered 12 mm,,material,active,,2026-07-26T19:43:49.430Z,a0000000-0000-0000-0000-000000000001,2026-07-26T19:43:49.430Z,,m2
dab6fb6f-20d2-4e94-93b3-40cbca822f02,AHSP-R0230,Sealant,,material,active,,2026-07-26T19:43:49.476Z,a0000000-0000-0000-0000-000000000001,2026-07-26T19:43:49.476Z,,tube
ce0bf1a5-b8c9-43b0-8996-82f5c80b09bf,AHSP-R0231,Kaca tempered 10 mm,,material,active,,2026-07-26T19:43:49.521Z,a0000000-0000-0000-0000-000000000001,2026-07-26T19:43:49.521Z,,m2
585052d3-9b2d-4d17-a175-7cb03b2c69b5,AHSP-R0232,Seng Pelat  90x180 cm bjls 28,,material,active,,2026-07-26T19:43:49.566Z,a0000000-0000-0000-0000-000000000001,2026-07-26T19:43:49.566Z,,lembar
a6d8615c-9929-4fb0-9e61-3c49d9489953,AHSP-R0233,Nok standar,,material,active,,2026-07-26T19:43:49.611Z,a0000000-0000-0000-0000-000000000001,2026-07-26T19:43:49.611Z,,lembar
66ead0dc-c60e-4647-a873-8a8a420ba062,AHSP-R0234,Nok genteng aspal,,material,active,,2026-07-26T19:43:49.657Z,a0000000-0000-0000-0000-000000000001,2026-07-26T19:43:49.657Z,,buah
da2e7c41-4fd7-4fb6-bef4-06dcc37d5d90,AHSP-R0235,Kayu Balok Borneo,,material,active,,2026-07-26T19:43:49.703Z,a0000000-0000-0000-0000-000000000001,2026-07-26T19:43:49.703Z,,m3
c1ce25a1-1aca-4456-bd5d-3c81cc8717a6,AHSP-R0236,Nok genteng metal,,material,active,,2026-07-26T19:43:49.748Z,a0000000-0000-0000-0000-000000000001,2026-07-26T19:43:49.748Z,,buah
3dfca7cf-d2e0-49a8-8a24-431ab8c45a9c,AHSP-R0237,Aluminium foil double side,,material,active,,2026-07-26T19:43:49.792Z,a0000000-0000-0000-0000-000000000001,2026-07-26T19:43:49.792Z,,m2
c6a79654-f7a3-404d-8fc7-a1774b9d4d58,AHSP-R0238,Glasswool tebal 8 cm,,material,active,,2026-07-26T19:43:49.838Z,a0000000-0000-0000-0000-000000000001,2026-07-26T19:43:49.838Z,,m2
27dc91d2-b711-4cd4-a7c9-e8cb2c565e48,AHSP-R0239,Kawat harmonika,,material,active,,2026-07-26T19:43:49.883Z,a0000000-0000-0000-0000-000000000001,2026-07-26T19:43:49.883Z,,m2
6444fa77-91c0-4869-9a30-d86d04544619,AHSP-R0240,Insulasi foam,,material,active,,2026-07-26T19:43:49.927Z,a0000000-0000-0000-0000-000000000001,2026-07-26T19:43:49.927Z,,m2
a3302c6d-2908-4a86-b743-8b37024bf1d1,AHSP-R0241,Talang datar/jurai seng lebar 90cm,,material,active,,2026-07-26T19:43:49.973Z,a0000000-0000-0000-0000-000000000001,2026-07-26T19:43:49.973Z,,m3
d5720423-39a5-4c87-af31-72c86c0954a0,AHSP-R0242,Talang Seng 1/2 lingkaran diameter 15cm,,material,active,,2026-07-26T19:43:50.018Z,a0000000-0000-0000-0000-000000000001,2026-07-26T19:43:50.018Z,,m
c7c82670-28d4-4f64-9551-17b88cb2000e,AHSP-R0243,Besi strip (20x3) mm,,material,active,,2026-07-26T19:43:50.063Z,a0000000-0000-0000-0000-000000000001,2026-07-26T19:43:50.063Z,,kg
bccd1742-d2b1-48a6-98fd-42d2e1621de1,AHSP-R0244,Kayu papan kelas II,,material,active,,2026-07-26T19:43:50.109Z,a0000000-0000-0000-0000-000000000001,2026-07-26T19:43:50.109Z,,m3
d347910d-88ba-40a1-9761-2f6a8e15904f,AHSP-R0245,Listplank GRC lebar 30 cm,,material,active,,2026-07-26T19:43:50.154Z,a0000000-0000-0000-0000-000000000001,2026-07-26T19:43:50.154Z,,m1
a997220c-c356-4fe2-8cdd-e39d0cf712ef,AHSP-R0246,Listplank GRC lebar 20 cm,,material,active,,2026-07-26T19:43:50.199Z,a0000000-0000-0000-0000-000000000001,2026-07-26T19:43:50.199Z,,m1
20e9dafb-68f2-4004-a067-d1b64e20d24d,AHSP-R0247,Membran Bakar,,material,active,,2026-07-26T19:43:50.244Z,a0000000-0000-0000-0000-000000000001,2026-07-26T19:43:50.244Z,,m1
e6994c98-252d-4a74-973d-d1e5824cd193,AHSP-R0248,Cairan Primer,,material,active,,2026-07-26T19:43:50.289Z,a0000000-0000-0000-0000-000000000001,2026-07-26T19:43:50.289Z,,kg
1de233fc-59ba-444d-bae3-31ff141eccb6,AHSP-R0249,Tukang Cat,,labor,active,,2026-07-26T19:43:50.334Z,a0000000-0000-0000-0000-000000000001,2026-07-26T19:43:50.334Z,,OH
ac87ea92-7d2a-4268-ac36-b0fc4abf4eeb,AHSP-R0250,Waterproofing Cristalin,,material,active,,2026-07-26T19:43:50.379Z,a0000000-0000-0000-0000-000000000001,2026-07-26T19:43:50.379Z,,kg
17bc92b2-f1fe-4d6c-ae7f-1c3aae5167db,AHSP-R0251,Waterproofing Semen Base,,material,active,,2026-07-26T19:43:50.424Z,a0000000-0000-0000-0000-000000000001,2026-07-26T19:43:50.424Z,,kg
cadd4621-bb42-4cd5-975d-bb5622e46f75,AHSP-R0252,Waterproofing Acrylic Base,,material,active,,2026-07-26T19:43:50.468Z,a0000000-0000-0000-0000-000000000001,2026-07-26T19:43:50.468Z,,kg
1288f9b6-f9e2-4cad-b5d3-2377f31c622e,AHSP-R0253,Plafon akustik 30x30 cm,,material,active,,2026-07-26T19:43:50.514Z,a0000000-0000-0000-0000-000000000001,2026-07-26T19:43:50.514Z,,lembar
53a785b5-b5c7-4f64-8213-c63d0a939b11,AHSP-R0254,Plafon akustik 30x60 cm,,material,active,,2026-07-26T19:43:50.559Z,a0000000-0000-0000-0000-000000000001,2026-07-26T19:43:50.559Z,,lembar
47e19132-192a-4992-843e-45fafb8eb4fd,AHSP-R0255,Plafon akustik 60x120 cm,,material,active,,2026-07-26T19:43:50.605Z,a0000000-0000-0000-0000-000000000001,2026-07-26T19:43:50.605Z,,lembar
f9a5a9b7-97cb-4e88-80b5-4be4cf40ffe5,AHSP-R0256,Profil Aluminium ”T”,,material,active,,2026-07-26T19:43:50.650Z,a0000000-0000-0000-0000-000000000001,2026-07-26T19:43:50.650Z,,m1
f472e548-2a30-4b0f-bf4f-0d9cd2252e98,AHSP-R0257,Kawat Ø 4 mm,,material,active,,2026-07-26T19:43:50.695Z,a0000000-0000-0000-0000-000000000001,2026-07-26T19:43:50.695Z,,kg
42b9fb42-ddb5-45f3-b257-e854a117907f,AHSP-R0258,Ramset,,material,active,,2026-07-26T19:43:50.739Z,a0000000-0000-0000-0000-000000000001,2026-07-26T19:43:50.739Z,,buah
672e3786-f1c4-41de-b256-9edb0bd14d60,AHSP-R0259,Gypsum board (120 cm x 240 cm x 9 mm),,material,active,,2026-07-26T19:43:50.784Z,a0000000-0000-0000-0000-000000000001,2026-07-26T19:43:50.784Z,,lembar
5eeb79b7-9b92-4cc3-b571-c4d2d05ff385,AHSP-R0260,Plafon Serat Semen/GRC Tebal 4 mm + aksesoris,,material,active,,2026-07-26T19:43:50.829Z,a0000000-0000-0000-0000-000000000001,2026-07-26T19:43:50.829Z,,m2
c68b04df-5ff7-48a5-b9d2-4c6f06190689,AHSP-R0261,Plafon Serat Semen/GRC Tebal 5 mm + aksesoris,,material,active,,2026-07-26T19:43:50.875Z,a0000000-0000-0000-0000-000000000001,2026-07-26T19:43:50.875Z,,m2
9a2b19a1-4088-4042-b53b-39b76086fd23,AHSP-R0262,Plafon Serat Semen/GRC Tebal 6 mm + aksesoris,,material,active,,2026-07-26T19:43:50.919Z,a0000000-0000-0000-0000-000000000001,2026-07-26T19:43:50.919Z,,m2
8df4756b-bc59-4f59-bcc0-6511b072d537,AHSP-R0263,Plywood 3 mm,,material,active,,2026-07-26T19:43:50.964Z,a0000000-0000-0000-0000-000000000001,2026-07-26T19:43:50.964Z,,lembar
5493f335-c8ce-442c-9f7c-0023e8cc610f,AHSP-R0264,Paku Tripleks,,material,active,,2026-07-26T19:43:51.009Z,a0000000-0000-0000-0000-000000000001,2026-07-26T19:43:51.009Z,,kg
eff375e3-77a7-4d9f-b1f9-a37fcd72b1d8,AHSP-R0265,Plywood 4 mm,,material,active,,2026-07-26T19:43:51.053Z,a0000000-0000-0000-0000-000000000001,2026-07-26T19:43:51.053Z,,lembar
e6af9837-2a92-4e0a-8e80-0313f793bff5,AHSP-R0266,Kayu papan tebal 9 mm,,material,active,,2026-07-26T19:43:51.099Z,a0000000-0000-0000-0000-000000000001,2026-07-26T19:43:51.099Z,,m3
520e5b0d-ddfa-43be-bf13-00cc5f26edc0,AHSP-R0267,List kayu profil,,material,active,,2026-07-26T19:43:51.144Z,a0000000-0000-0000-0000-000000000001,2026-07-26T19:43:51.144Z,,m1
39469a1f-6de5-4a2a-94d5-6b17da940f80,AHSP-R0268,List gypsum profil,,material,active,,2026-07-26T19:43:51.189Z,a0000000-0000-0000-0000-000000000001,2026-07-26T19:43:51.189Z,,m1
65ace3ab-6a07-4f1c-a650-b14997a63258,AHSP-R0269,Aluminium spandrel 10x600 cm,,material,active,,2026-07-26T19:43:51.233Z,a0000000-0000-0000-0000-000000000001,2026-07-26T19:43:51.233Z,,lembar
f3cd275e-ca96-4664-bf0d-29caca866c3b,AHSP-R0270,Besi hollow galvanis 40.40,,material,active,,2026-07-26T19:43:51.278Z,a0000000-0000-0000-0000-000000000001,2026-07-26T19:43:51.278Z,,m1
a2543f7c-3bc3-4a7e-a789-271fd4ca4b1a,AHSP-R0271,Paku 7 - 10 cm,,material,active,,2026-07-26T19:43:51.323Z,a0000000-0000-0000-0000-000000000001,2026-07-26T19:43:51.323Z,,kg
0d822a25-570f-4075-b75d-4779111ac0e3,AHSP-R0273,HB-20,,material,active,,2026-07-26T19:43:51.390Z,a0000000-0000-0000-0000-000000000001,2026-07-26T19:43:51.390Z,,buah
a48be89c-350d-43df-823e-6ddc4d95dd36,AHSP-R0274,Besi angkur diameter 8,,material,active,,2026-07-26T19:43:51.435Z,a0000000-0000-0000-0000-000000000001,2026-07-26T19:43:51.435Z,,kg
9bc2e36b-30f3-49d8-ab6f-7d9d8b6088f9,AHSP-R0275,HB-15,,material,active,,2026-07-26T19:43:51.481Z,a0000000-0000-0000-0000-000000000001,2026-07-26T19:43:51.481Z,,buah
35888c87-40d1-412e-9bb4-bcb7a2b25844,AHSP-R0276,HB-10,,material,active,,2026-07-26T19:43:51.526Z,a0000000-0000-0000-0000-000000000001,2026-07-26T19:43:51.526Z,,buah
d239304b-bb43-4f62-b944-4c9b95f499c8,AHSP-R0277,Bata rooster,,material,active,,2026-07-26T19:43:51.571Z,a0000000-0000-0000-0000-000000000001,2026-07-26T19:43:51.571Z,,buah
b3540f4c-02ca-432d-8d34-c6e63c1e1a3f,AHSP-R0278,Bata Berongga Uk. 12x11x24,,material,active,,2026-07-26T19:43:51.618Z,a0000000-0000-0000-0000-000000000001,2026-07-26T19:43:51.618Z,,buah
88d51e7a-423c-42a0-abd3-f583b257297d,AHSP-R0279,Glass block 20x20 cm,,material,active,,2026-07-26T19:43:51.663Z,a0000000-0000-0000-0000-000000000001,2026-07-26T19:43:51.663Z,,buah
c04749ee-f8ef-42bb-ba29-2e1e1ea06320,AHSP-R0280,"Bata ringan tebal 7,5 cm",,material,active,,2026-07-26T19:43:51.708Z,a0000000-0000-0000-0000-000000000001,2026-07-26T19:43:51.708Z,,buah
9f917770-d106-45e0-8ff8-7d0cfbf95a43,AHSP-R0281,Mortar siap pakai,,material,active,,2026-07-26T19:43:51.758Z,a0000000-0000-0000-0000-000000000001,2026-07-26T19:43:51.758Z,,kg
735ce87c-ef6b-443e-8c95-732d8ce2071c,AHSP-R0282,Bata ringan tebal 10 cm,,material,active,,2026-07-26T19:43:51.802Z,a0000000-0000-0000-0000-000000000001,2026-07-26T19:43:51.802Z,,buah
b20a2c17-dc39-46bf-bf91-0a08cac4fd11,AHSP-R0283,Bata ringan tebal 20 cm,,material,active,,2026-07-26T19:43:51.848Z,a0000000-0000-0000-0000-000000000001,2026-07-26T19:43:51.848Z,,buah
8dbaf6f2-25b1-472f-bf66-184a3f04c8ac,AHSP-R0284,Batako 20x40x10 cm,,material,active,,2026-07-26T19:43:51.893Z,a0000000-0000-0000-0000-000000000001,2026-07-26T19:43:51.893Z,,buah
ec573f80-941d-4e57-8f3e-9c8a19d94ceb,AHSP-R0285,Gypsum Board (122 cm x  244 cm x  12 mm),,material,active,,2026-07-26T19:43:51.938Z,a0000000-0000-0000-0000-000000000001,2026-07-26T19:43:51.938Z,,buah
55cdcc61-cc8c-4b7a-8c70-5479bf165e20,AHSP-R0286,Rockwool tebal 50 mm,,material,active,,2026-07-26T19:43:51.983Z,a0000000-0000-0000-0000-000000000001,2026-07-26T19:43:51.983Z,,kg
b9faa738-42b9-4e5b-9db8-9057b92986c9,AHSP-R0287,Paku sekrup,,material,active,,2026-07-26T19:43:52.028Z,a0000000-0000-0000-0000-000000000001,2026-07-26T19:43:52.028Z,,m3
6e0cd02f-c739-46e6-9839-52ac9a90af99,AHSP-R0288,Compound gypsum,,material,active,,2026-07-26T19:43:52.073Z,a0000000-0000-0000-0000-000000000001,2026-07-26T19:43:52.073Z,,kg
aa48377a-cb1b-4627-81c5-11fc3cab2d47,AHSP-R0289,Rockwool Akustik,,material,active,,2026-07-26T19:43:52.118Z,a0000000-0000-0000-0000-000000000001,2026-07-26T19:43:52.118Z,,m2
e1ef77b3-877f-4805-bbb8-482dedc4a778,AHSP-R0290,Kawat Strimin,,material,active,,2026-07-26T19:43:52.164Z,a0000000-0000-0000-0000-000000000001,2026-07-26T19:43:52.164Z,,m2
11547f09-f3a6-4153-8adf-6c17da73391d,AHSP-R0291,Serbuk batu granit,,material,active,,2026-07-26T19:43:52.209Z,a0000000-0000-0000-0000-000000000001,2026-07-26T19:43:52.209Z,,kg
7c7f10b1-99ab-4866-972f-882374755c4c,AHSP-R0292,Serbuk batu traso,,material,active,,2026-07-26T19:43:52.255Z,a0000000-0000-0000-0000-000000000001,2026-07-26T19:43:52.255Z,,kg
6e3b0959-46af-4a58-a0ec-0a4566a5433c,AHSP-R0293,Mortar Skimcoat,,material,active,,2026-07-26T19:43:52.300Z,a0000000-0000-0000-0000-000000000001,2026-07-26T19:43:52.300Z,,kg
0cf6596e-0089-4edc-8f8e-0c7e662ee99c,AHSP-R0294,Soda api,,material,active,,2026-07-26T19:43:52.344Z,a0000000-0000-0000-0000-000000000001,2026-07-26T19:43:52.344Z,,kg
c3bbb587-219f-4fbc-9767-176a2fa97b54,AHSP-R0295,Sabun,,material,active,,2026-07-26T19:43:52.389Z,a0000000-0000-0000-0000-000000000001,2026-07-26T19:43:52.389Z,,kg
3ac3a38d-63fd-4901-b036-c8da8206515c,AHSP-R0296,Cairan perontok karat,,material,active,,2026-07-26T19:43:52.434Z,a0000000-0000-0000-0000-000000000001,2026-07-26T19:43:52.434Z,,kg
24f49770-8064-4044-86d8-8dde4f041812,AHSP-R0297,Meni kayu,,material,active,,2026-07-26T19:43:52.478Z,a0000000-0000-0000-0000-000000000001,2026-07-26T19:43:52.478Z,,kg
016be463-742d-4f25-81e5-990311ead658,AHSP-R0298,Plamir kayu,,material,active,,2026-07-26T19:43:52.523Z,a0000000-0000-0000-0000-000000000001,2026-07-26T19:43:52.523Z,,kg
a3ebbbbe-8aec-490e-87ea-c36148b762db,AHSP-R0299,Cat dasar (cat kayu),,material,active,,2026-07-26T19:43:52.568Z,a0000000-0000-0000-0000-000000000001,2026-07-26T19:43:52.568Z,,kg
9dcc3ffb-b0a3-4c65-ab7c-3f0483f44968,AHSP-R0300,Cat penutup (cat kayu),,material,active,,2026-07-26T19:43:52.613Z,a0000000-0000-0000-0000-000000000001,2026-07-26T19:43:52.613Z,,kg
e0436b26-f9ac-4e0d-b617-3dcda44b2298,AHSP-R0301,Kuas 3 inch,,material,active,,2026-07-26T19:43:52.658Z,a0000000-0000-0000-0000-000000000001,2026-07-26T19:43:52.658Z,,buah
e6adc837-fd05-4108-9c36-a520d1d63ac3,AHSP-R0302,Pengencer cat kayu/besi,,material,active,,2026-07-26T19:43:52.703Z,a0000000-0000-0000-0000-000000000001,2026-07-26T19:43:52.703Z,,kg
614493da-1c8c-4aa8-8f8a-1e666be0d12b,AHSP-R0303,Amplas,,material,active,,2026-07-26T19:43:52.748Z,a0000000-0000-0000-0000-000000000001,2026-07-26T19:43:52.748Z,,lembar
16ed840d-a387-4c54-a594-85432ecdadfb,AHSP-R0304,Teak oil,,material,active,,2026-07-26T19:43:52.793Z,a0000000-0000-0000-0000-000000000001,2026-07-26T19:43:52.793Z,,liter
e8844170-a20d-430f-a407-a418b5043ea4,AHSP-R0305,Pelitur,,material,active,,2026-07-26T19:43:52.838Z,a0000000-0000-0000-0000-000000000001,2026-07-26T19:43:52.838Z,,liter
584e872c-3c68-46ad-8e61-313b378584eb,AHSP-R0306,Pelitur jadi,,material,active,,2026-07-26T19:43:52.883Z,a0000000-0000-0000-0000-000000000001,2026-07-26T19:43:52.883Z,,liter
e2212d5a-c91c-4926-ac91-f0cf03a17456,AHSP-R0307,Residu,,material,active,,2026-07-26T19:43:52.927Z,a0000000-0000-0000-0000-000000000001,2026-07-26T19:43:52.927Z,,liter
aa54f8d6-070c-4d2c-876e-9d133027cd0d,AHSP-R0308,Vernis,,material,active,,2026-07-26T19:43:52.972Z,a0000000-0000-0000-0000-000000000001,2026-07-26T19:43:52.972Z,,liter
766ecad8-4ef1-4ad9-8446-06b19596e106,AHSP-R0309,Dempul,,material,active,,2026-07-26T19:43:53.017Z,a0000000-0000-0000-0000-000000000001,2026-07-26T19:43:53.017Z,,kg
43cd3464-6767-4a02-b2ab-0cf65f899709,AHSP-R0310,Cat dasar (cat tembok interior),,material,active,,2026-07-26T19:43:53.062Z,a0000000-0000-0000-0000-000000000001,2026-07-26T19:43:53.062Z,,kg
87fa9013-976a-4e5e-b091-025e02ebcd3a,AHSP-R0311,Cat penutup (cat tembok interior),,material,active,,2026-07-26T19:43:53.106Z,a0000000-0000-0000-0000-000000000001,2026-07-26T19:43:53.106Z,,kg
abc10fd8-0a4a-4f42-a720-21ff1802f04d,AHSP-R0312,Cat dasar (cat tembok eksterior),,material,active,,2026-07-26T19:43:53.152Z,a0000000-0000-0000-0000-000000000001,2026-07-26T19:43:53.152Z,,kg
4763af8b-e1e2-4324-b988-e82464e907ba,AHSP-R0313,Cat penutup (cat tembok eksterior),,material,active,,2026-07-26T19:43:53.197Z,a0000000-0000-0000-0000-000000000001,2026-07-26T19:43:53.197Z,,kg
5dc41e65-9440-4322-99be-510db2789685,AHSP-R0314,Kapur padam,,material,active,,2026-07-26T19:43:53.243Z,a0000000-0000-0000-0000-000000000001,2026-07-26T19:43:53.243Z,,kg
133ac86d-171c-4773-aff6-b9b9e35e33d4,AHSP-R0315,Alang-alang,,material,active,,2026-07-26T19:43:53.287Z,a0000000-0000-0000-0000-000000000001,2026-07-26T19:43:53.287Z,,ikat
e58ded30-6c28-4c80-94eb-d29aa6c5f701,AHSP-R0316,Cat dasar (cat besi),,material,active,,2026-07-26T19:43:53.332Z,a0000000-0000-0000-0000-000000000001,2026-07-26T19:43:53.332Z,,kg
2d4aaf0c-29ea-412b-9031-0e0271a3ee05,AHSP-R0317,Pengencer cat kayu/besi,,material,active,,2026-07-26T19:43:53.377Z,a0000000-0000-0000-0000-000000000001,2026-07-26T19:43:53.377Z,,liter
d42a972a-c8aa-4b2c-b83c-25020b825d09,AHSP-R0318,Cat antara (cat besi),,material,active,,2026-07-26T19:43:53.421Z,a0000000-0000-0000-0000-000000000001,2026-07-26T19:43:53.421Z,,kg
ebcd0e3c-75c4-480f-83d8-b0434aaad4af,AHSP-R0319,Cat penutup (cat besi),,material,active,,2026-07-26T19:43:53.466Z,a0000000-0000-0000-0000-000000000001,2026-07-26T19:43:53.466Z,,kg
dedb3bcb-b97b-4cf0-a713-4cabade15512,AHSP-R0320,Meni besi,,material,active,,2026-07-26T19:43:53.512Z,a0000000-0000-0000-0000-000000000001,2026-07-26T19:43:53.512Z,,kg
c1cb0dca-b60c-4a68-bd25-3ed4ca26fa2e,AHSP-R0321,Perancah kayu,,material,active,,2026-07-26T19:43:53.557Z,a0000000-0000-0000-0000-000000000001,2026-07-26T19:43:53.557Z,,m3
3cb44e5b-a997-42a8-ac37-d9360b622109,AHSP-R0322,Cat Dasar Plafond,,material,active,,2026-07-26T19:43:53.601Z,a0000000-0000-0000-0000-000000000001,2026-07-26T19:43:53.601Z,,kg
3bc24958-d8cb-4805-991b-1686a5e5b27d,AHSP-R0323,Cat Plafond Eksterior,,material,active,,2026-07-26T19:43:53.646Z,a0000000-0000-0000-0000-000000000001,2026-07-26T19:43:53.646Z,,kg
076cfa5d-d200-47f0-8101-dea6b9166313,AHSP-R0324,Cat epoxy,,material,active,,2026-07-26T19:43:53.691Z,a0000000-0000-0000-0000-000000000001,2026-07-26T19:43:53.691Z,,kg
5daf8032-b5b9-4f73-b18d-1ec0d312b1e3,AHSP-R0325,Wood filler,,material,active,,2026-07-26T19:43:53.736Z,a0000000-0000-0000-0000-000000000001,2026-07-26T19:43:53.736Z,,kg
c89a5eb3-dee6-4601-a4c5-0d63a28cd99b,AHSP-R0326,Woodstain,,material,active,,2026-07-26T19:43:53.781Z,a0000000-0000-0000-0000-000000000001,2026-07-26T19:43:53.781Z,,kg
11a443e3-024b-4bdd-8a7e-040d60825de7,AHSP-R0327,Sanding,,material,active,,2026-07-26T19:43:53.826Z,a0000000-0000-0000-0000-000000000001,2026-07-26T19:43:53.826Z,,kg
6b7b1796-6bac-4f7b-b5b1-fd513bed3b6f,AHSP-R0328,Melamic,,material,active,,2026-07-26T19:43:53.871Z,a0000000-0000-0000-0000-000000000001,2026-07-26T19:43:53.871Z,,kg
035cdbf2-9134-4706-bf97-86f6bbc96ab1,AHSP-R0329,Thinner,,material,active,,2026-07-26T19:43:53.917Z,a0000000-0000-0000-0000-000000000001,2026-07-26T19:43:53.917Z,,liter
bd3fa81d-8c12-4fcf-bad5-f4c11f83b220,AHSP-R0330,Ubin PC abu-abu 20x20 cm,,material,active,,2026-07-26T19:43:53.961Z,a0000000-0000-0000-0000-000000000001,2026-07-26T19:43:53.961Z,,buah
cd20f48e-9404-4489-81bc-1f48b250fc75,AHSP-R0331,Ubin PC abu-abu 30x30 cm,,material,active,,2026-07-26T19:43:54.006Z,a0000000-0000-0000-0000-000000000001,2026-07-26T19:43:54.006Z,,buah
5749c490-5940-4fbc-858a-1f7fef8bc458,AHSP-R0332,Ubin PC abu-abu 40x40 cm,,material,active,,2026-07-26T19:43:54.051Z,a0000000-0000-0000-0000-000000000001,2026-07-26T19:43:54.051Z,,buah
125b7860-8a53-4425-af5e-2c2fb555c4b0,AHSP-R0333,Ubin PC abu-abu 60x60 cm,,material,active,,2026-07-26T19:43:54.096Z,a0000000-0000-0000-0000-000000000001,2026-07-26T19:43:54.096Z,,buah
d9c2dac0-12bd-495f-86ca-f7fb45f6b9ef,AHSP-R0334,Plint ubin PC abu-abu uk. 10-15x20 cm,,material,active,,2026-07-26T19:43:54.141Z,a0000000-0000-0000-0000-000000000001,2026-07-26T19:43:54.141Z,,buah
a5fef130-b6a3-41d0-9d17-681ba957f3ef,AHSP-R0335,Plint ubin PC abu-abu uk. 10-15x30 cm,,material,active,,2026-07-26T19:43:54.186Z,a0000000-0000-0000-0000-000000000001,2026-07-26T19:43:54.186Z,,buah
4b6e3d87-cabe-4658-af14-3894668d36f5,AHSP-R0336,Plint ubin PC abu-abu uk. 10-15x40 cm,,material,active,,2026-07-26T19:43:54.232Z,a0000000-0000-0000-0000-000000000001,2026-07-26T19:43:54.232Z,,buah
337265fc-3a60-4a44-b67f-6b5a2c39e594,AHSP-R0337,Plint ubin PC abu-abu uk. 10-15x60 cm,,material,active,,2026-07-26T19:43:54.277Z,a0000000-0000-0000-0000-000000000001,2026-07-26T19:43:54.277Z,,buah
3d56e0ea-e390-40e1-83f9-013f7c93858b,AHSP-R0338,Ubin warna 20x20 cm,,material,active,,2026-07-26T19:43:54.322Z,a0000000-0000-0000-0000-000000000001,2026-07-26T19:43:54.322Z,,buah
e87f5666-c70d-4dce-9d38-d148a63aa81e,AHSP-R0339,Ubin warna 30x30 cm,,material,active,,2026-07-26T19:43:54.367Z,a0000000-0000-0000-0000-000000000001,2026-07-26T19:43:54.367Z,,buah
1943a22a-b2fe-4dca-8dde-ace57bf142a1,AHSP-R0340,Ubin warna 40x40 cm,,material,active,,2026-07-26T19:43:54.412Z,a0000000-0000-0000-0000-000000000001,2026-07-26T19:43:54.412Z,,buah
2c7e45ac-9354-4a73-9ec1-03295793f98d,AHSP-R0341,Ubin warna 60x60 cm,,material,active,,2026-07-26T19:43:54.457Z,a0000000-0000-0000-0000-000000000001,2026-07-26T19:43:54.457Z,,buah
1241fa59-0a6b-4dcb-89ea-ef2ae847f2d6,AHSP-R0342,Plint ubin warna uk. 10-15x20 cm,,material,active,,2026-07-26T19:43:54.502Z,a0000000-0000-0000-0000-000000000001,2026-07-26T19:43:54.502Z,,buah
2cdc0a58-5054-4fb5-8a8c-2c1efe26badd,AHSP-R0343,Plint ubin warna uk. 10-15x30 cm,,material,active,,2026-07-26T19:43:54.548Z,a0000000-0000-0000-0000-000000000001,2026-07-26T19:43:54.548Z,,buah
e7bb2f0a-e934-4991-9147-cd49e4ee2cff,AHSP-R0344,Plint ubin warna uk. 10-15x60 cm,,material,active,,2026-07-26T19:43:54.592Z,a0000000-0000-0000-0000-000000000001,2026-07-26T19:43:54.592Z,,buah
35e9a358-567a-4833-a995-5984fbc4df9c,AHSP-R0345,Ubin teraso 30x30 cm,,material,active,,2026-07-26T19:43:54.637Z,a0000000-0000-0000-0000-000000000001,2026-07-26T19:43:54.637Z,,buah
00fe2118-e55f-4df7-b87e-672650464986,AHSP-R0346,Ubin teraso 40x40 cm,,material,active,,2026-07-26T19:43:54.682Z,a0000000-0000-0000-0000-000000000001,2026-07-26T19:43:54.682Z,,buah
31ba6d30-fa9e-445d-8c21-862b81136ab6,AHSP-R0347,Teraso cor,,material,active,,2026-07-26T19:43:54.727Z,a0000000-0000-0000-0000-000000000001,2026-07-26T19:43:54.727Z,,m3
60997535-b767-496b-a33e-2057a3205fff,AHSP-R0348,Plint ubin teraso uk. 10-15x30 cm,,material,active,,2026-07-26T19:43:54.772Z,a0000000-0000-0000-0000-000000000001,2026-07-26T19:43:54.772Z,,buah
f4d1ee57-06bb-4518-94a9-32855b604719,AHSP-R0349,Plint ubin teraso uk. 10-15x40 cm,,material,active,,2026-07-26T19:43:54.816Z,a0000000-0000-0000-0000-000000000001,2026-07-26T19:43:54.816Z,,buah
58b5664b-c7b2-42a3-b9df-23d6333fdea2,AHSP-R0350,Homogenous tile 30x30 cm,,material,active,,2026-07-26T19:43:54.861Z,a0000000-0000-0000-0000-000000000001,2026-07-26T19:43:54.861Z,,buah
4b914039-69dd-4011-b3b5-11826d86c299,AHSP-R0351,Homogenous tile 40x40 cm,,material,active,,2026-07-26T19:43:54.906Z,a0000000-0000-0000-0000-000000000001,2026-07-26T19:43:54.906Z,,buah
ce122d13-40e6-404a-b83b-fcf4facd3d8c,AHSP-R0352,Homogenous tile 60x60 cm,,material,active,,2026-07-26T19:43:54.951Z,a0000000-0000-0000-0000-000000000001,2026-07-26T19:43:54.951Z,,buah
d7863ba5-4e27-4334-842c-646e866f0f36,AHSP-R0353,Plint homogenous tile uk. 10-15x30 cm,,material,active,,2026-07-26T19:43:54.996Z,a0000000-0000-0000-0000-000000000001,2026-07-26T19:43:54.996Z,,buah
42c2c4f2-62cf-417d-a4ef-8bf765e3980f,AHSP-R0354,Plint homogenous tile uk. 10-15x40 cm,,material,active,,2026-07-26T19:43:55.042Z,a0000000-0000-0000-0000-000000000001,2026-07-26T19:43:55.042Z,,buah
ae776f3b-546f-4c0c-a58e-a68ad8bf6b22,AHSP-R0355,Plint homogenous tile uk. 10-15x60 cm,,material,active,,2026-07-26T19:43:55.094Z,a0000000-0000-0000-0000-000000000001,2026-07-26T19:43:55.094Z,,buah
6dacc3de-24d3-4f90-a76f-9d6a0d0b8a2e,AHSP-R0356,Homogenous tile unpolish 30x30 cm,,material,active,,2026-07-26T19:43:55.139Z,a0000000-0000-0000-0000-000000000001,2026-07-26T19:43:55.139Z,,buah
76272a46-5b22-4d38-869b-b71d8670bdf7,AHSP-R0357,Homogenous tile unpolish 40x40 cm,,material,active,,2026-07-26T19:43:55.183Z,a0000000-0000-0000-0000-000000000001,2026-07-26T19:43:55.183Z,,buah
14572341-c065-4690-bbf1-553ec567733c,AHSP-R0358,Homogenous tile unpolish 60x60 cm,,material,active,,2026-07-26T19:43:55.228Z,a0000000-0000-0000-0000-000000000001,2026-07-26T19:43:55.228Z,,buah
3bc99b0d-697c-4555-946a-170b1ad9b929,AHSP-R0359,Plint homogenous tile unpolish uk. 10-15x30 cm,,material,active,,2026-07-26T19:43:55.273Z,a0000000-0000-0000-0000-000000000001,2026-07-26T19:43:55.273Z,,buah
001186ba-7599-432a-9acc-e33dca61b535,AHSP-R0360,Plint homogenous tile unpolish uk. 10-15x40 cm,,material,active,,2026-07-26T19:43:55.318Z,a0000000-0000-0000-0000-000000000001,2026-07-26T19:43:55.318Z,,buah
3d962028-53c8-4b23-8143-6b6288778011,AHSP-R0361,Plint homogenous tile unpolish uk. 10-15x60 cm,,material,active,,2026-07-26T19:43:55.363Z,a0000000-0000-0000-0000-000000000001,2026-07-26T19:43:55.363Z,,buah
e4c31b28-bdc9-43c1-87a1-ff3af6cd5eb0,AHSP-R0362,Ubin granit 30x30 cm,,material,active,,2026-07-26T19:43:55.407Z,a0000000-0000-0000-0000-000000000001,2026-07-26T19:43:55.407Z,,buah
76bd96f8-4fd3-4385-baf0-444370d8e731,AHSP-R0363,Ubin granit 40x40 cm,,material,active,,2026-07-26T19:43:55.451Z,a0000000-0000-0000-0000-000000000001,2026-07-26T19:43:55.451Z,,buah
da713ae6-e307-48cb-b51e-4784fd7c931d,AHSP-R0364,Ubin granit 60x60 cm,,material,active,,2026-07-26T19:43:55.496Z,a0000000-0000-0000-0000-000000000001,2026-07-26T19:43:55.496Z,,buah
90172392-3506-4143-acc3-aa2f7d8e8620,AHSP-R0365,Plint ubin granit uk. 10-15x30 cm,,material,active,,2026-07-26T19:43:55.541Z,a0000000-0000-0000-0000-000000000001,2026-07-26T19:43:55.541Z,,buah
22261726-abbc-492d-8839-03ac7baaf6db,AHSP-R0366,Plint ubin granit uk. 10-15x40 cm,,material,active,,2026-07-26T19:43:55.586Z,a0000000-0000-0000-0000-000000000001,2026-07-26T19:43:55.586Z,,buah
0d683054-7a0d-4793-bc05-74272e59a238,AHSP-R0367,Plint ubin granit uk. 10-15x60 cm,,material,active,,2026-07-26T19:43:55.631Z,a0000000-0000-0000-0000-000000000001,2026-07-26T19:43:55.631Z,,buah
42a9552c-c10c-47db-9c90-34b02ccd630e,AHSP-R0368,Ubin teralux marmer 30x30 cm,,material,active,,2026-07-26T19:43:55.677Z,a0000000-0000-0000-0000-000000000001,2026-07-26T19:43:55.677Z,,buah
4cd17eda-2cb8-41e3-bac6-c4150bf5b361,AHSP-R0369,Ubin teralux marmer 40x40 cm,,material,active,,2026-07-26T19:43:55.721Z,a0000000-0000-0000-0000-000000000001,2026-07-26T19:43:55.721Z,,buah
f1709428-61c8-43a1-81a7-df26d27432d1,AHSP-R0370,Ubin teralux marmer 60x60 cm,,material,active,,2026-07-26T19:43:55.766Z,a0000000-0000-0000-0000-000000000001,2026-07-26T19:43:55.766Z,,buah
bab94d7a-8d0d-4d88-8041-46d9f5b6dd4c,AHSP-R0371,Plint teralux kerang uk. 10-15x30 cm,,material,active,,2026-07-26T19:43:55.811Z,a0000000-0000-0000-0000-000000000001,2026-07-26T19:43:55.811Z,,buah
59b325bc-6e09-4831-8bbf-346fd5151b3a,AHSP-R0372,Plint teralux kerang uk. 10-15x40 cm,,material,active,,2026-07-26T19:43:55.856Z,a0000000-0000-0000-0000-000000000001,2026-07-26T19:43:55.856Z,,buah
a64e4311-5978-4b3d-a1ca-8b0552ff0ec1,AHSP-R0373,Plint teralux kerang uk. 10-15x60 cm,,material,active,,2026-07-26T19:43:55.902Z,a0000000-0000-0000-0000-000000000001,2026-07-26T19:43:55.902Z,,buah
db372c90-d48a-45b8-b2b4-bc2e294a984d,AHSP-R0374,Plint teralux marmer uk. 10-15x30 cm,,material,active,,2026-07-26T19:43:55.946Z,a0000000-0000-0000-0000-000000000001,2026-07-26T19:43:55.946Z,,buah
4264ea44-fbd1-4fa4-a7a4-4ce8ebf226cb,AHSP-R0375,Plint teralux marmer uk. 10-15x40 cm,,material,active,,2026-07-26T19:43:55.992Z,a0000000-0000-0000-0000-000000000001,2026-07-26T19:43:55.992Z,,buah
48d12c61-2e86-45b8-a1eb-6e39296463ff,AHSP-R0376,Plint teralux marmer uk. 10-15x60 cm,,material,active,,2026-07-26T19:43:56.037Z,a0000000-0000-0000-0000-000000000001,2026-07-26T19:43:56.037Z,,buah
19d81d95-5716-404b-a6f4-d440c24ae036,AHSP-R0377,Keramik artistik 8x8 cm,,material,active,,2026-07-26T19:43:56.083Z,a0000000-0000-0000-0000-000000000001,2026-07-26T19:43:56.083Z,,buah
602dd698-f094-4d39-af51-3b9daedc94fc,AHSP-R0378,Keramik artistik 10x10 cm,,material,active,,2026-07-26T19:43:56.128Z,a0000000-0000-0000-0000-000000000001,2026-07-26T19:43:56.128Z,,buah
048f5efc-ff2a-4277-8f14-46a4ee104094,AHSP-R0379,Keramik artistik 20x20 cm,,material,active,,2026-07-26T19:43:56.174Z,a0000000-0000-0000-0000-000000000001,2026-07-26T19:43:56.174Z,,buah
c7ab9c75-4c4c-4855-9919-d386a62c79f7,AHSP-R0380,Keramik artistik 30x30 cm,,material,active,,2026-07-26T19:43:56.219Z,a0000000-0000-0000-0000-000000000001,2026-07-26T19:43:56.219Z,,buah
ef745bd6-b84c-46ad-ac26-837c0e745d30,AHSP-R0381,Keramik artistik 40x40 cm,,material,active,,2026-07-26T19:43:56.264Z,a0000000-0000-0000-0000-000000000001,2026-07-26T19:43:56.264Z,,buah
07ac05f2-9d3d-4060-8479-64c70d450c0a,AHSP-R0382,Plint internal cove uk. 5x5x20 cm,,material,active,,2026-07-26T19:43:56.310Z,a0000000-0000-0000-0000-000000000001,2026-07-26T19:43:56.310Z,,buah
0bd0a2b0-02e9-41fb-805e-589255a7abde,AHSP-R0383,Keramik 20x20 cm,,material,active,,2026-07-26T19:43:56.355Z,a0000000-0000-0000-0000-000000000001,2026-07-26T19:43:56.355Z,,buah
f7e3a1b5-3db7-4529-b03f-802a517d6ad6,AHSP-R0384,Keramik 25x25 cm,,material,active,,2026-07-26T19:43:56.402Z,a0000000-0000-0000-0000-000000000001,2026-07-26T19:43:56.402Z,,buah
d7ee260b-252d-4a53-8338-bec62c2c64c8,AHSP-R0385,Keramik 25x40 cm,,material,active,,2026-07-26T19:43:56.447Z,a0000000-0000-0000-0000-000000000001,2026-07-26T19:43:56.447Z,,buah
9d13dec8-1052-41c5-96dd-37e0da46ce33,AHSP-R0386,Keramik 30x30 cm,,material,active,,2026-07-26T19:43:56.494Z,a0000000-0000-0000-0000-000000000001,2026-07-26T19:43:56.494Z,,buah
8196fb97-8ad0-4047-a78b-aabfa1eadcb4,AHSP-R0387,Keramik 30x60 cm,,material,active,,2026-07-26T19:43:56.539Z,a0000000-0000-0000-0000-000000000001,2026-07-26T19:43:56.539Z,,buah
05c11b0e-d783-4b81-a7f9-b84a11c6ed7d,AHSP-R0388,Keramik 40x40 cm,,material,active,,2026-07-26T19:43:56.585Z,a0000000-0000-0000-0000-000000000001,2026-07-26T19:43:56.585Z,,buah
f0f89413-6ba4-4770-9c9b-782a345b23c8,AHSP-R0389,"Keramik Lantai uk. 20 x 20 cm, Unpolished",,material,active,,2026-07-26T19:43:56.630Z,a0000000-0000-0000-0000-000000000001,2026-07-26T19:43:56.630Z,,buah
f556e905-4f57-48f9-9328-e54af21d346d,AHSP-R0390,"Keramik Lantai uk. 25 x 25 cm, Unpolished",,material,active,,2026-07-26T19:43:56.676Z,a0000000-0000-0000-0000-000000000001,2026-07-26T19:43:56.676Z,,buah
fcc169f3-55ab-4d81-9a75-40ce74402386,AHSP-R0391,"Keramik Lantai uk. 25 x 40 cm, Unpolished",,material,active,,2026-07-26T19:43:56.721Z,a0000000-0000-0000-0000-000000000001,2026-07-26T19:43:56.721Z,,buah
29cd0c8e-cbca-4c25-8917-5276fffa123b,AHSP-R0392,"Keramik Lantai uk. 30 x 30 cm, Unpolished",,material,active,,2026-07-26T19:43:56.766Z,a0000000-0000-0000-0000-000000000001,2026-07-26T19:43:56.766Z,,buah
89c4790c-8520-4597-a5b2-c07bf8721c80,AHSP-R0393,"Keramik Lantai uk. 30 x 60 cm, Unpolished",,material,active,,2026-07-26T19:43:56.811Z,a0000000-0000-0000-0000-000000000001,2026-07-26T19:43:56.811Z,,buah
378d29a5-7cea-438f-9e44-755ef5753917,AHSP-R0394,"Keramik Lantai uk. 40 x 40 cm, Unpolished",,material,active,,2026-07-26T19:43:56.856Z,a0000000-0000-0000-0000-000000000001,2026-07-26T19:43:56.856Z,,buah
921ab3cc-5acd-4ece-8f13-b75df033ee53,AHSP-R0395,"Keramik Lantai Variasi uk. 30 x 30 cm, Unpolished",,material,active,,2026-07-26T19:43:56.901Z,a0000000-0000-0000-0000-000000000001,2026-07-26T19:43:56.901Z,,buah
9affb6de-d2ad-451c-823c-8a51bab1292d,AHSP-R0396,"Keramik Lantai Variasi uk. 40 x 40 cm, Unpolished",,material,active,,2026-07-26T19:43:56.946Z,a0000000-0000-0000-0000-000000000001,2026-07-26T19:43:56.946Z,,buah
764a31df-8004-4e89-b7a1-93c87e22f0ae,AHSP-R0397,Plint keramik uk. 10-15x20 cm,,material,active,,2026-07-26T19:43:56.991Z,a0000000-0000-0000-0000-000000000001,2026-07-26T19:43:56.991Z,,buah
cd87b1c6-d8d7-44b3-9830-dc8b80569e85,AHSP-R0398,Plint keramik uk. 10-15x30 cm,,material,active,,2026-07-26T19:43:57.036Z,a0000000-0000-0000-0000-000000000001,2026-07-26T19:43:57.036Z,,buah
88eb8f9c-937a-45cf-a154-799151572db8,AHSP-R0399,Plint keramik uk. 10-15x40 cm,,material,active,,2026-07-26T19:43:57.081Z,a0000000-0000-0000-0000-000000000001,2026-07-26T19:43:57.081Z,,buah
de437436-6c30-42c1-8dee-d5165062a349,AHSP-R0400,Plint keramik uk. 10-15x60 cm,,material,active,,2026-07-26T19:43:57.126Z,a0000000-0000-0000-0000-000000000001,2026-07-26T19:43:57.126Z,,buah
5f5e7241-b127-4fa9-8572-389a897ed1ca,AHSP-R0401,Step Nosing Keramik 10x60 cm,,material,active,,2026-07-26T19:43:57.170Z,a0000000-0000-0000-0000-000000000001,2026-07-26T19:43:57.170Z,,buah
64ed92e0-a897-4708-ac73-0c1ce8cb6572,AHSP-R0402,Marmer,,material,active,,2026-07-26T19:43:57.215Z,a0000000-0000-0000-0000-000000000001,2026-07-26T19:43:57.215Z,,buah
144c9fbb-5f42-4868-917e-4aa79995e4d1,AHSP-R0403,Karpet,,material,active,,2026-07-26T19:43:57.260Z,a0000000-0000-0000-0000-000000000001,2026-07-26T19:43:57.260Z,,m2
688691b5-24ec-4fd1-b4be-afd0d09e4e86,AHSP-R0404,Lem Karpet,,material,active,,2026-07-26T19:43:57.305Z,a0000000-0000-0000-0000-000000000001,2026-07-26T19:43:57.305Z,,kg
f6e8f7d6-9963-4760-9a2c-033d3f9488f2,AHSP-R0405,Underlayer karpet,,material,active,,2026-07-26T19:43:57.350Z,a0000000-0000-0000-0000-000000000001,2026-07-26T19:43:57.350Z,,m2
52693995-d24a-454b-94ba-29f73e23fbe3,AHSP-R0406,Parquet kayu solid,,material,active,,2026-07-26T19:43:57.395Z,a0000000-0000-0000-0000-000000000001,2026-07-26T19:43:57.395Z,,m2
6acdaaf5-33fb-4792-be19-b2fc57e3ea68,AHSP-R0407,Lem kayu,,material,active,,2026-07-26T19:43:57.439Z,a0000000-0000-0000-0000-000000000001,2026-07-26T19:43:57.439Z,,kg
68583fe2-fe3e-4aa4-bf9a-480e3e96cb6a,AHSP-R0408,Lantai engineering wood,,material,active,,2026-07-26T19:43:57.484Z,a0000000-0000-0000-0000-000000000001,2026-07-26T19:43:57.484Z,,m2
042341af-57c3-40cf-a300-8670e4a3fb5b,AHSP-R0409,Kayu papan kelas I,,material,active,,2026-07-26T19:43:57.528Z,a0000000-0000-0000-0000-000000000001,2026-07-26T19:43:57.528Z,,m3
26930c9d-c049-4562-8a16-6e29d5cd74b0,AHSP-R0410,Vinyl,,material,active,,2026-07-26T19:43:57.573Z,a0000000-0000-0000-0000-000000000001,2026-07-26T19:43:57.573Z,,buah
654155b0-60a3-4b1f-bc84-7c2a71085d70,AHSP-R0411,Lem,,material,active,,2026-07-26T19:43:57.617Z,a0000000-0000-0000-0000-000000000001,2026-07-26T19:43:57.617Z,,kg
c90e0f87-c9ed-44ba-a9f5-3fbb9b0d12aa,AHSP-R0412,Floor hardener,,material,active,,2026-07-26T19:43:57.662Z,a0000000-0000-0000-0000-000000000001,2026-07-26T19:43:57.662Z,,kg
d6c38caa-4680-4751-b824-5680ed36b24f,AHSP-R0413,UPVC decking,,material,active,,2026-07-26T19:43:57.707Z,a0000000-0000-0000-0000-000000000001,2026-07-26T19:43:57.707Z,,m2
6c36f854-e8c2-4263-a5f2-c5e3082aceeb,AHSP-R0414,Bubuk poles,,material,active,,2026-07-26T19:43:57.753Z,a0000000-0000-0000-0000-000000000001,2026-07-26T19:43:57.753Z,,kg
95c6378b-ab77-4365-a762-fefad6f7e52a,AHSP-R0415,Wax,,material,active,,2026-07-26T19:43:57.798Z,a0000000-0000-0000-0000-000000000001,2026-07-26T19:43:57.798Z,,kg
4578ec1d-d094-4ef5-8a0a-5c18518d712d,AHSP-R0416,Mesin poles,,equipment,active,,2026-07-26T19:43:57.843Z,a0000000-0000-0000-0000-000000000001,2026-07-26T19:43:57.843Z,,unit_hari
29e17b2f-27ca-42e1-bad4-99c36d7ed7d1,AHSP-R0417,Keramik Tactile 30x30 cm,,material,active,,2026-07-26T19:43:57.888Z,a0000000-0000-0000-0000-000000000001,2026-07-26T19:43:57.888Z,,buah
aec0e2a1-3e9a-414d-ac33-1521d9ce3769,AHSP-R0418,Keramik Tactile 40x40 cm,,material,active,,2026-07-26T19:43:57.934Z,a0000000-0000-0000-0000-000000000001,2026-07-26T19:43:57.934Z,,buah
f674f5f9-c88e-4be3-87fc-eb5319663626,AHSP-R0419,Keramik dinding artistik 10x20 cm,,material,active,,2026-07-26T19:43:57.979Z,a0000000-0000-0000-0000-000000000001,2026-07-26T19:43:57.979Z,,buah
85be8ef9-d6c6-42ec-ab2f-ebc4232bb11b,AHSP-R0420,Keramik dinding artistik 5x20 cm,,material,active,,2026-07-26T19:43:58.025Z,a0000000-0000-0000-0000-000000000001,2026-07-26T19:43:58.025Z,,buah
0a382a8f-ed00-4b1c-b04f-11649038aa7c,AHSP-R0421,Keramik dinding 10x20 cm,,material,active,,2026-07-26T19:43:58.070Z,a0000000-0000-0000-0000-000000000001,2026-07-26T19:43:58.070Z,,buah
de3d6f98-9387-4755-9394-03625417e40c,AHSP-R0422,Keramik dinding 20x20 cm,,material,active,,2026-07-26T19:43:58.115Z,a0000000-0000-0000-0000-000000000001,2026-07-26T19:43:58.115Z,,buah
09fee2d3-1b82-4f75-9b17-738faab4dc7f,AHSP-R0423,Homogenous tile dinding 30x30 cm,,material,active,,2026-07-26T19:43:58.160Z,a0000000-0000-0000-0000-000000000001,2026-07-26T19:43:58.160Z,,buah
877512d4-2fda-44ed-827f-d265e55a1da4,AHSP-R0424,Homogenous tile dinding 40x40 cm,,material,active,,2026-07-26T19:43:58.205Z,a0000000-0000-0000-0000-000000000001,2026-07-26T19:43:58.205Z,,buah
14f5f326-b0d2-4c60-977a-7fa41fcd2889,AHSP-R0425,Homogenous tile dinding 60x60 cm,,material,active,,2026-07-26T19:43:58.249Z,a0000000-0000-0000-0000-000000000001,2026-07-26T19:43:58.249Z,,buah
f5ceb4f3-eeb1-4f1a-8166-5a3f81becf79,AHSP-R0426,Porselen 11x11 cm (dus),,material,active,,2026-07-26T19:43:58.293Z,a0000000-0000-0000-0000-000000000001,2026-07-26T19:43:58.293Z,,dus
92594632-a985-4bb1-b565-49d16eb4bd14,AHSP-R0427,Porselen 10x20 cm,,material,active,,2026-07-26T19:43:58.339Z,a0000000-0000-0000-0000-000000000001,2026-07-26T19:43:58.339Z,,buah
aee5fe84-349a-41d7-bae5-2e708c793d0b,AHSP-R0428,Porselen 20x20 cm,,material,active,,2026-07-26T19:43:58.384Z,a0000000-0000-0000-0000-000000000001,2026-07-26T19:43:58.384Z,,buah
f9621e26-c6fa-412d-a355-873e152c6d1a,AHSP-R0429,Bata tempel,,material,active,,2026-07-26T19:43:58.429Z,a0000000-0000-0000-0000-000000000001,2026-07-26T19:43:58.429Z,,buah
f8ca7597-e70a-4bb1-b260-596b0c7e61bc,AHSP-R0430,Batu paras,,material,active,,2026-07-26T19:43:58.474Z,a0000000-0000-0000-0000-000000000001,2026-07-26T19:43:58.474Z,,m2
f3966066-4c17-4c7d-a85d-e5ca70cfb563,AHSP-R0431,Batu tempel hitam,,material,active,,2026-07-26T19:43:58.518Z,a0000000-0000-0000-0000-000000000001,2026-07-26T19:43:58.518Z,,m2
b51ccbb3-80ac-4e80-8491-e8f3ea926dbc,AHSP-R0432,Wallpaper,,material,active,,2026-07-26T19:43:58.563Z,a0000000-0000-0000-0000-000000000001,2026-07-26T19:43:58.563Z,,m1
e51d98f8-e624-46f7-b0fe-6c003932027c,AHSP-R0433,Plywood 4 mm m3,,material,active,,2026-07-26T19:43:58.608Z,a0000000-0000-0000-0000-000000000001,2026-07-26T19:43:58.608Z,,m3
19cb66b9-6cf3-4728-9d9f-f93556e1eaa5,AHSP-R0434,Bilik Bambu,,material,active,,2026-07-26T19:43:58.653Z,a0000000-0000-0000-0000-000000000001,2026-07-26T19:43:58.653Z,,m2
973be587-7cf7-44ec-a1de-cd761f1154ad,AHSP-R0435,Kayu kaso 5/7 kelas III,,material,active,,2026-07-26T19:43:58.697Z,a0000000-0000-0000-0000-000000000001,2026-07-26T19:43:58.697Z,,m3
243f9fe8-ca9c-4e05-912b-a66424d38a16,AHSP-R0436,Paku,,material,active,,2026-07-26T19:43:58.742Z,a0000000-0000-0000-0000-000000000001,2026-07-26T19:43:58.742Z,,kg
50346b4e-0a03-47b9-b4f4-da8d306675d0,AHSP-R0437,List kayu 2x4 cm,,material,active,,2026-07-26T19:43:58.787Z,a0000000-0000-0000-0000-000000000001,2026-07-26T19:43:58.787Z,,m3
cfdf4607-2c10-4be7-8ab9-e329c335a1c6,AHSP-R0438,Besi siku 40x40x4 mm,,material,active,,2026-07-26T19:43:58.832Z,a0000000-0000-0000-0000-000000000001,2026-07-26T19:43:58.832Z,,kg
8f3f6302-2a7f-4f62-99eb-0f5005029163,AHSP-R0439,Lem epoxy,,material,active,,2026-07-26T19:43:58.877Z,a0000000-0000-0000-0000-000000000001,2026-07-26T19:43:58.877Z,,kg
017c3d57-5b9c-405d-86f0-b341a7ed1694,AHSP-R0440,Paku 12 cm,,material,active,,2026-07-26T19:43:58.922Z,a0000000-0000-0000-0000-000000000001,2026-07-26T19:43:58.922Z,,buah
09643963-2a6b-4af5-b3cc-dc7870c26489,AHSP-R0441,Kayu Balok Kelas II,,material,active,,2026-07-26T19:43:58.967Z,a0000000-0000-0000-0000-000000000001,2026-07-26T19:43:58.967Z,,m3
689f81e9-ea9d-4668-8d62-073edeb724ec,AHSP-R0442,Paku 5 dan 7 cm,,material,active,,2026-07-26T19:43:59.011Z,a0000000-0000-0000-0000-000000000001,2026-07-26T19:43:59.011Z,,kg
08060c6d-6b6c-418d-bfd0-e96bcf33f475,AHSP-R0443,Metal Hollow 20x40 mm,,material,active,,2026-07-26T19:43:59.059Z,a0000000-0000-0000-0000-000000000001,2026-07-26T19:43:59.059Z,,m1
9e10ea45-93f2-45d9-88c3-2068f5b86dda,AHSP-R0444,"Baja ringan C75 x 0,75 mm (permeter)",,material,active,,2026-07-26T19:43:59.104Z,a0000000-0000-0000-0000-000000000001,2026-07-26T19:43:59.104Z,,m1
a6333831-3933-4819-8171-8ee1813b36b8,AHSP-R0445,Dynabolt,,material,active,,2026-07-26T19:43:59.149Z,a0000000-0000-0000-0000-000000000001,2026-07-26T19:43:59.149Z,,buah
6053aa7d-45b0-43ba-8262-7d6f2aba1715,AHSP-R0446,Mesin Bor Listrik,,equipment,active,,2026-07-26T19:43:59.196Z,a0000000-0000-0000-0000-000000000001,2026-07-26T19:43:59.196Z,,hari
ed68db24-8641-44c0-a504-322956b6d85e,AHSP-R0447,Rolling door besi,,material,active,,2026-07-26T19:43:59.241Z,a0000000-0000-0000-0000-000000000001,2026-07-26T19:43:59.241Z,,m2
cd5a41a8-0e64-4a9a-ad7c-ab3a5ddca44f,AHSP-R0448,Tukang alumunium,,labor,active,,2026-07-26T19:43:59.286Z,a0000000-0000-0000-0000-000000000001,2026-07-26T19:43:59.286Z,,OH
6beb66ba-25a4-4aae-a534-36b8f886ee0a,AHSP-R0449,Rolling door aluminium,,material,active,,2026-07-26T19:43:59.331Z,a0000000-0000-0000-0000-000000000001,2026-07-26T19:43:59.331Z,,m2
1f2d9b20-2129-4e30-b0c5-fccd22d1b657,AHSP-R0450,Pintu lipat PVC,,material,active,,2026-07-26T19:43:59.377Z,a0000000-0000-0000-0000-000000000001,2026-07-26T19:43:59.377Z,,m2
09c3678b-865b-4676-b449-1bf078540cc3,AHSP-R0451,Profil Aluminium,,material,active,,2026-07-26T19:43:59.422Z,a0000000-0000-0000-0000-000000000001,2026-07-26T19:43:59.422Z,,m1
e74ca36e-a73a-4cbd-a8ec-7879e30cdbc0,AHSP-R0452,Aluminium Strip,,material,active,,2026-07-26T19:43:59.467Z,a0000000-0000-0000-0000-000000000001,2026-07-26T19:43:59.467Z,,m1
9ed449b9-90f1-4a3b-b175-51731370e921,AHSP-R0453,Rangka Aluminium,,material,active,,2026-07-26T19:43:59.513Z,a0000000-0000-0000-0000-000000000001,2026-07-26T19:43:59.513Z,,m1
b7557fb7-de35-4b56-88de-95d8827ebc31,AHSP-R0454,Profil Kaca tebal 6 mm,,material,active,,2026-07-26T19:43:59.558Z,a0000000-0000-0000-0000-000000000001,2026-07-26T19:43:59.558Z,,m2
fc4cb7f0-6f79-447c-b85f-e8e4865d7f60,AHSP-R0455,Pintu panel kayu lapis timbal uk. 1x2 m,,material,active,,2026-07-26T19:43:59.602Z,a0000000-0000-0000-0000-000000000001,2026-07-26T19:43:59.602Z,,unit
e1552242-ee14-431b-a050-563335966391,AHSP-R0456,Besi siku 30x30x3 mm,,material,active,,2026-07-26T19:43:59.647Z,a0000000-0000-0000-0000-000000000001,2026-07-26T19:43:59.647Z,,kg
07f6d7e0-00c2-48a7-b43f-f04a46a9d6df,AHSP-R0457,Pintu tahan api,,material,active,,2026-07-26T19:43:59.692Z,a0000000-0000-0000-0000-000000000001,2026-07-26T19:43:59.692Z,,unit
78cb4f5a-5fbf-4eaa-8da2-786b58419b40,AHSP-R0458,Blockboard tebal 18 mm,,material,active,,2026-07-26T19:43:59.737Z,a0000000-0000-0000-0000-000000000001,2026-07-26T19:43:59.737Z,,m2
6732cbf2-7072-4af0-bc6b-cec977391fa5,AHSP-R0459,Veeneer tebal 2 mm,,material,active,,2026-07-26T19:43:59.781Z,a0000000-0000-0000-0000-000000000001,2026-07-26T19:43:59.781Z,,m2
66baab01-a275-4f90-97bd-f5e6ec1193eb,AHSP-R0460,Pintu uPVC lebar 80 cm,,material,active,,2026-07-26T19:43:59.827Z,a0000000-0000-0000-0000-000000000001,2026-07-26T19:43:59.827Z,,buah
44b96ef6-8052-48df-b6b0-40e053607c17,AHSP-R0461,Pintu uPVC lebar 70 cm,,material,active,,2026-07-26T19:43:59.871Z,a0000000-0000-0000-0000-000000000001,2026-07-26T19:43:59.871Z,,buah
9361e544-5d6c-498a-a6bc-de53aba99fed,AHSP-R0462,Jendela Nako Rangka Aluminium (rangka+kaca 5 mm),,material,active,,2026-07-26T19:43:59.916Z,a0000000-0000-0000-0000-000000000001,2026-07-26T19:43:59.916Z,,m2
9f43f5ae-04b7-4ae6-a533-0f58e0c6028f,AHSP-R0463,Paku Sekrup 1-2 cm,,material,active,,2026-07-26T19:43:59.961Z,a0000000-0000-0000-0000-000000000001,2026-07-26T19:43:59.961Z,,buah
29dc1b70-23aa-4a3f-97d4-933bab2b08ec,AHSP-R0464,"Besi strip (0,2x2) cm",,material,active,,2026-07-26T19:44:00.006Z,a0000000-0000-0000-0000-000000000001,2026-07-26T19:44:00.006Z,,m1
5a0617aa-cbf1-4b01-91cc-7639323cd72e,AHSP-R0465,Jendela Kaca Upvc 2 daun,,material,active,,2026-07-26T19:44:00.051Z,a0000000-0000-0000-0000-000000000001,2026-07-26T19:44:00.051Z,,buah
07d99882-da53-49ab-9682-118f12d02f03,AHSP-R0466,Skrup fixer,,material,active,,2026-07-26T19:44:00.098Z,a0000000-0000-0000-0000-000000000001,2026-07-26T19:44:00.098Z,,buah
59bde070-3405-4062-a249-7464c83b388f,AHSP-R0467,Kayu balok 6/15 kelas I,,material,active,,2026-07-26T19:44:00.144Z,a0000000-0000-0000-0000-000000000001,2026-07-26T19:44:00.144Z,,m3
573a27d6-c071-4f7f-bfbb-aa179c23d56d,AHSP-R0468,Kayu balok 6/15 kelas II,,material,active,,2026-07-26T19:44:00.191Z,a0000000-0000-0000-0000-000000000001,2026-07-26T19:44:00.191Z,,m3
ea3fd67f-3ce3-486a-a36d-89c0e655c23e,AHSP-R0469,Jalusi uPVC,,material,active,,2026-07-26T19:44:00.240Z,a0000000-0000-0000-0000-000000000001,2026-07-26T19:44:00.240Z,,m3
693e53bb-3701-4e34-ae78-58d9b008b24f,AHSP-R0470,Kusen Bovenlight Upvc,,material,active,,2026-07-26T19:44:00.287Z,a0000000-0000-0000-0000-000000000001,2026-07-26T19:44:00.287Z,,buah
984e9a4d-727e-4551-975e-ce8ffe67320d,AHSP-R0471,Kunci tanam antik,,material,active,,2026-07-26T19:44:00.334Z,a0000000-0000-0000-0000-000000000001,2026-07-26T19:44:00.334Z,,buah
7fba5f21-8d00-4ad4-8af3-e1271f8474fd,AHSP-R0472,Kunci tanam biasa,,material,active,,2026-07-26T19:44:00.380Z,a0000000-0000-0000-0000-000000000001,2026-07-26T19:44:00.380Z,,buah
baae372d-2453-4f24-ab23-9ffa22cb2946,AHSP-R0473,Kunci tanam kamar mandi,,material,active,,2026-07-26T19:44:00.426Z,a0000000-0000-0000-0000-000000000001,2026-07-26T19:44:00.426Z,,buah
88ba9db6-46f9-4a89-b60c-f98387c3643c,AHSP-R0474,Kunci silinder,,material,active,,2026-07-26T19:44:00.471Z,a0000000-0000-0000-0000-000000000001,2026-07-26T19:44:00.471Z,,buah
7e6d580c-79da-493f-9792-bb7ee9c60a62,AHSP-R0475,Engsel pintu (kw 1),,material,active,,2026-07-26T19:44:00.517Z,a0000000-0000-0000-0000-000000000001,2026-07-26T19:44:00.517Z,,buah
c910778b-455e-44cb-9637-bcc3559ded5a,AHSP-R0476,Floor hinge,,material,active,,2026-07-26T19:44:00.563Z,a0000000-0000-0000-0000-000000000001,2026-07-26T19:44:00.563Z,,buah
90bf3925-df7e-4cae-9be2-19a5e7ebacb3,AHSP-R0477,Door closer,,material,active,,2026-07-26T19:44:00.608Z,a0000000-0000-0000-0000-000000000001,2026-07-26T19:44:00.608Z,,buah
5e30e6c7-c6d4-4c70-86cd-7faa4f15c589,AHSP-R0478,Door holder,,material,active,,2026-07-26T19:44:00.653Z,a0000000-0000-0000-0000-000000000001,2026-07-26T19:44:00.653Z,,buah
d499af95-27e4-4a29-901b-87cfe0dc1c0a,AHSP-R0479,Door stop,,material,active,,2026-07-26T19:44:00.699Z,a0000000-0000-0000-0000-000000000001,2026-07-26T19:44:00.699Z,,buah
36564f32-ea3c-441e-b7d3-54f7894c116c,AHSP-R0480,Rel pintu dorong,,material,active,,2026-07-26T19:44:00.744Z,a0000000-0000-0000-0000-000000000001,2026-07-26T19:44:00.744Z,,buah
84999c18-4461-4b6e-b254-899860249e55,AHSP-R0481,Venetions Blinds dan Vertical Blinds,,material,active,,2026-07-26T19:44:00.789Z,a0000000-0000-0000-0000-000000000001,2026-07-26T19:44:00.789Z,,buah
32a3dfc4-19e4-4ca5-8394-77ff432167b7,AHSP-R0482,Teralis Besi Strip lengkap dengan accessories,,material,active,,2026-07-26T19:44:00.834Z,a0000000-0000-0000-0000-000000000001,2026-07-26T19:44:00.834Z,,m2
9a4a9f05-51ea-40ff-ae91-246aed212149,AHSP-R0483,Kawat Nyamuk,,material,active,,2026-07-26T19:44:00.879Z,a0000000-0000-0000-0000-000000000001,2026-07-26T19:44:00.879Z,,m2
16815542-2354-4bba-a548-71fcc90a536a,AHSP-R0484,Besi siku 20x20 tebal 2 mm,,material,active,,2026-07-26T19:44:00.924Z,a0000000-0000-0000-0000-000000000001,2026-07-26T19:44:00.924Z,,kg
a90ee14e-15c4-4376-8fa6-542b492ce656,AHSP-R0485,Paku 3 cm,,material,active,,2026-07-26T19:44:00.969Z,a0000000-0000-0000-0000-000000000001,2026-07-26T19:44:00.969Z,,cm
9ba3e6d6-366e-441b-a21e-765c9d115d5e,AHSP-R0486,List kayu profil kelas II,,material,active,,2026-07-26T19:44:01.014Z,a0000000-0000-0000-0000-000000000001,2026-07-26T19:44:01.014Z,,kg
80399116-3610-4d58-bffd-21063d86831e,AHSP-R0487,Grendel,,material,active,,2026-07-26T19:44:01.059Z,a0000000-0000-0000-0000-000000000001,2026-07-26T19:44:01.059Z,,buah
899e8522-e4fa-4caf-8551-46c6b014c8dc,AHSP-R0488,Engsel kupu-kupu,,material,active,,2026-07-26T19:44:01.104Z,a0000000-0000-0000-0000-000000000001,2026-07-26T19:44:01.104Z,,buah
4c920b25-fa96-456f-90da-c1d59be56b37,AHSP-R0489,Engsel angin,,material,active,,2026-07-26T19:44:01.149Z,a0000000-0000-0000-0000-000000000001,2026-07-26T19:44:01.149Z,,buah
83fb52cc-14cf-4f0d-bcc7-0f63f2dfb3f6,AHSP-R0490,Spring knip,,material,active,,2026-07-26T19:44:01.194Z,a0000000-0000-0000-0000-000000000001,2026-07-26T19:44:01.194Z,,buah
a639bd67-151a-4b1b-914a-b5758a026e43,AHSP-R0491,Kait angin,,material,active,,2026-07-26T19:44:01.239Z,a0000000-0000-0000-0000-000000000001,2026-07-26T19:44:01.239Z,,buah
c506599e-4f5d-452a-a8a4-6927eedad752,AHSP-R0492,Kunci lemari,,material,active,,2026-07-26T19:44:01.284Z,a0000000-0000-0000-0000-000000000001,2026-07-26T19:44:01.284Z,,set
c49d9f7c-2346-4461-b687-8ac9ff90c624,AHSP-R0493,Grendel tanam,,material,active,,2026-07-26T19:44:01.329Z,a0000000-0000-0000-0000-000000000001,2026-07-26T19:44:01.329Z,,buah
02eab476-6381-4660-b065-0adcd3cebd88,AHSP-R0494,Hendle Jendela,,material,active,,2026-07-26T19:44:01.374Z,a0000000-0000-0000-0000-000000000001,2026-07-26T19:44:01.374Z,,buah
200d81a8-7dec-4c87-991b-056834094050,AHSP-R0495,Sunscreen aluminium,,material,active,,2026-07-26T19:44:01.419Z,a0000000-0000-0000-0000-000000000001,2026-07-26T19:44:01.419Z,,m2
cd11384f-6aa1-415a-a2ca-4365b4deda1a,AHSP-R0496,Kaca polos 3 mm,,material,active,,2026-07-26T19:44:01.465Z,a0000000-0000-0000-0000-000000000001,2026-07-26T19:44:01.465Z,,m2
77bf5d92-f3af-458a-b15b-aef1ba7e86d5,AHSP-R0497,Kaca polos 5 mm,,material,active,,2026-07-26T19:44:01.510Z,a0000000-0000-0000-0000-000000000001,2026-07-26T19:44:01.510Z,,m2
6ed42782-fa0d-47ef-832f-ba36edbaa6ab,AHSP-R0498,Kaca polos 6 mm,,material,active,,2026-07-26T19:44:01.555Z,a0000000-0000-0000-0000-000000000001,2026-07-26T19:44:01.555Z,,m2
f2873988-2ecf-47d6-94a5-f0be461bfb3c,AHSP-R0499,Kaca polos 8 mm,,material,active,,2026-07-26T19:44:01.600Z,a0000000-0000-0000-0000-000000000001,2026-07-26T19:44:01.600Z,,m2
aacf77f0-fc1d-4713-9770-0d3c79544099,AHSP-R0500,Kaca buram 12mm,,material,active,,2026-07-26T19:44:01.646Z,a0000000-0000-0000-0000-000000000001,2026-07-26T19:44:01.646Z,,m2
2664e908-930a-4a09-9456-5f2d378cd2f4,AHSP-R0501,Kaca cermin 5 mm,,material,active,,2026-07-26T19:44:01.691Z,a0000000-0000-0000-0000-000000000001,2026-07-26T19:44:01.691Z,,m2
2dc8555d-9f96-4f3b-86d6-3c7b94763778,AHSP-R0502,Kaca cermin 8 mm,,material,active,,2026-07-26T19:44:01.735Z,a0000000-0000-0000-0000-000000000001,2026-07-26T19:44:01.735Z,,m2
0f2a3d25-0429-4b1e-beef-9b198961bf5c,AHSP-R0503,Kaca wireglass 5 mm,,material,active,,2026-07-26T19:44:01.783Z,a0000000-0000-0000-0000-000000000001,2026-07-26T19:44:01.783Z,,m2
cf4edd66-3ec8-40c6-ba29-ed3f581429e9,AHSP-R0504,Kaca patri 5 mm,,material,active,,2026-07-26T19:44:01.827Z,a0000000-0000-0000-0000-000000000001,2026-07-26T19:44:01.827Z,,m2
7f03abf6-d1ec-47c0-9ef3-4dd6fa78e566,AHSP-R0505,Kaca laminated 8 mm,,material,active,,2026-07-26T19:44:01.872Z,a0000000-0000-0000-0000-000000000001,2026-07-26T19:44:01.872Z,,m2
d35fb5a2-11fc-4685-a953-cd39d4bee55a,AHSP-R0506,Frame aluminium,,material,active,,2026-07-26T19:44:01.917Z,a0000000-0000-0000-0000-000000000001,2026-07-26T19:44:01.917Z,,m1
75c63ea8-a4f7-487e-82a1-0675f54d6129,AHSP-R0507,Kaca laminated 12 mm,,material,active,,2026-07-26T19:44:01.962Z,a0000000-0000-0000-0000-000000000001,2026-07-26T19:44:01.962Z,,m2
fb3641f8-7c51-41af-b7cc-dd5cc25967a0,AHSP-R0508,Profil slimar aluminium,,material,active,,2026-07-26T19:44:02.007Z,a0000000-0000-0000-0000-000000000001,2026-07-26T19:44:02.007Z,,m1
ebfff1f4-9bbf-42c6-b7d8-42f6f69b7739,AHSP-R0509,Jalusi aluminium,,material,active,,2026-07-26T19:44:02.052Z,a0000000-0000-0000-0000-000000000001,2026-07-26T19:44:02.052Z,,m2
e1a51a69-006d-4fe9-8121-96f1a5313a2d,AHSP-R0510,Pipa besi hitam 3 inch,,material,active,,2026-07-26T19:44:02.098Z,a0000000-0000-0000-0000-000000000001,2026-07-26T19:44:02.098Z,,m1
78bf8e3d-a476-41af-98b0-7a5e72b928a0,AHSP-R0511,Pipa besi hitam 1 inch,,material,active,,2026-07-26T19:44:02.142Z,a0000000-0000-0000-0000-000000000001,2026-07-26T19:44:02.142Z,,m1
0964fc1e-72e3-4413-bbc2-c18ce2645c98,AHSP-R0512,Cat zyncromate,,material,active,,2026-07-26T19:44:02.187Z,a0000000-0000-0000-0000-000000000001,2026-07-26T19:44:02.187Z,,kg
a90c18cb-7d11-46af-ab66-ec6fb8ba1bd3,AHSP-R0513,Pipa besi hitam 2 inch,,material,active,,2026-07-26T19:44:02.232Z,a0000000-0000-0000-0000-000000000001,2026-07-26T19:44:02.232Z,,m1
f1320fd6-708d-49d0-bbd7-15c1366c20e3,AHSP-R0514,"Pipa besi hitam 1,5 inch",,material,active,,2026-07-26T19:44:02.277Z,a0000000-0000-0000-0000-000000000001,2026-07-26T19:44:02.277Z,,m1
bdaf9a13-c46a-4c36-8111-867eeeb7cddf,AHSP-R0515,Tangga service,,material,active,,2026-07-26T19:44:02.322Z,a0000000-0000-0000-0000-000000000001,2026-07-26T19:44:02.322Z,,buah
c8c88e5b-d438-481c-a4f7-626e8794073c,AHSP-R0516,Dynabolt M12,,material,active,,2026-07-26T19:44:02.368Z,a0000000-0000-0000-0000-000000000001,2026-07-26T19:44:02.368Z,,buah
94e634b7-6957-41b2-b655-ef6d0cef7679,AHSP-R0517,Formika,,material,active,,2026-07-26T19:44:02.413Z,a0000000-0000-0000-0000-000000000001,2026-07-26T19:44:02.413Z,,lembar
90fe8330-7182-4378-9133-36fb15f9e95f,AHSP-R0518,Jendela Ornamen GRC,,material,active,,2026-07-26T19:44:02.458Z,a0000000-0000-0000-0000-000000000001,2026-07-26T19:44:02.458Z,,m3
daa5e765-aed6-4017-88ac-6f6d9e084fdc,AHSP-R0519,Paku Fishes,,material,active,,2026-07-26T19:44:02.503Z,a0000000-0000-0000-0000-000000000001,2026-07-26T19:44:02.503Z,,buah
8d2d9607-fc8e-4025-95a6-5ac1792ad89a,AHSP-R0520,Logo PU Plat Baja 80x80 cm,,material,active,,2026-07-26T19:44:02.548Z,a0000000-0000-0000-0000-000000000001,2026-07-26T19:44:02.548Z,,buah
fe536639-67ac-4b7e-8488-02247153ebaa,AHSP-R0521,Sewa Scaffolding,,equipment,active,,2026-07-26T19:44:02.593Z,a0000000-0000-0000-0000-000000000001,2026-07-26T19:44:02.593Z,,hari
dfa3acf8-41b5-4c78-b87a-d0731a3c5269,AHSP-R0522,Sewa Gondola,,equipment,active,,2026-07-26T19:44:02.638Z,a0000000-0000-0000-0000-000000000001,2026-07-26T19:44:02.638Z,,hari
ffaf5bd4-7f36-47bd-a162-fd281a7cdf78,AHSP-R0523,Signage Plat Baja lengkap dengan accessories,,material,active,,2026-07-26T19:44:02.683Z,a0000000-0000-0000-0000-000000000001,2026-07-26T19:44:02.683Z,,buah
d3b7a3e0-9096-432e-91e0-53017a45ae3a,AHSP-R0524,Akrilik 4 mm,,material,active,,2026-07-26T19:44:02.729Z,a0000000-0000-0000-0000-000000000001,2026-07-26T19:44:02.729Z,,m2
5d3cff66-6a81-40df-bd8d-e9c2a47f026a,AHSP-R0525,Pen akrilik,,material,active,,2026-07-26T19:44:02.774Z,a0000000-0000-0000-0000-000000000001,2026-07-26T19:44:02.774Z,,buah
c0286c0d-7589-4d70-b79e-e39727344aea,AHSP-R0526,Cutting sticker,,material,active,,2026-07-26T19:44:02.819Z,a0000000-0000-0000-0000-000000000001,2026-07-26T19:44:02.819Z,,m2
6cf74838-8ae2-4244-81a2-0e0fc8e1f38a,AHSP-R0527,Cat Thermoplast,,material,active,,2026-07-26T19:44:02.865Z,a0000000-0000-0000-0000-000000000001,2026-07-26T19:44:02.865Z,,kg
7cae8619-1442-4d5f-ad15-ac1f6d251b38,AHSP-R0528,Glass Beads,,material,active,,2026-07-26T19:44:02.910Z,a0000000-0000-0000-0000-000000000001,2026-07-26T19:44:02.910Z,,kg
bcbbe043-b239-4dbc-8dd4-e300c04b3991,AHSP-R0529,Compressor,,equipment,active,,2026-07-26T19:44:02.955Z,a0000000-0000-0000-0000-000000000001,2026-07-26T19:44:02.955Z,,jam
0fd32918-871d-4363-818d-03328218edb5,AHSP-R0530,Logo PU Akrilik 40x40 cm,,material,active,,2026-07-26T19:44:03.001Z,a0000000-0000-0000-0000-000000000001,2026-07-26T19:44:03.001Z,,buah
54b550dc-bbfc-40eb-9a67-7e5b89796048,AHSP-R0531,Paku Beton 5 cm,,material,active,,2026-07-26T19:44:03.046Z,a0000000-0000-0000-0000-000000000001,2026-07-26T19:44:03.046Z,,buah
50db289f-efc5-4bd6-bac2-4e4dff54a89a,AHSP-R0532,Nomor Rumah Akrilik 15x30 cm,,material,active,,2026-07-26T19:44:03.092Z,a0000000-0000-0000-0000-000000000001,2026-07-26T19:44:03.092Z,,buah
f0f2438c-b676-4fbb-9536-fa1ac46a72a7,AHSP-R0533,Wastafel Lengkap,,material,active,,2026-07-26T19:44:03.137Z,a0000000-0000-0000-0000-000000000001,2026-07-26T19:44:03.137Z,,unit
18953b66-7552-4e7f-a377-8fa20f7d8449,AHSP-R0534,Bak cuci stainlesteel,,material,active,,2026-07-26T19:44:03.184Z,a0000000-0000-0000-0000-000000000001,2026-07-26T19:44:03.184Z,,unit
d3fd6208-452c-44c2-afbf-67e7100940f8,AHSP-R0535,Water drain,,material,active,,2026-07-26T19:44:03.228Z,a0000000-0000-0000-0000-000000000001,2026-07-26T19:44:03.228Z,,buah
8afd0d5d-3a32-44fc-843b-ceeaeb094284,AHSP-R0536,Bak cuci teraso,,material,active,,2026-07-26T19:44:03.275Z,a0000000-0000-0000-0000-000000000001,2026-07-26T19:44:03.275Z,,unit
b5480541-48e5-4097-994a-880df50251c7,AHSP-R0537,Kloset duduk/monoblok,,material,active,,2026-07-26T19:44:03.320Z,a0000000-0000-0000-0000-000000000001,2026-07-26T19:44:03.320Z,,buah
0d35bc1e-d671-4090-a4e9-a94542313dd9,AHSP-R0538,Flexible hose,,material,active,,2026-07-26T19:44:03.365Z,a0000000-0000-0000-0000-000000000001,2026-07-26T19:44:03.365Z,,buah
18f9f39d-c353-408b-9391-83560959733b,AHSP-R0539,Kloset jongkok,,material,active,,2026-07-26T19:44:03.410Z,a0000000-0000-0000-0000-000000000001,2026-07-26T19:44:03.410Z,,buah
26b4b6c0-7f6b-48f0-b60c-21d1fa62ea8f,AHSP-R0540,Pasangan bata 1:3,,material,active,,2026-07-26T19:44:03.455Z,a0000000-0000-0000-0000-000000000001,2026-07-26T19:44:03.455Z,,m2
1c62c292-f3a9-485c-ba51-945f2bbf884b,AHSP-R0541,Sekat kubikel,,material,active,,2026-07-26T19:44:03.500Z,a0000000-0000-0000-0000-000000000001,2026-07-26T19:44:03.500Z,,m2
e0fee7b0-1331-4dbb-b873-0a63bb499302,AHSP-R0542,Pintu kubikel,,material,active,,2026-07-26T19:44:03.546Z,a0000000-0000-0000-0000-000000000001,2026-07-26T19:44:03.546Z,,set
d40ce8db-5578-4574-9f36-d27bf2cf57dd,AHSP-R0543,Urinoir Lengkap,,material,active,,2026-07-26T19:44:03.592Z,a0000000-0000-0000-0000-000000000001,2026-07-26T19:44:03.592Z,,unit
66dfa643-29ab-4475-951c-a4c931a4b869,AHSP-R0544,Partisi urinoir,,material,active,,2026-07-26T19:44:03.636Z,a0000000-0000-0000-0000-000000000001,2026-07-26T19:44:03.636Z,,buah
749ff195-0649-4a88-baed-745486d8ce8b,AHSP-R0545,Sealtape,,material,active,,2026-07-26T19:44:03.682Z,a0000000-0000-0000-0000-000000000001,2026-07-26T19:44:03.682Z,,buah
e0fa9428-2d79-43d6-a12e-d86c6f322660,AHSP-R0546,Bak teraso,,material,active,,2026-07-26T19:44:03.726Z,a0000000-0000-0000-0000-000000000001,2026-07-26T19:44:03.726Z,,unit
40259456-6b12-4c34-9513-de3bf62fe413,AHSP-R0547,Flexible hose,,material,active,,2026-07-26T19:44:03.771Z,a0000000-0000-0000-0000-000000000001,2026-07-26T19:44:03.771Z,,unit
0e52ea22-7635-45ec-98a9-dc7e79111ce9,AHSP-R0548,Porselen 11x11 cm,,material,active,,2026-07-26T19:44:03.816Z,a0000000-0000-0000-0000-000000000001,2026-07-26T19:44:03.816Z,,buah
fff7fed6-fad5-4c2e-97c5-fde5eacb5e8b,AHSP-R0549,Bak fiberglass 70x70x66 cm,,material,active,,2026-07-26T19:44:03.862Z,a0000000-0000-0000-0000-000000000001,2026-07-26T19:44:03.862Z,,unit
8fd10219-ff03-4ef9-aa21-8c18fc67c3cf,AHSP-R0550,"Pipa PVC AW Ø 3/4"" (m)",,material,active,,2026-07-26T19:44:03.908Z,a0000000-0000-0000-0000-000000000001,2026-07-26T19:44:03.908Z,,m1
e3a9ebeb-07b4-4af0-a6de-2758e9f92686,AHSP-R0551,"Stop kran PVC 3/4""",,material,active,,2026-07-26T19:44:03.953Z,a0000000-0000-0000-0000-000000000001,2026-07-26T19:44:03.953Z,,buah
f89f2ae9-45e1-417c-a5cb-cec5dae88df8,AHSP-R0552,Bak fiberglass 1 m3,,material,active,,2026-07-26T19:44:03.998Z,a0000000-0000-0000-0000-000000000001,2026-07-26T19:44:03.998Z,,unit
6ece68d6-7396-4478-91e0-7e203f801e60,AHSP-R0553,Beton 1:2:3,,material,active,,2026-07-26T19:44:04.044Z,a0000000-0000-0000-0000-000000000001,2026-07-26T19:44:04.044Z,,m3
3cf7525c-8ad7-4f2e-8703-e42643417668,AHSP-R0554,Kayu papan kelas III (m2),,material,active,,2026-07-26T19:44:04.089Z,a0000000-0000-0000-0000-000000000001,2026-07-26T19:44:04.089Z,,m2
445faf25-6523-49ef-87d7-a6629ea566f6,AHSP-R0555,Bathup,,material,active,,2026-07-26T19:44:04.134Z,a0000000-0000-0000-0000-000000000001,2026-07-26T19:44:04.134Z,,unit
469af0bc-aaee-425f-b756-2b74fb97ffbe,AHSP-R0556,Flexible hose,,material,active,,2026-07-26T19:44:04.179Z,a0000000-0000-0000-0000-000000000001,2026-07-26T19:44:04.179Z,,m1
ab662fda-e407-47c9-b423-09b0b539e3ce,AHSP-R0557,"Stop kran PVC 1/2""",,material,active,,2026-07-26T19:44:04.223Z,a0000000-0000-0000-0000-000000000001,2026-07-26T19:44:04.223Z,,buah
923fbe91-d855-4520-90ef-979a98872bc1,AHSP-R0558,Floor drain stainles steel,,material,active,,2026-07-26T19:44:04.268Z,a0000000-0000-0000-0000-000000000001,2026-07-26T19:44:04.268Z,,buah
34420779-3ee4-4e00-992e-01d84d6559ab,AHSP-R0559,Kran air,,material,active,,2026-07-26T19:44:04.314Z,a0000000-0000-0000-0000-000000000001,2026-07-26T19:44:04.314Z,,buah
f1da1206-6b42-45a0-9f87-829da6182855,AHSP-R0560,Jet washer,,material,active,,2026-07-26T19:44:04.359Z,a0000000-0000-0000-0000-000000000001,2026-07-26T19:44:04.359Z,,buah
3a2a1ae6-8f84-4b73-be4a-07c857fa251b,AHSP-R0561,Robe hook,,material,active,,2026-07-26T19:44:04.406Z,a0000000-0000-0000-0000-000000000001,2026-07-26T19:44:04.406Z,,buah
722b05c1-a094-4f3d-8926-712ad7118cfc,AHSP-R0562,Towel bar,,material,active,,2026-07-26T19:44:04.451Z,a0000000-0000-0000-0000-000000000001,2026-07-26T19:44:04.451Z,,unit
142ad351-61c1-42de-bd2e-a1de387f8706,AHSP-R0563,Grab bar,,material,active,,2026-07-26T19:44:04.497Z,a0000000-0000-0000-0000-000000000001,2026-07-26T19:44:04.497Z,,buah
98876173-d984-4bdf-a2d8-99282294d2a4,AHSP-R0564,Soap holder,,material,active,,2026-07-26T19:44:04.543Z,a0000000-0000-0000-0000-000000000001,2026-07-26T19:44:04.543Z,,buah
e95c8b85-9888-4f24-b268-dcaa3c99c004,AHSP-R0565,Tissue holder,,material,active,,2026-07-26T19:44:04.588Z,a0000000-0000-0000-0000-000000000001,2026-07-26T19:44:04.588Z,,buah
d56b5370-2e15-457d-9eca-f2c0e44201a0,AHSP-R0566,Shower Set,,material,active,,2026-07-26T19:44:04.633Z,a0000000-0000-0000-0000-000000000001,2026-07-26T19:44:04.633Z,,unit
38785c9e-b98d-49ed-9939-a8c0e3c7c981,AHSP-R0567,Pohon Pucuk Merah di Polybag 20 Liter,,material,active,,2026-07-26T19:44:04.679Z,a0000000-0000-0000-0000-000000000001,2026-07-26T19:44:04.679Z,,pohon
f6f36083-8d94-45bd-a597-8bf1b0a3294b,AHSP-R0568,Colt T-120 (D); R-Blk. 4; 12 m3,,equipment,active,,2026-07-26T19:44:04.726Z,a0000000-0000-0000-0000-000000000001,2026-07-26T19:44:04.726Z,,jam
6d37a4ca-51d7-4fb8-917f-a09d3df199cd,AHSP-R0569,Pohon Pucuk Merah di Polybag 25 Liter,,material,active,,2026-07-26T19:44:04.772Z,a0000000-0000-0000-0000-000000000001,2026-07-26T19:44:04.772Z,,pohon
510760b8-6b72-4a6b-8e63-b914557046d4,AHSP-R0570,Pohon Bunga Kupu-kupu di Polybag 50 Liter,,material,active,,2026-07-26T19:44:04.817Z,a0000000-0000-0000-0000-000000000001,2026-07-26T19:44:04.817Z,,pohon
23dd57a9-3334-49a0-b4db-00314d1f7117,AHSP-R0571,Fuso (D); R-Blk. 8; 35 m3,,equipment,active,,2026-07-26T19:44:04.861Z,a0000000-0000-0000-0000-000000000001,2026-07-26T19:44:04.861Z,,jam
439ff1ea-1531-4466-8a4b-4be8840d125d,AHSP-R0572,Pohon Bunga Kupu-kupu di Polybag 75 Liter,,material,active,,2026-07-26T19:44:04.906Z,a0000000-0000-0000-0000-000000000001,2026-07-26T19:44:04.906Z,,pohon
06d864ca-85d2-4869-974c-c8b954d23fcf,AHSP-R0573,Pohon Mahoni di Polybag 100 Liter,,material,active,,2026-07-26T19:44:04.951Z,a0000000-0000-0000-0000-000000000001,2026-07-26T19:44:04.951Z,,pohon
6ee2e9d8-0c21-4094-8cc3-de9aa205879a,AHSP-R0574,Crane Truck 3 ton; Winch 5 Ton,,equipment,active,,2026-07-26T19:44:04.996Z,a0000000-0000-0000-0000-000000000001,2026-07-26T19:44:04.996Z,,jam
0a055046-8617-4052-8e97-8029ef7641e3,AHSP-R0575,Pohon Mahoni di Polybag 150 Liter,,material,active,,2026-07-26T19:44:05.044Z,a0000000-0000-0000-0000-000000000001,2026-07-26T19:44:05.044Z,,pohon
3d095c15-5578-4a1f-bc22-836a1f1edbff,AHSP-R0576,Pohon Beringin di Polybag 200 Liter,,material,active,,2026-07-26T19:44:05.089Z,a0000000-0000-0000-0000-000000000001,2026-07-26T19:44:05.089Z,,pohon
3dbb5e11-55ed-4efc-96f0-8241a4f98804,AHSP-R0577,Pohon Beringin di Polybag 250 Liter,,material,active,,2026-07-26T19:44:05.134Z,a0000000-0000-0000-0000-000000000001,2026-07-26T19:44:05.134Z,,pohon
b18bcc0b-b4ab-48b9-a504-c167ed6a42b2,AHSP-R0578,"Palem Rumpun (Palem Waregu) 
di Polybag 11 Liter",,material,active,,2026-07-26T19:44:05.180Z,a0000000-0000-0000-0000-000000000001,2026-07-26T19:44:05.180Z,,polybag
07ec6e75-d753-4c44-9f1f-bb59676818f0,AHSP-R0579,Pick Up L300,,equipment,active,,2026-07-26T19:44:05.225Z,a0000000-0000-0000-0000-000000000001,2026-07-26T19:44:05.225Z,,jam
af19e0a8-3518-41a5-b43a-0b43314b83ff,AHSP-R0580,"Palem Rumpun (Palem Kuning) 
di Polybag 20 Liter",,material,active,,2026-07-26T19:44:05.269Z,a0000000-0000-0000-0000-000000000001,2026-07-26T19:44:05.269Z,,polybag
305ba924-ca3b-4dbd-816b-bb0579084e9f,AHSP-R0581,Pekerja,,labor,active,,2026-07-26T19:44:05.314Z,a0000000-0000-0000-0000-000000000001,2026-07-26T19:44:05.314Z,,OJ
88dca2b4-11b4-4d14-8a82-ed3cb03171af,AHSP-R0582,Mandor,,labor,active,,2026-07-26T19:44:05.359Z,a0000000-0000-0000-0000-000000000001,2026-07-26T19:44:05.359Z,,OJ
34f61293-482f-425f-ad85-3f4d8d395229,AHSP-R0583,"Palem Rumpun (Palem Jepang) 
di Polybag 50 Liter",,material,active,,2026-07-26T19:44:05.404Z,a0000000-0000-0000-0000-000000000001,2026-07-26T19:44:05.404Z,,polybag
c46a3535-26aa-443f-a374-3447a60c6a93,AHSP-R0584,"Palem Tunggal (Palem Kol) di 
Polybag 11 Liter",,material,active,,2026-07-26T19:44:05.450Z,a0000000-0000-0000-0000-000000000001,2026-07-26T19:44:05.450Z,,polybag
fe0c7f52-40d4-47f0-af79-05bf33c984b6,AHSP-R0585,"Palem Tunggal (Palem Kol) di 
Polybag 20 Liter",,material,active,,2026-07-26T19:44:05.495Z,a0000000-0000-0000-0000-000000000001,2026-07-26T19:44:05.495Z,,polybag
55fa0df1-c4ea-4949-a611-86ef51dc42e8,AHSP-R0586,"Palem Tunggal (Sikas Halus) di 
Polybag 25 Liter",,material,active,,2026-07-26T19:44:05.540Z,a0000000-0000-0000-0000-000000000001,2026-07-26T19:44:05.540Z,,pohon
12ef26cf-7cf0-4031-8c36-e8b63dd797de,AHSP-R0587,Colt T-120 (D);   R-Blk. 4; 12 m3,,equipment,active,,2026-07-26T19:44:05.585Z,a0000000-0000-0000-0000-000000000001,2026-07-26T19:44:05.585Z,,jam
c0e3f930-b632-4400-bceb-d63814a15f48,AHSP-R0588,"Palem Tunggal (Palem sadeng) di 
Polybag 100 Liter",,material,active,,2026-07-26T19:44:05.631Z,a0000000-0000-0000-0000-000000000001,2026-07-26T19:44:05.631Z,,pohon
b4868693-3b08-4e9c-8c78-4197a87b6397,AHSP-R0589,Crane Truk 3 ton; Winch 5 Ton,,equipment,active,,2026-07-26T19:44:05.676Z,a0000000-0000-0000-0000-000000000001,2026-07-26T19:44:05.676Z,,jam
52f2c1de-a3b5-467e-bcc2-78bff8c12e3d,AHSP-R0590,"Palem Tunggal (Palem sadeng) di 
Polybag 150 Liter",,material,active,,2026-07-26T19:44:05.721Z,a0000000-0000-0000-0000-000000000001,2026-07-26T19:44:05.721Z,,pohon
3e13a0ec-2e31-4dec-94a2-e6f91585f0cb,AHSP-R0591,"Semak Alamanda/Bunga 
Terompet Emas di Polybag 5 
Liter",,material,active,,2026-07-26T19:44:05.766Z,a0000000-0000-0000-0000-000000000001,2026-07-26T19:44:05.766Z,,polybag
b0d7682e-1f10-48e4-abab-6698bbc6ab58,AHSP-R0592,"Semak Alamanda/Bunga 
Terompet Emas di Polybag 11 
Liter",,material,active,,2026-07-26T19:44:05.811Z,a0000000-0000-0000-0000-000000000001,2026-07-26T19:44:05.811Z,,polybag
c9611ebf-c2ea-4f1f-9786-c6ed928f8ce9,AHSP-R0593,"Semak Alamanda/Bunga 
Terompet Emas di Polybag 20 Liter",,material,active,,2026-07-26T19:44:05.856Z,a0000000-0000-0000-0000-000000000001,2026-07-26T19:44:05.856Z,,polybag
e38bf298-54df-4cb4-bc99-85c27dfb95d2,AHSP-R0594,Penutup tanah Kacang Hias,,material,active,,2026-07-26T19:44:05.902Z,a0000000-0000-0000-0000-000000000001,2026-07-26T19:44:05.902Z,,m2
2840c7a3-8e78-4aa0-a1ab-39e800dcb977,AHSP-R0595,Rumput gajah,,material,active,,2026-07-26T19:44:05.946Z,a0000000-0000-0000-0000-000000000001,2026-07-26T19:44:05.946Z,,m2
5302517b-6dc5-401d-95f8-cf5e62e884b9,AHSP-R0596,Tukang tanam,,labor,active,,2026-07-26T19:44:05.991Z,a0000000-0000-0000-0000-000000000001,2026-07-26T19:44:05.991Z,,OH
c1bd6d72-7d25-4fa4-b438-0aae4ff9b389,AHSP-R0597,Kepala Tukang Tanam,,labor,active,,2026-07-26T19:44:06.035Z,a0000000-0000-0000-0000-000000000001,2026-07-26T19:44:06.035Z,,OH
c673a4c3-b756-4611-9b28-dc91919f67a2,AHSP-R0598,Pohon Bunga Mentega di Polybag 20 liter,,material,active,,2026-07-26T19:44:06.081Z,a0000000-0000-0000-0000-000000000001,2026-07-26T19:44:06.081Z,,buah
c39151e8-3164-44e4-9424-2adb9c9b0fdd,AHSP-R0599,Anti Rayap tanah,,material,active,,2026-07-26T19:44:06.126Z,a0000000-0000-0000-0000-000000000001,2026-07-26T19:44:06.126Z,,kg
7a7fa251-029f-4408-a662-14f8aaf78a64,AHSP-R0600,bambu* dia. 3-5 cm,,material,active,,2026-07-26T19:44:06.172Z,a0000000-0000-0000-0000-000000000001,2026-07-26T19:44:06.172Z,,m
0c46308e-603d-4197-ba4c-17125c28e2e7,AHSP-R0601,Tali Ijuk,,material,active,,2026-07-26T19:44:06.217Z,a0000000-0000-0000-0000-000000000001,2026-07-26T19:44:06.217Z,,m1
8940ad35-db49-4a2f-be20-01bd625c2bb5,AHSP-R0602,pupuk organik,,material,active,,2026-07-26T19:44:06.262Z,a0000000-0000-0000-0000-000000000001,2026-07-26T19:44:06.262Z,,m3
83f70cb7-b2b5-48e1-a4f9-e1c9403cd9c2,AHSP-R0603,Pohon Bunga Terompet kuning di Polybag 20 liter,,material,active,,2026-07-26T19:44:06.307Z,a0000000-0000-0000-0000-000000000001,2026-07-26T19:44:06.307Z,,buah
48140fac-94e7-4862-b7fe-28aca3ba1d15,AHSP-R0604,Pohon Bungur Sakura di Polybag 20 Liter,,material,active,,2026-07-26T19:44:06.352Z,a0000000-0000-0000-0000-000000000001,2026-07-26T19:44:06.352Z,,buah
689111d9-bfa8-4dac-88f1-9aef351ae548,AHSP-R0605,Pohon Cassia Glauca di Polybag 20 Liter,,material,active,,2026-07-26T19:44:06.398Z,a0000000-0000-0000-0000-000000000001,2026-07-26T19:44:06.398Z,,buah
d7177cb5-cef4-4a81-a269-bcaa91944d11,AHSP-R0606,Pohon Dracaena'song of india' di polybag 20 liter,,material,active,,2026-07-26T19:44:06.443Z,a0000000-0000-0000-0000-000000000001,2026-07-26T19:44:06.443Z,,buah
ffe6fb11-7a4e-470a-8c3d-1cfd03d3d95d,AHSP-R0607,"Pohon Dracaena 'Song of
Jamaica' di Polybag 20
Liter",,material,active,,2026-07-26T19:44:06.488Z,a0000000-0000-0000-0000-000000000001,2026-07-26T19:44:06.488Z,,buah
511039b9-9899-4e93-8f22-49e070bee8fe,AHSP-R0608,"Pohon Jarak Batavia di
Polybag 20 Liter",,material,active,,2026-07-26T19:44:06.533Z,a0000000-0000-0000-0000-000000000001,2026-07-26T19:44:06.533Z,,buah
855f3f3f-9d57-470e-9cb5-3a2354bc21d9,AHSP-R0609,"Pohon Kayu Putih
Kuning di Polybag 20
Liter",,material,active,,2026-07-26T19:44:06.577Z,a0000000-0000-0000-0000-000000000001,2026-07-26T19:44:06.577Z,,buah
7cac8cc3-a1d2-43dc-8d9d-5c0d555b4f4e,AHSP-R0610,"Pohon Bugenvil/bunga
kertas di Polybag 20 Liter",,material,active,,2026-07-26T19:44:06.622Z,a0000000-0000-0000-0000-000000000001,2026-07-26T19:44:06.622Z,,buah
92fd898a-9de9-4e22-a36d-320bae01a97f,AHSP-R0611,"Pohon Penda Merah di
Polybag 20 Liter",,material,active,,2026-07-26T19:44:06.668Z,a0000000-0000-0000-0000-000000000001,2026-07-26T19:44:06.668Z,,buah
30ec6251-dcc1-4a6b-b22d-eca9cb65d2a0,AHSP-R0612,Pohon Pucuk Merah di Polybag 20 Liter,,material,active,,2026-07-26T19:44:06.713Z,a0000000-0000-0000-0000-000000000001,2026-07-26T19:44:06.713Z,,buah
9bcc1405-6c2b-4056-a6c2-3fa7fc1cd648,AHSP-R0613,"Pohon Sikat Botol di
Polybag 20 Liter",,material,active,,2026-07-26T19:44:06.759Z,a0000000-0000-0000-0000-000000000001,2026-07-26T19:44:06.759Z,,buah
da3ad1a0-fedd-4b4e-acbc-88adff7864b8,AHSP-R0614,"Pohon Thevetia di
Polybag 20 Liter",,material,active,,2026-07-26T19:44:06.805Z,a0000000-0000-0000-0000-000000000001,2026-07-26T19:44:06.805Z,,buah
52ff148a-af14-498d-8514-202ade0973f0,AHSP-R0615,"Pohon Turi di Polybag 20
Liter",,material,active,,2026-07-26T19:44:06.850Z,a0000000-0000-0000-0000-000000000001,2026-07-26T19:44:06.850Z,,buah
857ea7b3-9bd7-493b-afc0-90f567590b8d,AHSP-R0616,"Pohon Kembang Merak di
Polybag 20 Liter",,material,active,,2026-07-26T19:44:06.895Z,a0000000-0000-0000-0000-000000000001,2026-07-26T19:44:06.895Z,,buah
5417ae8d-0d46-4fb1-a5ad-5d4d8afaeac8,AHSP-R0617,"Pohon Pandan Bali di
Polybag 20 Liter",,material,active,,2026-07-26T19:44:06.941Z,a0000000-0000-0000-0000-000000000001,2026-07-26T19:44:06.941Z,,buah
51f4301c-0c23-4f75-b75f-6adefc8e9938,AHSP-R0618,"Pohon Yucca di Polybag
20 Liter",,material,active,,2026-07-26T19:44:06.986Z,a0000000-0000-0000-0000-000000000001,2026-07-26T19:44:06.986Z,,buah
2c79a5ea-302b-40c0-9e10-09cfabee6ae6,AHSP-R0619,"Pohon Bunga Mentega di
Polybag 25 Liter",,material,active,,2026-07-26T19:44:07.031Z,a0000000-0000-0000-0000-000000000001,2026-07-26T19:44:07.031Z,,buah
95e965b9-304f-4b72-b231-584d38e25c02,AHSP-R0620,"Pohon Bunga Terompet
Kuning di Polybag 25 Liter",,material,active,,2026-07-26T19:44:07.077Z,a0000000-0000-0000-0000-000000000001,2026-07-26T19:44:07.077Z,,buah
32863237-be39-4d31-8033-802b087b5705,AHSP-R0621,"Pohon Bungur
Sakura/Bungur Jepang di
Polybag 25 Liter",,material,active,,2026-07-26T19:44:07.122Z,a0000000-0000-0000-0000-000000000001,2026-07-26T19:44:07.122Z,,buah
97ca18bb-c782-4718-9283-f707b63331eb,AHSP-R0622,"Pohon Cassia glauca di
Polybag 25 Liter",,material,active,,2026-07-26T19:44:07.168Z,a0000000-0000-0000-0000-000000000001,2026-07-26T19:44:07.168Z,,buah
4ce924b0-7672-4563-bd0b-9433ff8751ef,AHSP-R0623,"Pohon Dracaena ‘Song of
India’ di Polybag 25 Liter",,material,active,,2026-07-26T19:44:07.213Z,a0000000-0000-0000-0000-000000000001,2026-07-26T19:44:07.213Z,,buah
1f9cce7b-08ff-4c2c-a31a-ba9fb85e1a45,AHSP-R0624,"Pohon Dracaena 'Song of
Jamaica' di Polybag 25
Liter",,material,active,,2026-07-26T19:44:07.258Z,a0000000-0000-0000-0000-000000000001,2026-07-26T19:44:07.258Z,,buah
93419024-d0eb-4667-90d7-45281468c2c2,AHSP-R0625,Pohon Jarak Batavia di Polybag 25 Liter,,material,active,,2026-07-26T19:44:07.303Z,a0000000-0000-0000-0000-000000000001,2026-07-26T19:44:07.303Z,,buah
6eb866ba-65d7-45e1-b851-7b8816b60232,AHSP-R0626,Pohon Kayu Putih Kuning di Polybag 25 Liter,,material,active,,2026-07-26T19:44:07.349Z,a0000000-0000-0000-0000-000000000001,2026-07-26T19:44:07.349Z,,buah
e1be98c3-865e-4962-80d9-adac6e0314ec,AHSP-R0627,Pohon Pucuk merah di Polybag 25 Liter,,material,active,,2026-07-26T19:44:07.394Z,a0000000-0000-0000-0000-000000000001,2026-07-26T19:44:07.394Z,,buah
66c948fa-e2a9-41c6-b0b6-e2b9dc7c1cf5,AHSP-R0628,"Pohon Sikat Botol di
Polybag 25 Liter",,material,active,,2026-07-26T19:44:07.440Z,a0000000-0000-0000-0000-000000000001,2026-07-26T19:44:07.440Z,,buah
d6767361-9e88-467a-93fe-ac986a54ff7e,AHSP-R0629,Pohon Thevetia di Polybag 25 Liter,,material,active,,2026-07-26T19:44:07.484Z,a0000000-0000-0000-0000-000000000001,2026-07-26T19:44:07.484Z,,buah
2df0c0de-9481-4f5a-88e2-c6211aec55b6,AHSP-R0630,Pohon Turi di Polybag 25 Liter,,material,active,,2026-07-26T19:44:07.529Z,a0000000-0000-0000-0000-000000000001,2026-07-26T19:44:07.529Z,,buah
b655f734-ba4d-4245-aafe-ec197d2565f9,AHSP-R0631,"Pohon Bintaro di Polybag
50 Liter",,material,active,,2026-07-26T19:44:07.574Z,a0000000-0000-0000-0000-000000000001,2026-07-26T19:44:07.574Z,,buah
66283437-a1d8-466a-91ca-b08381fbfd10,AHSP-R0632,bambu* dia. 5-8 cm,,material,active,,2026-07-26T19:44:07.619Z,a0000000-0000-0000-0000-000000000001,2026-07-26T19:44:07.619Z,,m
c1b2f2c8-1ecf-4a20-a075-1e13fa7ac55e,AHSP-R0633,Tali/pengikat sejenisnya,,material,active,,2026-07-26T19:44:07.665Z,a0000000-0000-0000-0000-000000000001,2026-07-26T19:44:07.665Z,,m1
a9c9c657-b9cb-4e28-bb79-a82d9629b457,AHSP-R0634,Pohon Bunga Kupu-kupu di Polybag 50 Liter,,material,active,,2026-07-26T19:44:07.709Z,a0000000-0000-0000-0000-000000000001,2026-07-26T19:44:07.709Z,,buah
436f8a07-220d-42ab-8b68-03b6b092b1ba,AHSP-R0635,Pohon Bunga Terompet Kuning di Polybag 50 Liter,,material,active,,2026-07-26T19:44:07.755Z,a0000000-0000-0000-0000-000000000001,2026-07-26T19:44:07.755Z,,buah
49d8ad6a-67b6-48c2-befd-634478f4b5d6,AHSP-R0636,Pohon Flamboyan di Polybag 50 Liter,,material,active,,2026-07-26T19:44:07.800Z,a0000000-0000-0000-0000-000000000001,2026-07-26T19:44:07.800Z,,buah
c64cb867-98b8-4337-9283-c890239d7168,AHSP-R0637,Pohon Flamboyan Kuning di Polybag 50 Liter,,material,active,,2026-07-26T19:44:07.845Z,a0000000-0000-0000-0000-000000000001,2026-07-26T19:44:07.845Z,,buah
baa7164e-18fc-463e-a5c7-b7bc9b9621b2,AHSP-R0638,Pohon Janda Merana di Polybag 50 Liter,,material,active,,2026-07-26T19:44:07.891Z,a0000000-0000-0000-0000-000000000001,2026-07-26T19:44:07.891Z,,buah
da840bca-29cf-46c6-ac07-354bdaeb3ea7,AHSP-R0639,Pohon Ketapang kencana di Polybag 50 Liter,,material,active,,2026-07-26T19:44:07.938Z,a0000000-0000-0000-0000-000000000001,2026-07-26T19:44:07.938Z,,buah
31ed1c7f-3e66-4369-9ac0-6fb822b4dac2,AHSP-R0640,Pohon Sosis di Polybag 50 Liter,,material,active,,2026-07-26T19:44:07.983Z,a0000000-0000-0000-0000-000000000001,2026-07-26T19:44:07.983Z,,buah
a7da1844-017e-41e1-b5cb-63a3576830aa,AHSP-R0641,Pohon Tabebuya di Polybag 50 Liter,,material,active,,2026-07-26T19:44:08.028Z,a0000000-0000-0000-0000-000000000001,2026-07-26T19:44:08.028Z,,buah
4e72fdb8-590a-49fa-8417-581d449a7f87,AHSP-R0642,Pohon Waru di Polybag 50 Liter,,material,active,,2026-07-26T19:44:08.074Z,a0000000-0000-0000-0000-000000000001,2026-07-26T19:44:08.074Z,,buah
0a044155-8993-40e6-bb26-943ce813fb44,AHSP-R0643,Pohon Pakis Brazil di Polybag 50 Liter,,material,active,,2026-07-26T19:44:08.119Z,a0000000-0000-0000-0000-000000000001,2026-07-26T19:44:08.119Z,,buah
df34a01e-f5a4-4f1c-9b21-1bd0a078bea0,AHSP-R0644,Pohon Leda di Polybag 50 Liter,,material,active,,2026-07-26T19:44:08.165Z,a0000000-0000-0000-0000-000000000001,2026-07-26T19:44:08.165Z,,buah
3238182f-203f-442f-91af-b9e1d76e5dba,AHSP-R0645,Pohon Saga di Polybag 50 Liter,,material,active,,2026-07-26T19:44:08.211Z,a0000000-0000-0000-0000-000000000001,2026-07-26T19:44:08.211Z,,buah
f028bc42-e68d-4b85-90d0-ee41eaac3e1c,AHSP-R0646,Pohon Kiara Payung di Polybag 50 Liter,,material,active,,2026-07-26T19:44:08.256Z,a0000000-0000-0000-0000-000000000001,2026-07-26T19:44:08.256Z,,buah
4bb22640-8516-4fbf-ab51-d50520c6c7e1,AHSP-R0647,Pohon Bintaro di Polybag 75 Liter,,material,active,,2026-07-26T19:44:08.301Z,a0000000-0000-0000-0000-000000000001,2026-07-26T19:44:08.301Z,,buah
5f4b173b-4d4f-473f-ab27-20200912f818,AHSP-R0648,bambu* dia. 5-8 cm,,material,active,,2026-07-26T19:44:08.346Z,a0000000-0000-0000-0000-000000000001,2026-07-26T19:44:08.346Z,,m1
5984361a-29dd-47fb-8564-1378dfdc46bb,AHSP-R0649,Pohon Biola Cantik di Polybag 75 Liter,,material,active,,2026-07-26T19:44:08.392Z,a0000000-0000-0000-0000-000000000001,2026-07-26T19:44:08.392Z,,buah
b5d920d4-0879-47dc-9bb0-475141536672,AHSP-R0650,Pohon Bunga Kupu-Kupu di Polybag 75 Liter,,material,active,,2026-07-26T19:44:08.438Z,a0000000-0000-0000-0000-000000000001,2026-07-26T19:44:08.438Z,,buah
c4e04d61-2419-4956-9750-2c4698786e07,AHSP-R0651,Pohon Bungur di Polybag 75 Liter,,material,active,,2026-07-26T19:44:08.484Z,a0000000-0000-0000-0000-000000000001,2026-07-26T19:44:08.484Z,,buah
f0123f5c-0b4b-4086-948a-b336274640dd,AHSP-R0652,Pohon Flamboyan di Polybag 75 Liter,,material,active,,2026-07-26T19:44:08.529Z,a0000000-0000-0000-0000-000000000001,2026-07-26T19:44:08.529Z,,buah
69d9aa52-5626-4214-866e-d5c24a44c194,AHSP-R0653,Pohon Flamboyan Kuning di Polybag 75 Liter,,material,active,,2026-07-26T19:44:08.575Z,a0000000-0000-0000-0000-000000000001,2026-07-26T19:44:08.575Z,,buah
d3a9416c-e2cb-40fa-9e0e-7a9ae977b823,AHSP-R0654,Pohon Janda Merana di Polybag 75 Liter,,material,active,,2026-07-26T19:44:08.620Z,a0000000-0000-0000-0000-000000000001,2026-07-26T19:44:08.620Z,,buah
9324b18a-2279-4838-856b-c9ed719798a8,AHSP-R0655,Pohon Kamboja di Polybag 75 Liter,,material,active,,2026-07-26T19:44:08.665Z,a0000000-0000-0000-0000-000000000001,2026-07-26T19:44:08.665Z,,buah
671b6046-5c6e-4c3b-8a2f-857402f5c326,AHSP-R0656,Pohon Keben di Polybag 75 Liter,,material,active,,2026-07-26T19:44:08.710Z,a0000000-0000-0000-0000-000000000001,2026-07-26T19:44:08.710Z,,buah
c2ef58e3-2e89-42a8-8808-ec77119f58a3,AHSP-R0657,"Pohon Kecrutan di Polybag
75 Liter",,material,active,,2026-07-26T19:44:08.754Z,a0000000-0000-0000-0000-000000000001,2026-07-26T19:44:08.754Z,,buah
71d08c50-3014-4820-b72d-3bc2125657f7,AHSP-R0658,Pohon Ketapang kencana di Polybag 75 Liter,,material,active,,2026-07-26T19:44:08.800Z,a0000000-0000-0000-0000-000000000001,2026-07-26T19:44:08.800Z,,buah
691f8e4e-3cee-4c04-b530-002d6f92d40c,AHSP-R0659,"Pohon Mahoni di Polybag
75 Liter",,material,active,,2026-07-26T19:44:08.845Z,a0000000-0000-0000-0000-000000000001,2026-07-26T19:44:08.845Z,,buah
27493dae-20b3-4082-a0ff-7ac4b704a895,AHSP-R0660,"Pohon Pulai di Polybag 75
Liter",,material,active,,2026-07-26T19:44:08.890Z,a0000000-0000-0000-0000-000000000001,2026-07-26T19:44:08.890Z,,buah
06f70790-9ec4-4c26-be85-93e4be33f97a,AHSP-R0661,"Pohon Putat di Polybag 75
Liter",,material,active,,2026-07-26T19:44:08.936Z,a0000000-0000-0000-0000-000000000001,2026-07-26T19:44:08.936Z,,buah
bb15e49f-462f-459f-81cd-6817a589aff3,AHSP-R1988,Mur baut M22,,material,active,,2026-07-26T19:45:09.265Z,a0000000-0000-0000-0000-000000000001,2026-07-26T19:45:09.265Z,,buah
ce2c47fe-b06e-4602-8752-c8d42a6daa61,AHSP-R0662,Pohon Sosis di Polybag 75 Liter,,material,active,,2026-07-26T19:44:08.981Z,a0000000-0000-0000-0000-000000000001,2026-07-26T19:44:08.981Z,,buah
25736f79-7200-4e47-b4a7-9514365f25ac,AHSP-R0663,Pohon Tabebuya di Polybag 75 Liter,,material,active,,2026-07-26T19:44:09.028Z,a0000000-0000-0000-0000-000000000001,2026-07-26T19:44:09.028Z,,buah
f3342c36-e7f8-4b65-8713-36676c79ec61,AHSP-R0664,Pohon Trembesi di Polybag 75 Liter,,material,active,,2026-07-26T19:44:09.075Z,a0000000-0000-0000-0000-000000000001,2026-07-26T19:44:09.075Z,,buah
c149d424-074e-467b-bdef-eead75f61d2f,AHSP-R0665,Pohon Waru di Polybag 75 Liter,,material,active,,2026-07-26T19:44:09.120Z,a0000000-0000-0000-0000-000000000001,2026-07-26T19:44:09.120Z,,buah
8aa7d7d8-b70d-478a-b733-f9732e287dba,AHSP-R0666,Pohon Pakis Brazil di Polybag 75 Liter,,material,active,,2026-07-26T19:44:09.166Z,a0000000-0000-0000-0000-000000000001,2026-07-26T19:44:09.166Z,,buah
2323a561-71d0-4a83-a63c-0b8fabe2374c,AHSP-R0667,Pohon Leda di Polybag 75 Liter,,material,active,,2026-07-26T19:44:09.212Z,a0000000-0000-0000-0000-000000000001,2026-07-26T19:44:09.212Z,,buah
2571b4d1-dfb2-4bdd-885b-d29beb3fbac6,AHSP-R0668,Pohon Saga di Polybag 75 Liter,,material,active,,2026-07-26T19:44:09.257Z,a0000000-0000-0000-0000-000000000001,2026-07-26T19:44:09.257Z,,buah
729721f9-2e8d-461e-ba30-14aaf429f899,AHSP-R0669,Pohon Kiara Payung di Polybag 75 Liter,,material,active,,2026-07-26T19:44:09.303Z,a0000000-0000-0000-0000-000000000001,2026-07-26T19:44:09.303Z,,buah
b775db9c-e107-4438-bdfb-cfa93883c729,AHSP-R0670,Pohon Beringin di Polybag 100 Liter,,material,active,,2026-07-26T19:44:09.348Z,a0000000-0000-0000-0000-000000000001,2026-07-26T19:44:09.348Z,,buah
f1f41e86-2dd6-4b29-907c-03066b0cbcd4,AHSP-R0671,bambu* dia. 8-10 cm,,material,active,,2026-07-26T19:44:09.393Z,a0000000-0000-0000-0000-000000000001,2026-07-26T19:44:09.393Z,,m1
dfa63574-7c65-44ca-8a73-182b0979d29d,AHSP-R0672,Sewa Crane kapasitas 1 ton,,equipment,active,,2026-07-26T19:44:09.437Z,a0000000-0000-0000-0000-000000000001,2026-07-26T19:44:09.437Z,,jam
4979dc10-12a4-445a-b65d-dd14b261d18d,AHSP-R0673,Pohon Biola Cantik di Polybag 100 Liter,,material,active,,2026-07-26T19:44:09.483Z,a0000000-0000-0000-0000-000000000001,2026-07-26T19:44:09.483Z,,buah
9d040d64-bddf-4c99-a31b-a89f316eb186,AHSP-R0674,Pohon Bodhi di Polybag 100 Liter,,material,active,,2026-07-26T19:44:09.527Z,a0000000-0000-0000-0000-000000000001,2026-07-26T19:44:09.527Z,,buah
b5aadca6-a8b7-41a8-826d-44c6d27ff54b,AHSP-R0675,Pohon Bungur di Polybag 100 Liter,,material,active,,2026-07-26T19:44:09.573Z,a0000000-0000-0000-0000-000000000001,2026-07-26T19:44:09.573Z,,buah
9b08f379-cdc3-4fca-b25c-709d8f906808,AHSP-R0676,Pohon Flamboyan di Polybag 100 Liter,,material,active,,2026-07-26T19:44:09.618Z,a0000000-0000-0000-0000-000000000001,2026-07-26T19:44:09.618Z,,buah
9550ee5c-8d15-400c-8509-e80596dcced6,AHSP-R0677,Pohon Kamboja di Polybag 100 Liter,,material,active,,2026-07-26T19:44:09.662Z,a0000000-0000-0000-0000-000000000001,2026-07-26T19:44:09.662Z,,buah
7438393c-8530-4399-bb5a-61cf2ed2c298,AHSP-R0678,Pohon Keben di Polybag 100 Liter,,material,active,,2026-07-26T19:44:09.707Z,a0000000-0000-0000-0000-000000000001,2026-07-26T19:44:09.707Z,,buah
187062da-363d-477a-968d-f08d464a774e,AHSP-R0679,Pohon Kecrutan di Polybag 100 Liter,,material,active,,2026-07-26T19:44:09.752Z,a0000000-0000-0000-0000-000000000001,2026-07-26T19:44:09.752Z,,buah
f236cfc5-978d-42a0-9de2-bdd35a8f5c4d,AHSP-R0680,Pohon Ketapang kencana di Polybag 100 Liter,,material,active,,2026-07-26T19:44:09.797Z,a0000000-0000-0000-0000-000000000001,2026-07-26T19:44:09.797Z,,buah
28c74617-6603-49e5-91d2-3e18b3700728,AHSP-R0681,Pohon Mahoni di Polybag 100 Liter,,material,active,,2026-07-26T19:44:09.842Z,a0000000-0000-0000-0000-000000000001,2026-07-26T19:44:09.842Z,,buah
ff34a82b-f38a-4bed-bc97-c7bad422ffcc,AHSP-R0682,Pohon Pulai di Polybag 100 Liter,,material,active,,2026-07-26T19:44:09.887Z,a0000000-0000-0000-0000-000000000001,2026-07-26T19:44:09.887Z,,buah
08f727a0-ea79-40a1-9ff9-ffb236ae51ff,AHSP-R0683,Pohon Putat di Polybag 100 Liter,,material,active,,2026-07-26T19:44:09.933Z,a0000000-0000-0000-0000-000000000001,2026-07-26T19:44:09.933Z,,buah
2ece7f02-cf20-436e-b857-49fe25e5e582,AHSP-R0684,Pohon Sosis di Polybag 100 Liter,,material,active,,2026-07-26T19:44:09.977Z,a0000000-0000-0000-0000-000000000001,2026-07-26T19:44:09.977Z,,buah
a3186995-510a-4b6d-b6dc-85d73bb02af0,AHSP-R0685,Pohon Trembesi di Polybag 100 Liter,,material,active,,2026-07-26T19:44:10.023Z,a0000000-0000-0000-0000-000000000001,2026-07-26T19:44:10.023Z,,buah
11996862-c247-4540-ab21-1cfb6ea8e4b4,AHSP-R0686,Pohon Bodhi di Polybag 150 Liter,,material,active,,2026-07-26T19:44:10.068Z,a0000000-0000-0000-0000-000000000001,2026-07-26T19:44:10.068Z,,buah
05cf76d6-7be4-4f88-8aef-84a76c19b172,AHSP-R0687,Pohon Beringin di Polybag 150 Liter,,material,active,,2026-07-26T19:44:10.111Z,a0000000-0000-0000-0000-000000000001,2026-07-26T19:44:10.111Z,,buah
1ed5a4ea-e4a0-440e-bdd4-743bc04f6e18,AHSP-R0688,Pohon Flamboyan di Polybag 150 Liter,,material,active,,2026-07-26T19:44:10.156Z,a0000000-0000-0000-0000-000000000001,2026-07-26T19:44:10.156Z,,buah
507b3d9f-0b87-4223-a279-fe2614ec5e59,AHSP-R0689,Sewa crane kapasitas 1 ton,,equipment,active,,2026-07-26T19:44:10.203Z,a0000000-0000-0000-0000-000000000001,2026-07-26T19:44:10.203Z,,m3
a4182146-153e-41aa-bdd7-233b47f24c11,AHSP-R0690,Pohon Kamboja di Polybag 150 Liter,,material,active,,2026-07-26T19:44:10.249Z,a0000000-0000-0000-0000-000000000001,2026-07-26T19:44:10.249Z,,buah
8df911c8-f9e8-481d-b9f5-b351eabe590b,AHSP-R0691,Pohon Pulai di Polybag 150 Liter,,material,active,,2026-07-26T19:44:10.294Z,a0000000-0000-0000-0000-000000000001,2026-07-26T19:44:10.294Z,,buah
d64f2783-6108-4628-8aac-83237fd7e18f,AHSP-R0692,Pohon Sosis di Polybag 150 Liter,,material,active,,2026-07-26T19:44:10.339Z,a0000000-0000-0000-0000-000000000001,2026-07-26T19:44:10.339Z,,buah
84e01d21-3cb7-4a3d-b258-2da234ea7fec,AHSP-R0693,Pohon Trembesi di Polybag 150 Liter,,material,active,,2026-07-26T19:44:10.384Z,a0000000-0000-0000-0000-000000000001,2026-07-26T19:44:10.384Z,,buah
0b815dd6-f0f5-4cc1-86ea-6b9dee5cfc5b,AHSP-R0694,Pohon Beringin di Polybag 200 Liter,,material,active,,2026-07-26T19:44:10.429Z,a0000000-0000-0000-0000-000000000001,2026-07-26T19:44:10.429Z,,buah
b1f73531-7d96-4151-943d-7db3b9a8bf08,AHSP-R0695,bambu* dia. 10-12 cm,,material,active,,2026-07-26T19:44:10.474Z,a0000000-0000-0000-0000-000000000001,2026-07-26T19:44:10.474Z,,m1
b670278d-78cd-42c6-a1d0-1d37265071ee,AHSP-R0696,Pohon Bodhi di Polybag 200 Liter,,material,active,,2026-07-26T19:44:10.520Z,a0000000-0000-0000-0000-000000000001,2026-07-26T19:44:10.520Z,,buah
382d689b-eae8-4008-8dbb-1471efeea253,AHSP-R0697,Pohon Flamboyan di Polybag 200 Liter,,material,active,,2026-07-26T19:44:10.564Z,a0000000-0000-0000-0000-000000000001,2026-07-26T19:44:10.564Z,,buah
3092d11d-ce95-4006-affe-dc1d924a3ad6,AHSP-R0698,Pohon Kamboja Fosil di Polybag 200 Liter,,material,active,,2026-07-26T19:44:10.610Z,a0000000-0000-0000-0000-000000000001,2026-07-26T19:44:10.610Z,,buah
936cd125-7021-4907-8bec-f7bc9ffc74ee,AHSP-R0699,Pohon Pulai di Polybag 200 Liter,,material,active,,2026-07-26T19:44:10.655Z,a0000000-0000-0000-0000-000000000001,2026-07-26T19:44:10.655Z,,buah
62aa0e38-94af-4c87-bd47-b42b29684dad,AHSP-R0700,Pohon Sosis di Polybag 200 Liter,,material,active,,2026-07-26T19:44:10.700Z,a0000000-0000-0000-0000-000000000001,2026-07-26T19:44:10.700Z,,buah
77f908b8-6166-4df1-9035-19a91265ed88,AHSP-R0701,"Pohon Trembesi di Polybag 200
Liter",,material,active,,2026-07-26T19:44:10.747Z,a0000000-0000-0000-0000-000000000001,2026-07-26T19:44:10.747Z,,buah
85529bdc-e8d7-439a-ac5d-f9d2474e0f84,AHSP-R0702,"Pohon Baobab di Polybag 250
Liter",,material,active,,2026-07-26T19:44:10.794Z,a0000000-0000-0000-0000-000000000001,2026-07-26T19:44:10.794Z,,buah
4e592d81-3c7d-4f01-8125-13cc4060509f,AHSP-R0703,"Pohon Beringin di Polybag
250 Liter",,material,active,,2026-07-26T19:44:10.838Z,a0000000-0000-0000-0000-000000000001,2026-07-26T19:44:10.838Z,,buah
1380d6cd-ebc1-4c5b-83ae-9451476b1029,AHSP-R0704,"Pohon Bodhi di Polybag 250
Liter",,material,active,,2026-07-26T19:44:10.884Z,a0000000-0000-0000-0000-000000000001,2026-07-26T19:44:10.884Z,,buah
01177957-5134-4e73-9c21-a91e54648541,AHSP-R0705,"Pohon Pulai di Polybag 250
Liter",,material,active,,2026-07-26T19:44:10.929Z,a0000000-0000-0000-0000-000000000001,2026-07-26T19:44:10.929Z,,buah
2f6373c4-0fe2-4393-a668-37b8c6ba100c,AHSP-R0706,"Pohon Sosis di Polybag 250
Liter",,material,active,,2026-07-26T19:44:10.975Z,a0000000-0000-0000-0000-000000000001,2026-07-26T19:44:10.975Z,,buah
49c606c4-4435-45b9-aabd-ee47f361c814,AHSP-R0707,"Pohon Trembesi di Polybag
250 Liter",,material,active,,2026-07-26T19:44:11.020Z,a0000000-0000-0000-0000-000000000001,2026-07-26T19:44:11.020Z,,buah
af1282d0-970e-460a-83cc-4362850451d3,AHSP-R0708,Palem Waregu di Polybag 11 Liter,,material,active,,2026-07-26T19:44:11.066Z,a0000000-0000-0000-0000-000000000001,2026-07-26T19:44:11.066Z,,buah
b6dc98bf-3619-4872-8ea6-45a76d847461,AHSP-R0709,Palem Kuning di Polybag 11 Liter,,material,active,,2026-07-26T19:44:11.110Z,a0000000-0000-0000-0000-000000000001,2026-07-26T19:44:11.110Z,,buah
bf1922ec-5175-4916-9245-53b59dafbc24,AHSP-R0710,"Palem Komodoria/ Komodor/Chamadorea di 
Polybag 11 Liter",,material,active,,2026-07-26T19:44:11.155Z,a0000000-0000-0000-0000-000000000001,2026-07-26T19:44:11.155Z,,buah
c40b05b8-ff53-4364-8c1c-5f5b17e95a5e,AHSP-R0711,Palem Waregu di Polybag 20 Liter,,material,active,,2026-07-26T19:44:11.201Z,a0000000-0000-0000-0000-000000000001,2026-07-26T19:44:11.201Z,,buah
40175141-48ec-43a4-966e-357921d0414e,AHSP-R0712,Palem Kuning di Polybag 20 Liter,,material,active,,2026-07-26T19:44:11.246Z,a0000000-0000-0000-0000-000000000001,2026-07-26T19:44:11.246Z,,buah
70719952-55bc-4269-8434-3287e0f7425e,AHSP-R0713,"Palem Komodoria/ Komodor/Chamadorea di 
Polybag 20 Liter",,material,active,,2026-07-26T19:44:11.291Z,a0000000-0000-0000-0000-000000000001,2026-07-26T19:44:11.291Z,,buah
e2b434f3-0068-49ab-9cab-3301e4712087,AHSP-R0714,Palem Jepang di Polybag 50 Liter,,material,active,,2026-07-26T19:44:11.338Z,a0000000-0000-0000-0000-000000000001,2026-07-26T19:44:11.338Z,,buah
73a6d2e2-5fdb-43e6-94f3-7e19f26deed3,AHSP-R0715,Palem Kol di Polybag 11 Liter,,material,active,,2026-07-26T19:44:11.384Z,a0000000-0000-0000-0000-000000000001,2026-07-26T19:44:11.384Z,,buah
a236d347-5fe1-4774-bd21-b8c6aa189513,AHSP-R0716,Palem Kol di Polybag 20 Liter,,material,active,,2026-07-26T19:44:11.429Z,a0000000-0000-0000-0000-000000000001,2026-07-26T19:44:11.429Z,,buah
99c1187b-ceb5-4259-a78c-8b36cc769db7,AHSP-R0717,Sikas Halus/Mawar Jambe di Polybag 25 Liter,,material,active,,2026-07-26T19:44:11.475Z,a0000000-0000-0000-0000-000000000001,2026-07-26T19:44:11.475Z,,buah
5e035e8b-06d2-4236-a7ba-e5193cb226a6,AHSP-R0718,Palem Phoenix di Polybag 50 Liter,,material,active,,2026-07-26T19:44:11.520Z,a0000000-0000-0000-0000-000000000001,2026-07-26T19:44:11.520Z,,buah
e6a0108e-4b91-4f29-97d1-abac5a1b137d,AHSP-R0719,Palem Putri di Polybag 50 Liter,,material,active,,2026-07-26T19:44:11.566Z,a0000000-0000-0000-0000-000000000001,2026-07-26T19:44:11.566Z,,buah
6b804ed7-2310-486e-b75e-8b45beb8476a,AHSP-R0720,Sikas Halus/Mawar Jambe di Polybag 50 Liter,,material,active,,2026-07-26T19:44:11.611Z,a0000000-0000-0000-0000-000000000001,2026-07-26T19:44:11.611Z,,buah
4a914d21-0ca8-4ae9-b182-044bcf0b1758,AHSP-R0721,Palem ekor tupai di Polybag 100 Liter,,material,active,,2026-07-26T19:44:11.656Z,a0000000-0000-0000-0000-000000000001,2026-07-26T19:44:11.656Z,,buah
cfb8d8e9-e4e3-4db0-a14b-8a008558e971,AHSP-R0722,Palem raja di Polybag 100 Liter,,material,active,,2026-07-26T19:44:11.702Z,a0000000-0000-0000-0000-000000000001,2026-07-26T19:44:11.702Z,,buah
38f03139-dafe-474b-bb75-dd48637ee286,AHSP-R0723,Palem sadeng  di Polybag 100 Liter,,material,active,,2026-07-26T19:44:11.748Z,a0000000-0000-0000-0000-000000000001,2026-07-26T19:44:11.748Z,,buah
2b759b8d-92ed-43e5-be86-6b679c4fb374,AHSP-R0724,Palem washingtonia di Polybag 100 Liter,,material,active,,2026-07-26T19:44:11.793Z,a0000000-0000-0000-0000-000000000001,2026-07-26T19:44:11.793Z,,buah
e95d714b-63e6-4777-9777-31af1d1e9617,AHSP-R0725,Palem ekor ikan tunggal/ Palem seledri di Polybag 100 Liter,,material,active,,2026-07-26T19:44:11.838Z,a0000000-0000-0000-0000-000000000001,2026-07-26T19:44:11.838Z,,buah
b6095618-e321-44e0-a800-fc42d1e86dde,AHSP-R0726,Palem Sinensis di Polybag 100 Liter,,material,active,,2026-07-26T19:44:11.884Z,a0000000-0000-0000-0000-000000000001,2026-07-26T19:44:11.884Z,,buah
a072b59c-55c3-4d3c-9b87-8d9938e814ac,AHSP-R0727,Palem Bismarkia Silver di Polybag 100 Liter,,material,active,,2026-07-26T19:44:11.930Z,a0000000-0000-0000-0000-000000000001,2026-07-26T19:44:11.930Z,,buah
60355bf0-540e-407a-be49-24c69c794179,AHSP-R0728,Pinang Jambe di Polybag 100 Liter,,material,active,,2026-07-26T19:44:11.975Z,a0000000-0000-0000-0000-000000000001,2026-07-26T19:44:11.975Z,,buah
c246c19e-2251-40a7-bc49-a3943452fb51,AHSP-R0729,Palem ekor tupai di Polybag 150 Liter,,material,active,,2026-07-26T19:44:12.020Z,a0000000-0000-0000-0000-000000000001,2026-07-26T19:44:12.020Z,,buah
bdd02444-d2e8-441c-9df3-750c9065c521,AHSP-R0730,Palem raja di Polybag 150 Liter,,material,active,,2026-07-26T19:44:12.065Z,a0000000-0000-0000-0000-000000000001,2026-07-26T19:44:12.065Z,,buah
150eb126-d986-4993-9df6-933fadec805b,AHSP-R0731,Palem sadeng  di Polybag 150 Liter,,material,active,,2026-07-26T19:44:12.110Z,a0000000-0000-0000-0000-000000000001,2026-07-26T19:44:12.110Z,,buah
6e82db71-26b0-406f-8bc5-894915ddec49,AHSP-R0732,Palem washingtonia di Polybag 150 Liter,,material,active,,2026-07-26T19:44:12.156Z,a0000000-0000-0000-0000-000000000001,2026-07-26T19:44:12.156Z,,buah
7339afb1-3cdf-4b61-a65e-4fe144cb8abd,AHSP-R0733,Palem ekor ikan tunggal/ Palem seledri di Polybag 150 Liter,,material,active,,2026-07-26T19:44:12.201Z,a0000000-0000-0000-0000-000000000001,2026-07-26T19:44:12.201Z,,buah
084160b6-7e06-4f56-80e2-b183ab92cb07,AHSP-R0734,Palem Sinensis di Polybag 150 Liter,,material,active,,2026-07-26T19:44:12.246Z,a0000000-0000-0000-0000-000000000001,2026-07-26T19:44:12.246Z,,buah
4becbe9e-ef7a-4016-a8f6-89b07516ccba,AHSP-R0735,Palem Bismarkia Silver di Polybag 150 Liter,,material,active,,2026-07-26T19:44:12.292Z,a0000000-0000-0000-0000-000000000001,2026-07-26T19:44:12.292Z,,buah
2ed9c541-0b01-461b-95f7-2100bfba8396,AHSP-R0736,Pinang jambe di Polybag 150 Liter,,material,active,,2026-07-26T19:44:12.337Z,a0000000-0000-0000-0000-000000000001,2026-07-26T19:44:12.337Z,,buah
fbc8da40-e21b-4a71-9bba-90fece9db140,AHSP-R0737,"Semak Alamanda/Bunga
terompet emas di Polybag 5
Liter",,material,active,,2026-07-26T19:44:12.383Z,a0000000-0000-0000-0000-000000000001,2026-07-26T19:44:12.383Z,,buah
bc030ec7-f5d5-4159-a283-a839f3013bb2,AHSP-R0738,"Semak Bakung Lele di Polybag
5 Liter",,material,active,,2026-07-26T19:44:12.429Z,a0000000-0000-0000-0000-000000000001,2026-07-26T19:44:12.429Z,,buah
36617d54-edd8-4719-afee-18d0b102f70b,AHSP-R0739,"Semak Bunga Iris di Polybag 5
Liter",,material,active,,2026-07-26T19:44:12.473Z,a0000000-0000-0000-0000-000000000001,2026-07-26T19:44:12.473Z,,buah
75afb695-8be5-4f21-8afb-faddc6ac04b4,AHSP-R0740,"Semak Calathea di Polybag 5
Liter",,material,active,,2026-07-26T19:44:12.519Z,a0000000-0000-0000-0000-000000000001,2026-07-26T19:44:12.519Z,,buah
4bb5438e-d7a1-4204-98da-307f1de0d9ea,AHSP-R0741,"Semak Cendrawasih di Polybag
5 Liter",,material,active,,2026-07-26T19:44:12.564Z,a0000000-0000-0000-0000-000000000001,2026-07-26T19:44:12.564Z,,buah
d091ff6c-5ab3-4a08-8c38-5818355b37b3,AHSP-R0742,"Semak Hujan Mas di Polybag 5
Liter",,material,active,,2026-07-26T19:44:12.610Z,a0000000-0000-0000-0000-000000000001,2026-07-26T19:44:12.610Z,,buah
327c280d-cc09-4e78-a86f-cdceed24b026,AHSP-R0743,"Semak Kacapiring
wangi/Gardenia di Polybag 5
Liter",,material,active,,2026-07-26T19:44:12.655Z,a0000000-0000-0000-0000-000000000001,2026-07-26T19:44:12.655Z,,buah
eb3940a8-b204-4688-8fd0-df224d3eb402,AHSP-R0744,"Semak Kemuning di Polybag 5
Liter",,material,active,,2026-07-26T19:44:12.701Z,a0000000-0000-0000-0000-000000000001,2026-07-26T19:44:12.701Z,,buah
20905f91-2762-4a04-a448-c9a53f61e721,AHSP-R0745,"Semak Melati Putih di Polybag
5 Liter",,material,active,,2026-07-26T19:44:12.746Z,a0000000-0000-0000-0000-000000000001,2026-07-26T19:44:12.746Z,,buah
61bdf27a-ed37-4da7-91ea-766d9f94c8f3,AHSP-R0746,"Semak Pandan Kuning di
Polybag 5 Liter",,material,active,,2026-07-26T19:44:12.792Z,a0000000-0000-0000-0000-000000000001,2026-07-26T19:44:12.792Z,,buah
0dbea8dd-3c02-46c5-a943-d51e314666a1,AHSP-R0747,"Semak Pretty Pink di Polybag 5
Liter",,material,active,,2026-07-26T19:44:12.837Z,a0000000-0000-0000-0000-000000000001,2026-07-26T19:44:12.837Z,,buah
2286d249-1819-4590-b644-5e4fec60242d,AHSP-R0748,"Semak Sansevieria/Lidah
Mertua di Polybag 5 Liter",,material,active,,2026-07-26T19:44:12.883Z,a0000000-0000-0000-0000-000000000001,2026-07-26T19:44:12.883Z,,buah
6721273d-20b0-4afb-a4b0-6ee284bd3b91,AHSP-R0749,"Semak Tabernae/Mondokaki di
Polybag 5 Liter",,material,active,,2026-07-26T19:44:12.929Z,a0000000-0000-0000-0000-000000000001,2026-07-26T19:44:12.929Z,,buah
5fa0f341-a938-43c6-a318-450a138ea372,AHSP-R0750,"Semak Walisongo/Umbrella
tree di Polybag 5 Liter",,material,active,,2026-07-26T19:44:12.974Z,a0000000-0000-0000-0000-000000000001,2026-07-26T19:44:12.974Z,,buah
4dfc4199-035b-4cd4-92aa-5506ddf2e5de,AHSP-R0751,Semak Ruelia / Kencana Ungu di Polybag 5 Liter,,material,active,,2026-07-26T19:44:13.020Z,a0000000-0000-0000-0000-000000000001,2026-07-26T19:44:13.020Z,,buah
d0a5ec7f-dce0-4e2e-90cd-595bc67c9c58,AHSP-R0752,Semak Ararea di Polybag 5 Liter,,material,active,,2026-07-26T19:44:13.065Z,a0000000-0000-0000-0000-000000000001,2026-07-26T19:44:13.065Z,,buah
7e9d9a70-fa5d-4b80-9d45-f1da339bc35c,AHSP-R0753,Semak Paku Pedang di Polybag 5 Liter,,material,active,,2026-07-26T19:44:13.110Z,a0000000-0000-0000-0000-000000000001,2026-07-26T19:44:13.110Z,,buah
b60403a1-9836-441b-ba50-a32c5d96ca85,AHSP-R0754,Semak Rumput Ekor Kuda di Polybag 5 Liter,,material,active,,2026-07-26T19:44:13.155Z,a0000000-0000-0000-0000-000000000001,2026-07-26T19:44:13.155Z,,buah
b423d4ae-bd95-44ea-bbce-4de6f7ce4ee1,AHSP-R0755,Semak Alang-alang Merah di Polybag 5 Liter,,material,active,,2026-07-26T19:44:13.200Z,a0000000-0000-0000-0000-000000000001,2026-07-26T19:44:13.200Z,,buah
71a205b5-d83f-4baa-af6d-b76ee2e1a693,AHSP-R0756,Semak Akar wangi di Polybag 5 Liter,,material,active,,2026-07-26T19:44:13.245Z,a0000000-0000-0000-0000-000000000001,2026-07-26T19:44:13.245Z,,buah
bc3f7043-b271-4408-ba11-664f8f9942db,AHSP-R0757,Semak Blanceng di Polybag 5 Liter,,material,active,,2026-07-26T19:44:13.291Z,a0000000-0000-0000-0000-000000000001,2026-07-26T19:44:13.291Z,,buah
1d6ed4f2-175c-492b-8c7b-9525b1e7d6b5,AHSP-R0758,"Semak Agave/lidah naga di
Polybag 11 Liter",,material,active,,2026-07-26T19:44:13.336Z,a0000000-0000-0000-0000-000000000001,2026-07-26T19:44:13.336Z,,buah
37744914-c2ae-4638-a765-e1224c8e3dc9,AHSP-R0759,"Semak Alamanda/Bunga
terompet emas di Polybag 11
Liter",,material,active,,2026-07-26T19:44:13.381Z,a0000000-0000-0000-0000-000000000001,2026-07-26T19:44:13.381Z,,buah
6c4dac44-ca9d-479c-845f-b858ef20a2dd,AHSP-R0760,"Semak Bakung Jawa di
Polybag 11 Liter",,material,active,,2026-07-26T19:44:13.426Z,a0000000-0000-0000-0000-000000000001,2026-07-26T19:44:13.426Z,,buah
9dac960d-ce6f-475a-8534-2e6301193a7a,AHSP-R0761,"Semak Bakung Lele di
Polybag 11 Liter",,material,active,,2026-07-26T19:44:13.471Z,a0000000-0000-0000-0000-000000000001,2026-07-26T19:44:13.471Z,,buah
b16ef1e5-ff57-47c5-8790-eb8aa43fcb36,AHSP-R0762,"Semak Bromelia di Polybag
11 Liter",,material,active,,2026-07-26T19:44:13.517Z,a0000000-0000-0000-0000-000000000001,2026-07-26T19:44:13.517Z,,buah
7afad9e7-e466-4019-8b95-54d8877e424d,AHSP-R0763,"Semak Bunga Terompet
Kuning di Polybag 11 Liter",,material,active,,2026-07-26T19:44:13.563Z,a0000000-0000-0000-0000-000000000001,2026-07-26T19:44:13.563Z,,buah
d5fa5219-54b2-4edd-a123-ea2fc558bd89,AHSP-R0764,"Semak Costus di Polybag 11
Liter",,material,active,,2026-07-26T19:44:13.608Z,a0000000-0000-0000-0000-000000000001,2026-07-26T19:44:13.608Z,,buah
ae737160-cd00-4411-a0ef-c82d9504fd8b,AHSP-R0765,"Semak Dracaena ‘Song of
India’ di Polybag 11 Liter",,material,active,,2026-07-26T19:44:13.654Z,a0000000-0000-0000-0000-000000000001,2026-07-26T19:44:13.654Z,,buah
cb042d90-deb8-4a69-90d1-9e17d48a0979,AHSP-R0766,"Semak Dracaena 'Song of
Jamaica' di Polybag 11 Liter",,material,active,,2026-07-26T19:44:13.699Z,a0000000-0000-0000-0000-000000000001,2026-07-26T19:44:13.699Z,,buah
c40319dc-5980-4ed0-8d6c-4ea8e5b86ca0,AHSP-R0767,"Semak Helliconia di Polybag
11 Liter",,material,active,,2026-07-26T19:44:13.744Z,a0000000-0000-0000-0000-000000000001,2026-07-26T19:44:13.744Z,,buah
21716ce4-20e4-4375-9d73-efc5219addba,AHSP-R0768,"Semak Honje/Kecombrang di
Polybag 11 Liter",,material,active,,2026-07-26T19:44:13.790Z,a0000000-0000-0000-0000-000000000001,2026-07-26T19:44:13.790Z,,buah
b1b96329-93f6-4d64-921a-f524f45112fa,AHSP-R0769,"Semak Hujan Mas di Polybag
11 Liter",,material,active,,2026-07-26T19:44:13.835Z,a0000000-0000-0000-0000-000000000001,2026-07-26T19:44:13.835Z,,buah
b8751f55-9e6e-41e1-814e-6effa1e18b45,AHSP-R0770,"Semak Kaca piring di Polybag
11 Liter",,material,active,,2026-07-26T19:44:13.881Z,a0000000-0000-0000-0000-000000000001,2026-07-26T19:44:13.881Z,,buah
ae5faddc-c415-442d-9922-ba8bccc9cbeb,AHSP-R0771,"Semak Kacapiring
wangi/Gardenia di Polybag
11 Liter",,material,active,,2026-07-26T19:44:13.926Z,a0000000-0000-0000-0000-000000000001,2026-07-26T19:44:13.926Z,,buah
ee41188d-b841-4b53-bb45-39588ed0bb31,AHSP-R0772,"Semak Kana di Polybag 11
Liter",,material,active,,2026-07-26T19:44:13.972Z,a0000000-0000-0000-0000-000000000001,2026-07-26T19:44:13.972Z,,buah
7cf284dd-2c0f-4b8d-9e96-22835b14da8b,AHSP-R0773,"Semak Lili Brazil di Polybag
11 Liter",,material,active,,2026-07-26T19:44:14.018Z,a0000000-0000-0000-0000-000000000001,2026-07-26T19:44:14.018Z,,buah
1a4d656d-12e6-4b1d-99ca-d79ee92b8c0e,AHSP-R0774,"Semak Melati Putih di
Polybag 11 Liter",,material,active,,2026-07-26T19:44:14.065Z,a0000000-0000-0000-0000-000000000001,2026-07-26T19:44:14.065Z,,buah
d73659c9-3dd9-4713-b87f-ae9373eabd03,AHSP-R0775,"Semak Nusa Indah di
Polybag 11 Liter",,material,active,,2026-07-26T19:44:14.111Z,a0000000-0000-0000-0000-000000000001,2026-07-26T19:44:14.111Z,,buah
4c091f6c-68ed-4b67-9ffc-d631c857f793,AHSP-R0776,"Semak Oleander/Bunga
Mentega di Polybag 11 Liter",,material,active,,2026-07-26T19:44:14.156Z,a0000000-0000-0000-0000-000000000001,2026-07-26T19:44:14.156Z,,buah
3f99bab9-211a-4770-b7d0-59575d9a4c66,AHSP-R0777,"Semak Pretty Pink di Polybag
11 Liter",,material,active,,2026-07-26T19:44:14.202Z,a0000000-0000-0000-0000-000000000001,2026-07-26T19:44:14.202Z,,buah
25468c2a-1e29-4669-bf1d-c27a2320a595,AHSP-R0778,"Semak Puring di Polybag 11
Liter",,material,active,,2026-07-26T19:44:14.247Z,a0000000-0000-0000-0000-000000000001,2026-07-26T19:44:14.247Z,,buah
9317cb77-0b7b-44e8-80b0-09d8cfa59d6c,AHSP-R0779,"Semak Ruelia / Kencana
Ungu di Polybag 11 Liter",,material,active,,2026-07-26T19:44:14.292Z,a0000000-0000-0000-0000-000000000001,2026-07-26T19:44:14.292Z,,buah
222ae1e8-9ece-472b-a75e-e8e513c43b1b,AHSP-R0780,"Semak Sansevieria/Lidah
Mertua di Polybag 11 Liter",,material,active,,2026-07-26T19:44:14.336Z,a0000000-0000-0000-0000-000000000001,2026-07-26T19:44:14.336Z,,buah
1e8f45d5-de48-4ad0-ab6b-91491eaa7ec5,AHSP-R0781,"Semak Soka di Polybag 11
Liter",,material,active,,2026-07-26T19:44:14.381Z,a0000000-0000-0000-0000-000000000001,2026-07-26T19:44:14.381Z,,buah
b3351775-bb84-464f-b1ea-a55bc0c6a392,AHSP-R0782,"Semak Tabernae di Polybag
11 Liter",,material,active,,2026-07-26T19:44:14.427Z,a0000000-0000-0000-0000-000000000001,2026-07-26T19:44:14.427Z,,buah
600f131d-968e-4f9e-ae64-a9f95686bf84,AHSP-R0783,"Semak Walisongo/Umbrella
Tree di Polybag 11 Liter",,material,active,,2026-07-26T19:44:14.472Z,a0000000-0000-0000-0000-000000000001,2026-07-26T19:44:14.472Z,,buah
8d2b9f5e-48ae-422e-ab56-314a3f704521,AHSP-R0784,Semak Taiwan Beauty di Polybag 11 Liter,,material,active,,2026-07-26T19:44:14.518Z,a0000000-0000-0000-0000-000000000001,2026-07-26T19:44:14.518Z,,buah
af4371e4-37f7-494f-bf5a-e36d656f8b14,AHSP-R0785,Semak Andong di Polybag 11 Liter,,material,active,,2026-07-26T19:44:14.562Z,a0000000-0000-0000-0000-000000000001,2026-07-26T19:44:14.562Z,,buah
84872957-168a-48da-bf1a-db5fedca49e2,AHSP-R0786,Semak Peace Lily di Polybag 11 Liter,,material,active,,2026-07-26T19:44:14.607Z,a0000000-0000-0000-0000-000000000001,2026-07-26T19:44:14.607Z,,buah
0fcfce8f-a059-40f1-9bf7-c838d16a1910,AHSP-R0787,Semak Philo Jari di Polybag 11 Liter,,material,active,,2026-07-26T19:44:14.652Z,a0000000-0000-0000-0000-000000000001,2026-07-26T19:44:14.652Z,,buah
7fd57b7c-65ff-4244-a214-27733a416d84,AHSP-R0788,"Semak Agave/lidah naga di
Polybag 20 Liter",,material,active,,2026-07-26T19:44:14.698Z,a0000000-0000-0000-0000-000000000001,2026-07-26T19:44:14.698Z,,buah
e4f13ad2-7663-4961-9dbe-edae28847f1c,AHSP-R0789,"Semak Alamanda/Bunga
terompet emas di Polybag 20 Liter",,material,active,,2026-07-26T19:44:14.743Z,a0000000-0000-0000-0000-000000000001,2026-07-26T19:44:14.743Z,,buah
52e0e23a-70f7-4e73-8335-d3889403459b,AHSP-R0790,"Semak Bakung Jawa di Polybag
20 Liter",,material,active,,2026-07-26T19:44:14.788Z,a0000000-0000-0000-0000-000000000001,2026-07-26T19:44:14.788Z,,buah
1fa7620f-47bf-445c-84fc-1bd2d939a176,AHSP-R0791,"Semak Bromelia di Polybag 20
Liter",,material,active,,2026-07-26T19:44:14.833Z,a0000000-0000-0000-0000-000000000001,2026-07-26T19:44:14.833Z,,buah
17ca0ec9-0bdb-4b8d-9285-74694c980e19,AHSP-R0792,"Semak Bugenvil/bunga kertas di
Polybag 20 Liter",,material,active,,2026-07-26T19:44:14.879Z,a0000000-0000-0000-0000-000000000001,2026-07-26T19:44:14.879Z,,buah
dd07a34b-55f3-4011-bb0a-dc3480b79af1,AHSP-R0793,"Semak Bunga Terompet Kuning di
Polybag 20 Liter",,material,active,,2026-07-26T19:44:14.924Z,a0000000-0000-0000-0000-000000000001,2026-07-26T19:44:14.924Z,,buah
395bda97-3f0a-4d83-92e3-0ac63199cfd2,AHSP-R0794,Semak Canna di Polybag 20 Liter,,material,active,,2026-07-26T19:44:14.969Z,a0000000-0000-0000-0000-000000000001,2026-07-26T19:44:14.969Z,,buah
e39a1653-bd45-4b1d-87e1-938c56eeb049,AHSP-R0795,"Semak Dracaena ‘Song of India’ di
Polybag 20 Liter",,material,active,,2026-07-26T19:44:15.014Z,a0000000-0000-0000-0000-000000000001,2026-07-26T19:44:15.014Z,,buah
31225c73-a887-4567-b4c7-45bcbf2ed485,AHSP-R0796,"Semak Dracaena 'Song of
Jamaica' di Polybag 20 Liter",,material,active,,2026-07-26T19:44:15.061Z,a0000000-0000-0000-0000-000000000001,2026-07-26T19:44:15.061Z,,buah
a7ca92ad-e4ac-4b32-9b8c-36c816604b8e,AHSP-R0797,"Semak Helliconia di Polybag 20
Liter",,material,active,,2026-07-26T19:44:15.107Z,a0000000-0000-0000-0000-000000000001,2026-07-26T19:44:15.107Z,,buah
01a8ab66-10cc-40a4-aa3a-23c5a5caad67,AHSP-R0798,"Semak Honje/Kecombrang di
Polybag 20 Liter",,material,active,,2026-07-26T19:44:15.152Z,a0000000-0000-0000-0000-000000000001,2026-07-26T19:44:15.152Z,,buah
5d2ccae3-6181-4305-a13e-bde4aebee69a,AHSP-R0799,"Semak Hujan Mas di Polybag 20
Liter",,material,active,,2026-07-26T19:44:15.197Z,a0000000-0000-0000-0000-000000000001,2026-07-26T19:44:15.197Z,,buah
2e904af5-e7e1-4192-b768-52d8a131fa07,AHSP-R0800,"Semak Kacapiring
wangi/Gardenia di Polybag 20
Liter",,material,active,,2026-07-26T19:44:15.242Z,a0000000-0000-0000-0000-000000000001,2026-07-26T19:44:15.242Z,,buah
61bd0063-e988-41cc-93e3-9ff976e1bd6a,AHSP-R0801,"Semak Kembang sepatu di
Polybag 20 Liter",,material,active,,2026-07-26T19:44:15.287Z,a0000000-0000-0000-0000-000000000001,2026-07-26T19:44:15.287Z,,buah
365d2d45-57c6-4e5c-b12f-8d9016a9a930,AHSP-R0802,"Semak Oleander/Bunga Mentega
di Polybag 20 Liter",,material,active,,2026-07-26T19:44:15.332Z,a0000000-0000-0000-0000-000000000001,2026-07-26T19:44:15.332Z,,buah
e79cecce-5bf7-46f7-89ac-d9f6022490f6,AHSP-R0803,"Semak Penda Emas di Polybag 20
Liter",,material,active,,2026-07-26T19:44:15.378Z,a0000000-0000-0000-0000-000000000001,2026-07-26T19:44:15.378Z,,buah
3054837e-36d6-4bf8-981c-44b12f26972c,AHSP-R0804,Semak Puring di Polybag 20 Liter,,material,active,,2026-07-26T19:44:15.423Z,a0000000-0000-0000-0000-000000000001,2026-07-26T19:44:15.423Z,,buah
8b4be9b0-a8fa-47a7-b9ce-d8dac12dcfcd,AHSP-R0805,"Semak Tabernac di Polybag 20
Liter",,material,active,,2026-07-26T19:44:15.469Z,a0000000-0000-0000-0000-000000000001,2026-07-26T19:44:15.469Z,,buah
76f946e7-2b6e-4e1b-8128-831c22d56d40,AHSP-R0806,"Semak Walisongo/Umbrella Tree
di Polybag 20 Liter",,material,active,,2026-07-26T19:44:15.515Z,a0000000-0000-0000-0000-000000000001,2026-07-26T19:44:15.515Z,,buah
f236aa75-cd4a-467d-91ac-3325e696d05c,AHSP-R0807,Semak Keladi Sente di Polybag 20 Liter,,material,active,,2026-07-26T19:44:15.560Z,a0000000-0000-0000-0000-000000000001,2026-07-26T19:44:15.560Z,,buah
12e9d75d-0bd8-4b0c-a00d-5b196646d7d0,AHSP-R0808,"Penutup Tanah Kacang hias di
Polybag 0.5 Liter",,material,active,,2026-07-26T19:44:15.605Z,a0000000-0000-0000-0000-000000000001,2026-07-26T19:44:15.605Z,,m2
a0cf625b-47bf-4d8e-b6e7-e5ae2ce834d0,AHSP-R0809,"Penutup Tanah Widelia di
Polybag 0.5 Liter",,material,active,,2026-07-26T19:44:15.650Z,a0000000-0000-0000-0000-000000000001,2026-07-26T19:44:15.650Z,,m2
135f77c9-4747-4562-839f-d49030251f68,AHSP-R0810,Penutup Tanah Widelia di Polybag 0.5 Liter,,material,active,,2026-07-26T19:44:15.695Z,a0000000-0000-0000-0000-000000000001,2026-07-26T19:44:15.695Z,,buah
ce51f0a5-eb26-4313-bc1e-3d1b7a00f4fe,AHSP-R0811,Penutup Tanah Sutra bombay di Polybag 0.5 Liter,,material,active,,2026-07-26T19:44:15.741Z,a0000000-0000-0000-0000-000000000001,2026-07-26T19:44:15.741Z,,buah
44d03c0a-620d-4d03-a698-ddc46cc3e05a,AHSP-R0812,Penutup Tanah Lantana di Polybag 0.5 Liter,,material,active,,2026-07-26T19:44:15.787Z,a0000000-0000-0000-0000-000000000001,2026-07-26T19:44:15.787Z,,buah
6ee354d1-101c-47a7-a6bb-bbf4fa0b0bef,AHSP-R0813,Penutup Tanah Kucai Mini di Polybag 0.5 Liter,,material,active,,2026-07-26T19:44:15.832Z,a0000000-0000-0000-0000-000000000001,2026-07-26T19:44:15.832Z,,buah
c57ffb0c-5b4d-46d1-a829-a98b57866b0c,AHSP-R0814,Rumput gajah mini,,material,active,,2026-07-26T19:44:15.877Z,a0000000-0000-0000-0000-000000000001,2026-07-26T19:44:15.877Z,,m2
322fea2e-503b-4530-a585-a391ea14aa67,AHSP-R0815,Rumput peking,,material,active,,2026-07-26T19:44:15.922Z,a0000000-0000-0000-0000-000000000001,2026-07-26T19:44:15.922Z,,m2
e6829099-f600-4c5b-9689-6403186773ba,AHSP-R0816,Rumput embun,,material,active,,2026-07-26T19:44:15.967Z,a0000000-0000-0000-0000-000000000001,2026-07-26T19:44:15.967Z,,m2
46c23f8a-b792-477d-85a7-cebfc1da2712,AHSP-R0817,"Matras Tipe I, Termasuk angkur / penguat matras",,material,active,,2026-07-26T19:44:16.011Z,a0000000-0000-0000-0000-000000000001,2026-07-26T19:44:16.011Z,,m2
237ac2c7-f7f4-49aa-8e31-2e6c30e33670,AHSP-R0818,Perekat Campuran Hydroseeding,,material,active,,2026-07-26T19:44:16.056Z,a0000000-0000-0000-0000-000000000001,2026-07-26T19:44:16.056Z,,kg
3dc47249-25a2-4852-a469-090e871e1e91,AHSP-R0819,Bibit Vegetasi (Biji Rumput),,material,active,,2026-07-26T19:44:16.101Z,a0000000-0000-0000-0000-000000000001,2026-07-26T19:44:16.101Z,,kg
4b64d925-1419-4f25-bdbf-3e80e9ab2366,AHSP-R0820,Mulsa,,material,active,,2026-07-26T19:44:16.146Z,a0000000-0000-0000-0000-000000000001,2026-07-26T19:44:16.146Z,,kg
d12b1a15-5fae-4aac-843d-76cb761b15e6,AHSP-R0821,Pupuk Organik,,material,active,,2026-07-26T19:44:16.190Z,a0000000-0000-0000-0000-000000000001,2026-07-26T19:44:16.190Z,,kg
88f5680b-f1b4-4de0-b6f8-3890c29483f1,AHSP-R0822,Pupuk anorganik *),,material,active,,2026-07-26T19:44:16.235Z,a0000000-0000-0000-0000-000000000001,2026-07-26T19:44:16.235Z,,kg
ac670263-0beb-4f9f-a944-df0ad54badc9,AHSP-R0823,Sewa Mesin Hydroseeding 2000L,,equipment,active,,2026-07-26T19:44:16.280Z,a0000000-0000-0000-0000-000000000001,2026-07-26T19:44:16.280Z,,hari
43529b1e-c4a0-4073-bf1d-1930abc6de41,AHSP-R0824,"Perekat Matras
Perkuatan (Lem)",,material,active,,2026-07-26T19:44:16.325Z,a0000000-0000-0000-0000-000000000001,2026-07-26T19:44:16.325Z,,kg
9201df0a-db1b-476f-8907-d0195a8efe97,AHSP-R0825,"Matras Tipe II, Termasuk angkur / penguat matras",,material,active,,2026-07-26T19:44:16.371Z,a0000000-0000-0000-0000-000000000001,2026-07-26T19:44:16.371Z,,m2
df7501f9-c33d-49bf-87e9-82f6d2c3d6a8,AHSP-R0826,"Matras Tipe III, Termasuk angkur / penguat matras",,material,active,,2026-07-26T19:44:16.416Z,a0000000-0000-0000-0000-000000000001,2026-07-26T19:44:16.416Z,,m2
00d74e48-7d90-47db-9f99-14898880cd3f,AHSP-R0827,Bibit Vegetasi (Biji Legume Crop Cover/LCC),,material,active,,2026-07-26T19:44:16.461Z,a0000000-0000-0000-0000-000000000001,2026-07-26T19:44:16.461Z,,kg
90686e08-7d52-4429-950c-238d4980c9b7,AHSP-R0828,Material Organik,,material,active,,2026-07-26T19:44:16.506Z,a0000000-0000-0000-0000-000000000001,2026-07-26T19:44:16.506Z,,m3
0dcadce9-784e-42ea-a719-e6a25a0e91d2,AHSP-R0829,Kapur,,material,active,,2026-07-26T19:44:16.551Z,a0000000-0000-0000-0000-000000000001,2026-07-26T19:44:16.551Z,,kg
b8cfa710-04d5-4af5-b6c6-56612a238b80,AHSP-R0830,Mesin Molen 1m3,,equipment,active,,2026-07-26T19:44:16.596Z,a0000000-0000-0000-0000-000000000001,2026-07-26T19:44:16.596Z,,hari
04806591-ee39-483e-a1ec-f5e69059c8c2,AHSP-R0831,Pasir,,material,active,,2026-07-26T19:44:16.640Z,a0000000-0000-0000-0000-000000000001,2026-07-26T19:44:16.640Z,,m3
65ef8a40-72df-43fd-8948-f005e2dce78d,AHSP-R0832,Sulfur,,material,active,,2026-07-26T19:44:16.686Z,a0000000-0000-0000-0000-000000000001,2026-07-26T19:44:16.686Z,,kg
22e3f325-697b-4814-9070-f77311f5890c,AHSP-R0833,Air Bersih,,material,active,,2026-07-26T19:44:16.730Z,a0000000-0000-0000-0000-000000000001,2026-07-26T19:44:16.730Z,,liter
451d02f7-49a2-4209-b85e-e10113207b99,AHSP-R0834,Water Truck,,equipment,active,,2026-07-26T19:44:16.775Z,a0000000-0000-0000-0000-000000000001,2026-07-26T19:44:16.775Z,,hari
d13b1818-4eb7-4f43-b103-22aec8e6601f,AHSP-R0835,Water Truck,,equipment,active,,2026-07-26T19:44:16.820Z,a0000000-0000-0000-0000-000000000001,2026-07-26T19:44:16.820Z,,liter
46e64aba-99b7-4451-aa03-e37ce60cb039,AHSP-R0836,Tukang Pemelihara Taman,,labor,active,,2026-07-26T19:44:16.864Z,a0000000-0000-0000-0000-000000000001,2026-07-26T19:44:16.864Z,,OH
39ce4c5e-9481-4570-9db4-0196611813b0,AHSP-R0837,Pupuk anorganik padat,,material,active,,2026-07-26T19:44:16.909Z,a0000000-0000-0000-0000-000000000001,2026-07-26T19:44:16.909Z,,m3
2b4c2b6a-c6d2-45c2-a905-405733c24328,AHSP-R0838,Sprayer Gendong,,equipment,active,,2026-07-26T19:44:16.954Z,a0000000-0000-0000-0000-000000000001,2026-07-26T19:44:16.954Z,,hari
6cf115da-1cb7-4719-942f-45f6fdf613e9,AHSP-R0839,Pupuk anorganik cair (ex: NPK),,material,active,,2026-07-26T19:44:16.999Z,a0000000-0000-0000-0000-000000000001,2026-07-26T19:44:16.999Z,,m3
2ca27d09-b046-47e6-b6e1-f74a943a2c31,AHSP-R0840,Tukang pemelihara taman (115% Pekerja),,labor,active,,2026-07-26T19:44:17.044Z,a0000000-0000-0000-0000-000000000001,2026-07-26T19:44:17.044Z,,OH
e39c9d14-7a2c-408f-a7c4-eb36c343417c,AHSP-R0841,Mesin Gendong,,equipment,active,,2026-07-26T19:44:17.089Z,a0000000-0000-0000-0000-000000000001,2026-07-26T19:44:17.089Z,,jam
f0bcfe2a-6fbc-4bbe-ab39-bbe0e55c70d4,AHSP-R0842,Fungisida/Insektisida,,material,active,,2026-07-26T19:44:17.134Z,a0000000-0000-0000-0000-000000000001,2026-07-26T19:44:17.134Z,,OH
43a34c19-5e2d-4197-8ab3-b82c590e9ff1,AHSP-R0843,Air,,material,active,,2026-07-26T19:44:17.179Z,a0000000-0000-0000-0000-000000000001,2026-07-26T19:44:17.179Z,,OH
360c24ed-5d1e-404d-a235-67fc7621a955,AHSP-R0844,Tong Sampah 2 tabung,,material,active,,2026-07-26T19:44:17.224Z,a0000000-0000-0000-0000-000000000001,2026-07-26T19:44:17.224Z,,buah
b1cab776-540d-4b18-a87e-f6e6dd9e43ce,AHSP-R0845,Besi Hollow 30x60,,material,active,,2026-07-26T19:44:17.269Z,a0000000-0000-0000-0000-000000000001,2026-07-26T19:44:17.269Z,,m
e224163e-c337-40ae-82d7-8c9a3d020503,AHSP-R0846,Kawat las,,material,active,,2026-07-26T19:44:17.315Z,a0000000-0000-0000-0000-000000000001,2026-07-26T19:44:17.315Z,,lkg
e183fbb0-02a1-472d-ad8a-a600ab29204d,AHSP-R0847,cat minyak,,material,active,,2026-07-26T19:44:17.359Z,a0000000-0000-0000-0000-000000000001,2026-07-26T19:44:17.359Z,,liter
a250b825-c312-44f7-a99b-60bde94f9c4b,AHSP-R0848,Tukang listrik,,labor,active,,2026-07-26T19:44:17.404Z,a0000000-0000-0000-0000-000000000001,2026-07-26T19:44:17.404Z,,OH
6becc8c6-9161-4e29-a3f5-bbf8916211ba,AHSP-R0849,Kabel NYY 1 x 4 mm²,,material,active,,2026-07-26T19:44:17.449Z,a0000000-0000-0000-0000-000000000001,2026-07-26T19:44:17.449Z,,m1
94280326-c560-40bc-a2fc-550caa0db389,AHSP-R0850,Kabel NYY 1 x 6 mm²,,material,active,,2026-07-26T19:44:17.494Z,a0000000-0000-0000-0000-000000000001,2026-07-26T19:44:17.494Z,,m1
76761b76-5c53-4868-8f23-673e12b6bb34,AHSP-R0851,Kabel NYY 1 x 10 mm²,,material,active,,2026-07-26T19:44:17.539Z,a0000000-0000-0000-0000-000000000001,2026-07-26T19:44:17.539Z,,m1
ec7d4d88-2a65-4f45-a930-8ff3ca48f405,AHSP-R0852,Kabel NYY 1 x 16 mm²,,material,active,,2026-07-26T19:44:17.585Z,a0000000-0000-0000-0000-000000000001,2026-07-26T19:44:17.585Z,,m1
fa2106db-2d5d-4b53-a3b0-3377e53e1e98,AHSP-R0853,Kabel NYY 1 x 25 mm²,,material,active,,2026-07-26T19:44:17.629Z,a0000000-0000-0000-0000-000000000001,2026-07-26T19:44:17.629Z,,m1
0a3d9264-dc93-44db-82cb-e363f75241ca,AHSP-R0854,Kabel NYY 1 x 35 mm²,,material,active,,2026-07-26T19:44:17.674Z,a0000000-0000-0000-0000-000000000001,2026-07-26T19:44:17.674Z,,m1
c025dc42-15d1-44e3-8d46-4f566cdb0e8a,AHSP-R0855,Kabel NYY 1 x 50 mm²,,material,active,,2026-07-26T19:44:17.719Z,a0000000-0000-0000-0000-000000000001,2026-07-26T19:44:17.719Z,,m1
5f895c82-a4d7-48d2-b916-bdf70d4b3f78,AHSP-R0856,Kabel NYY 1 x 70 mm²,,material,active,,2026-07-26T19:44:17.764Z,a0000000-0000-0000-0000-000000000001,2026-07-26T19:44:17.764Z,,m1
0bb24918-cea4-4f81-82f4-f51fefa8cc31,AHSP-R0857,Kabel NYY 1 x 95 mm²,,material,active,,2026-07-26T19:44:17.809Z,a0000000-0000-0000-0000-000000000001,2026-07-26T19:44:17.809Z,,m1
b9cfefb6-f8e7-4809-a958-5b0298922585,AHSP-R0858,Kabel NYY 1 x 120 mm²,,material,active,,2026-07-26T19:44:17.855Z,a0000000-0000-0000-0000-000000000001,2026-07-26T19:44:17.855Z,,m1
9635a99a-5c56-482c-a412-802c0f9b730c,AHSP-R0859,Kabel NYY 1 x 150 mm²,,material,active,,2026-07-26T19:44:17.901Z,a0000000-0000-0000-0000-000000000001,2026-07-26T19:44:17.901Z,,m1
3c136c4f-484e-4301-94e6-08788203a7d0,AHSP-R0860,Kabel NYY 1 x 185 mm²,,material,active,,2026-07-26T19:44:17.946Z,a0000000-0000-0000-0000-000000000001,2026-07-26T19:44:17.946Z,,m1
4ada4515-3b3a-421a-b34d-841f95ace4da,AHSP-R0861,Kabel NYY 1 x 250 mm²,,material,active,,2026-07-26T19:44:17.991Z,a0000000-0000-0000-0000-000000000001,2026-07-26T19:44:17.991Z,,m1
b67892c8-696f-48fd-8146-6e3cb36cb86b,AHSP-R0862,Kabel NYY 1 x 300 mm²,,material,active,,2026-07-26T19:44:18.036Z,a0000000-0000-0000-0000-000000000001,2026-07-26T19:44:18.036Z,,m1
33e07d59-5527-4144-9f14-3c874e634967,AHSP-R0863,Kabel NYY 1 x 400 mm²,,material,active,,2026-07-26T19:44:18.081Z,a0000000-0000-0000-0000-000000000001,2026-07-26T19:44:18.081Z,,m1
6e8c7e6e-3c4c-40f2-9fc9-13323b54700d,AHSP-R0864,Kabel NYY 1 x 500 mm²,,material,active,,2026-07-26T19:44:18.127Z,a0000000-0000-0000-0000-000000000001,2026-07-26T19:44:18.127Z,,m1
63abb294-4f89-4a35-9101-6cf6c7b54034,AHSP-R0865,Kabel NYY 1 x 630 mm²,,material,active,,2026-07-26T19:44:18.172Z,a0000000-0000-0000-0000-000000000001,2026-07-26T19:44:18.172Z,,m1
3a06e231-98cf-46e9-9e7e-6c4aeb52aed4,AHSP-R0866,"Kabel NYY 2 x 1,5 mm²",,material,active,,2026-07-26T19:44:18.216Z,a0000000-0000-0000-0000-000000000001,2026-07-26T19:44:18.216Z,,m1
8128171c-e69e-4ab9-a349-897dff61e2f4,AHSP-R0867,"Kabel NYY 2 x 2,5 mm²",,material,active,,2026-07-26T19:44:18.262Z,a0000000-0000-0000-0000-000000000001,2026-07-26T19:44:18.262Z,,m1
44d43c66-4e09-4fa8-828f-916e813ed445,AHSP-R0868,Kabel NYY 2 x 4 mm²,,material,active,,2026-07-26T19:44:18.307Z,a0000000-0000-0000-0000-000000000001,2026-07-26T19:44:18.307Z,,m1
93069129-e0ee-472f-946d-e20da6e4bbe3,AHSP-R0869,Kabel NYY 2 x 10 mm²,,material,active,,2026-07-26T19:44:18.352Z,a0000000-0000-0000-0000-000000000001,2026-07-26T19:44:18.352Z,,m1
3262d8b3-1748-4244-b401-1c27ab244056,AHSP-R0870,Kabel NYY 2 x 16 mm²,,material,active,,2026-07-26T19:44:18.397Z,a0000000-0000-0000-0000-000000000001,2026-07-26T19:44:18.397Z,,m1
e18ccea6-7151-4add-876b-6e7abdfcf916,AHSP-R0871,"Kabel NYY 3 x 1,5 mm²",,material,active,,2026-07-26T19:44:18.442Z,a0000000-0000-0000-0000-000000000001,2026-07-26T19:44:18.442Z,,m1
7daca648-f09b-49d8-bfd5-57d52aee1e23,AHSP-R0872,"Kabel NYY 3 x 2,5 mm²",,material,active,,2026-07-26T19:44:18.487Z,a0000000-0000-0000-0000-000000000001,2026-07-26T19:44:18.487Z,,m1
6c607510-f528-45a5-a482-20b35b25ea2d,AHSP-R0873,Kabel NYY 3 x 4 mm²,,material,active,,2026-07-26T19:44:18.532Z,a0000000-0000-0000-0000-000000000001,2026-07-26T19:44:18.532Z,,m1
4bc0c9cb-20b1-42e3-9fcd-87a8adf8734a,AHSP-R0874,Kabel NYY 3 x 6 mm²,,material,active,,2026-07-26T19:44:18.577Z,a0000000-0000-0000-0000-000000000001,2026-07-26T19:44:18.577Z,,m1
8e701a88-816f-47cf-ac3c-9c30695c4295,AHSP-R0875,Kabel NYY 3 x 10 mm²,,material,active,,2026-07-26T19:44:18.623Z,a0000000-0000-0000-0000-000000000001,2026-07-26T19:44:18.623Z,,m1
816a27de-0d52-4364-9060-ce555eb188a6,AHSP-R0876,Kabel NYY 3 x 16 mm²,,material,active,,2026-07-26T19:44:18.668Z,a0000000-0000-0000-0000-000000000001,2026-07-26T19:44:18.668Z,,m1
e420beba-38cc-4edb-9ede-a60dcd0ae923,AHSP-R0877,Kabel NYY 3 x 25 mm²,,material,active,,2026-07-26T19:44:18.712Z,a0000000-0000-0000-0000-000000000001,2026-07-26T19:44:18.712Z,,m1
c8dfad42-7702-4856-a416-e6dd3ff24bde,AHSP-R0878,Kabel NYY 3 x 35 mm²,,material,active,,2026-07-26T19:44:18.757Z,a0000000-0000-0000-0000-000000000001,2026-07-26T19:44:18.757Z,,m1
51cf10cb-490d-46f3-b6f3-2847a65d916b,AHSP-R0879,Kabel NYY 3 x 50 mm²,,material,active,,2026-07-26T19:44:18.803Z,a0000000-0000-0000-0000-000000000001,2026-07-26T19:44:18.803Z,,m1
b97bf5c8-232b-4816-8355-cb6c6ce2724b,AHSP-R0880,"Kabel NYY 4 x 1,5 mm²",,material,active,,2026-07-26T19:44:18.848Z,a0000000-0000-0000-0000-000000000001,2026-07-26T19:44:18.848Z,,m1
6a9e20b2-2f24-42e1-bab9-4a2afac4f089,AHSP-R0881,"Kabel NYY 4 x 2,5 mm²",,material,active,,2026-07-26T19:44:18.893Z,a0000000-0000-0000-0000-000000000001,2026-07-26T19:44:18.893Z,,m1
8a25833a-317b-4ced-a2a4-06d96af0bdf6,AHSP-R0882,Kabel NYY 4 x 4 mm²,,material,active,,2026-07-26T19:44:18.938Z,a0000000-0000-0000-0000-000000000001,2026-07-26T19:44:18.938Z,,m1
140eeb33-1a9e-4d8f-afb9-8f8d6bc8e268,AHSP-R0883,Kabel NYY 4 x 6 mm²,,material,active,,2026-07-26T19:44:18.983Z,a0000000-0000-0000-0000-000000000001,2026-07-26T19:44:18.983Z,,m1
4e628ed7-6396-4b85-9a63-36a59cbba84e,AHSP-R0884,Kabel NYY 4 x 10 mm²,,material,active,,2026-07-26T19:44:19.028Z,a0000000-0000-0000-0000-000000000001,2026-07-26T19:44:19.028Z,,m1
3eccfc28-936a-479d-9874-fa8cbee6e48d,AHSP-R0885,Kabel NYY 4 x 16 mm²,,material,active,,2026-07-26T19:44:19.074Z,a0000000-0000-0000-0000-000000000001,2026-07-26T19:44:19.074Z,,m1
c69984fe-fde7-407d-939d-576ef4593cff,AHSP-R0886,Kabel NYY 4 x 25 mm²,,material,active,,2026-07-26T19:44:19.119Z,a0000000-0000-0000-0000-000000000001,2026-07-26T19:44:19.119Z,,m1
3f882e35-f077-455a-b1a3-933742aff775,AHSP-R0887,Kabel NYY 4 x 35 mm²,,material,active,,2026-07-26T19:44:19.164Z,a0000000-0000-0000-0000-000000000001,2026-07-26T19:44:19.164Z,,m1
11bd3b41-9987-40cf-b49f-4c8abd4b0222,AHSP-R0888,Kabel NYY 4 x 50 mm²,,material,active,,2026-07-26T19:44:19.209Z,a0000000-0000-0000-0000-000000000001,2026-07-26T19:44:19.209Z,,m1
257b05fe-c47e-4638-8006-7334945169bf,AHSP-R0889,Kabel NYY 4 x 70 mm²,,material,active,,2026-07-26T19:44:19.254Z,a0000000-0000-0000-0000-000000000001,2026-07-26T19:44:19.254Z,,m1
0dc8c12a-9e52-41bc-9aae-f82c93d2cef4,AHSP-R0890,Kabel NYY 4 x 95 mm²,,material,active,,2026-07-26T19:44:19.299Z,a0000000-0000-0000-0000-000000000001,2026-07-26T19:44:19.299Z,,m1
9f2f330d-b876-4608-8ff4-c6cab047167d,AHSP-R0891,Kabel NYY 4 x 120 mm²,,material,active,,2026-07-26T19:44:19.344Z,a0000000-0000-0000-0000-000000000001,2026-07-26T19:44:19.344Z,,m1
7cb12fc8-723a-4216-9d97-b65c5ba63641,AHSP-R0892,Kabel NYY 4 x 150 mm²,,material,active,,2026-07-26T19:44:19.388Z,a0000000-0000-0000-0000-000000000001,2026-07-26T19:44:19.388Z,,m1
f448121a-ff22-4236-84bc-c91314d8454a,AHSP-R0893,Kabel NYY 4 x 185 mm²,,material,active,,2026-07-26T19:44:19.433Z,a0000000-0000-0000-0000-000000000001,2026-07-26T19:44:19.433Z,,m1
fc877a6d-ae09-4b0a-906f-90291110768d,AHSP-R0894,Kabel NYY 4 x 240 mm²,,material,active,,2026-07-26T19:44:19.479Z,a0000000-0000-0000-0000-000000000001,2026-07-26T19:44:19.479Z,,m1
066c7a37-47fb-4be6-b829-af075a4729ca,AHSP-R0895,Kabel NYY 4 x 300 mm²,,material,active,,2026-07-26T19:44:19.523Z,a0000000-0000-0000-0000-000000000001,2026-07-26T19:44:19.523Z,,m1
771842fb-a6ac-4a02-bb74-01176a7a8606,AHSP-R0896,"Kabel NYA 1 x 1,5 mm²",,material,active,,2026-07-26T19:44:19.568Z,a0000000-0000-0000-0000-000000000001,2026-07-26T19:44:19.568Z,,m1
df71b336-406f-4887-a148-a5e293fbb150,AHSP-R0897,"Kabel NYA 1 x 2,5 mm²",,material,active,,2026-07-26T19:44:19.613Z,a0000000-0000-0000-0000-000000000001,2026-07-26T19:44:19.613Z,,m1
c0e51b6d-5876-48b2-9890-86194b3446ba,AHSP-R0898,Kabel NYA 1 x 4 mm²,,material,active,,2026-07-26T19:44:19.658Z,a0000000-0000-0000-0000-000000000001,2026-07-26T19:44:19.658Z,,m1
e4a9c79f-f4cb-4062-b608-709d5bb56d64,AHSP-R0899,Kabel NYA 1 x 6 mm²,,material,active,,2026-07-26T19:44:19.704Z,a0000000-0000-0000-0000-000000000001,2026-07-26T19:44:19.704Z,,m1
94697915-5260-414a-8a0d-87afa7a1d5b1,AHSP-R0900,Kabel NYA 1 x 10 mm²,,material,active,,2026-07-26T19:44:19.749Z,a0000000-0000-0000-0000-000000000001,2026-07-26T19:44:19.749Z,,m1
40126658-5b19-4366-b993-ef564cfca2e5,AHSP-R0901,Kabel NYA 1 x 16 mm²,,material,active,,2026-07-26T19:44:19.794Z,a0000000-0000-0000-0000-000000000001,2026-07-26T19:44:19.794Z,,m1
1db6f330-debf-4c78-b1ab-4eef098a94ec,AHSP-R0902,"Kabel NYA 2 x 1,5 mm² + PVC Conduit 
HI 20 mm dan 
aksesoris",,material,active,,2026-07-26T19:44:19.839Z,a0000000-0000-0000-0000-000000000001,2026-07-26T19:44:19.839Z,,m1
7d300870-cd32-4666-babf-d8cb038c97ae,AHSP-R0903,"Kabel NYA 3 x 1,5 mm² + PVC Conduit 
HI 20 mm dan aksesoris",,material,active,,2026-07-26T19:44:19.884Z,a0000000-0000-0000-0000-000000000001,2026-07-26T19:44:19.884Z,,m1
0fbeea4b-2360-44eb-9995-136159076b3f,AHSP-R0904,"Kabel NYA 3 x 2,5 mm² + PVC Conduit 
HI 20 mm dan aksesoris",,material,active,,2026-07-26T19:44:19.929Z,a0000000-0000-0000-0000-000000000001,2026-07-26T19:44:19.929Z,,m1
3584ee9b-85f3-4e57-bbf4-b86175170562,AHSP-R0905,"Kabel NYA 3 x 2,5 mm² + PVC Conduit 
HI 32 mm dan aksesoris",,material,active,,2026-07-26T19:44:19.974Z,a0000000-0000-0000-0000-000000000001,2026-07-26T19:44:19.974Z,,m1
8916c2de-58b4-4378-892d-0986b492967b,AHSP-R0906,"Kabel NYA 5 x 2,5 mm² + PVC Conduit 
HI 20 mm dan aksesoris",,material,active,,2026-07-26T19:44:20.019Z,a0000000-0000-0000-0000-000000000001,2026-07-26T19:44:20.019Z,,m1
977ae242-39a8-4cf7-807c-583e5f0e6221,AHSP-R0907,"Kabel NYA 5 x 2,5 mm² + PVC Conduit 
HI 32 mm dan aksesoris",,material,active,,2026-07-26T19:44:20.064Z,a0000000-0000-0000-0000-000000000001,2026-07-26T19:44:20.064Z,,m1
5334ebbf-e386-4335-9b27-1d247af808d8,AHSP-R0908,Kabel NYA 1 x 35 mm²,,material,active,,2026-07-26T19:44:20.109Z,a0000000-0000-0000-0000-000000000001,2026-07-26T19:44:20.109Z,,m1
aaf613b1-058d-47a2-b4c4-1b33e4de40cf,AHSP-R0909,Kabel NYA 1 x 95 mm²,,material,active,,2026-07-26T19:44:20.154Z,a0000000-0000-0000-0000-000000000001,2026-07-26T19:44:20.154Z,,m1
5216ac68-c8a3-4875-8470-20883da8eaa5,AHSP-R0910,NYA 1 x 25 mm² dan aksesoris,,material,active,,2026-07-26T19:44:20.200Z,a0000000-0000-0000-0000-000000000001,2026-07-26T19:44:20.200Z,,m1
85b27405-3ced-49c1-a170-4bb7ca832411,AHSP-R0911,NYA 1 x 50 mm² dan aksesoris,,material,active,,2026-07-26T19:44:20.245Z,a0000000-0000-0000-0000-000000000001,2026-07-26T19:44:20.245Z,,m1
611179cb-5ec0-44ab-9e16-22b90db1b710,AHSP-R0912,NYA 1 x 70 mm² dan aksesoris,,material,active,,2026-07-26T19:44:20.290Z,a0000000-0000-0000-0000-000000000001,2026-07-26T19:44:20.290Z,,m1
c131e1ca-3f70-4ad0-8fce-533d797be2be,AHSP-R0913,"Kabel NYM 2 x 1,5 mm²",,material,active,,2026-07-26T19:44:20.335Z,a0000000-0000-0000-0000-000000000001,2026-07-26T19:44:20.335Z,,m1
9b646bec-e04d-4f7e-9bc0-057eaba5cc8e,AHSP-R0914,"Kabel NYM 2 x 2,5 mm²",,material,active,,2026-07-26T19:44:20.380Z,a0000000-0000-0000-0000-000000000001,2026-07-26T19:44:20.380Z,,m1
a1e9f4fe-8f47-41c7-b7d3-25dcd5302c31,AHSP-R0915,Kabel NYM 2 x 4 mm²,,material,active,,2026-07-26T19:44:20.425Z,a0000000-0000-0000-0000-000000000001,2026-07-26T19:44:20.425Z,,m1
94c6b2f6-4527-451b-b6b3-fb1b0234f6d8,AHSP-R0916,Kabel NYM 2 x 6 mm²,,material,active,,2026-07-26T19:44:20.469Z,a0000000-0000-0000-0000-000000000001,2026-07-26T19:44:20.469Z,,m1
1d580e1d-d49f-480a-aa56-9a5e07ad49cc,AHSP-R0917,Kabel NYM 2 x 10 mm²,,material,active,,2026-07-26T19:44:20.514Z,a0000000-0000-0000-0000-000000000001,2026-07-26T19:44:20.514Z,,m1
e8c9e2bd-7b87-4442-a3f8-ebcc04cd38e0,AHSP-R0918,"Kabel NYM 3 x 1,5 mm²",,material,active,,2026-07-26T19:44:20.559Z,a0000000-0000-0000-0000-000000000001,2026-07-26T19:44:20.559Z,,m1
3d001c98-fdf1-427b-9a5d-6665f2bb9c8f,AHSP-R0919,"Kabel NYM 3 x 2,5 mm²",,material,active,,2026-07-26T19:44:20.604Z,a0000000-0000-0000-0000-000000000001,2026-07-26T19:44:20.604Z,,m1
9aac0e88-f9c2-4f24-8478-2faa90b8d609,AHSP-R0920,Kabel NYM 3 x 4 mm²,,material,active,,2026-07-26T19:44:20.649Z,a0000000-0000-0000-0000-000000000001,2026-07-26T19:44:20.649Z,,m1
be24efeb-6f2e-493d-9033-dae6d6b78e84,AHSP-R0921,Kabel NYM 3 x 6 mm²,,material,active,,2026-07-26T19:44:20.695Z,a0000000-0000-0000-0000-000000000001,2026-07-26T19:44:20.695Z,,m1
52760c0a-ba79-4146-9137-5fb453f0e4ce,AHSP-R0922,Kabel NYM 3 x 10 mm²,,material,active,,2026-07-26T19:44:20.740Z,a0000000-0000-0000-0000-000000000001,2026-07-26T19:44:20.740Z,,m1
442d3e6c-3148-432c-9dd3-b35f84b2592b,AHSP-R0923,"Kabel NYM 4 x 1,5 mm²",,material,active,,2026-07-26T19:44:20.786Z,a0000000-0000-0000-0000-000000000001,2026-07-26T19:44:20.786Z,,m1
2b0ab517-afa7-438f-9e4b-5a60deaf113a,AHSP-R0924,"Kabel NYM 4 x 2,5 mm²",,material,active,,2026-07-26T19:44:20.832Z,a0000000-0000-0000-0000-000000000001,2026-07-26T19:44:20.832Z,,m1
5458f250-eaf6-40f9-9fe3-6565ac88cbcb,AHSP-R0925,Kabel NYM 4 x 4 mm²,,material,active,,2026-07-26T19:44:20.877Z,a0000000-0000-0000-0000-000000000001,2026-07-26T19:44:20.877Z,,m1
355efcba-614e-4275-8f52-16152b7ec46b,AHSP-R0926,Kabel NYM 4 x 6 mm²,,material,active,,2026-07-26T19:44:20.923Z,a0000000-0000-0000-0000-000000000001,2026-07-26T19:44:20.923Z,,m1
ec57a91f-d31f-4652-a8aa-b2e484a033b2,AHSP-R0927,Kabel NYM 4 x 10 mm²,,material,active,,2026-07-26T19:44:20.968Z,a0000000-0000-0000-0000-000000000001,2026-07-26T19:44:20.968Z,,m1
3e58a38a-1a40-4251-881f-5c1dd781ff1d,AHSP-R0928,Kabel NYM 4 x 16 mm²,,material,active,,2026-07-26T19:44:21.013Z,a0000000-0000-0000-0000-000000000001,2026-07-26T19:44:21.013Z,,m1
23b9fb54-9e38-4b1b-bab2-db8e45f58fd6,AHSP-R0929,"Kabel NYMHY 2 x 1,5 mm²",,material,active,,2026-07-26T19:44:21.058Z,a0000000-0000-0000-0000-000000000001,2026-07-26T19:44:21.058Z,,m1
a373951e-7341-43a0-8918-4d1808a882fa,AHSP-R0930,"Kabel NYMHY 2 x 2,5 mm²",,material,active,,2026-07-26T19:44:21.104Z,a0000000-0000-0000-0000-000000000001,2026-07-26T19:44:21.104Z,,m1
91a8310c-a75b-4170-89a8-2a846e71d687,AHSP-R0931,"Kabel NYMHY 3 x 1,5 mm²",,material,active,,2026-07-26T19:44:21.149Z,a0000000-0000-0000-0000-000000000001,2026-07-26T19:44:21.149Z,,m1
b30618ca-af9e-49d8-bab9-f8f0065b1258,AHSP-R0932,"Kabel NYMHY 3 x 2,5 mm²",,material,active,,2026-07-26T19:44:21.194Z,a0000000-0000-0000-0000-000000000001,2026-07-26T19:44:21.194Z,,m1
a5defe2d-5a7f-4852-a70f-f1100c83ccaa,AHSP-R0933,"Kabel NYMHY 4 x 2,5 mm²",,material,active,,2026-07-26T19:44:21.240Z,a0000000-0000-0000-0000-000000000001,2026-07-26T19:44:21.240Z,,m1
4a3891b0-8f85-4401-82a9-2da7ca4fda13,AHSP-R0934,"Kabel NYMHY 3 x 1,5
mm2 + Conduit PVC
HI 20 mm dan
aksesoris",,material,active,,2026-07-26T19:44:21.285Z,a0000000-0000-0000-0000-000000000001,2026-07-26T19:44:21.285Z,,m1
a4eceded-a55c-4d20-a885-972400ac6c1b,AHSP-R0935,"Kabel NYMHY 2(3 x
1,5 mm2) + Conduit
PVC HI 20 mm dan
aksesoris",,material,active,,2026-07-26T19:44:21.331Z,a0000000-0000-0000-0000-000000000001,2026-07-26T19:44:21.331Z,,m1
3867c160-a6bb-417e-b4f8-c78aaa5a5455,AHSP-R0936,"NYMHY 2 x 0,75 mm² + Conduit PVC HI 20 mm dan aksesoris",,material,active,,2026-07-26T19:44:21.376Z,a0000000-0000-0000-0000-000000000001,2026-07-26T19:44:21.376Z,,m1
6ae3701d-360d-4949-b8da-cbbed874ece6,AHSP-R0937,"Kabel NYFGBY 2 x 1,5 mm²",,material,active,,2026-07-26T19:44:21.421Z,a0000000-0000-0000-0000-000000000001,2026-07-26T19:44:21.421Z,,m1
cae9c8d8-20b2-4a51-92ce-d88883034ff0,AHSP-R0938,"Kabel NYFGBY 2 x 2,5 mm²",,material,active,,2026-07-26T19:44:21.465Z,a0000000-0000-0000-0000-000000000001,2026-07-26T19:44:21.465Z,,m1
6c74b372-fa0b-4743-b00e-3578c1b92bdd,AHSP-R0939,Kabel NYFGBY 2 x 4 mm²,,material,active,,2026-07-26T19:44:21.511Z,a0000000-0000-0000-0000-000000000001,2026-07-26T19:44:21.511Z,,m1
d38cef30-2b8c-4bbc-ac83-642f3ddc00e6,AHSP-R0940,Kabel NYFGBY 2 x 6 mm²,,material,active,,2026-07-26T19:44:21.556Z,a0000000-0000-0000-0000-000000000001,2026-07-26T19:44:21.556Z,,m1
3639613d-5b6b-4f18-8989-aeb6a4fb6172,AHSP-R0941,Kabel NYFGBY 2 x 10 mm²,,material,active,,2026-07-26T19:44:21.600Z,a0000000-0000-0000-0000-000000000001,2026-07-26T19:44:21.600Z,,m1
6af0ad7b-f898-448d-b1af-439e7ae26426,AHSP-R0942,Kabel NYFGBY 2 x 16 mm²,,material,active,,2026-07-26T19:44:21.644Z,a0000000-0000-0000-0000-000000000001,2026-07-26T19:44:21.644Z,,m1
a997685f-4733-4705-9cd0-301b5a3df503,AHSP-R0943,"Kabel NYFGBY 3 x 1,5 mm²",,material,active,,2026-07-26T19:44:21.689Z,a0000000-0000-0000-0000-000000000001,2026-07-26T19:44:21.689Z,,m1
fd4281a7-4e0c-4bb6-ace8-816c9a6c2ffa,AHSP-R0944,"Kabel NYFGBY 3 x 2,5 mm²",,material,active,,2026-07-26T19:44:21.733Z,a0000000-0000-0000-0000-000000000001,2026-07-26T19:44:21.733Z,,m1
f138c099-0ec7-4a85-8183-037fa75724ad,AHSP-R0945,Kabel NYFGBY 3 x 4 mm²,,material,active,,2026-07-26T19:44:21.778Z,a0000000-0000-0000-0000-000000000001,2026-07-26T19:44:21.778Z,,m1
2b90741b-d0b4-4e59-ad36-3cd7ee006cbb,AHSP-R0946,Kabel NYFGBY 3 x 6 mm²,,material,active,,2026-07-26T19:44:21.823Z,a0000000-0000-0000-0000-000000000001,2026-07-26T19:44:21.823Z,,m1
740e9cef-3b5c-4960-a590-aeadb28a9338,AHSP-R0947,Kabel NYFGBY 3 x 10 mm²,,material,active,,2026-07-26T19:44:21.868Z,a0000000-0000-0000-0000-000000000001,2026-07-26T19:44:21.868Z,,m1
9fb4d950-ea01-446f-a956-fd973605408e,AHSP-R0948,Kabel NYFGBY 3 x 16 mm²,,material,active,,2026-07-26T19:44:21.913Z,a0000000-0000-0000-0000-000000000001,2026-07-26T19:44:21.913Z,,m1
54c81bc2-0365-4430-a06e-f02c6249bb1e,AHSP-R0949,"Kabel NYFGBY 4 x 1,5 mm²",,material,active,,2026-07-26T19:44:21.959Z,a0000000-0000-0000-0000-000000000001,2026-07-26T19:44:21.959Z,,m1
0ed2be48-dedc-42ea-aad6-470adbd3a11c,AHSP-R0950,"Kabel NYFGBY 4 x 2,5 mm²",,material,active,,2026-07-26T19:44:22.004Z,a0000000-0000-0000-0000-000000000001,2026-07-26T19:44:22.004Z,,m1
0dd39cb0-1ab4-47c9-8324-52de0d26000d,AHSP-R0951,Kabel NYFGBY 4 x 4 mm²,,material,active,,2026-07-26T19:44:22.049Z,a0000000-0000-0000-0000-000000000001,2026-07-26T19:44:22.049Z,,m1
5cadd23e-cb58-480a-8f43-a01908534339,AHSP-R0952,Kabel NYFGBY 4 x 6 mm²,,material,active,,2026-07-26T19:44:22.094Z,a0000000-0000-0000-0000-000000000001,2026-07-26T19:44:22.094Z,,m1
1294c1da-96bb-407a-8f45-74380535d956,AHSP-R0953,Kabel NYFGBY 4 x 10 mm²,,material,active,,2026-07-26T19:44:22.139Z,a0000000-0000-0000-0000-000000000001,2026-07-26T19:44:22.139Z,,m1
e5784bb6-177b-4780-80f8-31b5bb9f5d27,AHSP-R0954,Kabel NYFGBY 4 x 16 mm²,,material,active,,2026-07-26T19:44:22.185Z,a0000000-0000-0000-0000-000000000001,2026-07-26T19:44:22.185Z,,m1
e3266711-48aa-44c3-bba3-74276b1e97e4,AHSP-R0955,Kabel NYFGBY 4 x 25 mm²,,material,active,,2026-07-26T19:44:22.230Z,a0000000-0000-0000-0000-000000000001,2026-07-26T19:44:22.230Z,,m1
e68137a9-0a08-4160-a631-aee86307b079,AHSP-R0956,Kabel NYFGBY 4 x 35 mm²,,material,active,,2026-07-26T19:44:22.275Z,a0000000-0000-0000-0000-000000000001,2026-07-26T19:44:22.275Z,,m1
9de885a3-bd30-447e-8798-719a57e78879,AHSP-R0957,Kabel NYFGBY 4 x 50 mm²,,material,active,,2026-07-26T19:44:22.321Z,a0000000-0000-0000-0000-000000000001,2026-07-26T19:44:22.321Z,,m1
82c4415a-6a22-4c4a-9414-d688bf695bf6,AHSP-R0958,Kabel NYFGBY 4 x 70 mm²,,material,active,,2026-07-26T19:44:22.366Z,a0000000-0000-0000-0000-000000000001,2026-07-26T19:44:22.366Z,,m1
c0edbf40-1c79-4d7a-aa23-dd7f8258f294,AHSP-R0959,Kabel NYFGBY 4 x 95 mm²,,material,active,,2026-07-26T19:44:22.411Z,a0000000-0000-0000-0000-000000000001,2026-07-26T19:44:22.411Z,,m1
7c6047cb-0bc6-4ff1-9fd6-b19d2601aee3,AHSP-R0960,Kabel NYFGBY 4 x 120 mm²,,material,active,,2026-07-26T19:44:22.456Z,a0000000-0000-0000-0000-000000000001,2026-07-26T19:44:22.456Z,,m1
a023416d-5aec-41dc-92b6-6d4ce0370017,AHSP-R0961,Kabel NYFGBY 4 x 150 mm²,,material,active,,2026-07-26T19:44:22.501Z,a0000000-0000-0000-0000-000000000001,2026-07-26T19:44:22.501Z,,m1
b9335cea-b060-41f0-977b-8582e895627a,AHSP-R0962,Kabel NYFGBY 4 x 185 mm²,,material,active,,2026-07-26T19:44:22.546Z,a0000000-0000-0000-0000-000000000001,2026-07-26T19:44:22.546Z,,m1
fce71c60-dd92-4bce-b6f0-c64b53e63b52,AHSP-R0963,Kabel NYFGBY 4 x 240 mm²,,material,active,,2026-07-26T19:44:22.591Z,a0000000-0000-0000-0000-000000000001,2026-07-26T19:44:22.591Z,,m1
97623d28-2cb7-438f-a592-4fff06e61987,AHSP-R0964,Kabel NYFGBY 4 x 300 mm²,,material,active,,2026-07-26T19:44:22.636Z,a0000000-0000-0000-0000-000000000001,2026-07-26T19:44:22.636Z,,m1
6576e8fb-c7ce-479b-a6a3-6ea559901a94,AHSP-R0965,"Kabel FRC 3 x 2,5 mm²",,material,active,,2026-07-26T19:44:22.681Z,a0000000-0000-0000-0000-000000000001,2026-07-26T19:44:22.681Z,,m1
cac63059-62f0-4f8a-9ca0-b9c67b6e1cd8,AHSP-R0966,Kabel FRC 4 x 4 mm²,,material,active,,2026-07-26T19:44:22.725Z,a0000000-0000-0000-0000-000000000001,2026-07-26T19:44:22.725Z,,m1
184dc111-a4fe-49f8-9124-a34c64958828,AHSP-R0967,Kabel FRC 4 x 6 mm²,,material,active,,2026-07-26T19:44:22.770Z,a0000000-0000-0000-0000-000000000001,2026-07-26T19:44:22.770Z,,m1
0a057b02-b6c9-4e55-ae33-4579ec7b43e3,AHSP-R0968,Kabel FRC 4 x 150 mm²,,material,active,,2026-07-26T19:44:22.815Z,a0000000-0000-0000-0000-000000000001,2026-07-26T19:44:22.815Z,,m1
5d66d582-51ce-4035-a2a1-4e3b3ecadd2a,AHSP-R0969,Kabel FRC 1 x 150 mm²,,material,active,,2026-07-26T19:44:22.861Z,a0000000-0000-0000-0000-000000000001,2026-07-26T19:44:22.861Z,,m1
c6f03728-84a3-4b3f-8f2d-1c1da66280b8,AHSP-R0970,"Kabel FRC 2 x 1,5 mm2 + PVC Conduit HI 20 mm dan aksesoris",,material,active,,2026-07-26T19:44:22.907Z,a0000000-0000-0000-0000-000000000001,2026-07-26T19:44:22.907Z,,m1
defd3187-cb66-4a45-a86c-8b726007c99a,AHSP-R0971,"Kabel FRC 2 x 2,5 mm2 + PVC Conduit HI 20 mm dan aksesoris",,material,active,,2026-07-26T19:44:22.952Z,a0000000-0000-0000-0000-000000000001,2026-07-26T19:44:22.952Z,,m1
e4dfc5dc-17ee-40ea-8bea-eb5085363dee,AHSP-R0972,FRC 1 x 150 mm² dan aksesoris,,material,active,,2026-07-26T19:44:22.997Z,a0000000-0000-0000-0000-000000000001,2026-07-26T19:44:22.997Z,,m1
d4961b01-2511-4254-8740-5fb27f6034e7,AHSP-R0973,"Kabel BCC 4 mm² (0,04 kg/m)",,material,active,,2026-07-26T19:44:23.042Z,a0000000-0000-0000-0000-000000000001,2026-07-26T19:44:23.042Z,,m1
b5398f96-0685-4411-bfd5-5bfcc51c7d5b,AHSP-R0974,"BCC 6 mm2 (0,06 kg/m) dan aksesoris",,material,active,,2026-07-26T19:44:23.088Z,a0000000-0000-0000-0000-000000000001,2026-07-26T19:44:23.088Z,,m1
653c1b7a-a83f-43cb-9fdc-515e7f4b3098,AHSP-R0975,"Kabel BCC 10 mm² (0,10 kg/m)",,material,active,,2026-07-26T19:44:23.133Z,a0000000-0000-0000-0000-000000000001,2026-07-26T19:44:23.133Z,,m1
f60471c4-668d-4359-84ef-77251087c62c,AHSP-R0976,"Kabel BCC 16 mm² (0,16 kg/m)",,material,active,,2026-07-26T19:44:23.178Z,a0000000-0000-0000-0000-000000000001,2026-07-26T19:44:23.178Z,,m1
f3c334a9-93a9-4d51-986e-0fdf0c0b9e9b,AHSP-R0977,"Kabel BCC 25 mm² (0,25 kg/m)",,material,active,,2026-07-26T19:44:23.223Z,a0000000-0000-0000-0000-000000000001,2026-07-26T19:44:23.223Z,,m1
355c942b-8c4a-420a-9c80-48802d305c7b,AHSP-R0978,"Kabel BCC 35 mm² (0,35 kg/m)",,material,active,,2026-07-26T19:44:23.269Z,a0000000-0000-0000-0000-000000000001,2026-07-26T19:44:23.269Z,,m1
5a04e28b-60f2-4c56-ae79-1d20120e7f49,AHSP-R0979,"Kabel BCC 50 mm² (0,50 kg/m)",,material,active,,2026-07-26T19:44:23.313Z,a0000000-0000-0000-0000-000000000001,2026-07-26T19:44:23.313Z,,m1
2f579ecb-4dd4-40de-a4f5-34027894c3df,AHSP-R0980,"Kabel BCC 70 mm² (0,70 kg/m)",,material,active,,2026-07-26T19:44:23.358Z,a0000000-0000-0000-0000-000000000001,2026-07-26T19:44:23.358Z,,m1
b536b246-b6a2-4f2b-a288-5c32f4e55cf3,AHSP-R0981,"Kabel BCC 95 mm² (0,95 kg/m)",,material,active,,2026-07-26T19:44:23.403Z,a0000000-0000-0000-0000-000000000001,2026-07-26T19:44:23.403Z,,m1
37b37a3e-c9e8-462c-8c1a-5d9828891e71,AHSP-R0982,Kabel STP AWG 18 + PVC Conduit HI 20 mm (dari MCFA ke TB) dan aksesoris,,material,active,,2026-07-26T19:44:23.448Z,a0000000-0000-0000-0000-000000000001,2026-07-26T19:44:23.448Z,,m1
f19809c9-b9b4-4f8a-a64c-8c1cca017f2b,AHSP-R0983,"Kabel ITC 2 x 2 x 0,6 mm2 + PVC Conduit HI 20 mm dan aksesoris",,material,active,,2026-07-26T19:44:23.493Z,a0000000-0000-0000-0000-000000000001,2026-07-26T19:44:23.493Z,,m1
e1826161-1818-4a24-972f-24cb04f9094a,AHSP-R0984,"Kabel ITC 20 x 2 x 0,6 mm + PVC Conduit HI 20 mm dan aksesoris",,material,active,,2026-07-26T19:44:23.538Z,a0000000-0000-0000-0000-000000000001,2026-07-26T19:44:23.538Z,,m1
0f9e11d5-4ebc-4ccf-ba7d-70825f2f2c15,AHSP-R0985,Kabel UTP CAT 6 + PVC Conduit HI 20 mm dan aksesoris,,material,active,,2026-07-26T19:44:23.583Z,a0000000-0000-0000-0000-000000000001,2026-07-26T19:44:23.583Z,,m1
48f0d637-ac3c-45cc-9af1-edc062ae323b,AHSP-R0986,Kabel Coaxial 7C-2V,,material,active,,2026-07-26T19:44:23.628Z,a0000000-0000-0000-0000-000000000001,2026-07-26T19:44:23.628Z,,m1
de468b5b-aca3-458c-9c2b-314df45dc068,AHSP-R0987,Kabel tray 600 x 100 mm,,material,active,,2026-07-26T19:44:23.673Z,a0000000-0000-0000-0000-000000000001,2026-07-26T19:44:23.673Z,,m1
ed4644af-f39c-410e-b133-2d0a1f21e39a,AHSP-R0988,Kabel tray 500 x 100 mm,,material,active,,2026-07-26T19:44:23.719Z,a0000000-0000-0000-0000-000000000001,2026-07-26T19:44:23.719Z,,m1
c1e82469-e0f4-4f32-bcc6-6d073044bab3,AHSP-R0989,Kabel tray 400 x 100 mm,,material,active,,2026-07-26T19:44:23.764Z,a0000000-0000-0000-0000-000000000001,2026-07-26T19:44:23.764Z,,m1
327a2757-0529-4b22-9d97-3ee0ec83863b,AHSP-R0990,Kabel tray 300 x 100 mm,,material,active,,2026-07-26T19:44:23.809Z,a0000000-0000-0000-0000-000000000001,2026-07-26T19:44:23.809Z,,m1
d93962e7-6833-4053-98e7-d9a9d95b2eee,AHSP-R0991,Kabel tray 200 x 100 mm,,material,active,,2026-07-26T19:44:23.855Z,a0000000-0000-0000-0000-000000000001,2026-07-26T19:44:23.855Z,,m1
a9a82d2e-71ca-4789-8a1a-a7fe0944e30f,AHSP-R0992,Kabel Ladder 500 x100 mm,,material,active,,2026-07-26T19:44:23.899Z,a0000000-0000-0000-0000-000000000001,2026-07-26T19:44:23.899Z,,m1
6145a987-90f0-48e8-923c-328a5c811e73,AHSP-R0993,Kabel Ladder 600 x100 mm,,material,active,,2026-07-26T19:44:23.945Z,a0000000-0000-0000-0000-000000000001,2026-07-26T19:44:23.945Z,,m1
e952a78b-58a2-4884-b4a2-212e5f0da1fd,AHSP-R0994,Kabel Ladder 800 x100 mm,,material,active,,2026-07-26T19:44:23.991Z,a0000000-0000-0000-0000-000000000001,2026-07-26T19:44:23.991Z,,m1
e5a795d3-6f64-490a-945a-9aba2de3b46a,AHSP-R0995,"Baja ringan C75 x 1,00 mm (m)",,material,active,,2026-07-26T19:44:24.036Z,a0000000-0000-0000-0000-000000000001,2026-07-26T19:44:24.036Z,,m1
573c5da5-2c35-42da-9fae-71c414c709c8,AHSP-R0996,"Hanger tray panjang 2,5 m",,material,active,,2026-07-26T19:44:24.081Z,a0000000-0000-0000-0000-000000000001,2026-07-26T19:44:24.081Z,,buah
6b9ccc2d-2f2d-46a6-92a5-9055944ca6a4,AHSP-R0997,Mur baut kabel tray,,material,active,,2026-07-26T19:44:24.126Z,a0000000-0000-0000-0000-000000000001,2026-07-26T19:44:24.126Z,,buah
6059b3ae-8108-4b71-9038-645b9175ecfe,AHSP-R0998,Klem kabel tray,,material,active,,2026-07-26T19:44:24.171Z,a0000000-0000-0000-0000-000000000001,2026-07-26T19:44:24.171Z,,buah
861778d7-61c0-4836-bba3-e21ca2748d86,AHSP-R0999,Kabel Tray (Horizontal) 1000 x 100 mm TRU Powder Coating dan aksesoris,,material,active,,2026-07-26T19:44:24.217Z,a0000000-0000-0000-0000-000000000001,2026-07-26T19:44:24.217Z,,m1
191b7680-6edb-4646-9caf-c7fdb146bcd7,AHSP-R1000,Kabel Tray (Horizontal) 1000 x 100 mm TRU Hot Dip Galvanized dan aksesoris,,material,active,,2026-07-26T19:44:24.262Z,a0000000-0000-0000-0000-000000000001,2026-07-26T19:44:24.262Z,,m1
ca0265e5-8230-4a31-a7e0-892a63f5b49e,AHSP-R1001,Kabel Tray (Horizontal) 1000 x 100 mm TRU OCP dan aksesoris,,material,active,,2026-07-26T19:44:24.307Z,a0000000-0000-0000-0000-000000000001,2026-07-26T19:44:24.307Z,,m1
e34bd75f-b799-41ac-95ce-8bbfc60aaeea,AHSP-R1002,Kabel Tray (Horizontal) 1000 x 100 mm TRC Powder Coating dan aksesoris,,material,active,,2026-07-26T19:44:24.352Z,a0000000-0000-0000-0000-000000000001,2026-07-26T19:44:24.352Z,,m1
39162a75-65cc-4b88-9dd0-56c429ee3625,AHSP-R1003,Kabel Tray (Horizontal) 1000 x 100 mm TRC Hot Dip Galvanized dan aksesoris,,material,active,,2026-07-26T19:44:24.397Z,a0000000-0000-0000-0000-000000000001,2026-07-26T19:44:24.397Z,,m1
dbf11e69-8a20-4208-9bb3-8dc275431d2b,AHSP-R1004,Kabel Tray (Horizontal) 1000 x 100 mm TRC OCP dan aksesoris,,material,active,,2026-07-26T19:44:24.442Z,a0000000-0000-0000-0000-000000000001,2026-07-26T19:44:24.442Z,,m1
b0031614-45ba-4f58-b02c-e3952adeccd4,AHSP-R1005,Kabel Tray (Horizontal) 900 x 100 mm TRU Powder Coating dan aksesoris,,material,active,,2026-07-26T19:44:24.487Z,a0000000-0000-0000-0000-000000000001,2026-07-26T19:44:24.487Z,,m1
6b996549-9a4e-4447-944e-e50efb6c1c47,AHSP-R1006,"Kabel Tray
(Horizontal) 900 x
100 mm TRU Hot Dip
Galvanized dan
aksesoris",,material,active,,2026-07-26T19:44:24.531Z,a0000000-0000-0000-0000-000000000001,2026-07-26T19:44:24.531Z,,m1
4a51e91e-d443-49ee-a0e0-1e3c146585cb,AHSP-R1007,"Kabel Tray
(Horizontal) 900 x
100 mm TRU OCP
dan aksesoris",,material,active,,2026-07-26T19:44:24.576Z,a0000000-0000-0000-0000-000000000001,2026-07-26T19:44:24.576Z,,m1
db889997-7b65-4ec9-9ee4-5c7403d2fafb,AHSP-R1008,Kabel Tray (Horizontal) 900 x 100 mm TRC Powder Coating dan aksesoris,,material,active,,2026-07-26T19:44:24.621Z,a0000000-0000-0000-0000-000000000001,2026-07-26T19:44:24.621Z,,m1
6457b03c-08de-4665-9f5f-3782d117328a,AHSP-R1009,Kabel Tray (Horizontal) 900 x 100 mm TRC Hot Dip Galvanized dan aksesoris,,material,active,,2026-07-26T19:44:24.666Z,a0000000-0000-0000-0000-000000000001,2026-07-26T19:44:24.666Z,,m1
83890672-060f-4c2b-af5a-b0e17e7b1b43,AHSP-R1010,"Kabel Tray
(Horizontal) 900 x
100 mm TRC OCP
dan aksesoris",,material,active,,2026-07-26T19:44:24.711Z,a0000000-0000-0000-0000-000000000001,2026-07-26T19:44:24.711Z,,m1
85807780-6616-4168-83b3-7623dee600d3,AHSP-R1011,"Kabel Tray
(Horizontal) 800 x
100 mm TRU Powder
Coating dan aksesoris",,material,active,,2026-07-26T19:44:24.756Z,a0000000-0000-0000-0000-000000000001,2026-07-26T19:44:24.756Z,,m1
3c78bc1a-15c9-4285-8a07-1909c6f43841,AHSP-R1012,"Kabel Tray
(Horizontal) 800 x
100 mm TRU Hot Dip
Galvanized dan
aksesoris",,material,active,,2026-07-26T19:44:24.801Z,a0000000-0000-0000-0000-000000000001,2026-07-26T19:44:24.801Z,,m1
b001ccc9-fab7-42bc-9203-d2f203a81bee,AHSP-R1013,"Kabel Tray
(Horizontal) 800 x
100 mm TRU OCP
dan aksesoris",,material,active,,2026-07-26T19:44:24.846Z,a0000000-0000-0000-0000-000000000001,2026-07-26T19:44:24.846Z,,m1
2b538c44-0fba-4aa1-919f-7aa01ba3d0b5,AHSP-R1014,"Kabel Tray
(Horizontal) 800 x
100 mm TRC Powder
Coating dan aksesoris",,material,active,,2026-07-26T19:44:24.891Z,a0000000-0000-0000-0000-000000000001,2026-07-26T19:44:24.891Z,,m1
c0678572-4b15-4dea-a7e5-2450a8280c9f,AHSP-R1015,"Kabel Tray
(Horizontal) 800 x
100 mm TRC Hot Dip
Galvanized dan
aksesoris",,material,active,,2026-07-26T19:44:24.936Z,a0000000-0000-0000-0000-000000000001,2026-07-26T19:44:24.936Z,,m1
c4dcdfec-8700-4d4e-b5e4-b071d1a9b56e,AHSP-R1016,Kabel Tray (Horizontal) 800 x 100 mm TRC OCP dan aksesoris,,material,active,,2026-07-26T19:44:24.982Z,a0000000-0000-0000-0000-000000000001,2026-07-26T19:44:24.982Z,,m1
f9451b4e-679d-4d2c-9e42-ff29a8f60b73,AHSP-R1017,Kabel Tray (Horizontal) 700 x 100 mm TRU Powder Coating dan aksesoris,,material,active,,2026-07-26T19:44:25.027Z,a0000000-0000-0000-0000-000000000001,2026-07-26T19:44:25.027Z,,m1
08df6e30-75fa-418f-830c-7e6b638d9011,AHSP-R1018,Kabel Tray (Horizontal) 700 x 100 mm TRU Hot Dip Galvanized dan aksesoris,,material,active,,2026-07-26T19:44:25.072Z,a0000000-0000-0000-0000-000000000001,2026-07-26T19:44:25.072Z,,m1
3b23c927-6b8e-4fdc-811c-dcfb4c372d09,AHSP-R1019,Kabel Tray (Horizontal) 700 x 100 mm TRU OCP dan aksesoris,,material,active,,2026-07-26T19:44:25.117Z,a0000000-0000-0000-0000-000000000001,2026-07-26T19:44:25.117Z,,m1
da12a1ee-bf29-478d-833c-3b29356761bc,AHSP-R1020,Kabel Tray (Horizontal) 700 x 100 mm TRC Powder Coating dan aksesoris,,material,active,,2026-07-26T19:44:25.162Z,a0000000-0000-0000-0000-000000000001,2026-07-26T19:44:25.162Z,,m1
6abe0f9d-6823-4282-8d58-8567da9ff252,AHSP-R1021,Kabel Tray (Horizontal) 700 x 100 mm TRC Hot Dip Galvanized dan aksesoris,,material,active,,2026-07-26T19:44:25.207Z,a0000000-0000-0000-0000-000000000001,2026-07-26T19:44:25.207Z,,m1
55a55767-d0db-4b4a-a4b7-5857e5a8d113,AHSP-R1022,Kabel Tray (Horizontal) 700 x 100 mm TRC,,material,active,,2026-07-26T19:44:25.253Z,a0000000-0000-0000-0000-000000000001,2026-07-26T19:44:25.253Z,,m1
fc4d92f5-20f9-4ad2-a68a-5b87c35b1cd1,AHSP-R1023,Kabel Tray 600 x 100 mm Hotdip Galvanized,,material,active,,2026-07-26T19:44:25.298Z,a0000000-0000-0000-0000-000000000001,2026-07-26T19:44:25.298Z,,m1
bbfc1c1c-62ba-498e-b0d1-e91c27d4dac0,AHSP-R1024,Kabel Tray 600 x100 mm Elektro Galvanized,,material,active,,2026-07-26T19:44:25.342Z,a0000000-0000-0000-0000-000000000001,2026-07-26T19:44:25.342Z,,m1
9f43ab57-95de-4345-96cc-0c75a760c3a1,AHSP-R1025,Kabel Tray 600 x 100 mm Powder Coating,,material,active,,2026-07-26T19:44:25.388Z,a0000000-0000-0000-0000-000000000001,2026-07-26T19:44:25.388Z,,m1
5ee84bfd-0f8d-49c5-8bf0-5c43b67ffa23,AHSP-R1026,(Horizontal) 600 x 100 mm TRC Hot Dip Galvanized dan aksesoris,,material,active,,2026-07-26T19:44:25.433Z,a0000000-0000-0000-0000-000000000001,2026-07-26T19:44:25.433Z,,m1
b858cf02-4f07-4d9a-a368-060bcf16783b,AHSP-R1027,Pemasangan 1 Unit Kabel Tray (Horizontal) 600 x 100 mm TRC OCP,,material,active,,2026-07-26T19:44:25.479Z,a0000000-0000-0000-0000-000000000001,2026-07-26T19:44:25.479Z,,m1
f9ba5fe6-1b80-472c-a898-93ac86874d28,AHSP-R1028,Kabel Tray (Horizontal) 500 x 100 mm TRU Hot Dip Galvanized dan aksesoris,,material,active,,2026-07-26T19:44:25.524Z,a0000000-0000-0000-0000-000000000001,2026-07-26T19:44:25.524Z,,m1
ce275dfc-369c-4ab1-923b-418f5b7ff922,AHSP-R1029,Kabel Tray (Horizontal) 500 x 100 mm TRU OCP dan aksesoris,,material,active,,2026-07-26T19:44:25.569Z,a0000000-0000-0000-0000-000000000001,2026-07-26T19:44:25.569Z,,m1
7c470b53-b205-465b-a63c-4662e17ecc4e,AHSP-R1030,Kabel Tray (Horizontal) 500 x 100 mm TRC Powder Coating dan aksesoris,,material,active,,2026-07-26T19:44:25.614Z,a0000000-0000-0000-0000-000000000001,2026-07-26T19:44:25.614Z,,m1
96e8343a-8283-48b4-8713-6f980019e85a,AHSP-R1031,Kabel Tray (Horizontal) 500 x 100 mm TRC Hot Dip Galvanized dan aksesoris,,material,active,,2026-07-26T19:44:25.659Z,a0000000-0000-0000-0000-000000000001,2026-07-26T19:44:25.659Z,,m1
74b59eea-ab09-49e7-9628-3d738cc1a394,AHSP-R1032,Kabel Tray (Horizontal) 500 x 100 mm TRC OCP dan aksesoris,,material,active,,2026-07-26T19:44:25.704Z,a0000000-0000-0000-0000-000000000001,2026-07-26T19:44:25.704Z,,m1
5bfbf361-9ee4-4f87-aeff-2052fb890859,AHSP-R1033,Kabel Tray (Horizontal) 400 x 100 mm TRU Hot Dip Galvanized dan aksesoris,,material,active,,2026-07-26T19:44:25.749Z,a0000000-0000-0000-0000-000000000001,2026-07-26T19:44:25.749Z,,unit
76666a8c-a4fc-405f-9793-5579aba27b35,AHSP-R1034,Kabel Tray (Horizontal) 400 x 100 mm TRC Powder Coating dan aksesoris,,material,active,,2026-07-26T19:44:25.794Z,a0000000-0000-0000-0000-000000000001,2026-07-26T19:44:25.794Z,,unit
d582b927-0eba-4e1b-aa8f-554866baf2d5,AHSP-R1035,Kabel Tray (Horizontal) 400 x 100 mm TRC Hot Dip Galvanized dan aksesoris,,material,active,,2026-07-26T19:44:25.839Z,a0000000-0000-0000-0000-000000000001,2026-07-26T19:44:25.839Z,,unit
90b81627-2812-41ae-b3e2-c2abadcc0ff6,AHSP-R1036,Kabel Tray (Horizontal) 400 x 100 mm TRC OCP dan aksesoris,,material,active,,2026-07-26T19:44:25.885Z,a0000000-0000-0000-0000-000000000001,2026-07-26T19:44:25.885Z,,unit
228f166f-99d4-4868-b337-bcebb432c059,AHSP-R1037,Kabel Tray (Horizontal) 300 x 100 mm TRU Hot Dip Galvanized dan aksesoris,,material,active,,2026-07-26T19:44:25.930Z,a0000000-0000-0000-0000-000000000001,2026-07-26T19:44:25.930Z,,unit
688b1a62-a2f7-447d-b104-47c35c661dc0,AHSP-R1038,Kabel Tray (Horizontal) 300 x 100 mm TRU OCP dan aksesoris,,material,active,,2026-07-26T19:44:25.975Z,a0000000-0000-0000-0000-000000000001,2026-07-26T19:44:25.975Z,,unit
fa28cb1a-f884-4e55-84d0-132c66efbd98,AHSP-R1039,Kabel Tray (Horizontal) 300 x 100 mm TRC Powder Coating dan aksesoris,,material,active,,2026-07-26T19:44:26.021Z,a0000000-0000-0000-0000-000000000001,2026-07-26T19:44:26.021Z,,unit
bb977122-fcd8-483f-9494-5b1bab6322ff,AHSP-R1040,Kabel Tray (Horizontal) 300 x 100 mm TRC Hot Dip Galvanized dan aksesoris,,material,active,,2026-07-26T19:44:26.067Z,a0000000-0000-0000-0000-000000000001,2026-07-26T19:44:26.067Z,,unit
708ff2dc-5cc9-4e91-a3fb-2bcc607f5e25,AHSP-R1041,Kabel Tray (Horizontal) 300 x 100 mm TRC OCP dan aksesoris,,material,active,,2026-07-26T19:44:26.112Z,a0000000-0000-0000-0000-000000000001,2026-07-26T19:44:26.112Z,,unit
20b87f1d-5526-49b2-bdf5-b38daecf5d65,AHSP-R1042,Kabel Tray (Horizontal) 200 x 100 mm TRU Hot Dip Galvanized dan aksesoris,,material,active,,2026-07-26T19:44:26.158Z,a0000000-0000-0000-0000-000000000001,2026-07-26T19:44:26.158Z,,unit
ca89f6c1-f6d8-4d6d-adce-162de07d153d,AHSP-R1043,Kabel Tray (Horizontal) 200 x 100 mm TRU OCP dan aksesoris,,material,active,,2026-07-26T19:44:26.204Z,a0000000-0000-0000-0000-000000000001,2026-07-26T19:44:26.204Z,,unit
fb4d3e4f-fce6-49c4-872a-25110a2240a1,AHSP-R1044,Kabel Tray (Horizontal) 200 x 100 mm TRC Powder Coating dan aksesoris,,material,active,,2026-07-26T19:44:26.249Z,a0000000-0000-0000-0000-000000000001,2026-07-26T19:44:26.249Z,,unit
5b8d217b-f03e-4c93-ad0d-a9777eb92a29,AHSP-R1045,Kabel Tray (Horizontal) 200 x 100 mm TRC Hot Dip Galvanized dan aksesoris,,material,active,,2026-07-26T19:44:26.294Z,a0000000-0000-0000-0000-000000000001,2026-07-26T19:44:26.294Z,,unit
591baf25-4451-43bc-b9cb-b7741e31f5f2,AHSP-R1046,Kabel Tray (Horizontal) 200 x 100 mm TRC OCP dan aksesoris,,material,active,,2026-07-26T19:44:26.338Z,a0000000-0000-0000-0000-000000000001,2026-07-26T19:44:26.338Z,,unit
18e45f3f-9d60-4e17-92bd-93e7d4427144,AHSP-R1047,Kabel Tray (Horizontal) 150 x 100 mm TRU Powder Coating dan aksesoris,,material,active,,2026-07-26T19:44:26.383Z,a0000000-0000-0000-0000-000000000001,2026-07-26T19:44:26.383Z,,unit
0b56cc20-4311-4417-b688-782d8d331162,AHSP-R1048,Kabel Tray (Horizontal) 150 x 100 mm TRU Hot Dip Galvanized dan aksesoris,,material,active,,2026-07-26T19:44:26.428Z,a0000000-0000-0000-0000-000000000001,2026-07-26T19:44:26.428Z,,unit
4bfe5179-f1c3-4ba6-8323-b1517f090802,AHSP-R1049,Kabel Tray (Horizontal) 150 x 100 mm TRU OCP dan aksesoris,,material,active,,2026-07-26T19:44:26.473Z,a0000000-0000-0000-0000-000000000001,2026-07-26T19:44:26.473Z,,unit
0ae3909e-b979-4f88-adde-a74c377aa08e,AHSP-R1050,Kabel Tray (Horizontal) 150 x 100 mm TRC Powder Coating dan aksesoris,,material,active,,2026-07-26T19:44:26.519Z,a0000000-0000-0000-0000-000000000001,2026-07-26T19:44:26.519Z,,unit
69d5dc0a-7fd3-48a2-ab67-6f35ebc3a9f6,AHSP-R1051,Kabel Tray (Horizontal) 150 x 100 mm TRC Hot Dip Galvanized dan aksesoris,,material,active,,2026-07-26T19:44:26.565Z,a0000000-0000-0000-0000-000000000001,2026-07-26T19:44:26.565Z,,unit
d533f073-2987-414d-8695-27413ca3b243,AHSP-R1052,Kabel Tray (Vertikal) 1000 x 100 mm TRU Powder Coating dan aksesoris,,material,active,,2026-07-26T19:44:26.610Z,a0000000-0000-0000-0000-000000000001,2026-07-26T19:44:26.610Z,,unit
9f6a8a2c-1c1c-4c4a-a5be-78e0abdd68ce,AHSP-R1053,Kabel Tray (Vertikal) 1000 x 100 mm TRU Hot Dip Galvanized dan aksesoris,,material,active,,2026-07-26T19:44:26.655Z,a0000000-0000-0000-0000-000000000001,2026-07-26T19:44:26.655Z,,unit
7c88ef21-c5a6-40fd-9797-50e6d2082547,AHSP-R1054,Kabel Tray (Vertikal) 1000 x 100 mm TRU OCP dan aksesoris,,material,active,,2026-07-26T19:44:26.700Z,a0000000-0000-0000-0000-000000000001,2026-07-26T19:44:26.700Z,,unit
ac60d42d-f92a-4942-b49a-76ccbf03a89f,AHSP-R1055,Kabel Tray (Vertikal) 1000 x 100 mm TRC Powder Coating dan aksesoris,,material,active,,2026-07-26T19:44:26.745Z,a0000000-0000-0000-0000-000000000001,2026-07-26T19:44:26.745Z,,unit
b05c287c-d77d-40ff-b58e-2099c936338b,AHSP-R1056,Kabel Tray (Vertikal) 1000 x 100 mm TRC Hot Dip Galvanized dan aksesoris,,material,active,,2026-07-26T19:44:26.790Z,a0000000-0000-0000-0000-000000000001,2026-07-26T19:44:26.790Z,,unit
33e54a10-fc2b-4815-8ff5-f11b4308494a,AHSP-R1057,Kabel Tray (Vertikal) 1000 x 100 mm TRC OCP dan aksesoris,,material,active,,2026-07-26T19:44:26.835Z,a0000000-0000-0000-0000-000000000001,2026-07-26T19:44:26.835Z,,unit
ff57672d-c819-499b-9d57-b4cbdc055c60,AHSP-R1058,Kabel Tray (Vertikal) 900 x 100 mm TRU Powder Coating dan aksesoris,,material,active,,2026-07-26T19:44:26.880Z,a0000000-0000-0000-0000-000000000001,2026-07-26T19:44:26.880Z,,unit
47a89b47-74c7-4bb8-905f-8247f1f1fa9c,AHSP-R1059,Kabel Tray (Vertikal) 900 x 100 mm TRU Hot Dip Galvanized dan aksesoris,,material,active,,2026-07-26T19:44:26.925Z,a0000000-0000-0000-0000-000000000001,2026-07-26T19:44:26.925Z,,unit
3fd64919-420c-4408-850f-03927d1e7c75,AHSP-R1060,Kabel Tray (Vertikal) 900 x 100 mm TRU OCP dan aksesoris,,material,active,,2026-07-26T19:44:26.970Z,a0000000-0000-0000-0000-000000000001,2026-07-26T19:44:26.970Z,,unit
73d18cad-7ee5-41a1-be8e-4f7d19f88627,AHSP-R1061,Kabel Tray (Vertikal) 900 x 100 mm TRC Powder Coating dan aksesoris,,material,active,,2026-07-26T19:44:27.015Z,a0000000-0000-0000-0000-000000000001,2026-07-26T19:44:27.015Z,,unit
2e07a33e-6052-4b83-90aa-5193c9bc0d09,AHSP-R1062,Kabel Tray (Vertikal) 900 x 100 mm TRC Hot Dip Galvanized dan aksesoris,,material,active,,2026-07-26T19:44:27.060Z,a0000000-0000-0000-0000-000000000001,2026-07-26T19:44:27.060Z,,unit
869ea530-0359-4cb4-be69-f86664c15ca0,AHSP-R1063,Kabel Tray (Vertikal) 900 x 100 mm TRC OCP dan aksesoris,,material,active,,2026-07-26T19:44:27.106Z,a0000000-0000-0000-0000-000000000001,2026-07-26T19:44:27.106Z,,unit
9b5de661-cb15-499b-9283-a7bcf22d8444,AHSP-R1064,Kabel Tray (Vertikal) 800 x 100 mm TRU Powder Coating dan aksesoris,,material,active,,2026-07-26T19:44:27.151Z,a0000000-0000-0000-0000-000000000001,2026-07-26T19:44:27.151Z,,unit
09d6a54e-3cad-441d-a1df-95b233bed562,AHSP-R1065,Kabel Tray (Vertikal) 800 x 100 mm TRU Hot Dip Galvanized dan aksesoris,,material,active,,2026-07-26T19:44:27.197Z,a0000000-0000-0000-0000-000000000001,2026-07-26T19:44:27.197Z,,unit
f12fc973-b89f-4869-aedf-498ba1ff4e1b,AHSP-R1066,Kabel Tray (Vertikal) 800 x 100 mm TRU OCP dan aksesoris,,material,active,,2026-07-26T19:44:27.242Z,a0000000-0000-0000-0000-000000000001,2026-07-26T19:44:27.242Z,,unit
2f2f6c53-614d-4568-8c84-c81bc50eb26f,AHSP-R1067,Kabel Tray (Vertikal) 800 x 100 mm TRC Powder Coating dan aksesoris,,material,active,,2026-07-26T19:44:27.287Z,a0000000-0000-0000-0000-000000000001,2026-07-26T19:44:27.287Z,,unit
b43ebb62-f986-42ad-a37b-40031d395592,AHSP-R1068,Kabel Tray (Vertikal) 800 x 100 mm TRC Hot Dip Galvanized dan aksesoris,,material,active,,2026-07-26T19:44:27.333Z,a0000000-0000-0000-0000-000000000001,2026-07-26T19:44:27.333Z,,unit
8d074cf6-9892-4996-954a-e1ba6177ff7e,AHSP-R1069,Kabel Tray (Vertikal) 800 x 100 mm TRC OCP dan aksesoris,,material,active,,2026-07-26T19:44:27.379Z,a0000000-0000-0000-0000-000000000001,2026-07-26T19:44:27.379Z,,unit
5e36aafd-282f-40a2-818f-6361e1982b30,AHSP-R1070,Kabel Tray (Vertikal) 700 x 100 mm TRU Powder Coating dan aksesoris,,material,active,,2026-07-26T19:44:27.424Z,a0000000-0000-0000-0000-000000000001,2026-07-26T19:44:27.424Z,,unit
48db7359-f229-4fa5-bc24-74fb1946067f,AHSP-R1071,Kabel Tray (Vertikal) 700 x 100 mm TRU Hot Dip Galvanized dan aksesoris,,material,active,,2026-07-26T19:44:27.469Z,a0000000-0000-0000-0000-000000000001,2026-07-26T19:44:27.469Z,,unit
cf73a627-0b80-4055-8bf3-5760dc849a4f,AHSP-R1072,Kabel Tray (Vertikal) 700 x 100 mm TRU OCP dan aksesoris,,material,active,,2026-07-26T19:44:27.516Z,a0000000-0000-0000-0000-000000000001,2026-07-26T19:44:27.516Z,,unit
fe66c386-10d1-4166-a6ec-a5305f8889fc,AHSP-R1073,Kabel Tray (Vertikal) 700 x 100 mm TRC Powder Coating dan aksesoris,,material,active,,2026-07-26T19:44:27.561Z,a0000000-0000-0000-0000-000000000001,2026-07-26T19:44:27.561Z,,unit
ecce1353-335f-45e6-806b-21f90b9e8a06,AHSP-R1074,Kabel Tray (Vertikal) 700 x 100 mm TRC Hot Dip Galvanized dan aksesoris,,material,active,,2026-07-26T19:44:27.606Z,a0000000-0000-0000-0000-000000000001,2026-07-26T19:44:27.606Z,,unit
59b1bf27-3ebb-4096-b71f-72489c77a7f4,AHSP-R1075,Kabel Tray (Vertikal) 700 x 100 mm TRC OCP dan aksesoris,,material,active,,2026-07-26T19:44:27.651Z,a0000000-0000-0000-0000-000000000001,2026-07-26T19:44:27.651Z,,unit
bcc0c54c-b111-47fa-b329-c349039942ea,AHSP-R1076,Kabel Tray (Vertikal) 600 x 100 mm TRU Hot Dip Galvanized dan aksesoris,,material,active,,2026-07-26T19:44:27.696Z,a0000000-0000-0000-0000-000000000001,2026-07-26T19:44:27.696Z,,unit
1828ef94-733c-4f44-9fc5-b491c378a61b,AHSP-R1077,Kabel Tray (Vertikal) 600 x 100 mm TRU OCP dan aksesoris,,material,active,,2026-07-26T19:44:27.741Z,a0000000-0000-0000-0000-000000000001,2026-07-26T19:44:27.741Z,,unit
b42dac77-2b9e-41ed-8317-0082217df009,AHSP-R1078,"Kabel Tray (Vertikal)
600 x 100 mm TRC
Powder Coating dan
aksesoris",,material,active,,2026-07-26T19:44:27.786Z,a0000000-0000-0000-0000-000000000001,2026-07-26T19:44:27.786Z,,unit
e90a5a8f-7206-453f-ac75-c65fb851696f,AHSP-R1079,"Kabel Tray (Vertikal)
600 x 100 mm TRC
Hot Dip Galvanized
dan aksesoris",,material,active,,2026-07-26T19:44:27.831Z,a0000000-0000-0000-0000-000000000001,2026-07-26T19:44:27.831Z,,unit
a8b3d0df-55eb-4a90-9cb7-c55928e8bbdf,AHSP-R1080,"Kabel Tray (Vertikal)
600 x 100 mm TRC
OCP dan aksesoris",,material,active,,2026-07-26T19:44:27.876Z,a0000000-0000-0000-0000-000000000001,2026-07-26T19:44:27.876Z,,unit
fc086a83-c180-4f77-8c9b-dd2c3c1fb742,AHSP-R1081,"Kabel Tray (Vertikal)
500 x 100 mm TRU
Hot Dip Galvanized
dan aksesoris",,material,active,,2026-07-26T19:44:27.921Z,a0000000-0000-0000-0000-000000000001,2026-07-26T19:44:27.921Z,,unit
a1d1e88f-23b2-4dee-93cb-070284e9be5a,AHSP-R1082,"Kabel Tray (Vertikal)
500 x 100 mm TRU
OCP dan aksesoris",,material,active,,2026-07-26T19:44:27.966Z,a0000000-0000-0000-0000-000000000001,2026-07-26T19:44:27.966Z,,unit
f5ccb5db-ea0c-4c2f-85ac-1f4a7ff2d438,AHSP-R1083,"Kabel Tray (Vertikal)
500 x 100 mm TRC
Powder Coating dan
aksesoris",,material,active,,2026-07-26T19:44:28.011Z,a0000000-0000-0000-0000-000000000001,2026-07-26T19:44:28.011Z,,unit
fcf41881-b2ea-4ed5-a5a2-1356e5c5cded,AHSP-R1084,"Kabel Tray (Vertikal)
500 x 100 mm TRC
Hot Dip Galvanized
dan aksesoris",,material,active,,2026-07-26T19:44:28.057Z,a0000000-0000-0000-0000-000000000001,2026-07-26T19:44:28.057Z,,unit
3382ea8c-865e-472c-9a10-d8503fdc468c,AHSP-R1085,"Kabel Tray (Vertikal)
500 x 100 mm TRC
OCP dan aksesoris",,material,active,,2026-07-26T19:44:28.102Z,a0000000-0000-0000-0000-000000000001,2026-07-26T19:44:28.102Z,,unit
f11a5975-8fb0-4f38-acbd-9f41808d38fe,AHSP-R1086,"Kabel Tray (Vertikal)
400 x 100 mm TRU
Hot Dip Galvanized
dan aksesoris",,material,active,,2026-07-26T19:44:28.148Z,a0000000-0000-0000-0000-000000000001,2026-07-26T19:44:28.148Z,,unit
ac1a8b66-e1f8-460b-8c55-62f89d3c49bc,AHSP-R1087,"Kabel Tray (Vertikal)
400 x 100 mm TRU
OCP dan aksesoris",,material,active,,2026-07-26T19:44:28.193Z,a0000000-0000-0000-0000-000000000001,2026-07-26T19:44:28.193Z,,unit
979fbe25-2f97-4fdf-8d56-9aaaca0f4e7d,AHSP-R1088,"Kabel Tray (Vertikal)
400 x 100 mm TRC
Powder Coating dan
aksesoris",,material,active,,2026-07-26T19:44:28.238Z,a0000000-0000-0000-0000-000000000001,2026-07-26T19:44:28.238Z,,unit
b3ddf223-57af-4b70-beef-1ec47e5b8846,AHSP-R1089,"Kabel Tray (Vertikal)
400 x 100 mm TRC
Hot Dip Galvanized
dan aksesoris",,material,active,,2026-07-26T19:44:28.283Z,a0000000-0000-0000-0000-000000000001,2026-07-26T19:44:28.283Z,,unit
d8c39b05-8315-4277-9b2f-8e33128b805c,AHSP-R1090,"Kabel Tray (Vertikal)
400 x 100 mm TRC
OCP dan aksesoris",,material,active,,2026-07-26T19:44:28.329Z,a0000000-0000-0000-0000-000000000001,2026-07-26T19:44:28.329Z,,unit
e44a633d-7265-4c8b-a98d-1b5209fb15c1,AHSP-R1091,"Kabel Tray (Vertikal)
300 x 100 mm TRU
Hot Dip Galvanized
dan aksesoris",,material,active,,2026-07-26T19:44:28.373Z,a0000000-0000-0000-0000-000000000001,2026-07-26T19:44:28.373Z,,unit
0ebedde6-2ea5-4588-bb06-6bc21e19d9a0,AHSP-R1092,"Kabel Tray (Vertikal)
300 x 100 mm TRU
OCP dan aksesoris",,material,active,,2026-07-26T19:44:28.418Z,a0000000-0000-0000-0000-000000000001,2026-07-26T19:44:28.418Z,,unit
da32621e-b5ab-4e0e-9e6e-798c6fe0c219,AHSP-R1093,"Kabel Tray (Vertikal)
300 x 100 mm TRC
Powder Coating dan
aksesoris",,material,active,,2026-07-26T19:44:28.464Z,a0000000-0000-0000-0000-000000000001,2026-07-26T19:44:28.464Z,,unit
5804b5ad-cc63-4388-88ba-6ded49c9bce5,AHSP-R1094,"Kabel Tray (Vertikal)
300 x 100 mm TRC
Hot Dip Galvanized
dan aksesoris",,material,active,,2026-07-26T19:44:28.509Z,a0000000-0000-0000-0000-000000000001,2026-07-26T19:44:28.509Z,,unit
c314be3d-968e-47b8-bf56-7744ab907f71,AHSP-R1095,"Kabel Tray (Vertikal)
300 x 100 mm TRC
OCP dan aksesoris",,material,active,,2026-07-26T19:44:28.554Z,a0000000-0000-0000-0000-000000000001,2026-07-26T19:44:28.554Z,,unit
09fab083-68e8-4fc7-b519-8cae64494d05,AHSP-R1096,"Kabel Tray (Vertikal)
200 x 100 mm TRU
Hot Dip Galvanized
dan aksesoris",,material,active,,2026-07-26T19:44:28.599Z,a0000000-0000-0000-0000-000000000001,2026-07-26T19:44:28.599Z,,unit
968b2c16-e1ef-4dc0-8f6b-bd7ac8df5715,AHSP-R1097,"Kabel Tray (Vertikal)
200 x 100 mm TRU
OCP dan aksesoris",,material,active,,2026-07-26T19:44:28.644Z,a0000000-0000-0000-0000-000000000001,2026-07-26T19:44:28.644Z,,unit
03777020-6c73-46ac-a7cb-d10375a10fd3,AHSP-R1098,"Kabel Tray (Vertikal)
200 x 100 mm TRC
Powder Coating dan
aksesoris",,material,active,,2026-07-26T19:44:28.689Z,a0000000-0000-0000-0000-000000000001,2026-07-26T19:44:28.689Z,,unit
6de1bf47-7ea9-428e-a00e-d6e0caaf8e86,AHSP-R1099,"Kabel Tray (Vertikal)
200 x 100 mm TRC
Hot Dip Galvanized
dan aksesoris",,material,active,,2026-07-26T19:44:28.734Z,a0000000-0000-0000-0000-000000000001,2026-07-26T19:44:28.734Z,,unit
2332accc-6462-4968-b585-796c02d7763a,AHSP-R1100,"Kabel Tray (Vertikal)
200 x 100 mm TRC
OCP dan aksesoris",,material,active,,2026-07-26T19:44:28.780Z,a0000000-0000-0000-0000-000000000001,2026-07-26T19:44:28.780Z,,unit
5514dbd8-ac4e-449b-8171-3f73c93a29de,AHSP-R1101,"Kabel Tray (Vertikal)
150 x 100 mm TRU
Powder Coating dan
aksesoris",,material,active,,2026-07-26T19:44:28.825Z,a0000000-0000-0000-0000-000000000001,2026-07-26T19:44:28.825Z,,unit
34229868-7a60-4d92-b595-fae280379f25,AHSP-R1102,"Kabel Tray (Vertikal)
150 x 100 mm TRU
Hot Dip Galvanized
dan aksesoris",,material,active,,2026-07-26T19:44:28.870Z,a0000000-0000-0000-0000-000000000001,2026-07-26T19:44:28.870Z,,unit
98df87af-7a89-451c-a311-1c921a29dbce,AHSP-R1103,"Kabel Tray (Vertikal)
150 x 100 mm TRU
OCP dan aksesoris",,material,active,,2026-07-26T19:44:28.915Z,a0000000-0000-0000-0000-000000000001,2026-07-26T19:44:28.915Z,,unit
357cd4c5-ea4d-40b2-93d7-c2e0a3aa52a2,AHSP-R1104,"Kabel Tray (Vertikal)
150 x 100 mm TRC
Powder Coating dan
aksesoris",,material,active,,2026-07-26T19:44:28.960Z,a0000000-0000-0000-0000-000000000001,2026-07-26T19:44:28.960Z,,unit
dd7990bd-32e9-4cb2-b32b-9aa0602f5832,AHSP-R1105,"Kabel Tray (Vertikal)
150 x 100 mm TRC
Hot Dip Galvanized
dan aksesoris",,material,active,,2026-07-26T19:44:29.005Z,a0000000-0000-0000-0000-000000000001,2026-07-26T19:44:29.005Z,,unit
4e1a7903-26e0-47cb-91fd-ee8ea4fae332,AHSP-R1106,"Kabel Tray (Vertikal)
150 x 100 mm TRC
OCP dan aksesoris",,material,active,,2026-07-26T19:44:29.051Z,a0000000-0000-0000-0000-000000000001,2026-07-26T19:44:29.051Z,,unit
0cb7a0ff-399d-4390-9dda-31a1a18472a4,AHSP-R1107,Pemasangan 1 m' N2XSYGBY 3 x 120 mm²,,material,active,,2026-07-26T19:44:29.096Z,a0000000-0000-0000-0000-000000000001,2026-07-26T19:44:29.096Z,,m1
45617ce6-9be4-4f34-bee3-e6e7bf8875df,AHSP-R1108,PUTM termasuk material bantu / aksesoris,,material,active,,2026-07-26T19:44:29.142Z,a0000000-0000-0000-0000-000000000001,2026-07-26T19:44:29.142Z,,unit
22e647c5-be16-4e91-aef0-08cfcfa0fb6f,AHSP-R1109,MDP Floor Standing termasuk material bantu / aksesoris,,material,active,,2026-07-26T19:44:29.187Z,a0000000-0000-0000-0000-000000000001,2026-07-26T19:44:29.187Z,,unit
c7f19b49-0d14-4d52-bf28-0c7037653d3f,AHSP-R2424,Ring Plat,,material,active,,2026-07-26T19:45:29.246Z,a0000000-0000-0000-0000-000000000001,2026-07-26T19:45:29.246Z,,buah
c49aeab0-9137-4750-adf4-4bb7ba31cf7c,AHSP-R1110,MDP Wall Mounted termasuk material bantu / aksesoris,,material,active,,2026-07-26T19:44:29.233Z,a0000000-0000-0000-0000-000000000001,2026-07-26T19:44:29.233Z,,unit
d81a9996-381b-46f2-892f-07a1953e4d92,AHSP-R1111,SDP Floor Standing termasuk material bantu / aksesoris.,,material,active,,2026-07-26T19:44:29.279Z,a0000000-0000-0000-0000-000000000001,2026-07-26T19:44:29.279Z,,unit
59a97954-c7b2-43be-b93b-9c22988177d1,AHSP-R1112,SDP Wall Mounted termasuk material bantu / aksesoris,,material,active,,2026-07-26T19:44:29.324Z,a0000000-0000-0000-0000-000000000001,2026-07-26T19:44:29.324Z,,unit
06eb7b8b-72da-49e6-910c-a4db02892e10,AHSP-R1113,"Panel Lantai Wall Mounted (800 x 600 x 
200 mm) termasuk material bantu / aksesoris",,material,active,,2026-07-26T19:44:29.369Z,a0000000-0000-0000-0000-000000000001,2026-07-26T19:44:29.369Z,,unit
cd6c9866-b300-4c6a-81ec-0d8ab8172708,AHSP-R1114,"Panel Lantai Wall Mounted (600 x 400 x 
200 mm) termasuk material bantu / aksesoris",,material,active,,2026-07-26T19:44:29.415Z,a0000000-0000-0000-0000-000000000001,2026-07-26T19:44:29.415Z,,unit
a459344d-c28b-426c-896d-c6ea65e25cef,AHSP-R1115,Panel kWh Meter,,material,active,,2026-07-26T19:44:29.460Z,a0000000-0000-0000-0000-000000000001,2026-07-26T19:44:29.460Z,,unit
2269c082-878e-480e-8997-30767fd89023,AHSP-R1116,Panel Penerang Luar Outdoor termasuk material batu,,material,active,,2026-07-26T19:44:29.505Z,a0000000-0000-0000-0000-000000000001,2026-07-26T19:44:29.505Z,,unit
87cfe112-36b5-4413-950f-6d7085c448f2,AHSP-R1117,Panel Kontrol Pompa,,material,active,,2026-07-26T19:44:29.551Z,a0000000-0000-0000-0000-000000000001,2026-07-26T19:44:29.551Z,,unit
c8a960c3-724e-46bf-b218-38ae755ec77e,AHSP-R1118,"Panel Kontrol Pompa Kolam Renang 
termasuk material bantu / aksesoris",,material,active,,2026-07-26T19:44:29.596Z,a0000000-0000-0000-0000-000000000001,2026-07-26T19:44:29.596Z,,unit
13291be9-3411-420e-b232-42e53a3a3ef6,AHSP-R1119,"Panel Kontrol WTP termasuk material 
bantu / aksesoris",,material,active,,2026-07-26T19:44:29.640Z,a0000000-0000-0000-0000-000000000001,2026-07-26T19:44:29.640Z,,unit
eba129db-70a7-4941-a180-dc708e9aa24c,AHSP-R1120,"Panel Kontrol IPAL termasuk material 
bantu / aksesoris",,material,active,,2026-07-26T19:44:29.685Z,a0000000-0000-0000-0000-000000000001,2026-07-26T19:44:29.685Z,,unit
ef7ac375-9ed9-47f0-b837-6337f214829f,AHSP-R1121,"Panel Power Lift termasuk material 
bantu / aksesoris",,material,active,,2026-07-26T19:44:29.731Z,a0000000-0000-0000-0000-000000000001,2026-07-26T19:44:29.731Z,,unit
81bb62e7-99ee-47e1-8cf7-593b3bedb4af,AHSP-R1122,"Panel Power Gondola termasuk material 
bantu / aksesoris",,material,active,,2026-07-26T19:44:29.798Z,a0000000-0000-0000-0000-000000000001,2026-07-26T19:44:29.798Z,,unit
d731f44b-2939-463d-af16-13234201bd69,AHSP-R1123,Panel Power Elektronik termasuk material bantu,,material,active,,2026-07-26T19:44:29.842Z,a0000000-0000-0000-0000-000000000001,2026-07-26T19:44:29.842Z,,unit
15bd9095-d125-4735-a0f7-ba3ca93eae87,AHSP-R1124,Panel Power AHU termasuk material bantu,,material,active,,2026-07-26T19:44:29.887Z,a0000000-0000-0000-0000-000000000001,2026-07-26T19:44:29.887Z,,unit
ece0cf8d-b7ab-4d12-b4b6-9c8db23abff0,AHSP-R1125,Panel Power AC termasuk material bantu,,material,active,,2026-07-26T19:44:29.932Z,a0000000-0000-0000-0000-000000000001,2026-07-26T19:44:29.932Z,,unit
064dcb1c-eaa6-4785-8ac8-3498a1d83f9f,AHSP-R1126,Panel Power Chiller termasuk material bantu,,material,active,,2026-07-26T19:44:29.977Z,a0000000-0000-0000-0000-000000000001,2026-07-26T19:44:29.977Z,,unit
79e96b6c-df05-48a3-8c7d-fdcceb24ee03,AHSP-R1127,Panel Kontrol Power Chiller termasuk material bantu,,material,active,,2026-07-26T19:44:30.024Z,a0000000-0000-0000-0000-000000000001,2026-07-26T19:44:30.024Z,,unit
29df20b1-0652-43ab-9173-f7c3dfed2e57,AHSP-R1128,Panel Kontrol Power Cooling Tower termasuk material bantu,,material,active,,2026-07-26T19:44:30.076Z,a0000000-0000-0000-0000-000000000001,2026-07-26T19:44:30.076Z,,unit
48965010-3b6f-4820-bde4-460ef3c62e43,AHSP-R1129,Panel Kontrol Fan Presurisasi termasuk material bantu,,material,active,,2026-07-26T19:44:30.122Z,a0000000-0000-0000-0000-000000000001,2026-07-26T19:44:30.122Z,,unit
169471d7-86d9-442c-84d2-36e6503f1e54,AHSP-R1130,MCB Box,,material,active,,2026-07-26T19:44:30.167Z,a0000000-0000-0000-0000-000000000001,2026-07-26T19:44:30.167Z,,unit
858d7511-dc7a-48a5-8ad8-2df9b08c26d8,AHSP-R1131,Local Panel Switch,,material,active,,2026-07-26T19:44:30.212Z,a0000000-0000-0000-0000-000000000001,2026-07-26T19:44:30.212Z,,unit
a83234d5-739b-401e-9dda-b616e0886986,AHSP-R1132,Motor Control Center,,material,active,,2026-07-26T19:44:30.256Z,a0000000-0000-0000-0000-000000000001,2026-07-26T19:44:30.256Z,,unit
24eb1584-0e77-466b-b6ba-428d29432345,AHSP-R1133,Genset Kap : 75kVA Silent Type dan aksesoris,,material,active,,2026-07-26T19:44:30.301Z,a0000000-0000-0000-0000-000000000001,2026-07-26T19:44:30.301Z,,unit
32a2f7ea-2b9f-41db-b06e-3de658219c4b,AHSP-R1134,Genset Kap : 100 kVA Silent Type dan aksesoris,,material,active,,2026-07-26T19:44:30.345Z,a0000000-0000-0000-0000-000000000001,2026-07-26T19:44:30.345Z,,unit
d0359194-dc56-4dd9-a2ec-ee30c3fdf3ec,AHSP-R1135,Genset Kap : 400 kVA Silent Type dan aksesoris,,material,active,,2026-07-26T19:44:30.390Z,a0000000-0000-0000-0000-000000000001,2026-07-26T19:44:30.390Z,,unit
b15f4bf1-2ca4-4f5f-89ef-a7a0bd126b57,AHSP-R1136,Crane,,equipment,active,,2026-07-26T19:44:30.434Z,a0000000-0000-0000-0000-000000000001,2026-07-26T19:44:30.434Z,,hari
69ed4669-a1a1-456a-8e64-8450e3f2d358,AHSP-R1137,UPS 5 KVA,,material,active,,2026-07-26T19:44:30.479Z,a0000000-0000-0000-0000-000000000001,2026-07-26T19:44:30.479Z,,unit
6da27c56-a699-4bea-a45a-3af1477a3728,AHSP-R1138,Tangki Solar Harian 500 liter,,material,active,,2026-07-26T19:44:30.525Z,a0000000-0000-0000-0000-000000000001,2026-07-26T19:44:30.525Z,,buah
3aebbc42-ff06-430e-92b8-9031e1895c1d,AHSP-R1139,"Hand Pump Solar
dan aksesoris",,material,active,,2026-07-26T19:44:30.570Z,a0000000-0000-0000-0000-000000000001,2026-07-26T19:44:30.570Z,,buah
53a0ba10-9d84-4123-b46a-37d78241b360,AHSP-R1140,"Genset Kap : 35 kVA Silent Type dan 
aksesoris",,material,active,,2026-07-26T19:44:30.617Z,a0000000-0000-0000-0000-000000000001,2026-07-26T19:44:30.617Z,,buah
a720aca4-38af-4a3e-acc7-67dd1add50b4,AHSP-R1141,Sewa tripod/tackel,,equipment,active,,2026-07-26T19:44:30.662Z,a0000000-0000-0000-0000-000000000001,2026-07-26T19:44:30.662Z,,hari
bd19dac2-14f6-46c3-a4fd-c6a2a672a4a1,AHSP-R1142,"Genset Kap : 700 kVA Silent Type dan 
aksesoris",,material,active,,2026-07-26T19:44:30.708Z,a0000000-0000-0000-0000-000000000001,2026-07-26T19:44:30.708Z,,buah
b832ab47-4b08-46b0-a5b9-3b112b021c87,AHSP-R1143,"Genset Kap : 1.000 kVA Silent Type dan 
aksesoris",,material,active,,2026-07-26T19:44:30.753Z,a0000000-0000-0000-0000-000000000001,2026-07-26T19:44:30.753Z,,unit
e89de835-f174-4d2b-ac7f-fae3c23fbfa1,AHSP-R1144,Genset Kap : 80 kVA dan aksesoris,,material,active,,2026-07-26T19:44:30.797Z,a0000000-0000-0000-0000-000000000001,2026-07-26T19:44:30.797Z,,unit
dde93c10-9489-4dd9-ab12-180a1056a979,AHSP-R1145,Genset Kap : 120 kVA dan aksesoris,,material,active,,2026-07-26T19:44:30.841Z,a0000000-0000-0000-0000-000000000001,2026-07-26T19:44:30.841Z,,unit
eac4e5f6-0ff2-4559-9445-e8f2e3b376b4,AHSP-R1146,Roots Blower dan aksesoris,,material,active,,2026-07-26T19:44:30.886Z,a0000000-0000-0000-0000-000000000001,2026-07-26T19:44:30.886Z,,unit
1d8ea929-344b-4bc2-b7af-1cba98945be5,AHSP-R1147,Trafo Kap : 630 Kva : Synthetic Oil Ester,,material,active,,2026-07-26T19:44:30.931Z,a0000000-0000-0000-0000-000000000001,2026-07-26T19:44:30.931Z,,unit
68c6e4b5-8265-4faf-88ae-62c0a8efe22e,AHSP-R1148,"Trafo Kap : 1.250 KVA ; Synthetic Oil Ester 
(termasuk terminasi instalasi trafo) dan 
aksesoris",,material,active,,2026-07-26T19:44:30.975Z,a0000000-0000-0000-0000-000000000001,2026-07-26T19:44:30.975Z,,unit
e06a1946-9551-4fe1-9d19-30f2899d653d,AHSP-R1149,Saklar Tunggal + Aksesoris,,material,active,,2026-07-26T19:44:31.020Z,a0000000-0000-0000-0000-000000000001,2026-07-26T19:44:31.020Z,,unit
d3905027-bed7-4a94-b449-7fc903d3ca94,AHSP-R1150,Saklar Ganda + Aksesoris,,material,active,,2026-07-26T19:44:31.065Z,a0000000-0000-0000-0000-000000000001,2026-07-26T19:44:31.065Z,,buah
a04bdfc4-4508-4f55-b26f-555883fe6363,AHSP-R1151,Saklar Triple + Aksesoris,,material,active,,2026-07-26T19:44:31.110Z,a0000000-0000-0000-0000-000000000001,2026-07-26T19:44:31.110Z,,buah
81b7bb46-af7d-4748-ab6b-5478b6116fbf,AHSP-R1152,Grid Switch,,material,active,,2026-07-26T19:44:31.155Z,a0000000-0000-0000-0000-000000000001,2026-07-26T19:44:31.155Z,,buah
d8a81b85-d071-4927-a91b-22772c2992b1,AHSP-R1153,Grid Switch 2 x 14 dan aksesoris,,material,active,,2026-07-26T19:44:31.199Z,a0000000-0000-0000-0000-000000000001,2026-07-26T19:44:31.199Z,,buah
bcb2f8a9-8b87-4024-97b1-c3070952aa18,AHSP-R1154,Grid Switch 4 x 2 Gang,,material,active,,2026-07-26T19:44:31.244Z,a0000000-0000-0000-0000-000000000001,2026-07-26T19:44:31.244Z,,buah
fbd6f02e-5230-46e1-bb09-293f76708738,AHSP-R1155,Stop Kontak,,material,active,,2026-07-26T19:44:31.288Z,a0000000-0000-0000-0000-000000000001,2026-07-26T19:44:31.288Z,,buah
54d13144-52cd-44e3-8656-e84225eb528e,AHSP-R1156,"Stop Kontak 1 P, 10 A, 200 W + cover dan 
aksesoris",,material,active,,2026-07-26T19:44:31.333Z,a0000000-0000-0000-0000-000000000001,2026-07-26T19:44:31.333Z,,buah
ec9c37b8-5908-462a-a88a-2a78a3de5f97,AHSP-R1157,"Stop Kontak Hand Dryer 1 Ph 1.000 W 
dan aksesoris",,material,active,,2026-07-26T19:44:31.378Z,a0000000-0000-0000-0000-000000000001,2026-07-26T19:44:31.378Z,,buah
4b8270f8-333f-4fbe-88b3-cc150ba0aa26,AHSP-R1158,Stop Kontak AC,,material,active,,2026-07-26T19:44:31.423Z,a0000000-0000-0000-0000-000000000001,2026-07-26T19:44:31.423Z,,buah
9c4f63d3-66be-46db-b989-96687557988c,AHSP-R1159,"Kabel NYM 3 x 2,5 mm²",,material,active,,2026-07-26T19:44:31.467Z,a0000000-0000-0000-0000-000000000001,2026-07-26T19:44:31.467Z,,m
bbecc0e0-9c9c-4dc9-9a14-1c5682ce3b86,AHSP-R1160,Conduit HI 20 mm,,material,active,,2026-07-26T19:44:31.511Z,a0000000-0000-0000-0000-000000000001,2026-07-26T19:44:31.511Z,,m
2b3ef1f5-1e17-4527-9eab-8cb1c9d30c6f,AHSP-R1161,T Dus,,material,active,,2026-07-26T19:44:31.557Z,a0000000-0000-0000-0000-000000000001,2026-07-26T19:44:31.557Z,,buah
3c258846-3102-4791-9c59-18a4ce741fb7,AHSP-R1162,Socket Conduit 20 mm,,material,active,,2026-07-26T19:44:31.602Z,a0000000-0000-0000-0000-000000000001,2026-07-26T19:44:31.602Z,,buah
35307d60-f1fa-4e9c-adef-b3b7ae9bbfe8,AHSP-R1163,Klem 20 mm,,material,active,,2026-07-26T19:44:31.647Z,a0000000-0000-0000-0000-000000000001,2026-07-26T19:44:31.647Z,,buah
8dd8c834-fd39-4d0b-9a03-e3096f02b889,AHSP-R1164,Fischer S6 + Sekrup,,material,active,,2026-07-26T19:44:31.693Z,a0000000-0000-0000-0000-000000000001,2026-07-26T19:44:31.693Z,,buah
1d57236c-4c0f-4991-9209-70409f8a5d7e,AHSP-R1165,Elbow,,material,active,,2026-07-26T19:44:31.737Z,a0000000-0000-0000-0000-000000000001,2026-07-26T19:44:31.737Z,,buah
2bb4e02a-f7be-419c-9b21-73c10d642617,AHSP-R1166,Isolasi,,material,active,,2026-07-26T19:44:31.781Z,a0000000-0000-0000-0000-000000000001,2026-07-26T19:44:31.781Z,,m
e0fbe2f3-eed9-44cf-b514-89a920a3f481,AHSP-R1167,Lasdop,,material,active,,2026-07-26T19:44:31.826Z,a0000000-0000-0000-0000-000000000001,2026-07-26T19:44:31.826Z,,buah
eee33d28-0114-477d-be19-9e4c1a8929b4,AHSP-R1168,"Kabel NYM 3 x 2,5
mm2 (LSOH)",,material,active,,2026-07-26T19:44:31.871Z,a0000000-0000-0000-0000-000000000001,2026-07-26T19:44:31.871Z,,m
e736df6e-d200-45d0-b71d-c999b6ac4256,AHSP-R1169,"Stop Kontak 1 P, 16 A, 200 W dan 
aksesoris",,material,active,,2026-07-26T19:44:31.916Z,a0000000-0000-0000-0000-000000000001,2026-07-26T19:44:31.916Z,,buah
f0c5768f-08c5-438c-a8fc-98657a2e29bf,AHSP-R1170,"Stop Kontak 1 P, 16 A, 200 W + cover dan 
aksesoris",,material,active,,2026-07-26T19:44:31.961Z,a0000000-0000-0000-0000-000000000001,2026-07-26T19:44:31.961Z,,buah
11ecb231-692a-4962-9afa-12c4aaf534cd,AHSP-R1171,Stop Kontak Lantai dan aksesoris,,material,active,,2026-07-26T19:44:32.006Z,a0000000-0000-0000-0000-000000000001,2026-07-26T19:44:32.006Z,,buah
d21cb969-5ada-46c7-8e96-dcd9f7e97a58,AHSP-R1172,kWh meter token 1 phase,,material,active,,2026-07-26T19:44:32.051Z,a0000000-0000-0000-0000-000000000001,2026-07-26T19:44:32.051Z,,unit
0343bb93-63fe-45bb-9f3a-6d6307463fad,AHSP-R1173,kWh meter token 3 phase,,material,active,,2026-07-26T19:44:32.096Z,a0000000-0000-0000-0000-000000000001,2026-07-26T19:44:32.096Z,,unit
a34ef6f8-ca70-42ad-86e9-6db1db9a6660,AHSP-R1174,Software sistem kwh meter swakelola prabayar,,material,active,,2026-07-26T19:44:32.140Z,a0000000-0000-0000-0000-000000000001,2026-07-26T19:44:32.140Z,,buah
7ddd84aa-f666-45e7-b515-c4f6f57d591e,AHSP-R1175,PC Server,,material,active,,2026-07-26T19:44:32.185Z,a0000000-0000-0000-0000-000000000001,2026-07-26T19:44:32.185Z,,buah
330e1a2e-1cab-4e9e-b2aa-60e3fd5e1ca0,AHSP-R1176,Bak Kontrol Pemeriksaan dari Batu Bata 45 x 45 x 45 cm + Tutup Beton 45 x 45 x 10 cm,,material,active,,2026-07-26T19:44:32.230Z,a0000000-0000-0000-0000-000000000001,2026-07-26T19:44:32.230Z,,buah
ef4debed-15fb-42df-8564-4492885800e3,AHSP-R1177,Terminal Busbar 300 x 50 x 5 mm,,material,active,,2026-07-26T19:44:32.276Z,a0000000-0000-0000-0000-000000000001,2026-07-26T19:44:32.276Z,,buah
707a6400-6efa-4c63-919d-9760a41827db,AHSP-R1178,Batang Tembaga Pembumian Dia.5/8” (kedalaman min. 12 m),,material,active,,2026-07-26T19:44:32.321Z,a0000000-0000-0000-0000-000000000001,2026-07-26T19:44:32.321Z,,batang
7241ca49-0dc3-4769-8fbb-024b6517e74d,AHSP-R1179,Pantek (kedalaman min. 12 m),,material,active,,2026-07-26T19:44:32.366Z,a0000000-0000-0000-0000-000000000001,2026-07-26T19:44:32.366Z,,lot
66edae79-132c-47e2-a50d-ccdf8407d390,AHSP-R1180,Kabel BC 95 mm2,,material,active,,2026-07-26T19:44:32.411Z,a0000000-0000-0000-0000-000000000001,2026-07-26T19:44:32.411Z,,m
e69ea3e1-3b13-44bb-88f3-d9f246d6bc5e,AHSP-R1181,Kabel Skun 95 mm2,,material,active,,2026-07-26T19:44:32.456Z,a0000000-0000-0000-0000-000000000001,2026-07-26T19:44:32.456Z,,m
30019a91-05a2-4109-b601-90a7eb5f253e,AHSP-R1182,Rod Coupling,,material,active,,2026-07-26T19:44:32.500Z,a0000000-0000-0000-0000-000000000001,2026-07-26T19:44:32.500Z,,buah
a790949e-e66b-4e91-9d2b-4f879197756e,AHSP-R1183,Material Bantu,,material,active,,2026-07-26T19:44:32.545Z,a0000000-0000-0000-0000-000000000001,2026-07-26T19:44:32.545Z,,loat
d4e4c3a4-e71f-4e19-bdda-64b13688ddd4,AHSP-R1184,Batang Tembaga Pembumian Dia.3/4” (kedalaman min. 12 m),,material,active,,2026-07-26T19:44:32.590Z,a0000000-0000-0000-0000-000000000001,2026-07-26T19:44:32.590Z,,batang
0f51eb8c-6451-4062-a1f1-a742655f684e,AHSP-R1185,Busduct 1.000A dan aksesoris,,material,active,,2026-07-26T19:44:32.634Z,a0000000-0000-0000-0000-000000000001,2026-07-26T19:44:32.634Z,,buah
13afdcff-a0c7-4ea5-9b7a-124bef9f41f2,AHSP-R1186,Busduct 2.000A dan aksesoris,,material,active,,2026-07-26T19:44:32.679Z,a0000000-0000-0000-0000-000000000001,2026-07-26T19:44:32.679Z,,buah
4dae5624-fdbd-4870-90a9-63d26e91a6b5,AHSP-R1187,Pemasangan 1 m' Plug in Busway 1.000A,,material,active,,2026-07-26T19:44:32.724Z,a0000000-0000-0000-0000-000000000001,2026-07-26T19:44:32.724Z,,buah
952e9917-5991-42f9-a94d-3f9889604628,AHSP-R1188,Plug in Busway 2.000A dan aksesoris,,material,active,,2026-07-26T19:44:32.769Z,a0000000-0000-0000-0000-000000000001,2026-07-26T19:44:32.769Z,,buah
1a3f20d1-5947-4523-8fee-a196be051785,AHSP-R1189,Flange End 1.000A dan aksesoris,,material,active,,2026-07-26T19:44:32.815Z,a0000000-0000-0000-0000-000000000001,2026-07-26T19:44:32.815Z,,buah
526371e1-fff4-4088-b646-b25dac997a0f,AHSP-R1190,Flange End 2.000A dan aksesoris,,material,active,,2026-07-26T19:44:32.859Z,a0000000-0000-0000-0000-000000000001,2026-07-26T19:44:32.859Z,,buah
4dfddafd-301a-4e81-9451-02fb7c21a71e,AHSP-R1191,Edgewise Elbow 1.000A dan aksesoris,,material,active,,2026-07-26T19:44:32.903Z,a0000000-0000-0000-0000-000000000001,2026-07-26T19:44:32.903Z,,buah
b8799f5d-7bef-422b-b61c-c211439be940,AHSP-R1192,End Closure 1.000A dan aksesoris,,material,active,,2026-07-26T19:44:32.948Z,a0000000-0000-0000-0000-000000000001,2026-07-26T19:44:32.948Z,,buah
638ae21c-5659-4021-b559-5bf04f382bf8,AHSP-R1193,End Closure 2.000A dan aksesoris,,material,active,,2026-07-26T19:44:32.993Z,a0000000-0000-0000-0000-000000000001,2026-07-26T19:44:32.993Z,,buah
c8de4630-3455-4bbe-a455-a49f907057cf,AHSP-R1194,"Plug in Box (with MCCB 800A/50KA) 
dan aksesoris",,material,active,,2026-07-26T19:44:33.038Z,a0000000-0000-0000-0000-000000000001,2026-07-26T19:44:33.038Z,,buah
74bedf14-8b72-418a-8e95-7df1002d7347,AHSP-R1195,"Plug in Box (with MCCB 400A/50KA) 
dan aksesoris",,material,active,,2026-07-26T19:44:33.083Z,a0000000-0000-0000-0000-000000000001,2026-07-26T19:44:33.083Z,,buah
bc1c2d6c-a873-4bab-9ff5-73f94df07694,AHSP-R1196,"Plug in Box (with MCCB 150A/36KA) 
dan aksesoris",,material,active,,2026-07-26T19:44:33.128Z,a0000000-0000-0000-0000-000000000001,2026-07-26T19:44:33.128Z,,buah
353f26b7-e3a4-4d29-a69a-56d8765724e5,AHSP-R1197,"Plug in Box (with MCCB 100A/36KA) 
dan aksesoris",,material,active,,2026-07-26T19:44:33.173Z,a0000000-0000-0000-0000-000000000001,2026-07-26T19:44:33.173Z,,buah
7ea2315b-9b80-46a7-b06b-d4c8568525f9,AHSP-R1198,"Plug in Box (with MCCB 80A/36KA) 
dan aksesoris",,material,active,,2026-07-26T19:44:33.218Z,a0000000-0000-0000-0000-000000000001,2026-07-26T19:44:33.218Z,,buah
11ca80f7-7942-4b48-86b6-18274f65e8dc,AHSP-R1199,"Plug in Box (with MCCB 50A/36KA) 
dan aksesoris",,material,active,,2026-07-26T19:44:33.262Z,a0000000-0000-0000-0000-000000000001,2026-07-26T19:44:33.262Z,,buah
3a38f453-4e64-4d1d-8f99-5e1bd98eb08f,AHSP-R1200,Air Terminal,,material,active,,2026-07-26T19:44:33.307Z,a0000000-0000-0000-0000-000000000001,2026-07-26T19:44:33.307Z,,unit
c90a4075-8fed-46e0-bafd-3650ddce66a1,AHSP-R1201,Base Air Terminal,,material,active,,2026-07-26T19:44:33.351Z,a0000000-0000-0000-0000-000000000001,2026-07-26T19:44:33.351Z,,unit
33dd0b89-d360-41d3-8b5f-bb47f639e707,AHSP-R1202,DC Clip Non Metalic Clamp,,material,active,,2026-07-26T19:44:33.396Z,a0000000-0000-0000-0000-000000000001,2026-07-26T19:44:33.396Z,,unit
8dcf25e5-47d1-47e0-befd-4dac0cbb76a0,AHSP-R1203,Square Tape Clamp,,material,active,,2026-07-26T19:44:33.440Z,a0000000-0000-0000-0000-000000000001,2026-07-26T19:44:33.440Z,,unit
b2222ac6-1b09-4b31-936c-af4f3674e128,AHSP-R1204,Bimetallic Connector,,material,active,,2026-07-26T19:44:33.484Z,a0000000-0000-0000-0000-000000000001,2026-07-26T19:44:33.484Z,,unit
3c702a57-c320-42f3-906a-3bc454d59201,AHSP-R1205,Grounding Test Box,,material,active,,2026-07-26T19:44:33.529Z,a0000000-0000-0000-0000-000000000001,2026-07-26T19:44:33.529Z,,unit
5f5baa31-5efe-4f41-b94c-3a3f6da34d18,AHSP-R1206,"5/8"" Rod Coupling",,material,active,,2026-07-26T19:44:33.573Z,a0000000-0000-0000-0000-000000000001,2026-07-26T19:44:33.573Z,,unit
4b1de5c5-1da0-471f-8ca2-ad78c9393a64,AHSP-R1207,"5/8"" Driving Stud",,material,active,,2026-07-26T19:44:33.618Z,a0000000-0000-0000-0000-000000000001,2026-07-26T19:44:33.618Z,,unit
b30e409d-fc47-45c2-8fed-e9a97b8da397,AHSP-R1208,Rod to Cable Clamp (Type GUV),,material,active,,2026-07-26T19:44:33.663Z,a0000000-0000-0000-0000-000000000001,2026-07-26T19:44:33.663Z,,unit
08581bff-f2ee-4e0b-93c1-098f893f8bbb,AHSP-R1209,Polymer Inspection Pit,,material,active,,2026-07-26T19:44:33.708Z,a0000000-0000-0000-0000-000000000001,2026-07-26T19:44:33.708Z,,unit
f2207ea2-aa2e-45fe-a719-81db224a1252,AHSP-R1210,Coupling Bonding Grounded Rod 70 mm2,,material,active,,2026-07-26T19:44:33.752Z,a0000000-0000-0000-0000-000000000001,2026-07-26T19:44:33.752Z,,unit
640a4154-1326-4345-aa0a-38b84d06071d,AHSP-R1211,Clamp BC L ukuran BC 70 mm2,,material,active,,2026-07-26T19:44:33.796Z,a0000000-0000-0000-0000-000000000001,2026-07-26T19:44:33.796Z,,unit
b07949e0-b41b-4318-b8f3-e7befd1d8bbc,AHSP-R1212,"Clamp PVC 1""",,material,active,,2026-07-26T19:44:33.841Z,a0000000-0000-0000-0000-000000000001,2026-07-26T19:44:33.841Z,,unit
443ce21f-80e8-42a7-a310-7c12e8cd9ed0,AHSP-R1213,Copper Air Terminal Base 15 mm,,material,active,,2026-07-26T19:44:33.886Z,a0000000-0000-0000-0000-000000000001,2026-07-26T19:44:33.886Z,,unit
28755ddf-6ae9-46a4-9604-017a2485e236,AHSP-R1214,15x500 mm Aluminium Air Rod,,material,active,,2026-07-26T19:44:33.932Z,a0000000-0000-0000-0000-000000000001,2026-07-26T19:44:33.932Z,,unit
78c2afab-f8a4-441e-a17f-294680a05a85,AHSP-R1215,15x500 mm Copper Air Rod,,material,active,,2026-07-26T19:44:33.977Z,a0000000-0000-0000-0000-000000000001,2026-07-26T19:44:33.977Z,,unit
a97961d2-9953-4ff8-a606-da1b0675ead9,AHSP-R1216,25x3 mm Bare Aluminium Tape,,material,active,,2026-07-26T19:44:34.022Z,a0000000-0000-0000-0000-000000000001,2026-07-26T19:44:34.022Z,,unit
d5df5f11-b6be-4494-9df4-07000db3ae00,AHSP-R1217,"5/8"" x 1800 mm Extensible Copperbond Rod",,material,active,,2026-07-26T19:44:34.067Z,a0000000-0000-0000-0000-000000000001,2026-07-26T19:44:34.067Z,,unit
f280aff5-d0f9-416e-81ae-95bdf1e7fbe1,AHSP-R1218,"5/8"" Copperbond Rod",,material,active,,2026-07-26T19:44:34.112Z,a0000000-0000-0000-0000-000000000001,2026-07-26T19:44:34.112Z,,unit
e72382e8-7c82-4c73-966f-da6c21050d6e,AHSP-R1219,"Grounding Rod Gip 1"" Panjang 1 m",,material,active,,2026-07-26T19:44:34.157Z,a0000000-0000-0000-0000-000000000001,2026-07-26T19:44:34.157Z,,unit
0a89cffa-a51c-46df-b268-9c5d807bca9a,AHSP-R1220,"Grounding Rod Gip 1"" Panjang 2 m",,material,active,,2026-07-26T19:44:34.202Z,a0000000-0000-0000-0000-000000000001,2026-07-26T19:44:34.202Z,,unit
cd55ed9c-4e49-4d3e-b1c4-6149792ba076,AHSP-R1221,Rod Coupling,,material,active,,2026-07-26T19:44:34.247Z,a0000000-0000-0000-0000-000000000001,2026-07-26T19:44:34.247Z,,unit
d8f6a263-a184-4dd7-83f4-7b0b99dce45c,AHSP-R1222,Exothermic Welding,,material,active,,2026-07-26T19:44:34.292Z,a0000000-0000-0000-0000-000000000001,2026-07-26T19:44:34.292Z,,unit
31f181af-a03b-483b-9e80-87fc94041022,AHSP-R1223,Surge Arrester 1 Phase (15 KA),,material,active,,2026-07-26T19:44:34.337Z,a0000000-0000-0000-0000-000000000001,2026-07-26T19:44:34.337Z,,unit
1ebb6a7e-fb4e-45f8-8a3e-13f0865e34e1,AHSP-R1224,Surge Arrester 3 Phase (15 KA),,material,active,,2026-07-26T19:44:34.382Z,a0000000-0000-0000-0000-000000000001,2026-07-26T19:44:34.382Z,,unit
3356c9fa-5260-4b18-9efc-925881603cb5,AHSP-R1225,Flexible Conduit 20 mm,,material,active,,2026-07-26T19:44:34.426Z,a0000000-0000-0000-0000-000000000001,2026-07-26T19:44:34.426Z,,m
a7d3df7e-616f-43d4-8b1a-42985aaf587d,AHSP-R1226,"Downlight 5 Inch 14, 5 Watt LED + Aksesoris",,material,active,,2026-07-26T19:44:34.471Z,a0000000-0000-0000-0000-000000000001,2026-07-26T19:44:34.471Z,,buah
9119fd33-11a0-4cc1-b79c-cf5a7f428388,AHSP-R1227,Lampu LED E27 10 watt + Aksesoris,,material,active,,2026-07-26T19:44:34.515Z,a0000000-0000-0000-0000-000000000001,2026-07-26T19:44:34.515Z,,buah
69059df4-726a-4bf5-a5b9-f8b0a5741318,AHSP-R1228,Fitting E27 + Aksesoris,,material,active,,2026-07-26T19:44:34.560Z,a0000000-0000-0000-0000-000000000001,2026-07-26T19:44:34.560Z,,buah
093abf6a-25f6-478f-9911-e146368653f7,AHSP-R1229,Nicad Battery,,material,active,,2026-07-26T19:44:34.604Z,a0000000-0000-0000-0000-000000000001,2026-07-26T19:44:34.604Z,,buah
95e27ca1-440d-4385-a320-be4710d311f1,AHSP-R1230,Lampu LED E27 19 watt,,material,active,,2026-07-26T19:44:34.648Z,a0000000-0000-0000-0000-000000000001,2026-07-26T19:44:34.648Z,,buah
81c66e90-706f-484c-a71f-558ccb139533,AHSP-R1231,RM TKI 2 x 16 Watt LED,,material,active,,2026-07-26T19:44:34.692Z,a0000000-0000-0000-0000-000000000001,2026-07-26T19:44:34.692Z,,unit
0cebf3a6-5ac5-4c37-9c08-e6154fabb14f,AHSP-R1232,Lampu Sorot LED 100 Watt,,material,active,,2026-07-26T19:44:34.736Z,a0000000-0000-0000-0000-000000000001,2026-07-26T19:44:34.736Z,,unit
0c19079a-0bd6-4bdf-8229-906a88e13312,AHSP-R1233,Lampu Sorot RGB 30 Watt untuk Outdoor,,material,active,,2026-07-26T19:44:34.781Z,a0000000-0000-0000-0000-000000000001,2026-07-26T19:44:34.781Z,,unit
39eec952-2b6f-4cfe-a3b5-4e0ac1fc602b,AHSP-R1234,Pelindung Lampu,,material,active,,2026-07-26T19:44:34.825Z,a0000000-0000-0000-0000-000000000001,2026-07-26T19:44:34.825Z,,unit
631bdab6-bd49-4145-a69f-faabc3e8bfcf,AHSP-R1235,Lampu High Bay 100 Watt,,material,active,,2026-07-26T19:44:34.871Z,a0000000-0000-0000-0000-000000000001,2026-07-26T19:44:34.871Z,,unit
4bbd4c1c-2f50-4276-9f5b-063cd80a4367,AHSP-R1236,Lampu Eksit LED 3 Watt c/w Battery+Aksesoris,,material,active,,2026-07-26T19:44:34.915Z,a0000000-0000-0000-0000-000000000001,2026-07-26T19:44:34.915Z,,unit
d076483a-48fe-4b4f-8332-cab7960d55f5,AHSP-R1237,Lampu TLED 1  x 14 Watt 2.100 Lumen + Aksesoris,,material,active,,2026-07-26T19:44:34.960Z,a0000000-0000-0000-0000-000000000001,2026-07-26T19:44:34.960Z,,unit
6bc41e5b-11ce-4369-ad88-3d2b12723e49,AHSP-R1238,Lampu TLED 1 x 24 Watt 2.100 Lumen+Aksesoris,,material,active,,2026-07-26T19:44:35.005Z,a0000000-0000-0000-0000-000000000001,2026-07-26T19:44:35.005Z,,unit
54e19950-31f8-4ff2-8c83-f5e51c4dc36b,AHSP-R1239,Lampu TLED 1 x 24 Watt 2.100 Lumen (Balk) dan aksesoris,,material,active,,2026-07-26T19:44:35.050Z,a0000000-0000-0000-0000-000000000001,2026-07-26T19:44:35.050Z,,buah
54cba9b5-5885-4577-95e5-5ea5e77a144a,AHSP-R1240,Lampu TLED 2 x 24 Watt 2.100 Lumen,,material,active,,2026-07-26T19:44:35.095Z,a0000000-0000-0000-0000-000000000001,2026-07-26T19:44:35.095Z,,buah
c77743f7-e52c-4d1e-8fa8-6a3c26855774,AHSP-R1241,Lampu TLED 2 x 24 Watt 2.100 Lumen,,material,active,,2026-07-26T19:44:35.140Z,a0000000-0000-0000-0000-000000000001,2026-07-26T19:44:35.140Z,,unit
95ad38f2-a7e2-4030-af45-2baa6ac72ce3,AHSP-R1242,Nicad Battery,,material,active,,2026-07-26T19:44:35.185Z,a0000000-0000-0000-0000-000000000001,2026-07-26T19:44:35.185Z,,unit
d15905aa-1158-4d67-9267-c48a835e9bfe,AHSP-R1243,Lampu PJU LED 50 Watt,,material,active,,2026-07-26T19:44:35.229Z,a0000000-0000-0000-0000-000000000001,2026-07-26T19:44:35.229Z,,unit
698eef99-f373-430e-9f8e-5957e9356262,AHSP-R1244,Tiang PJU Kawasan 6-7 m,,material,active,,2026-07-26T19:44:35.273Z,a0000000-0000-0000-0000-000000000001,2026-07-26T19:44:35.273Z,,unit
74e2b6e6-7f12-418e-926c-5f5a1dbe55a0,AHSP-R1245,Lampu PJU LED 50 Watt + Solar Cell,,material,active,,2026-07-26T19:44:35.318Z,a0000000-0000-0000-0000-000000000001,2026-07-26T19:44:35.318Z,,unit
0f0cc9b8-a714-488b-8f08-3a2f95302fc5,AHSP-R1246,Lampu Taman 25 Watt +Tiang 1 m,,material,active,,2026-07-26T19:44:35.363Z,a0000000-0000-0000-0000-000000000001,2026-07-26T19:44:35.363Z,,unit
067ac7f1-2f65-45dc-91c1-776ba2290fc3,AHSP-R1247,Lampu LED 7 Watt,,material,active,,2026-07-26T19:44:35.407Z,a0000000-0000-0000-0000-000000000001,2026-07-26T19:44:35.407Z,,unit
a71fd229-a81d-473a-8f6a-1b4c8f8dfc34,AHSP-R1248,Fitting,,material,active,,2026-07-26T19:44:35.452Z,a0000000-0000-0000-0000-000000000001,2026-07-26T19:44:35.452Z,,unit
be1b3788-5790-460c-928a-52874d59fa49,AHSP-R1249,Lampu LED 9 Watt,,material,active,,2026-07-26T19:44:35.498Z,a0000000-0000-0000-0000-000000000001,2026-07-26T19:44:35.498Z,,unit
06ffbfaf-729b-485e-bd3d-cfd03ab828ef,AHSP-R1250,"Lampu Baret 20 Watt termasuk fitting dan 
aksesoris",,material,active,,2026-07-26T19:44:35.542Z,a0000000-0000-0000-0000-000000000001,2026-07-26T19:44:35.542Z,,unit
baf6dad9-b11f-4884-b490-ecb95729e1de,AHSP-R1251,"Lampu Baret 32 Watt termasuk fitting dan 
aksesoris",,material,active,,2026-07-26T19:44:35.587Z,a0000000-0000-0000-0000-000000000001,2026-07-26T19:44:35.587Z,,unit
44108c86-2606-42fc-aec9-69600b9e0138,AHSP-R1252,Lampu Pijar 40 Watt,,material,active,,2026-07-26T19:44:35.631Z,a0000000-0000-0000-0000-000000000001,2026-07-26T19:44:35.631Z,,unit
6bc367d0-166e-429f-b75b-f5f7df06d5f8,AHSP-R1253,Lampu TL 18 Watt,,material,active,,2026-07-26T19:44:35.676Z,a0000000-0000-0000-0000-000000000001,2026-07-26T19:44:35.676Z,,unit
38477fda-7cd0-4b16-87d8-4d5c8c5cb32c,AHSP-R1254,Lampu TLED 18 Watt,,material,active,,2026-07-26T19:44:35.721Z,a0000000-0000-0000-0000-000000000001,2026-07-26T19:44:35.721Z,,unit
cb798875-0929-4617-9b28-0323c70d1f6d,AHSP-R1255,Sensor Cahaya,,material,active,,2026-07-26T19:44:35.766Z,a0000000-0000-0000-0000-000000000001,2026-07-26T19:44:35.766Z,,unit
df4061c6-39c9-47b4-8e93-1df3262256cd,AHSP-R1256,Sensor Gerak,,material,active,,2026-07-26T19:44:35.811Z,a0000000-0000-0000-0000-000000000001,2026-07-26T19:44:35.811Z,,unit
9d3b995c-c1ea-4419-b662-3e6416664054,AHSP-R1257,MCP-FA (Semi Addressable 1 Loop),,material,active,,2026-07-26T19:44:35.857Z,a0000000-0000-0000-0000-000000000001,2026-07-26T19:44:35.857Z,,unit
06587abe-8247-4871-9bef-2fd16a4ab4a8,AHSP-R1258,PC Komputer,,material,active,,2026-07-26T19:44:35.902Z,a0000000-0000-0000-0000-000000000001,2026-07-26T19:44:35.902Z,,unit
2292da0b-5d39-4e6e-96c1-8390f5af0784,AHSP-R1259,Alarm Printer,,material,active,,2026-07-26T19:44:35.946Z,a0000000-0000-0000-0000-000000000001,2026-07-26T19:44:35.946Z,,unit
05aad707-b41d-4cc2-a6a6-ccd3bddc6dd2,AHSP-R1260,Report Printer,,material,active,,2026-07-26T19:44:35.992Z,a0000000-0000-0000-0000-000000000001,2026-07-26T19:44:35.992Z,,unit
02c21d74-3a0b-4603-8815-fb399c68959b,AHSP-R1261,Announciator,,material,active,,2026-07-26T19:44:36.036Z,a0000000-0000-0000-0000-000000000001,2026-07-26T19:44:36.036Z,,unit
7cb79ac8-d8ae-459b-acad-970f7b2250cb,AHSP-R1262,Terminal Box Fire Alarm,,material,active,,2026-07-26T19:44:36.081Z,a0000000-0000-0000-0000-000000000001,2026-07-26T19:44:36.081Z,,unit
5bde9feb-7bf8-4f56-b741-26aa1e426d3d,AHSP-R1263,Smoke Detector Addressable,,material,active,,2026-07-26T19:44:36.126Z,a0000000-0000-0000-0000-000000000001,2026-07-26T19:44:36.126Z,,unit
81c06729-3de1-402e-9637-7ccabb5cf0e6,AHSP-R1264,Rate of Rise Detector Addressable,,material,active,,2026-07-26T19:44:36.171Z,a0000000-0000-0000-0000-000000000001,2026-07-26T19:44:36.171Z,,unit
d59c157a-ed00-421d-b21e-46878fd39296,AHSP-R1265,Fix Heat Detector Addressable,,material,active,,2026-07-26T19:44:36.216Z,a0000000-0000-0000-0000-000000000001,2026-07-26T19:44:36.216Z,,unit
90645973-fd80-4207-a39c-80c7e55d1df9,AHSP-R1266,Smoke Detector Konvensional,,material,active,,2026-07-26T19:44:36.261Z,a0000000-0000-0000-0000-000000000001,2026-07-26T19:44:36.261Z,,unit
c6d247fe-39b0-47e1-8472-e3c710a78de0,AHSP-R1267,Rate of Rise Detector Konvensional,,material,active,,2026-07-26T19:44:36.305Z,a0000000-0000-0000-0000-000000000001,2026-07-26T19:44:36.305Z,,unit
57f3d188-7471-4ed4-a460-ae48329d9f1b,AHSP-R1268,Fix Heat Detector Konvensioanl,,material,active,,2026-07-26T19:44:36.350Z,a0000000-0000-0000-0000-000000000001,2026-07-26T19:44:36.350Z,,unit
8c6c3033-b687-445f-b5b6-7a037da64c7e,AHSP-R1269,Lamp Indicator,,material,active,,2026-07-26T19:44:36.394Z,a0000000-0000-0000-0000-000000000001,2026-07-26T19:44:36.394Z,,unit
b0cd8972-2562-4e31-a5d3-e382e7c38976,AHSP-R1270,Manual Break Glass,,material,active,,2026-07-26T19:44:36.439Z,a0000000-0000-0000-0000-000000000001,2026-07-26T19:44:36.439Z,,unit
e3ed3a8a-3830-4492-ae3d-d4d463925b3e,AHSP-R1271,Horn Strobe,,material,active,,2026-07-26T19:44:36.484Z,a0000000-0000-0000-0000-000000000001,2026-07-26T19:44:36.484Z,,unit
b773d8e5-6d13-40a3-a3e5-a608fc96b27f,AHSP-R1272,Fire Fighting Telepon,,material,active,,2026-07-26T19:44:36.529Z,a0000000-0000-0000-0000-000000000001,2026-07-26T19:44:36.529Z,,unit
005c991b-dd55-4b33-a831-2466515bfabe,AHSP-R1273,Alarm Bell,,material,active,,2026-07-26T19:44:36.574Z,a0000000-0000-0000-0000-000000000001,2026-07-26T19:44:36.574Z,,unit
632f165f-96b1-46c9-863b-385f02caf492,AHSP-R1274,Kabel STP AWG 18,,material,active,,2026-07-26T19:44:36.619Z,a0000000-0000-0000-0000-000000000001,2026-07-26T19:44:36.619Z,,m
d6647418-5491-47f6-a30d-0dd42992de7c,AHSP-R1275,Flexible Conduit 20 mm,,material,active,,2026-07-26T19:44:36.664Z,a0000000-0000-0000-0000-000000000001,2026-07-26T19:44:36.664Z,,buah
7401b9a1-56e5-4cdd-9236-976f84b482c2,AHSP-R1276,"Kabel NYA 2 x 1,5 mm²",,material,active,,2026-07-26T19:44:36.709Z,a0000000-0000-0000-0000-000000000001,2026-07-26T19:44:36.709Z,,m
f05ba91f-8c63-4244-b81e-693c5cbba134,AHSP-R1277,"Kabel FRC 2 x 1,5 mm²",,material,active,,2026-07-26T19:44:36.754Z,a0000000-0000-0000-0000-000000000001,2026-07-26T19:44:36.754Z,,m
330dd207-ec20-4b1c-97aa-c18d9f121879,AHSP-R1278,"Kabel ITC 2x2x0,6 mm2",,material,active,,2026-07-26T19:44:36.798Z,a0000000-0000-0000-0000-000000000001,2026-07-26T19:44:36.798Z,,m
ad42afc7-f19c-4271-b5c5-0d03b340e94d,AHSP-R1279,Sirine Module,,material,active,,2026-07-26T19:44:36.844Z,a0000000-0000-0000-0000-000000000001,2026-07-26T19:44:36.844Z,,buah
e710cf13-881a-4943-94a6-e666528a8f09,AHSP-R1280,Control Module,,material,active,,2026-07-26T19:44:36.890Z,a0000000-0000-0000-0000-000000000001,2026-07-26T19:44:36.890Z,,buah
1e82d5fe-65b2-42ca-8610-424d8954253c,AHSP-R1281,Relay Module,,material,active,,2026-07-26T19:44:36.935Z,a0000000-0000-0000-0000-000000000001,2026-07-26T19:44:36.935Z,,buah
9a52dc5e-45aa-4706-b6cc-de5805b8996b,AHSP-R1282,Isolator Module,,material,active,,2026-07-26T19:44:36.980Z,a0000000-0000-0000-0000-000000000001,2026-07-26T19:44:36.980Z,,buah
43b6a9a8-7811-4c50-9ca1-be00ad3b2534,AHSP-R1283,Monitor Module,,material,active,,2026-07-26T19:44:37.026Z,a0000000-0000-0000-0000-000000000001,2026-07-26T19:44:37.026Z,,buah
5727460a-47c8-4b30-b731-342ccaed537d,AHSP-R1284,Terminal Box Fire Alarm,,material,active,,2026-07-26T19:44:37.071Z,a0000000-0000-0000-0000-000000000001,2026-07-26T19:44:37.071Z,,buah
0e8f5ace-7800-46f4-a3c1-871b9221d068,AHSP-R1285,"Kabel NYA 3 x 2,5 mm²",,material,active,,2026-07-26T19:44:37.116Z,a0000000-0000-0000-0000-000000000001,2026-07-26T19:44:37.116Z,,m
ccc8bb93-68d6-4ead-9806-bbc015e35710,AHSP-R1286,"Kabel NYA 5 x 2,5 mm²",,material,active,,2026-07-26T19:44:37.161Z,a0000000-0000-0000-0000-000000000001,2026-07-26T19:44:37.161Z,,m1
3f91c0bc-a933-4705-aee8-6e377a21ee54,AHSP-R1287,Rectifier,,material,active,,2026-07-26T19:44:37.207Z,a0000000-0000-0000-0000-000000000001,2026-07-26T19:44:37.207Z,,unit
d224e852-d7b1-40ef-bd45-923c93058cb2,AHSP-R1288,Power Surge Arrester,,material,active,,2026-07-26T19:44:37.252Z,a0000000-0000-0000-0000-000000000001,2026-07-26T19:44:37.252Z,,unit
aee58a06-691c-4795-a24f-69d36660fbb8,AHSP-R1289,UPS 2 KVA 15 Menit,,material,active,,2026-07-26T19:44:37.297Z,a0000000-0000-0000-0000-000000000001,2026-07-26T19:44:37.297Z,,unit
30631bf3-b416-4881-a22f-baba30954608,AHSP-R1290,UPS 2 KVA 30 Menit,,material,active,,2026-07-26T19:44:37.342Z,a0000000-0000-0000-0000-000000000001,2026-07-26T19:44:37.342Z,,unit
3e6a752a-805e-4f25-88ba-bba33a9821ea,AHSP-R1291,UPS 2 KVA 1 Jam,,material,active,,2026-07-26T19:44:37.388Z,a0000000-0000-0000-0000-000000000001,2026-07-26T19:44:37.388Z,,unit
c80c41cd-b590-4573-99a6-81bb6c4c5eac,AHSP-R1292,UPS 2 KVA 2 Jam,,material,active,,2026-07-26T19:44:37.433Z,a0000000-0000-0000-0000-000000000001,2026-07-26T19:44:37.433Z,,unit
ff844b9c-4a4b-406f-a86e-a6df3b73ff15,AHSP-R1293,UPS 2 KVA 4 Jam,,material,active,,2026-07-26T19:44:37.479Z,a0000000-0000-0000-0000-000000000001,2026-07-26T19:44:37.479Z,,unit
a5bbac14-0bc2-4fdd-bbe7-8423b7683c51,AHSP-R1294,End of Line Resistor,,material,active,,2026-07-26T19:44:37.524Z,a0000000-0000-0000-0000-000000000001,2026-07-26T19:44:37.524Z,,unit
ea7a4dc9-ffea-4326-b92b-2fb078354df3,AHSP-R1295,Patch Panel UTP Cat 6 4 Port,,material,active,,2026-07-26T19:44:37.569Z,a0000000-0000-0000-0000-000000000001,2026-07-26T19:44:37.569Z,,unit
f9f1e8b8-cdc1-4aa2-8622-1d4e13d0f9b0,AHSP-R1296,Wiring Management,,material,active,,2026-07-26T19:44:37.614Z,a0000000-0000-0000-0000-000000000001,2026-07-26T19:44:37.614Z,,unit
23cd7360-1996-4edc-8b75-63c49c019231,AHSP-R1297,PoE Switch HUB,,material,active,,2026-07-26T19:44:37.662Z,a0000000-0000-0000-0000-000000000001,2026-07-26T19:44:37.662Z,,unit
c3299122-7a95-40fa-b884-8cafe79e0d2d,AHSP-R1298,Network  Video Recorder (NVR) Kapasitas 32 Chanel,,material,active,,2026-07-26T19:44:37.707Z,a0000000-0000-0000-0000-000000000001,2026-07-26T19:44:37.707Z,,unit
2755c8f2-cad3-4251-bf80-62b6559b52b9,AHSP-R1299,8 TB Hardisk,,material,active,,2026-07-26T19:44:37.752Z,a0000000-0000-0000-0000-000000000001,2026-07-26T19:44:37.752Z,,unit
7cac3019-7dfe-44eb-84d3-507bb719c47b,AHSP-R1300,"Rak 19"" 12 U Lengkap dengan Power Outlet",,material,active,,2026-07-26T19:44:37.798Z,a0000000-0000-0000-0000-000000000001,2026-07-26T19:44:37.798Z,,unit
6eafda91-5f82-4ebd-866b-01ff694ea14d,AHSP-R1301,"LCD Monitor 32""",,material,active,,2026-07-26T19:44:37.843Z,a0000000-0000-0000-0000-000000000001,2026-07-26T19:44:37.843Z,,unit
2447b4e5-a531-4477-ac12-69a53398c56e,AHSP-R1302,"Bracket Monitor 32""",,material,active,,2026-07-26T19:44:37.888Z,a0000000-0000-0000-0000-000000000001,2026-07-26T19:44:37.888Z,,unit
b80f9e61-100e-47e3-a4dc-77209cdfc9c4,AHSP-R1303,"LCD Monitor 50""",,material,active,,2026-07-26T19:44:37.933Z,a0000000-0000-0000-0000-000000000001,2026-07-26T19:44:37.933Z,,unit
db282ba4-9802-445c-b430-59ea089dbcc7,AHSP-R1304,"Bracket Monitor 50""",,material,active,,2026-07-26T19:44:37.979Z,a0000000-0000-0000-0000-000000000001,2026-07-26T19:44:37.979Z,,unit
8404560f-5656-4c72-80cd-143c035cc914,AHSP-R1305,Keyboard + Mouse,,material,active,,2026-07-26T19:44:38.024Z,a0000000-0000-0000-0000-000000000001,2026-07-26T19:44:38.024Z,,unit
4dd26bf2-694a-4c47-955e-cc099fdec0ca,AHSP-R1306,Indoor Fix Dome IP Camera,,material,active,,2026-07-26T19:44:38.073Z,a0000000-0000-0000-0000-000000000001,2026-07-26T19:44:38.073Z,,unit
66499391-586d-4ecf-89e4-cfe20ea36c7d,AHSP-R1307,Outdoor Fix Dome IP Camera,,material,active,,2026-07-26T19:44:38.119Z,a0000000-0000-0000-0000-000000000001,2026-07-26T19:44:38.119Z,,unit
b4f7de18-3e02-489d-bf7c-f148900aee41,AHSP-R1308,Kabel UTP Cat 6,,material,active,,2026-07-26T19:44:38.164Z,a0000000-0000-0000-0000-000000000001,2026-07-26T19:44:38.164Z,,m
5d4a3aa6-26bb-4407-9afe-805b01a77ece,AHSP-R1309,"LED Monitor 43"" dan aksesoris",,material,active,,2026-07-26T19:44:38.209Z,a0000000-0000-0000-0000-000000000001,2026-07-26T19:44:38.209Z,,unit
d93e5a19-5b8c-4ca4-8a7f-2387cdccc2a9,AHSP-R1310,Bracket Monitor 43”,,material,active,,2026-07-26T19:44:38.255Z,a0000000-0000-0000-0000-000000000001,2026-07-26T19:44:38.255Z,,buah
2a980b01-7428-4a4a-a396-16a708745f77,AHSP-R1311,"Rak 19"" 15 U lengkap dengan power outlet 
dan aksesoris",,material,active,,2026-07-26T19:44:38.300Z,a0000000-0000-0000-0000-000000000001,2026-07-26T19:44:38.300Z,,unit
8c09fd5d-6748-48bc-a1de-62b70b060d3e,AHSP-R1312,Rack Mount 10 U dan aksesoris,,material,active,,2026-07-26T19:44:38.346Z,a0000000-0000-0000-0000-000000000001,2026-07-26T19:44:38.346Z,,unit
ad36cec7-eb84-4910-be8b-1aa8d6d47b4b,AHSP-R1313,"Outdoor Smart Wifi CCTV 360 termasuk 
breket PTZ dan aksesoris",,material,active,,2026-07-26T19:44:38.391Z,a0000000-0000-0000-0000-000000000001,2026-07-26T19:44:38.391Z,,unit
5b23e839-819c-453e-b756-f2a70d944abc,AHSP-R1314,MDF-SS,,material,active,,2026-07-26T19:44:38.436Z,a0000000-0000-0000-0000-000000000001,2026-07-26T19:44:38.436Z,,unit
f4592cdb-1276-4c59-8cdd-5e10eb346476,AHSP-R1315,Selector Switch c/w Control Panel,,material,active,,2026-07-26T19:44:38.481Z,a0000000-0000-0000-0000-000000000001,2026-07-26T19:44:38.481Z,,unit
7e20277d-36d9-478d-bbd1-f09fc96240eb,AHSP-R1316,Power Amplifier 360 Watt,,material,active,,2026-07-26T19:44:38.527Z,a0000000-0000-0000-0000-000000000001,2026-07-26T19:44:38.527Z,,unit
c95d2f4b-d01b-47ef-8903-c978e4f361dc,AHSP-R1317,Power Amplifier 240 Watt,,material,active,,2026-07-26T19:44:38.572Z,a0000000-0000-0000-0000-000000000001,2026-07-26T19:44:38.572Z,,unit
7b111d2f-60e3-4b77-8961-a56fdf84efa3,AHSP-R1318,Power Amplifier 120 Watt,,material,active,,2026-07-26T19:44:38.617Z,a0000000-0000-0000-0000-000000000001,2026-07-26T19:44:38.617Z,,unit
8bab4c94-8d64-49f3-889b-b949e3882059,AHSP-R1319,System Controller (Mixer Pre Amp + Equalizer),,material,active,,2026-07-26T19:44:38.665Z,a0000000-0000-0000-0000-000000000001,2026-07-26T19:44:38.665Z,,unit
2f994653-29ef-44cd-aa6b-8bde966d2e5c,AHSP-R1320,VCD/DVD/MP3/Mp4,,material,active,,2026-07-26T19:44:38.710Z,a0000000-0000-0000-0000-000000000001,2026-07-26T19:44:38.710Z,,unit
2fc23063-1a13-4018-9f63-a6584180cca8,AHSP-R1321,Automatic Alarm System,,material,active,,2026-07-26T19:44:38.755Z,a0000000-0000-0000-0000-000000000001,2026-07-26T19:44:38.755Z,,unit
19e43acb-b6c6-45a5-87a2-0bad7bc6c904,CIB-R0198,Upah Pasang,,labor,active,,2026-07-28T14:25:53.515Z,a0000000-0000-0000-0000-000000000001,2026-07-28T14:25:53.515Z,,m2
13466e22-e557-41d7-9584-91c1aa73a124,AHSP-R1322,Paging Mic Keypad,,material,active,,2026-07-26T19:44:38.801Z,a0000000-0000-0000-0000-000000000001,2026-07-26T19:44:38.801Z,,unit
23145ab7-03c8-490f-89e3-0120b8adbfb5,AHSP-R1323,UPS 1 KVA 4 Jam,,material,active,,2026-07-26T19:44:38.846Z,a0000000-0000-0000-0000-000000000001,2026-07-26T19:44:38.846Z,,unit
1db8d368-a355-4856-bccf-4eb0748b425a,AHSP-R1324,Rack Cabinet,,material,active,,2026-07-26T19:44:38.892Z,a0000000-0000-0000-0000-000000000001,2026-07-26T19:44:38.892Z,,unit
9b048e7c-f8f1-4a0f-b923-a0522cd5fe90,AHSP-R1325,Terminal Box Tata Suara (TBTS),,material,active,,2026-07-26T19:44:38.937Z,a0000000-0000-0000-0000-000000000001,2026-07-26T19:44:38.937Z,,unit
f20550fd-24cd-4542-844b-90d8ee8cb4c5,AHSP-R1326,Ceiling Speaker,,material,active,,2026-07-26T19:44:38.982Z,a0000000-0000-0000-0000-000000000001,2026-07-26T19:44:38.982Z,,unit
59355471-dda5-4644-9230-c9ab76c2d1ae,AHSP-R1327,Wall Speaker,,material,active,,2026-07-26T19:44:39.028Z,a0000000-0000-0000-0000-000000000001,2026-07-26T19:44:39.028Z,,unit
49fb9c4b-be0c-4cc4-9b24-f6f773d7e012,AHSP-R1328,Horn Speaker,,material,active,,2026-07-26T19:44:39.074Z,a0000000-0000-0000-0000-000000000001,2026-07-26T19:44:39.074Z,,unit
b89c5323-e277-4971-81f4-635ba3260b6a,AHSP-R1329,Tiang,,material,active,,2026-07-26T19:44:39.119Z,a0000000-0000-0000-0000-000000000001,2026-07-26T19:44:39.119Z,,m
e82274c1-a087-41ee-b406-94d947213310,AHSP-R1330,"Kabel NYMHY 2 x 1,5 mm²",,material,active,,2026-07-26T19:44:39.164Z,a0000000-0000-0000-0000-000000000001,2026-07-26T19:44:39.164Z,,m
6676b4b7-cfe5-4a8e-b49c-a6bd61fdb04e,AHSP-R1331,"UPS 1 KVA (Inverter, Rectifier, Battery 
Backup 15 menit) dan aksesoris",,material,active,,2026-07-26T19:44:39.210Z,a0000000-0000-0000-0000-000000000001,2026-07-26T19:44:39.210Z,,unit
f6c8b16c-5e64-49ec-9314-3326b1fa4541,AHSP-R1332,"UPS 1 KVA (Inverter, Rectifier, Battery 
Backup 30 menit) dan aksesoris",,material,active,,2026-07-26T19:44:39.255Z,a0000000-0000-0000-0000-000000000001,2026-07-26T19:44:39.255Z,,unit
a85955cd-29ac-4fbf-85c8-5da6776c64d4,AHSP-R1333,"UPS 1 KVA (Inverter, Rectifier, Battery 
Backup 1 jam) dan aksesoris",,material,active,,2026-07-26T19:44:39.300Z,a0000000-0000-0000-0000-000000000001,2026-07-26T19:44:39.300Z,,unit
45c4df83-b930-4081-b7f5-7b1b0349b226,AHSP-R1334,"UPS 1 KVA (Inverter, Rectifier, Battery 
Backup 2 jam) dan aksesoris",,material,active,,2026-07-26T19:44:39.345Z,a0000000-0000-0000-0000-000000000001,2026-07-26T19:44:39.345Z,,unit
b9ea0e8e-4410-4242-aad4-e9ec5ce27a2b,AHSP-R1335,"Firedome Speaker c/w Wall Metal Box 
dan aksesoris",,material,active,,2026-07-26T19:44:39.391Z,a0000000-0000-0000-0000-000000000001,2026-07-26T19:44:39.391Z,,unit
88b04a7b-71be-4258-b983-7f41eedcdde5,AHSP-R1336,Equalizer dan aksesoris,,material,active,,2026-07-26T19:44:39.436Z,a0000000-0000-0000-0000-000000000001,2026-07-26T19:44:39.436Z,,unit
c72853dc-6f16-401b-9f8e-bdb2eee6b39f,AHSP-R1337,Volume Control dan aksesoris,,material,active,,2026-07-26T19:44:39.482Z,a0000000-0000-0000-0000-000000000001,2026-07-26T19:44:39.482Z,,unit
ba28338d-8e86-4cf9-a034-056404a88c3b,AHSP-R1338,Conduit HI 20 mm,,material,active,,2026-07-26T19:44:39.527Z,a0000000-0000-0000-0000-000000000001,2026-07-26T19:44:39.527Z,,m1
16344e2e-4b0a-4578-a1a4-0005b4054be4,AHSP-R1339,Isolasi,,material,active,,2026-07-26T19:44:39.572Z,a0000000-0000-0000-0000-000000000001,2026-07-26T19:44:39.572Z,,m1
77f07eda-71c1-4854-835c-0f4450f4f43f,AHSP-R1340,MDF 2 x 8 Pair,,material,active,,2026-07-26T19:44:39.617Z,a0000000-0000-0000-0000-000000000001,2026-07-26T19:44:39.617Z,,unit
ebe75858-4bca-4a57-a984-2e60d3650f58,AHSP-R1341,MDF 2 x 10 Pair,,material,active,,2026-07-26T19:44:39.662Z,a0000000-0000-0000-0000-000000000001,2026-07-26T19:44:39.662Z,,unit
6e4ea38a-0577-4ce7-882c-a2367c919963,AHSP-R1342,Pemasangan 1 Unit PABX Kap: 1 Line 10 Extension,,material,active,,2026-07-26T19:44:39.707Z,a0000000-0000-0000-0000-000000000001,2026-07-26T19:44:39.707Z,,unit
3db8a78f-474f-42a5-bbaf-af40d0c82fc4,AHSP-R1343,Pemasangan 1 Unit PABX Kap: 1 Line 8 Extension,,material,active,,2026-07-26T19:44:39.752Z,a0000000-0000-0000-0000-000000000001,2026-07-26T19:44:39.752Z,,unit
79e0ead9-0e03-4bf3-8d1f-1307c02e8057,AHSP-R1344,Terminal Box Telepon,,material,active,,2026-07-26T19:44:39.798Z,a0000000-0000-0000-0000-000000000001,2026-07-26T19:44:39.798Z,,unit
16d619cb-134e-4e75-a2f2-7b425a7c5162,AHSP-R1345,Outlet Telepon,,material,active,,2026-07-26T19:44:39.844Z,a0000000-0000-0000-0000-000000000001,2026-07-26T19:44:39.844Z,,unit
e274a064-5f29-47cf-920a-3b5f5ff56125,AHSP-R1346,Telepon kabel dan aksesoris,,material,active,,2026-07-26T19:44:39.889Z,a0000000-0000-0000-0000-000000000001,2026-07-26T19:44:39.889Z,,unit
4ffa40ed-2e40-4e9c-93f8-cc284aba007e,AHSP-R1347,"Server / Gateway c/w PC, Monitor, Keyboard, Mouse",,material,active,,2026-07-26T19:44:39.934Z,a0000000-0000-0000-0000-000000000001,2026-07-26T19:44:39.934Z,,unit
8c0cd1b1-f7d7-4342-aed9-69b52f8f20a1,AHSP-R1348,Main Switch HUB 24 Port,,material,active,,2026-07-26T19:44:39.979Z,a0000000-0000-0000-0000-000000000001,2026-07-26T19:44:39.979Z,,unit
82b620aa-dfa2-46df-86c7-b0fdd9b8b847,AHSP-R1349,Main Switch HUB 12 Port,,material,active,,2026-07-26T19:44:40.025Z,a0000000-0000-0000-0000-000000000001,2026-07-26T19:44:40.025Z,,unit
70ef39b6-f3c6-4c14-b1d6-32ba585314fd,AHSP-R1350,Router Broadband,,material,active,,2026-07-26T19:44:40.070Z,a0000000-0000-0000-0000-000000000001,2026-07-26T19:44:40.070Z,,unit
ae4da0aa-b1a6-4d9c-b07e-dfd207785035,AHSP-R1351,Fire Wall + Anti Virus,,material,active,,2026-07-26T19:44:40.115Z,a0000000-0000-0000-0000-000000000001,2026-07-26T19:44:40.115Z,,unit
20abc18f-dcb4-43e6-92b3-c402fd76f85c,AHSP-R1352,Outlet Data,,material,active,,2026-07-26T19:44:40.161Z,a0000000-0000-0000-0000-000000000001,2026-07-26T19:44:40.161Z,,unit
31e37eb0-687b-4006-b349-80216f85ef3e,AHSP-R1353,Patch Cord,,material,active,,2026-07-26T19:44:40.205Z,a0000000-0000-0000-0000-000000000001,2026-07-26T19:44:40.205Z,,unit
4d84aa6a-8368-4564-8d49-3dfa64ce0ca2,AHSP-R1354,Patch Panel 24 Port,,material,active,,2026-07-26T19:44:40.251Z,a0000000-0000-0000-0000-000000000001,2026-07-26T19:44:40.251Z,,unit
9bfe02f0-ecfd-4373-a084-773ccbb1d7b9,AHSP-R1355,Wifi Access Point (Wifi 6 Radius 50 M),,material,active,,2026-07-26T19:44:40.296Z,a0000000-0000-0000-0000-000000000001,2026-07-26T19:44:40.296Z,,unit
a3a017b8-18d0-4e7e-af46-f197ee9baf90,AHSP-R1356,Switch Hub 8 Port,,material,active,,2026-07-26T19:44:40.342Z,a0000000-0000-0000-0000-000000000001,2026-07-26T19:44:40.342Z,,unit
b58c1601-47a2-4a8b-b8cc-a7d581d7878d,AHSP-R1357,Media Converter,,material,active,,2026-07-26T19:44:40.387Z,a0000000-0000-0000-0000-000000000001,2026-07-26T19:44:40.387Z,,unit
d7e293b3-ae1e-41aa-bef9-588c5b18bd10,AHSP-R1358,OTB,,material,active,,2026-07-26T19:44:40.433Z,a0000000-0000-0000-0000-000000000001,2026-07-26T19:44:40.433Z,,unit
4c22917e-79e2-4115-92d5-6d4eb995678b,AHSP-R1359,"Touch Screen Panel 7""",,material,active,,2026-07-26T19:44:40.478Z,a0000000-0000-0000-0000-000000000001,2026-07-26T19:44:40.478Z,,unit
466f5693-0449-43d5-b549-a1b07a6c30ce,AHSP-R1360,"Touch Screen Panel 10""",,material,active,,2026-07-26T19:44:40.524Z,a0000000-0000-0000-0000-000000000001,2026-07-26T19:44:40.524Z,,unit
470e0281-443f-433a-9d05-e702e41ab2ef,AHSP-R1361,"Touch Screen Panel 12""",,material,active,,2026-07-26T19:44:40.569Z,a0000000-0000-0000-0000-000000000001,2026-07-26T19:44:40.569Z,,unit
1f8ed495-62cd-4df8-bf17-b86323532c74,AHSP-R1362,"Touch Screen Panel 14""",,material,active,,2026-07-26T19:44:40.614Z,a0000000-0000-0000-0000-000000000001,2026-07-26T19:44:40.614Z,,unit
847d3ad2-e557-4cbc-8807-160738a07cfd,AHSP-R1363,Wall Mounted Rack 15U,,material,active,,2026-07-26T19:44:40.660Z,a0000000-0000-0000-0000-000000000001,2026-07-26T19:44:40.660Z,,unit
3f850796-24df-4c6a-95ca-e7238a0cd173,AHSP-R1364,"Workstation, Meja+Kursi",,material,active,,2026-07-26T19:44:40.705Z,a0000000-0000-0000-0000-000000000001,2026-07-26T19:44:40.705Z,,unit
1e3c078a-98f0-4dd4-b4c4-149c2c39fb82,AHSP-R1365,Modular Jack dan aksesoris,,material,active,,2026-07-26T19:44:40.750Z,a0000000-0000-0000-0000-000000000001,2026-07-26T19:44:40.750Z,,unit
513d9c49-9bd5-4a6e-a02b-f292321e8fac,AHSP-R1366,Kabel Fiber Optic 4 Core dan aksesoris,,material,active,,2026-07-26T19:44:40.795Z,a0000000-0000-0000-0000-000000000001,2026-07-26T19:44:40.795Z,,unit
565171f9-6cf6-4286-8f8e-c675e2febdde,AHSP-R1367,Pipa HDPE Conduit 20 mm dan aksesoris,,material,active,,2026-07-26T19:44:40.841Z,a0000000-0000-0000-0000-000000000001,2026-07-26T19:44:40.841Z,,unit
e6606e31-d522-4c3d-885a-986229d872b8,AHSP-R1368,"Wireless Access Point Outdoor dan 
aksesoris",,material,active,,2026-07-26T19:44:40.887Z,a0000000-0000-0000-0000-000000000001,2026-07-26T19:44:40.887Z,,unit
7afa28cb-4382-4b5d-b354-c62e81077423,AHSP-R1369,Kabel Coaxial 7C-2V,,material,active,,2026-07-26T19:44:40.932Z,a0000000-0000-0000-0000-000000000001,2026-07-26T19:44:40.932Z,,m
62a9f4a8-dbea-4753-b051-4cc9e90dd104,AHSP-R1370,Connector,,material,active,,2026-07-26T19:44:40.977Z,a0000000-0000-0000-0000-000000000001,2026-07-26T19:44:40.977Z,,buah
a6fde8c1-cb9d-422c-be1a-c7a4f8ab2afb,AHSP-R1371,Splitter TV 6 Port,,material,active,,2026-07-26T19:44:41.023Z,a0000000-0000-0000-0000-000000000001,2026-07-26T19:44:41.023Z,,unit
3400e71c-44fb-49ca-be30-4b4427ea6829,AHSP-R1372,Splitter TV 7 Port,,material,active,,2026-07-26T19:44:41.069Z,a0000000-0000-0000-0000-000000000001,2026-07-26T19:44:41.069Z,,unit
dd908d29-fdce-4942-a272-18550b4e38c5,AHSP-R1373,Terminal Bocx TV,,material,active,,2026-07-26T19:44:41.114Z,a0000000-0000-0000-0000-000000000001,2026-07-26T19:44:41.114Z,,unit
1deaa4e6-617a-4e57-a118-69a3f4d89162,AHSP-R1374,Antena UHF,,material,active,,2026-07-26T19:44:41.159Z,a0000000-0000-0000-0000-000000000001,2026-07-26T19:44:41.159Z,,unit
1a1a3312-e0d8-4b7d-a5fe-d31c49baca49,AHSP-R1375,Tiang,,material,active,,2026-07-26T19:44:41.205Z,a0000000-0000-0000-0000-000000000001,2026-07-26T19:44:41.205Z,,buah
ed283fe6-9c1e-49d7-9206-b5dd3b5c11ae,AHSP-R1376,Antena VHF,,material,active,,2026-07-26T19:44:41.250Z,a0000000-0000-0000-0000-000000000001,2026-07-26T19:44:41.250Z,,unit
1ddc4917-8e17-4391-a22d-3981405da0cd,AHSP-R1377,Main Control Unit (MCU) dan aksesoris,,material,active,,2026-07-26T19:44:41.295Z,a0000000-0000-0000-0000-000000000001,2026-07-26T19:44:41.295Z,,unit
537236b2-6181-401f-b133-da2797465ab6,AHSP-R1378,Remote Display 10'' dan aksesoris,,material,active,,2026-07-26T19:44:41.342Z,a0000000-0000-0000-0000-000000000001,2026-07-26T19:44:41.342Z,,unit
48705722-db31-410a-a985-68bbc0fffae0,AHSP-R1379,Cable Communication Module dan aksesoris,,material,active,,2026-07-26T19:44:41.387Z,a0000000-0000-0000-0000-000000000001,2026-07-26T19:44:41.387Z,,unit
12885e38-84dc-420f-ab26-3a21412eec66,AHSP-R1380,"Box Panel DDC termasuk material 
bantu / aksesoris",,material,active,,2026-07-26T19:44:41.432Z,a0000000-0000-0000-0000-000000000001,2026-07-26T19:44:41.432Z,,unit
0c719f65-9937-46f7-805e-c8750b5d92f6,AHSP-R1381,Room Temperature Sensor dan aksesoris,,material,active,,2026-07-26T19:44:41.478Z,a0000000-0000-0000-0000-000000000001,2026-07-26T19:44:41.478Z,,unit
5c7e692c-5c5d-4470-b52d-9d8ee7a8b807,AHSP-R1382,Level Switch dan aksesoris,,material,active,,2026-07-26T19:44:41.523Z,a0000000-0000-0000-0000-000000000001,2026-07-26T19:44:41.523Z,,unit
e501b8ef-990e-4be6-8b63-e28e8faf6baf,AHSP-R1383,Digital Input dan aksesoris,,material,active,,2026-07-26T19:44:41.569Z,a0000000-0000-0000-0000-000000000001,2026-07-26T19:44:41.569Z,,unit
cdffe16a-a31a-4d47-9d94-f0c397a4edfc,AHSP-R1384,Kabel NYM 3 x 2.5mm²,,material,active,,2026-07-26T19:44:41.614Z,a0000000-0000-0000-0000-000000000001,2026-07-26T19:44:41.614Z,,m1
cec37a0f-a7da-489a-8475-9d21ce4481bf,AHSP-R1385,Conduit 20 mm,,material,active,,2026-07-26T19:44:41.659Z,a0000000-0000-0000-0000-000000000001,2026-07-26T19:44:41.659Z,,m1
f7316ebc-f9de-4ada-9a49-eae1c08e0f63,AHSP-R1386,Flexible Conduit 20 mm,,material,active,,2026-07-26T19:44:41.704Z,a0000000-0000-0000-0000-000000000001,2026-07-26T19:44:41.704Z,,m1
f1176f5b-c1a7-4532-abc8-4cd88730ffde,AHSP-R1387,Software Monitoring dan Panel Control Unit,,material,active,,2026-07-26T19:44:41.750Z,a0000000-0000-0000-0000-000000000001,2026-07-26T19:44:41.750Z,,unit
359c5ec2-ec5d-43fc-b759-e864948f7811,AHSP-R1388,Sensor pH Meter,,material,active,,2026-07-26T19:44:41.796Z,a0000000-0000-0000-0000-000000000001,2026-07-26T19:44:41.796Z,,unit
e548a371-5130-4932-9cf2-be071b0e606e,AHSP-R1389,Sensor Turbidy Meter Air Baku,,material,active,,2026-07-26T19:44:41.841Z,a0000000-0000-0000-0000-000000000001,2026-07-26T19:44:41.841Z,,unit
649c022a-9404-4f14-905e-b71f1566398e,AHSP-R1390,Sensor Residual Chlorine Meter,,material,active,,2026-07-26T19:44:41.886Z,a0000000-0000-0000-0000-000000000001,2026-07-26T19:44:41.886Z,,unit
633351e2-e11e-4c38-ac40-d9da498fff8e,AHSP-R1391,AC Wall Mounted Kap : 5.000 BTUH,,material,active,,2026-07-26T19:44:41.931Z,a0000000-0000-0000-0000-000000000001,2026-07-26T19:44:41.931Z,,unit
397a2b00-3ddd-4a57-82fe-cae4d69a703a,AHSP-R1392,AC Wall Mounted Kap : 6.500 BTUH,,material,active,,2026-07-26T19:44:41.977Z,a0000000-0000-0000-0000-000000000001,2026-07-26T19:44:41.977Z,,unit
695a520e-96f5-4794-918b-74e4301e99c5,AHSP-R1393,AC Wall Mounted Kap : 7.000 BTUH,,material,active,,2026-07-26T19:44:42.022Z,a0000000-0000-0000-0000-000000000001,2026-07-26T19:44:42.022Z,,unit
b7429f68-c7f6-4a0f-8994-6fab85cf8eae,AHSP-R1394,AC Wall Mounted Kap : 9.000 BTUH,,material,active,,2026-07-26T19:44:42.068Z,a0000000-0000-0000-0000-000000000001,2026-07-26T19:44:42.068Z,,unit
3c8cb76c-0d7b-4dec-9eb2-936a2bc2b4f4,AHSP-R1395,AC Wall Mounted Kap : 12.000 BTUH,,material,active,,2026-07-26T19:44:42.114Z,a0000000-0000-0000-0000-000000000001,2026-07-26T19:44:42.114Z,,unit
f1b64e42-fee7-4871-8e0d-2bc9f650fcf2,AHSP-R1396,AC Wall Mounted Kap : 24.000 BTUH,,material,active,,2026-07-26T19:44:42.159Z,a0000000-0000-0000-0000-000000000001,2026-07-26T19:44:42.159Z,,unit
05c49ae6-4701-47ae-aa47-f3a7143d1cc6,AHSP-R1397,AC Wall Mounted Kap : 35.000 BTUH,,material,active,,2026-07-26T19:44:42.205Z,a0000000-0000-0000-0000-000000000001,2026-07-26T19:44:42.205Z,,unit
e66f87a5-8723-472d-a76b-6fbea4ec91e9,AHSP-R1398,PVC conduit HI 20 mm²,,material,active,,2026-07-26T19:44:42.250Z,a0000000-0000-0000-0000-000000000001,2026-07-26T19:44:42.250Z,,m1
8aa3695f-2c28-4a13-9af9-8a604659f0e9,AHSP-R1399,"AC Wall Mounted Kap : 15.400 BTUH dan 
aksesoris",,material,active,,2026-07-26T19:44:42.296Z,a0000000-0000-0000-0000-000000000001,2026-07-26T19:44:42.296Z,,unit
6e8f2729-b81f-4939-b238-7eda6d19ac17,AHSP-R1400,"AC Wall Mounted Kap : 19.100 BTUH dan 
aksesoris",,material,active,,2026-07-26T19:44:42.341Z,a0000000-0000-0000-0000-000000000001,2026-07-26T19:44:42.341Z,,unit
5c55521b-af58-4548-8dfb-92d699d7c9f8,AHSP-R1401,"AC Cassette Kap : 15.400 BTUH dan 
aksesoris",,material,active,,2026-07-26T19:44:42.387Z,a0000000-0000-0000-0000-000000000001,2026-07-26T19:44:42.387Z,,unit
1dbf55b0-65b8-4b57-9aea-8708853d41d1,AHSP-R1402,AC Cassette Kap : 19.100 BTUH dan aksesoris,,material,active,,2026-07-26T19:44:42.432Z,a0000000-0000-0000-0000-000000000001,2026-07-26T19:44:42.432Z,,unit
b4211001-3690-4e90-bf47-04e97388bef6,AHSP-R1403,"AC Cassette Kap : 24.200 BTUH dan 
aksesoris",,material,active,,2026-07-26T19:44:42.477Z,a0000000-0000-0000-0000-000000000001,2026-07-26T19:44:42.477Z,,unit
f4a2573f-1329-4905-b14e-592283b0cf00,AHSP-R1404,"AC Cassette Kap : 30.700 BTUH dan 
aksesoris",,material,active,,2026-07-26T19:44:42.523Z,a0000000-0000-0000-0000-000000000001,2026-07-26T19:44:42.523Z,,unit
200c1046-d780-437c-8ca9-1850321998e8,AHSP-R1405,"AC Cassette Kap : 38.200 BTUH dan 
aksesoris",,material,active,,2026-07-26T19:44:42.568Z,a0000000-0000-0000-0000-000000000001,2026-07-26T19:44:42.568Z,,unit
c076d7e8-8115-442e-aeda-014673e06fb2,AHSP-R1406,"AC Cassette Kap : 47.800 BTUH dan 
aksesoris",,material,active,,2026-07-26T19:44:42.614Z,a0000000-0000-0000-0000-000000000001,2026-07-26T19:44:42.614Z,,unit
6cc7a0b0-8585-4541-8f00-b2ce2f6ed070,AHSP-R1407,"AC Cassette Kap : 54.600 BTUH dan 
aksesoris",,material,active,,2026-07-26T19:44:42.660Z,a0000000-0000-0000-0000-000000000001,2026-07-26T19:44:42.660Z,,unit
3f4e4f07-7110-4005-9920-98355d171648,AHSP-R1408,"AC Cassette Duct Kap. 24.200 Btu/h 
dan aksesoris",,material,active,,2026-07-26T19:44:42.705Z,a0000000-0000-0000-0000-000000000001,2026-07-26T19:44:42.705Z,,unit
54b3bc20-8eaf-4cf4-8a86-b2cddc2a6941,AHSP-R1409,"AC Cassette Duct Kap. 30.700 Btu/h 
dan aksesoris",,material,active,,2026-07-26T19:44:42.750Z,a0000000-0000-0000-0000-000000000001,2026-07-26T19:44:42.750Z,,unit
0d596305-e20b-4aed-9574-1a1394bc7673,AHSP-R1410,"AC Cassette Duct Kap. 38.200 Btu/h 
dan aksesoris",,material,active,,2026-07-26T19:44:42.795Z,a0000000-0000-0000-0000-000000000001,2026-07-26T19:44:42.795Z,,unit
e9c5af54-262c-419c-868e-593e14e0a5b8,AHSP-R1411,"AC Split Duct Kap. 12.300 Btu/h dan 
aksesoris",,material,active,,2026-07-26T19:44:42.840Z,a0000000-0000-0000-0000-000000000001,2026-07-26T19:44:42.840Z,,unit
30569966-442f-4d0f-bbba-54c3ad5ac27f,AHSP-R1412,"AC Split Duct Kap. 15.400 Btu/h dan 
aksesoris",,material,active,,2026-07-26T19:44:42.886Z,a0000000-0000-0000-0000-000000000001,2026-07-26T19:44:42.886Z,,unit
ba531f9c-5d29-4837-a27c-bab7e7b54108,AHSP-R1413,"AC Split Duct Kap. 24.200 Btu/h dan 
aksesoris",,material,active,,2026-07-26T19:44:42.932Z,a0000000-0000-0000-0000-000000000001,2026-07-26T19:44:42.932Z,,unit
ed817f7e-5e4c-46fe-8a63-d221de9de520,AHSP-R1414,"AC Split Duct Kap. 30.700 Btu/h dan 
aksesoris",,material,active,,2026-07-26T19:44:42.978Z,a0000000-0000-0000-0000-000000000001,2026-07-26T19:44:42.978Z,,unit
650a9fa8-f62f-4e45-b7f7-0050338aa4c0,AHSP-R1415,"AC Split Duct Kap. 38.200 Btu/h dan 
aksesoris",,material,active,,2026-07-26T19:44:43.023Z,a0000000-0000-0000-0000-000000000001,2026-07-26T19:44:43.023Z,,unit
81f8d70d-b3e2-40fb-aac8-fdecd1d68de7,AHSP-R1416,"AC Split Duct Kap. 54.600 Btu/h dan 
aksesoris",,material,active,,2026-07-26T19:44:43.069Z,a0000000-0000-0000-0000-000000000001,2026-07-26T19:44:43.069Z,,unit
62e036bc-834c-4948-a5c4-7dc4582ac40b,AHSP-R1417,"AC High Static Duct Kap. 76.400 Btu/h 
dan aksesoris",,material,active,,2026-07-26T19:44:43.114Z,a0000000-0000-0000-0000-000000000001,2026-07-26T19:44:43.114Z,,unit
a88e8dd1-2507-48f7-8f65-1fe416d691d8,AHSP-R1418,"AC High Static Duct Kap. 95.500 Btu/h 
dan aksesoris",,material,active,,2026-07-26T19:44:43.160Z,a0000000-0000-0000-0000-000000000001,2026-07-26T19:44:43.160Z,,unit
56566fb3-7fb0-428d-93ca-114974871388,AHSP-R1419,"Outdoor Air Processing Kap. 
30.700 Btu/h dan aksesoris",,material,active,,2026-07-26T19:44:43.206Z,a0000000-0000-0000-0000-000000000001,2026-07-26T19:44:43.206Z,,unit
403868f2-b056-4eec-b7a8-820eaec58d09,AHSP-R1420,"Outdoor Air Processing Kap. 
38.200 Btu/h dan aksesoris",,material,active,,2026-07-26T19:44:43.250Z,a0000000-0000-0000-0000-000000000001,2026-07-26T19:44:43.250Z,,unit
4ce24c8b-9864-4b00-83d5-a4229e33adb3,AHSP-R1421,"Outdoor Air Processing Kap. 
76.400 Btu/h dan aksesoris",,material,active,,2026-07-26T19:44:43.296Z,a0000000-0000-0000-0000-000000000001,2026-07-26T19:44:43.296Z,,unit
a9b991c5-8380-472c-860c-a17ede732184,AHSP-R1422,"Outdoor Air Processing Kap. 
95.500Btu/h dan aksesoris",,material,active,,2026-07-26T19:44:43.342Z,a0000000-0000-0000-0000-000000000001,2026-07-26T19:44:43.342Z,,unit
e0cde2aa-bbdd-475c-957a-93eea9fdbef8,AHSP-R1423,"Ceiling Fan, 50 CFM",,material,active,,2026-07-26T19:44:43.388Z,a0000000-0000-0000-0000-000000000001,2026-07-26T19:44:43.388Z,,unit
161853aa-08b1-47be-9744-8f3246001c8b,AHSP-R1424,"Ceiling Fan, 75 CFM",,material,active,,2026-07-26T19:44:43.434Z,a0000000-0000-0000-0000-000000000001,2026-07-26T19:44:43.434Z,,unit
595fe9a4-eedd-4327-8e5e-497703d4c8d2,AHSP-R1425,"Ceiling Fan, 100 CFM",,material,active,,2026-07-26T19:44:43.479Z,a0000000-0000-0000-0000-000000000001,2026-07-26T19:44:43.479Z,,unit
a715bc2f-def7-413f-b870-522a1546e3c7,AHSP-R1426,"Ceiling Fan, 200 CFM",,material,active,,2026-07-26T19:44:43.524Z,a0000000-0000-0000-0000-000000000001,2026-07-26T19:44:43.524Z,,unit
ad935a52-4bb9-4abd-9430-fde089327618,AHSP-R1427,"Inline  Fan, 500 CFM",,material,active,,2026-07-26T19:44:43.569Z,a0000000-0000-0000-0000-000000000001,2026-07-26T19:44:43.569Z,,unit
538bf98e-b244-444d-a68b-be368b0b477a,AHSP-R1428,"Inline  Fan, 700 CFM",,material,active,,2026-07-26T19:44:43.615Z,a0000000-0000-0000-0000-000000000001,2026-07-26T19:44:43.615Z,,unit
7526d0e1-3b47-49c5-a31c-f816c798cefd,AHSP-R1429,Axial Fan ; 2.600 CFM,,material,active,,2026-07-26T19:44:43.661Z,a0000000-0000-0000-0000-000000000001,2026-07-26T19:44:43.661Z,,unit
216832f7-1ee3-448e-b6bd-f2e85027aabb,AHSP-R1430,Axial Fan ; 2.800 CFM,,material,active,,2026-07-26T19:44:43.706Z,a0000000-0000-0000-0000-000000000001,2026-07-26T19:44:43.706Z,,unit
73eda50e-93fe-4cbf-8ccc-ec39db2bf7a8,AHSP-R1431,Axial Fan ; 3.200 CFM,,material,active,,2026-07-26T19:44:43.752Z,a0000000-0000-0000-0000-000000000001,2026-07-26T19:44:43.752Z,,unit
9c325c66-88e3-4580-a423-6c3f72a547f8,AHSP-R1432,Axial Fan ; 3.500 CFM,,material,active,,2026-07-26T19:44:43.796Z,a0000000-0000-0000-0000-000000000001,2026-07-26T19:44:43.796Z,,unit
5e5b6398-395b-4c2c-9840-3ad89cdd21a5,AHSP-R1433,Axial Fan ; 4.000 CFM,,material,active,,2026-07-26T19:44:43.842Z,a0000000-0000-0000-0000-000000000001,2026-07-26T19:44:43.842Z,,unit
1a4c4195-2644-401b-8657-462780bc4c4f,AHSP-R1434,Axial Fan ; 5.500 CFM,,material,active,,2026-07-26T19:44:43.887Z,a0000000-0000-0000-0000-000000000001,2026-07-26T19:44:43.887Z,,unit
25df716d-f249-4f2b-9795-f3760417e376,AHSP-R1435,Rotary Fan,,material,active,,2026-07-26T19:44:43.932Z,a0000000-0000-0000-0000-000000000001,2026-07-26T19:44:43.932Z,,unit
c24130ce-b69d-4ae9-a768-158057d813a6,AHSP-R1436,Ceiling Fan Rotary,,material,active,,2026-07-26T19:44:43.977Z,a0000000-0000-0000-0000-000000000001,2026-07-26T19:44:43.977Z,,unit
9c1163eb-d5bf-48a0-b13f-ea79a9cf08fb,AHSP-R1437,Bifurcated Fan; 1.500 CFM,,material,active,,2026-07-26T19:44:44.024Z,a0000000-0000-0000-0000-000000000001,2026-07-26T19:44:44.024Z,,unit
2e55994d-8cc3-48ff-9d3e-182eaa629486,AHSP-R1438,"Propeller Fan, 75 CFM",,material,active,,2026-07-26T19:44:44.069Z,a0000000-0000-0000-0000-000000000001,2026-07-26T19:44:44.069Z,,unit
e997d6cc-a796-461c-bdfa-32accf2c3f8d,AHSP-R1439,"Propeller Fan, 100 CFM",,material,active,,2026-07-26T19:44:44.114Z,a0000000-0000-0000-0000-000000000001,2026-07-26T19:44:44.114Z,,unit
a6509842-a38b-41d8-802a-e03b82464d2f,AHSP-R1440,"Propeller Fan, 150 CFM",,material,active,,2026-07-26T19:44:44.160Z,a0000000-0000-0000-0000-000000000001,2026-07-26T19:44:44.160Z,,unit
90b782a3-9cee-44d5-a57e-efb1654e833b,AHSP-R1441,"Propeller Fan, 375 CFM",,material,active,,2026-07-26T19:44:44.205Z,a0000000-0000-0000-0000-000000000001,2026-07-26T19:44:44.205Z,,unit
ebbbef62-a3e5-4a6d-8490-4480a9f740a9,AHSP-R1442,"Propeller Fan, 500 CFM",,material,active,,2026-07-26T19:44:44.250Z,a0000000-0000-0000-0000-000000000001,2026-07-26T19:44:44.250Z,,unit
53d8fd09-1d9e-4cdb-8d64-38a64a9b6d61,AHSP-R1443,"Propeller Fan, 600 CFM",,material,active,,2026-07-26T19:44:44.295Z,a0000000-0000-0000-0000-000000000001,2026-07-26T19:44:44.295Z,,unit
ec899b88-2acc-4aea-81c7-5eda7cde8152,AHSP-R1444,Intake Grille 600 x 300 mm,,material,active,,2026-07-26T19:44:44.341Z,a0000000-0000-0000-0000-000000000001,2026-07-26T19:44:44.341Z,,unit
1ef104a0-6d3d-4612-9c21-698abf2d9d66,AHSP-R1445,Intake Grille 650 x 350 mm,,material,active,,2026-07-26T19:44:44.386Z,a0000000-0000-0000-0000-000000000001,2026-07-26T19:44:44.386Z,,unit
3a2ee238-53e9-45c5-a9f2-d1b21ab1e9ff,AHSP-R1446,Intake Grille 800 x 350 mm,,material,active,,2026-07-26T19:44:44.431Z,a0000000-0000-0000-0000-000000000001,2026-07-26T19:44:44.431Z,,unit
6d3a2d1b-e0a6-4fee-a969-0720a9ba67fe,AHSP-R1447,Intake Grille 800 x 400 mm,,material,active,,2026-07-26T19:44:44.476Z,a0000000-0000-0000-0000-000000000001,2026-07-26T19:44:44.476Z,,unit
fccabb30-756e-4114-b855-7b8cce2e0ebc,AHSP-R1448,Intake Louvre 700 x 400 mm,,material,active,,2026-07-26T19:44:44.522Z,a0000000-0000-0000-0000-000000000001,2026-07-26T19:44:44.522Z,,unit
268d8b9e-67d5-46e4-9958-07f7f2af8b99,AHSP-R1449,Fan Louvre 750 x 400 mm,,material,active,,2026-07-26T19:44:44.568Z,a0000000-0000-0000-0000-000000000001,2026-07-26T19:44:44.568Z,,unit
228d9fb0-e358-4998-9ea9-50d0c38b4939,AHSP-R1450,Fan Louvre 900 x 500 mm,,material,active,,2026-07-26T19:44:44.613Z,a0000000-0000-0000-0000-000000000001,2026-07-26T19:44:44.613Z,,unit
48b00122-431e-4d93-b4b5-84965dcb6e43,AHSP-R1451,Fan Louvre 1.000 x 400 mm,,material,active,,2026-07-26T19:44:44.658Z,a0000000-0000-0000-0000-000000000001,2026-07-26T19:44:44.658Z,,unit
a3874685-d861-481b-abd5-7d9d13629014,AHSP-R1452,Fan Louvre 1.000 x 450 mm,,material,active,,2026-07-26T19:44:44.703Z,a0000000-0000-0000-0000-000000000001,2026-07-26T19:44:44.703Z,,unit
d7e3aeb7-696e-4868-8f42-c978051917cc,AHSP-R1453,Exhaust Grille 150 x 150 mm,,material,active,,2026-07-26T19:44:44.749Z,a0000000-0000-0000-0000-000000000001,2026-07-26T19:44:44.749Z,,unit
df9eec98-332a-43b5-afdf-b026967a0227,AHSP-R1454,Exhaust Grille 200 x 200 mm,,material,active,,2026-07-26T19:44:44.795Z,a0000000-0000-0000-0000-000000000001,2026-07-26T19:44:44.795Z,,unit
03b04537-e972-4e52-a58a-6b1f3142c9c8,AHSP-R1455,Exhaust Grille 600 x 300 mm,,material,active,,2026-07-26T19:44:44.841Z,a0000000-0000-0000-0000-000000000001,2026-07-26T19:44:44.841Z,,unit
3cc1d821-515d-4dd1-aa78-740316eb6ac0,AHSP-R1456,Exhaust Grille 650 x 350 mm,,material,active,,2026-07-26T19:44:44.886Z,a0000000-0000-0000-0000-000000000001,2026-07-26T19:44:44.886Z,,unit
5be63e8d-e991-4caf-b3f3-da3541b7541a,AHSP-R1457,Exhaust Grille 900 x 400 mm,,material,active,,2026-07-26T19:44:44.931Z,a0000000-0000-0000-0000-000000000001,2026-07-26T19:44:44.931Z,,unit
cf0549e6-38a3-45df-a3bd-c9443464394e,AHSP-R1458,Exhaust Louvre,,material,active,,2026-07-26T19:44:44.976Z,a0000000-0000-0000-0000-000000000001,2026-07-26T19:44:44.976Z,,unit
64f5a58f-5976-4f22-8c34-c114f8a66e7b,AHSP-R1459,"Exhaust Louvre, 450 x 250 mm dan aksesoris",,material,active,,2026-07-26T19:44:45.021Z,a0000000-0000-0000-0000-000000000001,2026-07-26T19:44:45.021Z,,unit
9bb0b664-4af1-4814-866c-b169fb238980,AHSP-R1460,"Exhaust Louvre, 400 x 300 mm dan aksesoris",,material,active,,2026-07-26T19:44:45.067Z,a0000000-0000-0000-0000-000000000001,2026-07-26T19:44:45.067Z,,unit
2d7d04ed-78c6-4f24-8832-394674eaaec6,AHSP-R1461,"Exhaust Louvre, 750 x 350 mm dan aksesoris",,material,active,,2026-07-26T19:44:45.113Z,a0000000-0000-0000-0000-000000000001,2026-07-26T19:44:45.113Z,,unit
9a846f62-47c1-400a-89f8-055d101ec540,AHSP-R1462,"Exhaust Louvre, 900 x 500 mm dan aksesoris",,material,active,,2026-07-26T19:44:45.159Z,a0000000-0000-0000-0000-000000000001,2026-07-26T19:44:45.159Z,,unit
199e9869-3057-40c5-86ca-58e667ed6607,AHSP-R1463,"Propeller Fan, 370 CFM",,material,active,,2026-07-26T19:44:45.205Z,a0000000-0000-0000-0000-000000000001,2026-07-26T19:44:45.205Z,,m
25874802-1d69-48cd-b71f-8730e9d3b066,AHSP-R1464,"Propeller Fan, 1200 CFM",,material,active,,2026-07-26T19:44:45.251Z,a0000000-0000-0000-0000-000000000001,2026-07-26T19:44:45.251Z,,unit
07ad8bc1-962c-4136-af3c-588430139e01,AHSP-R1465,"Kabel Power Exhaust Fan NYY 3 x 2,5 mm² dan aksesoris",,material,active,,2026-07-26T19:44:45.296Z,a0000000-0000-0000-0000-000000000001,2026-07-26T19:44:45.296Z,,m1
b97ebba6-731a-464a-84b9-ceccd0c72ebe,AHSP-R1466,"Exhaust Grille dia. 4"" dan aksesoris",,material,active,,2026-07-26T19:44:45.342Z,a0000000-0000-0000-0000-000000000001,2026-07-26T19:44:45.342Z,,unit
59d2c41e-e316-4389-9d53-e32725b87f10,AHSP-R1467,Ceiling Fan Sirroco dan aksesoris,,material,active,,2026-07-26T19:44:45.388Z,a0000000-0000-0000-0000-000000000001,2026-07-26T19:44:45.388Z,,unit
5e412e5e-59c3-42b2-9e75-3f42c3ed1718,AHSP-R1468,Centrifugal Fan Kap. 15.800 cfm dan aksesoris,,material,active,,2026-07-26T19:44:45.433Z,a0000000-0000-0000-0000-000000000001,2026-07-26T19:44:45.433Z,,unit
b5724e76-6b49-404b-ac56-6bb988d7c703,AHSP-R1469,"Centrifugal Fan Kap. 15.800 cfm c/w Panel 
Control VSD dan aksesoris",,material,active,,2026-07-26T19:44:45.478Z,a0000000-0000-0000-0000-000000000001,2026-07-26T19:44:45.478Z,,unit
a158890a-1160-4e41-b10e-4c5fcd967afe,AHSP-R1470,Centrifugal Fan Kap. 9.600 cfm dan aksesoris,,material,active,,2026-07-26T19:44:45.524Z,a0000000-0000-0000-0000-000000000001,2026-07-26T19:44:45.524Z,,unit
6aec6ee7-4f37-4db7-ac57-3e0218fbe775,AHSP-R1471,"Centrifugal Fan Kap. 9.600 cfm c/w Panel 
Control VSD dan aksesoris",,material,active,,2026-07-26T19:44:45.569Z,a0000000-0000-0000-0000-000000000001,2026-07-26T19:44:45.569Z,,unit
1a65baf6-cd14-464d-aa8f-9c042fb1a6c8,AHSP-R1472,Centrifugal Fan Kap. 4.800 cfm dan aksesoris,,material,active,,2026-07-26T19:44:45.614Z,a0000000-0000-0000-0000-000000000001,2026-07-26T19:44:45.614Z,,unit
860767d4-a200-4ce3-ba29-ed7e50d324b7,AHSP-R1473,"Centrifugal Fan Kap. 4.800 cfm c/w Panel 
Control VSD dan aksesoris",,material,active,,2026-07-26T19:44:45.659Z,a0000000-0000-0000-0000-000000000001,2026-07-26T19:44:45.659Z,,unit
bcd56dcc-d426-4615-8852-67303b8dd891,AHSP-R1474,Box Louvre 450 x 300 mm dan aksesoris,,material,active,,2026-07-26T19:44:45.705Z,a0000000-0000-0000-0000-000000000001,2026-07-26T19:44:45.705Z,,unit
77be939f-094c-477a-a7fe-3d2944a63721,AHSP-R1475,ZINK BJLS,,material,active,,2026-07-26T19:44:45.750Z,a0000000-0000-0000-0000-000000000001,2026-07-26T19:44:45.750Z,,m3
194352ca-8ea3-48ca-9523-8405b4d9c192,AHSP-R1476,Flinkote,,material,active,,2026-07-26T19:44:45.795Z,a0000000-0000-0000-0000-000000000001,2026-07-26T19:44:45.795Z,,lot
734488d6-7aa7-4ac1-8803-ab443f84332f,AHSP-R1477,Finish Cat,,material,active,,2026-07-26T19:44:45.841Z,a0000000-0000-0000-0000-000000000001,2026-07-26T19:44:45.841Z,,lot
f8650fee-fa3c-43f2-83b0-e8276f2f423d,AHSP-R1478,Hanger + Support,,material,active,,2026-07-26T19:44:45.886Z,a0000000-0000-0000-0000-000000000001,2026-07-26T19:44:45.886Z,,lot
c698b0cb-b2a4-4c98-b2ab-075596007ee0,AHSP-R1479,ZINK BJLS 60 (Tanpa Isolasi),,material,active,,2026-07-26T19:44:45.931Z,a0000000-0000-0000-0000-000000000001,2026-07-26T19:44:45.931Z,,m2
816374cc-b5d5-4d67-8aad-f56295c94b37,AHSP-R1480,ZINK BJLS 70 (Tanpa Isolasi),,material,active,,2026-07-26T19:44:45.975Z,a0000000-0000-0000-0000-000000000001,2026-07-26T19:44:45.975Z,,m2
a8491878-9b41-4ac9-8080-f4f0faa0dbec,AHSP-R1481,ZINK BJLS 80 (Tanpa Isolasi),,material,active,,2026-07-26T19:44:46.021Z,a0000000-0000-0000-0000-000000000001,2026-07-26T19:44:46.021Z,,m2
1f6c0026-6d2b-435d-b784-f9da114542d2,AHSP-R1482,ZINK BJLS 100 (Tanpa Isolasi),,material,active,,2026-07-26T19:44:46.066Z,a0000000-0000-0000-0000-000000000001,2026-07-26T19:44:46.066Z,,m2
6d5e0abb-3446-4840-ab5e-932b570bfca1,AHSP-R1483,ZINK BJLS 60 (Isolasi Luar),,material,active,,2026-07-26T19:44:46.111Z,a0000000-0000-0000-0000-000000000001,2026-07-26T19:44:46.111Z,,m2
e9651b2a-d472-47f0-aa96-bcd8deb07a80,AHSP-R1484,ZINK BJLS 70 (Isolasi Luar),,material,active,,2026-07-26T19:44:46.157Z,a0000000-0000-0000-0000-000000000001,2026-07-26T19:44:46.157Z,,m2
19a020bf-6971-4d43-944c-0e99d8d156a5,AHSP-R1485,ZINK BJLS 80 (Isolasi Luar),,material,active,,2026-07-26T19:44:46.202Z,a0000000-0000-0000-0000-000000000001,2026-07-26T19:44:46.202Z,,m2
39a132f1-9047-4fd3-9f96-0601ee3bfee3,AHSP-R1486,ZINK BJLS 100 (Isolasi Luar),,material,active,,2026-07-26T19:44:46.247Z,a0000000-0000-0000-0000-000000000001,2026-07-26T19:44:46.247Z,,m2
7e8104e2-606c-4ff1-bc7f-4ba5a9c71081,AHSP-R1487,ZINK BJLS 50 (Isolasi Luar Dalam),,material,active,,2026-07-26T19:44:46.292Z,a0000000-0000-0000-0000-000000000001,2026-07-26T19:44:46.292Z,,m2
d6afe8e4-4d96-4006-bba1-ebf3ff49aa49,AHSP-R1488,ZINK BJLS 60 (Isolasi Luar Dalam),,material,active,,2026-07-26T19:44:46.337Z,a0000000-0000-0000-0000-000000000001,2026-07-26T19:44:46.337Z,,m2
4bafba05-1c59-4f3d-bd90-a0b294e7ed8a,AHSP-R1489,ZINK BJLS 70 (Isolasi Luar Dalam),,material,active,,2026-07-26T19:44:46.382Z,a0000000-0000-0000-0000-000000000001,2026-07-26T19:44:46.382Z,,m2
556da19c-9d22-436a-956d-e42d799daf66,AHSP-R1490,ZINK BJLS 80 (Isolasi Luar Dalam),,material,active,,2026-07-26T19:44:46.428Z,a0000000-0000-0000-0000-000000000001,2026-07-26T19:44:46.428Z,,m2
e8bf844f-c6b1-4d3f-95ad-e5d10a99d84b,AHSP-R1491,ZINK BJLS 100 (Isolasi Luar Dalam),,material,active,,2026-07-26T19:44:46.472Z,a0000000-0000-0000-0000-000000000001,2026-07-26T19:44:46.472Z,,m2
06eb7e7c-c6c0-4ce9-a488-b9e6407446e3,AHSP-R1492,Ducting PU,,material,active,,2026-07-26T19:44:46.517Z,a0000000-0000-0000-0000-000000000001,2026-07-26T19:44:46.517Z,,m2
8ae5f3b6-e8ba-4067-a4e7-d8cd9aec614d,AHSP-R1493,Flexible Duct 200 mm dan aksesoris,,material,active,,2026-07-26T19:44:46.563Z,a0000000-0000-0000-0000-000000000001,2026-07-26T19:44:46.563Z,,m1
87c496c7-2eff-4118-ad72-6eb40928bdf6,AHSP-R1494,Flexible Duct 250 mm dan aksesoris,,material,active,,2026-07-26T19:44:46.607Z,a0000000-0000-0000-0000-000000000001,2026-07-26T19:44:46.607Z,,m1
d8c5ebec-e3c9-4cf5-ba96-fe6238699da8,AHSP-R1495,Tukang pipa,,labor,active,,2026-07-26T19:44:46.652Z,a0000000-0000-0000-0000-000000000001,2026-07-26T19:44:46.652Z,,OH
89dcd9b5-c3d9-40c4-be5e-8eeb9bc627e3,AHSP-R1496,"Pipa Tembaga B280 1/4""",,material,active,,2026-07-26T19:44:46.698Z,a0000000-0000-0000-0000-000000000001,2026-07-26T19:44:46.698Z,,m1
54ca7459-9d2c-4353-b5bb-ca55255ecf0c,AHSP-R1497,Duct Tape,,material,active,,2026-07-26T19:44:46.743Z,a0000000-0000-0000-0000-000000000001,2026-07-26T19:44:46.743Z,,gulung
9bf421a2-f410-48f2-8338-edf694f963d9,AHSP-R1498,"Pipa Tembaga B280 3/8""",,material,active,,2026-07-26T19:44:46.788Z,a0000000-0000-0000-0000-000000000001,2026-07-26T19:44:46.788Z,,m1
6377c06b-756f-4f47-8a27-e0462dfb3aef,AHSP-R1499,"Pipa Tembaga B280 1/2""",,material,active,,2026-07-26T19:44:46.833Z,a0000000-0000-0000-0000-000000000001,2026-07-26T19:44:46.833Z,,m1
a5199c87-0a1c-4fb3-a5df-12739e21ee9d,AHSP-R1500,"Pipa Tembaga B280 5/8""",,material,active,,2026-07-26T19:44:46.878Z,a0000000-0000-0000-0000-000000000001,2026-07-26T19:44:46.878Z,,m1
1c73e969-0640-41d1-a68a-6e358b2d398d,AHSP-R1501,"Pipa Tembaga B280 3/4""",,material,active,,2026-07-26T19:44:46.924Z,a0000000-0000-0000-0000-000000000001,2026-07-26T19:44:46.924Z,,m1
58a24a4a-03bc-4334-93b3-fa8a7801a42c,AHSP-R1502,"Pipa Tembaga B280 7/8""",,material,active,,2026-07-26T19:44:46.969Z,a0000000-0000-0000-0000-000000000001,2026-07-26T19:44:46.969Z,,m1
7ca381a8-00dc-4227-9056-a00d4ad5035c,AHSP-R1503,"Pipa Tembaga B280 1""",,material,active,,2026-07-26T19:44:47.014Z,a0000000-0000-0000-0000-000000000001,2026-07-26T19:44:47.014Z,,m1
59fbe05c-9e51-49a1-9298-9820b73207d7,AHSP-R1504,"Pipa Tembaga B280 1-1/8""",,material,active,,2026-07-26T19:44:47.059Z,a0000000-0000-0000-0000-000000000001,2026-07-26T19:44:47.059Z,,m1
f1d455bd-e1af-495d-8f47-916963322b07,AHSP-R1505,"Pipa Tembaga B280 1-3/8""",,material,active,,2026-07-26T19:44:47.105Z,a0000000-0000-0000-0000-000000000001,2026-07-26T19:44:47.105Z,,m1
44a30fc5-dd7e-4252-9d46-9a13f9ba3a88,AHSP-R1506,"Pipa Tembaga B280 1-5/8""",,material,active,,2026-07-26T19:44:47.151Z,a0000000-0000-0000-0000-000000000001,2026-07-26T19:44:47.151Z,,m1
2aca8f37-0d5a-492d-be2f-d014e8629a7e,AHSP-R1507,"PIPA PVC AW ; DN.
1/2"" (15 mm) dan
aksesoris",,material,active,,2026-07-26T19:44:47.197Z,a0000000-0000-0000-0000-000000000001,2026-07-26T19:44:47.197Z,,m1
c8368451-1091-44f7-a2a4-be60dc230170,AHSP-R1508,"PIPA PVC AW ; DN.
3/4"" (20 mm) dan
aksesoris",,material,active,,2026-07-26T19:44:47.242Z,a0000000-0000-0000-0000-000000000001,2026-07-26T19:44:47.242Z,,m1
4a66bd3a-31f0-4722-8042-cf6f22aa962b,AHSP-R1509,"PIPA PVC AW ; DN. 1""
(25 mm) dan
aksesoris",,material,active,,2026-07-26T19:44:47.287Z,a0000000-0000-0000-0000-000000000001,2026-07-26T19:44:47.287Z,,m1
d634eb01-76b9-4aeb-bb8e-340ebd09dc44,AHSP-R1510,"PIPA PVC AW ; DN. 1-
1/4"" (32 mm) dan
aksesoris",,material,active,,2026-07-26T19:44:47.332Z,a0000000-0000-0000-0000-000000000001,2026-07-26T19:44:47.332Z,,m1
d9830a00-ac55-42bf-a5e1-2a1908f65ba5,AHSP-R1511,"PIPA PVC AW ; DN. 1-
1/2"" (40 mm) dan
aksesoris",,material,active,,2026-07-26T19:44:47.377Z,a0000000-0000-0000-0000-000000000001,2026-07-26T19:44:47.377Z,,m1
8642f1d8-43dd-4d0e-a203-4baf714afec1,AHSP-R1512,"PIPA PVC AW ; DN. 2""
(50 mm) dan
aksesoris",,material,active,,2026-07-26T19:44:47.423Z,a0000000-0000-0000-0000-000000000001,2026-07-26T19:44:47.423Z,,m1
2896946c-6dab-483b-8dda-1aebb98a4a08,AHSP-R1513,"PIPA PVC AW ; DN. 2-
1/2"" (65 mm) dan
aksesoris",,material,active,,2026-07-26T19:44:47.468Z,a0000000-0000-0000-0000-000000000001,2026-07-26T19:44:47.468Z,,m1
eeb72757-4129-4b35-9380-7e49c37644cd,AHSP-R1514,"PIPA PVC AW ; DN. 3""
(80 mm) dan
aksesoris",,material,active,,2026-07-26T19:44:47.513Z,a0000000-0000-0000-0000-000000000001,2026-07-26T19:44:47.513Z,,m1
94f5b4ab-8fb0-4885-b91d-dbdd05951755,AHSP-R1515,"PIPA PVC AW ; DN. 4""
(100 mm) dan
aksesoris",,material,active,,2026-07-26T19:44:47.558Z,a0000000-0000-0000-0000-000000000001,2026-07-26T19:44:47.558Z,,m1
2befd3f2-cb3d-451b-94b5-3df4fab0bccc,AHSP-R1516,"Pipa Tembaga B280 Dia. 1/4"" + 3/8"" dan 
aksesoris",,material,active,,2026-07-26T19:44:47.604Z,a0000000-0000-0000-0000-000000000001,2026-07-26T19:44:47.604Z,,m1
4afb1853-e40d-48c3-ac22-f7e0a71ccff9,AHSP-R1517,"Pipa Tembaga B280 Dia. 1/4"" + 1/2"" dan 
aksesoris",,material,active,,2026-07-26T19:44:47.649Z,a0000000-0000-0000-0000-000000000001,2026-07-26T19:44:47.649Z,,m1
33a87663-2ecd-4a3e-bb3d-bedb5956ba7b,AHSP-R1518,"Pipa Tembaga B280 Dia. 1/4"" + 5/8"" dan 
aksesoris",,material,active,,2026-07-26T19:44:47.694Z,a0000000-0000-0000-0000-000000000001,2026-07-26T19:44:47.694Z,,m1
440866b1-fdc9-4f27-9000-20cb9864cc7e,AHSP-R1519,PRV SET dia. 50 mm dan aksesoris,,material,active,,2026-07-26T19:44:47.739Z,a0000000-0000-0000-0000-000000000001,2026-07-26T19:44:47.739Z,,unit
ee1c7acb-6dcc-4acd-af37-1f9f37686d82,AHSP-R1520,PRV SET dia. 65 mm dan aksesoris,,material,active,,2026-07-26T19:44:47.785Z,a0000000-0000-0000-0000-000000000001,2026-07-26T19:44:47.785Z,,unit
79f2dd72-66f0-4399-90bf-a3daafc65451,AHSP-R1521,PRV SET dia. 80 mm dan aksesoris,,material,active,,2026-07-26T19:44:47.832Z,a0000000-0000-0000-0000-000000000001,2026-07-26T19:44:47.832Z,,unit
82deaa56-9eb9-4901-8ccb-ed2841b415e2,AHSP-R1522,PRV SET dia. 100 mm dan aksesoris,,material,active,,2026-07-26T19:44:47.878Z,a0000000-0000-0000-0000-000000000001,2026-07-26T19:44:47.878Z,,unit
95de709c-b9ca-40b1-ad64-d215d5b1ea2e,AHSP-R1523,PRV SET dia. 150 mm dan aksesoris,,material,active,,2026-07-26T19:44:47.924Z,a0000000-0000-0000-0000-000000000001,2026-07-26T19:44:47.924Z,,unit
e7774a8c-a79c-47c4-a36c-e52f19f85df1,AHSP-R1524,PRV SET dia. 200 mm dan aksesoris,,material,active,,2026-07-26T19:44:47.969Z,a0000000-0000-0000-0000-000000000001,2026-07-26T19:44:47.969Z,,unit
f523d06d-3be4-470a-ba46-53364a63c5bd,AHSP-R1525,MCV Set dia. 80 mm,,material,active,,2026-07-26T19:44:48.014Z,a0000000-0000-0000-0000-000000000001,2026-07-26T19:44:48.014Z,,unit
521b8a81-2cfd-4f45-b62f-7f0f25b2f1f4,AHSP-R1526,MCV Set dia. 100 mm,,material,active,,2026-07-26T19:44:48.059Z,a0000000-0000-0000-0000-000000000001,2026-07-26T19:44:48.059Z,,unit
0b97d86a-0621-4099-9d92-5d5a7cb406f2,AHSP-R1527,MCV Set dia. 150 mm,,material,active,,2026-07-26T19:44:48.104Z,a0000000-0000-0000-0000-000000000001,2026-07-26T19:44:48.104Z,,unit
c2ebbe78-59f8-4db4-bdbd-08741b19ac84,AHSP-R1528,BCV Set dia. 50 mm,,material,active,,2026-07-26T19:44:48.150Z,a0000000-0000-0000-0000-000000000001,2026-07-26T19:44:48.150Z,,unit
a3624b82-80e3-4074-8f5f-bbc1913c0aed,AHSP-R1529,BCV Set dia. 65 mm,,material,active,,2026-07-26T19:44:48.195Z,a0000000-0000-0000-0000-000000000001,2026-07-26T19:44:48.195Z,,unit
19c30a53-e4b7-41d0-a8cd-5104f15d6cb6,AHSP-R1530,BCV Set dia. 80 mm,,material,active,,2026-07-26T19:44:48.241Z,a0000000-0000-0000-0000-000000000001,2026-07-26T19:44:48.241Z,,unit
b4474b82-bfd5-4217-972c-ed284d48d165,AHSP-R1531,BCV Set dia. 100 mm,,material,active,,2026-07-26T19:44:48.286Z,a0000000-0000-0000-0000-000000000001,2026-07-26T19:44:48.286Z,,unit
bcb4bd96-b5c0-462c-9f36-4b171b6fd475,AHSP-R1532,BCV Set dia. 150 mm,,material,active,,2026-07-26T19:44:48.331Z,a0000000-0000-0000-0000-000000000001,2026-07-26T19:44:48.331Z,,unit
dc0c1a9f-72fe-4f00-85a8-b6549a04fa7d,AHSP-R1533,Automatic Air Vent  dia. 50 mm,,material,active,,2026-07-26T19:44:48.377Z,a0000000-0000-0000-0000-000000000001,2026-07-26T19:44:48.377Z,,unit
61d6d841-df0d-4b95-a3d6-f093426ebab3,AHSP-R1534,Automatic Air Vent  dia. 80 mm,,material,active,,2026-07-26T19:44:48.423Z,a0000000-0000-0000-0000-000000000001,2026-07-26T19:44:48.423Z,,unit
e7e113e2-0ab6-4950-9cbd-565523de1f41,AHSP-R1535,Automatic Air Vent  dia. 100 mm,,material,active,,2026-07-26T19:44:48.468Z,a0000000-0000-0000-0000-000000000001,2026-07-26T19:44:48.468Z,,unit
2fc48fe7-36de-4a5c-a8f6-15dd1b3e5d9f,AHSP-R1536,Automatic Air Vent  dia. 150 mm,,material,active,,2026-07-26T19:44:48.513Z,a0000000-0000-0000-0000-000000000001,2026-07-26T19:44:48.513Z,,unit
98a0307a-9ec8-4d79-b49f-0297c3af095f,AHSP-R1537,Flow Meter Analog dia. 100 mm,,material,active,,2026-07-26T19:44:48.558Z,a0000000-0000-0000-0000-000000000001,2026-07-26T19:44:48.558Z,,unit
17fc8448-0dfa-4a24-a5dc-22d78050185d,AHSP-R1538,Flow Meter Analog dia. 200 mm,,material,active,,2026-07-26T19:44:48.603Z,a0000000-0000-0000-0000-000000000001,2026-07-26T19:44:48.603Z,,unit
b40b31e2-28fb-4a36-97af-174a67020b4c,AHSP-R1539,"Landing Velve 2,5""",,material,active,,2026-07-26T19:44:48.648Z,a0000000-0000-0000-0000-000000000001,2026-07-26T19:44:48.648Z,,unit
6acbb40d-b50f-4f5e-8476-1eba0f48e6f0,AHSP-R1540,Orifice Plate dia. 25 mm,,material,active,,2026-07-26T19:44:48.693Z,a0000000-0000-0000-0000-000000000001,2026-07-26T19:44:48.693Z,,unit
1c9890cb-c717-4ce4-bb27-e5ecca074d69,AHSP-R1541,Sprinkler Head Pendant dan Aksesoris,,material,active,,2026-07-26T19:44:48.740Z,a0000000-0000-0000-0000-000000000001,2026-07-26T19:44:48.740Z,,unit
bc1a3714-d3a9-4dde-be52-3c2136dba931,AHSP-R1542,Sprinkler Head Upright dan Aksesoris,,material,active,,2026-07-26T19:44:48.785Z,a0000000-0000-0000-0000-000000000001,2026-07-26T19:44:48.785Z,,unit
7e721df2-60fb-4d68-92e6-4a0de0aab960,AHSP-R1543,Hydrant Pillar dan Aksesoris,,material,active,,2026-07-26T19:44:48.830Z,a0000000-0000-0000-0000-000000000001,2026-07-26T19:44:48.830Z,,unit
2bb58ca6-fa0f-4fac-9231-f76ee8203403,AHSP-R1544,Indoor Hydrant Box dan Aksesoris,,material,active,,2026-07-26T19:44:48.876Z,a0000000-0000-0000-0000-000000000001,2026-07-26T19:44:48.876Z,,unit
0d5a414a-6dc9-421a-910d-0d8d68d716e9,AHSP-R1545,Outdoor Hydrant Box dan Aksesoris,,material,active,,2026-07-26T19:44:48.921Z,a0000000-0000-0000-0000-000000000001,2026-07-26T19:44:48.921Z,,unit
63afb39a-0c83-4e53-a1cf-01a352be4b22,AHSP-R1546,Siamesse Connection dan Aksesoris,,material,active,,2026-07-26T19:44:48.966Z,a0000000-0000-0000-0000-000000000001,2026-07-26T19:44:48.966Z,,unit
959081b2-2f53-41aa-affd-cf8592b1a60e,AHSP-R1547,"Sprinkler Thermatic C02 3,5 Kg dan aksesoris",,material,active,,2026-07-26T19:44:49.012Z,a0000000-0000-0000-0000-000000000001,2026-07-26T19:44:49.012Z,,unit
6059c7f7-4f14-4a77-9b39-741e50a08d56,AHSP-R1548,Fire Extinguisher 3 kg  dan Aksesoris,,material,active,,2026-07-26T19:44:49.057Z,a0000000-0000-0000-0000-000000000001,2026-07-26T19:44:49.057Z,,unit
951cb17b-e816-46ee-b7eb-a981829d81ab,AHSP-R1549,Fire Extinguisher 5 kg  dan Aksesoris,,material,active,,2026-07-26T19:44:49.103Z,a0000000-0000-0000-0000-000000000001,2026-07-26T19:44:49.103Z,,unit
78524832-8d6c-4d75-a1db-68257c2599d8,AHSP-R1550,Fire Extinguisher 25 kg  dan Aksesoris,,material,active,,2026-07-26T19:44:49.148Z,a0000000-0000-0000-0000-000000000001,2026-07-26T19:44:49.148Z,,unit
70c7c3cf-65f4-4a7a-98f0-4b2d6e0cd636,AHSP-R1551,Fire Extinguisher 6 Kg dan aksesoris,,material,active,,2026-07-26T19:44:49.194Z,a0000000-0000-0000-0000-000000000001,2026-07-26T19:44:49.194Z,,unit
02fe522e-9d72-4ca4-bd80-40b6ec50bdf8,AHSP-R1552,Jockey Fire Pump Vertical Multi Stage 25 USGPM,,material,active,,2026-07-26T19:44:49.239Z,a0000000-0000-0000-0000-000000000001,2026-07-26T19:44:49.239Z,,unit
c92263cf-0228-4376-88e6-78d8e2fd1955,AHSP-R1553,Main Fire Pump Centrifugal  End Suction 1.000 USGPM,,material,active,,2026-07-26T19:44:49.284Z,a0000000-0000-0000-0000-000000000001,2026-07-26T19:44:49.284Z,,unit
3579a60b-1e10-481a-8523-f15f3b0405cc,AHSP-R1554,Diesel Fire Pump Centrifugal End Suction dan Aksesoris,,material,active,,2026-07-26T19:44:49.329Z,a0000000-0000-0000-0000-000000000001,2026-07-26T19:44:49.329Z,,unit
82c309f7-be3b-4644-9bdc-6dc10ee89862,AHSP-R1555,Main Fire Pump Centrifugal End Suction dan Aksesoris,,material,active,,2026-07-26T19:44:49.375Z,a0000000-0000-0000-0000-000000000001,2026-07-26T19:44:49.375Z,,unit
c51050f6-6b78-442d-8edb-14f1624bca8c,AHSP-R1556,Roof tank fiberglass kap. 2 m3,,material,active,,2026-07-26T19:44:49.420Z,a0000000-0000-0000-0000-000000000001,2026-07-26T19:44:49.420Z,,unit
4fe464fa-118a-4711-b79c-e2224cebccf0,AHSP-R1557,Roof tank fiberglass kap. 4 m3,,material,active,,2026-07-26T19:44:49.466Z,a0000000-0000-0000-0000-000000000001,2026-07-26T19:44:49.466Z,,unit
40833eb6-b086-4819-ad30-705d28c2a306,AHSP-R1558,Roof tank fiberglass kap. 12 m3,,material,active,,2026-07-26T19:44:49.511Z,a0000000-0000-0000-0000-000000000001,2026-07-26T19:44:49.511Z,,unit
82b970b2-8a6c-4ccb-ba87-932af1c32da0,AHSP-R1559,Roof tank stainless kap. 2 m3,,material,active,,2026-07-26T19:44:49.557Z,a0000000-0000-0000-0000-000000000001,2026-07-26T19:44:49.557Z,,unit
a9a9e050-0a30-4b41-bd77-5c22cd6b81e4,AHSP-R1560,Roof tank stainless kap. 4 m3,,material,active,,2026-07-26T19:44:49.602Z,a0000000-0000-0000-0000-000000000001,2026-07-26T19:44:49.602Z,,unit
5ab7f800-90c8-4345-837a-5ec480fdd531,AHSP-R1561,Roof tank stainless kap. 12 m3,,material,active,,2026-07-26T19:44:49.648Z,a0000000-0000-0000-0000-000000000001,2026-07-26T19:44:49.648Z,,unit
dfa49dac-48cf-4af4-8834-7bde48937edc,AHSP-R1562,"Tangki toren kap. 0,7 m3",,material,active,,2026-07-26T19:44:49.694Z,a0000000-0000-0000-0000-000000000001,2026-07-26T19:44:49.694Z,,unit
d11b5ea6-33de-4b76-868b-b532d83e4b01,AHSP-R1563,"Tangki toren kap. 1,5 m3",,material,active,,2026-07-26T19:44:49.740Z,a0000000-0000-0000-0000-000000000001,2026-07-26T19:44:49.740Z,,unit
c8c27555-fcab-4909-ad35-1bbe38d2103b,AHSP-R1564,"Tangki toren kap. 2,5 m3",,material,active,,2026-07-26T19:44:49.785Z,a0000000-0000-0000-0000-000000000001,2026-07-26T19:44:49.785Z,,unit
7221912d-3ef2-4c60-afa1-be797582bcc7,AHSP-R1565,Tangki toren kap. 3 m3,,material,active,,2026-07-26T19:44:49.831Z,a0000000-0000-0000-0000-000000000001,2026-07-26T19:44:49.831Z,,unit
048509e8-a1b4-4527-a36f-f56506e065cf,AHSP-R1566,Tangki toren kap. 4 m3,,material,active,,2026-07-26T19:44:49.876Z,a0000000-0000-0000-0000-000000000001,2026-07-26T19:44:49.876Z,,unit
9f404da0-8820-4812-b155-85b3a2360540,AHSP-R1567,Tangki toren kap. 5 m3,,material,active,,2026-07-26T19:44:49.921Z,a0000000-0000-0000-0000-000000000001,2026-07-26T19:44:49.921Z,,unit
92f44d73-4248-439c-8095-475b888236d7,AHSP-R1568,"Tangki toren kap. 5,5 m3",,material,active,,2026-07-26T19:44:49.967Z,a0000000-0000-0000-0000-000000000001,2026-07-26T19:44:49.967Z,,unit
e32cda6c-a964-40a7-8f34-46e387dac9cd,AHSP-R1569,Tangki toren kap. 6 m3,,material,active,,2026-07-26T19:44:50.012Z,a0000000-0000-0000-0000-000000000001,2026-07-26T19:44:50.012Z,,unit
4e27ca4d-9c1a-4c69-9cec-5542815fa530,AHSP-R1570,Tangki Panel FRP kap. 12 m3,,material,active,,2026-07-26T19:44:50.058Z,a0000000-0000-0000-0000-000000000001,2026-07-26T19:44:50.058Z,,unit
39a43027-95cf-48af-aef4-939279a1d142,AHSP-R1571,Tangki panel Stainless Steel kapasitas 12 m3 + Material Bantu / Aksesoris,,material,active,,2026-07-26T19:44:50.103Z,a0000000-0000-0000-0000-000000000001,2026-07-26T19:44:50.103Z,,unit
d7edac3e-c800-4ffb-a2b5-5a7715a0401f,AHSP-R1572,"Tangki panel GRP
kapasitas 12 m3 +
Material Bantu /
Aksesoris",,material,active,,2026-07-26T19:44:50.148Z,a0000000-0000-0000-0000-000000000001,2026-07-26T19:44:50.148Z,,unit
2d1a0a86-f237-407d-8bdf-c6ce857aa3e1,AHSP-R1573,"Tangki Toren Kapasitas 0,5 m3",,material,active,,2026-07-26T19:44:50.193Z,a0000000-0000-0000-0000-000000000001,2026-07-26T19:44:50.193Z,,unit
f819523c-eda3-4170-b086-7b58980b7a0e,AHSP-R1574,"Tangki panel GRP kapasitas 16 m3 + 
Material Bantu / Aksesoris",,material,active,,2026-07-26T19:44:50.239Z,a0000000-0000-0000-0000-000000000001,2026-07-26T19:44:50.239Z,,unit
bd179bb3-7d4e-49e6-9e3d-800bcd55ec0e,AHSP-R1575,"Tangki Toren Kapasitas 2,2 m3 + 
Material Bantu / Aksesoris",,material,active,,2026-07-26T19:44:50.284Z,a0000000-0000-0000-0000-000000000001,2026-07-26T19:44:50.284Z,,unit
76dfd952-246e-4f05-a309-07019f7ea837,AHSP-R1576,Pompa transfer 150 lpm (centrifugal end suction),,material,active,,2026-07-26T19:44:50.330Z,a0000000-0000-0000-0000-000000000001,2026-07-26T19:44:50.330Z,,unit
ece6006f-8de2-4205-933f-65f6e9b74d0a,AHSP-R1577,Pompa booster 450 lpm (centrifugal end suction),,material,active,,2026-07-26T19:44:50.375Z,a0000000-0000-0000-0000-000000000001,2026-07-26T19:44:50.375Z,,unit
36bfc03c-ab54-445d-abb2-39350ba8b91a,AHSP-R1578,Pompa booster 150 lpm (vertical in line-packaged),,material,active,,2026-07-26T19:44:50.420Z,a0000000-0000-0000-0000-000000000001,2026-07-26T19:44:50.420Z,,unit
78f1473a-f64a-46c6-b204-663da87bf4b1,AHSP-R1579,Pompa jet 27 lpm,,material,active,,2026-07-26T19:44:50.467Z,a0000000-0000-0000-0000-000000000001,2026-07-26T19:44:50.467Z,,unit
a8a68604-1528-4371-a0ad-418edc890eb7,AHSP-R1580,Pompa jet 34 lpm,,material,active,,2026-07-26T19:44:50.512Z,a0000000-0000-0000-0000-000000000001,2026-07-26T19:44:50.512Z,,unit
f05dec66-347b-4582-a563-426eb6a03f4c,AHSP-R1581,Pompa jet 100 lpm,,material,active,,2026-07-26T19:44:50.558Z,a0000000-0000-0000-0000-000000000001,2026-07-26T19:44:50.558Z,,unit
2148f96d-402c-4c06-9481-905516054230,AHSP-R1582,Pompa lift 80 lpm,,material,active,,2026-07-26T19:44:50.604Z,a0000000-0000-0000-0000-000000000001,2026-07-26T19:44:50.604Z,,unit
6e54ae46-1640-4f4e-adb9-04078140955c,AHSP-R1583,Pompa lift 250 lpm,,material,active,,2026-07-26T19:44:50.649Z,a0000000-0000-0000-0000-000000000001,2026-07-26T19:44:50.649Z,,unit
f164642b-3845-4777-bc34-f74ca1bf6047,AHSP-R1584,Pompa Jet 30 lpm,,material,active,,2026-07-26T19:44:50.694Z,a0000000-0000-0000-0000-000000000001,2026-07-26T19:44:50.694Z,,unit
f5aaa632-1414-450d-bf15-92bf7e9773df,AHSP-R1585,"Pompa Transfer 500 lpm (Centrifugal End 
Suction) + Material Bantu / Aksesoris",,material,active,,2026-07-26T19:44:50.741Z,a0000000-0000-0000-0000-000000000001,2026-07-26T19:44:50.741Z,,unit
5be20f52-604f-405f-a84d-e17ca3f60489,AHSP-R1586,"Pompa Transfer 50 lpm (Centrifugal End 
Suction) + Material Bantu / Aksesoris",,material,active,,2026-07-26T19:44:50.786Z,a0000000-0000-0000-0000-000000000001,2026-07-26T19:44:50.786Z,,unit
7e4ce5a1-c9fc-4162-befd-93ca79da1521,AHSP-R1587,"Pompa Transfer 450 lpm (Horizontal Centrifugal Pump) + 
Material Bantu /Aksesoris",,material,active,,2026-07-26T19:44:50.832Z,a0000000-0000-0000-0000-000000000001,2026-07-26T19:44:50.832Z,,unit
55e7d02f-df73-4dee-b891-b22129d617c1,AHSP-R1588,"Pompa Centrifugal 900 lpm + Material 
Bantu dan Aksesoris",,material,active,,2026-07-26T19:44:50.878Z,a0000000-0000-0000-0000-000000000001,2026-07-26T19:44:50.878Z,,unit
9cc15a4e-a385-4c01-a3e4-746b9442786a,AHSP-R1589,"Pompa Dosing Kapasitas 0.5 lpm + 
Material Bantu /Aksesoris",,material,active,,2026-07-26T19:44:50.924Z,a0000000-0000-0000-0000-000000000001,2026-07-26T19:44:50.924Z,,unit
a48cad44-96ea-460b-82d8-605b570f89eb,AHSP-R1590,"Pompa Dosing Kapasitas 1.5 lpm + 
Material Bantu /Aksesoris",,material,active,,2026-07-26T19:44:50.969Z,a0000000-0000-0000-0000-000000000001,2026-07-26T19:44:50.969Z,,unit
08f35681-3495-4135-b80e-430d05b7ee4b,AHSP-R1591,"Pompa Centrifugal 120 lpm + Material 
Bantu dan Aksesoris",,material,active,,2026-07-26T19:44:51.015Z,a0000000-0000-0000-0000-000000000001,2026-07-26T19:44:51.015Z,,unit
ccd077f0-bd78-400f-a65c-daba5ed70c96,AHSP-R1592,"Pompa Centrifugal 60 lpm + Material 
Bantu dan Aksesoris",,material,active,,2026-07-26T19:44:51.060Z,a0000000-0000-0000-0000-000000000001,2026-07-26T19:44:51.060Z,,unit
a1f1e3f5-a3d4-414c-af6d-81dc0afce5a0,AHSP-R1593,"Pompa Centrifugal 1000 lpm + Material 
Bantu dan Aksesoris",,material,active,,2026-07-26T19:44:51.106Z,a0000000-0000-0000-0000-000000000001,2026-07-26T19:44:51.106Z,,unit
0c6c4d8e-821f-46d7-988c-632bb1b365c7,AHSP-R1594,"Sand filter kap. 0,1 m3/hari",,material,active,,2026-07-26T19:44:51.153Z,a0000000-0000-0000-0000-000000000001,2026-07-26T19:44:51.153Z,,unit
80a5649d-393d-4066-ab05-2390f9069e24,AHSP-R1595,Sand filter kap. 14 m3/hari,,material,active,,2026-07-26T19:44:51.199Z,a0000000-0000-0000-0000-000000000001,2026-07-26T19:44:51.199Z,,unit
3a34b9cf-e271-4923-ae5b-ec9d09fd65ee,AHSP-R1596,"Carbon filter kap. 0,1 m3/hari",,material,active,,2026-07-26T19:44:51.245Z,a0000000-0000-0000-0000-000000000001,2026-07-26T19:44:51.245Z,,unit
8cb3d999-d359-46c6-b266-5ba9f67a7fe0,AHSP-R1597,"Carbon filter kap. 0,6 m3/hari",,material,active,,2026-07-26T19:44:51.291Z,a0000000-0000-0000-0000-000000000001,2026-07-26T19:44:51.291Z,,unit
0da6f391-4f0e-472a-b573-f4be4f31cb93,AHSP-R1598,"Silika filter kap. 0,1 m3/hari",,material,active,,2026-07-26T19:44:51.338Z,a0000000-0000-0000-0000-000000000001,2026-07-26T19:44:51.338Z,,unit
384a78fd-30a1-46fc-ba8b-5a10e0fa7d46,AHSP-R1599,Tube Settler,,material,active,,2026-07-26T19:44:51.382Z,a0000000-0000-0000-0000-000000000001,2026-07-26T19:44:51.382Z,,m2
3e3c60b4-a8e2-4603-8cb6-56b8d94dcbe7,AHSP-R1600,Priming tank fiber 500 liter,,material,active,,2026-07-26T19:44:51.428Z,a0000000-0000-0000-0000-000000000001,2026-07-26T19:44:51.428Z,,unit
a94dc943-86cb-417a-be38-14e968405844,AHSP-R1601,Priming tank fiber 800 liter,,material,active,,2026-07-26T19:44:51.473Z,a0000000-0000-0000-0000-000000000001,2026-07-26T19:44:51.473Z,,unit
6430be9b-3f7f-4f8b-a600-309ce42f5fc6,AHSP-R1602,Priming tank fiber 1.000 liter,,material,active,,2026-07-26T19:44:51.518Z,a0000000-0000-0000-0000-000000000001,2026-07-26T19:44:51.518Z,,unit
f0e7c36d-bfa2-4b3d-b4b3-27b020badea9,AHSP-R1603,Priming tank fiber 2.000 liter,,material,active,,2026-07-26T19:44:51.564Z,a0000000-0000-0000-0000-000000000001,2026-07-26T19:44:51.564Z,,unit
54e6e01b-94a8-4a4c-a21b-0cf4c14d9417,AHSP-R1604,Pressure tank 1.000 liter,,material,active,,2026-07-26T19:44:51.610Z,a0000000-0000-0000-0000-000000000001,2026-07-26T19:44:51.610Z,,unit
7e33ac02-c8cf-4cd7-ba6d-873c678c77a6,AHSP-R1605,Tangki Anti Water Hammer + Material Bantu/Aksesoris,,material,active,,2026-07-26T19:44:51.655Z,a0000000-0000-0000-0000-000000000001,2026-07-26T19:44:51.655Z,,unit
c77825d3-1bd7-4311-aed1-b184689268b0,AHSP-R1606,"Agitator Tangki Pelarutan 200-300 
rpm + Material Bantu dan Aksesoris",,material,active,,2026-07-26T19:44:51.700Z,a0000000-0000-0000-0000-000000000001,2026-07-26T19:44:51.700Z,,unit
ebf97b3c-c82a-4ef2-968b-026b026f4b74,AHSP-R1607,Sewage Treatment Plant (STP) fiberglass kap. 2 m3,,material,active,,2026-07-26T19:44:51.746Z,a0000000-0000-0000-0000-000000000001,2026-07-26T19:44:51.746Z,,unit
eb489ec4-6995-4493-b635-f32c520b9edf,AHSP-R1608,Sewage Treatment Plant (STP) fiberglass kap. 5 m3,,material,active,,2026-07-26T19:44:51.791Z,a0000000-0000-0000-0000-000000000001,2026-07-26T19:44:51.791Z,,unit
2d85d3c5-3f6d-4972-938d-e4e5c151cc9a,AHSP-R1609,Sewage Treatment Plant (STP) fiberglass kap. 10 m3,,material,active,,2026-07-26T19:44:51.837Z,a0000000-0000-0000-0000-000000000001,2026-07-26T19:44:51.837Z,,unit
97c2605e-8b23-4238-aa32-cd50b698e73a,AHSP-R1610,Sewage Treatment Plant (STP) fiberglass kap. 30 m3,,material,active,,2026-07-26T19:44:51.882Z,a0000000-0000-0000-0000-000000000001,2026-07-26T19:44:51.882Z,,unit
02b36e7f-3b5c-406b-a499-710709f60693,AHSP-R1611,Sewage Treatment Plant (STP) precast kap. 30 m3,,material,active,,2026-07-26T19:44:51.928Z,a0000000-0000-0000-0000-000000000001,2026-07-26T19:44:51.928Z,,unit
3aae7156-16a2-44af-9f7f-2d77b9387bf0,AHSP-R1612,"BioFilter Anaerobic Aerobic Clarifier 
Packed Kap. 50 m3 + Material Bantu / Aksesoris",,material,active,,2026-07-26T19:44:51.974Z,a0000000-0000-0000-0000-000000000001,2026-07-26T19:44:51.974Z,,unit
e5a82384-e810-477a-aa44-75487b55d84a,AHSP-R1613,Submersible cutter pump kap. 100 lpm,,material,active,,2026-07-26T19:44:52.020Z,a0000000-0000-0000-0000-000000000001,2026-07-26T19:44:52.020Z,,unit
1baa1ac2-86b3-4636-8f3d-6aba40d72a43,AHSP-R1614,"Pompa Jenis Submersible Cutter 
Pump Kap. 75 LPM + Material Bantu / 
Aksesoris",,material,active,,2026-07-26T19:44:52.065Z,a0000000-0000-0000-0000-000000000001,2026-07-26T19:44:52.065Z,,unit
7f47fdd0-21f9-42cc-b068-b0c9005b7890,AHSP-R1615,"Pompa Jenis Submersible Cutter 
Pump Kap. 100 LPM + Material Bantu / 
Aksesoris",,material,active,,2026-07-26T19:44:52.111Z,a0000000-0000-0000-0000-000000000001,2026-07-26T19:44:52.111Z,,unit
a24bf5d6-4064-498d-85ab-d5e3288dcf68,AHSP-R1616,"Grease trap portable fiberglass, kap. 30 Liter",,material,active,,2026-07-26T19:44:52.157Z,a0000000-0000-0000-0000-000000000001,2026-07-26T19:44:52.157Z,,unit
a7566f10-1e60-4c4a-88ff-78df42d73319,AHSP-R1617,"Grease trap portable stainless, kap. 30 Liter",,material,active,,2026-07-26T19:44:52.202Z,a0000000-0000-0000-0000-000000000001,2026-07-26T19:44:52.202Z,,unit
b319b4f2-e72c-4c04-9a90-94793b84e0eb,AHSP-R1618,"Grease trap central fiberglass, kap. 5 m3",,material,active,,2026-07-26T19:44:52.248Z,a0000000-0000-0000-0000-000000000001,2026-07-26T19:44:52.248Z,,unit
c3f1aa00-ad2a-4a00-889d-3f7b63e520fa,AHSP-R1619,Galian tanah biasa,,material,active,,2026-07-26T19:44:52.293Z,a0000000-0000-0000-0000-000000000001,2026-07-26T19:44:52.293Z,,m3
ea26eff8-1d88-43c3-81db-d99bcff5fd4a,AHSP-R1620,Urukan Tanah,,material,active,,2026-07-26T19:44:52.338Z,a0000000-0000-0000-0000-000000000001,2026-07-26T19:44:52.338Z,,m3
d918b99d-6804-44b8-94df-e9d1b1a9f5b9,AHSP-R1621,Buis beton dia. 80 cm,,material,active,,2026-07-26T19:44:52.384Z,a0000000-0000-0000-0000-000000000001,2026-07-26T19:44:52.384Z,,buah
6a06454a-a302-4374-abb0-328a018e6366,AHSP-R1622,Beton,,material,active,,2026-07-26T19:44:52.429Z,a0000000-0000-0000-0000-000000000001,2026-07-26T19:44:52.429Z,,m3
abcbb5bc-6516-4ecf-9cc4-bc4be5d72775,AHSP-R1623,Tulangan,,material,active,,2026-07-26T19:44:52.474Z,a0000000-0000-0000-0000-000000000001,2026-07-26T19:44:52.474Z,,kg
b07aa154-5deb-407f-ae40-dadde145c14a,AHSP-R1624,Bekisting,,material,active,,2026-07-26T19:44:52.519Z,a0000000-0000-0000-0000-000000000001,2026-07-26T19:44:52.519Z,,m2
d0a15962-d9b9-4aba-aaf6-eb6cf053d6e6,AHSP-R1625,"Pipa PVC D Ø 4""",,material,active,,2026-07-26T19:44:52.565Z,a0000000-0000-0000-0000-000000000001,2026-07-26T19:44:52.565Z,,m1
6aed6df8-f771-4259-a0b7-9b3dd78e20a6,AHSP-R1626,"Pipa PVC AW ; DN.
1/2"" (15 mm) +
fitting & aksesoris",,material,active,,2026-07-26T19:44:52.610Z,a0000000-0000-0000-0000-000000000001,2026-07-26T19:44:52.610Z,,m1
68532765-7c56-461d-ab36-faf5d4fce445,AHSP-R1627,"Pipa PVC AW ; DN.
3/4"" (20 mm) +
fitting & aksesoris",,material,active,,2026-07-26T19:44:52.656Z,a0000000-0000-0000-0000-000000000001,2026-07-26T19:44:52.656Z,,m1
464cfa20-0bb0-4a4a-9f85-de4961c45745,AHSP-R1628,"Pipa PVC AW ; DN. 1""
(25 mm) + fitting &
aksesoris",,material,active,,2026-07-26T19:44:52.701Z,a0000000-0000-0000-0000-000000000001,2026-07-26T19:44:52.701Z,,m1
b3668905-7320-464d-a17d-223a012aa049,AHSP-R1629,"Pipa PVC AW ; DN. 1-
1/4"" (32 mm) +
fitting & aksesoris",,material,active,,2026-07-26T19:44:52.746Z,a0000000-0000-0000-0000-000000000001,2026-07-26T19:44:52.746Z,,m1
a577b0f0-13f4-4f92-a1e8-a67c4935314c,AHSP-R1630,"Pipa PVC AW ; DN. 1-
1/2"" (40 mm) +
fitting & aksesoris",,material,active,,2026-07-26T19:44:52.792Z,a0000000-0000-0000-0000-000000000001,2026-07-26T19:44:52.792Z,,m1
3dfb2d87-695b-4dbe-86a0-69397d76cca9,AHSP-R1631,"Pipa PVC AW ; DN. 2"" (50 mm) + fitting & aksesoris",,material,active,,2026-07-26T19:44:52.838Z,a0000000-0000-0000-0000-000000000001,2026-07-26T19:44:52.838Z,,m1
9685cb82-dc62-44d5-b179-725f1194a2a4,AHSP-R1989,"Header Pipa BS SCH 40 Dia. 8""",,material,active,,2026-07-26T19:45:09.315Z,a0000000-0000-0000-0000-000000000001,2026-07-26T19:45:09.315Z,,m1
4afc9795-c778-4646-85b1-f65ad96879a3,AHSP-R1632,"Pipa PVC AW ; DN. 2-1/2"" (65 mm) + fitting & aksesoris",,material,active,,2026-07-26T19:44:52.883Z,a0000000-0000-0000-0000-000000000001,2026-07-26T19:44:52.883Z,,m1
125aea61-d3dc-4566-a9ff-c16fa666ef83,AHSP-R1633,"Pipa PVC AW ; DN. 3""
(80 mm) + fitting &
aksesoris",,material,active,,2026-07-26T19:44:52.930Z,a0000000-0000-0000-0000-000000000001,2026-07-26T19:44:52.930Z,,m1
1d6a33cb-210a-4618-a2df-559aa1101b3c,AHSP-R1634,"Pipa PVC AW ; DN. 4""
(100 mm) + fitting &
aksesoris",,material,active,,2026-07-26T19:44:52.975Z,a0000000-0000-0000-0000-000000000001,2026-07-26T19:44:52.975Z,,m1
93ac91b1-a2ce-4bc7-b0bc-1b85a10078e3,AHSP-R1635,"Pipa PVC AW ; DN. 5""
(125 mm) + fitting &
aksesoris",,material,active,,2026-07-26T19:44:53.020Z,a0000000-0000-0000-0000-000000000001,2026-07-26T19:44:53.020Z,,m1
e3705537-2e13-48cd-82d4-956aa3e9defd,AHSP-R1636,"Pemasangan 1 m pipa PVC AW, DN. 6"" (150 mm)",,material,active,,2026-07-26T19:44:53.066Z,a0000000-0000-0000-0000-000000000001,2026-07-26T19:44:53.066Z,,m1
a688d670-9834-4b9c-bc7d-b587456d94cf,AHSP-R1637,"Pipa PVC AW ; DN. 8""
(200 mm) + fitting &
aksesoris",,material,active,,2026-07-26T19:44:53.112Z,a0000000-0000-0000-0000-000000000001,2026-07-26T19:44:53.112Z,,m1
7612d17d-d75b-44f3-ac7e-88c55ab85f6b,AHSP-R1638,"Pipa PVC AW ; DN.
10"" (250 mm) +
fitting & aksesoris",,material,active,,2026-07-26T19:44:53.157Z,a0000000-0000-0000-0000-000000000001,2026-07-26T19:44:53.157Z,,m1
fa511f93-f1bd-4640-b8b5-aed6761e7766,AHSP-R1639,"Pipa PVC AW ; DN. 12"" (300 mm) + fitting & aksesoris",,material,active,,2026-07-26T19:44:53.203Z,a0000000-0000-0000-0000-000000000001,2026-07-26T19:44:53.203Z,,m1
3c8812c0-760a-467d-b72c-8024ffe48606,AHSP-R1640,"Pipa PVC AW ; DN. 14"" (350 mm) + fitting & aksesoris",,material,active,,2026-07-26T19:44:53.248Z,a0000000-0000-0000-0000-000000000001,2026-07-26T19:44:53.248Z,,m1
3ee3c4e2-ae0b-428e-ac51-ac983eeb3d00,AHSP-R1641,"Pipa PVC AW ; DN. 16"" (400 mm) + fitting & aksesoris",,material,active,,2026-07-26T19:44:53.294Z,a0000000-0000-0000-0000-000000000001,2026-07-26T19:44:53.294Z,,m1
0036b5bd-eaf0-4283-8b0d-1d6d3f352711,AHSP-R1642,"Pipa PVC D ; DN. 1-1/4"" (32 mm) + fitting & aksesoris",,material,active,,2026-07-26T19:44:53.340Z,a0000000-0000-0000-0000-000000000001,2026-07-26T19:44:53.340Z,,m1
7667f604-c96c-4b68-bd39-d282eaec68c3,AHSP-R1643,"Pipa PVC D ; DN. 1-1/2"" (40 mm) + fitting & aksesoris",,material,active,,2026-07-26T19:44:53.385Z,a0000000-0000-0000-0000-000000000001,2026-07-26T19:44:53.385Z,,m1
a57142ab-7979-475b-9ae3-0a65764d7784,AHSP-R1644,"Pipa PVC D ; DN. 2"" (50 mm) + fitting & aksesoris",,material,active,,2026-07-26T19:44:53.429Z,a0000000-0000-0000-0000-000000000001,2026-07-26T19:44:53.429Z,,m1
aa0d1c27-5c5e-4631-af70-00d878aaf962,AHSP-R1645,"Pipa PVC D ; DN.
2-1/2"" (65 mm) +
fitting & aksesoris",,material,active,,2026-07-26T19:44:53.475Z,a0000000-0000-0000-0000-000000000001,2026-07-26T19:44:53.475Z,,m1
e4843426-828c-409f-8db2-87c65e543d4d,AHSP-R1646,"Pipa PVC D ; DN.
3"" (80 mm) + fitting &
aksesoris",,material,active,,2026-07-26T19:44:53.520Z,a0000000-0000-0000-0000-000000000001,2026-07-26T19:44:53.520Z,,m1
0089a2d8-79bd-4401-a02d-1ba553289847,AHSP-R1647,"Pipa PVC D ; DN. 4"" (100 mm) + fitting & aksesoris",,material,active,,2026-07-26T19:44:53.565Z,a0000000-0000-0000-0000-000000000001,2026-07-26T19:44:53.565Z,,m1
eaa18b8c-5088-4ec8-a4cb-d7c34b0322bb,AHSP-R1648,"Pipa PVC D ; DN. 5"" (125 mm) + fitting & aksesoris",,material,active,,2026-07-26T19:44:53.610Z,a0000000-0000-0000-0000-000000000001,2026-07-26T19:44:53.610Z,,m1
8f61be7f-15a9-4d41-ad66-96da9b834c90,AHSP-R1649,"Pipa PVC D ; DN. 6"" (150 mm) + fitting & aksesoris",,material,active,,2026-07-26T19:44:53.655Z,a0000000-0000-0000-0000-000000000001,2026-07-26T19:44:53.655Z,,m1
5897e07b-16f7-4fd7-9436-17be125b3832,AHSP-R1650,"Pipa PVC D ; DN. 8"" (200 mm) + fitting & aksesoris",,material,active,,2026-07-26T19:44:53.701Z,a0000000-0000-0000-0000-000000000001,2026-07-26T19:44:53.701Z,,m1
5e54ae7c-c490-4d8c-a07a-0dddaacb6d14,AHSP-R1651,"Pipa PVC D ; DN.
10"" (250 mm) +
fitting & aksesoris",,material,active,,2026-07-26T19:44:53.746Z,a0000000-0000-0000-0000-000000000001,2026-07-26T19:44:53.746Z,,m1
c087541f-7ba7-4563-8aee-38f4a2615f9e,AHSP-R1652,"Pipa PVC D ; DN.
12"" (300 mm) +
fitting & aksesoris",,material,active,,2026-07-26T19:44:53.792Z,a0000000-0000-0000-0000-000000000001,2026-07-26T19:44:53.792Z,,m1
3552ac1b-ac22-4197-b9d7-261b7b522507,AHSP-R1653,"Pipa PVC D ; DN.
14"" (350 mm) +
fitting & aksesoris",,material,active,,2026-07-26T19:44:53.837Z,a0000000-0000-0000-0000-000000000001,2026-07-26T19:44:53.837Z,,m1
a9f5a0ba-3cfd-40a4-9a06-4cf8fa53dba1,AHSP-R1654,"Pipa PVC D ; DN.
16"" (400 mm) +
fitting & aksesoris",,material,active,,2026-07-26T19:44:53.883Z,a0000000-0000-0000-0000-000000000001,2026-07-26T19:44:53.883Z,,m1
548cbd80-34de-42f8-90c5-f0811dc1e68d,AHSP-R1655,"Pipa galvanis MED CLASS ; DN. 1/2"" (15 mm) + fitting & aksesoris",,material,active,,2026-07-26T19:44:53.928Z,a0000000-0000-0000-0000-000000000001,2026-07-26T19:44:53.928Z,,m1
76122047-2fbe-480c-92f6-5d76d9d63e2c,AHSP-R1656,"Pipa galvanis MED CLASS ; DN. 3/4"" (20 mm) + fitting & aksesoris",,material,active,,2026-07-26T19:44:53.973Z,a0000000-0000-0000-0000-000000000001,2026-07-26T19:44:53.973Z,,m1
1668620e-e839-40fe-8fbf-3f01dae6cd6a,AHSP-R1657,"Pipa galvanis MED
CLASS ; DN. 1"" (25
mm) + fitting &
aksesoris",,material,active,,2026-07-26T19:44:54.019Z,a0000000-0000-0000-0000-000000000001,2026-07-26T19:44:54.019Z,,m1
fe13afbd-dbb8-400a-bdc0-fdf431537073,AHSP-R1658,"Pipa galvanis MED
CLASS ; DN. 1-1/4""
(32 mm) + fitting &
aksesoris",,material,active,,2026-07-26T19:44:54.069Z,a0000000-0000-0000-0000-000000000001,2026-07-26T19:44:54.069Z,,m1
d1748711-68b3-41c3-94b5-01ba79e43aa8,AHSP-R1659,"Pipa galvanis MED CLASS ; DN. 1-1/2"" (40 mm) + fitting & aksesoris",,material,active,,2026-07-26T19:44:54.115Z,a0000000-0000-0000-0000-000000000001,2026-07-26T19:44:54.115Z,,m1
e4da8592-f19d-4d5a-98fb-1cbfdce2c655,AHSP-R1660,"Pipa galvanis MED CLASS ; DN. 2"" (50 mm) + fitting & aksesoris",,material,active,,2026-07-26T19:44:54.160Z,a0000000-0000-0000-0000-000000000001,2026-07-26T19:44:54.160Z,,m1
5c14b41b-e046-4cef-abbe-56f1af575de4,AHSP-R1661,"Pipa galvanis MED CLASS ; DN. 2-1/2"" (65 mm) + fitting & aksesoris",,material,active,,2026-07-26T19:44:54.206Z,a0000000-0000-0000-0000-000000000001,2026-07-26T19:44:54.206Z,,m1
4a506c0f-f3c7-4a94-a797-a2727e37246b,AHSP-R1662,"Pipa galvanis MED CLASS ; DN. 3"" (80 mm) + fitting & aksesoris",,material,active,,2026-07-26T19:44:54.251Z,a0000000-0000-0000-0000-000000000001,2026-07-26T19:44:54.251Z,,m1
03954673-ec87-42f6-832e-31d7fdd16bdd,AHSP-R1663,"Pipa galvanis MED CLASS ; DN. 4"" (100 mm) + fitting & aksesoris",,material,active,,2026-07-26T19:44:54.296Z,a0000000-0000-0000-0000-000000000001,2026-07-26T19:44:54.296Z,,m1
d8cf4bbb-9a79-4366-8082-1e9c18d2d498,AHSP-R1664,"Pipa galvanis MED CLASS ; DN. 5"" (125 mm) + fitting & aksesoris",,material,active,,2026-07-26T19:44:54.343Z,a0000000-0000-0000-0000-000000000001,2026-07-26T19:44:54.343Z,,m1
ace0a9a0-ff7c-4df1-8160-df1220dd7b95,AHSP-R1665,"Pipa galvanis MED CLASS ; DN. 6"" (150 mm) + fitting & aksesoris",,material,active,,2026-07-26T19:44:54.388Z,a0000000-0000-0000-0000-000000000001,2026-07-26T19:44:54.388Z,,m1
d5ee5f07-fdea-4ba4-a9eb-912a28665a1c,AHSP-R1666,"Pipa galvanis MED CLASS ; DN. 8"" (200 mm) + fitting & aksesoris",,material,active,,2026-07-26T19:44:54.434Z,a0000000-0000-0000-0000-000000000001,2026-07-26T19:44:54.434Z,,m1
f0d5bda8-91e2-4ba1-96ba-067a79a8638d,AHSP-R1667,"Pipa galvanis MED CLASS ; DN. 10"" (250 mm) + fitting & aksesoris",,material,active,,2026-07-26T19:44:54.479Z,a0000000-0000-0000-0000-000000000001,2026-07-26T19:44:54.479Z,,m1
9df48940-f3c7-4303-a3a1-58e3bfb5d919,AHSP-R1668,"Pipa galvanis MED CLASS ; DN. 12"" (300 mm) + fitting & aksesoris",,material,active,,2026-07-26T19:44:54.524Z,a0000000-0000-0000-0000-000000000001,2026-07-26T19:44:54.524Z,,m1
0c40c158-f3c3-4877-bf7c-3eeab20c6022,AHSP-R1669,"Pipa galvanis MED CLASS ; DN. 14"" (350 mm) + fitting & aksesoris",,material,active,,2026-07-26T19:44:54.570Z,a0000000-0000-0000-0000-000000000001,2026-07-26T19:44:54.570Z,,m1
c9f05cde-b0da-416a-9b4d-873bd35bc688,AHSP-R1670,"Pipa galvanis MED CLASS ; DN. 16"" (400 mm) + fitting & aksesoris",,material,active,,2026-07-26T19:44:54.615Z,a0000000-0000-0000-0000-000000000001,2026-07-26T19:44:54.615Z,,m1
c2585c65-53bc-4936-97b6-022971434c56,AHSP-R1671,"Pipa galvanis SCH 40 ; DN. 1/2"" (15 mm) + fitting & aksesoris",,material,active,,2026-07-26T19:44:54.661Z,a0000000-0000-0000-0000-000000000001,2026-07-26T19:44:54.661Z,,m1
c27de901-3333-44bc-868e-eb7c6ed7a2be,AHSP-R1672,"Pipa galvanis SCH 40 ; DN. 3/4"" (20 mm) + fitting & aksesoris",,material,active,,2026-07-26T19:44:54.706Z,a0000000-0000-0000-0000-000000000001,2026-07-26T19:44:54.706Z,,m1
31a0555e-e65a-4ab1-9493-a63c3e25403f,AHSP-R1673,"Pipa galvanis SCH 40 ; DN. 1"" (25 mm) + fitting & aksesoris",,material,active,,2026-07-26T19:44:54.752Z,a0000000-0000-0000-0000-000000000001,2026-07-26T19:44:54.752Z,,m1
a143b95c-3ed7-4fce-94d0-da37cf96b781,AHSP-R1674,"Pipa galvanis SCH 40 ; DN. 1-1/4"" (32 mm) + fitting & aksesoris",,material,active,,2026-07-26T19:44:54.797Z,a0000000-0000-0000-0000-000000000001,2026-07-26T19:44:54.797Z,,m1
b37a3532-43cb-4c44-8509-2bb416b1e1dc,AHSP-R1675,"Pipa galvanis SCH 40 ; DN. 1-1/2"" (40 mm) + fitting & aksesoris",,material,active,,2026-07-26T19:44:54.842Z,a0000000-0000-0000-0000-000000000001,2026-07-26T19:44:54.842Z,,m1
58d19a60-e425-4fcc-9b31-15bbd3a71301,AHSP-R1676,"Pipa galvanis SCH 40 ; DN. 2"" (50 mm) + fitting & aksesoris",,material,active,,2026-07-26T19:44:54.887Z,a0000000-0000-0000-0000-000000000001,2026-07-26T19:44:54.887Z,,m1
3f6ce631-8407-4be0-a022-f63708ff8fae,AHSP-R1677,"Pipa galvanis SCH 40 ; DN. 2-1/2"" (65 mm) + fitting & aksesoris",,material,active,,2026-07-26T19:44:54.933Z,a0000000-0000-0000-0000-000000000001,2026-07-26T19:44:54.933Z,,m1
6ac486a3-37c1-490b-b131-734852a2e51e,AHSP-R1678,"Pipa galvanis SCH 40 ; DN. 3"" (80 mm) + fitting & aksesoris",,material,active,,2026-07-26T19:44:54.979Z,a0000000-0000-0000-0000-000000000001,2026-07-26T19:44:54.979Z,,m1
e883e9f0-1505-43a6-8f41-d28a29c7934f,AHSP-R1679,"Pipa galvanis SCH 40 ; DN. 4"" (100 mm) + fitting & aksesoris",,material,active,,2026-07-26T19:44:55.024Z,a0000000-0000-0000-0000-000000000001,2026-07-26T19:44:55.024Z,,m1
e120e586-313f-4b8c-8b1c-71cae99f5a07,AHSP-R1680,"Pipa galvanis SCH 40 ; DN. 5"" (125 mm) + fitting & aksesoris",,material,active,,2026-07-26T19:44:55.069Z,a0000000-0000-0000-0000-000000000001,2026-07-26T19:44:55.069Z,,m1
7113e054-e747-47f8-9c22-8fcd32cfff50,AHSP-R1681,"Pipa galvanis SCH 40 ; DN. 6"" (150 mm) + fitting & aksesoris",,material,active,,2026-07-26T19:44:55.114Z,a0000000-0000-0000-0000-000000000001,2026-07-26T19:44:55.114Z,,m1
673670e6-249f-4001-a0b4-dc9ca3099e59,AHSP-R1682,"Pipa galvanis SCH 40 ; DN. 8"" (200 mm) + fitting & aksesoris",,material,active,,2026-07-26T19:44:55.160Z,a0000000-0000-0000-0000-000000000001,2026-07-26T19:44:55.160Z,,m1
e7b582fd-a70f-4f8d-a446-c91d00349318,AHSP-R1683,"Pipa galvanis SCH 40 ; DN. 10"" (250 mm) + fitting & aksesoris",,material,active,,2026-07-26T19:44:55.204Z,a0000000-0000-0000-0000-000000000001,2026-07-26T19:44:55.204Z,,m1
e90ffe1a-dde1-4eb2-9961-6499376776b3,AHSP-R1684,"Pipa galvanis SCH 40 ; DN. 12"" (300 mm) + fitting & aksesoris",,material,active,,2026-07-26T19:44:55.250Z,a0000000-0000-0000-0000-000000000001,2026-07-26T19:44:55.250Z,,m1
5c5bfbcd-ccd5-4007-823d-694ac9d30abf,AHSP-R1685,"Pipa galvanis SCH 40 ; DN. 14"" (350 mm) + fitting & aksesoris",,material,active,,2026-07-26T19:44:55.296Z,a0000000-0000-0000-0000-000000000001,2026-07-26T19:44:55.296Z,,m1
d390c597-5cd1-426f-aca7-393ebe7f91ba,AHSP-R1686,"Pipa galvanis SCH 40 ; DN. 16"" (400 mm) + fitting & aksesoris",,material,active,,2026-07-26T19:44:55.341Z,a0000000-0000-0000-0000-000000000001,2026-07-26T19:44:55.341Z,,m1
be5d3bcc-c7b5-436a-be8e-bb17ce59e4df,AHSP-R1687,"Pipa PPR PN 10 ; DN. 1/2"" (15 mm) + fitting & aksesoris",,material,active,,2026-07-26T19:44:55.386Z,a0000000-0000-0000-0000-000000000001,2026-07-26T19:44:55.386Z,,m1
fac8d9e0-3c81-4d67-b600-48387a31acd4,AHSP-R1688,"Pipa PPR PN 10 ; DN. 3/4"" (20 mm) + fitting & aksesoris",,material,active,,2026-07-26T19:44:55.431Z,a0000000-0000-0000-0000-000000000001,2026-07-26T19:44:55.431Z,,m1
67af2e44-4022-4cb0-88d5-13a67832a092,AHSP-R1689,"Pipa PPR PN 10 ; DN. 1"" (25 mm) + fitting & aksesoris",,material,active,,2026-07-26T19:44:55.476Z,a0000000-0000-0000-0000-000000000001,2026-07-26T19:44:55.476Z,,m1
b84e4e98-db5f-4771-9791-fd7a8516c946,AHSP-R1690,"Pipa PPR PN 10 ; DN. 1-1/4"" (32 mm) + fitting & aksesoris",,material,active,,2026-07-26T19:44:55.522Z,a0000000-0000-0000-0000-000000000001,2026-07-26T19:44:55.522Z,,m1
96a9e275-18c9-4302-991b-e7d7f6d115a6,AHSP-R1691,"Pipa PPR PN 10 ; DN. 1-1/2"" (40 mm) + fitting & aksesoris",,material,active,,2026-07-26T19:44:55.567Z,a0000000-0000-0000-0000-000000000001,2026-07-26T19:44:55.567Z,,m1
bc41f5fc-dac3-417e-9ad2-c98e732a9395,AHSP-R1692,"Pipa PPR PN 10 ; DN. 2"" (50 mm) + fitting & aksesoris",,material,active,,2026-07-26T19:44:55.613Z,a0000000-0000-0000-0000-000000000001,2026-07-26T19:44:55.613Z,,m1
4cf54c8c-072c-4d6d-a89d-e94654fc122b,AHSP-R1693,"Pipa PPR PN 10 ; DN. 2-1/2"" (65 mm) + fitting & aksesoris",,material,active,,2026-07-26T19:44:55.658Z,a0000000-0000-0000-0000-000000000001,2026-07-26T19:44:55.658Z,,m1
a689bf54-b543-4ae0-835b-0c727806655c,AHSP-R1694,"Pipa PPR PN 10 ; DN. 3"" (80 mm) + fitting & aksesoris",,material,active,,2026-07-26T19:44:55.704Z,a0000000-0000-0000-0000-000000000001,2026-07-26T19:44:55.704Z,,m1
0d176488-d512-4709-b75b-d7971b0c87f3,AHSP-R1695,"Pipa PPR PN 10 ; DN. 4"" (100 mm) + fitting & aksesoris",,material,active,,2026-07-26T19:44:55.749Z,a0000000-0000-0000-0000-000000000001,2026-07-26T19:44:55.749Z,,m1
ea825640-90f3-4ca0-a81c-3c1fb07a4403,AHSP-R1696,"Pipa PPR PN 10 ; DN. 6"" (150 mm) + fitting & aksesoris",,material,active,,2026-07-26T19:44:55.794Z,a0000000-0000-0000-0000-000000000001,2026-07-26T19:44:55.794Z,,m1
c3af2c43-565b-4b29-a2ac-c0e589c34f60,AHSP-R1697,"Pipa PPR PN 20 ; DN. 1/2"" (15 mm) + fitting & aksesoris",,material,active,,2026-07-26T19:44:55.840Z,a0000000-0000-0000-0000-000000000001,2026-07-26T19:44:55.840Z,,m1
803239e9-f80b-476b-a937-e378a886b4aa,AHSP-R1698,"Pipa PPR PN 20 ; DN. 3/4"" (20 mm) + fitting & aksesoris",,material,active,,2026-07-26T19:44:55.886Z,a0000000-0000-0000-0000-000000000001,2026-07-26T19:44:55.886Z,,m1
3140ebe2-4bbf-4a2e-a52e-acba84e23d3c,AHSP-R1699,"Pipa PPR PN 20 ; DN. 1"" (25 mm) + fitting & aksesoris",,material,active,,2026-07-26T19:44:55.931Z,a0000000-0000-0000-0000-000000000001,2026-07-26T19:44:55.931Z,,m1
0bbbfea7-363d-4213-93ab-971d1bd7372e,AHSP-R1700,"Pipa PPR PN 20 ; DN. 1-1/4"" (32 mm) + fitting & aksesoris",,material,active,,2026-07-26T19:44:55.975Z,a0000000-0000-0000-0000-000000000001,2026-07-26T19:44:55.975Z,,m1
75612ba4-eadf-4ffe-8edb-1bab4907c478,AHSP-R1701,"Pipa PPR PN 20 ; DN. 1-1/2"" (40 mm) + fitting & aksesoris",,material,active,,2026-07-26T19:44:56.021Z,a0000000-0000-0000-0000-000000000001,2026-07-26T19:44:56.021Z,,m1
cace03ba-ea0e-420f-bfc7-7763318ba4af,AHSP-R1702,"Pipa PPR PN 20 ; DN. 2"" (50 mm) + fitting & aksesoris",,material,active,,2026-07-26T19:44:56.066Z,a0000000-0000-0000-0000-000000000001,2026-07-26T19:44:56.066Z,,m1
adb99a96-3798-4467-851b-a50437dc02e6,AHSP-R1703,"Pipa PPR PN 20 ; DN. 2-1/2"" (65 mm) + fitting & aksesoris",,material,active,,2026-07-26T19:44:56.112Z,a0000000-0000-0000-0000-000000000001,2026-07-26T19:44:56.112Z,,m1
ed8c9f54-6bd3-4110-abde-806ee8d0f6d4,AHSP-R1704,"Pipa PPR PN 20 ; DN. 3"" (80 mm) + fitting & aksesoris",,material,active,,2026-07-26T19:44:56.157Z,a0000000-0000-0000-0000-000000000001,2026-07-26T19:44:56.157Z,,m1
6ce83647-2453-4047-83c7-68d4614d8bec,AHSP-R1705,"Pipa PPR PN 20 ; DN. 4"" (100 mm) + fitting & aksesoris",,material,active,,2026-07-26T19:44:56.203Z,a0000000-0000-0000-0000-000000000001,2026-07-26T19:44:56.203Z,,m1
d204c267-9b2c-43de-af15-1bb5ec825878,AHSP-R1706,"Pipa PPR PN 20 ; DN. 6"" (150 mm) + fitting & akseso",,material,active,,2026-07-26T19:44:56.249Z,a0000000-0000-0000-0000-000000000001,2026-07-26T19:44:56.249Z,,m1
2038bc1d-96f3-4363-af51-32d2a329066e,AHSP-R1707,"Pipa BS MED CLASS ; DN. 1/2"" (15 mm) + fitting & aksesoris",,material,active,,2026-07-26T19:44:56.294Z,a0000000-0000-0000-0000-000000000001,2026-07-26T19:44:56.294Z,,m1
909e3158-0fff-4ec0-8b30-1d3c149c9a87,AHSP-R1708,"Pipa BS MED CLASS ; DN. 3/4"" (20 mm) + fitting & aksesoris",,material,active,,2026-07-26T19:44:56.338Z,a0000000-0000-0000-0000-000000000001,2026-07-26T19:44:56.338Z,,m1
8b8768f3-af08-4120-b6c1-04a109ce6cff,AHSP-R1709,"Pipa BS MED CLASS ; DN. 1"" (25 mm) + fitting & aksesoris",,material,active,,2026-07-26T19:44:56.384Z,a0000000-0000-0000-0000-000000000001,2026-07-26T19:44:56.384Z,,m1
072c823d-2e2b-435b-affc-f4bed439f62d,AHSP-R1710,"Pipa BS MED CLASS DN. 1-1/4"" (32 mm) + fitting & aksesoris",,material,active,,2026-07-26T19:44:56.429Z,a0000000-0000-0000-0000-000000000001,2026-07-26T19:44:56.429Z,,m1
84edb789-68ee-4c10-9baa-c0ff069360a0,AHSP-R1711,"Pipa BS MED CLASS DN. 1-1/2"" (40 mm) + fitting & aksesoris",,material,active,,2026-07-26T19:44:56.474Z,a0000000-0000-0000-0000-000000000001,2026-07-26T19:44:56.474Z,,m1
c4a9b1fb-3b76-4a03-a575-241fb1ed5688,AHSP-R1712,"Pipa BS MED CLASS ; DN. 2"" (50 mm) + fitting & aksesoris",,material,active,,2026-07-26T19:44:56.519Z,a0000000-0000-0000-0000-000000000001,2026-07-26T19:44:56.519Z,,m1
73014112-21a8-4c31-b859-e8523f3e56c9,AHSP-R1713,"Pipa BS MED CLASS DN. 2-1/2"" (65 mm) + fitting & aksesoris",,material,active,,2026-07-26T19:44:56.565Z,a0000000-0000-0000-0000-000000000001,2026-07-26T19:44:56.565Z,,m1
56b8f840-1669-47f9-b1fc-0f139c0f9ccb,AHSP-R1714,"Pipa BS MED CLASS ; DN. 3"" (80 mm) + fitting & aksesoris",,material,active,,2026-07-26T19:44:56.611Z,a0000000-0000-0000-0000-000000000001,2026-07-26T19:44:56.611Z,,m1
2f33789f-30b6-419a-805f-d754bbdb4889,AHSP-R1715,"Pipa BS MED CLASS ; DN. 4"" (100 mm) + fitting & aksesoris",,material,active,,2026-07-26T19:44:56.657Z,a0000000-0000-0000-0000-000000000001,2026-07-26T19:44:56.657Z,,m1
1e10e893-7d44-4af0-8d9f-6d94ac77ca2e,AHSP-R1716,"Pipa BS MED CLASS ; DN. 5"" (125 mm) + fitting & aksesoris",,material,active,,2026-07-26T19:44:56.702Z,a0000000-0000-0000-0000-000000000001,2026-07-26T19:44:56.702Z,,m1
72f3f450-54d3-4383-a0ef-3166cba4362a,AHSP-R1717,"Pipa BS MED CLASS ; DN. 6"" (150 mm) + fitting & aksesoris",,material,active,,2026-07-26T19:44:56.747Z,a0000000-0000-0000-0000-000000000001,2026-07-26T19:44:56.747Z,,m1
f0dd7aad-cadc-4a88-9d7c-fc71f207d462,AHSP-R1718,"Pipa BS MED CLASS ; DN. 8"" (200 mm) + fitting & aksesoris",,material,active,,2026-07-26T19:44:56.795Z,a0000000-0000-0000-0000-000000000001,2026-07-26T19:44:56.795Z,,m1
03755da2-392f-42b0-85d0-fea33eddfeb1,AHSP-R1719,"Pipa BS MED CLASS ; DN. 10"" (250 mm) + fitting & aksesoris",,material,active,,2026-07-26T19:44:56.841Z,a0000000-0000-0000-0000-000000000001,2026-07-26T19:44:56.841Z,,m1
4d39efc6-cd19-4b22-8e09-b4789a0ed9db,AHSP-R1720,"Pipa BS MED CLASS ; DN. 12"" (300 mm) + fitting & aksesoris",,material,active,,2026-07-26T19:44:56.886Z,a0000000-0000-0000-0000-000000000001,2026-07-26T19:44:56.886Z,,m1
961ec903-82c5-4311-809c-d6cac2df2185,AHSP-R1721,"Pipa BS MED CLASS ; DN. 14"" (350 mm) + fitting & aksesoris",,material,active,,2026-07-26T19:44:56.931Z,a0000000-0000-0000-0000-000000000001,2026-07-26T19:44:56.931Z,,m1
43500cc8-0081-45c2-b294-1853ca902b2d,AHSP-R1722,"Pipa BS MED CLASS ; DN. 16"" (400 mm) + fitting & aksesoris",,material,active,,2026-07-26T19:44:56.977Z,a0000000-0000-0000-0000-000000000001,2026-07-26T19:44:56.977Z,,m1
0b1c9c93-f828-4597-93aa-0e414d0f3af2,AHSP-R1723,"Pipa BS SCH 40 ; DN. 1/2"" (15 mm) + fitting & aksesoris",,material,active,,2026-07-26T19:44:57.024Z,a0000000-0000-0000-0000-000000000001,2026-07-26T19:44:57.024Z,,m1
c9122d95-ea60-45c4-be9f-fa0f8bb13a79,AHSP-R1724,"Pipa BS SCH 40 ; DN. 3/4"" (20 mm) + fitting & aksesoris",,material,active,,2026-07-26T19:44:57.070Z,a0000000-0000-0000-0000-000000000001,2026-07-26T19:44:57.070Z,,m1
8056af96-d280-44c0-9418-ad8605959312,AHSP-R1725,"Pipa BS SCH 40 ; DN. 1-1/4"" (32 mm) + fitting & aksesoris",,material,active,,2026-07-26T19:44:57.115Z,a0000000-0000-0000-0000-000000000001,2026-07-26T19:44:57.115Z,,m1
72f88ffe-ec7e-4308-a413-da5587221105,AHSP-R1726,"Pipa BS SCH 40 ; DN. 1-1/2"" (40 mm) + fitting & aksesoris",,material,active,,2026-07-26T19:44:57.161Z,a0000000-0000-0000-0000-000000000001,2026-07-26T19:44:57.161Z,,m1
6fa5177a-2328-4d82-9e83-05440e9e9bae,AHSP-R1727,"Pipa BS SCH 40 ; DN. 2"" (50 mm) + fitting & aksesoris",,material,active,,2026-07-26T19:44:57.206Z,a0000000-0000-0000-0000-000000000001,2026-07-26T19:44:57.206Z,,m1
01c11bc6-b98a-4fad-aebe-3fa3670448f7,AHSP-R1728,"Pipa BS SCH 40 ; DN. 2-1/2"" (65 mm) + fitting & aksesoris",,material,active,,2026-07-26T19:44:57.251Z,a0000000-0000-0000-0000-000000000001,2026-07-26T19:44:57.251Z,,m1
007d4699-04ca-4731-9e35-4d297d29298b,AHSP-R1729,"Pipa BS SCH 40 ; DN. 3"" (80 mm) + fitting & aksesoris",,material,active,,2026-07-26T19:44:57.297Z,a0000000-0000-0000-0000-000000000001,2026-07-26T19:44:57.297Z,,m1
bb0a824b-cc04-4b3c-8c6a-ee9251c57f50,AHSP-R1730,"Pipa BS SCH 40 ; DN. 4"" (100 mm) + fitting & aksesoris",,material,active,,2026-07-26T19:44:57.344Z,a0000000-0000-0000-0000-000000000001,2026-07-26T19:44:57.344Z,,m1
f4667808-aac4-4277-8dbf-35e0942b29b2,AHSP-R1731,"Pipa BS SCH 40 ; DN. 5"" (125 mm) + fitting & aksesoris",,material,active,,2026-07-26T19:44:57.389Z,a0000000-0000-0000-0000-000000000001,2026-07-26T19:44:57.389Z,,m1
c4d5681d-58bc-47be-9cf4-db409fba7604,AHSP-R1732,"Pipa BS SCH 40 ; DN. 6"" (150 mm) + fitting & aksesoris",,material,active,,2026-07-26T19:44:57.434Z,a0000000-0000-0000-0000-000000000001,2026-07-26T19:44:57.434Z,,m1
99881e0e-a9f7-480e-8422-976f681998d7,AHSP-R1733,"Pipa BS SCH 40 ; DN. 8"" (200 mm) + fitting & aksesoris",,material,active,,2026-07-26T19:44:57.480Z,a0000000-0000-0000-0000-000000000001,2026-07-26T19:44:57.480Z,,m1
4c5c239d-50f3-4e98-a5f0-89701c2a5d4e,AHSP-R1734,"Pipa BS SCH 40 ; DN. 10"" (250 mm) + fitting & aksesoris",,material,active,,2026-07-26T19:44:57.526Z,a0000000-0000-0000-0000-000000000001,2026-07-26T19:44:57.526Z,,m1
14f468bc-b9b3-40df-b0b5-88a171c220b5,AHSP-R1735,"Pipa BS SCH 40 ; DN. 12"" (300 mm) + fitting & aksesoris",,material,active,,2026-07-26T19:44:57.571Z,a0000000-0000-0000-0000-000000000001,2026-07-26T19:44:57.571Z,,m1
d8872abf-8e9b-49d9-ba56-98b04c94efe7,AHSP-R1736,"Pipa BS SCH 40 ; DN. 14"" (350 mm) + fitting & aksesoris",,material,active,,2026-07-26T19:44:57.616Z,a0000000-0000-0000-0000-000000000001,2026-07-26T19:44:57.616Z,,m1
f4a8e359-2947-45a8-a9e7-21128e847548,AHSP-R1737,"Pipa BS SCH 40 ; DN. 16"" (400 mm) + fitting & aksesoris",,material,active,,2026-07-26T19:44:57.663Z,a0000000-0000-0000-0000-000000000001,2026-07-26T19:44:57.663Z,,m1
70167f97-3e32-4165-a974-9c3930822f60,AHSP-R1738,"Pipa Tanah, DN. 6"" (150 mm",,material,active,,2026-07-26T19:44:57.709Z,a0000000-0000-0000-0000-000000000001,2026-07-26T19:44:57.709Z,,m1
ceb0ea29-d729-4257-945f-6172c3a71a7e,AHSP-R1739,"Pipa Tanah, DN. 8"" (200 mm)",,material,active,,2026-07-26T19:44:57.755Z,a0000000-0000-0000-0000-000000000001,2026-07-26T19:44:57.755Z,,m1
2e8c4472-4266-40dc-9f66-5ebef16199b2,AHSP-R1740,"Gate Valve dia. 1/2""",,material,active,,2026-07-26T19:44:57.802Z,a0000000-0000-0000-0000-000000000001,2026-07-26T19:44:57.802Z,,unit
7e4c7f93-4401-41a4-9db2-1ef943e31efa,AHSP-R1741,"Gate Valve dia. 3/4""",,material,active,,2026-07-26T19:44:57.847Z,a0000000-0000-0000-0000-000000000001,2026-07-26T19:44:57.847Z,,unit
f47ce4c0-0a5a-4fe0-a476-bebb4164799a,AHSP-R1742,"Gate Valve dia. 1""",,material,active,,2026-07-26T19:44:57.893Z,a0000000-0000-0000-0000-000000000001,2026-07-26T19:44:57.893Z,,unit
b5f72061-3ef1-46ca-a6ab-199d5359a61a,AHSP-R1743,"Gate Valve dia. 1-1/4""",,material,active,,2026-07-26T19:44:57.938Z,a0000000-0000-0000-0000-000000000001,2026-07-26T19:44:57.938Z,,unit
c18f13a0-cb14-4085-97ed-37bd93da0872,AHSP-R1744,"Gate Valve dia. 1-1/2""",,material,active,,2026-07-26T19:44:57.984Z,a0000000-0000-0000-0000-000000000001,2026-07-26T19:44:57.984Z,,unit
f2f32a49-d149-445f-ba37-0b8794ca3659,AHSP-R1745,"Gate Valve dia.2""",,material,active,,2026-07-26T19:44:58.030Z,a0000000-0000-0000-0000-000000000001,2026-07-26T19:44:58.030Z,,unit
cd23e427-562e-4fb3-8d78-bcd82b81b2d5,AHSP-R1746,"Gate Valve dia.2-1/2""",,material,active,,2026-07-26T19:44:58.075Z,a0000000-0000-0000-0000-000000000001,2026-07-26T19:44:58.075Z,,unit
a05cab3b-0e83-43b6-8234-69d9ad04656b,AHSP-R1747,"Gate Valve dia.3""",,material,active,,2026-07-26T19:44:58.120Z,a0000000-0000-0000-0000-000000000001,2026-07-26T19:44:58.120Z,,unit
3b536c79-af80-4896-bb9f-ae2e81d02616,AHSP-R1748,"Gate Valve dia.4""",,material,active,,2026-07-26T19:44:58.166Z,a0000000-0000-0000-0000-000000000001,2026-07-26T19:44:58.166Z,,unit
dbe12fc6-843d-4d70-a9d0-53dc9db4d44a,AHSP-R1749,"Gate Valve dia.5""",,material,active,,2026-07-26T19:44:58.212Z,a0000000-0000-0000-0000-000000000001,2026-07-26T19:44:58.212Z,,unit
41e803ab-26a3-4c3b-b17c-a6569b777d3e,AHSP-R1750,"Gate Valve dia.6""",,material,active,,2026-07-26T19:44:58.258Z,a0000000-0000-0000-0000-000000000001,2026-07-26T19:44:58.258Z,,unit
cffcf9e7-629b-4352-a613-fe4e12f271ce,AHSP-R1751,"Gate Valve dia.8""",,material,active,,2026-07-26T19:44:58.304Z,a0000000-0000-0000-0000-000000000001,2026-07-26T19:44:58.304Z,,unit
24ac4b07-3dc2-4343-92be-a6c67d41bf68,AHSP-R1752,"Gate Valve dia.10""",,material,active,,2026-07-26T19:44:58.349Z,a0000000-0000-0000-0000-000000000001,2026-07-26T19:44:58.349Z,,unit
036bf374-5dc7-4bc1-9642-e5620713b814,AHSP-R1753,"Gate Valve dia.12""",,material,active,,2026-07-26T19:44:58.394Z,a0000000-0000-0000-0000-000000000001,2026-07-26T19:44:58.394Z,,unit
11ba927e-bd49-4c75-a8d8-b582aa159cd7,AHSP-R1754,Gate valve 12 K ; DN 6“ (150 mm) + Material Bantu,,material,active,,2026-07-26T19:44:58.440Z,a0000000-0000-0000-0000-000000000001,2026-07-26T19:44:58.440Z,,unit
97037651-353f-41b2-aac9-f46d3fc7e67b,AHSP-R1755,Gate valve 16 K ; DN 1/2“ (15 mm) + Material Bantu,,material,active,,2026-07-26T19:44:58.485Z,a0000000-0000-0000-0000-000000000001,2026-07-26T19:44:58.485Z,,unit
62dece5e-b751-42d8-a944-3f6e47041c20,AHSP-R1756,Gate valve 16 K ; DN 3/4“ (20 mm) + Material Bantu,,material,active,,2026-07-26T19:44:58.531Z,a0000000-0000-0000-0000-000000000001,2026-07-26T19:44:58.531Z,,unit
ab25ad78-a848-442f-9f4d-83a34bc6085c,AHSP-R1757,Gate valve 16 K ; DN 1“ (25 mm) + Material Bantu,,material,active,,2026-07-26T19:44:58.577Z,a0000000-0000-0000-0000-000000000001,2026-07-26T19:44:58.577Z,,unit
d163586e-5cad-4221-b25e-ead0718ba550,AHSP-R1758,Gate valve 16 K ; DN 1-1/4“ (32 mm) + Material Bantu,,material,active,,2026-07-26T19:44:58.623Z,a0000000-0000-0000-0000-000000000001,2026-07-26T19:44:58.623Z,,unit
27898b0b-0cf3-4358-bd1e-8d851f80f658,AHSP-R1759,Gate valve 16 K ; DN 1-1/2“ (40 mm) + Material Bantu,,material,active,,2026-07-26T19:44:58.669Z,a0000000-0000-0000-0000-000000000001,2026-07-26T19:44:58.669Z,,unit
561715c5-83ab-4a14-9989-11f6da3cadff,AHSP-R1760,Gate valve 16 K ; DN 2“ (50 mm) + Material Bantu,,material,active,,2026-07-26T19:44:58.714Z,a0000000-0000-0000-0000-000000000001,2026-07-26T19:44:58.714Z,,unit
bf805a4f-287a-46d8-ad00-30094fbeca12,AHSP-R1761,Gate valve 16 K ; DN 2-1/2“ (65 mm) + Material Bantu,,material,active,,2026-07-26T19:44:58.760Z,a0000000-0000-0000-0000-000000000001,2026-07-26T19:44:58.760Z,,unit
09e643ac-d065-4cff-9f68-fc0e2e69fbdf,AHSP-R1762,Gate valve 16 K ; DN 3“ (80 mm) + Material Bantu,,material,active,,2026-07-26T19:44:58.806Z,a0000000-0000-0000-0000-000000000001,2026-07-26T19:44:58.806Z,,unit
2057a39b-f05c-4f94-959f-7965524b575e,AHSP-R1763,Gate valve 16 K ; DN 4“ (100 mm) + Material Bantu,,material,active,,2026-07-26T19:44:58.851Z,a0000000-0000-0000-0000-000000000001,2026-07-26T19:44:58.851Z,,unit
2ee92ce0-6696-4821-a0c6-6f101df63c29,AHSP-R1764,Gate valve 16 K ; DN 5“ (125 mm) + Material Bantu,,material,active,,2026-07-26T19:44:58.897Z,a0000000-0000-0000-0000-000000000001,2026-07-26T19:44:58.897Z,,unit
e38d0162-ecac-49c6-97a4-563e16da45ea,AHSP-R1765,Gate valve 16 K ; DN 6“ (150 mm) + Material Bantu,,material,active,,2026-07-26T19:44:58.942Z,a0000000-0000-0000-0000-000000000001,2026-07-26T19:44:58.942Z,,unit
e30eb42b-ff0c-40fe-b345-26bb0eae1d25,AHSP-R1766,Gate valve 16 K ; DN 8“ (200 mm) + Material Bantu,,material,active,,2026-07-26T19:44:58.987Z,a0000000-0000-0000-0000-000000000001,2026-07-26T19:44:58.987Z,,unit
e6b0841a-d6bd-440b-b909-ed92b3404dad,AHSP-R1767,Gate valve 16 K ; DN 10“ (250 mm) + Material Bantu,,material,active,,2026-07-26T19:44:59.033Z,a0000000-0000-0000-0000-000000000001,2026-07-26T19:44:59.033Z,,unit
689c3e33-5ea9-489f-9e3e-02893a457734,AHSP-R1768,Gate valve 16 K ; DN 12“ (300 mm) + Material Bantu,,material,active,,2026-07-26T19:44:59.078Z,a0000000-0000-0000-0000-000000000001,2026-07-26T19:44:59.078Z,,unit
bf639b26-e8ef-4bca-90ff-a5377c553985,AHSP-R1769,Gate valve 20 K ; DN 1/2“ (15 mm) + Material Bantu,,material,active,,2026-07-26T19:44:59.123Z,a0000000-0000-0000-0000-000000000001,2026-07-26T19:44:59.123Z,,unit
6fc8b69a-b0e8-4ec4-ac02-7b5c66baf21f,AHSP-R1770,Gate valve 20 K ; DN 1“ (25 mm) + Material Bantu,,material,active,,2026-07-26T19:44:59.168Z,a0000000-0000-0000-0000-000000000001,2026-07-26T19:44:59.168Z,,unit
6ddb6d05-4408-4595-9ec7-4f442b18c807,AHSP-R1771,Gate valve 20 K ; DN 2“ (50 mm) + Material Bantu,,material,active,,2026-07-26T19:44:59.213Z,a0000000-0000-0000-0000-000000000001,2026-07-26T19:44:59.213Z,,unit
60f2cbef-4df4-40f4-b559-5860b01eaadf,AHSP-R1772,Gate valve 20 K ; DN 2-1/2“ (65 mm) + Material Bantu,,material,active,,2026-07-26T19:44:59.260Z,a0000000-0000-0000-0000-000000000001,2026-07-26T19:44:59.260Z,,unit
c10df8f6-3a1f-4f5f-b357-45cea6597523,AHSP-R1773,Gate valve 25 K ; DN 3“ (80 mm) + Material Bantu,,material,active,,2026-07-26T19:44:59.306Z,a0000000-0000-0000-0000-000000000001,2026-07-26T19:44:59.306Z,,unit
2bbc22c6-1017-464c-b9ad-23740f6491b4,AHSP-R1774,Gate valve 25 K ; DN 4“ (100 mm) + Material Bantu,,material,active,,2026-07-26T19:44:59.351Z,a0000000-0000-0000-0000-000000000001,2026-07-26T19:44:59.351Z,,unit
c84a2f34-5dcd-435e-a679-8c2f628fef6f,AHSP-R1775,Gate valve 25 K ; DN 6“ (150 mm) + Material Bantu,,material,active,,2026-07-26T19:44:59.397Z,a0000000-0000-0000-0000-000000000001,2026-07-26T19:44:59.397Z,,unit
1bcfa6eb-0f28-4cab-8cd2-3a4ac234c2ab,AHSP-R1776,"Ball Velve dia. 1/2""",,material,active,,2026-07-26T19:44:59.443Z,a0000000-0000-0000-0000-000000000001,2026-07-26T19:44:59.443Z,,unit
35cea9dc-22d9-4e79-aba2-88505f409943,AHSP-R1777,"Ball Velve dia. 3/4""",,material,active,,2026-07-26T19:44:59.489Z,a0000000-0000-0000-0000-000000000001,2026-07-26T19:44:59.489Z,,unit
26f0c4b6-d8ba-4178-a57c-d8f65e5c4744,AHSP-R1778,"Ball Velve dia. 1""",,material,active,,2026-07-26T19:44:59.534Z,a0000000-0000-0000-0000-000000000001,2026-07-26T19:44:59.534Z,,unit
3ecc35d3-d315-436c-91e8-1ac7ca1bbb8e,AHSP-R1779,"Ball Velve dia. 1-1/4""",,material,active,,2026-07-26T19:44:59.580Z,a0000000-0000-0000-0000-000000000001,2026-07-26T19:44:59.580Z,,unit
99582546-a988-432a-b7df-7834d8d4fcb6,AHSP-R1780,"Ball Velve dia. 1-1/2""",,material,active,,2026-07-26T19:44:59.625Z,a0000000-0000-0000-0000-000000000001,2026-07-26T19:44:59.625Z,,unit
0b25b13c-b09b-4e0a-b8a0-56bbddb968b9,AHSP-R1781,"Ball Velve dia. 2""",,material,active,,2026-07-26T19:44:59.671Z,a0000000-0000-0000-0000-000000000001,2026-07-26T19:44:59.671Z,,unit
5fe9ce66-c934-4f8a-9a65-a889ed0f47e7,AHSP-R1782,"Ball Velve dia. 2-1/2""",,material,active,,2026-07-26T19:44:59.716Z,a0000000-0000-0000-0000-000000000001,2026-07-26T19:44:59.716Z,,unit
0e85a207-67a9-4619-85d0-8a17e084b98f,AHSP-R1783,"Ball Velve dia. 3""",,material,active,,2026-07-26T19:44:59.761Z,a0000000-0000-0000-0000-000000000001,2026-07-26T19:44:59.761Z,,unit
0187ed69-0fb0-4e36-b9e2-a697193de1ef,AHSP-R1784,"Ball Velve dia. 4""",,material,active,,2026-07-26T19:44:59.807Z,a0000000-0000-0000-0000-000000000001,2026-07-26T19:44:59.807Z,,unit
4c58f7cb-06ac-4752-bc86-c4f008a0ddd6,AHSP-R1785,"Check Velve dia. 1/2""",,material,active,,2026-07-26T19:44:59.853Z,a0000000-0000-0000-0000-000000000001,2026-07-26T19:44:59.853Z,,unit
ef847435-89dd-40cd-afe7-435465640eab,AHSP-R1786,"Check Velve dia. 3/4""",,material,active,,2026-07-26T19:44:59.899Z,a0000000-0000-0000-0000-000000000001,2026-07-26T19:44:59.899Z,,unit
82014a03-57d5-4fe1-809d-a13c8204a644,AHSP-R1787,"Check Velve dia. 1""",,material,active,,2026-07-26T19:44:59.944Z,a0000000-0000-0000-0000-000000000001,2026-07-26T19:44:59.944Z,,unit
4e21dfa4-7c7f-4dc7-b55a-c0990d7cd376,AHSP-R1788,"Check Velve dia. 1-1/4""",,material,active,,2026-07-26T19:44:59.991Z,a0000000-0000-0000-0000-000000000001,2026-07-26T19:44:59.991Z,,unit
a0a2c66a-b992-4f31-8044-562dff1597c7,AHSP-R1789,"Check Velve dia. 1-1/2""",,material,active,,2026-07-26T19:45:00.037Z,a0000000-0000-0000-0000-000000000001,2026-07-26T19:45:00.037Z,,unit
25b1d2ea-ee5e-4f21-b664-2f6c74ed3cb3,AHSP-R1790,"Check Velve dia. 2""",,material,active,,2026-07-26T19:45:00.099Z,a0000000-0000-0000-0000-000000000001,2026-07-26T19:45:00.099Z,,unit
0ae8d380-10c5-472f-a4b2-b61eb0832c5f,AHSP-R1791,"Check Velve dia. 2-1/2""",,material,active,,2026-07-26T19:45:00.159Z,a0000000-0000-0000-0000-000000000001,2026-07-26T19:45:00.159Z,,unit
49f9968e-dfc6-4665-a774-8f357b07aa86,AHSP-R1792,"Check Velve dia. 3""",,material,active,,2026-07-26T19:45:00.225Z,a0000000-0000-0000-0000-000000000001,2026-07-26T19:45:00.225Z,,unit
b50280e3-4ab8-45f3-8029-1d2687fe78a0,AHSP-R1793,"Check Velve dia. 4""",,material,active,,2026-07-26T19:45:00.283Z,a0000000-0000-0000-0000-000000000001,2026-07-26T19:45:00.283Z,,unit
575b6650-9285-4263-85a3-8b14f6d8b256,AHSP-R1794,"Check Velve dia. 5""",,material,active,,2026-07-26T19:45:00.332Z,a0000000-0000-0000-0000-000000000001,2026-07-26T19:45:00.332Z,,unit
70a71acc-dc99-4b63-88ed-1b8eae9f11fa,AHSP-R1795,"Check Velve dia. 6""",,material,active,,2026-07-26T19:45:00.380Z,a0000000-0000-0000-0000-000000000001,2026-07-26T19:45:00.380Z,,unit
212eb6cc-d5d7-45a2-91fd-f79d28b1bdce,AHSP-R1796,"Check Velve dia. 8""",,material,active,,2026-07-26T19:45:00.435Z,a0000000-0000-0000-0000-000000000001,2026-07-26T19:45:00.435Z,,unit
fc17dcb4-1a7a-4f03-b5dc-5d420fca5b58,AHSP-R1797,"Check Velve dia. 10""",,material,active,,2026-07-26T19:45:00.489Z,a0000000-0000-0000-0000-000000000001,2026-07-26T19:45:00.489Z,,unit
f75ae546-bc63-4eca-8550-e7bcdb881291,AHSP-R1798,"Check Velve dia. 12""",,material,active,,2026-07-26T19:45:00.535Z,a0000000-0000-0000-0000-000000000001,2026-07-26T19:45:00.535Z,,unit
6ab427ba-de3a-43e2-87e5-ef91471e2064,AHSP-R1799,Check valve 16 K ; DN 2“ (50 mm) + Material Bantu,,material,active,,2026-07-26T19:45:00.583Z,a0000000-0000-0000-0000-000000000001,2026-07-26T19:45:00.583Z,,unit
32cb3ec9-27b2-43f3-aaa8-54fc41ee9279,AHSP-R1800,Check valve 16 K ; DN 2-1/2“ (65 mm) + Material Bantu,,material,active,,2026-07-26T19:45:00.635Z,a0000000-0000-0000-0000-000000000001,2026-07-26T19:45:00.635Z,,unit
64c62844-f49f-4df5-8dd7-4558a57ff398,AHSP-R1801,Check valve 16 K ; DN 3“ (80 mm) + Material Bantu,,material,active,,2026-07-26T19:45:00.684Z,a0000000-0000-0000-0000-000000000001,2026-07-26T19:45:00.684Z,,unit
a2d91038-bf6c-435c-b062-d6025f9094da,AHSP-R1802,Check valve 16 K ; DN 4“ (100 mm) + Material Bantu,,material,active,,2026-07-26T19:45:00.734Z,a0000000-0000-0000-0000-000000000001,2026-07-26T19:45:00.734Z,,unit
a62bb18e-2048-473b-8490-bd6ff690f4e8,AHSP-R1803,Check valve 16 K ; DN 5“ (125 mm) + Material Bantu,,material,active,,2026-07-26T19:45:00.780Z,a0000000-0000-0000-0000-000000000001,2026-07-26T19:45:00.780Z,,unit
54bd2cdf-b575-4fbf-9632-6ad05cb80561,AHSP-R1804,Check valve 16 K ; DN 6“ (150 mm) + Material Bantu,,material,active,,2026-07-26T19:45:00.826Z,a0000000-0000-0000-0000-000000000001,2026-07-26T19:45:00.826Z,,unit
51646aa7-7c87-4ae3-90e9-dd53f322345d,AHSP-R1805,Check valve 16 K ; DN 8“ (200 mm) + Material Bantu,,material,active,,2026-07-26T19:45:00.872Z,a0000000-0000-0000-0000-000000000001,2026-07-26T19:45:00.872Z,,unit
653be760-b409-4ed3-9443-2c0383bab80c,AHSP-R1806,Check valve 16 K ; DN 10“ (250 mm) + Material Bantu,,material,active,,2026-07-26T19:45:00.918Z,a0000000-0000-0000-0000-000000000001,2026-07-26T19:45:00.918Z,,unit
6b751ecf-7249-4574-8a3e-8f370b2dc82a,AHSP-R1807,Check valve 16 K ; DN 12“ (300 mm) + Material Bantu,,material,active,,2026-07-26T19:45:00.963Z,a0000000-0000-0000-0000-000000000001,2026-07-26T19:45:00.963Z,,unit
8b8c9574-bd88-4b3a-85af-32e25f32a323,AHSP-R1808,"Strainer dia. 1/2""",,material,active,,2026-07-26T19:45:01.009Z,a0000000-0000-0000-0000-000000000001,2026-07-26T19:45:01.009Z,,unit
0ed987b7-6518-4713-909c-d658c07296a6,AHSP-R1809,"Strainer dia. 3/4""",,material,active,,2026-07-26T19:45:01.055Z,a0000000-0000-0000-0000-000000000001,2026-07-26T19:45:01.055Z,,unit
294079ae-bcb8-4753-96f4-49af836c9783,AHSP-R1810,"Strainer dia. 1""",,material,active,,2026-07-26T19:45:01.101Z,a0000000-0000-0000-0000-000000000001,2026-07-26T19:45:01.101Z,,unit
dd042527-ba3d-4046-95a9-48fded12a0f1,AHSP-R1811,"Strainer dia. 1-1/4""",,material,active,,2026-07-26T19:45:01.146Z,a0000000-0000-0000-0000-000000000001,2026-07-26T19:45:01.146Z,,unit
14da2a9d-61a9-4d80-b1f7-c26ad479477e,AHSP-R1812,"Strainer dia. 1-1/2""",,material,active,,2026-07-26T19:45:01.192Z,a0000000-0000-0000-0000-000000000001,2026-07-26T19:45:01.192Z,,unit
8c181c9e-421b-4aa8-b6f1-3b993aeae69b,AHSP-R1813,"Strainer dia. 2""",,material,active,,2026-07-26T19:45:01.238Z,a0000000-0000-0000-0000-000000000001,2026-07-26T19:45:01.238Z,,unit
bb8d5298-b847-4dde-825f-c0af68193436,AHSP-R1814,"Strainer dia. 2-1/2""",,material,active,,2026-07-26T19:45:01.283Z,a0000000-0000-0000-0000-000000000001,2026-07-26T19:45:01.283Z,,unit
c05eb439-363d-4094-bae2-a48cbfabac68,AHSP-R1815,"Strainer dia. 3""",,material,active,,2026-07-26T19:45:01.328Z,a0000000-0000-0000-0000-000000000001,2026-07-26T19:45:01.328Z,,unit
ee119bfc-45f6-4ed4-9437-d29fc6835645,AHSP-R1816,"Strainer dia. 4""",,material,active,,2026-07-26T19:45:01.374Z,a0000000-0000-0000-0000-000000000001,2026-07-26T19:45:01.374Z,,unit
740d4080-ead1-4f25-8d09-bd2c09c1ecf6,AHSP-R1817,"Strainer dia. 5""",,material,active,,2026-07-26T19:45:01.420Z,a0000000-0000-0000-0000-000000000001,2026-07-26T19:45:01.420Z,,unit
a018bd72-1f95-4a30-bb48-d9a04ddd2147,AHSP-R1818,"Strainer dia. 6""",,material,active,,2026-07-26T19:45:01.465Z,a0000000-0000-0000-0000-000000000001,2026-07-26T19:45:01.465Z,,unit
2ed21e9e-d626-43cb-8d8e-1b431db9e8cf,AHSP-R1819,"Strainer dia. 8""",,material,active,,2026-07-26T19:45:01.511Z,a0000000-0000-0000-0000-000000000001,2026-07-26T19:45:01.511Z,,unit
05569cda-884e-46aa-bb7e-08c2cd0a517e,AHSP-R1820,"Strainer dia. 10""",,material,active,,2026-07-26T19:45:01.557Z,a0000000-0000-0000-0000-000000000001,2026-07-26T19:45:01.557Z,,unit
a5b2ddb7-fe36-4694-9d59-dc8ad8ecfb04,AHSP-R1821,"Strainer dia. 12""",,material,active,,2026-07-26T19:45:01.603Z,a0000000-0000-0000-0000-000000000001,2026-07-26T19:45:01.603Z,,unit
41c5effd-5bfd-449b-9f6e-476701d5b605,AHSP-R1822,"Strainer dia. 14""",,material,active,,2026-07-26T19:45:01.649Z,a0000000-0000-0000-0000-000000000001,2026-07-26T19:45:01.649Z,,unit
b91e23a0-615d-4f80-8144-5bb5c843332a,AHSP-R1823,Strainer 16 K ; DN 2“ (50 mm) + Material Bantu,,material,active,,2026-07-26T19:45:01.694Z,a0000000-0000-0000-0000-000000000001,2026-07-26T19:45:01.694Z,,unit
9bb824d9-92e5-4032-bd72-fc71c8ccc201,AHSP-R1824,Strainer 16 K ; DN 21/2“ (65 mm) + Material Bantu,,material,active,,2026-07-26T19:45:01.740Z,a0000000-0000-0000-0000-000000000001,2026-07-26T19:45:01.740Z,,unit
1c126d06-881b-4a6c-b21b-4b2eef028d58,AHSP-R1825,Strainer 16 K ; DN 3“ (80 mm) + Material Bantu,,material,active,,2026-07-26T19:45:01.785Z,a0000000-0000-0000-0000-000000000001,2026-07-26T19:45:01.785Z,,unit
99348770-4790-4d84-b359-a64e9531b817,AHSP-R1826,Strainer 16 K ; DN 4“ (100 mm) + Material Bantu,,material,active,,2026-07-26T19:45:01.832Z,a0000000-0000-0000-0000-000000000001,2026-07-26T19:45:01.832Z,,unit
d3e09794-b68c-4d11-b4d8-adf0f1a2a67d,AHSP-R1827,Strainer 16 K ; DN 5“ (125 mm) + Material Bantu,,material,active,,2026-07-26T19:45:01.878Z,a0000000-0000-0000-0000-000000000001,2026-07-26T19:45:01.878Z,,unit
64bd86f4-a935-4eae-9fc8-4f71e7cd0f35,AHSP-R1828,Strainer 16 K ; DN 6“ (150 mm) + Material Bantu,,material,active,,2026-07-26T19:45:01.924Z,a0000000-0000-0000-0000-000000000001,2026-07-26T19:45:01.924Z,,unit
407ca81f-5ba8-4150-928b-cc63b5344c9c,AHSP-R1829,Strainer 16 K ; DN 8“ (200 mm) + Material Bantu,,material,active,,2026-07-26T19:45:01.971Z,a0000000-0000-0000-0000-000000000001,2026-07-26T19:45:01.971Z,,unit
3a7eb0c0-7314-4414-bc81-8e285bc2bb84,AHSP-R1830,Strainer 16 K ; DN 10“ (250 mm) + Material Bantu,,material,active,,2026-07-26T19:45:02.017Z,a0000000-0000-0000-0000-000000000001,2026-07-26T19:45:02.017Z,,unit
4112a0be-b160-4bff-906e-b0a2a388118e,AHSP-R1831,Strainer 16 K ; DN 12“ (300 mm) + Material Bantu,,material,active,,2026-07-26T19:45:02.063Z,a0000000-0000-0000-0000-000000000001,2026-07-26T19:45:02.063Z,,unit
c7d9cdc9-4584-4ab2-a7cc-7bc8f3f295bd,AHSP-R1832,"Floater Velve dia. 1/2""",,material,active,,2026-07-26T19:45:02.109Z,a0000000-0000-0000-0000-000000000001,2026-07-26T19:45:02.109Z,,unit
972913b7-6a92-472e-a501-975e53abc77e,AHSP-R1833,"Floater Velve dia. 3/4""",,material,active,,2026-07-26T19:45:02.155Z,a0000000-0000-0000-0000-000000000001,2026-07-26T19:45:02.155Z,,unit
7357cea3-b99f-4696-badd-c3ad40a5d4c6,AHSP-R1834,"Floater Velve dia. 1""",,material,active,,2026-07-26T19:45:02.203Z,a0000000-0000-0000-0000-000000000001,2026-07-26T19:45:02.203Z,,unit
02f0dc3b-eee5-4ff4-9c11-c1d952882611,AHSP-R1835,"Floater Velve dia. 1-1/4""",,material,active,,2026-07-26T19:45:02.249Z,a0000000-0000-0000-0000-000000000001,2026-07-26T19:45:02.249Z,,unit
312e1d77-168e-4a04-baeb-446018327880,AHSP-R1836,"Floater Velve dia. 1-1/2""",,material,active,,2026-07-26T19:45:02.295Z,a0000000-0000-0000-0000-000000000001,2026-07-26T19:45:02.295Z,,unit
948bffb8-6c49-4e54-9317-35895efcb817,AHSP-R1837,"Floater Velve dia. 2""",,material,active,,2026-07-26T19:45:02.340Z,a0000000-0000-0000-0000-000000000001,2026-07-26T19:45:02.340Z,,unit
89d58f42-f4e5-4839-98ef-a8c042a4cf4d,AHSP-R1838,"Floater Velve dia. 2-1/2""",,material,active,,2026-07-26T19:45:02.386Z,a0000000-0000-0000-0000-000000000001,2026-07-26T19:45:02.386Z,,unit
bc4ac964-100b-40fa-9caf-ac6d4ea8330e,AHSP-R1839,"Floater Velve dia. 3""",,material,active,,2026-07-26T19:45:02.431Z,a0000000-0000-0000-0000-000000000001,2026-07-26T19:45:02.431Z,,unit
bb3adb56-b5b1-4d43-abcf-19e8e9e7b9d3,AHSP-R1840,"Floater Velve dia. 4""",,material,active,,2026-07-26T19:45:02.477Z,a0000000-0000-0000-0000-000000000001,2026-07-26T19:45:02.477Z,,unit
2cea6c88-1838-457e-b415-a454bdb24d99,AHSP-R1841,"Floater Velve dia. 5""",,material,active,,2026-07-26T19:45:02.522Z,a0000000-0000-0000-0000-000000000001,2026-07-26T19:45:02.522Z,,unit
f836626f-3ad3-4cf6-bb93-cd656be01dde,AHSP-R1842,"Floater Velve dia. 6""",,material,active,,2026-07-26T19:45:02.568Z,a0000000-0000-0000-0000-000000000001,2026-07-26T19:45:02.568Z,,unit
2e27edbd-fc99-4d4a-aa78-642968509dab,AHSP-R1843,"Floater Velve dia. 8""",,material,active,,2026-07-26T19:45:02.614Z,a0000000-0000-0000-0000-000000000001,2026-07-26T19:45:02.614Z,,unit
cf66f309-2939-425f-bdce-bc73ef41b492,AHSP-R1844,"Floater Velve dia. 10""",,material,active,,2026-07-26T19:45:02.659Z,a0000000-0000-0000-0000-000000000001,2026-07-26T19:45:02.659Z,,unit
38697290-fc91-441a-88fa-61b3b949d41d,AHSP-R1845,"Floater Velve dia. 12""",,material,active,,2026-07-26T19:45:02.705Z,a0000000-0000-0000-0000-000000000001,2026-07-26T19:45:02.705Z,,unit
bdd5750f-4420-4f24-a04c-b7183691d8d9,AHSP-R1846,"Foot Velve dia. 1/2""",,material,active,,2026-07-26T19:45:02.750Z,a0000000-0000-0000-0000-000000000001,2026-07-26T19:45:02.750Z,,unit
ab957b63-d9cb-4863-93ca-37814898f69a,AHSP-R1847,"Foot Velve dia. 3/4""",,material,active,,2026-07-26T19:45:02.796Z,a0000000-0000-0000-0000-000000000001,2026-07-26T19:45:02.796Z,,unit
e6d61bcf-83a8-40af-bbf1-95a5941679b5,AHSP-R1848,"Foot Velve dia. 1-1/4""",,material,active,,2026-07-26T19:45:02.841Z,a0000000-0000-0000-0000-000000000001,2026-07-26T19:45:02.841Z,,unit
a37217f4-8768-48f1-b898-8e766b309e27,AHSP-R1849,"Foot Velve dia. 1-1/2""",,material,active,,2026-07-26T19:45:02.887Z,a0000000-0000-0000-0000-000000000001,2026-07-26T19:45:02.887Z,,unit
04d770e2-3bf4-44c2-8c31-672b8fbda280,AHSP-R1850,"Foot Velve dia. 2""",,material,active,,2026-07-26T19:45:02.933Z,a0000000-0000-0000-0000-000000000001,2026-07-26T19:45:02.933Z,,unit
1243f85e-ba63-419c-8c8a-d157352f1f18,AHSP-R1851,"Foot Velve dia. 2-1/2""",,material,active,,2026-07-26T19:45:02.979Z,a0000000-0000-0000-0000-000000000001,2026-07-26T19:45:02.979Z,,unit
49688aed-d809-424b-9967-060b25c361b7,AHSP-R1852,"Foot Velve dia. 3""",,material,active,,2026-07-26T19:45:03.024Z,a0000000-0000-0000-0000-000000000001,2026-07-26T19:45:03.024Z,,unit
2a569e75-0261-4f23-a44a-8e00abee682d,AHSP-R1853,"Foot Velve dia. 4""",,material,active,,2026-07-26T19:45:03.070Z,a0000000-0000-0000-0000-000000000001,2026-07-26T19:45:03.070Z,,unit
5412f7ad-e60b-404b-9858-f08ac8f4ba98,AHSP-R1854,"Foot Velve dia. 5""",,material,active,,2026-07-26T19:45:03.117Z,a0000000-0000-0000-0000-000000000001,2026-07-26T19:45:03.117Z,,unit
51277123-58ff-4e6c-9328-1bb04d9d6c8e,AHSP-R1855,"Foot Velve dia. 6""",,material,active,,2026-07-26T19:45:03.166Z,a0000000-0000-0000-0000-000000000001,2026-07-26T19:45:03.166Z,,unit
6a0255af-b6c4-40fb-8103-fd65cc4f66b3,AHSP-R1856,"Foot Velve dia. 8""",,material,active,,2026-07-26T19:45:03.211Z,a0000000-0000-0000-0000-000000000001,2026-07-26T19:45:03.211Z,,unit
e30cc54f-16d9-4769-8f10-7c5c88cced51,AHSP-R1857,"Foot Velve dia. 10""",,material,active,,2026-07-26T19:45:03.257Z,a0000000-0000-0000-0000-000000000001,2026-07-26T19:45:03.257Z,,unit
13961157-b829-4214-9c92-805852506698,AHSP-R1858,"Foot Velve dia. 12""",,material,active,,2026-07-26T19:45:03.303Z,a0000000-0000-0000-0000-000000000001,2026-07-26T19:45:03.303Z,,unit
021baa6b-c069-42af-a0f9-02cb2e9377af,AHSP-R1859,"Foot Velve dia. 14""",,material,active,,2026-07-26T19:45:03.348Z,a0000000-0000-0000-0000-000000000001,2026-07-26T19:45:03.348Z,,buah
bd6120f3-754b-4fa9-b043-945b50b914d7,AHSP-R1860,"Flexible Joint dia. 1/2""",,material,active,,2026-07-26T19:45:03.393Z,a0000000-0000-0000-0000-000000000001,2026-07-26T19:45:03.393Z,,buah
dbf9c1db-ca4e-4ca1-a3af-caca9bb7bb88,AHSP-R1861,"Flexible Joint dia. 3/4""",,material,active,,2026-07-26T19:45:03.439Z,a0000000-0000-0000-0000-000000000001,2026-07-26T19:45:03.439Z,,buah
efcc1ac2-45c4-4333-b13e-5e558e4f4878,AHSP-R1862,"Flexible Joint dia. 1""",,material,active,,2026-07-26T19:45:03.485Z,a0000000-0000-0000-0000-000000000001,2026-07-26T19:45:03.485Z,,buah
6f04802a-7d61-4236-bbf1-9e2f5654d034,AHSP-R1863,"Flexible Joint dia. 1-1/4""",,material,active,,2026-07-26T19:45:03.530Z,a0000000-0000-0000-0000-000000000001,2026-07-26T19:45:03.530Z,,buah
442dfbb2-f45d-46c5-a414-ff531e07a225,AHSP-R1864,"Flexible Joint dia. 1-1/2""",,material,active,,2026-07-26T19:45:03.575Z,a0000000-0000-0000-0000-000000000001,2026-07-26T19:45:03.575Z,,buah
c22798bc-4ac9-454a-8302-c4b45e4bf02c,AHSP-R1865,"Flexible Joint dia. 2""",,material,active,,2026-07-26T19:45:03.620Z,a0000000-0000-0000-0000-000000000001,2026-07-26T19:45:03.620Z,,buah
5189585a-8fa8-472f-85ac-7cfe05ed5594,AHSP-R1866,"Flexible Joint dia. 2-1/2""",,material,active,,2026-07-26T19:45:03.666Z,a0000000-0000-0000-0000-000000000001,2026-07-26T19:45:03.666Z,,buah
d9e58cf7-dc5b-44c5-b13a-084864493f8d,AHSP-R1867,"Flexible Joint dia. 3""",,material,active,,2026-07-26T19:45:03.711Z,a0000000-0000-0000-0000-000000000001,2026-07-26T19:45:03.711Z,,buah
02dc71b7-b078-42a2-8f7a-2bddd9f835b7,AHSP-R1868,"Flexible Joint dia. 4""",,material,active,,2026-07-26T19:45:03.756Z,a0000000-0000-0000-0000-000000000001,2026-07-26T19:45:03.756Z,,buah
a43c1a99-53d8-4967-ae30-c8c859fa1555,AHSP-R1869,"Flexible Joint dia. 5""",,material,active,,2026-07-26T19:45:03.801Z,a0000000-0000-0000-0000-000000000001,2026-07-26T19:45:03.801Z,,buah
af412b2d-ca8b-4227-b803-69148c995ccf,AHSP-R1870,"Flexible Joint dia. 6""",,material,active,,2026-07-26T19:45:03.847Z,a0000000-0000-0000-0000-000000000001,2026-07-26T19:45:03.847Z,,buah
40e1ff5f-9496-4a17-9a2e-e9a95b5a09c7,AHSP-R1871,"Flexible Joint dia. 8""",,material,active,,2026-07-26T19:45:03.892Z,a0000000-0000-0000-0000-000000000001,2026-07-26T19:45:03.892Z,,buah
a50912dc-8b15-4e56-b49e-ddb1a8e2392a,AHSP-R1872,"Flexible Joint dia. 10""",,material,active,,2026-07-26T19:45:03.937Z,a0000000-0000-0000-0000-000000000001,2026-07-26T19:45:03.937Z,,buah
0f1b62dd-5c6f-44f2-bc40-7eb40dc990dc,AHSP-R1873,"Flexible Joint dia. 12""",,material,active,,2026-07-26T19:45:03.983Z,a0000000-0000-0000-0000-000000000001,2026-07-26T19:45:03.983Z,,buah
3f7e2209-4e2d-4da2-9b06-e6a568ed8391,AHSP-R1874,Flexible joint 20 K ; DN 2“ (50 mm) + Material Bantu,,material,active,,2026-07-26T19:45:04.028Z,a0000000-0000-0000-0000-000000000001,2026-07-26T19:45:04.028Z,,buah
ed1b1808-83fa-4967-a09c-b991043cfe76,AHSP-R1875,Flexible joint 20 K ; DN 2-1/2“ (65 mm) + Material Bantu,,material,active,,2026-07-26T19:45:04.074Z,a0000000-0000-0000-0000-000000000001,2026-07-26T19:45:04.074Z,,buah
0688d7af-c13e-4eb7-bbcd-6960990c9beb,AHSP-R1876,Flexible joint 20 K ; DN 3“ (80 mm) + Material Bantu,,material,active,,2026-07-26T19:45:04.120Z,a0000000-0000-0000-0000-000000000001,2026-07-26T19:45:04.120Z,,buah
a744cc06-9e55-4a44-a136-5de90ca33f43,AHSP-R1877,Flexible joint 20 K ; DN 5“ (125 mm) + Material Bantu,,material,active,,2026-07-26T19:45:04.166Z,a0000000-0000-0000-0000-000000000001,2026-07-26T19:45:04.166Z,,buah
ac38ca11-c78e-4611-bc2e-1dc4481849d1,AHSP-R1878,Flexible joint 20 K ; DN 6“ (150 mm) + Material Bantu,,material,active,,2026-07-26T19:45:04.211Z,a0000000-0000-0000-0000-000000000001,2026-07-26T19:45:04.211Z,,buah
ad599bad-0c92-4c78-a0ee-ff8055716480,AHSP-R1879,Flexible joint 20 K ; DN 8“ (200 mm) + Material Bantu,,material,active,,2026-07-26T19:45:04.258Z,a0000000-0000-0000-0000-000000000001,2026-07-26T19:45:04.258Z,,buah
f2c2b4a9-73c5-4865-91e0-ceb3733460d5,AHSP-R1880,Flexible joint 20 K ; DN 10“ (250 mm) + Material Bantu,,material,active,,2026-07-26T19:45:04.304Z,a0000000-0000-0000-0000-000000000001,2026-07-26T19:45:04.304Z,,buah
f117accb-36bd-48b9-ba6b-5262bc15c9ac,AHSP-R1881,"Flexible Joint dia. 12""",,material,active,,2026-07-26T19:45:04.350Z,a0000000-0000-0000-0000-000000000001,2026-07-26T19:45:04.350Z,,unit
b6c43abc-c1b7-48b3-8d30-0f9cd3500677,AHSP-R1882,"Flexible Joint dia. 14""",,material,active,,2026-07-26T19:45:04.395Z,a0000000-0000-0000-0000-000000000001,2026-07-26T19:45:04.395Z,,unit
40fb28e5-867d-4098-a89f-16ef8c270be3,AHSP-R1883,"Butterfly Velve dia. 2""",,material,active,,2026-07-26T19:45:04.441Z,a0000000-0000-0000-0000-000000000001,2026-07-26T19:45:04.441Z,,unit
3e29359f-245d-4585-b1e8-a15fa10e8c10,AHSP-R1884,"Butterfly Velve dia. 2-1/2""",,material,active,,2026-07-26T19:45:04.487Z,a0000000-0000-0000-0000-000000000001,2026-07-26T19:45:04.487Z,,unit
fd60c338-075f-4a1b-afe5-b4d755c9710e,AHSP-R1885,"Butterfly Velve dia. 3""",,material,active,,2026-07-26T19:45:04.532Z,a0000000-0000-0000-0000-000000000001,2026-07-26T19:45:04.532Z,,unit
97460abb-cb62-4aea-83f5-9b0bdf42dc22,AHSP-R1886,"Butterfly Velve dia. 4""",,material,active,,2026-07-26T19:45:04.578Z,a0000000-0000-0000-0000-000000000001,2026-07-26T19:45:04.578Z,,unit
3af883b0-9dbf-402e-a05c-09f0a0bec4ef,AHSP-R1887,"Butterfly Velve dia. 5""",,material,active,,2026-07-26T19:45:04.622Z,a0000000-0000-0000-0000-000000000001,2026-07-26T19:45:04.622Z,,unit
5716bedf-40e0-4390-8871-641fdca47761,AHSP-R1888,"Butterfly Velve dia. 6""",,material,active,,2026-07-26T19:45:04.667Z,a0000000-0000-0000-0000-000000000001,2026-07-26T19:45:04.667Z,,unit
2deb6ded-1437-4b46-98ed-fb64837ab76e,AHSP-R1889,"Butterfly Velve dia. 8""",,material,active,,2026-07-26T19:45:04.712Z,a0000000-0000-0000-0000-000000000001,2026-07-26T19:45:04.712Z,,unit
427bf64d-3278-491d-827c-372b98a13818,AHSP-R1890,"Butterfly Velve dia. 10""",,material,active,,2026-07-26T19:45:04.761Z,a0000000-0000-0000-0000-000000000001,2026-07-26T19:45:04.761Z,,unit
7aa158f4-8877-497b-87ae-73d0e2708b4f,AHSP-R1891,"Butterfly Velve dia. 12""",,material,active,,2026-07-26T19:45:04.807Z,a0000000-0000-0000-0000-000000000001,2026-07-26T19:45:04.807Z,,unit
978da001-3b7d-4ce1-988d-7f9ccb5871a5,AHSP-R1892,"Globe Velve dia. 1/2""",,material,active,,2026-07-26T19:45:04.853Z,a0000000-0000-0000-0000-000000000001,2026-07-26T19:45:04.853Z,,unit
0e77bc94-08d4-4482-a8a7-60d4938ef004,AHSP-R1893,"Globe Velve dia. 3/4""",,material,active,,2026-07-26T19:45:04.899Z,a0000000-0000-0000-0000-000000000001,2026-07-26T19:45:04.899Z,,unit
a0503f8a-3074-4bf9-9a05-25eb09e6a4d1,AHSP-R1894,"Globe Velve dia. 1""",,material,active,,2026-07-26T19:45:04.945Z,a0000000-0000-0000-0000-000000000001,2026-07-26T19:45:04.945Z,,unit
f2065693-dd3e-498e-8ee1-c5446b6ace1d,AHSP-R1895,"Globe Velve dia. 1-1/4""",,material,active,,2026-07-26T19:45:04.990Z,a0000000-0000-0000-0000-000000000001,2026-07-26T19:45:04.990Z,,unit
15b786fa-7321-40fc-acaa-04d23e7dd122,AHSP-R1896,"Globe Velve dia. 1-1/2""",,material,active,,2026-07-26T19:45:05.036Z,a0000000-0000-0000-0000-000000000001,2026-07-26T19:45:05.036Z,,unit
bf42b85f-2675-426b-bed8-82f503b94ff9,AHSP-R1897,"Globe Velve dia. 2""",,material,active,,2026-07-26T19:45:05.081Z,a0000000-0000-0000-0000-000000000001,2026-07-26T19:45:05.081Z,,unit
92982904-9dce-4fed-baf1-6f51196f62cd,AHSP-R1898,"Globe Velve dia. 2-1/2""",,material,active,,2026-07-26T19:45:05.128Z,a0000000-0000-0000-0000-000000000001,2026-07-26T19:45:05.128Z,,unit
88d3d896-bd97-49a6-8590-91bbb0f74bcf,AHSP-R1899,"Globe Velve dia. 3""",,material,active,,2026-07-26T19:45:05.173Z,a0000000-0000-0000-0000-000000000001,2026-07-26T19:45:05.173Z,,unit
83ac0605-df5c-41a6-90ef-7cd8cc61a932,AHSP-R1900,"Globe Velve dia. 4""",,material,active,,2026-07-26T19:45:05.218Z,a0000000-0000-0000-0000-000000000001,2026-07-26T19:45:05.218Z,,unit
af21b11d-8b8a-4479-9747-a5060b6476a4,AHSP-R1901,"Globe Velve dia. 5""",,material,active,,2026-07-26T19:45:05.264Z,a0000000-0000-0000-0000-000000000001,2026-07-26T19:45:05.264Z,,unit
d00f3ce3-8bac-4b77-b7fb-729f66f1e8fb,AHSP-R1902,"Globe Velve dia. 6""",,material,active,,2026-07-26T19:45:05.310Z,a0000000-0000-0000-0000-000000000001,2026-07-26T19:45:05.310Z,,unit
ea6ad923-7fd2-4646-b2f3-d20bf781d47e,AHSP-R1903,"Globe Velve dia. 8""",,material,active,,2026-07-26T19:45:05.356Z,a0000000-0000-0000-0000-000000000001,2026-07-26T19:45:05.356Z,,unit
d07e5ca0-b284-4d98-8e66-681f843e6845,AHSP-R1904,"Pressure Gauge Dia. 1/2""",,material,active,,2026-07-26T19:45:05.401Z,a0000000-0000-0000-0000-000000000001,2026-07-26T19:45:05.401Z,,unit
132d1fd3-02a3-4961-b587-0de262c051b8,AHSP-R1905,"Pressure Gauge dia. 1""",,material,active,,2026-07-26T19:45:05.447Z,a0000000-0000-0000-0000-000000000001,2026-07-26T19:45:05.447Z,,unit
26873c26-f8ab-4c66-836d-a69f36ee1131,AHSP-R1906,"Pressure Gauge dia. 2""",,material,active,,2026-07-26T19:45:05.493Z,a0000000-0000-0000-0000-000000000001,2026-07-26T19:45:05.493Z,,unit
f9460fdb-8dcc-4d63-a0ff-5a98bba4f2be,AHSP-R1907,"Pressure Gauge dia. 3""",,material,active,,2026-07-26T19:45:05.539Z,a0000000-0000-0000-0000-000000000001,2026-07-26T19:45:05.539Z,,unit
2a1f47ef-2363-48aa-86f4-64c492acb1e3,AHSP-R1908,"Pressure Gauge dia. 4""",,material,active,,2026-07-26T19:45:05.585Z,a0000000-0000-0000-0000-000000000001,2026-07-26T19:45:05.585Z,,unit
7374ecbe-cfaf-47b2-9e5f-02a64ee7fea0,AHSP-R1909,Pressure Gauge 25 K DN 1/2” (15 mm) + Material Bantu,,material,active,,2026-07-26T19:45:05.632Z,a0000000-0000-0000-0000-000000000001,2026-07-26T19:45:05.632Z,,unit
cf041a47-570a-4e31-a842-b65003cd25e2,AHSP-R1910,Gate valve DN 1/2” (15 mm),,material,active,,2026-07-26T19:45:05.677Z,a0000000-0000-0000-0000-000000000001,2026-07-26T19:45:05.677Z,,unit
c7b01cbe-d342-4304-a640-e21171ad023f,AHSP-R1911,Pressure Gauge 25 K DN 1” (25 mm) + Material Bantu,,material,active,,2026-07-26T19:45:05.723Z,a0000000-0000-0000-0000-000000000001,2026-07-26T19:45:05.723Z,,unit
9abe5b10-3b66-4f58-9f4e-1b95b68a7428,AHSP-R1912,Gate valve DN 1” (25 mm),,material,active,,2026-07-26T19:45:05.769Z,a0000000-0000-0000-0000-000000000001,2026-07-26T19:45:05.769Z,,unit
01315953-913a-45c9-858a-edf2473712b9,AHSP-R1913,Pressure Gauge 25 K DN 2” (50 mm) + Material Bantu,,material,active,,2026-07-26T19:45:05.815Z,a0000000-0000-0000-0000-000000000001,2026-07-26T19:45:05.815Z,,unit
f7294e70-fc55-42ae-8a5a-b58b0a1c5c24,AHSP-R1914,Gate valve DN 2” (50 mm),,material,active,,2026-07-26T19:45:05.860Z,a0000000-0000-0000-0000-000000000001,2026-07-26T19:45:05.860Z,,unit
031c1b4d-2ead-4c24-ac07-0429445bfbc4,AHSP-R1915,Pressure Gauge 25 K DN 4” (100 mm) + Material Bantu,,material,active,,2026-07-26T19:45:05.906Z,a0000000-0000-0000-0000-000000000001,2026-07-26T19:45:05.906Z,,unit
d251685c-ca03-4cb3-b6d6-fc04786288b2,AHSP-R1916,Gate valve DN 4” (100 mm),,material,active,,2026-07-26T19:45:05.951Z,a0000000-0000-0000-0000-000000000001,2026-07-26T19:45:05.951Z,,unit
91cc797b-178f-4419-afeb-185c25b2eb7d,AHSP-R1917,Pressure Gauge 40 K DN 1/2” (15 mm) + Material Bantu,,material,active,,2026-07-26T19:45:05.996Z,a0000000-0000-0000-0000-000000000001,2026-07-26T19:45:05.996Z,,unit
bab6020a-4b62-4ac1-a574-604dbce312c1,AHSP-R1918,Pressure Gauge 40 K DN 1” (25 mm) + Material Bantu,,material,active,,2026-07-26T19:45:06.051Z,a0000000-0000-0000-0000-000000000001,2026-07-26T19:45:06.051Z,,unit
bc70216b-b0bf-44f5-a005-513deef0e75c,AHSP-R1919,"Water Meter dia. 1/2""",,material,active,,2026-07-26T19:45:06.096Z,a0000000-0000-0000-0000-000000000001,2026-07-26T19:45:06.096Z,,unit
b105ca3b-fd05-4c1a-b8d7-2e3ab525bc98,AHSP-R1920,"Water Meter dia. 3/4""",,material,active,,2026-07-26T19:45:06.142Z,a0000000-0000-0000-0000-000000000001,2026-07-26T19:45:06.142Z,,unit
cc2999f0-0f0e-4f0f-9d0a-46c936528a0f,AHSP-R1921,"Water Meter dia. 1""",,material,active,,2026-07-26T19:45:06.188Z,a0000000-0000-0000-0000-000000000001,2026-07-26T19:45:06.188Z,,unit
09842dc6-4277-45ed-86a3-acad84448d85,AHSP-R1922,"Water Meter dia. 1-1/2""",,material,active,,2026-07-26T19:45:06.233Z,a0000000-0000-0000-0000-000000000001,2026-07-26T19:45:06.233Z,,unit
718a6ac5-1579-4bf0-8a8d-023df876b19e,AHSP-R1923,"Water Meter dia. 2""",,material,active,,2026-07-26T19:45:06.279Z,a0000000-0000-0000-0000-000000000001,2026-07-26T19:45:06.279Z,,unit
c4aaf460-1799-4615-83ae-7810ac52c987,AHSP-R1924,"Water Meter dia. 3""",,material,active,,2026-07-26T19:45:06.325Z,a0000000-0000-0000-0000-000000000001,2026-07-26T19:45:06.325Z,,unit
a66b25cc-fc4f-49b3-8d40-cf5a171d79d0,AHSP-R1925,"Water Meter dia. 4""",,material,active,,2026-07-26T19:45:06.371Z,a0000000-0000-0000-0000-000000000001,2026-07-26T19:45:06.371Z,,unit
a3a88ff1-f42b-4f77-a399-627f93cf6f72,AHSP-R1926,"Water Meter dia. 6""",,material,active,,2026-07-26T19:45:06.417Z,a0000000-0000-0000-0000-000000000001,2026-07-26T19:45:06.417Z,,unit
1c227de3-bca7-452c-9c0f-1d43424b3430,AHSP-R1927,"Water Meter dia. 8""",,material,active,,2026-07-26T19:45:06.463Z,a0000000-0000-0000-0000-000000000001,2026-07-26T19:45:06.463Z,,unit
e84a790f-23f4-446a-b94b-c51e87ef0717,AHSP-R1928,"Water Meter dia. 10""",,material,active,,2026-07-26T19:45:06.509Z,a0000000-0000-0000-0000-000000000001,2026-07-26T19:45:06.509Z,,unit
2928b9c5-c7fa-48c9-8304-939901cd2eec,AHSP-R1929,"Water Meter dia. 12""",,material,active,,2026-07-26T19:45:06.554Z,a0000000-0000-0000-0000-000000000001,2026-07-26T19:45:06.554Z,,unit
44d0cc33-28ff-43b0-bcd2-be49977bae74,AHSP-R1930,"Water Meter dia. 16""",,material,active,,2026-07-26T19:45:06.600Z,a0000000-0000-0000-0000-000000000001,2026-07-26T19:45:06.600Z,,unit
47a0d034-8d41-4f05-92b4-53862ca959b6,AHSP-R1931,"Flow Meter Analog dia.4""",,material,active,,2026-07-26T19:45:06.646Z,a0000000-0000-0000-0000-000000000001,2026-07-26T19:45:06.646Z,,unit
a76c0ee8-184f-48cb-a04a-df69a3f01cd3,AHSP-R1932,Flow Meter Analog 10 K; DN 1“ (25 mm) + Material Bantu,,material,active,,2026-07-26T19:45:06.691Z,a0000000-0000-0000-0000-000000000001,2026-07-26T19:45:06.691Z,,unit
08b8bd3d-5bdf-4a8c-963c-5cc2dbd3ebd4,AHSP-R1933,Water meter ; DN 21/2“ (65 mm) + Material Bantu,,material,active,,2026-07-26T19:45:06.738Z,a0000000-0000-0000-0000-000000000001,2026-07-26T19:45:06.738Z,,unit
76948e9e-615b-4b04-b7ca-5b8f1b2a6d87,AHSP-R1934,"Clean Out dia. 2""",,material,active,,2026-07-26T19:45:06.784Z,a0000000-0000-0000-0000-000000000001,2026-07-26T19:45:06.784Z,,unit
f3b8df76-3ba2-41c7-a1d8-7feffc720c75,AHSP-R1935,"Clean Out dia. 2-1/2""",,material,active,,2026-07-26T19:45:06.830Z,a0000000-0000-0000-0000-000000000001,2026-07-26T19:45:06.830Z,,unit
75870298-ffec-4c23-a897-f5bed98227f5,AHSP-R1936,"Clean Out dia. 3""",,material,active,,2026-07-26T19:45:06.875Z,a0000000-0000-0000-0000-000000000001,2026-07-26T19:45:06.875Z,,buah
f8a25eac-829a-49fe-aaed-2a06a4f78688,AHSP-R1937,"Clean Out dia. 4""",,material,active,,2026-07-26T19:45:06.922Z,a0000000-0000-0000-0000-000000000001,2026-07-26T19:45:06.922Z,,buah
7d4ee421-e46e-482e-b1b9-16fd56713ff0,AHSP-R1938,"Clean Out dia. 5""",,material,active,,2026-07-26T19:45:06.968Z,a0000000-0000-0000-0000-000000000001,2026-07-26T19:45:06.968Z,,unit
b27cc7cb-48e1-49c2-93f9-6bee67c9f24a,AHSP-R1939,"Clean Out dia. 6""",,material,active,,2026-07-26T19:45:07.014Z,a0000000-0000-0000-0000-000000000001,2026-07-26T19:45:07.014Z,,unit
4c175a0b-7d1e-44bf-a802-f59d09d751d8,AHSP-R1940,"Clean Out dia. 8""",,material,active,,2026-07-26T19:45:07.060Z,a0000000-0000-0000-0000-000000000001,2026-07-26T19:45:07.060Z,,unit
ca264c5f-c884-4d4a-aef4-623ffc4bec94,AHSP-R1941,"Roof Drain dia. 2""",,material,active,,2026-07-26T19:45:07.107Z,a0000000-0000-0000-0000-000000000001,2026-07-26T19:45:07.107Z,,unit
608bec39-a131-42df-a9d7-7542279368fd,AHSP-R1942,"Roof Drain dia. 2-1/2""",,material,active,,2026-07-26T19:45:07.152Z,a0000000-0000-0000-0000-000000000001,2026-07-26T19:45:07.152Z,,unit
cbd5c317-dac3-4bdc-833f-d5f69fbf674b,AHSP-R1943,"Roof Drain dia. 3""",,material,active,,2026-07-26T19:45:07.198Z,a0000000-0000-0000-0000-000000000001,2026-07-26T19:45:07.198Z,,unit
5e551b3f-a121-426e-991f-459c76013049,AHSP-R1944,"Roof Drain dia. 4""",,material,active,,2026-07-26T19:45:07.244Z,a0000000-0000-0000-0000-000000000001,2026-07-26T19:45:07.244Z,,unit
1e637ee2-804f-430f-833f-d041452bdd25,AHSP-R1945,"Roof Drain dia. 5""",,material,active,,2026-07-26T19:45:07.289Z,a0000000-0000-0000-0000-000000000001,2026-07-26T19:45:07.289Z,,unit
98404360-7f1f-4012-b765-46b4cafface8,AHSP-R1946,"Roof Drain dia. 6""",,material,active,,2026-07-26T19:45:07.335Z,a0000000-0000-0000-0000-000000000001,2026-07-26T19:45:07.335Z,,unit
dcf70a27-c71d-46b9-b6f5-6458e12810db,AHSP-R1947,"Roof Drain dia. 8""",,material,active,,2026-07-26T19:45:07.380Z,a0000000-0000-0000-0000-000000000001,2026-07-26T19:45:07.380Z,,unit
76db512e-bcee-4d45-954a-6791bdba4fa2,AHSP-R1948,"Roof Drain dia. 10""",,material,active,,2026-07-26T19:45:07.426Z,a0000000-0000-0000-0000-000000000001,2026-07-26T19:45:07.426Z,,unit
fae19342-e2fe-4104-a224-041b704edf8f,AHSP-R1949,"Roof Drain dia. 12""",,material,active,,2026-07-26T19:45:07.472Z,a0000000-0000-0000-0000-000000000001,2026-07-26T19:45:07.472Z,,unit
1416db9a-b625-4cf7-93be-76bd465edd7e,AHSP-R1950,"Floor Clean Out dia. 2""",,material,active,,2026-07-26T19:45:07.518Z,a0000000-0000-0000-0000-000000000001,2026-07-26T19:45:07.518Z,,unit
99806dad-c100-4dc3-99da-e86da1e937f7,AHSP-R1951,"Floor Clean Out dia. 2-1/2""",,material,active,,2026-07-26T19:45:07.564Z,a0000000-0000-0000-0000-000000000001,2026-07-26T19:45:07.564Z,,unit
bd36a3a1-6a8e-4c79-b005-6948ad9be7aa,AHSP-R1952,"Floor Clean Out dia. 3""",,material,active,,2026-07-26T19:45:07.609Z,a0000000-0000-0000-0000-000000000001,2026-07-26T19:45:07.609Z,,unit
cefae567-1564-4d3c-b830-7db51e9ce63d,AHSP-R1953,"Floor Clean Out dia. 4""",,material,active,,2026-07-26T19:45:07.655Z,a0000000-0000-0000-0000-000000000001,2026-07-26T19:45:07.655Z,,unit
a5611e2a-e866-47ef-b946-d49ac4fafb04,AHSP-R1954,"Floor Clean Out dia. 6""",,material,active,,2026-07-26T19:45:07.701Z,a0000000-0000-0000-0000-000000000001,2026-07-26T19:45:07.701Z,,unit
6887532b-aa6b-4e9d-8005-4eb5b30770b1,AHSP-R1955,"Floor Clean Out dia. 8""",,material,active,,2026-07-26T19:45:07.747Z,a0000000-0000-0000-0000-000000000001,2026-07-26T19:45:07.747Z,,unit
caa32e92-e06e-40d3-993e-992e357d68e6,AHSP-R1956,"Vent Cap dia. 2""",,material,active,,2026-07-26T19:45:07.792Z,a0000000-0000-0000-0000-000000000001,2026-07-26T19:45:07.792Z,,unit
0bb86fa7-61c1-4ea7-bbc7-c0783b86d21a,AHSP-R1957,"Vent Cap dia. 3""",,material,active,,2026-07-26T19:45:07.839Z,a0000000-0000-0000-0000-000000000001,2026-07-26T19:45:07.839Z,,unit
7088f322-5823-49f5-86a4-418b2ae5f3d6,AHSP-R1958,"Vent Cap dia. 4""",,material,active,,2026-07-26T19:45:07.885Z,a0000000-0000-0000-0000-000000000001,2026-07-26T19:45:07.885Z,,unit
c186ea67-2b83-493b-a227-d536e24e4292,AHSP-R1959,"PRV Set dia. 2""",,material,active,,2026-07-26T19:45:07.930Z,a0000000-0000-0000-0000-000000000001,2026-07-26T19:45:07.930Z,,unit
01db980f-35dd-4a92-8ba2-d1b7dece8e11,AHSP-R1960,"PRV Set dia. 2-1/2""",,material,active,,2026-07-26T19:45:07.976Z,a0000000-0000-0000-0000-000000000001,2026-07-26T19:45:07.976Z,,unit
d530d640-387f-49a6-808c-9b4b9e45c6e1,AHSP-R1961,"PRV Set dia. 3""",,material,active,,2026-07-26T19:45:08.023Z,a0000000-0000-0000-0000-000000000001,2026-07-26T19:45:08.023Z,,unit
428f2dfd-ac44-4262-8861-61c00736d2cd,AHSP-R1962,"PRV set dia. 4""",,material,active,,2026-07-26T19:45:08.069Z,a0000000-0000-0000-0000-000000000001,2026-07-26T19:45:08.069Z,,unit
da5bf353-2010-49c1-b3bb-657a74554750,AHSP-R1963,"PRV Set dia. 6""",,material,active,,2026-07-26T19:45:08.115Z,a0000000-0000-0000-0000-000000000001,2026-07-26T19:45:08.115Z,,unit
efcb4de3-94b1-4233-93d7-a47631a27585,AHSP-R1964,"PRV Set dia. 8""",,material,active,,2026-07-26T19:45:08.160Z,a0000000-0000-0000-0000-000000000001,2026-07-26T19:45:08.160Z,,unit
044dd3bc-34fb-4e50-8aba-e01939e03328,AHSP-R1965,"AAV dia. 1/2""",,material,active,,2026-07-26T19:45:08.206Z,a0000000-0000-0000-0000-000000000001,2026-07-26T19:45:08.206Z,,unit
cf9410f4-67be-4517-bd1a-62316f376dcd,AHSP-R1966,"AAV dia.1""",,material,active,,2026-07-26T19:45:08.252Z,a0000000-0000-0000-0000-000000000001,2026-07-26T19:45:08.252Z,,unit
efa1baba-65db-46f3-9d96-b69b6d0f48e7,AHSP-R1967,"AAV dia. 2""",,material,active,,2026-07-26T19:45:08.299Z,a0000000-0000-0000-0000-000000000001,2026-07-26T19:45:08.299Z,,unit
e81315b9-55bc-452e-9567-625ae14c3202,AHSP-R1968,"AAV dia. 3""",,material,active,,2026-07-26T19:45:08.345Z,a0000000-0000-0000-0000-000000000001,2026-07-26T19:45:08.345Z,,unit
e2167dfb-8e53-4e35-ae5f-1c4e83a5272e,AHSP-R1969,"AAV dia. 4""",,material,active,,2026-07-26T19:45:08.390Z,a0000000-0000-0000-0000-000000000001,2026-07-26T19:45:08.390Z,,unit
a288d0d2-f648-4dcc-8350-9e45a5a7f1d5,AHSP-R1970,"AAV dia. 6""",,material,active,,2026-07-26T19:45:08.436Z,a0000000-0000-0000-0000-000000000001,2026-07-26T19:45:08.436Z,,unit
98fb7e5f-f686-4651-8649-a3e6377da9ed,AHSP-R1971,"Vent Out dia. 2""",,material,active,,2026-07-26T19:45:08.482Z,a0000000-0000-0000-0000-000000000001,2026-07-26T19:45:08.482Z,,unit
ba46d455-0cac-4224-915a-5b89760628b7,AHSP-R1972,WLC dan Pengkabelan,,material,active,,2026-07-26T19:45:08.528Z,a0000000-0000-0000-0000-000000000001,2026-07-26T19:45:08.528Z,,unit
87db7f5a-f9a8-49e6-8e8e-8ed94ccac809,AHSP-R1973,Pressure Switch,,material,active,,2026-07-26T19:45:08.574Z,a0000000-0000-0000-0000-000000000001,2026-07-26T19:45:08.574Z,,unit
28a15a7f-68be-45e9-a6c4-17319f5a427f,AHSP-R1974,"Pressure Instrumentation + 
Material Bantu",,material,active,,2026-07-26T19:45:08.619Z,a0000000-0000-0000-0000-000000000001,2026-07-26T19:45:08.619Z,,unit
d0c84999-b426-44b3-858b-f3479a3eae44,AHSP-R1975,"Header Pipa PVC AW Dia. 4""",,material,active,,2026-07-26T19:45:08.666Z,a0000000-0000-0000-0000-000000000001,2026-07-26T19:45:08.666Z,,m1
abeff2a4-860e-4dc4-ac1e-abe353d30e94,AHSP-R1976,Header Pipa Galvanis MED CLASS DN 4” (100 mm),,material,active,,2026-07-26T19:45:08.712Z,a0000000-0000-0000-0000-000000000001,2026-07-26T19:45:08.712Z,,m1
e681610b-e45c-4688-aa5c-5714ed181a92,AHSP-R1977,Flange pipa DN 100 mm,,material,active,,2026-07-26T19:45:08.758Z,a0000000-0000-0000-0000-000000000001,2026-07-26T19:45:08.758Z,,buah
d475af0c-3556-4d44-885c-880b8428d340,AHSP-R1978,Flange buta DN 100 mm,,material,active,,2026-07-26T19:45:08.803Z,a0000000-0000-0000-0000-000000000001,2026-07-26T19:45:08.803Z,,buah
0892075c-9d97-4f2a-9a69-0c0e71fae4d9,AHSP-R1979,Pipa percabangan 1 set,,material,active,,2026-07-26T19:45:08.848Z,a0000000-0000-0000-0000-000000000001,2026-07-26T19:45:08.848Z,,set
28aca49a-4c8c-4adc-a6f2-e7f23562ade8,AHSP-R1980,Mur baut M16,,material,active,,2026-07-26T19:45:08.893Z,a0000000-0000-0000-0000-000000000001,2026-07-26T19:45:08.893Z,,buah
6cee4c4d-62ea-46d4-a148-498792bf45f3,AHSP-R1981,Header Pipa Galvanis MED CLASS DN 6” (150 mm),,material,active,,2026-07-26T19:45:08.940Z,a0000000-0000-0000-0000-000000000001,2026-07-26T19:45:08.940Z,,m1
9bd90610-d9d0-419b-9dd2-29af7cbc90bb,AHSP-R1982,Flange pipa DN 150 mm,,material,active,,2026-07-26T19:45:08.985Z,a0000000-0000-0000-0000-000000000001,2026-07-26T19:45:08.985Z,,buah
d331a0eb-3862-456b-a691-00fa45b4fba6,AHSP-R1983,Flange buta DN 150 mm,,material,active,,2026-07-26T19:45:09.031Z,a0000000-0000-0000-0000-000000000001,2026-07-26T19:45:09.031Z,,buah
98ade3b3-85ba-4f3d-8887-cbd44e9daac1,AHSP-R1984,Mur baut M20,,material,active,,2026-07-26T19:45:09.079Z,a0000000-0000-0000-0000-000000000001,2026-07-26T19:45:09.079Z,,buah
5f15837f-1b46-4cb5-936c-14f44897daaf,AHSP-R1985,Header Pipa Galvanis MED CLASS DN 8” (200 mm),,material,active,,2026-07-26T19:45:09.125Z,a0000000-0000-0000-0000-000000000001,2026-07-26T19:45:09.125Z,,m1
3026ee29-cf3a-4441-bd7a-8763a3b5a199,AHSP-R1986,Flange pipa DN 200 mm,,material,active,,2026-07-26T19:45:09.171Z,a0000000-0000-0000-0000-000000000001,2026-07-26T19:45:09.171Z,,buah
5b41091c-eaf9-4a57-b51c-30f99d84f9b0,AHSP-R1987,Flange buta DN 200 mm,,material,active,,2026-07-26T19:45:09.219Z,a0000000-0000-0000-0000-000000000001,2026-07-26T19:45:09.219Z,,buah
317dee54-c22f-4eb3-9d5e-44ba4c916b9d,AHSP-R1990,"Header Pipa BS SCH 40 Dia. 10""",,material,active,,2026-07-26T19:45:09.362Z,a0000000-0000-0000-0000-000000000001,2026-07-26T19:45:09.362Z,,m1
19c297a0-04bf-41f3-b1b3-08bf897d28a8,AHSP-R1991,"Dop PVC dia. 3""",,material,active,,2026-07-26T19:45:09.410Z,a0000000-0000-0000-0000-000000000001,2026-07-26T19:45:09.410Z,,unit
2a356c48-66b0-408b-885f-a4c86c9fb06c,AHSP-R1992,"Dop PVC dia. 4""",,material,active,,2026-07-26T19:45:09.458Z,a0000000-0000-0000-0000-000000000001,2026-07-26T19:45:09.458Z,,unit
c460ae51-194b-446a-935d-83fb034e4f08,AHSP-R1993,"Dop PVC dia. 6""",,material,active,,2026-07-26T19:45:09.507Z,a0000000-0000-0000-0000-000000000001,2026-07-26T19:45:09.507Z,,unit
9080bc8a-573e-450b-b96a-63f671166282,AHSP-R1994,"Tee Stub In Ø 8"" x 4"" (200 x 100 mm)",,material,active,,2026-07-26T19:45:09.555Z,a0000000-0000-0000-0000-000000000001,2026-07-26T19:45:09.555Z,,buah
48cefd14-9fd9-47ab-9a7f-bffb26b3589c,AHSP-R1995,"Tee Stub In 45° Ø 10""x 8"" (250 x 200 mm)",,material,active,,2026-07-26T19:45:09.602Z,a0000000-0000-0000-0000-000000000001,2026-07-26T19:45:09.602Z,,unit
43f56e70-2e2b-4a53-8737-0127a86f8493,AHSP-R1996,"Tee Stub In 45° Ø 8""x 8"" (200 x 200 mm)",,material,active,,2026-07-26T19:45:09.651Z,a0000000-0000-0000-0000-000000000001,2026-07-26T19:45:09.651Z,,unit
eef23c70-0220-474e-8488-4ba59e1af744,AHSP-R1997,"Tee Y Ø 3"" x 2"" (80 x50 mm) Galvanized",,material,active,,2026-07-26T19:45:09.698Z,a0000000-0000-0000-0000-000000000001,2026-07-26T19:45:09.698Z,,unit
d0ea9a34-e995-4830-9705-ecce9bfab02e,AHSP-R1998,"Reducer Ø 10"" x 8"" (250 x 200 mm)",,material,active,,2026-07-26T19:45:09.743Z,a0000000-0000-0000-0000-000000000001,2026-07-26T19:45:09.743Z,,buah
7fdd0cb1-93fe-4081-9add-735a02c025cd,AHSP-R1999,"Reducer Ø 10"" x 6"" (250 x 150 mm)",,material,active,,2026-07-26T19:45:09.789Z,a0000000-0000-0000-0000-000000000001,2026-07-26T19:45:09.789Z,,buah
3c66d68f-803d-44ce-a723-a9265b6f870b,AHSP-R2000,"Reducer Ø 6"" x 4"" (150 x 100 mm)",,material,active,,2026-07-26T19:45:09.834Z,a0000000-0000-0000-0000-000000000001,2026-07-26T19:45:09.834Z,,buah
a7ef4217-217d-44f9-8bb2-70b4c1668cd6,AHSP-R2001,"Reducer Ø 6"" x 11/2"" (150 x 40 mm)",,material,active,,2026-07-26T19:45:09.881Z,a0000000-0000-0000-0000-000000000001,2026-07-26T19:45:09.881Z,,buah
52d42d19-48cc-4563-b26f-7dd96e32ca24,AHSP-R2002,"Reducer Ø 3"" x 2"" (80 x 50 mm)",,material,active,,2026-07-26T19:45:09.926Z,a0000000-0000-0000-0000-000000000001,2026-07-26T19:45:09.926Z,,buah
bc0592a4-251d-4ae5-bbef-db4956e37037,AHSP-R2003,"Reducer Ø 4"" x 3” (100 x 80 mm)",,material,active,,2026-07-26T19:45:09.972Z,a0000000-0000-0000-0000-000000000001,2026-07-26T19:45:09.972Z,,buah
771feb4f-cfa0-4f21-88bf-4c8879816b63,AHSP-R2004,"Reducer  Ø 3"" x 2” (80 x 50 mm)",,material,active,,2026-07-26T19:45:10.018Z,a0000000-0000-0000-0000-000000000001,2026-07-26T19:45:10.018Z,,buah
9447340a-4277-4fed-931b-bc47baf50102,AHSP-R2005,"Reducer Ø 8"" x 2"" (200 x 50 mm)",,material,active,,2026-07-26T19:45:10.067Z,a0000000-0000-0000-0000-000000000001,2026-07-26T19:45:10.067Z,,buah
857d716a-e130-48f8-ba0e-b693aeedc921,AHSP-R2006,"Reducer Ø 4"" x 2"" (100 x 50 mm)",,material,active,,2026-07-26T19:45:10.112Z,a0000000-0000-0000-0000-000000000001,2026-07-26T19:45:10.112Z,,buah
0ae403b7-12d3-42f6-b266-e4136ddcd52c,AHSP-R2007,"Socket Ø 3/4"" (20mm)",,material,active,,2026-07-26T19:45:10.158Z,a0000000-0000-0000-0000-000000000001,2026-07-26T19:45:10.158Z,,buah
1b71b94e-331b-44db-829e-fa942ce5ec9f,AHSP-R2008,"Socket Ø 2"" (50mm)",,material,active,,2026-07-26T19:45:10.204Z,a0000000-0000-0000-0000-000000000001,2026-07-26T19:45:10.204Z,,buah
b3b3ec47-8c04-4dca-aae6-b32f7539b895,AHSP-R2009,"Socket Ø 3"" (80mm)",,material,active,,2026-07-26T19:45:10.250Z,a0000000-0000-0000-0000-000000000001,2026-07-26T19:45:10.250Z,,buah
a7f0fb4d-1fa1-4ce1-aa6a-e6a15f484a91,AHSP-R2010,Nozzle,,material,active,,2026-07-26T19:45:10.297Z,a0000000-0000-0000-0000-000000000001,2026-07-26T19:45:10.297Z,,buah
a3d5f3ec-0878-4db9-ab1c-aae10e03cacf,AHSP-R2011,Bor listrik,,equipment,active,,2026-07-26T19:45:10.342Z,a0000000-0000-0000-0000-000000000001,2026-07-26T19:45:10.342Z,,jam
5835093c-32d9-4ce1-ab29-32a7146c9df5,AHSP-R2012,Generator set  135 KVA,,equipment,active,,2026-07-26T19:45:10.388Z,a0000000-0000-0000-0000-000000000001,2026-07-26T19:45:10.388Z,,jam
07fb0df5-7595-4abe-90ea-f7181d7b53a4,AHSP-R2013,"Flange Adaptor Ø 8"" (200 mm)",,material,active,,2026-07-26T19:45:10.435Z,a0000000-0000-0000-0000-000000000001,2026-07-26T19:45:10.435Z,,buah
311d4d38-dcee-48cb-99e5-0903f9c30dba,AHSP-R2014,"Flange Adaptor Ø 6"" (150 mm)",,material,active,,2026-07-26T19:45:10.481Z,a0000000-0000-0000-0000-000000000001,2026-07-26T19:45:10.481Z,,buah
8238ad0d-3f42-444e-87f4-6a20d7b43891,AHSP-R2015,"Flange Adaptor Ø 4"" (100 mm)",,material,active,,2026-07-26T19:45:10.526Z,a0000000-0000-0000-0000-000000000001,2026-07-26T19:45:10.526Z,,buah
048a6fbd-9087-44d6-936f-8647698e0063,AHSP-R2016,"Flange Adaptor Ø 2"" (50 mm)",,material,active,,2026-07-26T19:45:10.572Z,a0000000-0000-0000-0000-000000000001,2026-07-26T19:45:10.572Z,,buah
121bcd26-dde2-4899-8315-392181a8ed52,AHSP-R2017,"Flange Ø 10"" (200 mm)",,material,active,,2026-07-26T19:45:10.618Z,a0000000-0000-0000-0000-000000000001,2026-07-26T19:45:10.618Z,,buah
bca1c8e6-073b-4c28-9937-5526d73026b6,AHSP-R2018,"Flange Ø 12"" (300 mm)",,material,active,,2026-07-26T19:45:10.664Z,a0000000-0000-0000-0000-000000000001,2026-07-26T19:45:10.664Z,,buah
77ac360c-a497-43dc-b75b-c38f12ba303e,AHSP-R2019,"Flange Ø 8"" (200 mm)",,material,active,,2026-07-26T19:45:10.710Z,a0000000-0000-0000-0000-000000000001,2026-07-26T19:45:10.710Z,,buah
4f308c11-7716-432e-a26c-8e34886587c3,AHSP-R2020,"Flange Ø 6"" (150 mm)",,material,active,,2026-07-26T19:45:10.756Z,a0000000-0000-0000-0000-000000000001,2026-07-26T19:45:10.756Z,,buah
448f872b-3d8a-4e9f-89cc-41f7a54a178f,AHSP-R2021,"Flange Ø 4"" (100 mm)",,material,active,,2026-07-26T19:45:10.801Z,a0000000-0000-0000-0000-000000000001,2026-07-26T19:45:10.801Z,,buah
7107c3ba-b755-4169-a216-5bdf5c41de35,AHSP-R2022,"Flange Ø 3"" (80 mm)",,material,active,,2026-07-26T19:45:10.847Z,a0000000-0000-0000-0000-000000000001,2026-07-26T19:45:10.847Z,,buah
6e27a2c6-d570-4f45-b787-d0a26e7c87fb,AHSP-R2023,"Flange Ø 2"" (50 mm)",,material,active,,2026-07-26T19:45:10.894Z,a0000000-0000-0000-0000-000000000001,2026-07-26T19:45:10.894Z,,buah
6b8947ce-d34a-413d-a172-0482dd68ffab,AHSP-R2024,"Flange Ø 1-1/2"" (40 mm)",,material,active,,2026-07-26T19:45:10.939Z,a0000000-0000-0000-0000-000000000001,2026-07-26T19:45:10.939Z,,buah
05f8a924-e816-45b2-8a5a-e2a79f3f4dd3,AHSP-R2025,"Flange Ø 1-1/4"" (32 mm",,material,active,,2026-07-26T19:45:10.985Z,a0000000-0000-0000-0000-000000000001,2026-07-26T19:45:10.985Z,,buah
0a198a98-6e5f-42e1-a7fe-e9685b9a992b,AHSP-R2026,"Blind Flange Ø 10"" (250 mm)",,material,active,,2026-07-26T19:45:11.030Z,a0000000-0000-0000-0000-000000000001,2026-07-26T19:45:11.030Z,,buah
25c65ac1-bb07-4c28-9c13-61b03909b3ea,AHSP-R2027,"Blind Flange Ø 8"" (200 mm)",,material,active,,2026-07-26T19:45:11.076Z,a0000000-0000-0000-0000-000000000001,2026-07-26T19:45:11.076Z,,buah
79c46058-e377-4d4e-a66b-996fe41001f5,AHSP-R2028,"Blind Flange Ø 6"" (150 mm)",,material,active,,2026-07-26T19:45:11.121Z,a0000000-0000-0000-0000-000000000001,2026-07-26T19:45:11.121Z,,buah
cef2699a-9ec6-4910-a2d6-2840956ae085,AHSP-R2029,"Blind Flange Ø 3"" (80 mm)",,material,active,,2026-07-26T19:45:11.168Z,a0000000-0000-0000-0000-000000000001,2026-07-26T19:45:11.168Z,,buah
afe0ea82-9acd-4158-a62b-54156e1054ab,AHSP-R2030,"Blind Flange Ø 2"" (50 mm)",,material,active,,2026-07-26T19:45:11.213Z,a0000000-0000-0000-0000-000000000001,2026-07-26T19:45:11.213Z,,buah
452cc0ca-1d68-4c8a-9074-d3ed9fd8aa72,AHSP-R2031,"Wall pipe dan puddle flange Ø 8"" (200mm)",,material,active,,2026-07-26T19:45:11.259Z,a0000000-0000-0000-0000-000000000001,2026-07-26T19:45:11.259Z,,buah
71ca251a-d652-49a5-a911-d742c61e6425,AHSP-R2032,"Fitting Flange PVC Ø3"" (80 mm)",,material,active,,2026-07-26T19:45:11.305Z,a0000000-0000-0000-0000-000000000001,2026-07-26T19:45:11.305Z,,buah
fb25fbd1-d217-40ee-bc2b-7e8dcb31f2e4,AHSP-R2033,"Flange Ø 2-1/2"" (65 mm)",,material,active,,2026-07-26T19:45:11.350Z,a0000000-0000-0000-0000-000000000001,2026-07-26T19:45:11.350Z,,buah
9b76ee2f-9f4a-436a-9ab1-33618c9f352c,AHSP-R2034,"Flange Ø 18"" (450 mm)",,material,active,,2026-07-26T19:45:11.396Z,a0000000-0000-0000-0000-000000000001,2026-07-26T19:45:11.396Z,,buah
4ebc2e1a-d7b9-4b28-9e50-6735b2063b4b,AHSP-R2035,"Flange Ø 20"" (500 mm)",,material,active,,2026-07-26T19:45:11.442Z,a0000000-0000-0000-0000-000000000001,2026-07-26T19:45:11.442Z,,buah
0aca2236-4082-4375-8786-abe944d2f6ce,AHSP-R2036,"Flange Ø 24"" (600 mm)",,material,active,,2026-07-26T19:45:11.488Z,a0000000-0000-0000-0000-000000000001,2026-07-26T19:45:11.488Z,,buah
9a3c18cb-3042-40a3-8e8d-d5bea99f6f01,AHSP-R2037,"Flange Bell End Ø 2"" (50 mm)",,material,active,,2026-07-26T19:45:11.534Z,a0000000-0000-0000-0000-000000000001,2026-07-26T19:45:11.534Z,,buah
0fda5328-b6f5-47df-af99-b8fddae2f273,AHSP-R2038,"Flange Bell End Ø 3"" (80 mm)",,material,active,,2026-07-26T19:45:11.580Z,a0000000-0000-0000-0000-000000000001,2026-07-26T19:45:11.580Z,,buah
7b8092da-4083-4703-bd24-bee04d7a6ee2,AHSP-R2039,"Flange Bell End Ø 4"" (100 mm)",,material,active,,2026-07-26T19:45:11.626Z,a0000000-0000-0000-0000-000000000001,2026-07-26T19:45:11.626Z,,buah
6ab5ed94-02df-43ce-87e5-e57f7be90884,AHSP-R2040,"Bend 90° Ø 6"" (150 mm)",,material,active,,2026-07-26T19:45:11.671Z,a0000000-0000-0000-0000-000000000001,2026-07-26T19:45:11.671Z,,buah
168bba0f-7cd4-40cf-a558-3de1cf4b61e6,AHSP-R2041,"Bend 90° Ø 4"" (100 mm)",,material,active,,2026-07-26T19:45:11.717Z,a0000000-0000-0000-0000-000000000001,2026-07-26T19:45:11.717Z,,buah
524f536c-927d-4716-a7bd-4fb2550a60e6,AHSP-R2042,"Bend 90° Ø 3"" (100 mm)",,material,active,,2026-07-26T19:45:11.763Z,a0000000-0000-0000-0000-000000000001,2026-07-26T19:45:11.763Z,,buah
eb927866-afce-4c19-801a-588b07d7cd9d,AHSP-R2043,"Bend 90° Ø 2"" (50 mm)",,material,active,,2026-07-26T19:45:11.809Z,a0000000-0000-0000-0000-000000000001,2026-07-26T19:45:11.809Z,,buah
b56e4061-092c-4445-8be3-8455644e7f30,AHSP-R2044,"Bend All Flange Ø 4"" (100 mm)",,material,active,,2026-07-26T19:45:11.854Z,a0000000-0000-0000-0000-000000000001,2026-07-26T19:45:11.854Z,,buah
a1b29bba-48f0-424b-9642-3dfd612e64ad,AHSP-R2045,"Bend 90° Ø 8"" (200 mm)",,material,active,,2026-07-26T19:45:11.901Z,a0000000-0000-0000-0000-000000000001,2026-07-26T19:45:11.901Z,,buah
d0670ea8-4356-4387-a7f1-0f87e009139b,AHSP-R2046,"Bend 90° Ø 1-1/4"" (20 mm)",,material,active,,2026-07-26T19:45:11.946Z,a0000000-0000-0000-0000-000000000001,2026-07-26T19:45:11.946Z,,buah
f2d24fee-7675-49d1-a1e9-f24f226e35aa,AHSP-R2047,"Bend 90° Ø 3/4"" (20 mm)",,material,active,,2026-07-26T19:45:11.992Z,a0000000-0000-0000-0000-000000000001,2026-07-26T19:45:11.992Z,,buah
cfcd88c7-81d9-490e-ba35-330f0dd693c1,AHSP-R2048,"Bend 45° Ø 2"" (50 mm)",,material,active,,2026-07-26T19:45:12.038Z,a0000000-0000-0000-0000-000000000001,2026-07-26T19:45:12.038Z,,buah
a6e2e770-a36d-4ec7-badc-3cee82d5ecc5,AHSP-R2049,"Bend 45° Ø 2-1/2"" (65 mm)",,material,active,,2026-07-26T19:45:12.083Z,a0000000-0000-0000-0000-000000000001,2026-07-26T19:45:12.083Z,,buah
66f3733a-fc50-40ed-a72b-fcba2fa985da,AHSP-R2050,"Bend 45° Ø 4"" (100 mm)",,material,active,,2026-07-26T19:45:12.129Z,a0000000-0000-0000-0000-000000000001,2026-07-26T19:45:12.129Z,,buah
6d9ae07c-2cc5-483e-91db-d09d2b40cce7,AHSP-R2051,"Bend 45° Ø 6"" (150 mm)",,material,active,,2026-07-26T19:45:12.175Z,a0000000-0000-0000-0000-000000000001,2026-07-26T19:45:12.175Z,,buah
d8d2be69-4448-4f80-ac16-ee5d614b151b,AHSP-R2052,"Bend 45° Ø 8"" (200 mm)",,material,active,,2026-07-26T19:45:12.221Z,a0000000-0000-0000-0000-000000000001,2026-07-26T19:45:12.221Z,,buah
8581dd1d-8221-4cd7-a97b-101ab8212ee0,AHSP-R2053,"Bend 45° Ø 10"" (250 mm)",,material,active,,2026-07-26T19:45:12.267Z,a0000000-0000-0000-0000-000000000001,2026-07-26T19:45:12.267Z,,buah
50dd5aa6-92d6-4fcb-8687-23d0484c5bc8,AHSP-R2054,"Bend 45° Ø 12"" (300 mm)",,material,active,,2026-07-26T19:45:12.312Z,a0000000-0000-0000-0000-000000000001,2026-07-26T19:45:12.312Z,,buah
50ecd3a0-8c40-4391-8953-3c275adf1187,AHSP-R2055,"Bend 45° Ø 16"" (400 mm)",,material,active,,2026-07-26T19:45:12.357Z,a0000000-0000-0000-0000-000000000001,2026-07-26T19:45:12.357Z,,buah
4d06d8ef-81fe-4ca4-bfc0-ab152c3d82e7,AHSP-R2056,"Bend 45° Ø 18"" (450 mm)",,material,active,,2026-07-26T19:45:12.403Z,a0000000-0000-0000-0000-000000000001,2026-07-26T19:45:12.403Z,,buah
90eef8a2-4f4d-408c-aa73-3f5e534323d1,AHSP-R2057,"Bend 45° Ø 20"" (500 mm)",,material,active,,2026-07-26T19:45:12.450Z,a0000000-0000-0000-0000-000000000001,2026-07-26T19:45:12.450Z,,buah
fc0cff90-9988-4e94-9b41-d77da4055dea,AHSP-R2058,"Bend 45° Ø 24"" (600 mm)",,material,active,,2026-07-26T19:45:12.495Z,a0000000-0000-0000-0000-000000000001,2026-07-26T19:45:12.495Z,,buah
b595a86d-1b60-4018-b62a-7c082290753a,AHSP-R2059,"Bend 90° Ø 2-1/2"" (65 mm)",,material,active,,2026-07-26T19:45:12.541Z,a0000000-0000-0000-0000-000000000001,2026-07-26T19:45:12.541Z,,buah
d5c5f214-c1d3-47ce-96ad-e5661c913a30,AHSP-R2060,"Bend 90° Ø 10"" (250 mm)",,material,active,,2026-07-26T19:45:12.587Z,a0000000-0000-0000-0000-000000000001,2026-07-26T19:45:12.587Z,,buah
3067d934-181d-40da-bef9-c297be3d67d8,AHSP-R2061,"Bend 90° Ø 12"" (300 mm)",,material,active,,2026-07-26T19:45:12.632Z,a0000000-0000-0000-0000-000000000001,2026-07-26T19:45:12.632Z,,buah
bbf8e1c4-9f7d-4542-b98e-e64e2cce8a5d,AHSP-R2062,"Bend 90° Ø 16"" (400 mm)",,material,active,,2026-07-26T19:45:12.678Z,a0000000-0000-0000-0000-000000000001,2026-07-26T19:45:12.678Z,,buah
2e5d05e1-f57b-4f39-b1eb-0cafc44bc711,AHSP-R2063,"Bend 90° Ø 18"" (450 mm)",,material,active,,2026-07-26T19:45:12.724Z,a0000000-0000-0000-0000-000000000001,2026-07-26T19:45:12.724Z,,buah
232cf1a9-4ce7-4719-93fd-448d2c84b54f,AHSP-R2064,"Bend 90° Ø 20"" (500 mm)",,material,active,,2026-07-26T19:45:12.770Z,a0000000-0000-0000-0000-000000000001,2026-07-26T19:45:12.770Z,,buah
71b08ef2-0b39-466d-a0c6-d4e838abce2d,AHSP-R2065,"Bend 90° Ø 24"" (600 mm)",,material,active,,2026-07-26T19:45:12.816Z,a0000000-0000-0000-0000-000000000001,2026-07-26T19:45:12.816Z,,buah
b9ecfe71-f3f2-4463-80a7-a2d2fab09be3,AHSP-R2066,"Bend PVC 30° Ø 2"" (50 mm)",,material,active,,2026-07-26T19:45:12.862Z,a0000000-0000-0000-0000-000000000001,2026-07-26T19:45:12.862Z,,buah
11ff6f06-a2c6-4c1d-bab4-e5910b27cbf1,AHSP-R2067,"Bend PVC 45° Ø 2"" (50 mm)",,material,active,,2026-07-26T19:45:12.908Z,a0000000-0000-0000-0000-000000000001,2026-07-26T19:45:12.908Z,,buah
821a2c17-fa46-4581-b1f1-032f8e8d07ab,AHSP-R2068,"Bend PVC 90° Ø 2"" (50 mm)",,material,active,,2026-07-26T19:45:12.954Z,a0000000-0000-0000-0000-000000000001,2026-07-26T19:45:12.954Z,,buah
3e0321a2-3a5c-499d-8728-6f5cba4680e8,AHSP-R2069,"Bend PVC 45° Ø 3"" (80 mm)",,material,active,,2026-07-26T19:45:13.015Z,a0000000-0000-0000-0000-000000000001,2026-07-26T19:45:13.015Z,,buah
8edf818d-2c31-45bb-aacd-5a5168b4be06,AHSP-R2070,"Bend PVC 90° Ø 3"" (80 mm)",,material,active,,2026-07-26T19:45:13.061Z,a0000000-0000-0000-0000-000000000001,2026-07-26T19:45:13.061Z,,buah
1297b05e-86c1-475e-8f1b-e97d3e7cf7bb,AHSP-R2071,"Bend PVC 45° Ø 4"" (100 mm)",,material,active,,2026-07-26T19:45:13.107Z,a0000000-0000-0000-0000-000000000001,2026-07-26T19:45:13.107Z,,buah
b499050f-67a4-4a0a-88d2-aad819aa68cd,AHSP-R2072,"Back Pressure Valve Ø 1/2"" (15 mm)",,material,active,,2026-07-26T19:45:13.152Z,a0000000-0000-0000-0000-000000000001,2026-07-26T19:45:13.152Z,,buah
299b8c44-904e-4106-a4e0-c827c33d0b62,AHSP-R2073,"Air Valve Ø 8"" (200 mm)",,material,active,,2026-07-26T19:45:13.198Z,a0000000-0000-0000-0000-000000000001,2026-07-26T19:45:13.198Z,,buah
c4932dcc-cf23-4f8b-be95-1e06f9791123,AHSP-R2074,"Air Valve Ø 3"" (80 mm)",,material,active,,2026-07-26T19:45:13.244Z,a0000000-0000-0000-0000-000000000001,2026-07-26T19:45:13.244Z,,buah
cb7dddcb-d2e1-4eba-954d-f5b4013aa05c,AHSP-R2075,"Air Valve Ø 1-1/2 "" (40 mm",,material,active,,2026-07-26T19:45:13.290Z,a0000000-0000-0000-0000-000000000001,2026-07-26T19:45:13.290Z,,buah
133394ff-a38e-4552-a389-44faba3ed312,AHSP-R2076,"Air Valve Ø 2"" (50 mm)",,material,active,,2026-07-26T19:45:13.336Z,a0000000-0000-0000-0000-000000000001,2026-07-26T19:45:13.336Z,,buah
bf5e4d27-d4a6-4b5d-9a21-91e5e8237e79,AHSP-R2077,"Air Valve Ø 2-1/2"" (65 mm)",,material,active,,2026-07-26T19:45:13.381Z,a0000000-0000-0000-0000-000000000001,2026-07-26T19:45:13.381Z,,buah
f0fc6ec7-eede-4d35-aaa2-9646bdf50227,AHSP-R2078,"Air Valve Ø 4"" (100 mm)",,material,active,,2026-07-26T19:45:13.427Z,a0000000-0000-0000-0000-000000000001,2026-07-26T19:45:13.427Z,,buah
26396e0b-8576-4e31-a088-1d065a70f745,AHSP-R2079,"Air Valve Ø 6"" (150 mm)",,material,active,,2026-07-26T19:45:13.472Z,a0000000-0000-0000-0000-000000000001,2026-07-26T19:45:13.472Z,,buah
806761bf-8e26-4caa-9563-2364ed050a61,AHSP-R2080,"Air Valve Ø 10"" (250 mm)",,material,active,,2026-07-26T19:45:13.518Z,a0000000-0000-0000-0000-000000000001,2026-07-26T19:45:13.518Z,,buah
d62b8ebb-4f07-47cd-ba93-1def6feb8ed0,AHSP-R2081,"Air Valve Ø 12"" (300 mm)",,material,active,,2026-07-26T19:45:13.564Z,a0000000-0000-0000-0000-000000000001,2026-07-26T19:45:13.564Z,,buah
f2f9e5ed-64ef-42eb-9f4d-78443ea203a7,AHSP-R2082,"Adaptor Ø 3/4"" (20 mm)",,material,active,,2026-07-26T19:45:13.610Z,a0000000-0000-0000-0000-000000000001,2026-07-26T19:45:13.610Z,,buah
964568ae-d99d-442c-8ce1-ca44d1409182,AHSP-R2083,"Union Ø 3/4"" (20 mm)",,material,active,,2026-07-26T19:45:13.656Z,a0000000-0000-0000-0000-000000000001,2026-07-26T19:45:13.656Z,,buah
27e597da-a5b0-4388-8a5c-0c2ffc063e71,AHSP-R2084,"Double Nipple Ø3/4"" (20 mm)",,material,active,,2026-07-26T19:45:13.703Z,a0000000-0000-0000-0000-000000000001,2026-07-26T19:45:13.703Z,,buah
853b125f-89d4-4fd0-9db1-6dbe342e7faa,AHSP-R2085,"Giboult Joint Ø 8"" (200 mm)",,material,active,,2026-07-26T19:45:13.748Z,a0000000-0000-0000-0000-000000000001,2026-07-26T19:45:13.748Z,,buah
4d647a79-0152-49c8-8e54-9179ce5ff2b9,AHSP-R2086,"Street Box Ø 2"" (50 mm)",,material,active,,2026-07-26T19:45:13.794Z,a0000000-0000-0000-0000-000000000001,2026-07-26T19:45:13.794Z,,buah
f15fd248-233a-4ad5-a777-e67bebdf5475,AHSP-R2087,"Street Box Ø 2-1/2"" (65 mm)",,material,active,,2026-07-26T19:45:13.840Z,a0000000-0000-0000-0000-000000000001,2026-07-26T19:45:13.840Z,,buah
4993400a-180a-4cd0-8402-ee2f7fc9ea89,AHSP-R2088,"Street Box Ø 4"" (100 mm)",,material,active,,2026-07-26T19:45:13.886Z,a0000000-0000-0000-0000-000000000001,2026-07-26T19:45:13.886Z,,buah
03eb6e3c-ce37-4ad8-9c2b-a8c4c885e2c1,AHSP-R2089,"Street Box Ø 6"" (150 mm)",,material,active,,2026-07-26T19:45:13.932Z,a0000000-0000-0000-0000-000000000001,2026-07-26T19:45:13.932Z,,buah
0a846dc9-9fae-4375-9ae9-930be069a4d1,AHSP-R2090,"Street Box Ø 8"" (200 mm)",,material,active,,2026-07-26T19:45:13.978Z,a0000000-0000-0000-0000-000000000001,2026-07-26T19:45:13.978Z,,buah
7bfb9c5d-02ba-4448-9621-f3ff5516662a,AHSP-R2091,"Street Box Ø 10"" (250 mm)",,material,active,,2026-07-26T19:45:14.024Z,a0000000-0000-0000-0000-000000000001,2026-07-26T19:45:14.024Z,,buah
5a2bc02a-2619-42d8-8a4b-69e74054300c,AHSP-R2092,"Street Box Ø 12"" (300 mm)",,material,active,,2026-07-26T19:45:14.070Z,a0000000-0000-0000-0000-000000000001,2026-07-26T19:45:14.070Z,,buah
38a3d900-552f-4203-b969-fa0168992f49,AHSP-R2093,"Street Box Ø 16"" (400 mm)",,material,active,,2026-07-26T19:45:14.116Z,a0000000-0000-0000-0000-000000000001,2026-07-26T19:45:14.116Z,,buah
34822f91-3cf7-4dbe-b84d-66d498b8d1e4,AHSP-R2094,"Street Box Ø 18"" (450 mm)",,material,active,,2026-07-26T19:45:14.162Z,a0000000-0000-0000-0000-000000000001,2026-07-26T19:45:14.162Z,,buah
c557de80-26a9-489c-96c5-db1e2c126f75,AHSP-R2095,"Street Box Ø 20"" (500 mm)",,material,active,,2026-07-26T19:45:14.208Z,a0000000-0000-0000-0000-000000000001,2026-07-26T19:45:14.208Z,,buah
0911fd73-f6b1-4654-8811-deec8d6c1a34,AHSP-R2096,"Street Box Ø 24"" (600 mm)",,material,active,,2026-07-26T19:45:14.254Z,a0000000-0000-0000-0000-000000000001,2026-07-26T19:45:14.254Z,,buah
03ca97bd-314a-4480-b7ba-f34ff1e319fd,AHSP-R2097,"Street Box Cast Iron Ø 2"" (50 mm)",,material,active,,2026-07-26T19:45:14.301Z,a0000000-0000-0000-0000-000000000001,2026-07-26T19:45:14.301Z,,buah
f098e36c-7a70-4279-9f99-08018cd952fb,AHSP-R2207,Pasir Filler,,material,active,,2026-07-26T19:45:19.333Z,a0000000-0000-0000-0000-000000000001,2026-07-26T19:45:19.333Z,,m3
ad9667b6-45b2-475f-bcd4-7ca5e08a2f69,AHSP-R2098,"Street Box Cast Iron Ø 3"" (80 mm)",,material,active,,2026-07-26T19:45:14.346Z,a0000000-0000-0000-0000-000000000001,2026-07-26T19:45:14.346Z,,buah
e47afa12-64b7-424f-bda3-0f96d9544a08,AHSP-R2099,"Street Box Cast Iron Ø 4"" (100 mm)",,material,active,,2026-07-26T19:45:14.393Z,a0000000-0000-0000-0000-000000000001,2026-07-26T19:45:14.393Z,,buah
2676b8a6-0e3c-4c98-b01b-e1e9fbadba8b,AHSP-R2100,"Bend Flange 45 ° Ø 2"" (50 mm)",,material,active,,2026-07-26T19:45:14.439Z,a0000000-0000-0000-0000-000000000001,2026-07-26T19:45:14.439Z,,buah
915b81e9-1f13-43b2-8f17-1f79fe23b21b,AHSP-R2101,"Bend Flange 45° Ø 2-1/2"" (65 mm)",,material,active,,2026-07-26T19:45:14.485Z,a0000000-0000-0000-0000-000000000001,2026-07-26T19:45:14.485Z,,buah
c8bc347a-0fa1-4580-840f-5847c593b7b0,AHSP-R2102,"Bend Flange 45° Ø3"" (80 mm)",,material,active,,2026-07-26T19:45:14.530Z,a0000000-0000-0000-0000-000000000001,2026-07-26T19:45:14.530Z,,buah
72cf045c-218b-472b-850d-5719a0a4c6b6,AHSP-R2103,"Bend Flange 45° Ø4"" (100 mm)",,material,active,,2026-07-26T19:45:14.576Z,a0000000-0000-0000-0000-000000000001,2026-07-26T19:45:14.576Z,,buah
86d72691-b038-42d4-b53f-2a4311a24fa7,AHSP-R2104,"Bend Flange 45° Ø6"" (150 mm)",,material,active,,2026-07-26T19:45:14.622Z,a0000000-0000-0000-0000-000000000001,2026-07-26T19:45:14.622Z,,buah
31fd4b36-a76f-466c-8203-f54e7e8814f6,AHSP-R2105,"Bend Flange 45° Ø8"" (200 mm)",,material,active,,2026-07-26T19:45:14.668Z,a0000000-0000-0000-0000-000000000001,2026-07-26T19:45:14.668Z,,buah
187816a0-da41-4d6b-b0f6-fe2e7167955e,AHSP-R2106,"Bend Flange 45° Ø10"" (250 mm)",,material,active,,2026-07-26T19:45:14.714Z,a0000000-0000-0000-0000-000000000001,2026-07-26T19:45:14.714Z,,buah
4503ba8a-7bdd-49d9-ba0e-8e564a3eb838,AHSP-R2107,"Bend Flange 45° Ø12"" (300 mm)",,material,active,,2026-07-26T19:45:14.760Z,a0000000-0000-0000-0000-000000000001,2026-07-26T19:45:14.760Z,,buah
4c20bc79-2f4d-4be5-bae8-a544def2a858,AHSP-R2108,"Bend Flange 45° Ø16"" (400 mm)",,material,active,,2026-07-26T19:45:14.807Z,a0000000-0000-0000-0000-000000000001,2026-07-26T19:45:14.807Z,,buah
24229f6c-dd16-43b6-b904-8485b2fcfa61,AHSP-R2109,"Bend Flange 45° Ø18"" (450 mm)",,material,active,,2026-07-26T19:45:14.852Z,a0000000-0000-0000-0000-000000000001,2026-07-26T19:45:14.852Z,,buah
472c6949-b051-41f8-80a9-101d764056e5,AHSP-R2110,"Bend Flange 45° Ø24"" (600 mm)",,material,active,,2026-07-26T19:45:14.897Z,a0000000-0000-0000-0000-000000000001,2026-07-26T19:45:14.897Z,,buah
e72cc77f-b520-4b68-916f-0213538a6515,AHSP-R2111,"Stub Flange Ø 2"" (50 mm)",,material,active,,2026-07-26T19:45:14.943Z,a0000000-0000-0000-0000-000000000001,2026-07-26T19:45:14.943Z,,buah
7b8355e4-548d-4e07-992a-e480e1a5d403,AHSP-R2112,"Stub Flange Ø 2-1/2"" (65 mm)",,material,active,,2026-07-26T19:45:14.989Z,a0000000-0000-0000-0000-000000000001,2026-07-26T19:45:14.989Z,,buah
00baac95-4653-4da6-853d-052ce02dab28,AHSP-R2113,"Stub Flange Ø3"" (80 mm)",,material,active,,2026-07-26T19:45:15.035Z,a0000000-0000-0000-0000-000000000001,2026-07-26T19:45:15.035Z,,buah
44edbb99-ff25-4281-9ade-8e70956d541f,AHSP-R2114,"Stub Flange Ø6"" (150 mm)",,material,active,,2026-07-26T19:45:15.081Z,a0000000-0000-0000-0000-000000000001,2026-07-26T19:45:15.081Z,,buah
45a71b26-502d-4197-adf6-917154180fa8,AHSP-R2115,"Stub Flange Ø8"" (200 mm)",,material,active,,2026-07-26T19:45:15.126Z,a0000000-0000-0000-0000-000000000001,2026-07-26T19:45:15.126Z,,buah
8b3920a0-4430-4504-b547-cc9040e1f3fc,AHSP-R2116,"Stub Flange Ø12"" (300 mm)",,material,active,,2026-07-26T19:45:15.173Z,a0000000-0000-0000-0000-000000000001,2026-07-26T19:45:15.173Z,,buah
b33f5a55-33c9-4ed0-a0a3-3849ff6a16b2,AHSP-R2117,"Stub Flange Ø18"" (450 mm)",,material,active,,2026-07-26T19:45:15.219Z,a0000000-0000-0000-0000-000000000001,2026-07-26T19:45:15.219Z,,buah
a3fe53c7-0321-416c-9008-7b245abad9b9,AHSP-R2118,"Stub Flange Ø20"" (500 mm)",,material,active,,2026-07-26T19:45:15.264Z,a0000000-0000-0000-0000-000000000001,2026-07-26T19:45:15.264Z,,buah
518f34d8-6054-4d3f-9b8d-c28e580a2fce,AHSP-R2119,"Flange Spigot Ø 2"" (50 mm)",,material,active,,2026-07-26T19:45:15.310Z,a0000000-0000-0000-0000-000000000001,2026-07-26T19:45:15.310Z,,buah
d02f23d9-2256-467c-a861-59b38a88c6e5,AHSP-R2120,"Flange Spigot Ø 2 1/2"" (65 mm)",,material,active,,2026-07-26T19:45:15.356Z,a0000000-0000-0000-0000-000000000001,2026-07-26T19:45:15.356Z,,buah
7d048777-97ac-4d74-8dff-758937d1d4d3,AHSP-R2121,"Flange Spigot Ø3"" (80 mm)",,material,active,,2026-07-26T19:45:15.401Z,a0000000-0000-0000-0000-000000000001,2026-07-26T19:45:15.401Z,,buah
ad39af21-cd63-4f22-b6ff-6a8dedd79fe3,AHSP-R2122,"Flange Spigot Ø4"" (100 mm)",,material,active,,2026-07-26T19:45:15.447Z,a0000000-0000-0000-0000-000000000001,2026-07-26T19:45:15.447Z,,buah
88af5f3f-c3d5-43a0-8174-05dd76c42ed9,AHSP-R2123,"Flange Spigot Ø6"" (150 mm)",,material,active,,2026-07-26T19:45:15.493Z,a0000000-0000-0000-0000-000000000001,2026-07-26T19:45:15.493Z,,buah
cf944578-ec66-4971-bb08-9311c8029cf6,AHSP-R2124,"Flange Spigot Ø8"" (200 mm)",,material,active,,2026-07-26T19:45:15.539Z,a0000000-0000-0000-0000-000000000001,2026-07-26T19:45:15.539Z,,buah
48c734e1-c1d2-401d-8988-fe1ac77c40fb,AHSP-R2125,"Flange Spigot Ø10"" (250 mm)",,material,active,,2026-07-26T19:45:15.585Z,a0000000-0000-0000-0000-000000000001,2026-07-26T19:45:15.585Z,,buah
81af33bc-311e-401e-9a44-589cad300ba9,AHSP-R2126,"Flange Spigot Ø12"" (300 mm)",,material,active,,2026-07-26T19:45:15.631Z,a0000000-0000-0000-0000-000000000001,2026-07-26T19:45:15.631Z,,buah
e1e8f7c2-b21d-4cee-b8f2-cea4c4e67630,AHSP-R2127,"Flange Spigot Ø16"" (400 mm)",,material,active,,2026-07-26T19:45:15.676Z,a0000000-0000-0000-0000-000000000001,2026-07-26T19:45:15.676Z,,buah
af9bb3f6-a0b9-447e-869d-fe3c4878d971,AHSP-R2128,"Flange Spigot Ø18"" (450 mm)",,material,active,,2026-07-26T19:45:15.722Z,a0000000-0000-0000-0000-000000000001,2026-07-26T19:45:15.722Z,,buah
b6f9a1bf-5895-4442-8bf1-fcdaa93f281a,AHSP-R2129,"Flange Spigot Ø20"" (500 mm)",,material,active,,2026-07-26T19:45:15.768Z,a0000000-0000-0000-0000-000000000001,2026-07-26T19:45:15.768Z,,buah
30635785-aa43-4d8c-9a31-cf7283172b52,AHSP-R2130,"Flange Spigot Ø24"" (600 mm)",,material,active,,2026-07-26T19:45:15.813Z,a0000000-0000-0000-0000-000000000001,2026-07-26T19:45:15.813Z,,buah
f534e256-c86e-4c2a-809e-7f3de8dcbae0,AHSP-R2131,"Clamp Saddle Ø 2"" x 1/2"" (50 mm x 15 mm)",,material,active,,2026-07-26T19:45:15.859Z,a0000000-0000-0000-0000-000000000001,2026-07-26T19:45:15.859Z,,buah
f587d033-5304-4b24-a77e-684356cf3892,AHSP-R2132,"Clamp Saddle Ø 3"" x 1/2"" (80 mm x 15 mm)",,material,active,,2026-07-26T19:45:15.905Z,a0000000-0000-0000-0000-000000000001,2026-07-26T19:45:15.905Z,,buah
31bc0ef4-2bc7-49cc-9009-8057a4c47ecd,AHSP-R2133,"Clamp Saddle Ø 4"" x 1/2"" (100 mm x 15 mm)",,material,active,,2026-07-26T19:45:15.952Z,a0000000-0000-0000-0000-000000000001,2026-07-26T19:45:15.952Z,,buah
9b4176cb-fa17-425e-87df-ebd4144cc17c,AHSP-R2134,"Male Threaded Compression Elbow HDPE Ø 1/2"" (15 mm)",,material,active,,2026-07-26T19:45:15.998Z,a0000000-0000-0000-0000-000000000001,2026-07-26T19:45:15.998Z,,buah
ecea0605-9128-4437-8104-ca7ebf294c5d,AHSP-R2135,"Female Threaded Elbow GIP Ø 1/2"" (15 mm)",,material,active,,2026-07-26T19:45:16.043Z,a0000000-0000-0000-0000-000000000001,2026-07-26T19:45:16.043Z,,buah
18f685b1-c03c-4040-a882-e5a2f5a58ff7,AHSP-R2136,"Compression Elbow HDPE Ø 1/2"" (15 mm)",,material,active,,2026-07-26T19:45:16.088Z,a0000000-0000-0000-0000-000000000001,2026-07-26T19:45:16.088Z,,buah
4c651b6b-cb83-4107-aa25-504845f94a00,AHSP-R2137,"Plug Kran (Brass) Ø 1/2"" (15 mm)",,material,active,,2026-07-26T19:45:16.134Z,a0000000-0000-0000-0000-000000000001,2026-07-26T19:45:16.134Z,,buah
f432c13c-0143-4e3c-860b-b8aa03471127,AHSP-R2138,"Double Nipple (Brass) Ø 1/2"" (15 mm)",,material,active,,2026-07-26T19:45:16.179Z,a0000000-0000-0000-0000-000000000001,2026-07-26T19:45:16.179Z,,buah
482eaf79-4708-441a-ba1a-8b401566997e,AHSP-R2139,"DOP Female Threaded Tee GIP Ø 1/2"" (15 mm)",,material,active,,2026-07-26T19:45:16.225Z,a0000000-0000-0000-0000-000000000001,2026-07-26T19:45:16.225Z,,buah
f3e3a132-1e07-44bd-ab18-59b827607a1e,AHSP-R2140,"Pipa PVC AW Ø 4""",,material,active,,2026-07-26T19:45:16.271Z,a0000000-0000-0000-0000-000000000001,2026-07-26T19:45:16.271Z,,m1
32c834cd-2b77-409a-aa36-155e2f4504b6,AHSP-R2141,Lantai Kerja fc 10 Mpa,,material,active,,2026-07-26T19:45:16.316Z,a0000000-0000-0000-0000-000000000001,2026-07-26T19:45:16.316Z,,m3
5af9d2f5-0cfd-46ad-a047-1987b2349128,AHSP-R2142,Urukan Pasir Uruk,,material,active,,2026-07-26T19:45:16.361Z,a0000000-0000-0000-0000-000000000001,2026-07-26T19:45:16.361Z,,m3
5611a576-8723-4cdd-b014-a5830a3a51fe,AHSP-R2143,U-Ditch 30x30x120 cm,,material,active,,2026-07-26T19:45:16.407Z,a0000000-0000-0000-0000-000000000001,2026-07-26T19:45:16.407Z,,buah
64056deb-6536-46fa-9315-d5267adef1d5,AHSP-R2144,U-Ditch 30x40x120 cm,,material,active,,2026-07-26T19:45:16.453Z,a0000000-0000-0000-0000-000000000001,2026-07-26T19:45:16.453Z,,buah
91a4673a-0de6-4b70-b835-31893ac81f02,AHSP-R2145,U-Ditch 40x40x120 cm,,material,active,,2026-07-26T19:45:16.498Z,a0000000-0000-0000-0000-000000000001,2026-07-26T19:45:16.498Z,,buah
9e7d1d42-d74b-46d7-9629-76d6f0af68fd,AHSP-R2146,U-Ditch 40x50x120 cm,,material,active,,2026-07-26T19:45:16.544Z,a0000000-0000-0000-0000-000000000001,2026-07-26T19:45:16.544Z,,buah
881e91cc-7326-4d31-811e-3ee2a121b2ab,AHSP-R2147,U-Ditch 40x60x120 cm,,material,active,,2026-07-26T19:45:16.589Z,a0000000-0000-0000-0000-000000000001,2026-07-26T19:45:16.589Z,,buah
15905962-54a9-4b25-ae5a-819d954dac30,AHSP-R2148,U-Ditch 50x50x120 cm,,material,active,,2026-07-26T19:45:16.636Z,a0000000-0000-0000-0000-000000000001,2026-07-26T19:45:16.636Z,,buah
025f86f7-cbca-43fb-ae69-5b3cfc141ec2,AHSP-R2149,U-Ditch 50x60x120 cm,,material,active,,2026-07-26T19:45:16.681Z,a0000000-0000-0000-0000-000000000001,2026-07-26T19:45:16.681Z,,buah
c7fe06ec-793f-49f9-b61d-b8fb3fbbaf1c,AHSP-R2150,U-Ditch 50x70x120 cm,,material,active,,2026-07-26T19:45:16.727Z,a0000000-0000-0000-0000-000000000001,2026-07-26T19:45:16.727Z,,buah
3215717a-554f-4a60-bd09-1fd8fb27e573,AHSP-R2151,U-Ditch 60x60x120 cm,,material,active,,2026-07-26T19:45:16.772Z,a0000000-0000-0000-0000-000000000001,2026-07-26T19:45:16.772Z,,buah
055830ac-2c4f-49f2-bdee-3dd2158d66e2,AHSP-R2152,U-Ditch 60x70x120 cm,,material,active,,2026-07-26T19:45:16.818Z,a0000000-0000-0000-0000-000000000001,2026-07-26T19:45:16.818Z,,buah
656f721f-3892-4cc0-8221-44997adf726b,AHSP-R2153,U-Ditch 60x80x120 cm,,material,active,,2026-07-26T19:45:16.865Z,a0000000-0000-0000-0000-000000000001,2026-07-26T19:45:16.865Z,,buah
082283e7-6c7e-49c3-a439-fdc1a97ff0fb,AHSP-R2154,U-Ditch 80x60x120 cm,,material,active,,2026-07-26T19:45:16.912Z,a0000000-0000-0000-0000-000000000001,2026-07-26T19:45:16.912Z,,buah
d598aff0-3134-46b7-84e6-027696ca7f8f,AHSP-R2155,U-Ditch 80x80x120 cm,,material,active,,2026-07-26T19:45:16.958Z,a0000000-0000-0000-0000-000000000001,2026-07-26T19:45:16.958Z,,buah
dee6dfde-fd6d-4361-b580-3ce7eb4b18d6,AHSP-R2156,U-Ditch 80x100x120 cm,,material,active,,2026-07-26T19:45:17.003Z,a0000000-0000-0000-0000-000000000001,2026-07-26T19:45:17.003Z,,buah
442c25ca-5b3b-4629-988c-f44a3238ca7d,AHSP-R2157,U-Ditch 100x100x120 cm,,material,active,,2026-07-26T19:45:17.050Z,a0000000-0000-0000-0000-000000000001,2026-07-26T19:45:17.050Z,,buah
a0da3cc1-217c-4249-9668-a34088ebdb4a,AHSP-R2158,U-Ditch 100x120x120 cm,,material,active,,2026-07-26T19:45:17.095Z,a0000000-0000-0000-0000-000000000001,2026-07-26T19:45:17.095Z,,buah
efbe9d23-2d88-4cde-887a-ffc06afd760e,AHSP-R2159,U-Ditch 120x120x120 cm,,material,active,,2026-07-26T19:45:17.142Z,a0000000-0000-0000-0000-000000000001,2026-07-26T19:45:17.142Z,,buah
f13a4e40-c01a-4c46-bee5-1dddd9dbb29d,AHSP-R2160,U-Ditch 120x140x120 cm,,material,active,,2026-07-26T19:45:17.188Z,a0000000-0000-0000-0000-000000000001,2026-07-26T19:45:17.188Z,,buah
75366e12-b2a4-48f2-b75b-e8cbc0596302,AHSP-R2161,U-Ditch 140x140x120 cm,,material,active,,2026-07-26T19:45:17.233Z,a0000000-0000-0000-0000-000000000001,2026-07-26T19:45:17.233Z,,buah
bee72821-2eff-4f29-b311-bb417b4aadb7,AHSP-R2162,U-Ditch 150x100x120 cm,,material,active,,2026-07-26T19:45:17.278Z,a0000000-0000-0000-0000-000000000001,2026-07-26T19:45:17.278Z,,buah
69a81e6f-21d6-45e0-ad8a-53fa1ee0607f,AHSP-R2163,U-Ditch 150x150x120 cm,,material,active,,2026-07-26T19:45:17.324Z,a0000000-0000-0000-0000-000000000001,2026-07-26T19:45:17.324Z,,buah
9b6d5a07-cfa0-430e-bfe1-6dbac7d85436,AHSP-R2164,U-Ditch 150x170x120 cm,,material,active,,2026-07-26T19:45:17.369Z,a0000000-0000-0000-0000-000000000001,2026-07-26T19:45:17.369Z,,buah
891682c3-b0ec-44d9-9337-36fa4fa9e03d,AHSP-R2165,U-Ditch 160x160x120 cm,,material,active,,2026-07-26T19:45:17.414Z,a0000000-0000-0000-0000-000000000001,2026-07-26T19:45:17.414Z,,buah
4435d841-e439-46c3-8918-ccd14d3cda66,AHSP-R2166,U-Ditch 160x180x120 cm,,material,active,,2026-07-26T19:45:17.460Z,a0000000-0000-0000-0000-000000000001,2026-07-26T19:45:17.460Z,,buah
1613bbca-0161-4e31-9a25-3b163e5dc999,AHSP-R2167,U-Ditch 180x180x120 cm,,material,active,,2026-07-26T19:45:17.505Z,a0000000-0000-0000-0000-000000000001,2026-07-26T19:45:17.505Z,,buah
0a007401-1c04-4766-987c-82b7308a1633,AHSP-R2168,U-Ditch 180x200x120 cm,,material,active,,2026-07-26T19:45:17.551Z,a0000000-0000-0000-0000-000000000001,2026-07-26T19:45:17.551Z,,buah
cc5561a4-4b8f-43dc-8cc5-df9c9de60337,AHSP-R2169,U-Ditch 200x200x120 cm,,material,active,,2026-07-26T19:45:17.596Z,a0000000-0000-0000-0000-000000000001,2026-07-26T19:45:17.596Z,,buah
cd07cb7e-b687-4960-804e-537bdd4eeedd,AHSP-R2170,"Lantai Kerja fc 7,5 Mpa",,material,active,,2026-07-26T19:45:17.641Z,a0000000-0000-0000-0000-000000000001,2026-07-26T19:45:17.641Z,,m3
fbf9aefd-b90d-449d-ad2d-2f030c4cbfa9,AHSP-R2171,Tutup U-Ditch 39x60x6 (tipe LD),,material,active,,2026-07-26T19:45:17.687Z,a0000000-0000-0000-0000-000000000001,2026-07-26T19:45:17.687Z,,buah
ff428539-ac9c-4f6b-9660-f0c6f72a34bc,AHSP-R2172,Tutup U-Ditch 51x60x7 (tipe LD),,material,active,,2026-07-26T19:45:17.733Z,a0000000-0000-0000-0000-000000000001,2026-07-26T19:45:17.733Z,,buah
42a20185-dfda-477c-aa25-83eddc975f13,AHSP-R2173,"Tutup U-Ditch 62x60x7,5 (tipe LD)",,material,active,,2026-07-26T19:45:17.779Z,a0000000-0000-0000-0000-000000000001,2026-07-26T19:45:17.779Z,,buah
f7a3b569-9e5e-410e-8a04-7285b23e0436,AHSP-R2174,Pekerja ( OJ ),,labor,active,,2026-07-26T19:45:17.825Z,a0000000-0000-0000-0000-000000000001,2026-07-26T19:45:17.825Z,,OH
ec2fee0d-cc8c-4c8f-828a-3a85b563293a,AHSP-R2175,Tukang batu ( OJ ),,labor,active,,2026-07-26T19:45:17.870Z,a0000000-0000-0000-0000-000000000001,2026-07-26T19:45:17.870Z,,OH
9886348e-8ff3-4f8a-89fe-5b5b33d17262,AHSP-R2176,Mandor ( OJ ),,labor,active,,2026-07-26T19:45:17.915Z,a0000000-0000-0000-0000-000000000001,2026-07-26T19:45:17.915Z,,OH
9f8ac66d-0d50-40fd-9036-f524c614a120,AHSP-R2177,"Tutup U-Ditch 73x60x7,8 (tipe LD)",,material,active,,2026-07-26T19:45:17.962Z,a0000000-0000-0000-0000-000000000001,2026-07-26T19:45:17.962Z,,buah
4bcafec7-6ed3-4bb6-a6c0-f66db4145957,AHSP-R2178,Tutup U-Ditch 94x60x10 (tipe LD),,material,active,,2026-07-26T19:45:18.008Z,a0000000-0000-0000-0000-000000000001,2026-07-26T19:45:18.008Z,,buah
17b50931-c65f-4b92-8ca5-1c3a1162e0e7,AHSP-R2179,Excavator 95 HP,,equipment,active,,2026-07-26T19:45:18.053Z,a0000000-0000-0000-0000-000000000001,2026-07-26T19:45:18.053Z,,jam
eb88bc72-3fdc-44b6-83e2-7bb05dfc13bf,AHSP-R2180,Tutup U-Ditch 39x60x9 (tipe HD),,material,active,,2026-07-26T19:45:18.099Z,a0000000-0000-0000-0000-000000000001,2026-07-26T19:45:18.099Z,,buah
d073d935-b909-48af-9684-a78c765d21ef,AHSP-R2181,Tutup U-Ditch 51x60x10 (tipe HD),,material,active,,2026-07-26T19:45:18.145Z,a0000000-0000-0000-0000-000000000001,2026-07-26T19:45:18.145Z,,buah
b9b135b4-ebd7-40e0-b9fb-4b74be215386,AHSP-R2182,Tutup U-Ditch 73x60x14 (tipe HD),,material,active,,2026-07-26T19:45:18.191Z,a0000000-0000-0000-0000-000000000001,2026-07-26T19:45:18.191Z,,buah
0dc85bb1-80e0-4502-9d73-522b3ff5e329,AHSP-R2183,Tutup U-Ditch 94x60x15 (tipe HD),,material,active,,2026-07-26T19:45:18.237Z,a0000000-0000-0000-0000-000000000001,2026-07-26T19:45:18.237Z,,buah
e39d54f0-cde7-4abb-8721-35bcd5f7e412,AHSP-R2184,Plat Strip 3/30 mm,,material,active,,2026-07-26T19:45:18.283Z,a0000000-0000-0000-0000-000000000001,2026-07-26T19:45:18.283Z,,m
ec69231d-3ca1-4063-8fa8-26fefd1d6fe1,AHSP-R2185,Besi siku 40x40x4,,material,active,,2026-07-26T19:45:18.329Z,a0000000-0000-0000-0000-000000000001,2026-07-26T19:45:18.329Z,,m
15c78560-7a3d-432e-b817-12953f0a072f,AHSP-R2186,Pemasangan Plesteran 1  SP : 4 PP Tebal 15 mm,,material,active,,2026-07-26T19:45:18.374Z,a0000000-0000-0000-0000-000000000001,2026-07-26T19:45:18.374Z,,m2
4f493bbf-3250-4a0e-a621-9e18a4fde442,AHSP-R2187,Buis beton 1/2 dia. 30 cm,,material,active,,2026-07-26T19:45:18.420Z,a0000000-0000-0000-0000-000000000001,2026-07-26T19:45:18.420Z,,buah
f529cfd3-ff31-43de-bd78-5c32830572ad,AHSP-R2188,Buis beton 1/2 dia. 40 cm,,material,active,,2026-07-26T19:45:18.465Z,a0000000-0000-0000-0000-000000000001,2026-07-26T19:45:18.465Z,,buah
87a0a665-e3da-4cb2-bc54-26fdfb29b26d,AHSP-R2189,Buis beton 1/2 dia. 50 cm,,material,active,,2026-07-26T19:45:18.511Z,a0000000-0000-0000-0000-000000000001,2026-07-26T19:45:18.511Z,,buah
ebfa06ca-cd11-4b25-a93e-6f224226491f,AHSP-R2190,Buis beton 1/2 dia. 60 cm,,material,active,,2026-07-26T19:45:18.557Z,a0000000-0000-0000-0000-000000000001,2026-07-26T19:45:18.557Z,,buah
1f73c38d-c628-4350-84a2-cbca959064bd,AHSP-R2191,Buis beton 1/2 dia. 80 cm,,material,active,,2026-07-26T19:45:18.602Z,a0000000-0000-0000-0000-000000000001,2026-07-26T19:45:18.602Z,,buah
d7f1db75-46d9-4392-bc30-f12fc4502d26,AHSP-R2192,Buis Beton 1/2 dia. 100 cm,,material,active,,2026-07-26T19:45:18.648Z,a0000000-0000-0000-0000-000000000001,2026-07-26T19:45:18.648Z,,buah
056a4b98-3a0a-4bb2-8e66-7d7460aa1f77,AHSP-R2193,Buis Beton dia. 30 cm,,material,active,,2026-07-26T19:45:18.693Z,a0000000-0000-0000-0000-000000000001,2026-07-26T19:45:18.693Z,,buah
a90364fd-6d69-404e-b592-e30bef2dfae7,AHSP-R2194,Buis beton dia. 40 cm,,material,active,,2026-07-26T19:45:18.739Z,a0000000-0000-0000-0000-000000000001,2026-07-26T19:45:18.739Z,,buah
d2ec7894-2299-47f5-9b83-bcc30d125cf4,AHSP-R2195,Buis beton dia. 50 cm,,material,active,,2026-07-26T19:45:18.785Z,a0000000-0000-0000-0000-000000000001,2026-07-26T19:45:18.785Z,,buah
c06f4dcc-6f20-44dc-b6a0-8522fabb679c,AHSP-R2196,Buis beton dia. 60 cm,,material,active,,2026-07-26T19:45:18.831Z,a0000000-0000-0000-0000-000000000001,2026-07-26T19:45:18.831Z,,buah
a23c627d-f4aa-4b6b-9d7e-c03feb9639d4,AHSP-R2197,Buis Beton dia. 100 cm,,material,active,,2026-07-26T19:45:18.876Z,a0000000-0000-0000-0000-000000000001,2026-07-26T19:45:18.876Z,,buah
373902d4-b4d4-47f9-982f-fe5ed9733ee8,AHSP-R2198,Box Culvert 40x40x100 cm,,material,active,,2026-07-26T19:45:18.922Z,a0000000-0000-0000-0000-000000000001,2026-07-26T19:45:18.922Z,,buah
90d603a3-8135-4cf1-8670-27d12e4294a6,AHSP-R2199,Box Culvert 50x50x100 cm,,material,active,,2026-07-26T19:45:18.968Z,a0000000-0000-0000-0000-000000000001,2026-07-26T19:45:18.968Z,,buah
96afdb1d-b90b-4570-8454-ef4a365565f7,AHSP-R2200,Box Culvert 60x60x100 cm,,material,active,,2026-07-26T19:45:19.014Z,a0000000-0000-0000-0000-000000000001,2026-07-26T19:45:19.014Z,,buah
231d73ec-1031-4af6-9642-6176c0bc60fc,AHSP-R2201,Box Culvert 80x80x100 cm,,material,active,,2026-07-26T19:45:19.060Z,a0000000-0000-0000-0000-000000000001,2026-07-26T19:45:19.060Z,,buah
56c2312f-cc64-4dc6-acf8-19f53043e9bd,AHSP-R2202,Box Culvert 100x100x100 cm,,material,active,,2026-07-26T19:45:19.105Z,a0000000-0000-0000-0000-000000000001,2026-07-26T19:45:19.105Z,,buah
55f7cb48-6c0a-4f63-99f2-2852f2d15627,AHSP-R2203,Box Culvert 200x200x100 cm,,material,active,,2026-07-26T19:45:19.151Z,a0000000-0000-0000-0000-000000000001,2026-07-26T19:45:19.151Z,,buah
9aa4dcf0-32e1-42fc-93b1-d9d152cebeef,AHSP-R2204,Box Culvert 150x150x100 cm,,material,active,,2026-07-26T19:45:19.196Z,a0000000-0000-0000-0000-000000000001,2026-07-26T19:45:19.196Z,,buah
4d55361c-3182-4174-bcca-233e5f7a453b,AHSP-R2205,Box Culvert 300x300x100 cm,,material,active,,2026-07-26T19:45:19.242Z,a0000000-0000-0000-0000-000000000001,2026-07-26T19:45:19.242Z,,buah
57269978-9116-4231-92b2-24251790b151,AHSP-R2206,Paving Block Tebal 6 cm fc 20 Mpa,,material,active,,2026-07-26T19:45:19.287Z,a0000000-0000-0000-0000-000000000001,2026-07-26T19:45:19.287Z,,m2
3daa0a53-1471-4b9b-bd73-28f67924e4c3,AHSP-R2208,Paving Block Tebal 6 cm fc 25 Mpa,,material,active,,2026-07-26T19:45:19.378Z,a0000000-0000-0000-0000-000000000001,2026-07-26T19:45:19.378Z,,m2
e739284d-7a46-4b83-b361-2f9577352302,AHSP-R2209,Paving Block Tebal 8 cm fc 20 Mpa,,material,active,,2026-07-26T19:45:19.424Z,a0000000-0000-0000-0000-000000000001,2026-07-26T19:45:19.424Z,,m2
e0d1679c-e743-40b6-b371-6ee8ef87d604,AHSP-R2210,Paving Block Tebal 8 cm fc 25 Mpa,,material,active,,2026-07-26T19:45:19.470Z,a0000000-0000-0000-0000-000000000001,2026-07-26T19:45:19.470Z,,m2
fc1dd833-48ea-46c7-ae6d-b8ac65009702,AHSP-R2211,Kanstin uk. 10x20x40,,material,active,,2026-07-26T19:45:19.516Z,a0000000-0000-0000-0000-000000000001,2026-07-26T19:45:19.516Z,,buah
fc4085a8-bf76-42e8-a188-d10430c8a17a,AHSP-R2212,Kanstin uk. 15x40x60,,material,active,,2026-07-26T19:45:19.561Z,a0000000-0000-0000-0000-000000000001,2026-07-26T19:45:19.561Z,,buah
af66de98-ac0b-4c6b-af48-e1bab8443d53,AHSP-R2213,Agregar Kasar,,material,active,,2026-07-26T19:45:19.606Z,a0000000-0000-0000-0000-000000000001,2026-07-26T19:45:19.606Z,,kg
4741e603-0b7f-4b04-b02d-b0a9cec3eab3,AHSP-R2214,Multiplek tebal 12 mm,,material,active,,2026-07-26T19:45:19.652Z,a0000000-0000-0000-0000-000000000001,2026-07-26T19:45:19.652Z,,lembar
d7b7309c-7e35-4b51-ae00-f684feda0a4b,AHSP-R2215,Tandon Air kap. 2 m3,,equipment,active,,2026-07-26T19:45:19.697Z,a0000000-0000-0000-0000-000000000001,2026-07-26T19:45:19.697Z,,hari
4bb3a31c-a0d6-4fe8-9777-f18e30a7470f,AHSP-R2216,Beton f'c 10 MPa,,material,active,,2026-07-26T19:45:19.742Z,a0000000-0000-0000-0000-000000000001,2026-07-26T19:45:19.742Z,,m3
3454b582-1be4-413b-b832-d4dcec4102fa,AHSP-R2217,Joint Sealant,,material,active,,2026-07-26T19:45:19.788Z,a0000000-0000-0000-0000-000000000001,2026-07-26T19:45:19.788Z,,kg
f61161b1-c702-45d7-8024-aa26ccd376e2,AHSP-R2218,Curing Compound,,material,active,,2026-07-26T19:45:19.833Z,a0000000-0000-0000-0000-000000000001,2026-07-26T19:45:19.833Z,,liter
4805e33b-1916-42e9-917e-505949e023b4,AHSP-R2219,Polytene 125 Mikron,,material,active,,2026-07-26T19:45:19.878Z,a0000000-0000-0000-0000-000000000001,2026-07-26T19:45:19.878Z,,kg
7b7393cb-a2e3-4349-8572-5e44ffe2d2d8,AHSP-R2220,Zat Aditif,,material,active,,2026-07-26T19:45:19.924Z,a0000000-0000-0000-0000-000000000001,2026-07-26T19:45:19.924Z,,kg
f76b79b0-9182-4b9f-aa0b-9fc506d8fbf8,AHSP-R2221,Dowel dia. 25 mm (BjTs),,material,active,,2026-07-26T19:45:19.969Z,a0000000-0000-0000-0000-000000000001,2026-07-26T19:45:19.969Z,,kg
5bce1cb4-5e78-4ecd-afd0-0b4173216b1d,AHSP-R2222,Tie Bar Dia. 16 mm (BjTS),,material,active,,2026-07-26T19:45:20.014Z,a0000000-0000-0000-0000-000000000001,2026-07-26T19:45:20.014Z,,kg
33173343-8416-4769-9bdf-a14cff49f8c4,AHSP-R2223,Adukan beton K-300 ready mix,,material,active,,2026-07-26T19:45:20.059Z,a0000000-0000-0000-0000-000000000001,2026-07-26T19:45:20.059Z,,m3
2fe745c1-9f32-4592-9629-a886cac3fbef,AHSP-R2224,Adukan beton K-350 ready mix,,material,active,,2026-07-26T19:45:20.105Z,a0000000-0000-0000-0000-000000000001,2026-07-26T19:45:20.105Z,,m3
cd01ea72-989e-46bf-88f0-a22709db9604,AHSP-R2225,"Pipa PVC, DN. 2-1/2""
(65 mm)",,material,active,,2026-07-26T19:45:20.150Z,a0000000-0000-0000-0000-000000000001,2026-07-26T19:45:20.150Z,,m
c865c7e4-34d7-48a5-a49c-5e34f60a71a5,AHSP-R2226,"Pipa PVC, DN. 3"" (80
mm)",,material,active,,2026-07-26T19:45:20.195Z,a0000000-0000-0000-0000-000000000001,2026-07-26T19:45:20.195Z,,m
18fd1a35-b777-4a66-ae76-ea32d2675455,AHSP-R2227,"Pipa PVC, DN. 4"" (100
mm)",,material,active,,2026-07-26T19:45:20.241Z,a0000000-0000-0000-0000-000000000001,2026-07-26T19:45:20.241Z,,m
11cdc195-751a-4895-a086-3f9c0899bdf1,AHSP-R2228,"Pipa PVC, DN. 6"" (150
mm)",,material,active,,2026-07-26T19:45:20.286Z,a0000000-0000-0000-0000-000000000001,2026-07-26T19:45:20.286Z,,m
d4afd632-c7d7-4296-a921-537c24cdddc8,AHSP-R2229,"Pipa PVC, DN. 8"" (200
mm)",,material,active,,2026-07-26T19:45:20.331Z,a0000000-0000-0000-0000-000000000001,2026-07-26T19:45:20.331Z,,m
bfa5160c-42e5-49d7-a1d2-3e21be91c147,AHSP-R2230,"Pipa PVC, DN. 10""
(250 mm)",,material,active,,2026-07-26T19:45:20.376Z,a0000000-0000-0000-0000-000000000001,2026-07-26T19:45:20.376Z,,m
a643679b-bf30-4c59-9a58-70cd6ed13f7c,AHSP-R2231,"Pipa PVC, DN. 12""
(300 mm)",,material,active,,2026-07-26T19:45:20.420Z,a0000000-0000-0000-0000-000000000001,2026-07-26T19:45:20.420Z,,m
30d3b15d-6a1f-48c3-a71f-50138c94babc,AHSP-R2232,"Pipa PVC, DN. 16""
(400 mm)",,material,active,,2026-07-26T19:45:20.466Z,a0000000-0000-0000-0000-000000000001,2026-07-26T19:45:20.466Z,,m
340839d3-6f9c-4488-ab52-9337f509748d,AHSP-R2233,"Pipa PVC, DN. 18""
(450 mm)",,material,active,,2026-07-26T19:45:20.511Z,a0000000-0000-0000-0000-000000000001,2026-07-26T19:45:20.511Z,,m
4aee141b-2ffa-4532-93ea-8732004d7ad4,AHSP-R2234,"Pipa PVC, DN. 20""
(500 mm)",,material,active,,2026-07-26T19:45:20.557Z,a0000000-0000-0000-0000-000000000001,2026-07-26T19:45:20.557Z,,m
6be0ff09-1e9f-48eb-ac29-6c5884f9c178,AHSP-R2235,"Pipa PVC, DN. 24""
(600 mm)",,material,active,,2026-07-26T19:45:20.602Z,a0000000-0000-0000-0000-000000000001,2026-07-26T19:45:20.602Z,,m
b08689c6-2123-448a-9fee-988073484268,AHSP-R2236,"Pipa PVC, DN. 32""
(800 mm",,material,active,,2026-07-26T19:45:20.646Z,a0000000-0000-0000-0000-000000000001,2026-07-26T19:45:20.646Z,,m
615d2a48-7a27-4416-9557-774d290f1fdb,AHSP-R2237,"Pipa PVC, DN. 36""
(900 mm",,material,active,,2026-07-26T19:45:20.691Z,a0000000-0000-0000-0000-000000000001,2026-07-26T19:45:20.691Z,,m
e76fcad0-b186-4ab1-aa79-fca2ac645153,AHSP-R2238,"Pipa PVC, DN. 40""
(1000 mm)",,material,active,,2026-07-26T19:45:20.737Z,a0000000-0000-0000-0000-000000000001,2026-07-26T19:45:20.737Z,,m
d8fe9521-0761-40f9-a517-87d4dec76e8a,AHSP-R2239,"Pipa PVC, DN. 44""
(1100 mm)",,material,active,,2026-07-26T19:45:20.782Z,a0000000-0000-0000-0000-000000000001,2026-07-26T19:45:20.782Z,,m
bd167a0b-b845-49d6-b734-3c0a5387d594,AHSP-R2240,"Pipa PVC, DN. 48""
(1200 mm)",,material,active,,2026-07-26T19:45:20.828Z,a0000000-0000-0000-0000-000000000001,2026-07-26T19:45:20.828Z,,m
c225bb2c-a641-405c-a950-a4f177a68cef,AHSP-R2241,"Pipa PVC, DN. 1/2""
(15 mm)",,material,active,,2026-07-26T19:45:20.873Z,a0000000-0000-0000-0000-000000000001,2026-07-26T19:45:20.873Z,,m
e2bcb2e0-0bd4-479c-9ac6-3c475961b82a,AHSP-R2242,"Pipa PVC, DN. 3/4""
(20 mm)",,material,active,,2026-07-26T19:45:20.919Z,a0000000-0000-0000-0000-000000000001,2026-07-26T19:45:20.919Z,,m
7ce312d1-1f8b-4f17-8985-ceed30e8b9f1,AHSP-R2243,"Pipa PVC, DN. 1"" (25 mm)",,material,active,,2026-07-26T19:45:20.964Z,a0000000-0000-0000-0000-000000000001,2026-07-26T19:45:20.964Z,,m
8d09429e-59d6-48d5-b43f-1a71bc5552cf,AHSP-R2244,"Pipa PVC, DN. 1-1/4""
(32 mm",,material,active,,2026-07-26T19:45:21.010Z,a0000000-0000-0000-0000-000000000001,2026-07-26T19:45:21.010Z,,m
4814ad02-46fc-4eca-8d59-8fa54d8f703e,AHSP-R2245,"Pipa PVC, DN. 1-1/2""
(40 mm)",,material,active,,2026-07-26T19:45:21.055Z,a0000000-0000-0000-0000-000000000001,2026-07-26T19:45:21.055Z,,m
60541fc9-5d02-4cf0-a7f4-0aca8ce40bd7,AHSP-R2246,"Pipa PVC, DN. 2"" (50 mm)",,material,active,,2026-07-26T19:45:21.100Z,a0000000-0000-0000-0000-000000000001,2026-07-26T19:45:21.100Z,,m
be66a8be-4beb-45d1-85d0-e1919e6e63bd,AHSP-R2247,"Peralatan potong pipa
T1/manual (gergaji) /
saw",,equipment,active,,2026-07-26T19:45:21.145Z,a0000000-0000-0000-0000-000000000001,2026-07-26T19:45:21.145Z,,hari
1bb5756a-3b5c-4fb4-af8a-29e78bb9482e,AHSP-R2248,"Pipa Galvanis, DN. 2-
1/2"" (65 mm)",,material,active,,2026-07-26T19:45:21.191Z,a0000000-0000-0000-0000-000000000001,2026-07-26T19:45:21.191Z,,m
a3709110-aac6-4dec-b791-3702eaa2349b,AHSP-R2249,"Pipa Galvanis, DN. 4""
(100 mm)",,material,active,,2026-07-26T19:45:21.236Z,a0000000-0000-0000-0000-000000000001,2026-07-26T19:45:21.236Z,,m
6427eb46-f6d5-48e5-a8ce-7e7f21e32e05,AHSP-R2250,"Pipa Galvanis, DN. 5""
(125 mm)",,material,active,,2026-07-26T19:45:21.282Z,a0000000-0000-0000-0000-000000000001,2026-07-26T19:45:21.282Z,,m
35eba8c2-3985-4ea9-81b6-2be0ca21eb59,AHSP-R2251,"Pipa Galvanis, DN. 6""
(150 mm)",,material,active,,2026-07-26T19:45:21.326Z,a0000000-0000-0000-0000-000000000001,2026-07-26T19:45:21.326Z,,m
b8f2e4ba-e229-4c57-8ac4-873c233097cd,AHSP-R2252,"Pipa Galvanis, DN. 8""
(200 mm)",,material,active,,2026-07-26T19:45:21.372Z,a0000000-0000-0000-0000-000000000001,2026-07-26T19:45:21.372Z,,m
1b652186-3ec0-49fc-b138-d094d68d9933,AHSP-R2253,"Pipa Galvanis,
DN.10"" (250 mm)",,material,active,,2026-07-26T19:45:21.417Z,a0000000-0000-0000-0000-000000000001,2026-07-26T19:45:21.417Z,,m
cbc8359e-5ed2-46c7-958e-6055616e3df2,AHSP-R2254,"Pipa Galvanis, DN. 12""
(300 mm",,material,active,,2026-07-26T19:45:21.463Z,a0000000-0000-0000-0000-000000000001,2026-07-26T19:45:21.463Z,,m
1110010a-b025-4be2-a550-5675a8185a5c,AHSP-R2255,"Pipa Galvanis, DN. 16""
(400 mm)",,material,active,,2026-07-26T19:45:21.508Z,a0000000-0000-0000-0000-000000000001,2026-07-26T19:45:21.508Z,,m
172bafb8-7d8b-45c4-81d5-442e640cc297,AHSP-R2256,"Pipa Galvanis, DN. 18""
(450 mm",,material,active,,2026-07-26T19:45:21.553Z,a0000000-0000-0000-0000-000000000001,2026-07-26T19:45:21.553Z,,m
468adcba-943c-4be8-ac0d-3a9b332fc9b5,AHSP-R2257,"Pipa Galvanis, DN. 20""
(500 mm)",,material,active,,2026-07-26T19:45:21.598Z,a0000000-0000-0000-0000-000000000001,2026-07-26T19:45:21.598Z,,m
23be72d3-4e4f-41e1-bb02-31cfec7c74c5,AHSP-R2258,"Pipa Galvanis, DN. 24"" (600 mm)",,material,active,,2026-07-26T19:45:21.644Z,a0000000-0000-0000-0000-000000000001,2026-07-26T19:45:21.644Z,,m
cc5b2edf-2d69-41dd-91b1-ca283c306f17,AHSP-R2259,"Pipa Galvanis, DN. 32"" (800 mm)",,material,active,,2026-07-26T19:45:21.691Z,a0000000-0000-0000-0000-000000000001,2026-07-26T19:45:21.691Z,,m
8fbfc022-961c-49da-b554-f1955228a8f6,AHSP-R2260,"Pipa Galvanis, DN. 36"" (900 mm)",,material,active,,2026-07-26T19:45:21.736Z,a0000000-0000-0000-0000-000000000001,2026-07-26T19:45:21.736Z,,m
b79950ae-ffa7-4c32-9aa3-67ef5a37368b,AHSP-R2261,"Pipa Galvanis,
DN. 40"" (1000 mm)",,material,active,,2026-07-26T19:45:21.781Z,a0000000-0000-0000-0000-000000000001,2026-07-26T19:45:21.781Z,,m
0065c88e-3475-4c08-8255-86430a27edd7,AHSP-R2262,"Pipa Galvanis,
DN. 44"" (1100 mm)",,material,active,,2026-07-26T19:45:21.826Z,a0000000-0000-0000-0000-000000000001,2026-07-26T19:45:21.826Z,,m
2b95938f-f378-4ba9-bdf7-d62e7b9c2609,AHSP-R2263,"Pipa Galvanis,
DN. 48"" (1200 mm",,material,active,,2026-07-26T19:45:21.873Z,a0000000-0000-0000-0000-000000000001,2026-07-26T19:45:21.873Z,,m
318d26d8-8c38-461c-8c89-4e4e0b7e260d,AHSP-R2264,"Pipa Galvanis,
DN. 1/2"" (15 mm)",,material,active,,2026-07-26T19:45:21.918Z,a0000000-0000-0000-0000-000000000001,2026-07-26T19:45:21.918Z,,m
6426c37d-6e60-487b-840d-12e951d84fd2,AHSP-R2265,"Pipa Galvanis,
DN. 3/4"" (20 mm)",,material,active,,2026-07-26T19:45:21.963Z,a0000000-0000-0000-0000-000000000001,2026-07-26T19:45:21.963Z,,m
c22bfa5a-3903-4811-a26e-0f6f9fd17b8c,AHSP-R2266,"Pipa Galvanis, DN. 1""
(25 mm)",,material,active,,2026-07-26T19:45:22.044Z,a0000000-0000-0000-0000-000000000001,2026-07-26T19:45:22.044Z,,m
db1e855a-5e52-47b8-a063-084fb420b87f,AHSP-R2267,"Pipa Galvanis,
DN. 1-1/4"" (32 mm)",,material,active,,2026-07-26T19:45:22.090Z,a0000000-0000-0000-0000-000000000001,2026-07-26T19:45:22.090Z,,m
30cdbf15-52a5-47e9-b851-d483f9e1bc58,AHSP-R2268,"Pipa Galvanis,
DN. 1-1/2"" (40 mm)",,material,active,,2026-07-26T19:45:22.134Z,a0000000-0000-0000-0000-000000000001,2026-07-26T19:45:22.134Z,,m
104e6ec7-be48-42a4-bd61-084db18ca1fc,AHSP-R2269,"Pipa Galvanis, DN. 2""
(50 mm",,material,active,,2026-07-26T19:45:22.180Z,a0000000-0000-0000-0000-000000000001,2026-07-26T19:45:22.180Z,,m
a5798d3b-4d24-4c26-a1e0-7a2235ea9090,AHSP-R2270,"Pipa Galvanis, DN. 2,5"" (650 mm)",,material,active,,2026-07-26T19:45:22.224Z,a0000000-0000-0000-0000-000000000001,2026-07-26T19:45:22.224Z,,m
79f46724-4e0a-47c4-95b1-3526a64046cd,AHSP-R2271,Pipa Galvanis DN. 3” (700 mm),,material,active,,2026-07-26T19:45:22.269Z,a0000000-0000-0000-0000-000000000001,2026-07-26T19:45:22.269Z,,m
daf55140-b8b4-4b9f-b483-6f017cd50573,AHSP-R2272,"Pipa Galvanis, DN. 4” (1050 mm)",,material,active,,2026-07-26T19:45:22.314Z,a0000000-0000-0000-0000-000000000001,2026-07-26T19:45:22.314Z,,m
c5d9fc00-df5e-4125-bae9-a6c50c82f181,AHSP-R2273,"Pipa Galvanis, DN. 4,5"" (1150 mm)",,material,active,,2026-07-26T19:45:22.360Z,a0000000-0000-0000-0000-000000000001,2026-07-26T19:45:22.360Z,,m
cb49cabb-afef-4a5e-8241-24da12d77c6f,AHSP-R2274,"Peralatan potong pipa
T2/mekanik / cilinder saw",,equipment,active,,2026-07-26T19:45:22.405Z,a0000000-0000-0000-0000-000000000001,2026-07-26T19:45:22.405Z,,hari
d4b770fe-90f2-41af-827c-5fd1c575e345,AHSP-R2275,"Pipa HDPE, DN. 2-1/2""
(65 mm)",,material,active,,2026-07-26T19:45:22.451Z,a0000000-0000-0000-0000-000000000001,2026-07-26T19:45:22.451Z,,m
289cb866-dd70-4b7f-99ae-39f8022a26af,AHSP-R2276,"Pipa HDPE, DN. 4""
(100 mm)",,material,active,,2026-07-26T19:45:22.496Z,a0000000-0000-0000-0000-000000000001,2026-07-26T19:45:22.496Z,,m
1d5e50ae-32a3-4a6a-93f4-9799cb023216,AHSP-R2277,"Pipa HDPE, DN. 5""
(125 mm)",,material,active,,2026-07-26T19:45:22.541Z,a0000000-0000-0000-0000-000000000001,2026-07-26T19:45:22.541Z,,m
632503c6-76d4-4581-99c0-a2f314cae05f,AHSP-R2278,"Pipa HDPE, DN. 6""
(150 mm",,material,active,,2026-07-26T19:45:22.586Z,a0000000-0000-0000-0000-000000000001,2026-07-26T19:45:22.586Z,,m
c6f1753d-4f97-4ad8-b6dc-4350abc0f8a7,AHSP-R2279,"Pipa HDPE, DN. 8""
(200 mm)",,material,active,,2026-07-26T19:45:22.632Z,a0000000-0000-0000-0000-000000000001,2026-07-26T19:45:22.632Z,,m
39f4116a-5a8d-4f57-8734-812c71e2d443,AHSP-R2280,"Pipa HDPE, DN.10""
(250 mm)",,material,active,,2026-07-26T19:45:22.677Z,a0000000-0000-0000-0000-000000000001,2026-07-26T19:45:22.677Z,,m
f4181ec5-59d1-41b0-a3d7-3405fffa5ac7,AHSP-R2281,"Pipa HDPE, DN. 12""
(300 mm",,material,active,,2026-07-26T19:45:22.721Z,a0000000-0000-0000-0000-000000000001,2026-07-26T19:45:22.721Z,,m
4599e7c7-9c41-423c-8953-e8cbb74cb95d,AHSP-R2282,"Pipa HDPE, DN. 16""
(400 mm)",,material,active,,2026-07-26T19:45:22.766Z,a0000000-0000-0000-0000-000000000001,2026-07-26T19:45:22.766Z,,m
7ff7d132-f8e5-4bad-9488-bc02d1ca2144,AHSP-R2283,"Pipa HDPE, DN. 18""
(450 mm)",,material,active,,2026-07-26T19:45:22.810Z,a0000000-0000-0000-0000-000000000001,2026-07-26T19:45:22.810Z,,m
a2d8dece-0879-4d69-ba77-68b544e336f3,AHSP-R2284,"Pipa HDPE, DN. 20""
(500 mm)",,material,active,,2026-07-26T19:45:22.855Z,a0000000-0000-0000-0000-000000000001,2026-07-26T19:45:22.855Z,,m
68190036-3165-4ecf-9e8d-cf1e09dfd195,AHSP-R2285,"Pipa HDPE, DN. 24""
(600 mm",,material,active,,2026-07-26T19:45:22.901Z,a0000000-0000-0000-0000-000000000001,2026-07-26T19:45:22.901Z,,m
1f96b627-d2d4-42a7-a45e-036801642bb4,AHSP-R2286,"Pipa HDPE, DN. 32""
(800 mm)",,material,active,,2026-07-26T19:45:22.946Z,a0000000-0000-0000-0000-000000000001,2026-07-26T19:45:22.946Z,,m
d09b47e4-0ddc-42a3-b6f4-568be9694e7e,AHSP-R2287,"Pipa HDPE, DN. 36""
(900 mm)",,material,active,,2026-07-26T19:45:22.991Z,a0000000-0000-0000-0000-000000000001,2026-07-26T19:45:22.991Z,,m
11a782a9-2063-4e64-a487-72720f16ab6c,AHSP-R2288,"Pipa HDPE, DN. 40""
(1000 mm)",,material,active,,2026-07-26T19:45:23.036Z,a0000000-0000-0000-0000-000000000001,2026-07-26T19:45:23.036Z,,m
ebdaa9a1-68b2-45d7-aa06-40988ac48490,AHSP-R2289,"Pipa HDPE, DN. 44""
(1100 mm)",,material,active,,2026-07-26T19:45:23.081Z,a0000000-0000-0000-0000-000000000001,2026-07-26T19:45:23.081Z,,m
3b63adcb-a7ad-499d-bd7c-df1145c9eb10,AHSP-R2290,"Pipa HDPE, DN. 48""
(1200 mm)",,material,active,,2026-07-26T19:45:23.126Z,a0000000-0000-0000-0000-000000000001,2026-07-26T19:45:23.126Z,,m
c52e2e3a-8be7-476b-81a3-d99197afcdbf,AHSP-R2291,"Pipa HDPE, DN. 1/2""
(15 mm)",,material,active,,2026-07-26T19:45:23.172Z,a0000000-0000-0000-0000-000000000001,2026-07-26T19:45:23.172Z,,m
89d9c647-abd8-4d71-a8a9-1e1bb5cbc513,AHSP-R2292,"Pipa HDPE, DN. 3/4""
(20 mm)",,material,active,,2026-07-26T19:45:23.218Z,a0000000-0000-0000-0000-000000000001,2026-07-26T19:45:23.218Z,,m
5a378d76-afb7-450c-ada6-e05bb3a085b2,AHSP-R2293,"Pipa HDPE, DN. 1""
(25 mm)",,material,active,,2026-07-26T19:45:23.263Z,a0000000-0000-0000-0000-000000000001,2026-07-26T19:45:23.263Z,,m
d1443a7a-b4c6-4eab-97eb-966027de97cc,AHSP-R2294,"Pipa HDPE,
DN. 1-1/4"" (32 mm)",,material,active,,2026-07-26T19:45:23.309Z,a0000000-0000-0000-0000-000000000001,2026-07-26T19:45:23.309Z,,m
0e1b3e5c-1168-4f1f-adba-9594290456dc,AHSP-R2295,"Pipa HDPE,
DN. 1-1/2"" (40 mm)",,material,active,,2026-07-26T19:45:23.354Z,a0000000-0000-0000-0000-000000000001,2026-07-26T19:45:23.354Z,,m
6c5b20d4-13f2-424c-9d2e-2f338dbaae3b,AHSP-R2296,"Pipa HDPE, DN. 2""
(50 mm)",,material,active,,2026-07-26T19:45:23.399Z,a0000000-0000-0000-0000-000000000001,2026-07-26T19:45:23.399Z,,m
43a521bc-fead-4e44-9515-cc7f3866753d,AHSP-R2297,"Pipa HDPE, DN. 3” (75 mm)",,material,active,,2026-07-26T19:45:23.445Z,a0000000-0000-0000-0000-000000000001,2026-07-26T19:45:23.445Z,,m
70ab4938-461c-4968-842e-4a8e6a0f6cd7,AHSP-R2298,"Pipa HDPE, DN. 3,5” (90 mm)",,material,active,,2026-07-26T19:45:23.490Z,a0000000-0000-0000-0000-000000000001,2026-07-26T19:45:23.490Z,,m
94a24e25-1c73-4bb7-afb2-75daad3d8fa4,AHSP-R2299,"Pipa HDPE, DN. 7” (180 mm)",,material,active,,2026-07-26T19:45:23.536Z,a0000000-0000-0000-0000-000000000001,2026-07-26T19:45:23.536Z,,m
7076e790-deff-4f1f-a3d2-e6c6ad0b3d1f,AHSP-R2300,"Pipa HDPE, DN. 9” (225 mm)",,material,active,,2026-07-26T19:45:23.581Z,a0000000-0000-0000-0000-000000000001,2026-07-26T19:45:23.581Z,,m
6ec0e4cd-5c5e-4d02-a208-c6b3e693907a,AHSP-R2301,"Pipa HDPE, DN. 14” (355 mm)",,material,active,,2026-07-26T19:45:23.627Z,a0000000-0000-0000-0000-000000000001,2026-07-26T19:45:23.627Z,,m
5a308ba7-b44e-487e-b032-4612f8f9848b,AHSP-R2302,Butt Fushion dan Genset,,equipment,active,,2026-07-26T19:45:23.672Z,a0000000-0000-0000-0000-000000000001,2026-07-26T19:45:23.672Z,,hari
b69b1802-906f-4799-b4da-e6499e07c56f,AHSP-R2303,Polimer,,material,active,,2026-07-26T19:45:23.718Z,a0000000-0000-0000-0000-000000000001,2026-07-26T19:45:23.718Z,,kg
2b8032cb-8fb5-41d1-8e23-fea6f003c878,AHSP-R2304,Air,,material,active,,2026-07-26T19:45:23.763Z,a0000000-0000-0000-0000-000000000001,2026-07-26T19:45:23.763Z,,m3
04f00d3d-7280-40bb-9ebd-5ff38f25eee9,AHSP-R2305,"Horizontal Drill Machine 240 HP, Kapasitas 30-40 ton 
termasuk kelengkapannya",,equipment,active,,2026-07-26T19:45:23.808Z,a0000000-0000-0000-0000-000000000001,2026-07-26T19:45:23.808Z,,jam
a7327024-6224-4731-be0d-b42ad6f1aa82,AHSP-R2306,"Pipa DCI, DN. 4""
(100 mm)",,material,active,,2026-07-26T19:45:23.853Z,a0000000-0000-0000-0000-000000000001,2026-07-26T19:45:23.853Z,,m
81996759-af6c-4e9e-9732-e5adc2ec97bf,AHSP-R2307,"Pipa DCI, DN. 5""
(125 mm)",,material,active,,2026-07-26T19:45:23.898Z,a0000000-0000-0000-0000-000000000001,2026-07-26T19:45:23.898Z,,m
45ce8286-2785-4164-8ab5-19909b83a0d2,AHSP-R2308,"Pipa DCI, DN. 6""
(150 mm)",,material,active,,2026-07-26T19:45:23.943Z,a0000000-0000-0000-0000-000000000001,2026-07-26T19:45:23.943Z,,m
2d72a344-d6cf-4157-9040-c8a9ba27b6cf,AHSP-R2309,"Pipa DCI, DN. 8""
(200 mm)",,material,active,,2026-07-26T19:45:23.988Z,a0000000-0000-0000-0000-000000000001,2026-07-26T19:45:23.988Z,,m
c6fb559b-1d30-4e3f-8e8c-05f038ba7205,AHSP-R2310,"Pipa DCI, DN. 10""
(250 mm)",,material,active,,2026-07-26T19:45:24.034Z,a0000000-0000-0000-0000-000000000001,2026-07-26T19:45:24.034Z,,m
207e4c00-b983-4601-a04d-136a248d557c,AHSP-R2311,"Pipa DCI, DN. 12""
(300 mm)",,material,active,,2026-07-26T19:45:24.079Z,a0000000-0000-0000-0000-000000000001,2026-07-26T19:45:24.079Z,,m
d1e3ef97-d458-475a-8f5d-d0f6b3251256,AHSP-R2312,"Pipa DCI, DN. 16""
(400 mm)",,material,active,,2026-07-26T19:45:24.125Z,a0000000-0000-0000-0000-000000000001,2026-07-26T19:45:24.125Z,,m
dc7011e0-3053-40b0-bc54-c9bfe4afbd1c,AHSP-R2313,Excavator,,equipment,active,,2026-07-26T19:45:24.171Z,a0000000-0000-0000-0000-000000000001,2026-07-26T19:45:24.171Z,,hari
b96797ae-c9da-431e-9a4a-1495994defb5,AHSP-R2314,"Pipa DCI, DN. 18""
(450 mm)",,material,active,,2026-07-26T19:45:24.216Z,a0000000-0000-0000-0000-000000000001,2026-07-26T19:45:24.216Z,,m
5776d720-ea10-4fd3-925b-1a5e31b1b861,AHSP-R2315,"Pipa DCI, DN. 20""
(500 mm)",,material,active,,2026-07-26T19:45:24.262Z,a0000000-0000-0000-0000-000000000001,2026-07-26T19:45:24.262Z,,m
3db1f890-24b8-4ab6-b945-95f66be706c7,AHSP-R2316,"Pipa DCI, DN. 24""
(600 mm)",,material,active,,2026-07-26T19:45:24.307Z,a0000000-0000-0000-0000-000000000001,2026-07-26T19:45:24.307Z,,m
dcc38b56-dc69-48c8-b755-bdaef1a63b89,AHSP-R2317,"Pipa DCI, DN. 32""
(800 mm)",,material,active,,2026-07-26T19:45:24.353Z,a0000000-0000-0000-0000-000000000001,2026-07-26T19:45:24.353Z,,m
30f40ab2-ad4c-439b-87d1-2d77c07d50f2,AHSP-R2318,"Pipa DCI, DN. 36""
(900 mm)",,material,active,,2026-07-26T19:45:24.399Z,a0000000-0000-0000-0000-000000000001,2026-07-26T19:45:24.399Z,,m
5ee60975-1a0f-42ca-944d-0a98c6600136,AHSP-R2319,"Pipa DCI, DN. 40""
(1000 mm)",,material,active,,2026-07-26T19:45:24.444Z,a0000000-0000-0000-0000-000000000001,2026-07-26T19:45:24.444Z,,m
09f3beba-ea7b-45ea-a727-15fd60809de5,AHSP-R2320,"Pipa DCI, DN. 44""
(1100 mm)",,material,active,,2026-07-26T19:45:24.490Z,a0000000-0000-0000-0000-000000000001,2026-07-26T19:45:24.490Z,,m
7aa7d2ef-8a60-4d1c-9191-b1b24d58cd92,AHSP-R2321,"Pipa DCI, DN. 48""
(1200 mm)",,material,active,,2026-07-26T19:45:24.536Z,a0000000-0000-0000-0000-000000000001,2026-07-26T19:45:24.536Z,,m
d84aa02d-e729-4993-82d1-700069c53024,AHSP-R2322,"Pipa Baja Karbon, DN.
2-1/2"" (65 mm)",,material,active,,2026-07-26T19:45:24.582Z,a0000000-0000-0000-0000-000000000001,2026-07-26T19:45:24.582Z,,m
c929b23c-6804-4b94-9e76-0d73424a1f60,AHSP-R2323,"Pipa Baja Karbon, DN.
4"" (100 mm)",,material,active,,2026-07-26T19:45:24.627Z,a0000000-0000-0000-0000-000000000001,2026-07-26T19:45:24.627Z,,m
a600f5da-0317-429c-81d2-6115505bd4e5,AHSP-R2324,"Pipa Baja Karbon, DN.
5"" (125 mm)",,material,active,,2026-07-26T19:45:24.673Z,a0000000-0000-0000-0000-000000000001,2026-07-26T19:45:24.673Z,,m
eed5bc31-80dd-42c4-bb39-61a0b98b8ced,AHSP-R2325,"Pipa Baja Karbon, DN.
6"" (150 mm)",,material,active,,2026-07-26T19:45:24.718Z,a0000000-0000-0000-0000-000000000001,2026-07-26T19:45:24.718Z,,m
6765e802-585a-4fc2-ae3f-7c24fa189f01,AHSP-R2326,"Pipa Baja Karbon, DN.
8"" (200 mm)",,material,active,,2026-07-26T19:45:24.764Z,a0000000-0000-0000-0000-000000000001,2026-07-26T19:45:24.764Z,,m
eb5de829-6d42-4a9d-9c7f-50d27aa4c593,AHSP-R2327,"Pipa Baja Karbon, DN.
10"" (250 mm)",,material,active,,2026-07-26T19:45:24.810Z,a0000000-0000-0000-0000-000000000001,2026-07-26T19:45:24.810Z,,m
c4b4d0d5-cb4a-4cec-9a47-f91439707192,AHSP-R2328,"Pipa Baja Karbon, DN.
12"" (300 mm)",,material,active,,2026-07-26T19:45:24.855Z,a0000000-0000-0000-0000-000000000001,2026-07-26T19:45:24.855Z,,m
307c8685-c232-4f77-8566-23c8caf0a45d,AHSP-R2329,"Pipa Baja Karbon, DN. 16""
(400 mm)",,material,active,,2026-07-26T19:45:24.901Z,a0000000-0000-0000-0000-000000000001,2026-07-26T19:45:24.901Z,,m
9da95413-24e0-48c1-b2ca-cb3cdf3b25a0,AHSP-R2330,"Pipa Baja Karbon, DN. 18""
(450 mm",,material,active,,2026-07-26T19:45:24.946Z,a0000000-0000-0000-0000-000000000001,2026-07-26T19:45:24.946Z,,m
67c97628-dde2-4c53-a96c-c733a5c7ebc1,AHSP-R2331,"Pipa Baja Karbon, DN.
20"" (500 mm)",,material,active,,2026-07-26T19:45:24.991Z,a0000000-0000-0000-0000-000000000001,2026-07-26T19:45:24.991Z,,m
635cad77-a71f-4ffe-bdd0-fb9bcfac126d,AHSP-R2332,"Pipa Baja Karbon, DN. 24""
(600 mm)",,material,active,,2026-07-26T19:45:25.036Z,a0000000-0000-0000-0000-000000000001,2026-07-26T19:45:25.036Z,,m
1936994c-26a7-44fc-8d9a-175414a95d37,AHSP-R2333,"Pipa Baja Karbon, DN. 32""
(800 mm)",,material,active,,2026-07-26T19:45:25.083Z,a0000000-0000-0000-0000-000000000001,2026-07-26T19:45:25.083Z,,m
a139252e-5b77-40be-8a9c-e4e91df183f3,AHSP-R2334,"Pipa Baja Karbon, DN. 36""
(900 mm)",,material,active,,2026-07-26T19:45:25.128Z,a0000000-0000-0000-0000-000000000001,2026-07-26T19:45:25.128Z,,m
99b9beb1-4b05-4869-bb35-acea822ef99c,AHSP-R2335,"Pipa Baja Karbon, DN. 40""
(1000 mm)",,material,active,,2026-07-26T19:45:25.174Z,a0000000-0000-0000-0000-000000000001,2026-07-26T19:45:25.174Z,,m
f3f42e3f-eb0e-4a30-b666-6dc5ccd2aa93,AHSP-R2336,"Pipa Baja Karbon, DN. 44""
(1100 mm)",,material,active,,2026-07-26T19:45:25.219Z,a0000000-0000-0000-0000-000000000001,2026-07-26T19:45:25.219Z,,m
57ec69b3-0caf-4e60-94bd-68b3b37355ae,AHSP-R2337,"Pipa Baja Karbon, DN. 48""
(1200 mm",,material,active,,2026-07-26T19:45:25.265Z,a0000000-0000-0000-0000-000000000001,2026-07-26T19:45:25.265Z,,m
3acd487a-7e7c-4ffd-8fc2-afed21eec06d,AHSP-R2338,"Pipa Beton, DN. 8"" (200 mm)",,material,active,,2026-07-26T19:45:25.311Z,a0000000-0000-0000-0000-000000000001,2026-07-26T19:45:25.311Z,,m1
eda61f98-eaa7-43f9-8863-67fd8873f78b,AHSP-R2339,"Pipa Beton, DN. 12"" (300 mm)",,material,active,,2026-07-26T19:45:25.356Z,a0000000-0000-0000-0000-000000000001,2026-07-26T19:45:25.356Z,,m1
e2ae25a6-28bd-4ef0-8e5e-383798288b74,AHSP-R2340,"Pipa Beton, DN. 16"" (400 mm)",,material,active,,2026-07-26T19:45:25.401Z,a0000000-0000-0000-0000-000000000001,2026-07-26T19:45:25.401Z,,m1
5f016a37-12e3-4fef-9985-ca54692d9564,AHSP-R2341,"Pipa Beton, DN. 20"" (500 mm)",,material,active,,2026-07-26T19:45:25.447Z,a0000000-0000-0000-0000-000000000001,2026-07-26T19:45:25.447Z,,m1
0bfedc03-4eac-4fb9-ba4d-931b064eb977,AHSP-R2342,"Pipa Beton, DN. 24"" (600 mm)",,material,active,,2026-07-26T19:45:25.493Z,a0000000-0000-0000-0000-000000000001,2026-07-26T19:45:25.493Z,,m1
b83ede61-81d0-4e7c-b443-7963a4e15a36,AHSP-R2343,"Pipa Beton, DN. 28"" (700 mm)",,material,active,,2026-07-26T19:45:25.538Z,a0000000-0000-0000-0000-000000000001,2026-07-26T19:45:25.538Z,,m1
4663f086-2ab3-4d8b-9d79-f63aafacea03,AHSP-R2344,"Pipa Beton, DN. 32"" (800 mm)",,material,active,,2026-07-26T19:45:25.584Z,a0000000-0000-0000-0000-000000000001,2026-07-26T19:45:25.584Z,,m1
76999737-3e5d-40ef-a291-f6e9ae383d2b,AHSP-R2345,"Pipa Beton, DN. 40"" (1000 mm)",,material,active,,2026-07-26T19:45:25.629Z,a0000000-0000-0000-0000-000000000001,2026-07-26T19:45:25.629Z,,m1
34de2540-2bdc-4548-9d8c-e70894b1e541,AHSP-R2346,"Pipa Beton, DN. 48"" (1200 mm)",,material,active,,2026-07-26T19:45:25.675Z,a0000000-0000-0000-0000-000000000001,2026-07-26T19:45:25.675Z,,m1
7136ba8b-0e5c-41a1-be22-380dc2cb0097,AHSP-R2347,Sewa Genset,,equipment,active,,2026-07-26T19:45:25.720Z,a0000000-0000-0000-0000-000000000001,2026-07-26T19:45:25.720Z,,hari
ecbcbeef-3e59-46ca-8561-d31ac462075d,AHSP-R2348,Pompa Sedot,,equipment,active,,2026-07-26T19:45:25.765Z,a0000000-0000-0000-0000-000000000001,2026-07-26T19:45:25.765Z,,hari
5b92d6b0-c7aa-4781-a342-61f0f97eb4bd,AHSP-R2349,"Valve Ø 6"" (150 mm)",,material,active,,2026-07-26T19:45:25.811Z,a0000000-0000-0000-0000-000000000001,2026-07-26T19:45:25.811Z,,buah
635e947e-e9f1-4b1e-930b-cd488423ce9a,AHSP-R2350,"Valve Ø 8"" (200 mm)",,material,active,,2026-07-26T19:45:25.857Z,a0000000-0000-0000-0000-000000000001,2026-07-26T19:45:25.857Z,,buah
68e8a1ef-dee0-4b6e-9a88-9b73682c29d1,AHSP-R2351,"Valve Ø 10"" (250 mm)",,material,active,,2026-07-26T19:45:25.902Z,a0000000-0000-0000-0000-000000000001,2026-07-26T19:45:25.902Z,,buah
7ce2921e-dc94-4c8b-b470-d59bb25f3ebf,AHSP-R2352,"Valve Ø 12"" (300 mm)",,material,active,,2026-07-26T19:45:25.949Z,a0000000-0000-0000-0000-000000000001,2026-07-26T19:45:25.949Z,,buah
dd10a5f6-9715-4928-96ac-450f2846deb5,AHSP-R2353,"Valve Ø 16"" (400 mm)",,material,active,,2026-07-26T19:45:25.994Z,a0000000-0000-0000-0000-000000000001,2026-07-26T19:45:25.994Z,,buah
b26630c5-06ae-4236-828b-32aa7fadfe4c,AHSP-R2354,"Valve Ø 18"" (450 mm)",,material,active,,2026-07-26T19:45:26.041Z,a0000000-0000-0000-0000-000000000001,2026-07-26T19:45:26.041Z,,buah
426e635c-a9f6-4181-82cd-e75c678881f5,AHSP-R2355,"Valve Ø 20"" (500 mm)",,material,active,,2026-07-26T19:45:26.087Z,a0000000-0000-0000-0000-000000000001,2026-07-26T19:45:26.087Z,,buah
66ba5bc5-8959-4607-9daf-da9e25a992dd,AHSP-R2356,"Valve Ø 24"" (600 mm)",,material,active,,2026-07-26T19:45:26.133Z,a0000000-0000-0000-0000-000000000001,2026-07-26T19:45:26.133Z,,buah
773ec387-a320-4376-972d-78af79fef443,AHSP-R2357,Sewa mobil crane,,equipment,active,,2026-07-26T19:45:26.178Z,a0000000-0000-0000-0000-000000000001,2026-07-26T19:45:26.178Z,,hari
1ac5d4e9-2b3e-422f-b4be-e15a6a001477,AHSP-R2358,"Valve Ø 28"" (700 mm)",,material,active,,2026-07-26T19:45:26.223Z,a0000000-0000-0000-0000-000000000001,2026-07-26T19:45:26.223Z,,buah
41f45f82-ae91-4545-8b47-70c194f61d3d,AHSP-R2359,"Valve Ø 32"" (800 mm)",,material,active,,2026-07-26T19:45:26.269Z,a0000000-0000-0000-0000-000000000001,2026-07-26T19:45:26.269Z,,buah
192898b0-b9a5-43a7-80ab-213c8427fb7e,AHSP-R2360,"Valve Ø 36"" (900 mm)",,material,active,,2026-07-26T19:45:26.315Z,a0000000-0000-0000-0000-000000000001,2026-07-26T19:45:26.315Z,,buah
842339a1-a151-4926-bd51-c7c410f006bd,AHSP-R2361,"Valve Ø 40"" (1000 mm)",,material,active,,2026-07-26T19:45:26.361Z,a0000000-0000-0000-0000-000000000001,2026-07-26T19:45:26.361Z,,buah
fc926916-9d1c-497f-9dbf-e5bb9d4f2ede,AHSP-R2362,"Valve Ø 44"" (1100 mm)",,material,active,,2026-07-26T19:45:26.407Z,a0000000-0000-0000-0000-000000000001,2026-07-26T19:45:26.407Z,,buah
c0218760-3257-416e-b77e-99f700ef467e,AHSP-R2363,"Valve Ø 48"" (1200 mm)",,material,active,,2026-07-26T19:45:26.453Z,a0000000-0000-0000-0000-000000000001,2026-07-26T19:45:26.453Z,,buah
4b53b839-6745-4f9f-a31c-f1f5a15dd991,AHSP-R2364,"Valve Ø 1/2"" (15 mm)",,material,active,,2026-07-26T19:45:26.499Z,a0000000-0000-0000-0000-000000000001,2026-07-26T19:45:26.499Z,,buah
0fb1b03d-1a12-4598-807f-2c19c81f3784,AHSP-R2365,"Valve Ø 3/4"" (20 mm)",,material,active,,2026-07-26T19:45:26.544Z,a0000000-0000-0000-0000-000000000001,2026-07-26T19:45:26.544Z,,buah
60acbf14-e5f0-4a07-b3a6-491753c3ba75,AHSP-R2366,"Valve Ø 1"" (25 mm)",,material,active,,2026-07-26T19:45:26.591Z,a0000000-0000-0000-0000-000000000001,2026-07-26T19:45:26.591Z,,buah
d91274fc-772b-43f1-984e-9bf04589a45c,AHSP-R2367,"Valve Ø 1-1/4"" (32 mm)",,material,active,,2026-07-26T19:45:26.637Z,a0000000-0000-0000-0000-000000000001,2026-07-26T19:45:26.637Z,,buah
1ccd3073-72e3-45b4-8527-900c34461207,AHSP-R2368,"Valve Ø 1-1/2"" (40 mm)",,material,active,,2026-07-26T19:45:26.682Z,a0000000-0000-0000-0000-000000000001,2026-07-26T19:45:26.682Z,,buah
75bd6602-c569-477e-a233-060041874cca,AHSP-R2369,"Valve Ø 2"" (50 mm)",,material,active,,2026-07-26T19:45:26.728Z,a0000000-0000-0000-0000-000000000001,2026-07-26T19:45:26.728Z,,buah
8555b279-e0a9-4613-bcf6-8e0db0f7ab76,AHSP-R2370,"Valve Ø 2-1/2"" (65 mm)",,material,active,,2026-07-26T19:45:26.774Z,a0000000-0000-0000-0000-000000000001,2026-07-26T19:45:26.774Z,,buah
45ecf1d5-9067-4a25-b302-7fb531c163f7,AHSP-R2371,"Valve Ø 3"" (80 mm)",,material,active,,2026-07-26T19:45:26.822Z,a0000000-0000-0000-0000-000000000001,2026-07-26T19:45:26.822Z,,buah
b66854f3-6768-4adb-862c-580df873702c,AHSP-R2372,"Valve Ø 4"" (100 mm)",,material,active,,2026-07-26T19:45:26.867Z,a0000000-0000-0000-0000-000000000001,2026-07-26T19:45:26.867Z,,buah
3fb756b7-8325-48eb-a008-269a61a96ab1,AHSP-R2373,"Valve Ø 5"" (125 mm)",,material,active,,2026-07-26T19:45:26.913Z,a0000000-0000-0000-0000-000000000001,2026-07-26T19:45:26.913Z,,buah
3508e078-4103-4b05-86d3-61cc11539326,AHSP-R2374,"Tee Ø 6"" (150 mm)",,material,active,,2026-07-26T19:45:26.959Z,a0000000-0000-0000-0000-000000000001,2026-07-26T19:45:26.959Z,,buah
e7d395fc-7297-4921-b412-8f740cb37e38,AHSP-R2375,"Tee Ø 8"" (200 mm)",,material,active,,2026-07-26T19:45:27.006Z,a0000000-0000-0000-0000-000000000001,2026-07-26T19:45:27.006Z,,buah
380e4132-25c0-464f-8015-e119f730ba94,AHSP-R2376,"Tee Ø 10"" (250 mm)",,material,active,,2026-07-26T19:45:27.052Z,a0000000-0000-0000-0000-000000000001,2026-07-26T19:45:27.052Z,,buah
adb3b6c0-a19c-4179-9ffe-ec1c337e3328,AHSP-R2377,"Tee Ø 18"" (450 mm)",,material,active,,2026-07-26T19:45:27.099Z,a0000000-0000-0000-0000-000000000001,2026-07-26T19:45:27.099Z,,buah
ad680a49-69aa-474d-992a-23be123020b1,AHSP-R2378,"Tee Ø 20"" (500 mm)",,material,active,,2026-07-26T19:45:27.145Z,a0000000-0000-0000-0000-000000000001,2026-07-26T19:45:27.145Z,,buah
f057efad-6328-4a36-a4b5-c245f60acc0e,AHSP-R2379,"Tee Ø 24"" (600 mm)",,material,active,,2026-07-26T19:45:27.191Z,a0000000-0000-0000-0000-000000000001,2026-07-26T19:45:27.191Z,,buah
0aacff68-7bf0-4495-b5dd-f37503b80254,AHSP-R2380,"Tee Ø 28"" (700 mm)",,material,active,,2026-07-26T19:45:27.237Z,a0000000-0000-0000-0000-000000000001,2026-07-26T19:45:27.237Z,,buah
0efe5024-044f-4176-8ca8-8d84d17b2f0b,AHSP-R2381,"Tee Ø 32"" (800 mm)",,material,active,,2026-07-26T19:45:27.283Z,a0000000-0000-0000-0000-000000000001,2026-07-26T19:45:27.283Z,,buah
b924a667-510b-4054-822e-fb067232a97d,AHSP-R2382,"Tee Ø 36"" (900 mm)",,material,active,,2026-07-26T19:45:27.328Z,a0000000-0000-0000-0000-000000000001,2026-07-26T19:45:27.328Z,,buah
6a575587-7d06-4929-8b3e-be0b7d1d031c,AHSP-R2383,"Tee Ø 40"" (1000 mm)",,material,active,,2026-07-26T19:45:27.374Z,a0000000-0000-0000-0000-000000000001,2026-07-26T19:45:27.374Z,,buah
6627b352-c650-47fd-8cf4-4a434ef4a193,AHSP-R2384,"Tee Ø 44"" (1100 mm)",,material,active,,2026-07-26T19:45:27.420Z,a0000000-0000-0000-0000-000000000001,2026-07-26T19:45:27.420Z,,buah
e086c9a2-3ec8-4d0a-9ebb-a39f4710c3ca,AHSP-R2385,"Tee Ø 48"" (1200 mm)",,material,active,,2026-07-26T19:45:27.466Z,a0000000-0000-0000-0000-000000000001,2026-07-26T19:45:27.466Z,,buah
e68d28e5-76d3-4c06-bb23-634b3b865bc0,AHSP-R2386,"Tee Ø 1/2"" (15 mm)",,material,active,,2026-07-26T19:45:27.511Z,a0000000-0000-0000-0000-000000000001,2026-07-26T19:45:27.511Z,,buah
36137d6c-06de-487b-92fe-350296891301,AHSP-R2387,"Tee Ø 3/4"" (20 mm)",,material,active,,2026-07-26T19:45:27.557Z,a0000000-0000-0000-0000-000000000001,2026-07-26T19:45:27.557Z,,buah
248ce90b-9d30-4eb6-be82-b90450cffa1c,AHSP-R2388,"Tee Ø 1"" (25 mm)",,material,active,,2026-07-26T19:45:27.603Z,a0000000-0000-0000-0000-000000000001,2026-07-26T19:45:27.603Z,,buah
5c4e469f-3546-4bd4-846f-9ebaa0c2de80,AHSP-R2389,"Tee Ø 1-1/4"" (32 mm)",,material,active,,2026-07-26T19:45:27.649Z,a0000000-0000-0000-0000-000000000001,2026-07-26T19:45:27.649Z,,buah
8a6566ec-39bd-4564-a527-859647b84544,AHSP-R2390,"Tee Ø 1-1/2"" (40 mm)",,material,active,,2026-07-26T19:45:27.694Z,a0000000-0000-0000-0000-000000000001,2026-07-26T19:45:27.694Z,,buah
6c390bce-e4c0-40ce-b32f-5202e8a0f219,AHSP-R2391,"Tee Ø 2"" (50 mm)",,material,active,,2026-07-26T19:45:27.740Z,a0000000-0000-0000-0000-000000000001,2026-07-26T19:45:27.740Z,,buah
188ebe3f-acae-4ddf-ad71-100dcbb286bf,AHSP-R2392,"Tee Ø 2-1/2"" (65 mm)",,material,active,,2026-07-26T19:45:27.786Z,a0000000-0000-0000-0000-000000000001,2026-07-26T19:45:27.786Z,,buah
12576703-8b7f-4d87-a530-4a2787eff003,AHSP-R2393,"Tee Ø 3"" (80 mm)",,material,active,,2026-07-26T19:45:27.832Z,a0000000-0000-0000-0000-000000000001,2026-07-26T19:45:27.832Z,,buah
172d4f00-44ab-40ab-9b28-559f44f78c77,AHSP-R2394,"Tee Ø 4"" (100 mm)",,material,active,,2026-07-26T19:45:27.879Z,a0000000-0000-0000-0000-000000000001,2026-07-26T19:45:27.879Z,,buah
98c7d375-5f50-40d9-a74a-a9173c04ca30,AHSP-R2395,"Tee Ø 5"" (125 mm)",,material,active,,2026-07-26T19:45:27.925Z,a0000000-0000-0000-0000-000000000001,2026-07-26T19:45:27.925Z,,buah
6778744c-8388-463b-890a-11a00eda866b,AHSP-R2396,"Tee Ø 12"" (300 mm)",,material,active,,2026-07-26T19:45:27.971Z,a0000000-0000-0000-0000-000000000001,2026-07-26T19:45:27.971Z,,buah
799dffdc-42e4-4957-9f46-8be86cf0a0d8,AHSP-R2397,"Tee Ø 16"" (400 mm)",,material,active,,2026-07-26T19:45:28.017Z,a0000000-0000-0000-0000-000000000001,2026-07-26T19:45:28.017Z,,buah
fa5735e4-6638-4ff7-9adf-310693b9361a,AHSP-R2398,"Air Vent Ø 3"" (80 mm)",,material,active,,2026-07-26T19:45:28.062Z,a0000000-0000-0000-0000-000000000001,2026-07-26T19:45:28.062Z,,buah
60fdec66-76fb-4351-bf8a-523f0acd1aba,AHSP-R2399,"Pipa Steel DN. 2-1/2"" (65 mm)",,material,active,,2026-07-26T19:45:28.108Z,a0000000-0000-0000-0000-000000000001,2026-07-26T19:45:28.108Z,,m
9dd63ec5-2148-4801-b2cf-0c590b52b839,AHSP-R2400,"Pipa Steel DN. 4"" (100 mm)",,material,active,,2026-07-26T19:45:28.153Z,a0000000-0000-0000-0000-000000000001,2026-07-26T19:45:28.153Z,,m
e99ea32d-2680-410b-a0e0-0284d4499f89,AHSP-R2401,"Pipa Steel DN. 5"" (125 mm)",,material,active,,2026-07-26T19:45:28.198Z,a0000000-0000-0000-0000-000000000001,2026-07-26T19:45:28.198Z,,m
1334d848-e941-4c0a-b08e-17967d2bae99,AHSP-R2402,"Pipa Steel DN. 6"" (150 mm)",,material,active,,2026-07-26T19:45:28.244Z,a0000000-0000-0000-0000-000000000001,2026-07-26T19:45:28.244Z,,m
e2801f96-2e5e-40af-8a2f-653566481064,AHSP-R2403,"Pipa Steel DN. 8"" (200 mm)",,material,active,,2026-07-26T19:45:28.288Z,a0000000-0000-0000-0000-000000000001,2026-07-26T19:45:28.288Z,,m
c28e0c1a-efd7-4a18-a709-7afc3b63ca91,AHSP-R2404,"Pipa Steel DN. 10"" (250 mm)",,material,active,,2026-07-26T19:45:28.334Z,a0000000-0000-0000-0000-000000000001,2026-07-26T19:45:28.334Z,,m
fbf8e0de-6cb0-41db-94ab-21b29ef144c4,AHSP-R2405,"Pipa Steel DN. 12"" (300 mm)",,material,active,,2026-07-26T19:45:28.379Z,a0000000-0000-0000-0000-000000000001,2026-07-26T19:45:28.379Z,,m
55a4439b-1283-4bde-8794-f290047938c8,AHSP-R2406,"Pipa Steel DN. 16"" (400 mm)",,material,active,,2026-07-26T19:45:28.424Z,a0000000-0000-0000-0000-000000000001,2026-07-26T19:45:28.424Z,,m
98fa0274-7b52-415d-9b1a-c264f3e33982,AHSP-R2407,"1 kg Penulangan Slab untuk BjTP atau BjTS diameter < 12 mm, cara Manual",,material,active,,2026-07-26T19:45:28.469Z,a0000000-0000-0000-0000-000000000001,2026-07-26T19:45:28.469Z,,kg
87907c96-60d5-4d2b-9b4f-2225d23b8041,AHSP-R2408,1 kg Penulangan Wiremesh M6-M10 untuk slab atau dinding atau Ferrocement secara manual,,material,active,,2026-07-26T19:45:28.514Z,a0000000-0000-0000-0000-000000000001,2026-07-26T19:45:28.514Z,,m2
38dae31b-c159-4683-8ab9-41a3af1b4151,AHSP-R2409,Pembuatan 1 buah Cetakan Panel P1 RISHA (Asumsi 400 kali pakai),,material,active,,2026-07-26T19:45:28.560Z,a0000000-0000-0000-0000-000000000001,2026-07-26T19:45:28.560Z,,buah
2d3770ff-b777-46c1-af15-850673f14180,AHSP-R2410,Pemasangan dan membuat cetakan 1 buah komponen P1 RISHA,,material,active,,2026-07-26T19:45:28.605Z,a0000000-0000-0000-0000-000000000001,2026-07-26T19:45:28.605Z,,unit
d280cae8-4361-4cf3-852d-ebeb3857a6e8,AHSP-R2411,"1 m3 beton mutu sedang fc 25 Mpa, Slum (100 ±  25) mm, agregat maks 19 mm secara mekanis",,material,active,,2026-07-26T19:45:28.650Z,a0000000-0000-0000-0000-000000000001,2026-07-26T19:45:28.650Z,,m3
8b125aa0-5aa2-4f5f-9bb7-5b6973891577,AHSP-R2412,Penulangan/Menebar Beton 1 m3 untuk Kolom Beton Pracetak,,material,active,,2026-07-26T19:45:28.696Z,a0000000-0000-0000-0000-000000000001,2026-07-26T19:45:28.696Z,,m3
9bcf2c11-e65f-4658-abd3-3c6dacbe0f63,AHSP-R2413,Pembuatan 1 buah Cetakan Panel P2 RISHA (Asumsi 400 kali pakai),,material,active,,2026-07-26T19:45:28.741Z,a0000000-0000-0000-0000-000000000001,2026-07-26T19:45:28.741Z,,buah
0d944ab0-0b32-490e-9ee1-0d1240f8b997,AHSP-R2414,Pembuatan 1 buah Cetakan Panel P3 RISHA (Asumsi 400 kali pakai),,material,active,,2026-07-26T19:45:28.787Z,a0000000-0000-0000-0000-000000000001,2026-07-26T19:45:28.787Z,,buah
e3424893-9514-426e-b79a-1a014a2095c7,AHSP-R2415,Pemasangan dan membuat cetakan 1 buah komponen P3 RISHA,,material,active,,2026-07-26T19:45:28.832Z,a0000000-0000-0000-0000-000000000001,2026-07-26T19:45:28.832Z,,unit
1ae08173-db43-4e6c-a98e-8ae600b381af,AHSP-R2416,Stepping Band Lebar 15 mm,,material,active,,2026-07-26T19:45:28.878Z,a0000000-0000-0000-0000-000000000001,2026-07-26T19:45:28.878Z,,m
8a18c608-87e0-4caa-ab00-9a1e02333960,AHSP-R2417,Palet Kayu uk. 120x120x10 cm,,material,active,,2026-07-26T19:45:28.926Z,a0000000-0000-0000-0000-000000000001,2026-07-26T19:45:28.926Z,,buah
342fc37a-9654-44ac-8743-d81e1295ade1,AHSP-R2418,Panel P1,,material,active,,2026-07-26T19:45:28.971Z,a0000000-0000-0000-0000-000000000001,2026-07-26T19:45:28.971Z,,buah
b9bbce93-c847-4254-a736-87c49dabb4f8,AHSP-R2419,Panel P2,,material,active,,2026-07-26T19:45:29.018Z,a0000000-0000-0000-0000-000000000001,2026-07-26T19:45:29.018Z,,buah
b61ad24b-9858-44f9-8627-5ed80e3d19f5,AHSP-R2420,Panel P3,,material,active,,2026-07-26T19:45:29.063Z,a0000000-0000-0000-0000-000000000001,2026-07-26T19:45:29.063Z,,buah
24377547-b871-4006-a711-2e2ad14759fe,AHSP-R2421,"Baut dan Mur f12 L=4""",,material,active,,2026-07-26T19:45:29.109Z,a0000000-0000-0000-0000-000000000001,2026-07-26T19:45:29.109Z,,buah
532d50af-16d8-4cb3-be39-6afff32ed2bf,AHSP-R2422,"Baut dan Mur f12, L=6""",,material,active,,2026-07-26T19:45:29.155Z,a0000000-0000-0000-0000-000000000001,2026-07-26T19:45:29.155Z,,buah
c4c8daec-447b-4832-be2f-ee577ee0439c,AHSP-R2423,"Baut dan Mur f12, L=7""",,material,active,,2026-07-26T19:45:29.201Z,a0000000-0000-0000-0000-000000000001,2026-07-26T19:45:29.201Z,,buah
42d417c0-2cdc-46b8-9767-7697ccfccd9d,AHSP-R2425,"Pelat Strip t=2,6 mm, L=12 cm",,material,active,,2026-07-26T19:45:29.292Z,a0000000-0000-0000-0000-000000000001,2026-07-26T19:45:29.292Z,,buah
63b7160c-a42f-4e46-b740-d783936d39c9,AHSP-R2426,"Pelat Strip t=2,6 mm, L=14 cm",,material,active,,2026-07-26T19:45:29.340Z,a0000000-0000-0000-0000-000000000001,2026-07-26T19:45:29.340Z,,buah
6785f659-18f0-4263-8c7f-ec1d4acf4070,AHSP-R2427,"Pelat Strip t=2,6 mm, L=17 cm",,material,active,,2026-07-26T19:45:29.385Z,a0000000-0000-0000-0000-000000000001,2026-07-26T19:45:29.385Z,,buah
bbba5cbb-f7dd-4172-afcd-315341224e46,AHSP-R2428,"Pelat Strip t=2,6 mm, L=34 cm",,material,active,,2026-07-26T19:45:29.431Z,a0000000-0000-0000-0000-000000000001,2026-07-26T19:45:29.431Z,,buah
7b70b34d-5c2c-4c73-8f49-2483d37bfbe9,AHSP-R2429,Angkur Baja Full Drat ASTM 307 dia. 10 mm Panjang 35 cm,,material,active,,2026-07-26T19:45:29.477Z,a0000000-0000-0000-0000-000000000001,2026-07-26T19:45:29.477Z,,buah
e202a72f-43ca-4d2b-98e7-f9f3611d7209,AHSP-R2430,Angkur Baja Full Drat ASTM 307 dia 10 mm Panjang 65 cm,,material,active,,2026-07-26T19:45:29.522Z,a0000000-0000-0000-0000-000000000001,2026-07-26T19:45:29.522Z,,buah
3bff1211-b558-44a5-a098-d4f3ae88fafa,AHSP-PLINT-1015X40,Plint ubin warna uk. 10-15x40 cm,,material,active,,2026-07-26T20:06:34.348Z,a0000000-0000-0000-0000-000000000001,2026-07-26T20:06:34.348Z,,buah
2db316b0-f7c1-4d4e-badd-77f14ef6aee3,CIB-R0182-2,Kayu Kruing.Balok 8/12,,material,active,,2026-07-29T17:58:45.057Z,a0000000-0000-0000-0000-000000000001,2026-07-29T17:58:45.057Z,,m3
237cc3ef-091e-447f-8c79-2505b2b1171c,CIB-R0183-2,Plat Strip/tali ikat,,material,active,,2026-07-29T17:58:45.141Z,a0000000-0000-0000-0000-000000000001,2026-07-29T17:58:45.141Z,,kg
f7a7eada-9c2c-4278-8951-017612c2d9a6,CIB-R0184-2,Kayu Borneo.Balok,,material,active,,2026-07-29T17:58:45.220Z,a0000000-0000-0000-0000-000000000001,2026-07-29T17:58:45.220Z,,m3
c68543b7-27cd-43e5-8ca9-8fd5107910e1,CIB-R0045,Kunci tanam,,material,active,,2026-07-28T14:25:46.890Z,a0000000-0000-0000-0000-000000000001,2026-07-28T14:25:46.890Z,,buah
94bb8f78-fcdd-481e-93ef-b6648673cd7a,CIB-R0001,Dolken kayu dia 8 - 10/400 cm,,material,active,,2026-07-28T14:25:45.077Z,a0000000-0000-0000-0000-000000000001,2026-07-28T14:25:45.077Z,,batang
dd7e8ba7-e807-4357-b5e3-9fbf53fde1f1,CIB-R0002,Semen Portland,,material,active,,2026-07-28T14:25:45.145Z,a0000000-0000-0000-0000-000000000001,2026-07-28T14:25:45.145Z,,kg
636fdf81-2369-4cfa-bc6b-a97fa364aae5,CIB-R0003,Pasir beton,,material,active,,2026-07-28T14:25:45.193Z,a0000000-0000-0000-0000-000000000001,2026-07-28T14:25:45.193Z,,m3
b02c6526-48b1-4d94-b08a-dd5a10a9ffce,CIB-R0004,(nama kosong di workbook — ANALISA STANDAR baris 15),,material,active,,2026-07-28T14:25:45.242Z,a0000000-0000-0000-0000-000000000001,2026-07-28T14:25:45.242Z,,m3
f2d245e2-ac75-4cce-ae1d-647d8dc22260,CIB-R0005,Kayu 5/7 Lokal,,material,active,,2026-07-28T14:25:45.292Z,a0000000-0000-0000-0000-000000000001,2026-07-28T14:25:45.292Z,,m3
b4ccf68b-632a-4549-bb2e-4208f7b9a56b,CIB-R0006,"Paku biasa  2"" -  5""",,material,active,,2026-07-28T14:25:45.340Z,a0000000-0000-0000-0000-000000000001,2026-07-28T14:25:45.340Z,,kg
e6507895-879c-45b2-bccd-a107371b08c6,CIB-R0010,Kepala Tukang Kayu,,labor,active,,2026-07-28T14:25:45.452Z,a0000000-0000-0000-0000-000000000001,2026-07-28T14:25:45.452Z,,OH
6f630bd4-ade2-4adb-a160-3395e84f3145,CIB-R0012,"Seng plat ,BJLS.25",,material,active,,2026-07-28T14:25:45.520Z,a0000000-0000-0000-0000-000000000001,2026-07-28T14:25:45.520Z,,m2
e622724f-3e13-424d-aeb1-7a04d10bb401,CIB-R0013,Kayu Lokal  Albasiah,,material,active,,2026-07-28T14:25:45.566Z,a0000000-0000-0000-0000-000000000001,2026-07-28T14:25:45.566Z,,m3
09df81c2-057f-475b-add6-07d57b0902ff,CIB-R0014,Paku 5 - 7,,material,active,,2026-07-28T14:25:45.614Z,a0000000-0000-0000-0000-000000000001,2026-07-28T14:25:45.614Z,,kg
b18bd7ce-3911-4a27-9db7-aada29fc05b0,CIB-R0015,Cat Minyak,,material,active,,2026-07-28T14:25:45.660Z,a0000000-0000-0000-0000-000000000001,2026-07-28T14:25:45.660Z,,ls
7c197445-48f3-4214-b393-73073b2fea6a,CIB-R0018,Ky.Albasia,,material,active,,2026-07-28T14:25:45.748Z,a0000000-0000-0000-0000-000000000001,2026-07-28T14:25:45.748Z,,m3
13848da1-03ea-46fa-a155-65663fa15ab5,CIB-R0019,Plat strip,,material,active,,2026-07-28T14:25:45.794Z,a0000000-0000-0000-0000-000000000001,2026-07-28T14:25:45.794Z,,kg
abb12f99-52b2-475b-88dc-8689c8fdc6dc,CIB-R0020,Asbes Glb ( 80 x 180 cm ),,material,active,,2026-07-28T14:25:45.839Z,a0000000-0000-0000-0000-000000000001,2026-07-28T14:25:45.839Z,,lembar
37268221-2afa-4817-9488-097aadddf999,CIB-R0021,Triplex 3 mm,,material,active,,2026-07-28T14:25:45.884Z,a0000000-0000-0000-0000-000000000001,2026-07-28T14:25:45.884Z,,lembar
7ec855bf-bf7d-49dd-a316-8233cafa26b9,CIB-R0023,Koral beton,,material,active,,2026-07-28T14:25:45.957Z,a0000000-0000-0000-0000-000000000001,2026-07-28T14:25:45.957Z,,m3
73c2a3a0-2bf6-4474-937b-8568f59fe15a,CIB-R0025,Jendela Nako,,material,active,,2026-07-28T14:25:46.023Z,a0000000-0000-0000-0000-000000000001,2026-07-28T14:25:46.023Z,,buah
b606b457-4acf-4c8c-9979-560bbccaee6a,CIB-R0026,Kaca Polos 3mm,,material,active,,2026-07-28T14:25:46.068Z,a0000000-0000-0000-0000-000000000001,2026-07-28T14:25:46.068Z,,m2
f98cd223-4bcd-4d4a-8578-caa2dabead8e,CIB-R0027,Kunci Tanam Ryl,,material,active,,2026-07-28T14:25:46.113Z,a0000000-0000-0000-0000-000000000001,2026-07-28T14:25:46.113Z,,buah
6c17fe20-ae2c-4a70-9bf3-535641dcafab,CIB-R0029,"Seng gelombang, BJLS 25",,material,active,,2026-07-28T14:25:46.179Z,a0000000-0000-0000-0000-000000000001,2026-07-28T14:25:46.179Z,,lembar
591ba354-1784-4c1a-a975-3efc4e5efaeb,CIB-R0030,Kayu 5/7,,material,active,,2026-07-28T14:25:46.224Z,a0000000-0000-0000-0000-000000000001,2026-07-28T14:25:46.224Z,,m3
d0dd0473-aaeb-43fb-95fa-e29751ea2afd,CIB-R0031,"Paku biasa 2"" - 5""",,material,active,,2026-07-28T14:25:46.269Z,a0000000-0000-0000-0000-000000000001,2026-07-28T14:25:46.269Z,,kg
6c200d6a-7b26-49bd-a802-70d693821e40,CIB-R0033,Kawat duri,,material,active,,2026-07-28T14:25:46.335Z,a0000000-0000-0000-0000-000000000001,2026-07-28T14:25:46.335Z,,m1
85d7cc46-eae3-4c0a-ab11-ae126a4e43d2,CIB-R0034,Panel Beton Pracetak,,material,active,,2026-07-28T14:25:46.382Z,a0000000-0000-0000-0000-000000000001,2026-07-28T14:25:46.382Z,,lembar
a62c69b4-f72c-4f3b-96db-6e5277c45934,CIB-R0035,Kolom beton Pracetak,,material,active,,2026-07-28T14:25:46.428Z,a0000000-0000-0000-0000-000000000001,2026-07-28T14:25:46.428Z,,batang
188bed53-7b43-45d0-ad54-0fb00127d3f8,CIB-R0036,Koral 2/3 beton,,material,active,,2026-07-28T14:25:46.472Z,a0000000-0000-0000-0000-000000000001,2026-07-28T14:25:46.472Z,,m3
e91d74da-f1a7-424f-8620-a5467689c9a0,CIB-R0037,Kepala Tukang Batu,,labor,active,,2026-07-28T14:25:46.529Z,a0000000-0000-0000-0000-000000000001,2026-07-28T14:25:46.529Z,,OH
3d99f926-f164-4e77-84f9-9fbe9ff4162f,CIB-R0038,"Kayu Albasia 5/7                             (0,12)",,material,active,,2026-07-28T14:25:46.574Z,a0000000-0000-0000-0000-000000000001,2026-07-28T14:25:46.574Z,,m3
35857c66-8eb9-4090-b7ce-f2a09285899f,CIB-R0039,"Paku  biasa 2"" - 5""",,material,active,,2026-07-28T14:25:46.620Z,a0000000-0000-0000-0000-000000000001,2026-07-28T14:25:46.620Z,,kg
b9e2c904-1772-4fa9-842a-e22a30ce3f1b,CIB-R0040,Kayu papan  Albasia,,material,active,,2026-07-28T14:25:46.664Z,a0000000-0000-0000-0000-000000000001,2026-07-28T14:25:46.664Z,,m3
374859fd-836a-497b-b2fb-e3a74376acf4,CIB-R0041,Kayu dolken dia 8 - 10/400 cm,,material,active,,2026-07-28T14:25:46.709Z,a0000000-0000-0000-0000-000000000001,2026-07-28T14:25:46.709Z,,batang
d9dc911b-6b0f-487d-8f25-d0cf4e65e5a2,CIB-R0042,Kayu papan Albasia,,material,active,,2026-07-28T14:25:46.753Z,a0000000-0000-0000-0000-000000000001,2026-07-28T14:25:46.753Z,,m3
0158c8ae-61c6-46bf-abab-a450e137d232,CIB-R0043,Besi strip,,material,active,,2026-07-28T14:25:46.801Z,a0000000-0000-0000-0000-000000000001,2026-07-28T14:25:46.801Z,,kg
8300d7de-9a42-41ec-875c-3e915863a1f0,CIB-R0044,"Seng plat, BJLS 25",,material,active,,2026-07-28T14:25:46.845Z,a0000000-0000-0000-0000-000000000001,2026-07-28T14:25:46.845Z,,lembar
99fa2d87-bd2d-46de-a894-75fa1ec1053c,CIB-R0047,Kayu Borneo 5/7,,material,active,,2026-07-28T14:25:46.958Z,a0000000-0000-0000-0000-000000000001,2026-07-28T14:25:46.958Z,,m3
bd73e580-db09-49b4-ac9b-e61d64b027a4,CIB-R0048,"Paku biasa  2"" - 5""",,material,active,,2026-07-28T14:25:47.002Z,a0000000-0000-0000-0000-000000000001,2026-07-28T14:25:47.002Z,,kg
8d7fcaf2-5618-4573-9c72-e670d5124d72,CIB-R0049,Bambu D.6 s/d 8.p.600 cm,,material,active,,2026-07-28T14:25:47.049Z,a0000000-0000-0000-0000-000000000001,2026-07-28T14:25:47.049Z,,batang
52531d70-befa-42ba-85e2-263a2a41a05e,CIB-R0050,Tali ijuk,,material,active,,2026-07-28T14:25:47.097Z,a0000000-0000-0000-0000-000000000001,2026-07-28T14:25:47.097Z,,m
232ff444-70d6-42ab-a037-300eabe9db12,CIB-R0051,Pasir urug,,material,active,,2026-07-28T14:25:47.145Z,a0000000-0000-0000-0000-000000000001,2026-07-28T14:25:47.145Z,,m3
eb51875b-897a-4cc4-8f54-8201945f13ce,CIB-R0052,Kapur Padam,,material,active,,2026-07-28T14:25:47.189Z,a0000000-0000-0000-0000-000000000001,2026-07-28T14:25:47.189Z,,m3
fb81efd6-b967-4e02-a5bd-0c821cc9fa57,CIB-R0053,Tanah Liat,,material,active,,2026-07-28T14:25:47.236Z,a0000000-0000-0000-0000-000000000001,2026-07-28T14:25:47.236Z,,m3
8ec09661-7cae-48b0-8c35-4f8003f3a6ea,CIB-R0054,I j u k,,material,active,,2026-07-28T14:25:47.281Z,a0000000-0000-0000-0000-000000000001,2026-07-28T14:25:47.281Z,,kg
7aec2e92-3c03-4fa4-95de-496234b28096,CIB-R0055,S i r t u,,material,active,,2026-07-28T14:25:47.326Z,a0000000-0000-0000-0000-000000000001,2026-07-28T14:25:47.326Z,,m3
67caa6b0-30ff-4b3e-9562-a464a1e11c27,CIB-R0056,Batu Belah,,material,active,,2026-07-28T14:25:47.370Z,a0000000-0000-0000-0000-000000000001,2026-07-28T14:25:47.370Z,,m3
352945fc-6c9e-459a-ab46-797e1dd08a59,CIB-R0057,Batu Belah 15/20 cm,,material,active,,2026-07-28T14:25:47.415Z,a0000000-0000-0000-0000-000000000001,2026-07-28T14:25:47.415Z,,m3
205ba722-109a-44a5-9ab9-cbafabf6f4c5,CIB-R0058,Kapur Pasang,,material,active,,2026-07-28T14:25:47.463Z,a0000000-0000-0000-0000-000000000001,2026-07-28T14:25:47.463Z,,m3
c93fa3e8-d7aa-4747-a8a0-311328c07deb,CIB-R0059,Semen Merah,,material,active,,2026-07-28T14:25:47.508Z,a0000000-0000-0000-0000-000000000001,2026-07-28T14:25:47.508Z,,m3
9825ef33-6e74-439c-a980-4f511aca03a1,CIB-R0060,Besi Beton,,material,active,,2026-07-28T14:25:47.553Z,a0000000-0000-0000-0000-000000000001,2026-07-28T14:25:47.553Z,,kg
2d6011fd-54d6-4e90-b32a-0589513f55ea,CIB-R0062,Pasir Urug darat,,material,active,,2026-07-28T14:25:47.619Z,a0000000-0000-0000-0000-000000000001,2026-07-28T14:25:47.619Z,,m3
49fa9ffd-84b2-4318-aed4-7b3e31c370c1,CIB-R0063,Kayu Kaso 5/7,,material,active,,2026-07-28T14:25:47.663Z,a0000000-0000-0000-0000-000000000001,2026-07-28T14:25:47.663Z,,m3
e3e1b62e-90c6-43d2-af1e-7e662698a36d,CIB-R0065,Plamuur Tembok,,material,active,,2026-07-28T14:25:47.729Z,a0000000-0000-0000-0000-000000000001,2026-07-28T14:25:47.729Z,,kg
f1c39707-87e8-4620-9d22-37e9db4da420,CIB-R0066,Kapur Pasang/Padam,,material,active,,2026-07-28T14:25:47.773Z,a0000000-0000-0000-0000-000000000001,2026-07-28T14:25:47.773Z,,m3
e1541fd9-32e2-449b-aa20-5f74fada7ccd,CIB-R0067,Hollow Block ( HB. 10 ),,material,active,,2026-07-28T14:25:47.819Z,a0000000-0000-0000-0000-000000000001,2026-07-28T14:25:47.819Z,,buah
4b62712c-bbe2-470b-afcc-514f34fe56a9,CIB-R0068,Besi Beton Polos,,material,active,,2026-07-28T14:25:47.863Z,a0000000-0000-0000-0000-000000000001,2026-07-28T14:25:47.863Z,,kg
0b0fdf0d-c290-4902-b3b0-542a84a9df0e,CIB-R0069,Hollow Block ( HB. 15 ),,material,active,,2026-07-28T14:25:47.907Z,a0000000-0000-0000-0000-000000000001,2026-07-28T14:25:47.907Z,,buah
2e48e2a0-8685-4f5a-b73d-62c7dd88bded,CIB-R0070,Hollow Block ( HB. 20 ),,material,active,,2026-07-28T14:25:47.953Z,a0000000-0000-0000-0000-000000000001,2026-07-28T14:25:47.953Z,,buah
af69001b-1159-4568-b8e5-b9837871fe8b,CIB-R0071,Concrete Block ( CB. 10 ),,material,active,,2026-07-28T14:25:47.999Z,a0000000-0000-0000-0000-000000000001,2026-07-28T14:25:47.999Z,,buah
8d3c9bea-c9ef-4fdb-a4d1-f03dfc406f1d,CIB-R0072,Kayu  Papan Albasia,,material,active,,2026-07-28T14:25:48.044Z,a0000000-0000-0000-0000-000000000001,2026-07-28T14:25:48.044Z,,m3
9cced651-e240-4111-aa4e-7b5336665a6c,CIB-R0074,Concrete Block ( CB. 15 ),,material,active,,2026-07-28T14:25:48.114Z,a0000000-0000-0000-0000-000000000001,2026-07-28T14:25:48.114Z,,buah
2cc7a4ae-5b1c-4836-b427-0311415980b2,CIB-R0075,Concrete Block ( CB. 20 ),,material,active,,2026-07-28T14:25:48.164Z,a0000000-0000-0000-0000-000000000001,2026-07-28T14:25:48.164Z,,buah
67a124b3-22a9-4a57-ba11-2682c313333c,CIB-R0076,Rooster / Terawang,,material,active,,2026-07-28T14:25:48.215Z,a0000000-0000-0000-0000-000000000001,2026-07-28T14:25:48.215Z,,buah
d3bdc23a-d595-4551-82b5-257628d3ef30,CIB-R0077,Hebel 10 X 20 X 40 cm,,material,active,,2026-07-28T14:25:48.273Z,a0000000-0000-0000-0000-000000000001,2026-07-28T14:25:48.273Z,,buah
eb95993e-5c06-4a51-b023-b83bc237de00,CIB-R0078,Semen Mortar/PM.100,,material,active,,2026-07-28T14:25:48.318Z,a0000000-0000-0000-0000-000000000001,2026-07-28T14:25:48.318Z,,kg
37cfdd1f-0715-47af-a442-45c6486452e0,CIB-R0079,Bata Expose,,material,active,,2026-07-28T14:25:48.364Z,a0000000-0000-0000-0000-000000000001,2026-07-28T14:25:48.364Z,,buah
517fcc1c-5972-4343-9f1a-b169d5a52e0f,CIB-R0080,Glass Block uk.20 x 20 cm,,material,active,,2026-07-28T14:25:48.409Z,a0000000-0000-0000-0000-000000000001,2026-07-28T14:25:48.409Z,,buah
01780d8a-de1c-45be-bce9-2dbc6bbe50b5,CIB-R0081,Bilik Bambu hinishitam dekoratif,,material,active,,2026-07-28T14:25:48.454Z,a0000000-0000-0000-0000-000000000001,2026-07-28T14:25:48.454Z,,m2
a90b823e-44c6-4c41-b16d-5457dff5d4d2,CIB-R0082,Kayu  Borneo 5/7,,material,active,,2026-07-28T14:25:48.499Z,a0000000-0000-0000-0000-000000000001,2026-07-28T14:25:48.499Z,,m3
56a0b1ef-b78e-4b0f-8a11-c6afa06eb191,CIB-R0083,List kayu 2/4,,material,active,,2026-07-28T14:25:48.543Z,a0000000-0000-0000-0000-000000000001,2026-07-28T14:25:48.543Z,,m1
bcadda64-d3de-460f-9dbf-5ae4919e69b9,CIB-R0085,Batu Granit,,material,active,,2026-07-28T14:25:48.612Z,a0000000-0000-0000-0000-000000000001,2026-07-28T14:25:48.612Z,,kg
953bb9cd-9450-41e4-946d-597adfe7f2a0,CIB-R0086,Batacote,,material,active,,2026-07-28T14:25:48.657Z,a0000000-0000-0000-0000-000000000001,2026-07-28T14:25:48.657Z,,kg
4a5a940f-3fcb-493d-a6c9-445cbe3f10eb,CIB-R0087,Prime Mortar /PM.200,,material,active,,2026-07-28T14:25:48.702Z,a0000000-0000-0000-0000-000000000001,2026-07-28T14:25:48.702Z,,kg
feb1a4d5-7cb9-46e4-a6ee-89fc4c7688c1,CIB-R0088,Batu Split /pecah mesin 2/3,,material,active,,2026-07-28T14:25:48.749Z,a0000000-0000-0000-0000-000000000001,2026-07-28T14:25:48.749Z,,m3
d94c6121-ca39-4f2d-963d-c87a6b5aeeee,CIB-R0090,Tukang  Batu,,labor,active,,2026-07-28T14:25:48.821Z,a0000000-0000-0000-0000-000000000001,2026-07-28T14:25:48.821Z,,OH
26d673c4-21f7-44b1-b7a2-3cd4f821bb22,CIB-R0091,Kepala  Tukang  Batu,,labor,active,,2026-07-28T14:25:48.866Z,a0000000-0000-0000-0000-000000000001,2026-07-28T14:25:48.866Z,,OH
fd6c4c84-3cf4-43a7-aaaa-348376318060,CIB-R0092,Batu Split /pecah mesin,,material,active,,2026-07-28T14:25:48.911Z,a0000000-0000-0000-0000-000000000001,2026-07-28T14:25:48.911Z,,m3
f4eff59d-42f8-4617-925f-f0f86ca85da6,CIB-R0093,Koral beton/Kerikil,,material,active,,2026-07-28T14:25:48.955Z,a0000000-0000-0000-0000-000000000001,2026-07-28T14:25:48.955Z,,m3
5a2845f0-ecc0-4d60-9507-7b2fbbad83b4,CIB-R0094,Besi Beton Polos / Ulir,,material,active,,2026-07-28T14:25:49.000Z,a0000000-0000-0000-0000-000000000001,2026-07-28T14:25:49.000Z,,kg
0b45ee51-ed56-4e1f-8ab2-436268571ca5,CIB-R0095,Tukang  Besi,,labor,active,,2026-07-28T14:25:49.044Z,a0000000-0000-0000-0000-000000000001,2026-07-28T14:25:49.044Z,,OH
ccf6b830-1ec1-4789-8449-202c3e03c39e,CIB-R0096,Kepala Tukang Besi,,labor,active,,2026-07-28T14:25:49.089Z,a0000000-0000-0000-0000-000000000001,2026-07-28T14:25:49.089Z,,OH
35544c83-89ea-4c81-b51c-842b86f2158b,CIB-R0097,Jaring Kawat Baja dilas,,material,active,,2026-07-28T14:25:49.134Z,a0000000-0000-0000-0000-000000000001,2026-07-28T14:25:49.134Z,,kg
7393efca-d6b0-4b99-9e89-9d58f218f9fd,CIB-R0098,Plat Bondek,,material,active,,2026-07-28T14:25:49.178Z,a0000000-0000-0000-0000-000000000001,2026-07-28T14:25:49.178Z,,m2
81eb5e37-abe6-4139-9041-808833422567,CIB-R0100,Shear Connector,,material,active,,2026-07-28T14:25:49.244Z,a0000000-0000-0000-0000-000000000001,2026-07-28T14:25:49.244Z,,ls
e90a9c8e-1851-4a8d-8c95-4ecd75f2bdcf,CIB-R0101,Kayu  Papan/balok Albasia,,material,active,,2026-07-28T14:25:49.297Z,a0000000-0000-0000-0000-000000000001,2026-07-28T14:25:49.297Z,,m3
577e36e6-5669-4b9a-bcdd-3112db24a4ce,CIB-R0102,Balok Kayu 5/7 Ky.Lokal Kls.II,,material,active,,2026-07-28T14:25:49.341Z,a0000000-0000-0000-0000-000000000001,2026-07-28T14:25:49.341Z,,m3
cb5e1b00-6975-4c29-b516-a9474177851f,CIB-R0103,Plywood tebal  9 mm,,material,active,,2026-07-28T14:25:49.388Z,a0000000-0000-0000-0000-000000000001,2026-07-28T14:25:49.388Z,,lembar
0369715c-8887-49fa-81cf-62487118b261,CIB-R0104,Dolken dia 8 - 10/400 cm,,material,active,,2026-07-28T14:25:49.433Z,a0000000-0000-0000-0000-000000000001,2026-07-28T14:25:49.433Z,,batang
e420f77b-4afe-4141-94f8-628f850dd7cd,CIB-R0105,Balok Kayu Kaso Albasia 6/6,,material,active,,2026-07-28T14:25:49.478Z,a0000000-0000-0000-0000-000000000001,2026-07-28T14:25:49.478Z,,m3
26bfa766-4105-464f-93ab-417ab23a1e0c,CIB-R0106,Kaso Albasah ( 2 x Pakai ) 50 %,,material,active,,2026-07-28T14:25:49.523Z,a0000000-0000-0000-0000-000000000001,2026-07-28T14:25:49.523Z,,m3
8e5b62e4-cfd2-47d8-a52f-cc13410fd9ff,CIB-R0107,Papan Albasah ( 2 x Pakai ) 75 %,,material,active,,2026-07-28T14:25:49.567Z,a0000000-0000-0000-0000-000000000001,2026-07-28T14:25:49.567Z,,m3
8d6226fd-4e27-4ce5-ad88-fbf8e405bfae,CIB-R0108,"Paku 2-5""",,material,active,,2026-07-28T14:25:49.611Z,a0000000-0000-0000-0000-000000000001,2026-07-28T14:25:49.611Z,,kg
5e7fd18c-821e-46a9-986a-c5abb68c2fcb,CIB-R0109,"Kayu Jati,  Balok",,material,active,,2026-07-28T14:25:49.659Z,a0000000-0000-0000-0000-000000000001,2026-07-28T14:25:49.659Z,,m3
2011c8b3-78df-478f-9de0-222f6fc0c015,CIB-R0110,Paku biasa 10 cm,,material,active,,2026-07-28T14:25:49.706Z,a0000000-0000-0000-0000-000000000001,2026-07-28T14:25:49.706Z,,kg
9c94ec3b-285b-4adb-97f6-120ead4c79b5,CIB-R0112,Tukang  Kayu,,labor,active,,2026-07-28T14:25:49.772Z,a0000000-0000-0000-0000-000000000001,2026-07-28T14:25:49.772Z,,OH
10f46f6e-0d31-48ee-a96f-11f337cb17ac,CIB-R0113,Kepala Tukang  Kayu,,labor,active,,2026-07-28T14:25:49.817Z,a0000000-0000-0000-0000-000000000001,2026-07-28T14:25:49.817Z,,OH
7cf05ba8-96e1-4281-89df-fcc353fd231b,CIB-R0114,"Kayu Kamper,  Balok",,material,active,,2026-07-28T14:25:49.862Z,a0000000-0000-0000-0000-000000000001,2026-07-28T14:25:49.862Z,,m3
0b435bde-124d-48db-b4a0-2caebfb7a2f5,CIB-R0115,"Kayu Lokal Kls II,  Balok",,material,active,,2026-07-28T14:25:49.906Z,a0000000-0000-0000-0000-000000000001,2026-07-28T14:25:49.906Z,,m3
7ab7ffc6-a536-493b-9562-21c1f7fe7cec,CIB-R0116,"Kayu Borneo,  Balok",,material,active,,2026-07-28T14:25:49.951Z,a0000000-0000-0000-0000-000000000001,2026-07-28T14:25:49.951Z,,m3
432bc858-9d51-4b60-97d8-0a714adfbb9b,CIB-R0117,"Kayu Kamper, Papan",,material,active,,2026-07-28T14:25:49.995Z,a0000000-0000-0000-0000-000000000001,2026-07-28T14:25:49.995Z,,m3
60c6dc56-664e-4fd2-b460-d6dd0208255c,CIB-R0118,"Paku biasa 2"" -  5""",,material,active,,2026-07-28T14:25:50.040Z,a0000000-0000-0000-0000-000000000001,2026-07-28T14:25:50.040Z,,kg
c00e407f-8f14-446e-8360-bfe45596c843,CIB-R0119,Kepala  Tukang  Kayu,,labor,active,,2026-07-28T14:25:50.084Z,a0000000-0000-0000-0000-000000000001,2026-07-28T14:25:50.084Z,,OH
48aa7982-e493-4a77-abd2-d1f3b22b026e,CIB-R0120,"Kayu Borneo, Papan",,material,active,,2026-07-28T14:25:50.129Z,a0000000-0000-0000-0000-000000000001,2026-07-28T14:25:50.129Z,,m3
92fe0499-ad79-4af7-afce-7203b2935e8d,CIB-R0121,"Kayu Jati, Papan",,material,active,,2026-07-28T14:25:50.174Z,a0000000-0000-0000-0000-000000000001,2026-07-28T14:25:50.174Z,,m3
980ead7b-be9c-454e-9e35-122a3b7bf4bd,CIB-R0122,"Kayu Lokal Kls II, Papan",,material,active,,2026-07-28T14:25:50.219Z,a0000000-0000-0000-0000-000000000001,2026-07-28T14:25:50.219Z,,m3
e959b143-0bdd-431e-8aa3-5ff74446bb64,CIB-R0123,"Kayu Kelas II, Papan",,material,active,,2026-07-28T14:25:50.265Z,a0000000-0000-0000-0000-000000000001,2026-07-28T14:25:50.265Z,,m3
190ec260-f98d-4e11-94da-380a80e4d181,CIB-R0124,"Paku biasa 1"" -  2""",,material,active,,2026-07-28T14:25:50.310Z,a0000000-0000-0000-0000-000000000001,2026-07-28T14:25:50.310Z,,kg
46dd6c2b-e041-4575-a756-dfc8994a59b0,CIB-R0125,"Kayu Lokal kls 2, Papan",,material,active,,2026-07-28T14:25:50.354Z,a0000000-0000-0000-0000-000000000001,2026-07-28T14:25:50.354Z,,m3
ce256c3e-7fe6-429f-ba5e-0b09b3de6180,CIB-R0126,Lem kayu POX kunimg,,material,active,,2026-07-28T14:25:50.401Z,a0000000-0000-0000-0000-000000000001,2026-07-28T14:25:50.401Z,,kg
ec10c452-128f-4963-b60b-3597e37afff3,CIB-R0127,"Plywood, t = 4 mm (90X220 cm)",,material,active,,2026-07-28T14:25:50.446Z,a0000000-0000-0000-0000-000000000001,2026-07-28T14:25:50.446Z,,lembar
576ccd77-320f-41bf-8e6b-9480bd7ad82a,CIB-R0128,Kayu Lokal Kls II,,material,active,,2026-07-28T14:25:50.490Z,a0000000-0000-0000-0000-000000000001,2026-07-28T14:25:50.490Z,,m3
3e9285aa-6a84-4aca-8220-84dadcbc766e,CIB-R0129,Triplek t = 4 mm,,material,active,,2026-07-28T14:25:50.535Z,a0000000-0000-0000-0000-000000000001,2026-07-28T14:25:50.535Z,,lembar
b893dd4a-309b-4353-b9ef-734463230fae,CIB-R0130,"Plywood, t = 4 mm",,material,active,,2026-07-28T14:25:50.579Z,a0000000-0000-0000-0000-000000000001,2026-07-28T14:25:50.579Z,,lembar
e9adb1a3-9508-4493-8315-a29229c00247,CIB-R0131,"Triplek , t = 4 mm",,material,active,,2026-07-28T14:25:50.629Z,a0000000-0000-0000-0000-000000000001,2026-07-28T14:25:50.629Z,,lembar
52535680-22ca-4001-a620-a4303fe3fc89,CIB-R0132,Aluminium Sheet,,material,active,,2026-07-28T14:25:50.674Z,a0000000-0000-0000-0000-000000000001,2026-07-28T14:25:50.674Z,,lembar
ee5a1845-dc75-4d04-8c77-440398bf1b63,CIB-R0135,"Formika 4 "" x   8""",,material,active,,2026-07-28T14:25:50.761Z,a0000000-0000-0000-0000-000000000001,2026-07-28T14:25:50.761Z,,lembar
db05eabe-3fdf-40b4-9baf-909046b3a5dd,CIB-R0136,"Paku biasa  1"" -  2""",,material,active,,2026-07-28T14:25:50.807Z,a0000000-0000-0000-0000-000000000001,2026-07-28T14:25:50.807Z,,kg
3ca55538-b680-40a1-8340-07d013ef55e5,CIB-R0137,Teakwood 4 mm,,material,active,,2026-07-28T14:25:50.853Z,a0000000-0000-0000-0000-000000000001,2026-07-28T14:25:50.853Z,,lembar
91d7c0f1-71af-49b4-b38e-f27f903abf8a,CIB-R0138,Profil Alumunium,,material,active,,2026-07-28T14:25:50.898Z,a0000000-0000-0000-0000-000000000001,2026-07-28T14:25:50.898Z,,m1
111fdf52-6cc6-4a76-a8b4-c7f5d2cb391a,CIB-R0141,Kaca Rayband 5 mm,,material,active,,2026-07-28T14:25:50.985Z,a0000000-0000-0000-0000-000000000001,2026-07-28T14:25:50.985Z,,m2
02af477b-5f1f-4145-8a1f-74f92d40a87e,CIB-R0142,Tukang  Besi Profil,,labor,active,,2026-07-28T14:25:51.030Z,a0000000-0000-0000-0000-000000000001,2026-07-28T14:25:51.030Z,,OH
b6e657e8-708d-4c3d-86c6-9767b902f83e,CIB-R0143,Kepala  Tukang  Besi,,labor,active,,2026-07-28T14:25:51.075Z,a0000000-0000-0000-0000-000000000001,2026-07-28T14:25:51.075Z,,OH
f1e8d63d-906a-4566-b046-1ea96b6ec956,CIB-R0144,Kayu Borneo,,material,active,,2026-07-28T14:25:51.120Z,a0000000-0000-0000-0000-000000000001,2026-07-28T14:25:51.120Z,,m3
110dc696-670a-4ffd-8e77-7a1fbebe9851,CIB-R0145,Gypsum,,material,active,,2026-07-28T14:25:51.165Z,a0000000-0000-0000-0000-000000000001,2026-07-28T14:25:51.165Z,,lembar
60185f05-fba2-43da-b22d-469dacb9d4ff,CIB-R0146,"GRC , t = 4 mm 1,2 X 2,4",,material,active,,2026-07-28T14:25:51.210Z,a0000000-0000-0000-0000-000000000001,2026-07-28T14:25:51.210Z,,lembar
c8384ddb-2876-4573-8355-e2d045d0aeba,CIB-R0147,"Multipleks, t = 9 mm",,material,active,,2026-07-28T14:25:51.257Z,a0000000-0000-0000-0000-000000000001,2026-07-28T14:25:51.257Z,,lembar
bb825757-5cea-4edc-9ba1-34c0710048ce,CIB-R0148,"Teakwood 4 mm 1,2 x 2,4",,material,active,,2026-07-28T14:25:51.302Z,a0000000-0000-0000-0000-000000000001,2026-07-28T14:25:51.302Z,,lembar
eaa75463-acc6-4f69-bb77-1d1f2ec8ba23,CIB-R0149,"Profil Kusen Alumunium 3"" Silver",,material,active,,2026-07-28T14:25:51.347Z,a0000000-0000-0000-0000-000000000001,2026-07-28T14:25:51.347Z,,m1
ea8f96a6-baf7-4f23-b291-827756373ee6,CIB-R0150,Besi Hollo 4.4.1,,material,active,,2026-07-28T14:25:51.392Z,a0000000-0000-0000-0000-000000000001,2026-07-28T14:25:51.392Z,,m1
ad860429-9b98-41bc-b9b8-10745344e8fe,CIB-R0151,Paku Skrup,,material,active,,2026-07-28T14:25:51.437Z,a0000000-0000-0000-0000-000000000001,2026-07-28T14:25:51.437Z,,kg
f4b7769c-bd06-4914-8dae-55cfaa72fa0d,CIB-R0152,Ramset/Dinabold,,material,active,,2026-07-28T14:25:51.485Z,a0000000-0000-0000-0000-000000000001,2026-07-28T14:25:51.485Z,,buah
067fac14-f9c6-4ee8-8849-004eeb61b6a8,CIB-R0153,Menie Besi,,material,active,,2026-07-28T14:25:51.530Z,a0000000-0000-0000-0000-000000000001,2026-07-28T14:25:51.530Z,,kg
6b8309a9-b49a-43da-9e95-f2e90765d2d3,CIB-R0154,Plat GRC 4 mm,,material,active,,2026-07-28T14:25:51.575Z,a0000000-0000-0000-0000-000000000001,2026-07-28T14:25:51.575Z,,lembar
da99f4bf-f845-4b2c-862c-748936c59c4d,CIB-R0155,Kayu Kamper,,material,active,,2026-07-28T14:25:51.619Z,a0000000-0000-0000-0000-000000000001,2026-07-28T14:25:51.619Z,,m3
9410333d-227c-4bd1-a6e7-7045161b9a05,CIB-R0156,Lem kayu FOX kuning,,material,active,,2026-07-28T14:25:51.663Z,a0000000-0000-0000-0000-000000000001,2026-07-28T14:25:51.663Z,,kg
6daa3173-87d7-455c-98e6-64a9e360a2ee,CIB-R0157,"Multipleks, t = 12 mm",,material,active,,2026-07-28T14:25:51.708Z,a0000000-0000-0000-0000-000000000001,2026-07-28T14:25:51.708Z,,lembar
f33ea55e-b1c0-47ec-87fd-593c9cbb15a1,CIB-R0158,HPL Warna Kayu,,material,active,,2026-07-28T14:25:51.752Z,a0000000-0000-0000-0000-000000000001,2026-07-28T14:25:51.752Z,,lembar
c8090fec-0850-451d-af28-91f4ad9a9a06,CIB-R0159,Multiplek 9 mm,,material,active,,2026-07-28T14:25:51.797Z,a0000000-0000-0000-0000-000000000001,2026-07-28T14:25:51.797Z,,lembar
b2ff45ea-6c52-4352-ae75-27758436b7ed,CIB-R0160,Sungkai t.3mm,,material,active,,2026-07-28T14:25:51.842Z,a0000000-0000-0000-0000-000000000001,2026-07-28T14:25:51.842Z,,lembar
0626d16a-254f-4ed7-9093-a55205f7e53e,CIB-R0161,Lem Fox Kuning,,material,active,,2026-07-28T14:25:51.886Z,a0000000-0000-0000-0000-000000000001,2026-07-28T14:25:51.886Z,,kg
2e2b81f1-0ee4-4022-85d2-f6a2a64d5158,CIB-R0162,"Paku   1/2"" - 1""",,material,active,,2026-07-28T14:25:51.931Z,a0000000-0000-0000-0000-000000000001,2026-07-28T14:25:51.931Z,,kg
0e965b4c-801b-42c5-8f28-1ed931c31ded,CIB-R0163,Edging 2.2,,material,active,,2026-07-28T14:25:51.976Z,a0000000-0000-0000-0000-000000000001,2026-07-28T14:25:51.976Z,,rol
f628b433-932c-428b-b62f-f16ee4d306c8,CIB-R0164,Lem Kuning,,material,active,,2026-07-28T14:25:52.020Z,a0000000-0000-0000-0000-000000000001,2026-07-28T14:25:52.020Z,,kg
dac76ebb-6ee1-4df6-93aa-2d7ec44917ec,CIB-R0165,Lem Fox Putih,,material,active,,2026-07-28T14:25:52.064Z,a0000000-0000-0000-0000-000000000001,2026-07-28T14:25:52.064Z,,kg
ccb08834-b6e5-4845-82f2-829661cf0adf,CIB-R0166,"Kayu Jati, Balok",,material,active,,2026-07-28T14:25:52.109Z,a0000000-0000-0000-0000-000000000001,2026-07-28T14:25:52.109Z,,m3
5abeb5ab-1f7b-477b-bc6a-8ae76c7b62e1,CIB-R0167,"Kayu Lokal Kls II, Balok",,material,active,,2026-07-28T14:25:52.154Z,a0000000-0000-0000-0000-000000000001,2026-07-28T14:25:52.154Z,,m3
6e2488d6-4ef2-4175-a96e-bc38d8520d46,CIB-R0168,"Kayu Kamper, Balok",,material,active,,2026-07-28T14:25:52.198Z,a0000000-0000-0000-0000-000000000001,2026-07-28T14:25:52.198Z,,m3
0bbb525f-3233-4c40-a767-d7a45f1ff4d1,CIB-R0169,"Kayu Borneo, Balok",,material,active,,2026-07-28T14:25:52.243Z,a0000000-0000-0000-0000-000000000001,2026-07-28T14:25:52.243Z,,m3
3e3ecff7-0ec0-4275-942b-f81ec2f496fd,CIB-R0170,"Kayu Kruing, Balok",,material,active,,2026-07-28T14:25:52.288Z,a0000000-0000-0000-0000-000000000001,2026-07-28T14:25:52.288Z,,m3
32a4e949-4ef4-46a0-a9b5-2c9df66fcc76,CIB-R0171,Besi strip Aisan kkd,,material,active,,2026-07-28T14:25:52.333Z,a0000000-0000-0000-0000-000000000001,2026-07-28T14:25:52.333Z,,kg
9e8a91a3-c8ca-49cb-be7a-2dd487b73370,CIB-R0172,Trusses ZAM-75 t=0.8mm rangka utama,,material,active,,2026-07-28T14:25:52.378Z,a0000000-0000-0000-0000-000000000001,2026-07-28T14:25:52.378Z,,m1
d254670d-fca5-4073-912e-1146f9c78c41,CIB-R0173,Trusses ZAM-75t=0.5mm rang.penunjang,,material,active,,2026-07-28T14:25:52.425Z,a0000000-0000-0000-0000-000000000001,2026-07-28T14:25:52.425Z,,m1
353e749f-6187-4de1-82f2-beb791413f9d,CIB-R0174,Reng/G-DB Roof battens t=0.48mm,,material,active,,2026-07-28T14:25:52.470Z,a0000000-0000-0000-0000-000000000001,2026-07-28T14:25:52.470Z,,m1
dd97e073-8c72-4cc2-a43e-f21a857d2178,CIB-R0175,Foot plate (dudukan kuda-kuda) 1.20 m,,material,active,,2026-07-28T14:25:52.515Z,a0000000-0000-0000-0000-000000000001,2026-07-28T14:25:52.515Z,,buah
43462b00-df55-4934-a40e-50545d12fe64,CIB-R0176,PLD - Diafragma plate,,material,active,,2026-07-28T14:25:52.562Z,a0000000-0000-0000-0000-000000000001,2026-07-28T14:25:52.562Z,,buah
31ed171d-c372-4198-90ad-a4209248de3f,CIB-R0177,Wind Braching (tali angin),,material,active,,2026-07-28T14:25:52.609Z,a0000000-0000-0000-0000-000000000001,2026-07-28T14:25:52.609Z,,m1
b2eb4dfe-946b-4dbc-81a7-ac3fd989c7d2,CIB-R0178,Tensioner (pengaku tali angin),,material,active,,2026-07-28T14:25:52.655Z,a0000000-0000-0000-0000-000000000001,2026-07-28T14:25:52.655Z,,buah
f28d8f17-95bb-4026-8665-ed6ec36b59da,CIB-R0179,Baut besar,,material,active,,2026-07-28T14:25:52.704Z,a0000000-0000-0000-0000-000000000001,2026-07-28T14:25:52.704Z,,buah
b7d97b07-4bef-4a07-be53-a0e2bcc39a42,CIB-R0180,Baut kecil,,material,active,,2026-07-28T14:25:52.749Z,a0000000-0000-0000-0000-000000000001,2026-07-28T14:25:52.749Z,,buah
308bfe34-c49a-4b89-9b76-465818e545d3,CIB-R0182,Kaso-Kaso ( 5/7 cm ),,material,active,,2026-07-28T14:25:52.815Z,a0000000-0000-0000-0000-000000000001,2026-07-28T14:25:52.815Z,,m3
654dc4a6-fd75-4865-a69a-6d3df323efb0,CIB-R0183,Reng Kayu 2/3,,material,active,,2026-07-28T14:25:52.859Z,a0000000-0000-0000-0000-000000000001,2026-07-28T14:25:52.859Z,,m3
0b41ff00-e747-4a0d-9cac-9b6efffc6d83,CIB-R0184,"Kayu Borneo, Balok  5/7",,material,active,,2026-07-28T14:25:52.904Z,a0000000-0000-0000-0000-000000000001,2026-07-28T14:25:52.904Z,,m3
80a127d8-1beb-4d18-9321-b811f7127f17,CIB-R0185,Reng kayu 3/4 Borneo,,material,active,,2026-07-28T14:25:52.949Z,a0000000-0000-0000-0000-000000000001,2026-07-28T14:25:52.949Z,,m3
1e94f7e7-d79d-4acb-a5df-ee7013139167,CIB-R0187,Tk.Kayu terampil,,labor,active,,2026-07-28T14:25:53.015Z,a0000000-0000-0000-0000-000000000001,2026-07-28T14:25:53.015Z,,OH
fee712d8-6aee-4633-b1ea-316014ef0266,CIB-R0188,Kep. Tukang kayu,,labor,active,,2026-07-28T14:25:53.059Z,a0000000-0000-0000-0000-000000000001,2026-07-28T14:25:53.059Z,,OH
b392fd5d-a64c-4443-a6c9-ee44d1bacea0,CIB-R0189,Reng kayu 2/3 K. Borneo,,material,active,,2026-07-28T14:25:53.104Z,a0000000-0000-0000-0000-000000000001,2026-07-28T14:25:53.104Z,,m1
0b34857e-4339-4c63-987d-aaeda0c19866,CIB-R0190,"Kayu Lokal Kls II, Balok  5/7, 5/10",,material,active,,2026-07-28T14:25:53.149Z,a0000000-0000-0000-0000-000000000001,2026-07-28T14:25:53.149Z,,m3
36c0a098-60fa-4d16-9d28-04ffb2651cbc,CIB-R0191,Gypsumboard  9mm,,material,active,,2026-07-28T14:25:53.193Z,a0000000-0000-0000-0000-000000000001,2026-07-28T14:25:53.193Z,,lembar
371d76ba-36cc-4d9d-8974-45dc594f674a,CIB-R0192,Hollow 4/4 dizincromate,,material,active,,2026-07-28T14:25:53.238Z,a0000000-0000-0000-0000-000000000001,2026-07-28T14:25:53.238Z,,batang
cb108e69-f8eb-44a1-b205-0c7933774fef,CIB-R0193,Hollow 2/4 dizincromate,,material,active,,2026-07-28T14:25:53.285Z,a0000000-0000-0000-0000-000000000001,2026-07-28T14:25:53.285Z,,batang
fe1f7b1d-4827-4dd3-a23f-3f1b0a593a51,CIB-R0194,Sekrup gypsum,,material,active,,2026-07-28T14:25:53.330Z,a0000000-0000-0000-0000-000000000001,2026-07-28T14:25:53.330Z,,buah
93c9b1d1-2204-4e5c-9ebb-9d888a125870,CIB-R0195,cotton plester,,material,active,,2026-07-28T14:25:53.377Z,a0000000-0000-0000-0000-000000000001,2026-07-28T14:25:53.377Z,,buah
8e20e81b-044a-4e77-bf4c-7c8450f7d188,CIB-R0196,Compound,,material,active,,2026-07-28T14:25:53.421Z,a0000000-0000-0000-0000-000000000001,2026-07-28T14:25:53.421Z,,sak
f1c526e0-805e-4019-be8b-b9cfc1e5edab,CIB-R0197,Penggantung dan Ramset,,material,active,,2026-07-28T14:25:53.471Z,a0000000-0000-0000-0000-000000000001,2026-07-28T14:25:53.471Z,,buah
bf207723-5c4c-4235-86c5-8e218502246c,CIB-R0199,WOOD PLANK GRC L.20 CM t.9mm,,material,active,,2026-07-28T14:25:53.561Z,a0000000-0000-0000-0000-000000000001,2026-07-28T14:25:53.561Z,,m1
cf0510d2-b88f-4cec-b163-c9b80a5f9a5a,CIB-R0200,WOOD PLANK GRC L.20 CM t.12 mm,,material,active,,2026-07-28T14:25:53.606Z,a0000000-0000-0000-0000-000000000001,2026-07-28T14:25:53.606Z,,m1
427a92b9-7faa-40a9-8c41-decab69a95d6,CIB-R0201,Paku Gipsum,,material,active,,2026-07-28T14:25:53.658Z,a0000000-0000-0000-0000-000000000001,2026-07-28T14:25:53.658Z,,kg
4824bbb4-74b6-4185-8e20-5eea369b1372,CIB-R0202,Papan kayu Borneo,,material,active,,2026-07-28T14:25:53.705Z,a0000000-0000-0000-0000-000000000001,2026-07-28T14:25:53.705Z,,m3
bab39b58-ee30-47bf-bc51-3eebb8572586,CIB-R0203,Paku Skrup 10 cm,,material,active,,2026-07-28T14:25:53.750Z,a0000000-0000-0000-0000-000000000001,2026-07-28T14:25:53.750Z,,buah
fd50b5a7-8214-4c8d-a1eb-e69b641c9212,CIB-R0204,Bilik Bambu Hinis Decoratif,,material,active,,2026-07-28T14:25:53.794Z,a0000000-0000-0000-0000-000000000001,2026-07-28T14:25:53.794Z,,m2
4ed18615-69ac-4a49-b340-8f292c4a86e0,CIB-R0205,List Kayu 2/4,,material,active,,2026-07-28T14:25:53.839Z,a0000000-0000-0000-0000-000000000001,2026-07-28T14:25:53.839Z,,m3
f517947b-8799-41f8-af10-e3004c2d09c1,CIB-R0206,Genteng Palentong Pres bakar kecil,,material,active,,2026-07-28T14:25:53.884Z,a0000000-0000-0000-0000-000000000001,2026-07-28T14:25:53.884Z,,buah
0f42e844-e945-4bfe-9956-6d5a62913eba,CIB-R0207,Genteng Morando Natural,,material,active,,2026-07-28T14:25:53.929Z,a0000000-0000-0000-0000-000000000001,2026-07-28T14:25:53.929Z,,buah
d3e978d9-0ade-45c4-b8d2-72fd8e992533,CIB-R0208,Genteng Morando Glazuur,,material,active,,2026-07-28T14:25:53.974Z,a0000000-0000-0000-0000-000000000001,2026-07-28T14:25:53.974Z,,buah
580cf33a-d666-4dda-8bb5-baf5286087bb,CIB-R0209,Genteng  Palentong  Super,,material,active,,2026-07-28T14:25:54.021Z,a0000000-0000-0000-0000-000000000001,2026-07-28T14:25:54.021Z,,buah
7abb8c5f-bab9-45fc-be54-8d071a35c798,CIB-R0210,Genteng  Bubung  Palentong,,material,active,,2026-07-28T14:25:54.077Z,a0000000-0000-0000-0000-000000000001,2026-07-28T14:25:54.077Z,,buah
7c1a743c-e7cf-4651-91a8-b6b158a42463,CIB-R0211,Kepala Tukang  Batu,,labor,active,,2026-07-28T14:25:54.122Z,a0000000-0000-0000-0000-000000000001,2026-07-28T14:25:54.122Z,,OH
c36dcbfa-d893-4943-842d-94422d7e2c93,CIB-R0212,Genteng  Bubung  Morando Natural,,material,active,,2026-07-28T14:25:54.168Z,a0000000-0000-0000-0000-000000000001,2026-07-28T14:25:54.168Z,,buah
73027f5f-da17-4dbb-9fae-b6e99a7e4c62,CIB-R0213,Genteng  Bubung  Morando Glazuur,,material,active,,2026-07-28T14:25:54.213Z,a0000000-0000-0000-0000-000000000001,2026-07-28T14:25:54.213Z,,buah
cc991bf9-21b9-4bea-a8fe-4e4ce2fe0477,CIB-R0214,Roof Light Fibreglass,,material,active,,2026-07-28T14:25:54.263Z,a0000000-0000-0000-0000-000000000001,2026-07-28T14:25:54.263Z,,lembar
0635e3d0-943b-4937-bc70-4b18c48e0435,CIB-R0215,"Paku biasa 1/2"" - 1""",,material,active,,2026-07-28T14:25:54.310Z,a0000000-0000-0000-0000-000000000001,2026-07-28T14:25:54.310Z,,kg
4695b03d-2ab0-4ff2-8bd1-466e8c801d38,CIB-R0216,Asbes Gelombang,,material,active,,2026-07-28T14:25:54.355Z,a0000000-0000-0000-0000-000000000001,2026-07-28T14:25:54.355Z,,lembar
660007fe-927c-40db-b18a-618029d6a4d1,CIB-R0217,Paku Asbes,,material,active,,2026-07-28T14:25:54.399Z,a0000000-0000-0000-0000-000000000001,2026-07-28T14:25:54.399Z,,kg
eaa8f53a-c9c2-430f-b5de-be7d4b574667,CIB-R0218,Paku Pancing,,material,active,,2026-07-28T14:25:54.449Z,a0000000-0000-0000-0000-000000000001,2026-07-28T14:25:54.449Z,,buah
84b3bbce-302e-4ec2-b569-3a96546092ce,CIB-R0219,Bubung Stel Gelombang,,material,active,,2026-07-28T14:25:54.495Z,a0000000-0000-0000-0000-000000000001,2026-07-28T14:25:54.495Z,,lembar
e6a987b2-b14d-4004-89b2-7e1bffe08cf7,CIB-R0220,"Paku Sekrup  3,5""",,material,active,,2026-07-28T14:25:54.539Z,a0000000-0000-0000-0000-000000000001,2026-07-28T14:25:54.539Z,,buah
49180229-f02b-4fd8-b47f-4abc965f7cbc,CIB-R0222,Genteng  Metal,,material,active,,2026-07-28T14:25:54.606Z,a0000000-0000-0000-0000-000000000001,2026-07-28T14:25:54.606Z,,lembar
f45d6c81-d4ee-45ab-b0d1-11436da28dfe,CIB-R0223,Genteng  Sirap 80/m2                     30 BH',,material,active,,2026-07-28T14:25:54.652Z,a0000000-0000-0000-0000-000000000001,2026-07-28T14:25:54.652Z,,m2
5e21ad36-1708-4e14-9b67-604e5059220f,CIB-R0224,"Paku Biasa  1/2"" - 1""",,material,active,,2026-07-28T14:25:54.697Z,a0000000-0000-0000-0000-000000000001,2026-07-28T14:25:54.697Z,,kg
b095b7c5-deda-44b4-9ac1-d19c55e8c50d,CIB-R0225,Nok Genteng  Beton,,material,active,,2026-07-28T14:25:54.741Z,a0000000-0000-0000-0000-000000000001,2026-07-28T14:25:54.741Z,,buah
93d85ed7-52f0-4171-8897-44194fbbf300,CIB-R0226,Genteng  Decra Bond,,material,active,,2026-07-28T14:25:54.787Z,a0000000-0000-0000-0000-000000000001,2026-07-28T14:25:54.787Z,,buah
310fd991-c792-4f35-94c1-66b06c4ac8f0,CIB-R0227,"Seng Plat , BJLS 30",,material,active,,2026-07-28T14:25:54.832Z,a0000000-0000-0000-0000-000000000001,2026-07-28T14:25:54.832Z,,lembar
f518f321-90e5-427c-bbe0-5b5b90f1c0fe,CIB-R0228,"Kayu Borneo, Papan  T = 3 cm",,material,active,,2026-07-28T14:25:54.878Z,a0000000-0000-0000-0000-000000000001,2026-07-28T14:25:54.878Z,,m3
4d9feee1-4181-4619-8640-dfb51e4e70b8,CIB-R0229,"Seng  Gelombang , BJLS 30",,material,active,,2026-07-28T14:25:54.930Z,a0000000-0000-0000-0000-000000000001,2026-07-28T14:25:54.930Z,,lembar
9922bbc8-2869-4884-8e06-965093044564,CIB-R0230,Paku seng,,material,active,,2026-07-28T14:25:54.975Z,a0000000-0000-0000-0000-000000000001,2026-07-28T14:25:54.975Z,,kg
cb43c2ce-170e-46e7-bc7c-4dc1c40a52e2,CIB-R0231,Atap Alluminium  Gelombang,,material,active,,2026-07-28T14:25:55.022Z,a0000000-0000-0000-0000-000000000001,2026-07-28T14:25:55.022Z,,m2
f3d3e05f-6fec-4104-b37a-aa666b3db839,CIB-R0232,Hook Panjang komplit dg. Ring,,material,active,,2026-07-28T14:25:55.067Z,a0000000-0000-0000-0000-000000000001,2026-07-28T14:25:55.067Z,,kg
52e13bea-caaa-4319-ae0a-f2fda1c3bcb9,CIB-R0233,"Nok Standard 40 cm  18, SWG 22",,material,active,,2026-07-28T14:25:55.113Z,a0000000-0000-0000-0000-000000000001,2026-07-28T14:25:55.113Z,,m1
d781dc58-b1f6-4965-8286-1e24b50cc6d0,CIB-R0234,Paku sekrup alumunium,,material,active,,2026-07-28T14:25:55.162Z,a0000000-0000-0000-0000-000000000001,2026-07-28T14:25:55.162Z,,kg
66d63f45-6c86-4fe9-b9e9-34d8959de23a,CIB-R0235,Alluminium  Foil / Sisalation,,material,active,,2026-07-28T14:25:55.207Z,a0000000-0000-0000-0000-000000000001,2026-07-28T14:25:55.207Z,,m2
afc55484-3433-4ddb-ab77-0f5eb9416290,CIB-R0236,"Triplek, 4 mm",,material,active,,2026-07-28T14:25:55.252Z,a0000000-0000-0000-0000-000000000001,2026-07-28T14:25:55.252Z,,m2
e90ff08f-662f-49d6-8a99-78666f9a1ab7,CIB-R0237,"Harplek, 5 mm",,material,active,,2026-07-28T14:25:55.296Z,a0000000-0000-0000-0000-000000000001,2026-07-28T14:25:55.296Z,,m2
2284931f-35ce-4929-a4c0-ec7be8d38db5,CIB-R0238,Pelat Asbes,,material,active,,2026-07-28T14:25:55.340Z,a0000000-0000-0000-0000-000000000001,2026-07-28T14:25:55.340Z,,m2
923b4abe-de64-4d61-bfd9-683ed9e0ffaf,CIB-R0239,Akustik,,material,active,,2026-07-28T14:25:55.385Z,a0000000-0000-0000-0000-000000000001,2026-07-28T14:25:55.385Z,,lembar
fb88dd1d-3c46-4181-bdc5-3f320bc2f7af,CIB-R0240,Plywood,,material,active,,2026-07-28T14:25:55.430Z,a0000000-0000-0000-0000-000000000001,2026-07-28T14:25:55.430Z,,lembar
5cdeb6cf-ea10-4689-b4dc-0daad4d755e5,CIB-R0241,Teakwood,,material,active,,2026-07-28T14:25:55.479Z,a0000000-0000-0000-0000-000000000001,2026-07-28T14:25:55.479Z,,lembar
3e5e0ce2-8e0a-4187-b7a5-7b219697d95e,CIB-R0242,Kayu Jati Papan,,material,active,,2026-07-28T14:25:55.523Z,a0000000-0000-0000-0000-000000000001,2026-07-28T14:25:55.523Z,,m3
a4b06f76-49d0-4bad-aabd-b50f3c36a4e5,CIB-R0243,"Paku  2"" - 5""",,material,active,,2026-07-28T14:25:55.574Z,a0000000-0000-0000-0000-000000000001,2026-07-28T14:25:55.574Z,,kg
e73ffc91-3be2-492f-8a7d-5ed2103f8f56,CIB-R0245,Calci Board,,material,active,,2026-07-28T14:25:55.640Z,a0000000-0000-0000-0000-000000000001,2026-07-28T14:25:55.640Z,,lembar
884bd828-c899-47d0-8516-00f84f31dfdd,CIB-R0246,"Profil Alluminium "" T """,,material,active,,2026-07-28T14:25:55.685Z,a0000000-0000-0000-0000-000000000001,2026-07-28T14:25:55.685Z,,m1
d49bb84c-5b0e-4c55-aeb9-18e01291ee9a,CIB-R0247,Kawat Seng Polos,,material,active,,2026-07-28T14:25:55.730Z,a0000000-0000-0000-0000-000000000001,2026-07-28T14:25:55.730Z,,kg
75c97e01-3217-46e3-9f4a-bdb2080ddf8f,CIB-R0248,Ramset / Dina bolt,,material,active,,2026-07-28T14:25:55.779Z,a0000000-0000-0000-0000-000000000001,2026-07-28T14:25:55.779Z,,buah
cc4b6fde-b393-4359-8594-b791f3240cea,CIB-R0249,"Akustik Armstrong,",,material,active,,2026-07-28T14:25:55.824Z,a0000000-0000-0000-0000-000000000001,2026-07-28T14:25:55.824Z,,lembar
aee735e4-a618-4436-94bc-7bcd7ed1afdd,CIB-R0250,GRC 4 MM,,material,active,,2026-07-28T14:25:55.870Z,a0000000-0000-0000-0000-000000000001,2026-07-28T14:25:55.870Z,,m2
3951e933-27ba-417d-a1bd-69e6adb7f9c0,CIB-R0251,Paku GRC/GIPSUM,,material,active,,2026-07-28T14:25:55.914Z,a0000000-0000-0000-0000-000000000001,2026-07-28T14:25:55.914Z,,kg
f9740070-7640-4c4b-b6bf-f1f2e61c79ce,CIB-R0252,Gypsum 9 mm,,material,active,,2026-07-28T14:25:55.962Z,a0000000-0000-0000-0000-000000000001,2026-07-28T14:25:55.962Z,,m2
7a609eff-eb07-461e-ac26-352f712ea778,CIB-R0253,List Gypsum,,material,active,,2026-07-28T14:25:56.007Z,a0000000-0000-0000-0000-000000000001,2026-07-28T14:25:56.007Z,,m1
65431dca-a115-4a12-8d7e-0a30a45195bf,CIB-R0254,Tepung Gypsum /Cornis,,material,active,,2026-07-28T14:25:56.051Z,a0000000-0000-0000-0000-000000000001,2026-07-28T14:25:56.051Z,,kg
6ba6bc68-9e4c-4cee-ae77-107a7390ed53,CIB-R0255,Tepung Gypsum,,material,active,,2026-07-28T14:25:56.097Z,a0000000-0000-0000-0000-000000000001,2026-07-28T14:25:56.097Z,,kg
1cba4576-bc62-4ddc-95fc-c36e7df60def,CIB-R0256,List Kayu Profil  1/5,,material,active,,2026-07-28T14:25:56.142Z,a0000000-0000-0000-0000-000000000001,2026-07-28T14:25:56.142Z,,m1
fccc6d4f-6dd5-469a-84ed-94d224d6a11c,CIB-R0257,Paku Biasa,,material,active,,2026-07-28T14:25:56.187Z,a0000000-0000-0000-0000-000000000001,2026-07-28T14:25:56.187Z,,kg
7b8bcce2-5334-492c-8859-d0756b325e4e,CIB-R0258,Asbes,,material,active,,2026-07-28T14:25:56.232Z,a0000000-0000-0000-0000-000000000001,2026-07-28T14:25:56.232Z,,buah
4d027bdb-931f-4f15-a0dd-50e404993c1c,CIB-R0259,Akustik uk.  60 x 120 cm,,material,active,,2026-07-28T14:25:56.279Z,a0000000-0000-0000-0000-000000000001,2026-07-28T14:25:56.279Z,,lembar
512b8219-ada0-46d6-b701-7a0b4dae6e46,CIB-R0260,Menie kayu,,material,active,,2026-07-28T14:25:56.325Z,a0000000-0000-0000-0000-000000000001,2026-07-28T14:25:56.325Z,,kg
273e7c13-4dbb-42f5-8f3c-3188fd6e7200,CIB-R0261,Galian Tanah,,labor,active,,2026-07-28T14:25:56.370Z,a0000000-0000-0000-0000-000000000001,2026-07-28T14:25:56.370Z,,m3
337cede9-7b2f-41df-a808-bc00ec756331,CIB-R0262,Urugan Pasir T. 5cm,,material,active,,2026-07-28T14:25:56.415Z,a0000000-0000-0000-0000-000000000001,2026-07-28T14:25:56.415Z,,m3
42b402e4-d062-4c77-94eb-92f687b4316d,CIB-R0263,Grefel Beton 20 Cm,,material,active,,2026-07-28T14:25:56.465Z,a0000000-0000-0000-0000-000000000001,2026-07-28T14:25:56.465Z,,buah
7f171bd4-5fad-4e54-9f00-a73daffd2125,CIB-R0264,Pas . Bata + Plesteran 1 : 3,,material,active,,2026-07-28T14:25:56.510Z,a0000000-0000-0000-0000-000000000001,2026-07-28T14:25:56.510Z,,m2
aee08eb8-f651-48f2-8eb3-eac49d7c360b,CIB-R0265,Upah kerja,,labor,active,,2026-07-28T14:25:56.558Z,a0000000-0000-0000-0000-000000000001,2026-07-28T14:25:56.558Z,,ls
3c17c72c-f3ec-4d3c-bee6-c3e10dde7892,CIB-R0266,Grefel Beton 30 Cm,,material,active,,2026-07-28T14:25:56.603Z,a0000000-0000-0000-0000-000000000001,2026-07-28T14:25:56.603Z,,buah
35384f5b-a53b-4d26-a3c7-73cc6d1f157e,CIB-R0267,Grefel Beton D. 20 Cm,,material,active,,2026-07-28T14:25:56.648Z,a0000000-0000-0000-0000-000000000001,2026-07-28T14:25:56.648Z,,buah
77d12c16-67ef-45f3-85bc-11035c767abe,CIB-R0268,Pas . Bata 1 : 3,,material,active,,2026-07-28T14:25:56.697Z,a0000000-0000-0000-0000-000000000001,2026-07-28T14:25:56.697Z,,m2
ff3fed1c-a20e-4f5f-aa52-32f7fb40dcbf,CIB-R0269,Pas .Plesteran + Acian 1 : 3,,material,active,,2026-07-28T14:25:56.745Z,a0000000-0000-0000-0000-000000000001,2026-07-28T14:25:56.745Z,,m2
847b9856-479b-4ec4-96eb-decf1e0d685f,CIB-R0270,Lantai Kerja 1 ; 3 ;5 t = 12 cm,,labor,active,,2026-07-28T14:25:56.791Z,a0000000-0000-0000-0000-000000000001,2026-07-28T14:25:56.791Z,,m2
183f4067-2020-4012-85b9-6e23ded692b4,CIB-R0271,Pas. Bata 1 PC : 3 PS + Plesteran,,labor,active,,2026-07-28T14:25:56.836Z,a0000000-0000-0000-0000-000000000001,2026-07-28T14:25:56.836Z,,m2
80fcfc0b-9765-4472-abb3-483b54d30870,CIB-R0272,Plat Beton penutup & Balok,,labor,active,,2026-07-28T14:25:56.879Z,a0000000-0000-0000-0000-000000000001,2026-07-28T14:25:56.879Z,,m3
18036cdf-a647-4770-9dac-1820ecf7b8e1,CIB-R0273,"Pipa PVC 4"" Jenis AW + Sambungan",,labor,active,,2026-07-28T14:25:56.925Z,a0000000-0000-0000-0000-000000000001,2026-07-28T14:25:56.925Z,,batang
904f2eab-de8e-493a-8d31-a007f6fcb3f4,CIB-R0274,"Pipa GIP 1 1/2""",,labor,active,,2026-07-28T14:25:56.970Z,a0000000-0000-0000-0000-000000000001,2026-07-28T14:25:56.970Z,,batang
cbb5ca15-2eea-47fb-a8e5-0f4879a82092,CIB-R0275,Galian Tanah Untuk Rembesan,,material,active,,2026-07-28T14:25:57.015Z,a0000000-0000-0000-0000-000000000001,2026-07-28T14:25:57.015Z,,m3
60941e17-c506-414a-a800-b171af65e421,CIB-R0276,Pas. Injuk,,labor,active,,2026-07-28T14:25:57.059Z,a0000000-0000-0000-0000-000000000001,2026-07-28T14:25:57.059Z,,kg
2eac9214-2158-49e5-80d3-8747b3d659fd,CIB-R0277,"Urugan Kerikil 3,5 cm",,labor,active,,2026-07-28T14:25:57.102Z,a0000000-0000-0000-0000-000000000001,2026-07-28T14:25:57.102Z,,m3
140f1538-75b0-4972-9d40-d1283f85b92b,CIB-R0278,"Pipa PVC 4"" berlobang Jenis AW",,labor,active,,2026-07-28T14:25:57.147Z,a0000000-0000-0000-0000-000000000001,2026-07-28T14:25:57.147Z,,batang
c44c552b-6843-4e0f-8f6d-e7e8723a30ad,CIB-R0279,Urugan Kembali Perataan Tanah,,material,active,,2026-07-28T14:25:57.192Z,a0000000-0000-0000-0000-000000000001,2026-07-28T14:25:57.192Z,,m3
6c0ffacf-deb0-4315-aef4-7f607759e318,CIB-R0280,Besi Profil WF.,,material,active,,2026-07-28T14:25:57.237Z,a0000000-0000-0000-0000-000000000001,2026-07-28T14:25:57.237Z,,kg
8979693b-40d1-4936-bc39-1b0c57ebc168,CIB-R0281,Tukang Besi Profil,,labor,active,,2026-07-28T14:25:57.283Z,a0000000-0000-0000-0000-000000000001,2026-07-28T14:25:57.283Z,,OH
5c8eead2-48e7-4306-96da-f7481036328c,CIB-R0282,Kepala Tukang Besi Profil,,labor,active,,2026-07-28T14:25:57.327Z,a0000000-0000-0000-0000-000000000001,2026-07-28T14:25:57.327Z,,OH
9a11b92e-8da0-4278-8d6f-eaab6f37ad61,CIB-R0283,Besi Canal C.,,material,active,,2026-07-28T14:25:57.371Z,a0000000-0000-0000-0000-000000000001,2026-07-28T14:25:57.371Z,,kg
159e2fff-6101-458d-bdce-a2826d284bb3,CIB-R0284,Solar,,material,active,,2026-07-28T14:25:57.416Z,a0000000-0000-0000-0000-000000000001,2026-07-28T14:25:57.416Z,,liter
29c3952d-6818-416e-8c19-edb92af7442c,CIB-R0285,Pelumas,,material,active,,2026-07-28T14:25:57.460Z,a0000000-0000-0000-0000-000000000001,2026-07-28T14:25:57.460Z,,liter
314c2456-cc1e-46d4-83c0-3e1390b186d6,CIB-R0286,Sewa Alat,,material,active,,2026-07-28T14:25:57.505Z,a0000000-0000-0000-0000-000000000001,2026-07-28T14:25:57.505Z,,jam
2f9cc96e-8b53-461d-bca0-8d17eef979f9,CIB-R0287,Sunsreen Alluminium,,material,active,,2026-07-28T14:25:57.553Z,a0000000-0000-0000-0000-000000000001,2026-07-28T14:25:57.553Z,,m2
52fb3701-0d09-41e4-bcb8-b4f11cc91c7e,CIB-R0288,Roll Door,,material,active,,2026-07-28T14:25:57.597Z,a0000000-0000-0000-0000-000000000001,2026-07-28T14:25:57.597Z,,m2
5a349c3e-d26d-48b8-b925-9a4c50a54d70,CIB-R0289,PROPIL  Alluminium,,material,active,,2026-07-28T14:25:57.642Z,a0000000-0000-0000-0000-000000000001,2026-07-28T14:25:57.642Z,,m
85920b13-0e6e-4899-a305-7658596021c3,CIB-R0291,Pintu  Alluminium,,material,active,,2026-07-28T14:25:57.708Z,a0000000-0000-0000-0000-000000000001,2026-07-28T14:25:57.708Z,,m
cf95543d-5d6d-4001-bead-52b4304fa3a2,CIB-R0292,Profil kaca,,material,active,,2026-07-28T14:25:57.758Z,a0000000-0000-0000-0000-000000000001,2026-07-28T14:25:57.758Z,,m
1024cffa-9051-457e-8205-418077e0f9df,CIB-R0293,Besi Strip  2 x 3,,material,active,,2026-07-28T14:25:57.802Z,a0000000-0000-0000-0000-000000000001,2026-07-28T14:25:57.802Z,,m1
67ed2bbc-a5d5-4857-a92e-a596e7050e40,CIB-R0294,Pengelasan,,material,active,,2026-07-28T14:25:57.847Z,a0000000-0000-0000-0000-000000000001,2026-07-28T14:25:57.847Z,,cm
af05fe89-525d-446c-8ef3-5c3e8de06cbd,CIB-R0296,Kepala Tukang Las,,labor,active,,2026-07-28T14:25:57.915Z,a0000000-0000-0000-0000-000000000001,2026-07-28T14:25:57.915Z,,OH
a58990c3-83a0-4a5e-828d-915fbaee797b,CIB-R0298,Baja Strip ( 0.2 x 2 ) cm,,material,active,,2026-07-28T14:25:57.981Z,a0000000-0000-0000-0000-000000000001,2026-07-28T14:25:57.981Z,,kg
0745381e-f905-4027-b88a-2a573d956f5b,CIB-R0299,Besi D.12 cm,,material,active,,2026-07-28T14:25:58.026Z,a0000000-0000-0000-0000-000000000001,2026-07-28T14:25:58.026Z,,kg
fc045a73-834b-499d-8966-cc126b33f818,CIB-R0300,Peralatan,,material,active,,2026-07-28T14:25:58.074Z,a0000000-0000-0000-0000-000000000001,2026-07-28T14:25:58.074Z,,ls
5a7ef2d2-65a8-4a71-8a92-04ae4b628f57,CIB-R0301,Biaya Perakitan,,labor,active,,2026-07-28T14:25:58.119Z,a0000000-0000-0000-0000-000000000001,2026-07-28T14:25:58.119Z,,ls
0cf54f75-f54a-479e-af16-fac9a38a55f0,CIB-R0302,Mur Baut,,material,active,,2026-07-28T14:25:58.164Z,a0000000-0000-0000-0000-000000000001,2026-07-28T14:25:58.164Z,,buah
20b38e74-f4d7-47b4-8318-145fc1028709,CIB-R0303,Besi Siku 50.50.5,,material,active,,2026-07-28T14:25:58.209Z,a0000000-0000-0000-0000-000000000001,2026-07-28T14:25:58.209Z,,kg
b5d09270-f3e4-4994-afd6-3b9878ad67b2,CIB-R0304,Pekerja Terampil,,labor,active,,2026-07-28T14:25:58.254Z,a0000000-0000-0000-0000-000000000001,2026-07-28T14:25:58.254Z,,OH
1b7f986a-6931-4be0-8ec2-3022ec1c1c99,CIB-R0306,Jendela Nako,,material,active,,2026-07-28T14:25:58.321Z,a0000000-0000-0000-0000-000000000001,2026-07-28T14:25:58.321Z,,m2
e55ec5ba-df3e-49a5-9043-9c81a7f85e1c,CIB-R0307,Seng Plat BJLS 30,,material,active,,2026-07-28T14:25:58.365Z,a0000000-0000-0000-0000-000000000001,2026-07-28T14:25:58.365Z,,lembar
6e26863a-036d-48c9-8c23-59953308bb62,CIB-R0308,"Profil Allumunium 4""",,material,active,,2026-07-28T14:25:58.412Z,a0000000-0000-0000-0000-000000000001,2026-07-28T14:25:58.412Z,,m1
2a34c178-79da-4192-a308-f9525a3f0b55,CIB-R0309,Profil Allumunium,,material,active,,2026-07-28T14:25:58.456Z,a0000000-0000-0000-0000-000000000001,2026-07-28T14:25:58.456Z,,m1
5a2d3fcd-18cf-4137-a93f-115cd2e3e912,CIB-R0310,Allumunium Strip,,material,active,,2026-07-28T14:25:58.499Z,a0000000-0000-0000-0000-000000000001,2026-07-28T14:25:58.499Z,,m1
97c8617d-33e0-4cd7-9ff5-9ee423a12f02,CIB-R0311,Vertical Blinds,,material,active,,2026-07-28T14:25:58.553Z,a0000000-0000-0000-0000-000000000001,2026-07-28T14:25:58.553Z,,m2
94b2ebcf-81af-42b3-8781-beec0cdd7b34,CIB-R0312,Paranet,,material,active,,2026-07-28T14:25:58.598Z,a0000000-0000-0000-0000-000000000001,2026-07-28T14:25:58.598Z,,m2
c6531548-fa11-4761-9dc0-8d8de82fb2c5,CIB-R0313,Mur Baut,,material,active,,2026-07-28T14:25:58.643Z,a0000000-0000-0000-0000-000000000001,2026-07-28T14:25:58.643Z,,kg
8aec13e7-6d6c-4fe3-acb0-b5b2e0120e1c,CIB-R0315,Kunci Tanam Standard,,material,active,,2026-07-28T14:25:58.710Z,a0000000-0000-0000-0000-000000000001,2026-07-28T14:25:58.710Z,,buah
926699a7-e7ec-4994-835a-868109b1a108,CIB-R0318,Engsel Pintu,,material,active,,2026-07-28T14:25:58.799Z,a0000000-0000-0000-0000-000000000001,2026-07-28T14:25:58.799Z,,buah
8bc6860f-c579-4334-a34f-c98ca415ce29,CIB-R0319,Engsel Jendela,,material,active,,2026-07-28T14:25:58.845Z,a0000000-0000-0000-0000-000000000001,2026-07-28T14:25:58.845Z,,buah
a27de7b9-56b4-412b-9749-88c952b2296e,CIB-R0320,Hak Angin,,material,active,,2026-07-28T14:25:58.909Z,a0000000-0000-0000-0000-000000000001,2026-07-28T14:25:58.909Z,,buah
60ced9bd-df66-41f4-b1be-54ebb8bac94e,CIB-R0322,Kait Angin biasa,,material,active,,2026-07-28T14:25:58.977Z,a0000000-0000-0000-0000-000000000001,2026-07-28T14:25:58.977Z,,buah
e2dce327-60f3-4677-ade8-b011e2b84a9a,CIB-R0323,Door Closer Kelas Sedang,,material,active,,2026-07-28T14:25:59.026Z,a0000000-0000-0000-0000-000000000001,2026-07-28T14:25:59.026Z,,buah
d0ede8cb-d358-4e6b-83d7-a5b60658c272,CIB-R0324,Kunci Selot,,material,active,,2026-07-28T14:25:59.072Z,a0000000-0000-0000-0000-000000000001,2026-07-28T14:25:59.072Z,,buah
aefc4c82-683b-406f-bd12-3d41e5c9ed88,CIB-R0327,Rel Pintu Dorong ( Marathon ),,material,active,,2026-07-28T14:25:59.160Z,a0000000-0000-0000-0000-000000000001,2026-07-28T14:25:59.160Z,,buah
cd6b8994-6c7f-48d3-9fde-c49af984df20,CIB-R0328,Kunci Lemari,,material,active,,2026-07-28T14:25:59.206Z,a0000000-0000-0000-0000-000000000001,2026-07-28T14:25:59.206Z,,buah
0c78360a-f55b-4ddf-9777-b533ac81f95f,CIB-R0329,Kaca,,material,active,,2026-07-28T14:25:59.251Z,a0000000-0000-0000-0000-000000000001,2026-07-28T14:25:59.251Z,,buah
d6d35869-afd2-463f-b646-5e581f29c4b5,CIB-R0330,Kaca,,material,active,,2026-07-28T14:25:59.296Z,a0000000-0000-0000-0000-000000000001,2026-07-28T14:25:59.296Z,,m2
647e7a9b-ebb3-431d-8b7a-1988e46450a0,CIB-R0331,Sealent,,material,active,,2026-07-28T14:25:59.340Z,a0000000-0000-0000-0000-000000000001,2026-07-28T14:25:59.340Z,,kg
d5b520cc-8060-4901-ad42-768c5974666f,CIB-R0332,Kaca Buram/Es,,material,active,,2026-07-28T14:25:59.385Z,a0000000-0000-0000-0000-000000000001,2026-07-28T14:25:59.385Z,,m2
f255680b-3bc8-4fea-9ba4-9dd8a92cf940,CIB-R0333,Kaca Cermin,,material,active,,2026-07-28T14:25:59.432Z,a0000000-0000-0000-0000-000000000001,2026-07-28T14:25:59.432Z,,m2
8dfae48d-c402-4830-9ecc-9b6e5fb7813b,CIB-R0334,Kaca Patri,,material,active,,2026-07-28T14:25:59.478Z,a0000000-0000-0000-0000-000000000001,2026-07-28T14:25:59.478Z,,m2
6cf7f4f6-7682-447f-95e0-010ba939bb89,CIB-R0335,Marmer Citatah 60/60,,material,active,,2026-07-28T14:25:59.531Z,a0000000-0000-0000-0000-000000000001,2026-07-28T14:25:59.531Z,,m2
c0500c87-63bf-4033-beac-dab5a2e23888,CIB-R0336,Marmer Citatah 30/30,,material,active,,2026-07-28T14:25:59.578Z,a0000000-0000-0000-0000-000000000001,2026-07-28T14:25:59.578Z,,m2
ebe510b2-ed65-4bc9-b462-848b13b38e0d,CIB-R0337,Plint Marmer citatah 10/60,,material,active,,2026-07-28T14:25:59.627Z,a0000000-0000-0000-0000-000000000001,2026-07-28T14:25:59.627Z,,m2
04f0ef9b-a939-4dda-9b13-170b2ebaadff,CIB-R0338,Plint Marmer citatah 10/30,,material,active,,2026-07-28T14:25:59.673Z,a0000000-0000-0000-0000-000000000001,2026-07-28T14:25:59.673Z,,m2
2ab0cb5c-e83c-419b-b10f-6957d56acd9e,CIB-R0339,"Ubin Keramik, uk. 20 x 20 cm",,material,active,,2026-07-28T14:25:59.722Z,a0000000-0000-0000-0000-000000000001,2026-07-28T14:25:59.722Z,,m2
9d3411d4-ea6d-4397-94c0-cb50d16df2d9,CIB-R0340,"Ubin Keramik, uk. 20 x 25 cm",,material,active,,2026-07-28T14:25:59.766Z,a0000000-0000-0000-0000-000000000001,2026-07-28T14:25:59.766Z,,m2
c9f3c0fc-7c67-469a-9176-5e4a32c838d2,CIB-R0341,"Ubin Keramik, uk. 30 x 30 cm",,material,active,,2026-07-28T14:25:59.811Z,a0000000-0000-0000-0000-000000000001,2026-07-28T14:25:59.811Z,,m2
1da1770f-f352-432b-8d22-027b1294fb42,CIB-R0342,Semen Warna  ( putih ),,material,active,,2026-07-28T14:25:59.856Z,a0000000-0000-0000-0000-000000000001,2026-07-28T14:25:59.856Z,,kg
aaa28605-5a46-4d96-b1ca-406bfe9c3249,CIB-R0343,"Keramik, uk. 40 x 40 cm Putih Polos",,material,active,,2026-07-28T14:25:59.900Z,a0000000-0000-0000-0000-000000000001,2026-07-28T14:25:59.900Z,,m2
b01a988d-585d-48a5-8c3c-86012e9d0763,CIB-R0344,"Keramik, uk. 40 x 40 cm Corak/Warna",,material,active,,2026-07-28T14:25:59.944Z,a0000000-0000-0000-0000-000000000001,2026-07-28T14:25:59.944Z,,m2
178c0a71-8a55-4c2d-8fdc-65d62ce52864,CIB-R0345,"Keramik, uk. 60 x 60 cm Polis",,material,active,,2026-07-28T14:25:59.989Z,a0000000-0000-0000-0000-000000000001,2026-07-28T14:25:59.989Z,,m2
2eb50a0a-59bf-4167-80ca-6eca5595049d,CIB-R0346,"Keramik, uk. 60 x 60 cm Unpolis",,material,active,,2026-07-28T14:26:00.033Z,a0000000-0000-0000-0000-000000000001,2026-07-28T14:26:00.033Z,,m2
6682a9a7-28b9-4f14-bf96-6101d8331797,CIB-R0347,Granito uk. 40 x 40 cm polis,,material,active,,2026-07-28T14:26:00.087Z,a0000000-0000-0000-0000-000000000001,2026-07-28T14:26:00.087Z,,m2
81095a34-562a-4a5d-bf07-258cd533d565,CIB-R0348,Granito uk. 40 x 40 cm Unpolis,,material,active,,2026-07-28T14:26:00.131Z,a0000000-0000-0000-0000-000000000001,2026-07-28T14:26:00.131Z,,m2
a27a8926-a28e-4c67-a17a-a9f536ab2d6c,CIB-R0350,Lem Vinil,,material,active,,2026-07-28T14:26:00.199Z,a0000000-0000-0000-0000-000000000001,2026-07-28T14:26:00.199Z,,kg
6cd11a3b-93c1-4ee4-89c7-37245348a7b9,CIB-R0351,Parquet Jati,,material,active,,2026-07-28T14:26:00.245Z,a0000000-0000-0000-0000-000000000001,2026-07-28T14:26:00.245Z,,m2
404093d9-026a-4c27-8682-790a921df840,CIB-R0352,Lem Parquet,,material,active,,2026-07-28T14:26:00.302Z,a0000000-0000-0000-0000-000000000001,2026-07-28T14:26:00.302Z,,kg
23685cbe-9a9b-4c60-867b-dfc1ec73d784,CIB-R0353,Keramik 10 X 20,,material,active,,2026-07-28T14:26:00.347Z,a0000000-0000-0000-0000-000000000001,2026-07-28T14:26:00.347Z,,m2
b90d2488-6781-4e7a-a527-cdb3efc032cf,CIB-R0354,Semen Warna ( putih ),,material,active,,2026-07-28T14:26:00.394Z,a0000000-0000-0000-0000-000000000001,2026-07-28T14:26:00.394Z,,kg
e1d80876-3994-44ef-b122-99d982f1fb08,CIB-R0355,Keramik 7 X 20 / 5 X 20 cm,,material,active,,2026-07-28T14:26:00.442Z,a0000000-0000-0000-0000-000000000001,2026-07-28T14:26:00.442Z,,buah
2488f0e3-044a-4809-8e70-f0de30cef48b,CIB-R0356,Keramik 20 X 20,,material,active,,2026-07-28T14:26:00.487Z,a0000000-0000-0000-0000-000000000001,2026-07-28T14:26:00.487Z,,buah
554eb5f6-ae9f-4f2f-9550-86aab4e913a9,CIB-R0357,Marmer 60/90,,material,active,,2026-07-28T14:26:00.534Z,a0000000-0000-0000-0000-000000000001,2026-07-28T14:26:00.534Z,,buah
a0fb3fa6-e255-4873-8fa5-1f59fb3d57af,CIB-R0358,Paku Pancing   60  x  230 mm,,material,active,,2026-07-28T14:26:00.580Z,a0000000-0000-0000-0000-000000000001,2026-07-28T14:26:00.580Z,,buah
d0cda3ea-5d36-497a-89c7-f68ffb6ebd17,CIB-R0359,Bata Pelapis Dinding klingker,,material,active,,2026-07-28T14:26:00.629Z,a0000000-0000-0000-0000-000000000001,2026-07-28T14:26:00.629Z,,buah
00494304-0525-44b1-a01c-4bc8da62660f,CIB-R0360,Batu Tempel Acak Natural,,material,active,,2026-07-28T14:26:00.673Z,a0000000-0000-0000-0000-000000000001,2026-07-28T14:26:00.673Z,,m2
6998b92e-3042-461e-8e14-2fb0c6a5bcdb,CIB-R0361,Batu Tempel Andesit Berpola,,material,active,,2026-07-28T14:26:00.717Z,a0000000-0000-0000-0000-000000000001,2026-07-28T14:26:00.717Z,,m2
2c5f3e8b-481d-4aac-b640-70f71ef2116b,CIB-R0362,Batu Tempel Hitam Bakar,,material,active,,2026-07-28T14:26:00.762Z,a0000000-0000-0000-0000-000000000001,2026-07-28T14:26:00.762Z,,m2
59bb17cd-4dbe-4e2e-9b38-e13dacce4b0c,CIB-R0363,Wall Paper L.50 cm,,material,active,,2026-07-28T14:26:00.807Z,a0000000-0000-0000-0000-000000000001,2026-07-28T14:26:00.807Z,,m
d16d1c89-f69b-481d-868d-fa13537a539a,CIB-R0364,Perekat,,material,active,,2026-07-28T14:26:00.852Z,a0000000-0000-0000-0000-000000000001,2026-07-28T14:26:00.852Z,,kg
906fb9cc-1932-406b-bfb2-1f818e697154,CIB-R0365,Paving block Type Fullvape Natural 20x20 cm,,material,active,,2026-07-28T14:26:00.897Z,a0000000-0000-0000-0000-000000000001,2026-07-28T14:26:00.897Z,,buah
e5668f54-1767-4610-861a-c5d7f509138e,CIB-R0366,Paving block Type Fullvape Warna 20x 20 cm,,material,active,,2026-07-28T14:26:00.942Z,a0000000-0000-0000-0000-000000000001,2026-07-28T14:26:00.942Z,,buah
aa33e11e-984e-4890-89aa-058d8483db84,CIB-R0367,Paving block Type Segi Delapan 20 x 20,,material,active,,2026-07-28T14:26:00.987Z,a0000000-0000-0000-0000-000000000001,2026-07-28T14:26:00.987Z,,buah
73432aa8-2445-41e4-b966-7dd84fc30c42,CIB-R0368,Paving block Type Kubus 8 x 8,,material,active,,2026-07-28T14:26:01.033Z,a0000000-0000-0000-0000-000000000001,2026-07-28T14:26:01.033Z,,buah
85be9f31-379a-4c4a-8e4b-0f3b45a509a4,CIB-R0369,Paving block Pola Kubus t.6 cm Natural,,material,active,,2026-07-28T14:26:01.079Z,a0000000-0000-0000-0000-000000000001,2026-07-28T14:26:01.079Z,,buah
ffe2b53d-512c-4d00-93f7-682d7c0a4d48,CIB-R0370,Paving block Pola Kubus t.6 cm Warna,,material,active,,2026-07-28T14:26:01.124Z,a0000000-0000-0000-0000-000000000001,2026-07-28T14:26:01.124Z,,buah
0e64b4fc-9c5b-43f0-b834-02b73599aa4b,CIB-R0371,Kanstin,,material,active,,2026-07-28T14:26:01.169Z,a0000000-0000-0000-0000-000000000001,2026-07-28T14:26:01.169Z,,buah
3c7941e9-2389-4cbd-8018-11c18983de48,CIB-R0372,Upah Pasang,,labor,active,,2026-07-28T14:26:01.218Z,a0000000-0000-0000-0000-000000000001,2026-07-28T14:26:01.218Z,,ls
fc3b7bc4-4322-4601-b441-47eb0eec756c,CIB-R0373,"Paku Sekrup 3,5""",,material,active,,2026-07-28T14:26:01.286Z,a0000000-0000-0000-0000-000000000001,2026-07-28T14:26:01.286Z,,kg
189c80fd-0474-468c-a777-d4c83352e0ba,CIB-R0374,Granito 60/60 /6 bh,,material,active,,2026-07-28T14:26:01.331Z,a0000000-0000-0000-0000-000000000001,2026-07-28T14:26:01.331Z,,m2
c8cb1580-0870-4380-a0bc-4486d16b70da,CIB-R0377,Dempul Jadi WOOD FILER,,material,active,,2026-07-28T14:26:01.419Z,a0000000-0000-0000-0000-000000000001,2026-07-28T14:26:01.419Z,,kg
3d67f2db-5dd2-4c89-adf8-7dd202c65743,CIB-R0378,Minyak Cat /Thiner,,material,active,,2026-07-28T14:26:01.464Z,a0000000-0000-0000-0000-000000000001,2026-07-28T14:26:01.464Z,,kg
8a74e269-6cbf-4d95-a253-b02d5e004b05,CIB-R0379,Ampelas,,material,active,,2026-07-28T14:26:01.508Z,a0000000-0000-0000-0000-000000000001,2026-07-28T14:26:01.508Z,,lembar
93429805-90d3-483d-9084-b566cc72162f,CIB-R0380,Kepala Tukang Cat,,labor,active,,2026-07-28T14:26:01.567Z,a0000000-0000-0000-0000-000000000001,2026-07-28T14:26:01.567Z,,OH
65e720a7-d2ea-4778-9b32-bad5cd795091,CIB-R0381,Plamir,,material,active,,2026-07-28T14:26:01.616Z,a0000000-0000-0000-0000-000000000001,2026-07-28T14:26:01.616Z,,kg
3d21d39e-e74d-4586-8909-c2ed282e94d2,CIB-R0382,Cat Dasar,,material,active,,2026-07-28T14:26:01.661Z,a0000000-0000-0000-0000-000000000001,2026-07-28T14:26:01.661Z,,kg
fbb48882-792d-430d-bd02-684c401f9b61,CIB-R0383,Cat Penutup,,material,active,,2026-07-28T14:26:01.706Z,a0000000-0000-0000-0000-000000000001,2026-07-28T14:26:01.706Z,,kg
bfcced05-754e-47cb-bd7e-4bb71ba33623,CIB-R0384,Cat Meni,,material,active,,2026-07-28T14:26:01.752Z,a0000000-0000-0000-0000-000000000001,2026-07-28T14:26:01.752Z,,kg
aba67cad-efc3-49e2-b2f3-cf12b36f5793,CIB-R0385,Plamuur,,material,active,,2026-07-28T14:26:01.797Z,a0000000-0000-0000-0000-000000000001,2026-07-28T14:26:01.797Z,,kg
f659875f-0520-44a5-a875-702ce58c59cb,CIB-R0386,"Cat Penutup, 2x",,material,active,,2026-07-28T14:26:01.841Z,a0000000-0000-0000-0000-000000000001,2026-07-28T14:26:01.841Z,,kg
ce790879-442c-43b5-a9b8-b18a8d6fa6c7,CIB-R0387,Kwas,,material,active,,2026-07-28T14:26:01.886Z,a0000000-0000-0000-0000-000000000001,2026-07-28T14:26:01.886Z,,buah
7fd5ec29-5eb9-4c3b-ad42-131c7b7d884c,CIB-R0388,Minyak Cat /Thiner,,material,active,,2026-07-28T14:26:01.933Z,a0000000-0000-0000-0000-000000000001,2026-07-28T14:26:01.933Z,,liter
c2a8c425-418c-445e-8b23-5d8caf4206a9,CIB-R0389,"Cat Penutup, 3x",,material,active,,2026-07-28T14:26:01.977Z,a0000000-0000-0000-0000-000000000001,2026-07-28T14:26:01.977Z,,kg
21e2db0c-38da-4395-8c99-707eba9e80e0,CIB-R0391,Politur,,material,active,,2026-07-28T14:26:02.043Z,a0000000-0000-0000-0000-000000000001,2026-07-28T14:26:02.043Z,,liter
4716a627-55e3-410a-99b1-70cc271e9a49,CIB-R0392,Politur Jadi,,material,active,,2026-07-28T14:26:02.089Z,a0000000-0000-0000-0000-000000000001,2026-07-28T14:26:02.089Z,,liter
b289f555-e6c2-47e6-b275-3463dbe6bd35,CIB-R0393,Residu atau Ter,,material,active,,2026-07-28T14:26:02.134Z,a0000000-0000-0000-0000-000000000001,2026-07-28T14:26:02.134Z,,liter
3b93e82c-f7e0-4719-877a-596141831893,CIB-R0394,Dempul  ( wood filler Impra ),,material,active,,2026-07-28T14:26:02.180Z,a0000000-0000-0000-0000-000000000001,2026-07-28T14:26:02.180Z,,kg
4da14893-d917-46a7-ba1e-7b8a13ca60b7,CIB-R0395,Kuas,,material,active,,2026-07-28T14:26:02.225Z,a0000000-0000-0000-0000-000000000001,2026-07-28T14:26:02.225Z,,buah
cdb74569-e604-4f93-b488-fdc1ae35c4f3,CIB-R0399,Claim Melamic,,material,active,,2026-07-28T14:26:02.336Z,a0000000-0000-0000-0000-000000000001,2026-07-28T14:26:02.336Z,,kg
9697ec82-8b25-4d91-9e69-5b96b2020fac,CIB-R0400,Thiner,,material,active,,2026-07-28T14:26:02.380Z,a0000000-0000-0000-0000-000000000001,2026-07-28T14:26:02.380Z,,liter
40058d92-adfe-4adc-b314-2602a6ee8b51,CIB-R0401,Alat Bantu,,material,active,,2026-07-28T14:26:02.430Z,a0000000-0000-0000-0000-000000000001,2026-07-28T14:26:02.430Z,,ls
d524da98-77fa-4c8d-b297-604d73681891,CIB-R0402,Tukang Cat Semprot,,labor,active,,2026-07-28T14:26:02.475Z,a0000000-0000-0000-0000-000000000001,2026-07-28T14:26:02.475Z,,OH
3b4d9a71-35ed-4eae-bfb8-71db42e29700,CIB-R0403,"Cat ICI ExteriorPenutup, 2x",,material,active,,2026-07-28T14:26:02.519Z,a0000000-0000-0000-0000-000000000001,2026-07-28T14:26:02.519Z,,kg
79cdfeb2-f46d-403d-b96f-1f88583e34a0,CIB-R0404,Rool Cat,,material,active,,2026-07-28T14:26:02.564Z,a0000000-0000-0000-0000-000000000001,2026-07-28T14:26:02.564Z,,buah
7fb1add2-fc9b-4ffd-8499-a0a22c696df1,CIB-R0405,"Cat Penutup, 2x Ex- Catylack",,material,active,,2026-07-28T14:26:02.614Z,a0000000-0000-0000-0000-000000000001,2026-07-28T14:26:02.614Z,,kg
fe06718c-5356-4315-b345-5c45fa24ffd9,CIB-R0406,Cat Besi,,material,active,,2026-07-28T14:26:02.658Z,a0000000-0000-0000-0000-000000000001,2026-07-28T14:26:02.658Z,,kg
4ed220f9-c79e-4f9f-a779-97c9b9912e13,CIB-R0407,Kuas,,material,active,,2026-07-28T14:26:02.703Z,a0000000-0000-0000-0000-000000000001,2026-07-28T14:26:02.703Z,,kg
2f6d0b09-3760-4901-af04-0fae486b5113,CIB-R0408,Cat tembok ICI Interior,,material,active,,2026-07-28T14:26:02.748Z,a0000000-0000-0000-0000-000000000001,2026-07-28T14:26:02.748Z,,kg
a9948010-f2b5-4824-97ba-72f3c31e4990,CIB-R0409,Plamur tembok,,material,active,,2026-07-28T14:26:02.793Z,a0000000-0000-0000-0000-000000000001,2026-07-28T14:26:02.793Z,,kg
bf8cd695-d840-45d1-8ecc-c4fb6ea279cc,CIB-R0410,Rol Cat Tembok,,material,active,,2026-07-28T14:26:02.838Z,a0000000-0000-0000-0000-000000000001,2026-07-28T14:26:02.838Z,,buah
0ae6a9b2-14f9-46e5-9d0e-3ac09b19f231,CIB-R0411,Stegerwerk,,material,active,,2026-07-28T14:26:02.882Z,a0000000-0000-0000-0000-000000000001,2026-07-28T14:26:02.882Z,,ls
34a2d0de-1237-48b2-84f8-7de578d64442,CIB-R0412,Cat tembok Sanlex,,material,active,,2026-07-28T14:26:02.926Z,a0000000-0000-0000-0000-000000000001,2026-07-28T14:26:02.926Z,,kg
60fd0246-3f2e-4dae-9c58-6ee8a27e3fe1,CIB-R0413,Cat Dasar sealer water base,,material,active,,2026-07-28T14:26:02.970Z,a0000000-0000-0000-0000-000000000001,2026-07-28T14:26:02.970Z,,kg
1b29a6af-abe2-4fd1-83a1-79ad1003110f,CIB-R0414,"Cat Vinilex Penutup, 2x",,material,active,,2026-07-28T14:26:03.017Z,a0000000-0000-0000-0000-000000000001,2026-07-28T14:26:03.017Z,,kg
4595d4cf-5c9d-44c6-bcdd-946cfe4f78a7,CIB-R0415,"Cat Sanlex Penutup, 2x",,material,active,,2026-07-28T14:26:03.066Z,a0000000-0000-0000-0000-000000000001,2026-07-28T14:26:03.066Z,,kg
7c1ec6e9-0c25-4237-afa9-1c193309f1cd,CIB-R0416,"Cat ICI.Exterior Penutup, 2x",,material,active,,2026-07-28T14:26:03.120Z,a0000000-0000-0000-0000-000000000001,2026-07-28T14:26:03.120Z,,kg
416f90b2-bc8d-437e-a0b7-a710f90be152,CIB-R0417,Meni Besi Zincromate,,material,active,,2026-07-28T14:26:03.164Z,a0000000-0000-0000-0000-000000000001,2026-07-28T14:26:03.164Z,,kg
c5601465-f1a6-455e-8229-91f75aea7cc9,CIB-R0418,Kawat Kassa,,material,active,,2026-07-28T14:26:03.209Z,a0000000-0000-0000-0000-000000000001,2026-07-28T14:26:03.209Z,,m2
05a2bcc0-2b84-4ed5-affa-6ec80b496b02,CIB-R0419,Besi Plat,,labor,active,,2026-07-28T14:26:03.254Z,a0000000-0000-0000-0000-000000000001,2026-07-28T14:26:03.254Z,,kg
459afd0b-19c4-4a74-a323-6f3b1b8bf574,CIB-R0420,Armature TL 2X36W Type,,material,active,,2026-07-28T14:26:03.299Z,a0000000-0000-0000-0000-000000000001,2026-07-28T14:26:03.299Z,,unit
3c9e2154-1d90-491b-a388-89e0bd308a44,CIB-R0422,Armature TL 1X36 W,,material,active,,2026-07-28T14:26:03.366Z,a0000000-0000-0000-0000-000000000001,2026-07-28T14:26:03.366Z,,unit
41ce8a5d-a130-49e9-a6e0-d4367f4f4153,CIB-R0423,Beton Site Mix - K.250,,material,active,,2026-07-28T14:26:03.419Z,a0000000-0000-0000-0000-000000000001,2026-07-28T14:26:03.419Z,,m3
cc20b0cf-d2e0-41c2-9c6e-c51e0f297345,CIB-R0424,Besi Tulangan,,material,active,,2026-07-28T14:26:03.464Z,a0000000-0000-0000-0000-000000000001,2026-07-28T14:26:03.464Z,,kg
99a92d80-13b2-4aac-bc41-50174a4dc776,CIB-R0425,Papan Bekisting Ky.Albasi,,material,active,,2026-07-28T14:26:03.508Z,a0000000-0000-0000-0000-000000000001,2026-07-28T14:26:03.508Z,,m2
4b8dca72-1512-40d3-9aac-093728b37c8c,CIB-R0426,Beton Site Mix -K.250,,material,active,,2026-07-28T14:26:03.555Z,a0000000-0000-0000-0000-000000000001,2026-07-28T14:26:03.555Z,,m3
56f02365-1ecc-4c2b-8e29-6f1c993d5f7d,CIB-R0427,Beton Site Mix -175,,material,active,,2026-07-28T14:26:03.610Z,a0000000-0000-0000-0000-000000000001,2026-07-28T14:26:03.610Z,,m3
5181b235-88a4-49c3-8b68-a310c6d7db45,CIB-R0428,Papan Bekisting,,material,active,,2026-07-28T14:26:03.655Z,a0000000-0000-0000-0000-000000000001,2026-07-28T14:26:03.655Z,,m2
af7fa1b3-395f-4542-ae1a-1f3bef83eaed,CIB-R0429,Beton Site Mix -250,,material,active,,2026-07-28T14:26:03.702Z,a0000000-0000-0000-0000-000000000001,2026-07-28T14:26:03.702Z,,m3
2c3fe5cb-525d-4db1-94df-2a43e2d60e90,CIB-R0430,Papan Bekisting Ky.lokal alba,,material,active,,2026-07-28T14:26:03.746Z,a0000000-0000-0000-0000-000000000001,2026-07-28T14:26:03.746Z,,m2
8e237edb-50db-40cb-b4bd-51187e1bd3e7,CIB-R0431,Stoot Werk,,material,active,,2026-07-28T14:26:03.791Z,a0000000-0000-0000-0000-000000000001,2026-07-28T14:26:03.791Z,,m2
64fca508-594b-4147-a91d-e6c455f55c8d,CIB-R0432,Papan Bekisting Ky.Lokal 2,,material,active,,2026-07-28T14:26:03.837Z,a0000000-0000-0000-0000-000000000001,2026-07-28T14:26:03.837Z,,m2
e674e3a4-6f65-41d0-87f9-0eb524c305b9,CIB-R0433,Tukang Batu/Tembok,,labor,active,,2026-07-28T14:26:03.888Z,a0000000-0000-0000-0000-000000000001,2026-07-28T14:26:03.888Z,,OH
ba78a57e-5274-4328-a996-3356fb7a500b,CIB-R0434,Beton Site Mix -150,,material,active,,2026-07-28T14:26:03.932Z,a0000000-0000-0000-0000-000000000001,2026-07-28T14:26:03.932Z,,m3
92176fb8-bc21-452a-b250-0842bb0fc54a,CIB-R0435,Cuka bibit,,material,active,,2026-07-28T14:26:03.977Z,a0000000-0000-0000-0000-000000000001,2026-07-28T14:26:03.977Z,,liter
7334b50c-e039-402c-a323-1832c4d4b4ee,CIB-R0436,Palu/Godam,,equipment,active,,2026-07-28T14:26:04.022Z,a0000000-0000-0000-0000-000000000001,2026-07-28T14:26:04.022Z,,buah
334d8e33-3f20-4ad5-8777-8ce69478e32c,CIB-R0437,Gergaji Besi,,equipment,active,,2026-07-28T14:26:04.073Z,a0000000-0000-0000-0000-000000000001,2026-07-28T14:26:04.073Z,,buah
3e8b9fff-42a8-468a-876b-03791a7192fd,CIB-R0438,Pahat Beton,,equipment,active,,2026-07-28T14:26:04.121Z,a0000000-0000-0000-0000-000000000001,2026-07-28T14:26:04.121Z,,buah
